source,target
3568,383
4812,2924
11775,5524
2926,916
732,5925
3380,1086
9887,3635
4025,4042
11093,9102
11244,18131
2294,3857
15251,9175
8147,2206
282,212
9810,9804
92,88
818,4164
2406,99
4768,5254
157,2203
1530,428
5270,6404
2686,116
16930,7857
5091,1743
6670,12868
722,7839
18409,12170
13306,2995
2729,4135
7,165
13631,18778
4882,15340
4915,4900
168,5186
1219,5612
1799,8173
4657,4110
10663,17977
5658,2729
1052,22
12418,3472
3877,7153
12029,2199
15520,9191
15522,5100
16815,9223
5570,7985
2638,2677
4298,14730
4685,15176
1110,1131
11467,15678
5265,933
958,7153
11708,12357
6665,3233
1216,3247
2866,60
13,1269
1090,664
2110,1245
800,7506
3057,13399
15140,19119
6419,733
16021,14438
2274,3339
4813,12328
2831,224
4155,12328
4305,9643
19844,19136
4282,3243
15,2
3814,923
14842,10013
5061,2981
4297,1831
195,1101
3030,60
1913,300
18146,11894
2186,11978
4216,14674
2365,609
3318,4664
6649,3265
733,403
14583,6527
7661,7146
1887,18
5130,2936
11133,3508
825,3375
6105,10722
269,6126
2301,2287
3312,3314
5299,5374
1909,7132
402,239
233,2682
9772,2075
243,5844
11762,5372
98,13
2264,126
9784,4529
1100,5650
3378,6004
9,695
537,7230
231,542
19089,15015
5545,303
5278,6375
567,2154
204,2102
752,7569
7476,16791
10749,1424
1079,4022
753,65
1780,3315
1105,3900
13058,4474
3925,107
3906,4029
303,768
7147,6120
4019,3906
1225,60
4005,4008
10478,1311
567,60
1480,4716
3169,13535
9802,9807
246,1173
1359,10613
390,363
2255,548
1453,3078
12841,6287
86,137
783,65
979,943
158,13
4258,108
6518,9682
13972,3474
6549,6551
2168,2242
4131,7880
253,250
11638,3750
5128,15425
6686,406
14729,9280
10520,16597
288,244
725,245
8608,8672
356,2068
12876,14767
1694,3490
2527,81
2620,272
56,86
9751,5654
5258,15656
6871,536
3883,14352
1316,10485
8649,8646
16020,17679
15288,15286
853,3813
1109,7940
1532,8797
2539,2535
2260,868
720,251
701,9
753,199
10117,10326
4042,4024
9873,5270
7101,8353
5375,376
10327,1276
10394,8914
16677,16673
1543,1227
18383,12075
1107,4080
3261,426
542,137
8859,912
9380,4556
1310,7822
2432,2264
732,3644
940,2627
2855,2367
11425,1898
11483,5286
2032,2330
884,251
1911,4255
2353,4600
39,2145
3979,827
15715,5308
11976,2186
534,2124
6437,6444
6525,2127
7187,526
8522,8847
19659,18661
8298,2723
5165,165
7637,3206
1663,5092
2764,909
4010,1079
4774,2229
11523,6755
5138,5135
730,723
2627,12689
9054,3231
124,913
5252,14282
144,4763
340,6395
13,1082
1933,1920
17764,10124
14644,11935
262,2540
816,3126
919,595
2084,2089
8130,7461
1278,10327
1459,6201
2557,57
10387,11102
5841,2784
8529,8863
1292,10410
10435,9803
13444,18741
2178,6827
3642,252
4602,2280
5359,2451
2363,12242
18732,14837
7170,3339
272,1134
17796,10197
2359,1920
2400,1921
4487,2707
5127,2101
22,1925
4664,125
696,149
2537,3912
2091,2105
12263,2377
1844,11273
17,800
96,1093
3033,5247
18125,18185
6217,6804
4534,1183
943,965
1794,17
10343,15475
784,154
4450,10345
7409,4644
7,462
497,2541
5332,2102
8152,753
922,1027
9026,5481
9303,6513
1126,6684
3234,4375
5453,9976
1301,7439
6826,1785
11129,4491
6440,6445
14121,3626
12601,16493
497,3480
798,2654
9404,1088
2150,3974
1527,4749
959,5231
262,6057
2196,1875
3632,10248
1086,88
1824,17
2104,2286
846,8737
2174,11915
4000,94
2901,13183
7287,7256
2810,233
5270,8929
5724,239
4452,2820
3492,1758
780,920
1081,94
1912,22
2634,3390
8212,780
2384,2461
15199,4720
1854,17
2532,3113
436,4493
6462,353
1781,11058
1019,155
4376,731
12,1
826,514
5375,1933
1849,7028
6107,1293
80,135
9642,14973
3388,13836
17216,16229
272,2557
165,1936
6372,10609
115,129
268,371
13478,3129
1377,10601
15018,4500
6,371
3342,70
362,6
4049,3904
1308,6300
8104,8952
8534,8536
12142,12141
15764,8262
5511,1420
1443,5936
2529,721
10555,13398
10723,15426
17287,19263
7260,1622
4273,579
11325,11330
3508,2210
770,8287
522,4021
10032,6648
6201,6189
2737,8190
3169,3683
2252,39
3398,1291
3945,3904
433,7
6243,16214
1384,6645
10559,2378
11164,8379
6569,16384
15368,19185
4749,15218
16948,16949
733,2928
406,2533
4055,2729
12591,2676
5483,661
1071,9339
6035,1174
300,3800
9804,9800
1396,239
3429,3206
2729,1317
15122,4607
628,2353
13845,3838
6730,7068
8855,4928
6711,410
6917,13310
9063,905
9438,3034
2154,39
411,783
11970,2184
8924,6196
10720,4524
1933,4766
923,931
5092,631
13426,3073
2705,1081
1005,2461
1237,10166
1316,3077
1763,5486
6390,2654
19529,19532
1663,1872
3038,732
1250,13
3901,1107
4369,1175
6786,4317
592,13
1089,819
2261,1040
10216,17449
2274,9381
10154,10155
12898,18610
5371,204
2838,4993
725,542
2184,39
1993,471
157,1024
4596,585
11739,11454
631,126
13582,3212
14349,3879
3354,11676
2931,4403
15176,15177
1107,4027
185,39
9739,4436
10763,1753
2198,876
5458,5461
4255,3675
5465,216
13813,7282
542,2528
2655,563
1325,722
9088,911
17892,10472
3327,8540
8929,8768
94,4058
3186,199
4574,7592
818,891
2148,2452
11026,1574
8021,3143
526,2934
5192,7412
9262,17464
4025,1119
12051,8134
840,2343
33,557
1332,2051
3252,2889
1311,1174
4924,5877
15509,17084
1514,1533
13213,2914
10833,10951
18918,14409
7299,7295
212,5403
19074,19086
8123,2080
19994,19995
826,1132
3486,1780
8357,998
12229,11065
56,2611
9,321
998,835
246,5926
327,630
7407,597
8532,7388
7529,2280
1107,3222
5431,581
2838,5127
3232,1082
7347,10345
324,332
1840,363
8142,4200
585,2359
9868,9114
17786,10180
8624,11299
4068,3983
3235,8146
556,7256
5016,1278
6571,4647
5573,6299
5268,12079
7068,5453
17761,10123
1304,733
5978,13932
187,219
825,8612
7835,7840
10389,17861
2542,231
6019,5073
7722,3210
10824,8929
5430,5432
6399,2850
5975,7218
5058,2820
10206,3632
18786,13677
7872,3908
3746,2592
3999,4004
9349,3422
2188,2335
9087,14564
4328,8609
517,2201
7833,947
6062,6059
9803,1148
18133,19686
885,907
4114,3927
217,219
4375,10118
5430,3338
4757,3804
901,97
3127,4425
6670,1219
18,9
167,1041
7204,1126
2639,8808
10507,10511
9105,9104
8494,814
10414,12040
7852,5511
3996,4056
4581,545
3378,9147
17977,10663
14672,4615
1373,10645
1141,688
163,1272
2563,303
2167,303
4008,4066
3065,1453
6060,7275
840,733
234,923
574,7407
5252,15652
2859,2516
9598,12770
2382,9532
1126,1504
80,2176
1604,2068
1993,1089
10344,10116
1122,4768
1261,5112
13394,13393
1882,2012
7119,7969
376,225
5298,4858
2528,5570
2577,12602
2729,1130
273,6139
80,82
4787,2841
878,62
4114,4061
1540,2433
7357,563
1082,1555
354,62
1345,4409
9941,8571
3941,1100
255,56
783,6591
4207,1219
12601,12602
5457,4514
2804,2593
3632,3913
2242,611
5254,11510
693,4604
115,426
5565,7430
3067,2414
367,647
6302,15802
4140,4319
1096,2742
2913,1947
10346,1278
1137,6715
11889,2166
3222,2702
7007,3725
856,57
5728,15715
238,1176
6544,2503
976,5077
5121,219
262,72
2338,7085
4133,115
4570,116
11337,1838
5476,12461
72,3358
5053,1024
631,878
2245,2198
12539,6597
3580,3349
548,7259
751,5898
5880,244
4987,404
9195,2284
18379,12066
14723,4283
394,376
16887,7733
493,355
2516,12460
116,4569
5078,6157
7146,6893
931,7936
1755,469
373,438
411,730
2011,2152
10130,1222
3426,7204
403,88
4109,818
6252,16223
564,7361
442,16
39,2255
8621,7273
11534,1951
1090,237
1131,238
971,2989
9264,3178
3933,3221
5363,1980
1254,79
2979,13281
5911,1785
954,4513
7292,16675
866,2414
16435,6646
8111,8110
3772,85
5869,7975
246,2706
1029,900
5466,388
13,1192
2442,8323
909,17
2707,3144
3545,79
10561,4949
3904,2641
1075,9354
3472,732
1679,1921
5368,230
14989,10013
94,4005
25,1956
3158,2262
1100,3934
2437,2502
5069,7518
19208,15465
3907,4043
72,459
5646,5809
9784,6196
1248,10221
2924,5249
2655,860
11786,2148
5421,214
2365,6948
9875,8943
2537,4022
13707,3396
6157,282
18565,12740
618,376
1540,2112
14,1393
1275,2595
7,222
3240,732
1130,3934
753,8148
1219,5669
2549,60
12752,2651
1339,1075
1149,9811
1151,4222
10724,8861
597,438
3164,5059
17,1849
2665,1174
11459,1911
60,233
5187,168
9271,10118
11938,18353
4240,4229
664,5043
640,2205
1142,9771
9781,15323
1257,10283
13,1326
4865,1056
1100,9545
4,274
1036,7840
167,5176
3897,8212
731,1542
2975,60
5137,5127
11758,8744
3490,3135
1112,5583
2101,5131
9412,1089
2149,1415
1751,11168
10326,11043
11145,11146
94,1106
262,690
642,157
4138,1077
3255,2679
18922,14424
2262,8647
2723,5824
8038,6776
11634,4894
1076,6276
3005,60
2366,10690
2743,60
4131,13869
10740,1419
246,1096
10418,1368
728,116
72,943
1173,732
1993,2191
787,696
2507,8828
169,1815
7122,509
9823,1158
19363,16237
2952,7000
581,39
7403,6386
4414,4516
976,568
4708,267
6452,8793
1096,5588
81,655
1316,3642
1075,8683
5898,2757
16997,8115
1221,3782
10591,6372
2425,5204
1052,563
4475,14968
2729,5615
303,2919
1029,579
6053,3799
2338,3515
3109,3392
14987,19068
1111,1143
495,7061
624,2745
1116,9623
3974,2150
1269,39
1415,1554
1019,5526
167,2277
1220,1086
5552,8886
5810,4980
225,3
3784,14269
19749,18501
469,363
1136,6276
262,824
3883,2382
2186,8197
3900,107
5642,14414
1291,4120
6134,8460
1253,1384
2438,12390
542,60
4131,1171
280,60
2233,846
2634,1190
15488,5067
3686,8634
2411,2838
5561,5565
4033,4019
5662,5617
225,1292
39,2068
2126,1888
2269,1442
5044,5046
4010,4035
3426,3984
1110,3900
8612,2836
654,651
3259,5564
46,14
4891,2737
3996,1104
6396,2579
17922,14420
2679,12802
7048,1044
19802,19801
403,251
1569,11015
2834,847
917,472
3147,6262
7295,7337
96,2760
9339,1071
3915,1115
730,8001
4782,2952
1929,1909
57,553
0,19
1540,636
2601,9886
5182,10241
14889,19044
39,913
1818,580
9579,9576
2256,3435
10986,6631
2051,559
683,426
572,595
204,199
2308,2844
3930,4025
126,508
7703,7697
253,2535
6610,8523
1321,10512
12771,18571
428,846
116,1483
87,553
3060,5862
1148,9803
8744,17234
11334,1837
236,87
15502,10734
2386,4605
39,2202
11955,7782
548,2079
6649,3940
869,939
1110,4034
4339,7054
10824,3428
5041,156
19791,18837
694,7731
732,8023
17309,16017
816,2244
4114,7875
2619,2305
5394,9319
155,2535
10374,5851
5108,13651
11247,8634
13,1139
15050,19096
15973,5781
5672,403
4,87
9100,17404
11000,1560
565,154
924,9132
303,154
1141,1253
3701,731
55,52
437,154
428,5518
9103,1837
10308,4450
2852,971
14268,3784
5621,4006
8625,8628
11758,5524
9810,9808
4509,12726
6006,6291
3222,3133
9342,1072
6411,13924
1746,9856
16453,16567
406,2911
722,7843
44,2495
321,329
374,6571
5713,3945
8027,3956
18837,19791
2590,3041
4097,4272
5131,2277
18124,11224
1459,5103
4036,3996
7239,16183
2729,1106
124,165
4038,4042
60,2624
13425,13429
3958,1080
5620,3380
16012,5870
8169,8361
6990,553
3368,1214
403,3902
4066,3996
6320,3202
4085,1794
6209,16203
14599,4247
18695,13268
12749,2650
6384,10542
495,458
17549,9572
1119,2537
2199,12029
6776,974
57,232
4993,7015
9972,14434
1925,4852
8157,780
39,592
10069,17750
1799,17
6404,15331
4463,7200
476,566
2289,2281
818,1269
2158,9934
15781,19277
2533,2641
18702,13284
10872,1485
7147,513
5810,2699
14455,13893
87,232
2659,5197
8913,884
2920,4972
4788,15254
2193,6895
15252,4788
2765,12948
2213,3575
7294,7329
9525,11247
243,5848
6189,5886
2180,1183
4016,1384
5103,4685
10312,1269
3365,6527
15554,5126
165,1993
1290,2368
7689,688
3366,9381
13299,12111
2740,59
2191,783
15012,19072
7029,4779
9,699
537,7234
17151,17739
1623,11064
75,6
11454,18213
4782,2765
6229,939
7681,3429
2636,4058
1219,4006
4651,13801
1105,3904
4061,4136
4550,163
2013,6496
10631,10417
2557,732
4005,4012
431,3401
5665,3233
9668,12063
2261,11701
13543,3180
12381,5367
1965,39
2558,553
12456,2508
19541,17371
2370,1256
11005,11008
5348,4465
878,3339
303,5094
13090,7749
783,69
361,2066
158,17
19231,15610
4782,4993
176,2286
2727,10346
5081,1088
3276,954
4475,1278
10774,1434
595,3401
5249,672
6727,411
80,3709
2532,1210
8612,8610
1272,2862
2199,4942
2588,553
88,1126
1817,4648
6995,6992
56,90
914,121
8415,17114
17,1825
8649,8650
10220,2164
2620,3659
1085,3386
6730,8414
11367,6270
1176,2750
4399,9927
937,8591
20,29
1219,1107
4426,4368
233,1076
13412,13411
13283,10557
752,1641
1924,1862
2163,158
7302,7300
2861,2940
4222,6066
2066,225
9244,5453
1792,5880
15697,11149
171,1137
14871,9875
2354,4829
6048,3482
10347,17558
2412,1801
731,13
39,2149
718,717
3999,3927
7810,10335
3916,12560
12223,11681
881,6373
626,7544
7632,11726
6153,273
4000,1119
5128,15563
65,337
3229,2962
11441,4475
4321,7361
5307,976
15815,15692
728,92
2340,585
3255,7566
3919,5102
19240,15648
4,34
2084,2093
19198,15422
790,1909
993,548
1278,10331
3269,267
19985,19939
6835,428
18524,13199
6631,10986
17802,19630
1123,9639
4783,7018
10387,1657
77,3141
688,851
10435,9807
8972,6404
2747,2787
3115,7155
3394,154
2330,5882
816,3480
8901,1276
1285,8654
14,348
5289,181
11813,2145
2632,3214
22,1929
374,6518
2368,3141
3039,1094
1077,3228
1053,2642
4731,4734
2981,5061
5309,4216
14018,12951
689,2365
19179,19852
432,457
578,282
39,1694
10415,10629
80,5
4247,1130
3374,13808
3925,1079
4525,13152
6666,403
62,2617
2359,3213
1485,205
2850,12310
595,636
975,857
5369,5371
7810,4403
12410,3782
6440,6449
1480,3244
339,2336
2911,3137
7254,546
8178,3109
745,580
459,3192
4747,140
2190,5097
8583,17158
13840,3388
15192,4708
8395,17107
2619,9152
4689,135
3102,7808
4241,5637
3222,5658
1765,380
3088,3214
8647,2806
9013,14988
10343,10352
15584,11355
752,4353
2901,13187
3675,8609
3214,5016
6115,2343
7837,722
3483,11068
768,8269
5197,7142
993,4415
3034,884
3144,2742
16500,11741
900,5944
5339,5505
1672,11119
3721,13865
11904,12196
116,1109
4615,721
3235,6243
4387,14857
84,1571
12,5
15044,4786
4206,7871
8863,8823
7005,2447
4114,4118
4540,15072
62,2751
363,1925
16844,7959
80,3522
701,1920
7392,614
13116,13105
13381,9616
1223,10138
3701,3390
2178,2188
3847,2461
12996,17884
1668,8502
14937,6013
3588,13312
4032,3904
9816,16446
1317,1105
2507,12455
1182,9548
2502,1531
2557,12572
876,3614
3658,1219
4006,239
5647,5634
3429,1921
2706,772
5662,250
939,930
3919,5720
1131,1100
19926,19977
2378,11294
2894,8178
12593,2568
7686,687
7045,12934
4648,15140
10151,3311
15009,19071
1085,4138
3141,1639
4786,4524
2659,4339
121,4620
2148,1383
9266,1642
415,6787
8082,4070
5115,15545
14807,15180
982,9086
12605,2578
19648,17939
7739,698
11581,2255
11856,3214
70,3342
1085,1105
3146,13502
4163,8682
2251,5453
4025,4022
2621,4986
8555,3701
2208,2373
227,2013
562,17
2146,11294
4412,10325
2101,3415
6741,15532
1337,13
3360,2292
2852,2825
44,27
620,7542
5727,5347
2647,4113
3770,14241
6570,374
8454,801
8672,8608
1115,1105
4852,394
10308,3271
1459,2635
4575,116
4144,13893
13105,4190
364,382
3509,2011
2060,7928
2967,4468
14916,12440
12903,2743
2911,13204
592,17
2658,12758
11230,1782
9986,4159
1106,238
5273,5527
14161,3647
1367,13
1666,4776
5049,157
250,253
1105,13
9461,17520
1120,1075
13,1249
3943,3407
14283,16095
2301,39
8457,2361
3266,721
4207,2699
13123,2867
542,2532
239,2723
1192,9996
3315,9473
94,4062
8901,17304
8227,2084
1116,552
622,17
911,4092
7351,9583
4207,3638
3701,1780
6977,482
631,4452
4014,3997
18351,11929
1135,13
11718,2071
12552,18512
6178,277
2084,6578
69,218
227,5530
12608,2579
6152,2439
6260,10640
4001,3920
92,1141
403,2723
1129,1137
1345,10561
17064,19490
29,38
56,2615
5140,5132
6451,2479
9708,1131
9,325
1143,254
1165,13
1299,13
2920,60
8146,16216
5001,7417
3428,10824
1933,5254
8850,1285
615,5238
6573,375
255,731
13834,3386
251,3241
1290,6316
7840,7249
4283,14721
1219,3632
5135,5138
238,3945
374,5526
6893,7146
4121,10229
563,2015
4768,7596
5052,939
8930,2153
1091,6106
825,8616
6406,2305
10625,1368
9096,17125
5917,3080
2639,3551
15872,5569
581,5223
9898,9899
3222,3377
1921,1056
1459,10824
427,60
834,4356
922,39
2405,122
3798,14275
8624,8620
12248,2370
3395,6688
1293,2426
4959,6201
3608,7735
2098,1133
3412,4413
246,1153
1502,2011
5815,15985
1077,1081
3083,939
4017,3998
402,3386
2638,5958
375,4192
4252,108
55,2524
17618,9795
7921,3400
1083,9382
1131,3946
3173,6467
7295,16709
3426,1463
2588,1118
1385,9720
19769,18675
4012,4004
9918,17475
8934,6193
56,655
303,2976
14413,11683
542,5244
5366,15758
5500,11786
4666,3481
65,1118
5192,15605
16357,6499
512,6533
13278,18699
12664,14864
8934,3160
9875,4946
8173,2281
403,1113
998,4706
14958,10436
631,7164
571,697
17625,9811
18026,10909
3339,878
7007,4534
3435,586
460,866
4529,9784
4042,4004
16734,19439
241,4
79,1174
273,6143
19092,15026
14443,5267
80,86
9692,10315
3906,1110
2710,303
406,2700
3957,10497
3551,2639
1126,9213
2685,246
6954,1116
1265,10311
4006,5663
8347,4689
16,1764
255,60
329,9
4312,2737
2361,1088
10093,1210
3429,929
8343,783
8021,732
60,3002
187,5029
10968,9546
3674,10559
768,56
9,4
566,5025
5788,5786
3078,2577
1586,1442
4086,4087
7308,12352
10407,10418
11637,3639
219,1719
2734,6150
585,2042
84,3746
115,3813
9108,9109
15882,5586
3912,3907
1921,385
2504,6627
6489,356
3897,14364
8548,1538
1141,1176
2576,87
72,3362
863,4615
3129,10062
3382,4092
3628,1115
6689,8523
3349,1700
6699,2795
14078,18859
431,262
16,20
1236,1221
2633,4004
4675,5771
2588,2541
6542,367
3928,4036
10067,2217
356,88
6619,587
545,549
116,4573
6201,9873
4403,14882
10387,8988
10630,2330
16710,7286
15889,5602
113,4275
4578,2805
11522,1945
156,2659
2291,453
5727,1322
2855,2481
5453,2251
7554,1215
1227,10153
11483,18232
12602,2577
8336,2190
4580,6823
4115,14600
5354,1491
8929,9874
10943,1514
39,2259
9801,9803
4194,2815
3091,2199
11310,2439
1819,4780
4615,2091
250,3233
17440,9202
6908,16531
17596,9715
774,8306
7125,1482
19531,19529
13,257
3273,13732
6357,3596
1002,1525
11594,3137
4011,4047
5828,4006
3169,12628
631,77
11252,3373
13,1196
39,165
3912,4041
4846,4848
10560,1345
5270,14975
4310,115
3095,3230
4198,840
5588,732
1794,1875
2742,5586
94,4009
4683,131
5183,6870
14564,9087
85,2203
13593,4426
16219,6244
219,2203
998,8357
5170,1912
3907,4047
72,463
4041,4047
6059,1256
37,442
4200,14657
226,149
5377,8806
6373,7081
1915,300
8852,8849
6464,6445
1077,3927
19039,14879
751,6386
522,2362
14414,4016
3944,1081
8935,1155
1848,17
11034,4210
956,2819
5171,13252
906,258
10195,9302
2241,2163
818,2131
6788,1257
5091,2154
4497,15001
5392,3048
552,3143
913,2368
1107,5617
7294,7252
3675,13846
2841,4787
10308,10118
38,2141
1105,94
103,284
600,7506
4222,1183
371,1792
402,1105
7840,780
1804,68
1384,2892
4,278
3746,7081
4644,1815
11869,2163
3264,6583
974,4714
8284,7587
10280,9009
2083,2112
5383,2154
11090,1644
3932,10654
1446,737
2609,1404
9531,4949
11582,8522
8524,4795
167,2147
10308,8024
1106,4052
158,5067
4375,5747
8659,8403
94,1110
106,181
2771,1173
11439,7655
6404,8972
7729,1299
9942,1258
427,7
1910,90
607,7522
242,2671
698,3476
1967,2287
2363,3041
33,53
866,808
721,7809
4131,13873
6246,2155
15631,9187
4306,4048
7969,5108
2002,29
8823,17263
3275,1056
10116,2727
3920,4012
6533,6534
6042,16096
6583,1925
237,233
7821,2177
1174,1311
6389,339
11117,4729
6583,5308
1569,1086
3945,2729
6059,6062
765,7707
13361,6630
11489,5274
155,2271
12065,2209
4656,7436
14929,14930
160,5089
253,1116
5216,11974
60,721
2890,60
774,64
3981,3325
5515,1653
3722,7006
2638,3222
9360,7645
11604,1999
1117,403
39,783
6295,303
6647,4138
10829,8769
3240,65
158,2168
1945,11522
1510,2734
4214,10070
9619,1116
23,1943
40,1358
1194,219
356,840
6269,16236
8561,1182
19880,19338
1672,2503
7132,16611
1119,4017
838,8693
69,783
17,593
7871,4118
154,5028
801,2395
94,2533
8512,1670
5167,165
7293,7295
4450,1278
243,3006
1612,5993
549,80
22,563
6924,14753
154,2934
7721,5463
15465,19208
4942,4369
752,1348
3009,11405
6872,3451
0,23
1446,10804
2224,1272
12552,4501
730,4972
544,86
7861,8102
2161,169
1801,10214
60,1205
9738,7358
53,34
476,891
2007,6118
572,599
6139,11386
8908,2178
2593,12631
19081,19082
4253,11852
2309,40
5129,2101
3377,4045
1314,5373
9875,15176
13230,10953
2537,10255
18402,19733
171,1194
467,24
8496,17136
917,9120
14,1210
5676,5653
1011,2339
39,2206
1040,825
2191,169
2220,5071
3925,4035
1110,4038
3384,13510
631,5501
8625,927
1622,7596
6300,5453
4001,4030
2368,7386
2795,6699
732,8027
7552,8821
5267,1634
15998,5842
526,954
2343,159
237,851
2164,6832
8408,6527
12594,7894
13,1143
5223,581
374,5286
9,435
3777,3763
243,107
6053,3482
9306,17476
16968,7999
879,1257
4455,14938
159,379
5635,3908
3169,6509
2035,4328
1622,8885
8143,752
2699,1110
7289,7256
2838,2208
9780,4685
5781,15976
900,8900
399,6632
944,9172
3534,1911
929,970
7247,1368
44,2499
2096,8926
1764,1771
4004,1079
19074,15012
158,2786
799,8444
2535,2557
6804,4181
18224,18225
4032,94
6420,3252
2077,3399
2729,1110
18004,11311
821,97
1077,4224
3482,6043
2792,5596
16654,16453
7539,614
10124,7504
1278,9583
19342,16116
237,3429
6679,3139
4084,2886
10116,9306
4034,1079
9918,4403
2192,3507
2755,237
15294,9206
4465,1265
2197,2161
5559,6491
122,1412
4062,94
3,0
13,688
144,1925
11206,1766
18131,11244
4904,14144
11955,9209
1086,2593
9720,1385
5179,10407
3477,6988
2439,11493
2427,3754
19959,19848
6105,8852
11284,1807
9408,15793
2934,2804
5131,1476
6167,870
246,108
394,6
2580,9631
3222,238
4319,2729
33,0
5638,3909
1882,2126
3074,3723
16792,7476
4858,4700
8686,6359
87,236
171,873
2248,3415
3686,2035
169,4210
563,165
1163,5822
2729,1244
3233,3221
6992,6995
7076,1216
395,1520
7506,800
7170,851
4155,10592
88,57
6287,12841
14584,4104
14909,4426
3580,14067
521,3322
5106,15540
646,2270
14720,11320
842,3148
954,171
13865,4390
19081,17606
7029,4783
9,703
826,925
927,4949
4122,2723
8647,8474
22,376
9096,3382
2640,3996
1919,3482
2657,3411
4216,106
1036,920
6370,2114
3632,4027
17637,17636
11703,6089
1040,1793
3724,6999
8258,8140
9780,13813
3311,5140
10110,2613
889,8979
3912,4017
11388,3984
507,17
250,1115
3638,250
13483,3133
57,720
3933,1107
15428,4967
11353,8312
1174,6869
1902,5356
4650,1687
5503,3818
181,3415
303,1126
301,299
4000,4022
268,2071
13346,3020
238,5612
9302,12094
2275,7035
10838,15975
3801,3812
4781,7970
9805,10436
760,1752
137,2527
851,1116
6441,6437
80,3713
1312,13
10348,2727
821,3159
18236,11498
3962,14468
3080,265
3632,3222
4649,122
11247,2035
7744,698
9669,1126
13227,2924
2246,39
2640,4130
16110,6061
3648,722
891,9001
5616,2540
17,1829
3422,7549
8929,17339
9583,9461
5964,16055
17475,9306
6639,2638
651,654
1262,2528
1212,721
3080,615
7290,7294
3176,5049
251,720
1342,13
13,1306
1080,13
858,1132
3038,1143
3500,14006
2442,12409
3428,5270
1914,3622
6112,6504
9811,10227
14882,4403
5131,5127
3646,245
721,80
6810,426
2276,39
1863,4596
4893,4023
287,1316
689,7712
839,4273
1376,6198
3920,2699
3975,2406
5052,1801
1118,655
5153,163
9576,9579
1866,5244
6752,10220
7874,7880
71,3354
766,5865
15208,16065
6373,7191
1110,13
910,891
1244,13
4700,10394
486,6979
1921,1918
751,80
2867,8212
6331,549
7079,5138
15673,17333
4969,4368
1459,5270
5533,10368
8924,16190
13456,3110
825,3412
1109,727
441,39
303,2549
4859,2695
5423,11893
5617,14388
1278,10335
4253,3639
8183,879
1274,13
752,840
2197,5357
10631,6717
3398,4064
13664,12831
2899,179
3365,1672
1866,1056
1107,250
1286,2467
1907,11445
7499,597
1177,9879
16653,18084
11999,18369
10347,10341
12042,2201
11278,1805
10118,11043
607,866
6114,268
17067,8275
835,2945
19157,19158
52,55
866,568
1170,9839
1239,1308
3592,14079
14054,3567
1323,255
8157,947
543,2544
10665,4207
3378,10363
6174,6176
730,2370
1766,1764
12622,5112
16637,19429
753,1041
10837,1466
4056,4010
59,1384
2693,4783
6015,15164
19148,15258
8971,5782
9392,1086
125,691
290,4
730,6692
818,2375
126,1293
3476,698
10024,3248
4100,2777
1491,374
435,358
2819,3552
3373,11308
1131,4003
3632,10256
272,337
5112,242
10466,5286
6397,340
10619,1364
497,455
3322,3614
2062,11682
244,9
15059,4533
1121,282
7156,16607
1100,3377
10272,1256
11891,2166
3467,3214
4239,4225
4244,12705
438,6641
3657,2557
176,225
9149,927
1726,1560
14509,13141
588,169
5841,243
6316,1290
5371,4266
1780,3486
579,2335
584,3433
2274,611
2500,12443
3746,5231
239,3398
12,9
1755,3429
10756,13504
4867,3420
7239,15679
402,2638
3084,3045
7081,2261
1470,6451
3330,68
14843,19029
3918,238
9563,1102
7794,7795
2071,4574
3222,3918
2176,426
8620,14704
17655,9868
752,6585
10836,11928
3615,3620
13676,13675
7649,5347
39,2182
6183,4679
825,7063
2766,2362
4018,4010
8359,784
1110,4014
17154,8539
8312,9074
12741,3783
402,3927
3057,67
3910,3918
16719,16720
169,2413
563,2340
8734,846
945,190
6359,3565
17243,8769
13,1119
6073,7143
858,945
15720,5315
1107,3901
2958,13270
458,3455
3514,4857
3913,402
1547,1921
3589,14076
5776,4678
3634,2707
19447,16721
5371,428
2361,12233
9051,903
6996,7010
1547,2860
2667,2891
29,2002
3429,3214
158,2412
11770,2131
3516,1116
11007,11005
15842,11320
3426,6326
5432,8436
3656,1126
1080,1115
5,103
4829,4201
9032,1011
7,149
8759,852
1104,2640
1687,11134
9846,4907
1439,5370
1272,2224
1819,4837
4032,4042
5329,1491
957,900
4706,2266
5864,337
36,2018
9026,8551
9372,2772
374,2013
8818,8787
3176,1024
9301,1027
13,1253
1926,11500
9603,15887
3908,2636
2989,4581
7292,7287
7634,16850
9012,9003
303,268
7493,595
11314,5247
16644,7231
94,4066
15914,5665
5178,167
1277,1413
5457,15797
13339,4566
18430,12226
574,1670
106,104
3996,2641
7287,7293
8798,6980
1117,1131
2707,1111
10874,7577
356,3662
4884,15346
5128,5126
1193,1126
10565,1345
7299,7303
8518,17139
1345,10565
7013,4465
4819,5310
3766,85
108,1089
2028,1173
3919,1081
4829,3746
5254,512
5564,3212
56,2619
2912,173
5581,2627
5674,5824
1554,1290
9,329
1970,11556
4026,2641
17577,9664
1161,2527
6193,16188
1835,11331
14669,8914
3996,3930
14854,14329
2294,8647
387,6516
6783,1909
6870,2063
1920,300
2641,4032
3133,522
7422,1078
1792,1054
2219,367
374,5530
5135,5142
219,1455
4457,3766
7034,2659
5912,1801
731,8019
15860,5563
1223,1311
958,1794
115,1105
1104,4063
10336,14825
3397,753
2729,65
4026,3930
688,1152
1056,2302
5010,4100
19959,19958
10326,4688
732,3144
1174,79
11521,13938
5231,3510
13376,3047
1459,10828
16672,9763
776,972
2541,4151
397,387
2780,6419
3857,5060
273,6013
3902,107
39,1645
1384,10654
14225,3746
17774,10154
12888,2734
1077,1085
4826,199
6420,16328
3628,2729
272,5761
5923,246
6036,5785
6218,9963
239,1117
485,392
1672,3365
2422,4617
2969,60
467,752
1105,2729
2727,10326
3932,107
8048,735
4396,11353
14983,4485
69,1645
187,1866
376,4771
3311,13760
5029,154
10751,1430
959,4597
1876,5989
15690,5286
3400,3629
253,1173
19762,18639
7408,11113
4065,4019
12127,6527
7167,3322
3278,5891
403,1117
878,2164
1965,2247
3632,4137
8929,14871
6259,3147
7282,15323
39,840
3435,590
4377,14844
4574,863
4042,4008
6065,16113
828,3740
15776,5410
1079,1107
3928,3906
3355,72
4403,4953
7467,2244
18435,12249
1116,1174
2831,4798
3746,8561
631,1102
2164,11882
6144,4513
2699,5810
1143,9386
615,599
234,5603
2729,7904
3231,9054
4014,4030
86,255
7893,7906
708,9
768,60
9,8
4482,12951
4807,2131
30,2016
90,2067
1867,6569
4233,2798
16050,5955
2729,5810
7309,7296
721,2873
356,2186
2845,9368
1852,11364
14567,11699
116,255
2576,2535
303,81
3754,12370
6701,16458
9355,1076
6829,428
8024,12876
476,9
5032,155
7004,1183
816,77
3228,3629
1726,7468
4281,1684
9749,3632
934,4270
591,898
2960,3814
116,4577
1086,877
3450,3449
4004,4035
2378,2146
2490,2387
4114,6647
6096,8363
6870,7003
17061,8271
22,1909
2558,801
4412,3271
64,3074
403,2540
1364,10620
10941,3135
8673,8195
1980,2258
2773,8310
4022,4025
9048,902
3167,5231
39,2263
4194,9235
9780,15346
9801,9807
10412,1293
3536,2819
4458,14943
5370,1439
3909,1115
11022,5194
10144,10146
18215,11454
1088,9409
1131,3629
5167,10155
3906,2537
7,446
3639,8609
7144,947
11331,16502
15126,18213
595,616
7599,10387
10424,9382
4915,2737
13,1200
39,169
106,2145
10348,10326
2707,5596
998,7422
802,4100
1101,195
9294,3186
1704,5369
2912,5247
1126,1191
1086,72
11065,10317
6645,1384
11004,12293
9074,4351
3376,13460
10061,2540
15994,19312
1805,11278
5131,5371
9358,1077
165,631
4382,1311
2528,8640
1752,2757
5338,187
4568,10334
337,334
4857,1577
18853,19796
3900,3230
9411,1088
5993,16074
3222,1100
10233,5626
235,57
2375,5365
3946,1131
1368,9183
8047,8052
4439,4447
9160,13520
10585,1355
12300,2727
2183,2162
1405,5278
4007,94
923,3814
14051,3564
6730,4474
522,272
959,1027
7294,7256
12849,2942
552,114
3805,9944
4949,10561
763,2778
6572,855
3129,2979
4,282
1394,4338
1919,22
9843,5040
560,7330
1104,4010
12747,6048
4512,2831
2197,12017
4938,4925
939,910
8886,1216
1909,1936
18149,11291
3129,885
4030,3996
4161,5233
8732,7165
2731,58
1029,4775
7034,512
757,869
1078,9363
545,232
3908,4006
7602,3413
369,6
410,7
434,401
236,2860
2405,12316
1726,1670
4056,3904
6153,2160
6633,2797
5170,2400
512,1223
49,1
246,4487
10824,6201
3081,12306
11669,2055
1412,2419
2780,300
1498,1439
12827,18593
80,253
7736,7735
3247,2395
18522,12596
1490,3241
1208,1865
5810,3110
11247,4991
440,7
1622,916
15746,5357
15419,4962
3614,876
3938,13805
2089,567
160,5093
1815,1496
232,243
2503,12450
3508,5361
8564,17164
522,7172
7258,7329
10670,3640
954,1167
4959,10824
2867,80
169,3112
9342,16677
2283,783
18344,11893
2071,6562
3387,4253
8045,734
11711,3755
18,664
823,869
11655,17217
10294,1259
740,834
2161,39
5091,548
60,1075
18963,14567
144,22
5654,9521
387,4853
631,1049
225,361
657,18
1085,1219
431,6845
2763,80
8860,17283
2301,958
5955,16050
2709,783
10784,5997
3908,1107
821,2866
427,495
733,13
4530,7277
34,12
13640,18076
2191,39
9754,11494
9544,11684
1110,3908
10062,2979
60,2364
4339,512
376,4852
963,2168
6993,7007
2786,599
3474,2693
2531,80
4568,1503
7166,519
158,428
2699,3074
12277,18445
2329,1851
548,2303
1159,13
7136,6534
4273,831
5425,7725
13452,3099
6151,6139
2823,11219
16581,9675
1173,5546
2221,39
552,732
3341,70
3750,4439
8888,2311
2253,2206
3034,2771
3435,3115
477,6974
2987,11061
5197,169
7272,4328
15422,4963
2641,4008
3233,5640
1395,1394
13,1363
3704,1061
11737,2077
8610,2717
6614,5267
336,326
2168,563
15297,16753
1189,13
929,840
412,6737
3700,538
7437,581
10391,3396
1752,2570
4105,14587
2645,3376
1005,835
9249,15657
428,265
562,265
1210,10100
1131,2637
8745,848
648,39
250,5628
331,332
7860,5787
11542,1959
169,1502
124,39
8793,15791
8217,1860
3919,4224
517,2185
4001,4034
10966,1799
1219,13
324,2544
5100,11324
4852,642
5454,10132
857,563
5184,3855
4516,9583
158,562
199,563
2883,5769
7277,16699
14256,3782
4450,4799
88,732
3326,3306
1242,10173
575,850
7256,546
421,6799
3131,2838
156,866
9115,916
154,39
7146,2071
10327,10335
4384,3398
10755,9284
17353,17613
7799,3390
1966,2283
968,3935
7840,947
2540,303
7006,4693
6013,273
476,440
2993,9670
6147,273
183,5291
14218,4779
2330,9326
696,214
2619,569
18193,19697
7748,2297
3398,4471
7808,3102
10308,5747
184,39
1834,262
7018,731
4036,4004
2599,4266
235,4
9087,911
570,5178
12760,2659
8618,11952
3482,6047
984,1031
11025,1574
968,5224
6629,397
677,322
2272,646
4412,10118
6585,8204
8849,8852
250,2729
14540,18951
855,8730
4031,4010
2627,56
5770,5776
10351,10116
3918,1100
4066,4004
60,2982
232,56
265,4
4017,1079
5125,3759
1549,10989
2163,8408
7309,16721
8620,9150
16650,7239
6201,5181
9516,14391
4993,7023
12259,3962
428,5071
1276,4414
376,2437
9419,14458
835,2197
6105,8856
2698,57
8381,5377
5518,428
438,282
5678,13892
262,56
4047,1079
8532,11373
10576,17939
33,4
3226,1115
1094,2838
469,6950
8614,825
4006,7871
3440,5016
13679,13680
2540,787
12111,11015
5382,3169
4224,402
227,1940
237,2628
2613,3517
6018,5073
5192,793
374,647
787,62
391,62
1227,6750
3235,9687
1265,626
6105,1285
468,282
542,231
10829,9875
13516,18762
14398,3918
737,8054
8624,3391
7944,7796
16099,12747
7,72
1225,4610
5060,1024
15606,19230
149,4851
5016,3169
1083,3214
11655,16225
2101,1248
10155,3141
3806,1932
2636,94
60,83
8004,2370
9306,4327
14097,18865
3067,2532
1105,3912
16658,18753
1953,37
13,1176
3912,4021
4848,1491
433,72
37,72
536,951
3141,1700
18610,12898
298,6263
2268,8716
1430,5365
1466,858
8857,8823
497,996
631,996
1918,1921
431,376
1100,3918
4677,8964
8044,7222
6602,532
15648,19240
1459,818
3909,3908
3945,4319
6966,4192
2217,10067
11867,18336
668,7644
3639,13846
2344,982
253,2706
1077,3907
5244,2780
5663,12563
1854,566
11174,11175
694,7552
403,2650
3552,79
4245,4207
4671,15161
6086,1554
12,550
356,4524
526,7187
731,237
1130,3918
1141,135
2284,9195
3214,3467
3995,4032
5099,1086
56,2542
2215,11310
6840,16511
2012,2091
6086,11353
18214,15126
7383,8802
9936,17689
549,5858
1079,2640
17,1833
5958,5691
624,2245
15369,16418
985,2224
14192,9437
5486,219
8328,2793
9109,914
3694,2764
7880,4131
4826,1866
13,1310
402,1085
18206,11451
1250,428
18493,12447
303,325
363,376
1134,253
2801,2897
10724,10723
689,7716
13690,6193
3908,3632
3099,1019
3111,90
1428,1639
3276,157
18628,13022
72,577
1113,315
1457,125
3814,964
376,22
144,453
159,1485
4117,773
4569,116
353,6454
5126,5137
18336,11867
3979,6666
6863,4578
1414,428
4113,250
393,376
2163,1455
8357,3507
10280,10278
10590,4842
2586,60
103,48
1784,2590
4017,3925
15383,11347
16983,8043
2535,280
18252,11580
112,1265
2889,3252
3675,4161
14886,13924
5882,11657
1307,4853
1780,2067
2616,8755
3823,7442
4009,250
5277,179
146,1788
731,4693
1142,3473
14230,15690
2499,11553
6228,401
2546,819
402,1219
3012,60
5976,5815
2695,353
7987,12433
4047,3925
3715,2432
5284,8705
2851,866
15148,4660
6281,16250
426,4996
16606,7130
787,8385
6299,16267
157,1573
236,2620
1079,4063
850,39
6153,1920
10896,8308
2252,7138
9306,12300
784,1671
376,6572
16811,7535
15584,5163
11131,3452
3913,1077
606,618
857,2149
5958,10497
1844,1836
803,2852
17602,9727
691,167
5715,2633
3120,2380
6167,8392
80,13
1301,6512
3457,1965
2951,3325
5267,10579
1307,10464
1119,3997
12549,2544
1276,39
2838,415
732,1107
1105,5819
1514,10942
752,39
7524,607
60,2929
5634,14695
6913,453
17709,9974
4010,4019
489,6984
773,4299
15804,5472
814,5054
11052,11049
16243,6273
5016,10337
11551,2102
403,6651
6737,412
15670,6411
403,4207
549,60
19889,19969
246,59
251,403
2505,363
2873,759
784,866
1909,1241
1968,158
6491,356
238,1107
16255,6283
1384,107
2765,4609
2578,87
910,9084
8047,3169
0,3
10513,1322
1078,2252
9700,1219
4760,144
3055,1180
1277,1149
8832,2163
8522,7599
267,1286
1110,2729
17857,10380
9113,11450
3143,246
4928,9527
885,3550
1838,435
5332,7136
4035,4025
814,866
6709,407
7641,6803
10526,10013
2567,2530
15426,10723
5636,1131
4020,3902
4848,149
4657,581
6152,6151
7619,16843
12604,2577
2093,395
15653,5252
1936,1909
2373,2664
3493,2695
3956,3917
1916,11056
421,5486
2262,9249
3346,13787
39,2186
232,137
779,2750
5126,15554
1086,5122
4018,4014
6217,4267
1110,4018
10656,1384
4509,13865
4033,1104
12520,10958
743,60
2164,3429
3360,72
6252,4261
9822,1158
2163,11872
835,2278
2203,159
62,76
2378,914
7056,2743
2054,36
13,1123
3092,2886
1345,9146
2040,11657
165,204
2575,2367
2162,508
1993,7115
1936,165
1267,595
11084,8038
258,6030
13503,3147
29,2006
2283,1966
8929,12029
6675,9817
3160,2239
2840,2823
3516,1120
4068,4077
3392,3528
1014,1812
8442,799
9641,1123
12864,7361
5384,1044
8542,7796
10362,17852
11641,3418
16881,19472
6351,16294
6040,6044
10508,10507
1189,9922
2846,11878
3930,1110
4520,8523
10279,4793
1586,698
4414,7346
13882,13881
3784,2978
9319,5394
2707,1331
2679,3255
5055,172
36,2022
7529,4602
17790,13025
4963,6999
13,318
4469,10436
5159,8631
3020,13347
267,6092
1110,1119
8047,2498
328,329
13,1257
10345,4450
5984,16069
840,6893
9668,10624
9146,15423
303,272
7701,5244
454,441
2780,1967
12587,3804
94,4070
1487,1227
13600,3214
4993,6999
2636,3908
573,5236
5483,218
988,7141
1222,5093
565,622
1234,4164
3629,1131
107,2962
606,431
2192,5365
4327,10329
9106,913
11486,1921
426,2715
3776,1558
5883,4474
919,2059
9336,2314
1011,5031
1278,2931
8286,770
846,268
2950,2913
17256,18702
2609,2620
348,6407
231,2624
4109,428
4928,1285
5812,2729
11070,3147
731,3701
7940,3516
880,8897
569,2619
567,1792
2067,8460
8834,7930
484,37
6411,15331
1872,11402
4482,6271
122,587
256,1341
7697,7703
14275,4268
10025,1196
16688,10674
9,683
2371,12254
8410,13237
7149,4865
10060,9296
16511,6840
12633,2593
7373,5512
2230,880
1079,4010
4786,14010
282,468
2155,11848
5274,178
4959,5270
8928,8100
6196,5886
6870,9772
303,756
7104,7724
2904,4207
72,69
4005,3996
1672,1491
113,632
782,8338
1859,7733
68,3333
1090,2075
1384,10658
14070,6091
1771,5442
19262,17001
1504,1126
1113,9606
2032,11633
2343,2635
2176,243
7160,12170
16097,6045
106,592
2533,6142
3398,5654
60,2876
3382,9093
4664,784
1116,1394
15794,5455
19861,19962
19217,19860
3669,3673
6537,1052
1301,393
3672,938
57,2578
253,238
146,4313
2373,3416
12028,12029
762,115
7532,5518
15678,19243
5031,15480
2115,4289
11098,3235
13907,3417
1844,39
3377,239
949,880
840,156
2328,8719
2545,86
3386,7872
4016,5824
4315,14751
3909,2729
79,243
9306,14825
4719,1780
5693,4460
10642,8716
7840,1325
87,2578
1470,1491
2387,2883
1105,4022
4042,4012
3073,3396
1485,1799
11049,11048
6734,411
3415,881
199,2230
180,1988
1107,4068
135,4689
3547,1000
1384,404
4178,14638
8612,13855
1081,403
9795,17618
8009,730
698,3082
2763,137
9635,1121
4578,2679
1837,911
5097,3244
1119,4078
3034,4572
4481,4998
4367,5650
14606,7898
1462,10833
232,2528
3415,5203
11088,8128
1866,2780
14228,3751
1453,167
6802,3147
3641,4203
9,12
9960,13871
10466,14231
15783,5430
3434,2412
939,3329
3900,3905
8912,884
13,131
11013,1568
9775,2979
6289,303
1141,245
1213,5783
1041,2293
8434,1259
6885,5252
3943,3228
238,3632
11432,1902
3230,1077
2049,9438
3694,5907
4704,3326
5347,12063
738,13
9318,10058
839,65
18285,14887
4636,159
233,255
866,2642
19296,15914
4267,12370
5862,3060
358,3175
13874,7925
3444,1945
1988,1965
8447,7506
1293,1174
4588,118
9527,10582
15074,15075
2693,3474
3667,1236
18164,11335
9009,7209
18649,13070
7235,2224
5574,2778
22,1913
2647,2540
3903,3398
19308,19307
2889,2073
1311,4382
8386,787
5530,227
2285,646
144,563
543,80
19155,15278
9073,9072
13500,3146
5274,1735
17677,13095
3809,6365
1758,348
9638,1122
2171,517
11472,6158
101,866
954,6969
13292,3382
9780,9873
7433,1054
3233,3953
7,450
6348,16293
11066,8853
2811,2540
428,4644
562,4644
3387,3639
17512,9436
5764,5884
11496,18236
2274,12134
402,4362
4120,3409
11016,1569
18501,19749
15431,19203
7252,7250
1837,9100
469,6523
9087,3062
314,3202
6062,4945
5270,15333
2638,3901
100,4182
1831,2115
3620,12104
12586,14079
13013,2812
3274,5051
5122,3569
13189,17001
2558,3383
476,497
4053,2537
5620,14399
12172,18411
12515,2535
3474,13972
3753,6217
1115,3638
5724,10026
6242,567
3554,4287
586,7458
3376,13814
13429,13428
1093,92
2729,1171
693,3356
10750,1426
6047,3482
10350,10352
4942,6203
2807,1993
5596,1331
5768,5787
7170,778
7664,2067
2183,11965
332,344
17730,10022
6715,1137
7195,2528
7873,5624
5323,418
6,359
4,286
630,3192
10326,10116
567,2089
1104,4014
1086,2654
8624,4253
1504,3167
281,5
950,3547
511,6883
7932,727
2847,13069
4605,15077
522,4009
3115,3435
4779,146
4956,3226
8221,17045
8881,876
10424,7426
267,3490
6535,1327
2727,5016
2190,11981
10325,4414
3377,402
2558,3517
825,4949
2537,2640
2707,9467
5147,1481
4782,7018
219,2695
453,647
2361,2414
8847,1642
165,180
2226,8413
4057,1100
13477,8907
5016,14769
10138,17770
4867,151
13894,13891
2227,9015
2480,3045
3927,1219
2633,4041
1311,10477
2934,7187
9235,1000
17,467
4447,8610
8010,11506
2346,3230
1398,273
2160,4760
3233,6665
1022,925
227,5380
4052,1106
2532,1141
4204,4129
5130,911
2533,3995
18895,14279
3006,243
7990,12170
14234,3759
13,883
4032,4022
5961,250
2862,2184
17860,10387
921,1223
4959,10828
5328,14078
17,1756
2102,8323
172,1135
958,1290
14837,18732
1450,1752
2809,79
1109,1459
19140,15214
2101,2244
246,303
3427,2343
3902,2636
4820,14052
522,1110
1107,4015
7196,10969
13333,18711
5728,9474
19409,16543
94,4046
1384,3734
8491,12694
303,1187
3235,79
5155,163
17,601
3467,1368
6027,846
7322,7294
2874,12343
144,376
11355,8419
2826,783
5056,157
314,787
1112,13
3915,3221
735,63
938,2866
3474,1758
4210,106
2537,4063
252,2538
4001,3904
2913,13210
18661,19659
1915,7692
2297,8548
6810,8058
9632,1120
2039,7758
14767,15468
3136,12501
2857,13086
19481,16954
187,5334
629,17
6,38
553,2651
3702,80
15678,9875
5270,10824
2636,2729
1142,13
4003,2637
10326,7351
5780,723
1353,233
2414,3067
7256,1355
122,4535
2641,4012
4485,10490
13,1367
2168,567
2753,1220
14767,10341
4819,163
8191,2737
4244,3638
4058,250
1176,721
1623,2164
4006,4224
10348,5016
13823,11475
1172,13
1306,13
18430,14784
1075,80
4452,6004
603,1024
10119,4375
262,731
331,336
8553,6509
4484,5727
7663,6940
216,5459
39,1625
522,2533
4001,4038
9190,2599
1210,4627
1175,8016
3517,3659
7068,6730
4224,1077
567,7379
16209,6262
199,567
1336,13
4995,15449
68,1804
2084,4602
7349,3747
16628,19428
15331,16317
1131,3930
8620,15436
2831,106
5287,924
6323,318
1426,7261
581,1019
2780,5244
2205,583
2979,10557
4512,6031
7256,7316
7609,3270
3851,4070
1366,13
2171,5136
237,2148
13494,4752
19747,18496
12824,3237
282,578
1405,10706
8134,12136
12745,12743
534,7215
959,39
563,39
8115,16997
4509,3639
11484,8508
1105,4937
1838,358
4329,14783
4551,10466
16653,19434
5430,12320
7388,8532
4031,4014
10352,10345
13253,2946
3760,8624
3325,590
2270,954
5248,7361
334,337
243,2693
18449,12285
60,2986
7398,1491
232,60
16675,7300
385,1056
6436,356
6439,627
8309,5320
2655,8874
2633,2699
10713,1841
248,4
9286,1101
783,1102
1292,225
2243,3453
2380,10332
2503,374
3115,3382
563,2267
8297,772
5069,606
246,116
2266,2124
2018,2022
9875,13924
13199,18524
4610,5919
116,235
262,60
336,9
752,1385
7364,3950
10100,1210
497,866
8028,732
631,866
39,954
584,3494
3724,4779
2187,1427
4783,4534
6567,14933
1221,5246
17408,9113
19524,17245
13505,13504
3509,1592
9546,4192
542,235
3131,4615
280,235
1851,165
8303,7733
689,5358
3891,8275
925,939
426,60
8017,731
7342,1316
9191,15520
14778,4328
4229,1100
7787,3652
39,2243
149,4855
3117,3404
8118,16998
782,72
2962,83
2640,4004
976,877
394,1653
6579,15293
9723,1236
1502,169
60,87
4344,2743
8697,840
8076,8077
72,2541
2233,2310
2959,6386
13,1180
4753,15221
13469,16267
4607,120
2917,2942
1272,57
2526,88
6259,16227
3324,68
1075,2926
3585,7013
12995,2798
15765,6058
1835,6586
424,1653
56,1257
4202,5669
15647,5248
17082,8323
5100,403
72,447
512,7135
4368,4426
4061,7881
8153,753
1076,303
2220,920
2593,6386
3600,124
1077,3911
2966,2430
2537,4010
10567,1345
14364,7855
1241,10169
866,4630
4207,3919
5270,9832
6987,5423
351,20
526,7191
13423,13424
3905,1110
2508,47
5537,4699
88,549
167,842
7562,635
2699,12824
17826,10295
1587,6992
3344,3702
4267,14708
2640,1105
8859,8849
1438,8589
13,1314
6076,2883
3934,3918
3757,84
4,262
4426,4380
1855,17
784,4574
1357,1992
4344,783
1088,7429
1277,10334
4347,6716
9187,959
957,8666
10382,10209
1136,303
2717,921
3836,14313
14593,4658
3848,552
5637,4125
1461,7418
353,6458
12856,15770
14728,4294
57,1212
1738,3754
3393,157
3417,11885
3422,12229
10008,15071
820,8553
11844,6412
333,329
2394,2338
2427,2286
5570,6286
219,227
13861,3396
16674,7292
6142,9895
2949,116
742,8081
1081,1131
3920,3996
8534,17144
5270,6933
60,2799
1343,4514
761,2846
10735,1413
1093,1141
303,5940
6722,6390
8323,17082
1671,2286
12603,9416
124,4662
6042,13986
4426,10341
4352,3222
5049,3150
1902,4104
2936,9087
3855,726
2867,60
10530,7023
1293,10412
1801,265
5089,1236
964,9190
4077,3956
1947,90
2426,12368
3913,1081
2165,1481
5148,7478
9489,8224
664,38
958,2205
4005,4053
7902,15897
622,566
4617,2365
4056,4018
3407,5824
6532,2859
13997,9807
14923,6589
2543,1814
3243,4669
11364,8538
18512,19751
1119,4001
732,1111
5723,3629
5878,1288
2576,1173
11196,1757
17,577
3415,5126
60,2933
958,111
8265,3275
14772,4326
1888,18
4980,1077
585,7450
12982,2780
11879,2164
4131,7925
251,5884
165,2168
2814,13015
17437,15117
1672,393
403,6655
403,239
950,2852
2927,60
4551,5286
2359,542
8589,4503
10307,10118
3222,2637
4925,4938
9018,10278
2578,2535
262,7
0,7
583,2277
12747,16095
9084,3169
15823,9259
19544,19911
18381,12074
18900,19809
3565,6359
16718,16719
2290,563
5373,1314
2102,512
1568,9438
5271,3481
10307,8024
19941,19732
4035,4029
11261,5511
6025,3162
567,3622
9779,2620
2277,4650
2855,2412
8669,833
11475,3750
4056,1119
5917,596
4055,3900
12045,10696
39,2190
3925,4019
8087,8964
9,69
2805,1544
1110,4022
7330,7295
1801,5071
12529,4100
784,65
25,13
13473,3151
9572,6649
16268,16267
2590,801
4768,6401
3214,10050
866,2349
13973,3474
18062,14522
2316,40
731,4376
8783,12050
10965,5526
1276,10326
8466,9899
13,1127
376,1933
954,1415
11205,2734
13491,3141
1345,9150
2071,2838
1121,9634
3483,10625
2382,9146
9629,1117
4503,4790
57,86
1210,65
5957,3943
8694,839
10704,1405
29,2010
4590,3254
760,768
4008,4030
92,80
4662,124
1817,6112
721,251
702,9
19180,19179
13129,16681
722,7831
10328,1276
2838,3131
3314,9476
1019,3099
1072,9341
81,2550
9618,1116
12747,17518
3047,272
6443,6438
7553,1809
8024,7810
10209,17799
87,86
543,137
15422,19198
2318,2314
8611,17177
1915,4553
14527,4009
1111,3038
1245,10208
5058,3857
1832,354
5216,7449
574,2833
371,784
3026,1088
11381,2155
959,954
4207,14604
1019,1005
15480,5031
10242,14125
11070,10372
3990,3989
7298,7302
19758,19950
404,4115
328,333
6,282
1236,2925
5166,165
5258,11997
7239,1245
14018,4482
4011,1079
260,6056
750,8135
1316,6826
2185,68
3998,2537
2368,11826
3216,13613
9486,16249
4039,94
6690,1188
10341,10347
1867,698
2901,3429
2636,3912
2897,8383
3919,5627
7928,3160
8853,11583
2558,57
56,749
4321,2409
4006,1085
828,3480
1836,72
9583,10116
17,40
1097,9532
1085,4045
2037,2048
3907,1079
2074,11729
4091,2886
1052,1653
4041,1079
12740,2710
2628,237
9296,10059
19504,17158
13386,3050
8608,825
18650,13082
10,0
5543,2343
3165,627
5128,2101
441,2438
8104,4675
8550,820
3154,2912
996,216
9196,968
17234,8744
6043,6049
66,282
2101,878
253,108
848,3701
3974,10006
8926,17322
65,57
7239,16655
3543,8507
367,395
9,687
40,0
1027,9301
2533,3918
3930,2537
5783,2153
5530,1707
5676,3222
12203,18289
803,925
3480,988
1780,2368
7258,7256
7733,8303
9457,1093
374,2505
814,2777
11545,11149
4131,5644
8691,836
1335,8141
1598,10995
1056,2310
627,6334
3266,3661
4006,1219
5143,7081
12777,4416
3429,2901
4864,2004
1825,17
1925,1941
2188,4795
3525,2609
4005,4000
4774,3242
12300,5016
12556,2727
4001,94
1666,3178
2654,6665
698,508
2208,2414
2576,1120
867,694
6140,10280
4068,8082
39,2003
10787,2408
522,2911
730,6058
5794,3227
7951,7950
6058,16105
2858,1183
4131,7872
165,4559
3214,64
5496,15813
10696,14563
13,1
4053,4017
252,17
2184,2178
1167,7752
2275,1542
898,9025
2779,3519
325,2747
631,2265
3019,2979
5078,4161
2177,8554
2385,1121
6015,13375
17,1813
363,6
857,1295
459,468
5810,1077
6290,2468
2735,187
4798,2831
10290,6863
720,243
1174,2665
2024,2081
5054,2262
2163,3179
1117,3851
3326,8010
4728,11137
14590,15879
11049,11052
3983,403
9342,7289
20,17
14514,3991
190,428
4253,14227
4738,15208
11471,5268
611,2178
9583,7351
2336,1794
3480,2411
2253,39
68,438
393,6
434,7
1850,5284
155,592
14166,3658
15177,4685
4014,4038
5734,8006
1011,2270
2026,33
1126,2220
9,16
468,6946
1285,10386
4535,4649
2173,460
583,4452
1815,752
115,2886
1087,13
16709,16711
238,253
3233,10239
7032,6996
1194,1573
2283,39
464,7
17415,12406
5089,512
8036,4600
11971,2184
12602,12604
13679,15217
3927,2699
1105,3221
2815,85
3429,4674
79,2825
3610,548
5160,163
8996,10011
63,602
12846,18599
8566,2321
4429,4788
1117,13
8357,5365
1251,13
5129,1227
163,5155
3907,3925
5266,1498
125,2419
426,1593
4835,15275
5212,4645
10629,8348
10387,17860
14723,16542
17679,16020
262,438
482,1902
1791,11254
3957,2699
11338,1840
7692,1915
17258,8793
1554,172
5425,215
1175,7723
958,9186
6268,1658
3255,3366
1921,11485
3377,1077
4022,4033
159,1599
9511,2886
204,618
1281,13
12911,2755
2345,112
3133,5820
60,2559
16332,16333
16979,8038
2641,12713
9742,3169
12223,2354
3233,3957
7,454
886,1554
1481,5147
16146,9003
584,5161
3629,5620
5346,11791
9857,17644
563,1840
3326,3367
6084,1140
6440,6437
60,2909
7300,7295
10442,1301
22,173
4010,3999
9271,10350
5727,6006
3696,14197
5321,5318
9668,1126
3102,7796
3276,2499
3848,9306
13891,13894
2205,640
15014,17606
16009,5857
14176,3675
8233,3154
4332,14788
9927,9873
693,5454
2766,12950
5371,3311
3129,10558
8042,15637
80,2221
599,2786
3672,2849
2193,8335
19090,15021
10143,9124
1980,8227
3135,2617
9124,3483
1612,1415
10424,2169
2705,12832
80,127
472,917
6733,4945
1263,10306
272,2549
11209,6825
498,3269
819,8545
255,101
2270,1011
5957,5663
9804,1148
8849,3436
9003,16146
5882,11905
595,169
5848,243
6259,2029
1792,420
426,922
8577,8575
1337,4189
9862,15089
11786,3803
79,60
1276,4475
2852,585
3390,7808
12676,6755
13872,3398
842,985
4030,4004
12320,5430
2734,3747
2579,426
7140,916
72,20
822,1272
4972,730
393,5296
1116,3439
8361,8169
18244,11536
8563,17163
2433,1540
10824,5270
15271,15272
829,3382
8409,14252
395,646
976,8505
4025,4010
909,867
3242,1120
9276,1005
7087,2194
4850,6567
172,2294
877,1329
1173,159
2769,12951
4426,14907
6013,818
14775,19013
812,4317
1442,2269
4764,1316
4052,1110
6097,15226
6316,1758
14282,3804
14701,4249
4326,7506
11532,1950
1925,144
7235,752
1398,7043
39,2300
8033,732
4305,14738
2984,10287
10210,12523
1599,159
1005,1864
2206,6987
4375,4365
6648,403
2776,12967
402,4045
3970,115
10062,10558
2013,149
3415,3276
13,1237
438,6893
6157,1482
1019,8336
1107,4019
930,939
1912,5170
10780,3604
1485,7577
7701,2780
1988,11581
9127,6493
3169,776
10347,1278
10700,1396
4039,4042
3629,4144
491,488
1227,6006
577,262
7400,573
2252,515
1491,5298
9885,12709
1370,807
1538,10971
3565,1126
9690,1129
13,82
7299,7287
1086,1987
4202,3632
4644,567
5633,1081
7111,820
5753,12517
15996,5839
11457,1910
3428,9873
4003,5674
3655,4402
4747,15217
5336,2780
10131,1222
10958,12520
72,1793
149,2013
3750,4447
579,843
7294,7293
1912,1921
8183,17025
3271,4412
10788,5134
5535,9032
5980,16064
2623,2656
428,2367
13,1371
1,48
5135,5126
4049,3925
1219,1176
982,5370
55,284
583,2655
3773,85
115,1089
11405,3009
1257,879
1780,6316
6818,5270
7723,1175
1830,17
1459,9873
1568,17
6616,3069
4033,2641
9499,5452
3546,79
10958,4949
11125,1679
2229,11777
15026,19092
8932,15958
214,5417
17667,10830
2578,819
3906,3997
2209,12064
358,443
4491,486
6776,2011
6841,2406
2741,59
9050,903
65,2850
216,5463
1498,1126
8624,8608
2793,8328
434,438
15867,5563
743,1947
1278,9461
163,3358
4483,3227
18044,10938
5570,866
5618,6010
912,6105
3214,7045
3398,5634
6039,6040
8217,15050
10488,14425
14618,4371
2798,12994
579,977
1131,3934
7241,1185
57,2558
1879,2107
12753,2651
5337,2735
464,6854
581,7439
2780,7692
433,2845
5634,2729
2265,830
3385,861
10938,18044
441,454
8116,8932
9563,2188
225,5525
3,228
2743,11193
2766,65
9092,8460
721,3662
1182,839
3366,13801
3962,91
2976,60
840,1075
10920,14590
3233,9515
3227,13642
4019,4008
6918,2952
9413,1089
1734,39
13044,18641
835,3360
18175,11370
4104,12225
4617,2422
7130,16606
10418,10407
12517,13462
1094,9478
354,6470
1119,4058
2742,768
2838,476
7337,7258
4649,15142
16146,14911
3006,60
2610,60
2340,199
15196,4711
60,2990
1758,783
11038,1605
57,2692
2378,3874
1368,39
745,60
1141,814
1502,39
16359,6509
5693,252
1314,742
10969,9355
59,2738
6530,3378
13675,15074
404,3904
2496,11450
9093,4093
9246,7341
60,896
5787,8932
10901,1492
4009,13627
1676,11122
876,3899
2304,1831
1161,96
11777,2102
10293,17824
254,1112
7729,16884
2599,436
3351,71
8123,3979
9780,5181
577,75
399,712
4779,14218
856,399
2845,842
226,3
4004,4019
1368,2267
17826,18675
8862,1285
9058,2163
899,476
2180,7026
3901,107
11206,13216
5373,8137
2314,1364
39,2247
149,4859
543,60
4031,1119
250,5665
742,5373
4061,5657
1244,107
7298,16674
3840,3214
1094,1102
4741,15215
10557,3129
4034,4019
8898,2820
1301,10440
1019,928
2017,30
3047,13377
3887,8695
7,430
15013,19074
4110,14594
2266,4706
10519,16608
3510,77
158,599
1815,1801
2706,4224
4497,2962
7299,556
13,1184
39,153
3912,4029
916,7596
4273,7418
2332,41
4460,3080
10377,2380
8567,1902
10325,10326
251,9
1965,2499
6004,10986
7155,10330
10343,13349
3328,13777
94,3997
787,1709
9340,1071
16006,14984
141,4752
3907,4035
512,7139
4061,7885
2067,682
9195,5793
12942,12940
2445,3486
5468,2496
562,5913
108,81
18686,13251
2363,9311
677,9
2537,4014
341,1780
129,3587
239,3947
4036,4041
6177,16175
85,1036
1229,1653
2003,7463
4761,4482
7957,15690
10490,4485
7659,10371
3275,8265
6033,5284
2838,1094
2979,3019
4207,14661
5138,5371
8859,8853
2792,12992
5925,3472
209,5394
106,2263
5240,171
6112,6516
4,266
4066,4041
3751,2717
10375,5851
4450,14769
8108,7349
13216,11206
1019,5384
15468,10339
7540,1415
6645,3946
15974,5781
5306,5305
2173,1993
566,154
1056,2233
1866,7700
3571,10636
4014,94
4949,2035
4980,12490
4063,3928
14269,3784
301,6272
11294,1812
10013,9003
820,8557
300,385
11,282
816,4651
1926,22
237,5698
273,2911
1109,9599
4058,3934
2127,11797
5837,403
14231,14230
3011,13049
10693,13838
5669,4202
146,857
9283,11759
7351,10352
16745,16746
3996,3995
462,339
169,5190
11495,11493
12417,13229
3451,12008
10411,1293
6510,6511
1181,9825
171,5236
753,2208
871,8845
3416,2373
13352,4812
157,642
7154,5270
4375,4930
9306,4953
4426,10345
5648,5957
4039,2729
11330,16502
303,6294
2459,4965
13529,3169
4563,1194
17143,17142
4026,3995
6049,16100
115,4553
5830,6348
12482,5868
968,268
3017,762
4283,2308
243,766
79,3553
2328,3169
19263,17287
3227,13589
8158,780
12454,2507
157,1931
1800,17
19430,16646
13590,15314
2367,3282
435,1875
2372,3626
3998,4017
10011,10195
1119,4005
3139,6013
18587,18586
2874,80
9124,10143
4460,1604
17,581
12800,18578
2006,1024
3902,522
1300,10432
1799,1485
585,7454
916,643
186,4739
9699,2911
11404,1875
3902,3905
4241,4125
17,1520
16498,6800
5335,6153
13,58
10873,3178
403,6659
1936,2133
14639,8123
403,243
7295,7329
3102,819
8413,17113
7794,2546
784,3318
10313,1269
1183,6999
3991,10551
5113,4993
15753,7585
56,135
238,1115
1177,9436
2127,388
4491,2206
3632,4202
7030,4779
60,254
1223,921
12747,16099
3119,1173
19414,16651
4514,3129
2198,39
12720,4073
661,659
356,6439
3382,13826
330,1054
15641,5250
2532,2544
1176,3734
11451,2229
107,2702
12856,9037
358,69
253,2527
929,824
1806,7513
2825,1076
12587,14282
1269,10314
14857,4387
15684,15685
3222,3930
2618,783
1166,13
770,13
8118,3178
8620,4328
12856,9976
2228,39
2011,1502
2035,6060
8215,8214
39,2194
61,2707
16650,16188
1795,157
389,5956
3080,5917
3625,14119
4694,3073
869,931
2729,4936
12457,2508
3389,13842
2820,5054
884,3683
1113,1291
4001,4018
5930,246
8328,2614
10162,1234
2,33
1196,13
800,13
1925,388
2161,2385
9559,8111
1276,10330
10664,2384
116,2764
8688,2368
1241,4859
3276,5455
1922,1056
65,732
10139,1223
1080,3221
15044,6441
914,3683
3973,8012
4207,5964
1175,9874
122,4649
4045,3916
3396,13858
8625,8620
17554,19573
9810,9800
4008,4034
1226,13
4314,1108
3481,5271
568,13
5141,6744
13718,6692
4100,590
5373,863
741,8077
4409,1345
1238,2467
5453,2320
243,1384
1110,3221
599,265
783,2826
411,214
3451,1083
6940,3276
3230,5810
3560,9886
3564,4932
6692,730
9817,9816
522,2647
8877,4468
107,4125
5377,3614
282,4880
2264,2432
2990,92
165,1851
17016,8162
13778,3336
636,682
6154,273
4001,1119
2695,6590
3241,13674
12063,5347
879,3823
13164,2884
60,522
404,1086
1180,553
1412,122
2659,12760
12341,4537
3034,9439
341,6399
4991,8624
4993,7007
4826,4615
590,687
3805,3809
8922,7220
56,753
570,7390
840,835
4135,3943
2400,2104
187,2899
6445,6464
10436,9807
5207,1459
3908,3937
18861,14087
4503,5278
1210,553
10287,17820
12531,2540
2440,190
2624,2751
7603,3754
5051,9055
402,5712
6856,2773
2363,6359
1554,3746
2643,8628
1910,6791
7361,1188
79,1272
1163,5810
7534,7532
9851,17640
4487,3240
969,1780
2013,11615
10537,3823
10867,1483
701,1965
403,56
587,2617
8747,12076
9800,4469
3150,3332
2262,426
8621,825
10042,10418
235,1411
2161,11863
62,3146
599,5071
4503,1090
3632,4015
857,1165
867,1853
4131,5648
590,821
4853,4852
6696,3026
2988,2223
3578,5472
157,939
1504,195
2101,2171
11523,1945
303,764
4690,135
3912,4005
579,1571
567,56
12294,3485
5952,249
6504,3206
3169,13531
7366,4699
3682,4482
22,1653
13053,13336
7838,722
450,410
1100,3902
86,2577
2101,77
4253,8620
13635,9527
11328,1827
1410,8265
5058,157
7351,12877
2943,2049
18,1884
11219,2823
8849,9104
544,1176
65,2639
253,246
14562,18962
13,5
159,2274
440,72
598,658
2320,5453
80,3701
2437,376
16363,6522
4319,4140
766,242
2197,11277
783,411
1120,9630
1151,4779
1712,3126
8845,2165
12876,4375
553,2578
7628,2955
56,82
6315,2529
3092,2707
17,1817
2599,9190
3917,1100
1174,2669
1005,9276
1029,7418
3393,2820
265,606
6582,11891
13,1294
4779,3724
8410,17112
3918,2641
542,2577
2068,1044
7687,687
2926,1075
6088,9289
1052,5308
17375,10002
13765,3318
18064,10978
4014,4042
14077,3590
2353,4596
5308,15715
1351,4786
17777,10167
4365,14822
353,22
7297,7298
1311,1223
2388,618
2369,4540
3678,13892
4953,4412
4877,1384
825,17
3956,250
3904,4032
427,910
733,428
12500,2532
144,4759
10352,1278
914,9107
2365,1573
1024,8713
8440,4465
8688,2315
9461,10344
5851,12328
6571,374
7940,1109
435,212
5252,4829
4576,116
2979,3129
1554,2270
5394,748
12904,2743
2808,803
3415,3467
593,17
2224,752
10011,15887
1107,238
9087,2936
157,618
11512,18239
363,494
110,48
115,1146
3451,91
159,4636
6033,3300
6048,6052
11,42
1079,4047
2702,8082
3377,1081
4782,3725
1780,896
1131,2702
986,69
1019,17
3696,80
4016,250
13878,5958
2080,2851
4391,3345
1345,7357
1450,6619
2167,11895
6978,482
1322,3401
4056,3998
434,495
8672,4949
2051,1332
599,562
2085,1882
404,94
1925,469
4469,9802
6356,13910
2836,5988
1702,10977
436,2261
8621,3671
857,39
9958,17700
282,1794
60,2913
4533,14890
11537,18245
2169,10628
3974,4346
1990,1995
5611,14695
374,2322
1831,1184
3632,10244
783,1029
3979,14489
3164,2262
12174,18307
9918,17520
438,3246
1801,29
1933,2400
2921,60
12366,18477
3753,5286
436,167
15071,10008
11506,2343
8128,1644
60,819
115,1280
3418,10665
94,403
3380,3957
4641,5159
19078,15015
878,2205
2942,1287
10338,10350
1780,3474
4904,15368
4042,4049
7524,9235
2951,60
239,3386
4019,4065
3162,6888
10626,1368
3129,4496
4027,5646
6201,9784
10184,13266
9429,1090
6419,11175
7027,2952
387,2503
690,60
11737,9392
682,1862
35,2051
618,157
8929,16201
583,1102
249,5952
39,2170
2840,579
5486,5493
9094,9098
173,2924
1133,4952
3958,3947
2981,60
520,7169
2867,2402
4018,3998
403,3386
1117,2729
5790,242
16076,16077
4743,2187
402,3915
5435,1771
4010,1104
835,8678
2155,1415
8799,17259
2167,486
5365,8357
508,1867
2920,9583
62,60
1056,1672
19770,18675
13,1107
4855,149
56,245
6160,8039
4534,2952
752,1446
4414,14901
7248,16668
94,3920
522,4367
803,2165
10424,1368
11465,5270
13369,8793
871,579
7367,10883
158,2400
839,1041
1875,435
92,60
9787,9792
840,2205
2089,2084
3508,6878
4537,4539
6782,4945
15627,19233
2874,13156
101,553
2867,8013
2886,4091
5837,3225
7351,7347
8610,3750
19400,16489
3235,303
3639,4328
2636,5636
17,825
81,86
8675,6619
9282,9283
187,1236
39,2304
10689,6338
4082,5837
3178,13540
4369,3615
616,595
1836,1796
3472,9291
5864,325
1159,5718
753,5030
6819,16504
8043,2363
8204,13800
1083,246
5931,11346
272,4
10495,5691
13721,6750
13,1241
11131,15731
250,3628
1117,9629
167,5091
1290,3141
3628,14126
514,476
4949,4991
94,4054
3246,438
1116,544
13414,6226
431,441
10062,4496
3601,6264
6490,356
15325,9230
1323,56
1491,5302
1799,10373
2577,87
1415,2274
16740,8620
7351,6542
5453,5463
8827,1482
15028,4513
4513,115
17,20
514,826
6543,367
335,329
4001,3912
15702,11782
212,1427
2729,4241
1915,7700
5814,4129
17,959
6753,1116
8687,1852
2028,1161
56,2607
1040,1057
13607,3214
1143,246
1107,5662
2289,155
11762,11760
16688,7275
7347,10341
3997,1110
783,842
29,380
1273,2167
1805,3748
1111,4091
3372,5222
5824,2723
1,52
6,396
238,3937
4706,9154
5002,14400
2093,1936
19532,19529
8166,8165
4014,5628
3282,3235
3874,895
682,6802
3416,3235
4928,15390
804,1315
3701,4350
2472,7567
1968,3338
433,3065
2367,2855
10591,10609
17079,17080
732,3132
214,5421
1071,2598
6590,1071
3906,4001
6716,1210
2171,11776
282,3835
17,154
891,910
6624,2375
108,272
216,5467
242,272
3349,2363
8130,5071
121,2197
2956,3600
10495,10497
9093,9090
239,4138
406,114
6728,16469
6742,9197
1119,3928
1687,1002
235,232
1088,2363
2146,1516
2535,2789
3614,567
2774,2805
3963,721
845,915
3195,2835
239,1105
2282,12142
13755,11325
13,570
766,3251
57,2562
8288,8289
3902,1384
4012,3996
4072,4047
11792,7572
5259,3048
3946,5628
4550,2359
14751,4315
917,6803
3398,9960
5650,4367
7295,7252
6987,491
3322,516
2895,2169
9670,15086
13777,3328
403,1105
243,3856
2044,84
8103,16995
839,3887
8039,11318
106,2804
2461,9232
1291,3230
4042,3996
4900,8191
2171,11910
1278,4688
60,1116
3016,594
3164,3498
3487,2431
4019,4012
911,730
732,233
453,818
1879,367
8808,2639
836,8692
2166,1363
5165,2231
15461,5013
17194,8654
12280,2384
14704,4253
4014,4018
5930,16034
34,53
4901,15367
282,1875
5302,15711
1792,371
11518,5252
16480,11004
8285,770
3133,3222
115,2866
1909,6783
13,115
13058,2836
2277,39
458,7
3398,3678
600,4786
2233,2184
3879,10367
1482,6157
419,244
2583,3694
3392,3109
10308,4365
2221,80
1840,388
8977,889
9233,5016
356,80
2307,39
4980,5810
6563,647
1105,1107
6296,303
16677,7330
89,3873
3241,65
2747,3694
7351,9738
5193,3070
2180,7030
2729,4054
1719,219
5929,6144
2011,1559
39,2251
13152,18662
155,1645
236,1075
1027,2328
2166,1847
1679,39
3226,5799
4014,1119
4253,3387
7018,1577
13,249
6422,6427
3674,3680
14125,4121
1215,5008
252,265
69,1312
7,434
124,1019
15958,8932
9461,11043
497,69
2962,13273
13,1188
9254,1116
340,85
9981,15216
3760,3639
262,2646
5728,5457
17591,9713
2507,46
4465,1176
251,13
29,1132
3095,3222
3979,8638
6059,6725
11357,1846
118,4587
14309,3834
7796,11828
2105,39
8340,4344
441,1076
1086,60
2287,1965
1182,522
60,1384
1947,6246
7472,592
106,39
212,435
2287,9320
303,553
924,3115
6044,6043
581,1995
2107,7632
545,86
3678,3398
5268,3378
2599,924
453,6913
4485,14983
4566,13659
16749,9969
488,491
686,2950
1219,5665
2310,40
9832,5270
4159,8582
90,1384
13680,14751
15060,4533
5648,7921
18758,13481
7132,10858
1258,9942
1110,3628
731,7015
13929,18838
2503,2505
4060,2537
2599,2213
4734,4733
2430,2966
628,6513
721,2540
3234,10308
344,338
2990,1088
13,733
1104,3998
1116,3069
14928,8901
508,2432
2101,5127
9288,1019
1898,72
5774,1213
779,3649
8251,15740
1245,5142
1866,7704
8802,6229
1002,5384
3536,14029
5279,453
7880,7876
1170,272
5132,5129
4005,3927
11259,1795
3141,1607
622,440
157,1801
549,1093
1579,11030
237,5702
5159,14307
8617,14935
2633,4025
3638,1100
2645,3096
6217,628
2648,2613
12415,4742
3374,273
86,56
2873,2731
3132,10539
3117,3091
732,4368
169,5194
3467,2157
11266,1811
171,5240
1544,3465
1568,1607
169,2161
7540,614
12082,12196
2729,5611
3632,3133
5528,3385
232,231
14290,15164
6260,11413
2131,4164
116,56
553,57
10117,9306
8297,3976
6750,2380
4671,13563
24,467
631,3131
9306,14756
77,3511
3150,356
4022,2537
18132,11244
2502,11432
849,2270
4063,94
17381,15217
2805,2573
157,996
585,2197
1841,3055
3944,402
5635,3632
13481,3132
2291,12151
1925,2002
9891,8212
10581,2243
5964,10489
4058,3133
16236,6269
3137,8415
721,3963
2089,1844
12204,2336
2467,1238
4468,2250
7324,558
648,5370
2501,68
2432,2183
2192,8358
7798,7796
2648,2747
4761,782
1624,3178
17,585
13255,2947
34,0
9803,10435
2126,1884
5637,14416
1902,2368
5665,3632
5754,2169
88,236
253,303
3415,2101
65,252
13,62
9777,3737
403,6663
16863,7656
4544,151
268,22
1152,7690
1990,2373
1783,5278
80,725
2012,2132
19082,17606
60,258
7572,636
2145,3415
4118,3133
3498,14005
1105,115
14880,4402
2641,3996
4217,106
4910,15376
7240,5532
7429,8437
7095,2145
9874,4959
13,1351
1085,402
2303,11356
4008,3904
2236,3718
2280,10406
5964,4207
3051,3113
19081,19074
4054,115
36,22
776,586
156,5042
11966,3056
12561,6649
8975,17355
16293,6348
1107,1100
3709,80
13573,3205
1212,1116
6561,3150
563,478
10325,5016
8974,888
12222,8122
1210,10088
1780,819
1823,2209
2268,9241
13785,18522
3325,90
1115,402
869,935
566,1126
4038,3904
1763,11203
273,5977
3718,2236
6516,374
674,659
6875,16522
4373,3628
6506,14181
4001,4022
4400,14873
1780,1758
7956,11872
4100,14581
11551,7136
107,3995
13347,3020
800,17
8624,9527
7289,9342
250,5966
1931,5310
1313,13
7706,3214
3628,3632
579,957
4650,122
252,562
7295,16677
403,731
4642,1924
122,4653
2579,3252
12076,10525
9093,4528
8654,3892
1105,3632
17476,9306
3252,1251
568,17
3233,2729
1343,13
5066,158
1081,13
8405,1094
4253,4973
144,628
3818,12400
16464,6714
10519,11782
13614,18774
2873,2544
7346,7351
5667,3946
1174,1116
181,106
363,1840
1373,13
4031,3998
1111,13
13667,18785
14812,4351
18305,17243
752,80
6364,16302
485,490
536,6871
3033,173
8363,2157
689,3703
2060,11681
8240,7419
17283,8860
1179,1086
4635,3331
8925,17321
11754,4946
250,4006
441,568
570,7394
5308,5302
1194,3057
4994,13248
2374,887
1178,80
1294,3638
0,44
590,7457
1294,1194
1815,2586
16654,18084
239,60
1173,3119
3327,1909
7840,7835
11319,2924
780,4356
3937,5810
17068,8275
563,157
1748,11163
721,743
3698,1098
3928,4004
10829,8924
53,55
1173,86
1875,358
4896,14783
11861,2160
1116,1272
7745,5504
4004,3999
1311,959
6175,6176
18470,12341
253,116
404,2729
733,753
1094,732
8019,1542
1210,4290
3376,5369
403,60
5179,3178
772,4064
11302,4798
39,2227
5335,2937
13,814
2365,1309
3596,6806
62,3150
929,9151
6968,16550
426,6810
4034,3999
939,979
2011,30
2753,12910
3228,3377
3622,298
14144,13946
581,4654
13,1164
6398,340
11955,3269
250,1107
18229,11474
10273,1256
3260,67
8223,7707
3212,13582
9150,927
2918,303
4253,8624
72,431
4014,3912
151,1478
567,6826
5657,1244
2174,3003
1902,2315
18,1888
2055,5563
3073,13423
11,717
157,2232
819,7801
5842,243
7725,1199
13,9
925,1057
10014,10013
1131,3377
80,3705
1238,56
403,2638
5381,787
3331,68
2255,4281
10982,1544
56,2530
5944,900
974,6776
1105,3095
231,87
11935,14644
755,8166
17,1821
2976,4980
8,15
3311,10154
15791,7239
7456,9268
2124,2485
1415,1042
828,8644
3235,11098
8090,8093
13742,3712
4222,1151
8523,12856
10598,10599
3212,534
12726,18556
3141,4266
13,1298
9436,17512
10179,17785
548,144
403,3927
771,8295
1227,5128
325,72
363,364
3675,5893
4403,4380
1102,9563
4458,115
3764,8594
3912,1110
4998,1557
5430,1968
3901,4893
1530,6068
2380,2074
2385,2418
1210,236
814,236
5673,4355
2400,5170
11583,4928
15721,5315
2109,268
10817,1453
72,565
1670,3604
8659,12343
268,2197
2353,628
3339,4631
682,7664
2072,11720
14937,4452
8027,732
5126,5125
69,267
3169,7603
609,1709
407,262
4782,4534
7149,3617
3918,3934
3904,4036
12366,8198
2150,2901
5887,2190
6644,2169
14751,16720
914,9111
933,2937
6504,1600
1258,253
18150,11291
2176,1089
4003,2702
3065,433
2146,2378
3359,156
3775,2286
13186,18675
5798,7975
11801,2131
12566,12551
268,453
5636,2729
9027,8551
3452,12398
8409,3254
2387,2440
3629,3400
1158,9821
1707,237
6562,9310
6631,1533
16409,6604
9499,2130
8050,8047
7258,7293
19450,16743
16334,6430
3407,7902
589,252
6838,2011
9482,12514
549,7269
9647,4445
4606,120
3377,1085
1482,10857
376,144
4063,4042
644,7506
2074,2101
730,2362
3632,4987
1163,5627
16058,5973
165,863
7351,10116
1607,6018
4991,4253
4017,4047
4469,9806
4046,2533
5790,15977
1117,5632
5031,2339
10566,1345
4459,14945
2568,12593
3329,640
9996,1192
19729,18386
18216,11456
2148,3339
2511,7363
3767,85
5286,4551
12142,11418
2736,3509
11249,8168
3952,4002
3979,14493
848,1428
4480,5619
5882,2330
1075,2373
5016,10325
6840,4285
250,3953
3722,3725
2904,60
3437,2775
13,977
1644,8128
15935,15715
199,1921
1959,592
4237,1138
154,458
2084,5956
2270,2174
2101,5371
7891,3398
2168,177
9921,3650
84,628
5071,8130
2232,9237
13638,3226
4042,4053
5410,1180
12934,7045
17711,17713
60,1173
4540,7713
218,69
572,567
2265,2180
80,2579
2532,80
11673,2056
3930,3997
17755,10091
5377,2171
107,238
11278,16052
12990,12989
18566,12750
14442,5091
15164,6015
969,1142
1430,39
4114,1081
15185,19135
2178,2184
39,2174
13860,3396
12141,2282
3257,13703
3629,2729
13813,5270
4224,4070
2562,80
4946,4994
15708,5297
3989,6647
19604,19922
4061,107
5370,2289
3632,3377
8049,735
14984,4485
10415,17875
13,1111
1099,60
9271,4426
135,542
8793,1418
9792,9790
8006,5734
2717,3751
10752,1430
857,1466
5824,3398
19763,18639
14223,8709
6965,16549
4266,3141
16721,7309
12856,18600
6513,1930
2008,29
1796,1836
1937,3761
5734,3855
2369,974
4225,107
10694,2364
85,3057
1096,4084
2011,11065
2154,2483
2323,40
4043,4008
1080,1107
5030,2197
5372,11760
541,75
1867,2426
2610,255
2406,6841
2067,11347
7711,689
2535,81
2182,4881
4097,1211
3426,252
6062,6730
7342,4764
11366,12219
13612,3428
1120,2576
2173,631
18160,11792
7329,5468
4399,4959
4280,3547
6472,1875
9037,12085
4624,5077
1124,3257
3161,4680
709,9
1110,1107
2180,4993
8919,3169
3086,4506
12167,10403
13,1245
19587,17608
7015,2275
3508,5138
3723,7012
9625,1116
2718,7493
6450,6438
12596,3346
14911,15071
1653,753
252,4644
4426,1278
14756,9306
305,306
723,65
453,204
2664,1780
246,3109
17013,8783
497,476
9356,1076
1061,60
3151,6971
3996,2633
15303,15302
7798,819
12352,7308
17,24
1290,7467
10328,7810
6120,268
5696,4636
902,9048
16717,16719
998,2340
18028,10868
11472,18226
3169,10933
8460,911
6462,382
16651,7239
1054,959
2956,13269
4991,13865
65,3074
163,199
17427,13095
6193,16180
5563,11812
2308,401
5097,1459
107,4239
262,1898
3326,155
17869,10407
725,87
2533,3902
6036,5993
11363,1852
15468,9461
542,1134
5067,6131
9499,4521
2343,3778
17881,10417
10116,10347
5961,4129
16446,9816
1783,179
1079,3998
11395,8156
2338,401
6050,6049
642,6626
8928,8088
3906,4005
3420,13911
4078,1079
7920,2636
5824,4016
17,158
158,2083
581,2186
1782,3337
5233,15626
1174,9870
68,3321
2227,12089
2265,1993
9075,4351
374,395
47,0
3314,3312
6557,2066
13460,5369
566,565
4559,2291
9359,1077
4574,5043
1988,180
16597,10520
1840,2002
2328,1002
3611,9133
5339,187
6120,752
2541,2049
1044,2068
5046,5038
9918,10116
4581,2989
4136,14616
4053,4001
426,154
863,155
4909,14539
4008,94
255,272
7123,16598
4114,1244
6246,3493
7829,774
1041,2147
7295,7256
7999,1185
8744,2093
8929,13924
12085,5354
16646,19430
22,478
2155,4615
12005,12006
56,62
976,7387
3760,3375
14118,3625
16932,8123
4346,3472
2928,3784
459,452
1219,4112
4452,2178
4042,4000
1029,982
3997,2537
2636,1131
60,1120
2155,11381
4038,94
80,2526
1717,11155
5546,1173
10418,10415
938,2557
10387,8850
7316,3006
11362,12664
5824,1117
232,5549
5357,8821
1119,4066
3091,5094
3638,1291
1301,3548
10537,3132
8914,10394
84,1864
17,642
370,6
5891,3278
4862,3365
2933,721
6636,16429
9,0
50,1
1077,4005
303,2167
1934,428
6173,16173
215,68
36,1823
3133,3226
9769,1459
3753,14231
2895,1368
3904,4012
81,253
18523,12596
8647,2294
11207,1772
2260,39
3339,69
441,7
15747,5357
4704,12174
15420,4962
2576,2527
79,2809
146,4785
184,5077
3228,238
3382,4088
3614,5377
250,4384
10005,10195
453,17
2641,4053
1096,3092
5891,1534
72,325
2262,1024
2267,1368
7275,7273
5453,1308
8046,734
11213,9292
13613,8323
2243,10581
2290,39
18530,12612
3164,603
89,3877
5660,2540
10006,1910
1074,9345
17428,9188
1081,3908
90,315
2148,2615
8421,796
15331,5270
2729,4058
2756,11331
4909,4069
18847,13982
4136,1113
3929,14406
1094,171
1135,172
4022,4017
9958,9975
14242,3771
6196,9875
2380,3123
5499,4285
5031,1965
957,839
1244,115
1258,13
3909,1107
9597,1109
13917,3422
137,2763
1088,9401
2368,1019
916,249
155,5032
5375,5158
3918,4044
1077,1106
7,438
17,1126
748,6300
2192,39
3047,553
7239,16452
14443,18929
3385,13380
3122,4110
3932,3161
2707,5588
6900,1710
303,2651
258,1188
9292,11211
727,3918
118,4591
1288,13
2819,1076
1315,116
458,495
17875,10415
5936,3131
8699,1248
15846,6601
15285,12226
6412,3060
2222,39
15690,11723
553,732
1256,10274
15802,6302
9437,14194
647,367
10633,2169
2295,517
4024,4039
6006,3311
1107,1291
1238,2528
897,2235
12533,2540
6447,6437
3944,1077
2448,11312
2223,2334
5270,3428
19082,19086
3900,3222
1190,13
4636,1570
8466,1804
157,5054
2886,1143
66,3246
1093,80
2180,163
7438,581
4749,3167
9675,1126
3601,1088
7603,648
1107,5613
1219,2636
3953,3233
1110,3632
14903,19048
640,4649
2178,11609
7240,3979
11543,1959
12179,18415
16673,7295
7337,7295
6838,7382
6057,401
537,737
518,495
996,497
1220,13
1481,8648
9647,3400
9802,4469
18774,13614
13,737
4848,1052
5119,7931
3330,1914
1041,9315
8379,2158
12597,18524
268,697
3702,7155
11133,1687
522,3997
11470,5244
56,814
14918,4430
2695,585
157,866
5967,4241
6509,6510
155,39
11433,18194
282,6230
15521,19218
7147,2071
2217,12072
17567,9615
3840,1612
947,204
5128,1227
4503,5339
8856,3436
11908,9792
237,5706
3346,12596
4358,262
1085,1077
2252,954
10937,5131
376,388
6048,16099
2778,246
13679,7309
2409,4321
4602,15117
5569,15872
10244,3632
17,455
86,60
3293,3321
12869,11641
3399,4471
5094,303
13879,3398
17154,17151
2776,2802
4004,4056
1512,548
4729,9415
18753,16658
4500,2947
4283,4410
9090,9093
1115,1077
4496,5457
16804,16745
996,631
232,235
3384,1345
10082,1210
4032,4010
5016,3214
5410,12967
116,60
8262,13785
1278,10116
8482,5423
2367,1412
1307,2186
758,2910
5782,5376
233,56
266,4
7277,4530
18190,11418
895,929
3147,62
7768,7773
1183,4779
1613,10779
1107,4003
9780,10829
18944,14509
3927,402
783,8043
1086,682
4135,1105
4193,2773
4035,3907
9642,4479
15013,17606
1932,144
7329,7322
7124,15026
113,112
94,4034
620,3326
403,4789
6655,403
5798,3226
34,4
2067,7135
154,5024
8650,1600
8615,825
2068,11709
3940,6649
5504,1998
3902,3913
4328,2035
6838,16510
3903,1105
9006,10280
7898,3658
9446,4136
860,8798
86,544
6058,6721
4241,1100
6548,2384
10354,1278
1126,57
14868,4396
10318,17836
4083,3143
8178,2894
3632,238
4403,115
4468,6926
5284,1850
60,262
7491,8380
7945,7796
426,585
204,1704
7256,16619
730,996
1573,2439
5847,243
14201,8255
1653,3896
13,1355
2637,94
4235,3133
424,4861
553,545
1993,3964
6767,8699
3426,2240
8716,10275
4009,1100
783,1761
3918,2702
5371,7080
1954,37
156,5046
2709,9769
3141,1290
352,262
3913,4021
2901,9939
3452,428
236,2531
15812,5490
5530,6578
3761,1937
4010,2641
450,16
4679,6183
252,5693
1210,10092
1919,1921
40,1838
331,324
57,1253
702,237
2084,268
2751,731
8043,733
19682,18113
5142,5126
2654,798
4001,4026
4056,3925
2270,3841
107,3999
7300,16675
2512,156
9306,10117
101,4184
4340,11039
176,5267
13115,2866
250,5970
8027,5111
10885,1802
2417,12347
1141,3697
2873,13152
3169,11982
3553,79
1796,925
15140,15017
4010,3930
1221,428
3996,4032
13282,2979
1131,3918
2781,731
19112,19838
2385,4703
57,2542
1879,2091
4663,5249
18310,12734
1306,2229
122,4657
1278,7351
3859,536
2049,58
2002,1932
4008,4042
441,438
3195,13553
1831,8466
8608,8624
5611,2729
721,263
3,212
3566,9524
13986,3482
9110,914
6933,11754
1398,2168
2041,11659
2169,2045
1009,895
1368,10627
4283,2934
18207,11451
5236,573
6046,6040
781,4451
3644,732
11139,1695
87,2542
1924,11259
1947,131
4218,1758
1251,10227
5632,3956
10532,4666
1110,2640
2223,12080
15727,19257
57,1387
69,458
17,268
3482,6039
4991,927
5574,3197
1711,11151
11450,2496
18873,19798
12547,2543
683,7676
2161,7415
327,6351
659,674
1870,69
450,6916
2835,3195
14361,3894
3143,1096
1119,4042
6849,1826
3390,3417
615,567
12189,6218
40,2322
107,1100
583,7445
12596,8262
3415,5167
268,6121
6630,16425
956,79
1866,300
3480,866
4018,3925
10222,17807
2151,2913
3397,3083
14071,5259
2340,1122
801,3359
13017,2815
3817,3642
1083,39
4858,374
7552,6268
7309,13680
4635,13134
10002,6140
15673,5973
12176,18414
5678,4085
8878,2203
337,1912
6225,282
7346,9583
536,7225
5371,3376
5278,179
1102,3472
4419,7093
403,1219
4776,15244
8930,5776
3013,60
9003,17366
14229,3751
1116,6753
5450,636
1272,850
3564,1102
5231,3746
18431,12232
5535,6601
3928,4008
62,1865
2235,897
4428,14911
4186,102
10407,5263
1247,39
851,39
7387,8244
410,6712
15711,5302
2705,65
2300,8647
5193,606
11460,18220
39,2231
12136,6691
782,60
80,542
9,110
88,403
1110,4063
1683,1481
13293,10953
62,3154
426,6814
2909,3628
1126,9669
6061,4738
2052,35
4092,14561
18519,12587
2406,5259
2203,204
4011,4019
10897,1491
4749,1504
549,239
11211,2590
1742,11106
6696,6417
13,1168
8151,10868
8387,787
1081,2729
1225,5891
163,1866
911,39
10116,1276
1100,3910
3660,3388
3192,1822
4991,3639
3907,4019
14710,14711
10514,1322
268,2067
8634,13846
3073,13427
819,7805
2576,543
4761,144
1094,3314
5122,1089
65,2647
8523,7599
10002,17362
2537,3998
2822,13027
3632,5662
3312,6246
3904,3906
10757,1430
3337,10440
10350,13349
5586,2886
930,5542
1819,11302
4849,149
9,244
4071,4019
60,2653
1571,2340
6951,469
6218,4267
8830,3935
62,255
442,476
9003,10279
6572,7239
4602,4594
428,2298
13,1302
402,1077
610,60
684,9
3361,72
4,250
3214,13608
3750,1345
3932,827
4662,2393
635,1056
11349,4351
1149,1277
1175,246
172,1554
1672,1052
4297,925
8340,10874
2229,1909
4440,1233
2154,8151
8835,2185
7959,4766
115,4403
500,1770
10806,5240
13087,2859
3906,3928
3935,8830
2362,12237
4005,3907
11405,7262
6209,1306
3638,4113
2368,913
219,215
4764,7342
10530,4783
7180,2934
4869,3194
1020,4630
975,3167
4058,3918
2535,272
4455,1110
3161,3932
3400,5638
6041,6044
6532,3652
2894,3588
7079,2101
9515,3233
9306,13447
5882,11649
2183,2264
6878,3508
8191,4900
388,374
2380,6750
2528,232
10335,10327
392,493
3398,88
1142,3465
1123,3223
11911,2495
1126,488
80,1160
155,2243
303,2895
4129,7891
8415,794
1107,3629
15957,8928
169,3080
5654,2723
10346,4450
17907,15078
1543,1715
1104,1079
4514,2979
13601,3214
13778,4796
4005,4041
5010,1116
2637,3908
1427,7367
1780,315
4779,1183
6596,388
13593,5016
431,986
3471,1101
2638,1100
631,1017
180,5282
10400,17868
3650,11397
2742,3143
3998,4001
2871,2799
3912,2537
1005,4641
1089,6032
17,565
16920,7820
60,2921
1772,612
3060,9087
1909,3327
63,3192
4891,8190
4010,4011
6913,445
11510,5318
6025,922
2702,3902
1766,16
1807,17
4412,4930
10387,7618
4356,834
1453,10816
2546,356
10326,10348
2809,13009
579,4775
1993,6973
2067,3512
95,232
2593,2804
3228,1100
282,58
160,3101
5583,1112
5824,4207
9342,7330
1837,17
4328,7272
4392,2369
8853,8859
3891,855
16250,6281
2260,1840
4383,563
4104,1902
11985,18362
2858,3452
3238,13307
1285,6105
5516,3273
7302,7329
5174,15587
517,1803
7074,497
2330,6716
618,165
1757,438
14418,10336
375,407
1111,5925
48,12
14409,18918
1925,22
2503,1948
4125,9545
39,2178
701,7747
8910,883
3748,173
866,1398
914,2378
1430,3426
1110,4010
4183,101
9045,4491
5,315
416,2101
2530,2990
1329,6003
4228,4947
1910,7446
14768,10341
15015,19078
16514,6862
1108,4314
996,875
3133,250
734,8045
13,1115
39,84
9629,4138
56,253
10883,7367
5699,482
7700,2248
243,79
10308,4426
927,8625
2557,90
2235,39
10643,2430
12421,2461
7694,1679
94,3928
154,7
1711,39
5453,4398
7129,2432
8436,11149
384,469
21,417
2478,2426
8097,9239
2887,7549
11568,1993
10387,1686
7745,16893
7097,642
526,2804
4008,4018
428,17
462,5263
92,68
4266,112
14061,3632
255,1752
13293,15572
5384,3480
18474,12360
721,239
1882,11413
3147,1245
545,13
9547,1453
12701,2636
14352,11163
1100,4207
5372,11764
472,474
1504,4822
8144,2265
2003,39
298,1075
721,1178
363,1470
1122,2276
573,3000
1624,3426
96,1126
2013,4699
2729,4115
3415,1410
4208,13878
9578,4149
12453,2507
9636,1121
3813,14288
12698,18553
19950,19758
1272,2220
169,1604
876,2220
5454,9295
10511,1321
1120,2580
19357,16211
233,2528
8068,8255
563,7358
1233,13
3347,3346
3896,178
3001,2709
14638,4178
2067,11701
9870,9811
2167,39
7700,4826
6585,2695
11014,1568
12144,2287
3650,9921
1104,3925
495,434
2924,13227
7594,643
4445,7940
8626,4991
302,39
959,5264
5370,9193
663,18
8705,5284
12311,2400
12106,2934
2242,563
7252,7295
2636,3900
11433,1902
3115,9762
8528,1423
12513,2534
2781,1780
246,80
2703,2089
1134,542
9310,6562
2197,39
2818,2601
11644,16085
4008,1119
2002,2981
2611,56
4589,118
4654,5431
6999,7007
1755,71
18165,11335
6271,6268
3418,11641
90,3889
1351,5091
721,4695
12,34
4329,2638
65,3078
3812,3809
9287,2764
13869,4131
5531,227
4037,3927
2363,866
3918,4235
910,4567
8097,1213
4038,1119
5929,273
12371,2427
13501,3146
2427,12370
958,851
1801,2294
1107,2637
3398,3418
5163,6597
3526,12463
5250,15641
6038,6043
10116,10351
5078,1571
2581,2607
14988,9013
2519,2695
249,512
415,3433
11017,1569
3214,5179
2199,246
84,1384
9946,1430
68,3325
7672,10617
732,107
738,4059
9807,4469
1056,204
12516,2535
1384,1201
2383,3157
39,1991
4328,4991
6931,9077
2514,2859
2347,467
2897,13177
6994,731
15115,4600
397,1672
19209,19210
4053,4005
2310,585
863,159
3480,171
1126,3013
1427,2187
4177,99
238,107
4949,4328
18116,11176
4513,11345
6478,814
13675,8536
6326,3426
469,1925
18369,11999
1086,2833
5286,4852
1425,801
2550,1176
17,1801
2836,13059
975,1504
849,8747
3632,1100
60,1124
822,1447
12074,18381
7933,727
5728,15935
7196,2154
4780,146
2576,303
14323,18906
2388,252
1909,8885
7021,4782
2759,2639
10023,1195
902,2315
7342,3642
4491,3426
3069,13418
3467,1413
6446,16336
6269,424
13552,3194
1993,1793
15214,4740
4868,151
3541,3025
15239,4770
1077,4009
9236,1000
3081,3040
273,3460
12874,2727
4930,4412
112,4266
30,2012
5423,8482
11732,12736
3378,12079
5637,5967
6189,8924
10329,1278
2328,2429
3095,3096
5183,15596
7256,16676
3841,11022
18610,18611
2062,5693
4006,3919
5962,250
2889,4159
1096,9512
11801,8527
356,2532
2527,545
598,2065
8039,2011
565,427
6525,363
1105,1115
11190,15728
15963,15165
115,1130
5261,4525
588,596
1866,1967
4118,1100
453,371
5248,5983
5957,4228
2343,2306
2040,2497
4074,239
5453,14494
10350,9271
1635,11079
1544,2855
3840,12086
1430,3507
6373,881
600,17
16348,6466
4650,2277
1226,1233
155,5036
1375,13
618,596
2495,44
5057,157
1077,1110
7,442
3157,3169
3916,3221
7768,6220
1297,884
11785,2116
6377,8355
840,2860
2695,6521
10346,3271
165,5165
15583,6784
6721,16466
630,17
3888,14355
10287,13429
84,258
497,427
6508,16358
2637,2729
75,3178
441,495
2043,6716
563,2178
883,5566
5258,9838
3467,3186
237,4637
9298,1022
6128,272
1078,2809
3934,1117
3368,2426
7764,7767
4068,1117
453,6921
8282,3034
2266,5418
11419,12881
16276,19371
2169,11901
1056,17
3927,1077
157,5058
5270,15675
11898,3467
14989,17133
4983,1123
1173,13
14741,7205
39,1804
751,2764
2532,60
369,218
866,1024
3507,1430
12491,5674
1077,1244
9769,1142
7004,2952
6940,7663
15672,5270
16673,7299
11078,1634
2108,11783
7337,7299
2368,4540
1124,2753
5143,5138
10828,1459
3622,2319
4475,4450
60,3031
2574,2164
10345,10350
2193,752
1317,1081
1203,13
251,5982
2958,60
387,393
2562,60
8295,771
2104,2400
2293,5305
4516,10116
10633,1368
2380,10377
3390,7796
4774,6210
7430,11812
1563,1487
3230,4131
12368,2426
8529,8522
394,2503
282,6234
1077,2533
10275,5043
8793,1398
639,2307
10998,2405
2650,65
10013,14842
356,3150
929,568
11247,9525
7054,6987
631,911
94,3904
1085,1081
14589,16394
8798,3435
1136,80
3928,4065
17,459
1944,24
2367,127
8793,12136
15728,11190
5463,7721
828,866
18499,19748
664,7625
8806,1983
6882,437
844,8724
14776,4327
4862,149
8642,828
9603,14570
9230,998
4097,1780
8968,998
12094,3139
39,2288
3447,13941
4032,4014
56,13
83,116
2328,2242
435,9
918,917
233,60
238,404
522,4135
12435,3782
18,660
7317,7316
125,4664
13,1225
925,2273
1183,4783
5270,15004
8827,1116
5950,1931
1753,10763
7418,982
2811,9916
1884,666
8088,16992
8436,5432
8298,772
8679,2184
13749,3305
10118,4412
94,4038
453,184
1112,3038
876,1041
1194,10018
10660,16480
263,60
239,3638
8358,9124
753,3859
5434,15785
12226,15285
10435,4469
3159,426
1027,2149
4946,9780
11355,5378
1056,635
10415,10418
12241,2761
6520,1121
2786,595
411,6724
2188,11980
29,14
1147,9798
5777,6675
7560,634
3724,2275
6,30
68,1662
1489,867
157,199
8018,731
1316,158
2723,3629
4070,3851
579,831
2838,1135
2535,1134
2975,5570
4399,14872
4403,9918
2641,4004
9996,1924
1056,1924
13,1359
5016,10118
6357,726
598,2012
3674,4790
4008,3912
553,549
6938,2169
1019,2042
10978,4465
16851,7630
1491,10897
1154,9814
1104,4035
1274,282
6499,15304
3084,2480
14661,18982
9041,17394
11792,18160
1442,1586
2973,2649
827,8638
39,678
176,949
1210,10096
2743,5570
16695,7275
9241,17455
331,328
358,431
2273,925
4038,3912
19483,16968
189,5348
7840,8514
7938,4885
11049,2022
770,375
10341,14767
11,323
71,374
5250,4663
11709,2068
585,595
7637,9094
2011,1864
16520,6870
2193,3598
9982,2002
1081,1176
876,8880
4398,7049
386,385
7388,5357
7485,594
7733,696
2013,1910
9609,9341
13995,13994
3996,4036
2074,873
6750,2067
1810,4210
1644,11088
12852,4338
6725,1256
1795,11257
4049,4047
2664,1089
6893,840
5270,4884
1294,129
3276,1845
3453,3235
2641,1105
8126,748
3,216
435,627
1085,3927
10579,5267
3782,14256
1368,10631
267,262
12017,2197
1699,11145
7398,6610
4865,1573
753,155
4987,250
4019,3996
158,2197
17217,11655
4312,8190
1094,9466
12075,5935
2285,3513
10576,2875
918,2824
3855,2060
6444,6440
6690,2709
3956,10248
3849,14323
40,2326
83,2962
313,5868
334,329
11652,2045
17,622
15111,19113
4769,2400
60,2978
16675,7292
1128,2819
3939,1384
8536,4537
7309,16717
7796,7945
9974,17709
3398,2723
2150,9862
4110,4649
428,5067
2210,1245
329,335
752,438
4797,4798
9147,3378
9027,14573
7028,7026
10440,3337
536,7229
1520,17
159,863
7258,1072
2151,823
1459,10129
3632,4243
16875,7703
8083,3629
94,3851
2246,7476
39,946
1909,2229
3943,4135
7138,1909
3629,3945
4290,1210
3233,5665
356,6480
1041,167
3928,4012
13152,4525
8373,1109
245,233
6907,441
13763,18450
465,7
69,7
9678,8275
588,572
6725,6062
2586,12620
2822,65
8500,1823
2226,12085
12794,2723
3386,403
4022,3997
631,2147
39,2235
106,4211
149,4847
801,2558
1145,116
2294,5049
18876,19803
1991,1830
1430,3483
108,4257
3754,1738
60,79
13,233
1126,9673
17151,17154
12141,12142
5394,15768
4782,2180
866,8810
7167,2623
585,4596
881,3426
10576,13158
11304,1819
19533,17299
5624,3398
13,1172
1914,5932
13758,3530
2526,80
3444,13940
2928,60
2489,3396
6200,6190
548,3401
11275,6901
3398,4146
2527,655
624,3396
1236,742
804,8467
4746,1560
783,8344
5654,3398
9002,6140
9803,9801
39,1430
4331,8673
1499,4535
10222,6752
5076,159
12302,2395
1096,1112
925,476
1751,60
3442,3290
1093,60
1850,39
9960,14107
4503,3680
15714,5307
6845,986
12135,9987
437,1826
17,1240
783,773
2388,1785
3164,2006
9124,8358
12874,10326
4975,3086
402,1081
2265,631
4214,2207
4,254
19991,19974
6036,3476
5442,1771
11646,2067
2336,282
1672,1056
2317,40
1219,522
252,733
5357,909
8010,6802
8536,8538
7008,6992
97,1384
4460,169
1079,3925
614,7538
2636,3957
2806,6620
1245,5126
4786,7509
5140,3311
1191,9993
9197,6742
11470,2780
3386,8592
6987,7054
6318,314
8695,839
6854,5212
5178,570
582,7441
866,784
2729,4306
6514,5329
2990,2361
5092,15513
3119,2771
16325,18619
3784,5605
4605,119
5295,5292
2727,9306
15475,10343
453,1554
8608,4253
16393,14589
1653,5486
5615,5647
3037,2557
678,5055
3212,5564
4685,4959
1044,5378
3453,2243
388,3761
8275,9678
16275,8302
2187,3326
14902,4415
6290,11828
896,3413
2035,3686
14120,3625
11649,5882
7640,12321
303,6282
766,1088
8506,3545
1772,1771
4452,14937
1219,4039
1052,4865
3466,2074
6647,4114
10002,10279
3999,2537
3598,2193
4042,3927
3906,94
3701,7798
79,3541
339,462
4294,14728
2900,13182
8523,3899
930,903
2186,1761
6926,4468
14326,3851
4534,7018
4560,1823
2822,2911
7329,7302
1137,7797
7698,783
4048,5812
5851,5119
5194,648
1687,3511
3998,4005
971,8259
2421,12366
10283,1257
6649,403
986,431
2102,7136
3231,2557
19505,17158
173,5246
7902,3407
4070,94
4574,2071
13424,10287
272,2781
8551,820
354,339
1932,2002
10744,2756
17340,15176
403,6647
2727,7346
3472,12418
8823,8863
11335,7361
7646,1882
16089,12218
4786,6838
4072,1079
44,1052
2793,237
17,1858
972,3542
1077,5810
60,242
41,0
10559,1663
14653,4195
2416,7834
10969,7196
12134,2274
3157,4836
3991,4473
4060,4078
6527,3365
9013,10276
11828,8583
732,2742
1317,5647
1864,1844
14388,5617
3930,4005
4135,1219
9900,9547
96,57
11863,2161
12310,2850
567,3614
968,4712
2205,1356
338,344
4865,2004
190,1412
90,242
4159,4996
13674,3241
69,3337
3109,8178
15121,4606
2294,1024
3925,4011
19592,19920
9,61
3567,2051
1027,8675
19053,14916
3744,3441
12047,4318
5,319
1061,1089
32,422
2743,12901
947,8157
2859,4216
8709,2294
3903,1219
15015,19082
2875,10576
1129,1223
8097,4921
129,1294
313,3855
3080,428
1925,376
4946,10829
6190,6200
3215,64
6694,1569
376,1925
1109,756
2755,12911
6916,450
9,411
532,6602
8717,842
3954,403
855,3091
4131,5957
1502,458
4203,1107
4604,2205
376,5308
574,597
1121,3210
3746,14225
83,3743
8853,1642
9976,5354
303,3517
814,57
3632,1291
3415,3508
154,3394
4008,4022
1957,449
16239,12646
6191,5270
8202,7724
14215,13902
2452,2148
10782,1438
696,186
7451,585
2540,3658
919,1921
6784,15583
4179,14642
16101,16095
81,2542
3902,3222
7303,7288
4657,122
2187,5233
16977,8037
4038,4022
4585,219
5524,11758
7797,7796
15178,4685
13,314
517,2291
2776,2595
9839,3147
15296,15294
14601,4115
575,17
1569,875
442,427
2413,12342
2742,732
7298,7294
2067,11705
1350,13
4001,1107
5073,158
4414,1276
1088,13
5665,4234
8123,12103
107,1080
12189,3754
3899,830
950,79
11918,9118
4377,1394
1909,916
1183,4222
2284,39
5887,3300
914,6249
4777,2267
219,4704
2523,55
17269,19526
4993,6995
7252,7299
2990,4402
2376,567
5060,1801
1030,947
5161,163
3536,1128
4006,1077
179,5278
282,6157
337,5864
2149,753
1096,254
19297,15918
1118,13
1097,9524
204,2302
2083,2385
2420,12358
730,8010
8793,5293
4980,2976
214,2266
6886,3162
2197,3426
12684,2770
877,4273
3432,3407
39,922
5292,996
6548,4860
6145,7099
7895,1110
3958,2699
19080,19074
6575,6683
303,4940
815,8498
9886,5571
15731,5333
1924,5896
10695,9093
15217,4747
1148,13
1282,13
851,958
12912,2755
10317,17808
1107,2641
4660,123
3507,4870
8207,17038
3976,3628
12195,18420
4500,12673
4326,14772
3074,2544
6038,6047
875,39
5207,3675
5071,596
17837,10318
636,7570
2343,753
12651,2606
1372,10644
10124,17763
732,5588
8512,15580
4011,3999
10279,9006
10443,1301
3966,92
12191,14864
517,7097
68,3329
11043,10341
410,60
2378,1878
15015,17606
158,1502
2188,8170
27,1985
2541,1118
39,1056
4574,7495
14311,4429
947,3648
5212,5308
7143,6335
5138,7079
4995,1109
17211,8701
1290,10403
11163,1748
4253,8608
3773,801
13677,18786
2895,303
6379,2152
12218,10429
18276,11654
1554,835
1024,1801
957,579
4578,6863
13903,17816
13266,18693
9780,16017
3751,11780
8620,2035
11536,14946
3995,4004
11307,11676
4203,3953
82,3735
180,106
1470,548
1148,4469
9525,11711
9873,4315
17,1805
5858,2049
1126,3367
5849,243
1265,4465
5432,3338
40,476
2641,3927
4487,8034
404,4136
5812,1115
6940,5171
13,1282
2367,2412
20,9
1780,2844
3626,14121
1957,262
3901,14326
6599,6598
10713,2427
2540,88
1294,3890
3911,3902
284,55
721,56
13873,3398
4339,2659
3327,2161
4190,13116
17738,10042
2184,426
5964,1105
6542,587
10528,10002
2431,303
2340,2659
1440,682
249,4383
2178,611
2768,3860
3415,1227
5278,777
5037,156
900,9039
3999,3907
5304,11797
7297,7286
6442,356
112,4270
3546,10728
4257,3384
11330,5378
4525,6582
7433,916
2384,6499
825,3388
2537,1079
4053,1110
17745,10058
10368,15732
501,66
1120,303
2699,94
402,4224
137,543
2399,10944
2819,950
3235,13660
6004,4452
6940,1922
7236,752
8034,732
6684,16454
5296,393
10065,14418
1359,1982
5077,1029
5512,7373
5562,2764
739,2274
1804,6570
3948,3918
768,760
1520,395
563,2048
9193,5040
9578,9577
10065,4969
1438,3214
159,4624
1845,1094
1079,4035
2729,94
6583,7138
2880,6679
3202,314
242,5790
7904,2729
5130,15565
8134,12051
2654,3892
8822,7729
12151,5503
3906,4042
4236,5674
2271,155
3210,7722
916,9117
1176,1120
1188,7361
7714,10152
10166,1237
5126,2210
3806,3811
7448,584
903,961
1901,63
2186,2676
2609,2779
918,303
1394,6648
2270,869
298,4759
7300,7287
1798,1813
60,2901
65,3245
2723,10236
11398,14691
4496,14996
517,144
3803,4452
86,1089
4728,3453
6092,6096
137,88
268,571
1801,17
5718,1159
4004,2641
9073,908
2180,2265
10124,2300
5810,4131
9466,9470
545,2542
3674,1948
3927,4114
1182,884
6447,6445
4241,5967
15008,9832
2169,11905
142,4754
772,2706
39,869
6696,733
10417,10631
3774,85
3927,1081
2846,11366
1831,17
6335,7143
4019,4053
4034,2641
39,1808
204,155
2124,4965
1322,3523
19876,19305
10816,1453
876,1716
2034,2039
2667,3672
4110,13216
4468,2344
5445,4541
371,268
1126,2830
2108,5371
4775,774
8066,2228
2178,2168
39,2158
15868,5563
2723,3954
173,2912
1861,17
7183,16635
11583,3436
580,792
4268,14714
387,397
3761,388
777,5278
1078,4452
5438,5440
522,4005
3390,7800
15073,4541
1482,371
1368,3467
3670,3653
2194,2297
10053,8610
9377,3897
163,4826
4602,4387
13,1095
56,233
5563,10023
10014,15071
2639,12712
13529,3401
2309,2220
6131,16142
94,3908
3045,3042
9949,10889
1188,6690
231,1173
1117,4006
3913,1317
4465,8438
7724,7725
2125,598
2667,2867
5931,246
3129,13478
2367,2575
3642,265
9093,8460
5233,5543
7157,1427
9301,5191
493,392
9466,1094
111,4262
737,752
129,115
385,300
2537,3925
3511,1687
5959,4896
1174,726
7998,730
2208,2703
4852,374
4308,8612
11901,5946
1316,3061
5648,4445
39,2292
15835,10475
2535,65
5978,6077
10998,7081
2941,3227
2873,60
435,13
9306,4380
536,65
233,64
1088,578
10005,10016
6302,3141
115,3980
125,4668
3377,2976
13,1229
851,2328
2620,553
598,1882
6278,303
522,1106
5694,252
7504,7146
3223,65
237,1876
94,4042
4445,7920
9206,1116
2542,81
1840,563
8710,3164
2233,9125
3214,1642
3398,4203
233,1353
17005,8125
5221,1910
6163,16164
8598,7834
1117,1107
1454,10326
3352,71
819,1450
886,420
910,814
3453,877
159,2343
238,2636
8527,8533
411,6728
2778,12981
11672,2056
4402,3655
3492,5154
2723,250
5092,160
1368,9212
5640,5627
4100,5010
18045,11960
3996,3906
4581,6811
1544,3961
4032,1119
8486,6438
1466,6522
10335,7810
4900,4312
5077,976
12701,4039
6,384
238,3925
2860,4281
367,363
8648,1481
2920,13222
12003,5394
759,2873
867,8822
4786,13043
1875,2196
911,9094
2336,339
10116,10331
443,358
3511,77
10897,10896
19534,17311
4754,15225
6987,16560
18456,18445
2410,12339
5975,16062
8835,2246
12610,2581
7081,11499
56,851
9097,12045
4574,4677
3237,2699
4870,3507
9809,9807
11065,17835
262,727
11299,8617
10583,13365
358,435
2794,4573
2985,5107
3661,10574
4210,2680
397,363
8432,8430
2202,2217
216,5455
1988,3197
2363,3074
9710,1133
3348,2126
4759,643
717,718
15021,19090
2439,3069
3657,3635
13836,3388
1583,2330
1167,954
7870,1163
883,1195
12300,9306
2071,11718
8821,5357
2303,6591
80,282
3013,2028
6268,6269
15134,4630
2340,996
18480,12399
10391,17867
1768,16
2638,12704
1823,477
2664,1093
3851,94
7674,1409
611,857
3701,1089
3,220
159,733
2079,1571
2781,1089
12748,2649
3632,4113
3633,14137
1782,72
39,816
1918,1653
11031,1581
1330,10528
10557,10558
13281,10467
3037,1459
2636,1115
1400,9769
9583,10352
72,175
4001,2640
4015,94
5353,1516
1094,9470
6815,4694
5946,2030
7797,819
1288,1607
5135,3508
2530,2567
3760,8620
5914,7410
2978,13280
544,4307
11923,18350
2679,2101
10335,9583
86,231
39,2105
4225,4226
1088,5868
792,622
424,226
9648,3957
5305,4858
3359,2799
1538,8548
4807,8523
14656,4200
4045,94
5973,8929
18259,19704
11854,2156
3674,1090
2080,10036
2765,3723
3734,1141
3639,2035
13,1042
116,231
553,232
2579,12608
363,6524
377,6
8241,10635
1161,88
12572,2557
2272,4729
765,8224
6264,3601
18307,12174
16,0
356,6484
2355,3451
9903,9902
12104,3620
13530,3169
839,976
12136,8793
8151,2232
7745,1544
720,1284
367,1920
1986,2830
69,11
929,869
8608,3639
11772,2100
825,8625
7799,1780
17798,10203
11,6
1504,4749
2180,7018
781,8326
6827,866
4022,4001
2362,84
1116,8050
605,930
39,2239
106,4215
2367,428
2945,2354
250,5657
9667,9029
3999,4017
23,16
5535,14314
60,2527
4915,8190
13,237
1126,9677
825,115
4001,4063
6437,16337
9864,17652
12046,11320
15224,13651
2844,11320
850,1865
17809,14125
1090,9431
11405,1875
2699,3237
3483,9735
17666,9875
5622,1077
4044,3386
9040,17390
2495,7379
2526,2528
1141,3734
4362,2729
4482,13411
4998,10295
7398,5354
4783,3725
2126,3348
14144,4509
5536,2242
7795,2546
3929,403
1812,11294
5453,4459
8116,15958
6302,16270
2773,12958
3441,814
4136,3325
5769,723
650,649
848,8743
2199,39
9320,11149
3398,1117
5313,857
115,1244
9927,13813
9803,9805
10146,10144
2388,3883
4351,5357
2367,562
14858,4387
562,428
10331,2727
15778,9460
5016,5747
682,5448
5031,8499
1805,2744
13040,8929
18454,12304
273,6152
4220,9977
5858,549
8671,8609
512,2004
546,7250
2229,39
80,95
916,6783
1222,6301
2365,866
1686,11131
5071,169
406,6681
13050,13754
6094,267
125,777
17437,12401
16,1773
7392,570
4,258
2695,219
721,2528
8016,4369
7465,7464
16918,8803
60,567
404,1131
1197,13
6440,16338
16012,12673
368,6547
595,7492
2259,39
6696,2937
5787,15958
5674,4003
3437,3458
17993,10754
2365,2155
787,5218
10140,1223
1081,3221
1117,3632
3720,3746
2706,8083
6020,1607
177,2256
6791,730
15220,4752
966,4402
15046,19094
12085,12856
1999,11604
1227,13
2873,1780
965,13
6892,8891
2881,9777
51,50
428,562
2217,163
11960,18045
17041,8213
563,198
857,8781
8883,17294
353,388
1459,4685
4514,10558
578,506
6154,5929
6926,11104
7358,7351
17427,9188
1444,5316
374,4648
3056,5055
5747,5016
5,55
122,640
731,721
1044,5382
2252,5260
3160,13514
4414,10327
11266,1799
1257,13
5135,1227
14468,3962
1251,8304
857,6687
9926,9349
1160,80
12827,2704
4578,7725
94,2729
4103,262
13153,2874
9464,6285
522,732
1351,6441
303,6286
93,60
3169,2838
3143,5589
14006,3500
4207,5688
3398,10245
4962,15420
3247,1216
79,3545
239,5712
9095,911
2340,2232
361,225
8660,17198
1671,6015
2146,646
9097,9093
2163,61
10279,10002
17259,8799
819,1076
4848,15291
5259,14071
6099,2973
1138,4239
644,1452
2060,313
2075,11733
10511,10510
910,3823
12532,2540
173,5250
364,6538
3154,62
3546,852
16567,11847
6679,5884
2878,4328
10287,3073
11955,11015
899,631
7299,7255
5556,5555
4503,330
2990,3788
2188,3100
16670,7249
1434,10774
3672,14173
2488,12437
3956,1100
3756,9148
17,1862
643,4768
6662,403
60,246
459,517
9801,4469
3519,4482
3512,3311
8622,825
895,1047
3649,14162
6015,10391
4604,5458
10972,4465
282,66
13,1339
3934,3943
5954,5951
9013,10280
10584,6800
3910,1105
3438,1295
5957,772
1316,4460
10857,1482
1758,2361
7405,1800
10822,2427
4208,3953
39,1247
3067,3045
4865,2008
842,1571
5648,3400
1396,2911
403,4907
2091,2012
4078,4072
3233,5966
5953,249
5111,8830
9810,1148
1269,857
3998,1110
17149,19503
10630,15439
436,1822
477,1823
11337,8885
10944,4460
1061,1093
116,1817
3590,2978
4001,4010
2182,1726
8859,11102
11220,2823
15015,19086
7,369
1089,108
1875,11405
7436,4654
746,3152
1269,5179
254,246
2933,1136
7537,3016
441,72
3400,9647
3376,2645
10151,15562
3300,6033
19067,14976
7054,5491
428,1530
9180,12621
1131,3902
4317,4596
12705,5611
57,82
62,426
2833,4288
3100,2188
2659,7141
598,2126
3740,828
4569,2373
16567,16653
1488,5078
4136,239
2169,2029
7249,16670
9550,1170
3927,4037
3662,356
11728,2074
1244,5657
10337,6653
3970,14472
87,82
190,961
6499,16357
6976,481
1809,181
1311,3846
3221,3996
5734,14016
17,252
96,545
1758,2845
15240,18399
12405,4164
6059,8888
672,6370
5049,5053
517,2295
2875,13158
4190,4797
5618,2729
3658,772
9800,9804
3233,4006
4244,13893
2703,808
3597,14082
82,88
3879,6598
8793,6452
730,6725
68,1910
4789,403
3508,14010
10830,1459
181,1033
7476,9290
60,2958
7572,3336
17715,19617
44,735
7294,13945
12501,2532
10778,8624
2710,4581
2147,11823
682,268
3178,10873
10353,1278
1387,57
18305,11754
46,27
1290,124
522,3928
1370,3271
4135,3935
4577,116
1294,243
3802,14083
1426,10750
827,7947
8523,10132
1097,9528
4610,5891
2707,9386
5142,1056
4820,1005
2578,116
4369,5270
1430,5207
4973,4253
7001,10286
0,32
5244,4716
1882,2106
4025,3925
3223,13625
9527,17535
1384,1075
2154,11839
721,731
8121,11256
3957,9648
227,1916
80,2620
3930,4038
7478,5148
1597,5505
7218,5975
878,156
1645,69
3639,7272
6232,282
2913,752
5,2
1135,721
947,7840
7239,16651
2117,818
19153,19152
7094,1186
3020,60
2624,60
13425,9925
3233,1107
772,4052
39,2215
18753,13556
1967,6886
403,3431
1110,4047
14604,4120
69,1865
19810,18900
4635,3453
65,403
1180,90
5268,5086
4996,426
646,156
1910,11455
10061,1203
1482,428
13940,13939
1657,7599
4061,4120
14465,3961
2890,13169
3178,1558
3276,2093
17881,19639
13,1152
39,121
3912,3997
6284,16256
4283,12046
1107,3934
3380,4136
6649,14691
8991,2198
14959,4469
2239,6419
3263,4490
12396,2441
8851,8984
15188,4706
16640,7196
1077,9360
1738,6625
1024,866
19000,14722
19079,15015
86,2569
11423,5089
4253,8612
13943,3448
12064,6583
6752,16482
5089,2468
6838,15502
2275,7015
3782,12410
453,1050
5317,6267
9255,1116
1909,249
5369,1704
4144,4131
3751,14228
866,4602
19203,15431
2706,12836
2593,881
2672,1174
6115,3214
9327,10791
9430,1090
3327,3320
1763,5527
6262,12309
2647,1117
2377,1256
4166,857
9150,8620
17,1809
2334,5501
1133,2098
940,737
2170,374
1143,1096
2638,250
62,239
2982,60
10297,17829
5791,242
13,1286
20,13
1780,2848
11663,2051
9161,2743
14570,5020
852,5993
1272,163
4011,1104
4203,14106
19434,16653
9668,1793
420,886
721,60
1079,522
822,866
3461,11025
2059,1482
2286,2427
302,76
1121,933
869,8791
3471,601
4856,149
1079,3905
4078,4019
1323,101
2147,548
72,553
58,655
4648,385
3906,3912
9391,1111
191,1938
9017,9006
1257,5116
4041,1104
691,9
4858,5298
68,784
842,5840
849,595
1081,4136
11420,1892
107,3930
642,1056
14680,4225
3904,4024
3348,6021
5111,15543
6185,4087
9206,15294
1011,9032
12019,12020
3349,3213
773,3202
2146,11815
18331,11849
18279,11659
2966,13274
11065,2832
19242,15678
3502,14008
44,548
1427,2679
2432,508
6513,361
752,7236
6786,1459
11700,2067
4012,3907
8713,1024
2777,12971
1332,2792
1516,5353
1993,57
4491,9045
11244,8617
1843,1052
2051,35
10191,4146
3169,3403
8409,13041
52,35
7230,537
7426,2169
172,5055
5246,2912
282,497
3587,129
14633,4163
15389,19193
16861,9318
758,426
395,374
9302,4398
4042,3907
8620,10228
10701,1400
1762,282
5003,2373
4005,4025
3914,5627
1780,6715
9867,1174
5376,9559
1324,56
548,1555
4109,6068
8282,814
8942,8966
107,92
14983,6612
16878,19471
2176,272
5957,14385
6189,5094
587,2422
9334,1061
6266,2308
922,426
796,8423
5662,3133
5453,15791
11119,11308
12313,18458
10847,11374
424,149
3872,89
2259,8793
3472,9015
3639,4991
18678,13195
13608,3214
86,1093
5029,187
1918,3804
8809,866
10116,9583
17069,8277
16857,7640
1301,1361
1273,5729
7295,7297
8580,13057
11168,1751
1784,17
3701,1146
13,965
2447,12412
6033,3426
1384,83
5176,6249
6831,3406
2168,165
5016,10663
10839,1468
87,2607
2693,12818
17420,11136
2860,2378
3927,1085
2633,3907
4042,4041
733,2193
4525,14775
642,385
3838,13845
60,1161
6974,14422
8536,13108
682,4887
1773,16
1814,17
3639,13635
4035,4001
14458,10308
3422,3020
5636,1107
1276,2593
17084,15509
925,858
6368,16305
15721,15720
4319,3945
9092,3382
14377,3903
17852,10362
6300,14858
5371,1563
39,2162
199,165
7749,835
7354,16521
19095,19094
3368,690
2012,1880
9262,8674
3746,84
6148,16157
9151,929
7970,9290
14704,8620
2,1
3336,4535
303,3147
3670,3657
3725,146
4322,8538
16228,6260
5891,1225
13,1099
2527,232
858,925
56,237
9271,4414
914,268
3230,1106
1278,10344
55,12
14946,11536
1932,22
94,3912
3440,13933
56,1176
4039,3904
4923,1184
3264,13707
9019,17375
315,2568
13799,8369
2013,361
3221,239
884,8912
5896,5891
125,2444
2427,7548
388,5298
2886,3144
691,2855
3426,8750
7426,11647
11022,13737
4043,3996
1398,6100
39,1357
1491,2127
2055,4909
1276,2727
5371,4730
4615,1189
11098,1654
4093,6742
3233,3632
1187,403
11678,15704
39,2296
780,8158
2573,2805
816,5371
8902,14881
3997,4001
13251,18686
8379,11164
17517,9459
9537,1099
5016,15469
772,1100
1088,3026
173,17
2850,80
1265,4416
3383,2795
4054,7918
7132,1909
11478,5443
428,4673
5067,158
14958,9802
4662,4768
13,1233
10345,4426
1105,3380
2225,3411
5785,6036
16500,10465
10468,8963
4482,636
5523,374
5001,7617
3979,8683
163,1931
636,1589
2630,4628
339,3288
3078,65
6980,6591
1856,6927
4194,7524
3466,1867
56,721
106,84
1076,2800
2470,1902
3908,522
2913,12271
3629,1107
5320,8309
2174,39
2440,158
411,6732
70,777
11548,4468
5455,216
267,5263
246,4386
857,6260
7145,16615
13090,5131
11878,18343
1111,3144
1180,2749
2088,11757
3293,784
3938,522
4578,3326
7294,7289
2156,11137
2858,4993
12555,4972
7097,5432
5643,10251
1111,4083
115,146
3943,5969
6,388
2535,553
857,4166
7006,7007
10614,10612
911,9098
10939,1512
1104,4043
10116,10335
6026,4512
7733,1859
3617,1231
2203,753
420,6794
6189,6196
4663,3033
14081,3597
1625,11070
1142,7718
2083,5532
13876,4131
8583,11828
5542,908
4270,7653
2068,1467
6118,2007
1866,4716
108,264
4149,9578
13824,3382
943,9171
7079,1227
7473,592
155,1019
198,157
784,8360
239,4130
15732,5334
1081,3628
1119,3920
7970,4781
13937,3444
1094,3863
2778,3670
355,491
5391,2028
3904,4455
2663,12765
3007,13329
4339,4383
65,163
428,969
440,40
1801,2412
6892,438
13378,12498
8631,8620
13266,5841
374,1672
835,2067
15026,4512
1793,4214
88,1086
12904,8643
8224,7707
12517,5753
856,8771
3,224
2620,236
4238,3927
4365,10118
1903,595
8462,4088
4402,14881
595,1267
2360,282
7353,7599
4949,8634
8542,819
44,1918
921,2191
5365,6068
2913,2151
15449,4995
5462,15800
14748,14747
4019,4004
13241,2936
9915,2427
1107,4044
2337,1991
2763,12945
4365,8024
1094,9474
7367,14071
10163,12328
7811,721
517,1734
10570,1348
4054,3409
2729,3912
17,630
2610,56
2823,3547
4014,4010
1011,2242
4846,376
11905,5882
16741,15467
4671,11864
10406,2822
91,3962
12587,18519
6218,628
4000,1079
1276,9306
11639,9146
17360,10786
4110,4657
13,107
1916,5502
486,4491
2124,2233
814,8494
4787,146
389,394
818,2197
12370,2427
9,338
2010,6268
2985,13300
3763,3768
7347,563
60,303
6099,1286
2380,4266
6167,10088
319,5
2378,7603
57,5
2641,4041
356,6488
13122,18654
698,2253
14282,5252
2709,12843
199,2340
3793,3795
3398,13819
3930,94
2163,252
721,170
19,652
3013,422
5936,6368
3454,9964
825,8629
13482,3132
5964,1219
1100,4138
4591,742
2414,7418
3078,10616
6196,8924
2540,1141
7430,10023
721,1109
4022,4005
106,4219
3132,4436
1100,1105
300,1052
3244,1459
1024,8465
5367,1902
5969,250
17895,10490
9804,10435
2101,7079
1884,2126
7,426
4224,1106
4017,4011
1245,7094
595,596
1075,1987
3901,10252
3920,4078
1126,232
1902,453
2270,849
3330,4801
3961,14467
5907,3694
7252,16675
9648,4445
8286,1848
1130,1105
17267,8827
579,7418
1276,7346
913,124
3277,2696
4297,803
7786,744
19905,19515
3725,6993
81,725
251,3388
15918,19297
1106,3902
237,1238
2171,1782
5068,10479
763,6946
1792,1197
4005,402
7358,5932
7573,636
916,1526
10629,2038
4047,4011
7918,4054
2176,11925
399,253
1641,1967
18249,15690
5192,2786
12310,3045
634,1813
13266,17197
4120,1291
2141,38
6119,2422
12285,11848
322,6
1044,7346
18217,11456
3761,2112
5595,732
6283,5270
1319,2855
245,725
1270,10318
267,1238
1528,2440
3710,80
5069,4823
8519,1426
19977,19926
3632,2641
2820,1265
8775,857
273,6156
729,2989
512,2008
546,7254
6424,964
5632,4936
2727,10119
406,6685
1089,6715
6362,16301
2699,5819
9392,1176
12432,12433
14812,4396
16,1777
10341,9461
181,1090
60,3015
7209,9757
13,725
9789,1751
17712,17713
3082,80
1487,3728
2968,732
13924,18836
6574,2012
1219,3913
6534,4865
16641,19237
1029,783
84,3759
361,6511
1858,2328
414,6145
1245,2101
2339,157
12155,2302
1086,536
12855,2713
14215,17480
17066,8274
774,3647
1089,2527
2546,7805
19113,15111
9612,5622
1952,7066
12499,3051
3132,732
2633,4017
1232,10160
1344,13
1194,3452
394,393
1755,3519
1920,1866
18783,13664
2185,2349
6173,6175
19694,19937
15974,19309
2150,2328
4285,122
9806,9810
713,146
1948,127
2054,11665
406,403
1107,2702
4336,4224
2583,116
4109,835
1925,6532
2440,1528
5662,3377
39,2272
6828,10923
8146,6243
1131,6671
1374,13
2353,2283
7100,499
3325,4136
6743,16477
10011,11346
1802,2934
5401,4733
303,6290
18563,12735
1096,5926
1120,96
60,116
1080,9365
6130,2664
12673,16012
1716,6543
18849,16704
1871,1758
5993,1612
494,6989
16608,19423
2832,3422
6032,16092
10413,2651
79,3549
571,39
13,1209
5058,2300
16933,7879
4304,2592
3093,753
522,1086
5016,1108
13612,5270
1086,670
7240,8773
2166,3746
8857,8856
4136,3947
94,4022
1307,80
2268,12132
666,7631
8348,17088
3431,4131
3639,108
2147,471
8539,818
72,476
4965,2459
5254,6534
149,696
732,522
2363,3509
3224,13637
795,5008
14145,3639
16096,6042
215,3
3902,3901
3926,1077
524,7174
17449,10216
1840,4865
2592,3746
3660,14167
4801,2243
64,3217
9446,4124
1256,2370
12649,16311
19032,14852
8857,1285
3041,13371
3585,5887
4706,15188
1843,3069
3417,9686
683,5891
2913,1293
7830,7834
1405,9259
1947,11528
238,522
1489,1790
4973,3639
1105,107
752,743
2004,4865
361,363
13,1343
238,3905
2886,3038
3082,698
2012,30
10632,1368
3169,9742
4100,6868
3095,3377
8802,9283
817,579
2370,3875
627,455
3493,14003
13336,13053
1991,846
5339,5278
13085,2854
2169,2838
567,589
1210,10080
2542,1134
5358,2295
17,122
1679,2422
3790,3794
65,2822
1481,1683
3683,1453
2919,303
99,2406
1396,3265
4001,4014
4460,10944
1554,441
2067,1780
2368,954
5628,9703
11500,11512
2894,246
17,1061
8673,8472
8540,15298
562,595
228,5445
10333,1277
250,5958
367,6543
1368,9326
303,2586
5134,1439
1909,790
5207,3415
9106,6260
13342,3018
403,723
5339,1090
11056,2022
159,3746
7256,7292
1272,354
914,646
568,9
688,303
5504,376
7462,752
10248,3956
3553,1356
4647,166
9805,9802
19132,15166
13579,18772
10930,1509
8731,1256
3913,1110
2679,8147
1528,2387
10115,14165
427,154
3587,3569
96,549
9832,15008
18760,13493
1398,62
8660,12343
4056,4047
2803,6870
7629,7631
10814,4717
9453,5563
3675,3389
11254,1791
9963,14710
903,1022
10221,6832
1119,4030
6245,2831
9994,1191
85,3773
2277,2101
40,2310
3675,4328
11361,1853
5170,3482
60,2962
7235,537
15830,15586
801,2408
4010,4052
2375,165
8772,856
358,1838
10191,3398
16190,8924
2185,3451
18151,11291
14684,9611
5919,16028
482,6977
6802,8010
3638,3133
4088,4093
2197,2495
10278,15071
5541,15853
6326,1076
10722,10389
438,262
10869,2680
9737,1134
0,36
437,37
9114,1909
4719,1866
15498,16136
631,842
1801,428
39,930
87,2664
51,1
5622,5834
14949,6280
1174,303
7380,1426
563,149
922,9127
3928,3996
3935,2723
5094,15514
9468,1094
1577,4857
5247,2924
13024,2819
3930,4042
262,4358
9405,2997
5308,6583
1755,6849
4675,254
2393,4662
16059,5973
212,5180
7313,554
1024,5058
11559,1972
733,156
5141,5130
783,273
6827,846
18939,14474
2245,3451
6589,12574
39,2219
9146,1201
9670,17416
3913,2533
3846,1311
9582,8901
14590,14806
60,63
1331,2707
1818,9241
2217,4786
2799,1758
522,94
2802,1275
403,402
3694,2610
4717,10814
7295,1072
2202,721
13,1156
3912,4001
1861,428
3500,1024
570,515
4959,4685
15898,5624
2780,1866
7296,7309
2439,1573
1670,79
2855,4669
458,459
9028,6406
11657,11905
2777,814
215,5427
1822,850
6527,16368
7892,3398
1161,1141
106,7
1663,39
18,1880
62,1398
13639,3226
6053,5373
2532,12502
2723,5654
4335,5393
16444,6672
577,6947
3330,3622
1213,8097
57,1993
239,3919
428,6824
11885,11890
10325,2727
1987,1075
7735,7736
8609,4328
235,13
2186,6388
2124,5510
818,2091
4214,14673
4104,6399
17361,9003
866,1573
9150,8624
3290,3442
8866,8865
549,5838
15019,4500
2089,39
640,5202
36,2055
1118,1794
9600,4888
8628,1345
1107,3133
5255,2710
2640,1081
3054,5794
16495,6795
62,243
12142,2282
8964,4677
5958,2638
2825,80
17239,9922
13,1290
880,875
4,238
3214,13596
563,1922
212,187
5083,159
11116,18101
688,116
721,64
13759,6502
3,13
11025,3461
15165,4675
2761,1758
1040,2261
5918,3212
314,6321
5131,10938
1105,404
13199,2903
4663,2956
497,6937
2173,1965
6471,355
996,5372
7799,1089
858,1466
11759,9283
92,243
1285,8858
927,9150
857,1995
1459,4315
3723,4963
158,1994
2009,29
5309,3481
15572,13293
691,13
2764,3345
10260,9606
11901,2169
14872,4399
1694,2088
875,5203
2324,40
11475,13846
1625,39
5455,273
1081,1107
1413,10736
1451,640
1024,8709
408,75
8885,9241
4131,4384
3429,702
6992,7008
10153,3508
14751,13679
3841,646
1504,2903
7712,689
19788,18824
1053,752
8353,7101
7938,6105
16085,11195
459,13
753,2180
2777,12975
10938,5131
2538,2601
10347,10325
13,835
13478,10558
7258,7285
15692,15815
126,2432
878,2067
2206,4491
10530,6999
497,7071
1079,4043
9626,1116
1902,11435
7418,10391
9089,911
14083,14280
1028,2011
5709,5801
1289,66
3016,13341
1029,4865
246,255
13043,9290
2169,2330
6945,6946
2198,816
15468,14767
3632,8362
4387,11678
6446,6444
6121,268
15616,5216
1125,9649
227,2083
5502,1916
512,2252
2819,3536
16652,7239
6283,16252
3169,2602
8396,1455
6950,3883
2330,2032
3904,7895
2729,5713
4774,11915
1811,11266
13,969
4996,1182
7721,2979
7509,4786
2378,10559
12296,3367
4049,1079
11143,1698
13818,3378
3897,7855
12120,3141
2770,237
1593,426
4036,2537
106,2853
4077,94
3398,3943
3957,5627
8558,820
20,46
13406,3060
866,3480
4355,5673
374,574
4739,186
5131,5140
4035,4005
5371,13460
6060,8609
6201,9780
4669,6772
39,1227
3222,3902
338,328
615,3080
1990,1186
3245,13685
6924,7142
8901,14930
4066,2537
5972,2723
2242,2161
5490,15811
2395,2403
5127,5371
10806,9229
10488,4224
39,2166
2088,1694
1902,2470
3925,3995
2220,5031
9248,8972
869,903
1110,3998
3336,7572
6189,2199
5361,3508
3415,2203
11594,9460
19028,14843
7934,3221
19301,15941
2,5
62,56
5213,2297
13,1103
2635,1459
19021,17055
4,51
5373,15761
585,5466
1278,10348
303,118
10229,4121
1120,340
1560,11000
151,478
4712,968
763,3486
7296,7256
1004,165
1752,11170
926,9142
5393,4335
7387,958
7134,512
16528,6906
527,11
17294,8883
14119,3625
10276,9013
1938,191
92,56
13395,13393
15833,5526
3398,13876
4131,12707
7872,3632
11146,1699
15626,5233
69,72
922,2203
929,930
1175,4369
1932,376
2066,376
3387,11243
5299,4858
3905,94
2637,1131
3927,14405
498,1875
10338,4414
18278,11655
2091,2126
4506,15021
4331,2188
81,2526
246,873
1775,5273
3415,1398
6517,2391
5570,15874
13409,3061
916,3327
5410,2595
3997,4005
6870,974
4336,1219
10282,1257
60,2588
801,8450
5016,15473
8643,12904
875,1983
467,468
563,7346
8545,3701
10828,4399
728,243
6631,399
1132,858
5330,5460
12448,2501
6527,12127
373,1772
753,1993
3509,2349
1188,1921
374,5380
10734,15502
10153,1227
3340,69
172,900
5784,5788
3396,7548
56,725
4617,1215
3975,1748
5946,7247
7118,7468
3453,3329
4021,403
17,16
8821,909
3946,6645
2067,6562
1427,752
1095,13
3908,3909
3509,1194
3915,2636
12151,2291
1311,577
3221,727
9019,9003
15015,15012
3368,12266
7816,801
870,834
2291,39
2766,1086
5892,9643
8609,4409
9259,1485
3467,13965
1805,5249
8200,11529
3415,11331
9366,15877
3678,14185
13681,13682
985,4729
835,998
1188,1116
1953,11536
1115,4021
325,5622
1457,752
1089,356
1125,13
404,253
925,891
3945,2636
11056,1916
4207,14125
6,392
2578,5357
13918,3422
869,7937
643,7594
6492,374
15278,19155
3750,825
1104,4047
1656,7004
4865,512
7700,1915
7930,8793
9756,1136
415,38
5423,9141
9043,11817
11438,2368
1075,2528
8716,842
6050,6041
16506,6826
1155,13
4207,5615
1289,13
1094,8405
5167,1227
867,2764
3783,1123
1653,1229
2754,1210
3311,2067
374,387
124,1902
2354,1276
5203,4829
683,1142
3649,2062
4600,15116
1044,1121
39,1040
918,9118
753,383
9675,16581
17134,17133
1081,3632
12709,4638
6870,16518
5957,7920
14276,5358
303,1086
1686,10387
7567,3614
7295,9342
69,690
2164,8699
6276,3701
842,8719
278,275
1319,13
5054,3393
998,9232
429,444
2180,3725
4699,7366
9978,2245
4537,8536
236,803
4656,122
4253,9531
7209,9009
9676,1126
4151,1118
732,1384
3827,1960
5697,237
564,1019
16338,6437
818,2067
4882,6477
9357,4005
15086,9670
13035,6097
17,1789
1349,13
84,567
3306,13750
1653,424
8196,2630
4762,144
12132,16654
436,6876
10824,17326
436,460
3976,14484
1277,1076
2101,2277
8109,8111
8460,9092
4351,775
287,337
4535,3336
13,1266
383,799
2203,1241
816,866
322,331
57,814
542,2549
819,1137
915,845
4949,15404
15796,5457
94,4079
2152,6379
4005,1077
2203,4624
2335,579
17,634
4414,9583
4500,15019
6522,858
4634,4631
226,219
6143,273
828,1041
11273,11271
733,3433
2343,5543
3133,5662
13470,8253
2186,11975
2155,6246
1840,11338
27,9
7148,7147
87,814
7590,5048
5154,1664
3459,3388
5780,406
3918,3902
3304,67
3904,4004
13880,3398
1242,6693
81,245
783,517
103,4
2123,2012
2171,3746
3320,8679
4296,852
1756,498
7855,14364
56,2632
10629,10418
548,2340
15793,19280
3440,113
6209,9564
567,1801
1324,1780
9295,1918
250,404
10083,1210
11335,18164
10657,1482
9141,5423
4351,909
1080,107
2886,9511
4151,2541
1081,9377
181,5148
6987,13214
236,5609
4733,14974
1464,10835
18673,17608
1909,11451
2780,2110
12193,2330
89,3869
825,8633
3148,62
4060,1110
14230,3753
13273,2962
1079,4019
3230,2346
931,923
4888,9600
12259,14469
14520,4266
356,426
4036,3907
586,888
567,646
2169,2895
1823,2258
4187,104
6585,752
4016,6638
10601,10598
15489,5067
2765,2926
69,369
17,179
1110,107
2197,4162
4131,4144
60,2535
803,2808
3979,6756
2554,10061
5799,3226
4001,4071
10281,4177
4122,14389
84,2340
846,6827
10490,1318
18275,11654
2398,99
567,996
5212,6849
1993,2265
9,476
3904,1105
655,62
22,149
579,7422
636,1540
1107,3377
1991,3131
2825,2768
16627,7158
4084,3143
16148,15791
13977,4754
11282,5051
2629,8491
4790,1090
628,4281
237,4625
2176,11929
545,2526
18205,11450
1697,11140
154,426
3934,1105
4068,1105
403,1130
3486,6607
2627,4631
5048,567
3243,433
2126,673
548,730
2659,5108
3925,238
563,72
3233,9544
3398,7891
15652,6885
2780,12982
6099,6096
1341,6001
4022,1110
4011,2641
1089,2747
2058,165
19834,19063
332,324
356,4882
3086,13439
1097,4328
7337,7287
17290,19529
698,1586
10345,10338
2281,587
2549,3785
18386,18385
8918,8844
1802,2804
1086,2634
13015,2814
17725,10008
571,2942
1139,16
1670,8512
2071,2440
4041,2641
2773,268
3554,79
1219,3917
17855,12518
1241,7840
19178,15352
3670,3637
3770,5561
10575,1351
13283,2979
13849,3390
12398,3754
7075,497
13,1079
438,6735
3396,624
8440,8438
137,1145
1081,2640
1315,592
11308,3373
506,453
549,1089
9490,17529
631,899
5612,2729
7876,3377
19981,19998
3879,2471
9753,1135
1188,258
11428,18192
4742,7010
11891,6582
7935,3957
11634,14096
5127,5131
17,447
1173,135
11398,6649
10121,8886
3048,3482
816,1029
2650,403
5248,173
6516,6518
3905,4042
1131,9708
4445,9648
6520,975
2203,2343
6370,7632
6201,10829
4909,8062
26,351
4255,2354
442,37
9411,4939
39,2276
1978,3164
603,5058
6200,4942
11217,8681
17320,8925
1272,2184
16162,6158
575,566
12240,2363
60,120
402,4021
895,921
2104,1933
564,1316
239,5720
2498,12440
3214,1276
3022,13349
13,1213
8222,765
517,7162
8010,3326
4273,1031
553,403
5594,3038
15210,6061
16335,6436
3221,3386
19158,19156
7794,3701
94,4026
39,1121
646,567
7585,2773
10512,1321
2165,4279
2934,3329
4666,10532
846,8734
1173,2713
3014,60
4115,4013
15622,5224
3547,1277
2382,3755
262,577
7165,3126
8847,8522
11416,3390
1077,3944
16274,6318
2537,4043
16133,6113
4054,10126
18911,19814
2194,7087
1017,106
3230,65
2302,204
1331,5931
250,5828
80,721
19284,15831
15791,16148
573,65
5273,1653
15426,8853
2155,4099
81,542
94,3221
13,1347
6,368
1377,10598
3671,1097
6441,1351
6062,4738
2373,4177
3427,8284
5519,15830
6263,298
2820,3176
10898,1491
2365,5225
268,1307
156,5038
2654,2884
5052,4286
115,4448
1438,112
77,958
15,80
1075,60
1080,404
4010,2633
16076,11190
1210,10084
14766,4619
2636,4937
10342,7810
11089,3129
12766,6461
6061,9589
3380,5620
374,363
15563,5128
18527,12603
9583,17557
6013,14244
9306,12553
14194,14192
11727,2073
404,13
851,702
562,599
1780,1165
2310,199
250,5962
2067,5167
4216,2859
381,29
1110,404
86,81
1239,60
11498,18236
2508,12457
1844,2089
1794,282
10758,1430
5966,6669
13,542
3401,431
233,2760
1131,3910
7295,16673
828,2411
17,1415
4387,9507
1545,517
4072,4019
3671,3675
4438,14922
3377,3228
4559,165
875,3166
606,5193
1785,169
6752,2101
7256,7296
1105,3628
1363,2166
2729,5636
783,4331
18403,12136
2149,631
237,4572
6138,7311
204,2180
2540,12530
116,81
744,7786
749,8130
403,1077
685,9
1301,2227
2378,8038
3362,72
7569,818
9784,8929
6269,5515
10119,13349
469,384
3366,4917
6215,6218
10027,17732
604,20
783,2237
857,2186
17627,9821
4225,12720
96,553
1734,2459
3069,6616
9105,912
3930,3912
9499,12328
1115,3915
599,615
542,81
1089,2694
60,2027
65,2371
2426,508
82,2540
3472,4754
428,733
4378,9929
5896,6623
1119,4034
15304,6499
85,3777
40,2314
7163,7081
3510,2013
4692,2922
16077,6422
485,486
60,2966
268,6113
39,2089
823,8587
5192,7409
6992,783
4010,4056
8724,3822
4615,1921
1681,11092
9012,14842
9217,7138
11875,11877
14356,3892
674,2078
1081,5620
2989,971
403,272
389,374
5358,689
6836,428
244,5877
187,5343
4347,11905
10024,1195
512,2659
8647,2262
13378,15995
2533,1105
246,5923
0,40
10559,1704
5810,1163
2757,1752
568,497
282,103
4052,94
11942,11944
4829,3169
5376,5782
80,2628
4753,141
3918,2723
4004,3995
494,1679
7500,943
14282,12587
4136,4114
3221,1105
4387,5453
14306,4313
18496,19747
1112,9605
6640,9884
13249,8768
2148,2583
5513,3020
1005,4820
4021,1131
6115,3088
4181,100
4793,10278
7282,16706
39,2223
14508,18942
3999,4001
23,0
1967,478
883,858
2287,648
3302,2383
1755,787
426,6806
13661,3235
1126,9661
4034,3995
3659,2620
9655,4465
4266,5284
6914,445
403,406
2699,3221
9306,1278
13,1160
842,453
4,108
3581,2148
2855,1290
3087,8995
1767,16
1808,17
4029,4001
2374,428
3255,2163
4848,4858
9094,16856
3061,13409
13526,3168
9355,10969
614,7392
1280,5001
3907,4011
72,427
4008,4063
149,647
5708,239
18553,12698
5654,3386
549,3964
819,7797
9188,8762
7593,2022
17608,17394
11311,1823
96,232
3095,1100
2532,12506
108,57
14087,18861
14244,6013
818,7572
1807,11284
2501,361
5376,2883
548,1295
1838,17
6649,9572
10582,9527
9461,9271
315,535
2283,2353
7725,4578
428,6828
122,140
7802,2546
2886,1111
2628,1075
16385,10418
10308,2727
4071,4011
8551,1129
17193,8642
4674,517
4114,4058
828,8640
8438,5389
2206,39
4726,15202
9324,1052
11156,5453
1545,330
12219,11366
4184,101
14661,4207
18908,19813
703,243
1052,397
3214,13600
13753,3308
2947,13256
3725,3724
5069,265
10693,11586
265,17
11514,1936
18237,18827
1237,1116
404,1115
19185,15368
863,875
14150,11989
57,253
15492,8457
814,232
2636,3945
10118,10308
2978,2928
1531,2502
14769,7308
4691,14807
2236,39
376,6
10341,7347
821,4786
8620,3686
2192,1430
1285,8862
15547,5131
3697,10162
2677,721
2188,4694
490,485
581,2101
4524,15044
3311,8406
18163,11334
2430,10643
2958,4346
8465,1304
239,4057
8463,4641
10337,4380
1204,13
5966,3233
4770,174
2411,2672
10339,4426
11698,6917
2266,39
1748,2328
447,7
39,1902
3451,2185
14170,5824
9579,4149
2303,106
2067,2081
1105,2636
15186,13611
2166,11886
2101,911
8682,4163
365,382
2973,840
392,485
8769,14897
10113,5776
459,17
63,17
825,3750
758,2528
8275,9666
10388,1285
1234,13
2557,2847
628,203
576,13
4292,9567
1309,3570
7258,7289
3392,2894
2168,39
497,7075
4279,2165
7825,4892
8093,8090
11708,6450
1219,4027
11370,9838
3034,6569
12156,14719
16280,19372
1105,3925
169,39
11163,3883
12626,2590
4998,4481
664,18
3489,733
3678,3638
11434,1902
1264,13
3583,6784
2361,60
337,3006
731,2933
17129,12874
371,6562
2623,969
3160,2894
353,506
974,3068
179,3359
3482,12744
6065,1094
1173,245
1959,11542
2393,1446
9074,8312
9349,3821
6730,730
3388,3660
67,3303
13194,13196
6549,16375
5270,13813
722,2416
818,8540
4356,826
1219,3222
10634,8241
9629,3996
1384,2535
563,1605
17,1846
3205,2613
2343,928
4414,14767
3746,1247
866,101
1991,476
1029,1031
1309,10470
8757,10833
60,1169
16869,16868
1291,250
2526,231
7151,7152
10373,9001
850,507
4136,4061
8197,17033
338,332
6327,5170
10062,14966
3426,9563
12173,12174
48,4
567,569
2934,13238
9808,4469
2480,236
10391,10711
3925,3999
12960,5579
5388,14949
2723,3377
1116,4948
2074,9347
3330,3789
2198,2243
3734,3650
5126,6089
7020,1542
2,9
43,10
15619,5221
2028,11631
4127,1100
15116,4600
16709,7295
3560,14050
4,55
881,6744
4178,99
11452,11451
203,5368
1278,10352
115,825
376,5296
13676,8536
3433,4826
1136,2540
4135,402
1306,2197
2077,2074
2362,11103
10824,4685
39,426
4008,4010
7439,4535
548,303
3398,13880
2706,7880
9318,16861
3639,3389
6832,6752
1438,3255
4469,14958
108,4
911,6744
5453,11156
5725,2984
3638,3918
9457,2683
18259,11609
866,585
2715,237
4138,4241
4035,1110
5423,4339
3377,1110
7905,5624
2640,2537
4124,9446
922,113
801,8454
9925,4599
388,6595
1995,2018
2165,8845
467,472
563,7350
4782,4693
7077,2210
313,5
6802,16500
579,124
10868,8151
8512,11112
60,2942
4010,4032
3050,5976
3781,3980
2208,3415
8729,9834
233,426
14195,9235
3753,1932
3508,2101
7252,7287
939,817
12401,15117
1921,3358
522,3912
2201,12043
1909,1843
56,729
59,246
4047,4072
3147,6259
5100,6291
2505,376
3983,115
6445,6440
11694,17884
204,2290
844,930
140,4749
730,7998
1219,4779
3899,8523
881,8167
16946,7907
6803,5367
9012,10280
566,427
4936,4355
581,5431
39,910
1823,11309
753,253
2723,2706
4402,3667
2347,12218
1410,2280
11064,1623
2227,2502
11866,3065
12508,2532
3047,12629
2648,2532
11022,3841
4052,4042
14934,4447
3812,3801
3900,238
1415,6007
842,2173
5091,14442
2359,12228
5611,4120
1650,1151
5067,5188
1321,10509
253,88
1091,1187
5466,5459
5595,1143
7925,4131
5292,5306
13441,3087
5371,2189
1148,9800
725,2527
13851,8620
936,9163
2180,4534
4994,15448
5526,225
1090,181
1792,453
10383,4271
18249,11563
5633,14617
4959,4315
8130,749
4131,5624
1099,9534
3360,85
402,3944
1075,2532
4044,3935
2366,12244
938,1480
1430,8358
5127,866
3360,1024
636,2081
1090,4503
1107,3918
1155,9816
4478,4392
2148,1404
250,1079
3947,5665
1862,818
2729,403
12978,3339
10791,9327
11305,3132
4125,5967
10952,1516
2096,2153
3357,3355
13371,3041
4969,3848
9318,17479
11684,9544
12654,10570
884,89
10064,14825
11828,6290
6731,6729
7266,14243
17985,10712
13248,5270
722,7840
2529,6357
3224,732
1488,203
9873,9780
2242,2328
4882,15341
4146,3407
15673,5270
1100,2723
19086,15015
1029,39
11170,1752
17,1793
10829,1459
3761,563
1295,3164
2699,3920
14144,4253
206,2
159,156
1780,5865
7110,2187
730,911
4685,15177
4009,4048
1994,4104
58,2733
13,1270
1986,11568
1711,783
1227,5100
1141,1384
3057,13400
10475,1311
10559,1948
5133,5137
16951,7930
9076,5248
5498,15815
72,537
7551,11355
5273,421
6059,5302
2708,12842
5308,2859
2989,60
1077,4001
225,752
46,2507
39,1528
3919,4131
438,1799
2237,10224
2664,6127
3904,4008
728,60
6683,406
14783,4896
8083,2706
6940,971
2597,1118
6,75
6231,282
15921,5698
570,2857
4,2
4412,4414
4754,13977
8643,828
9231,998
7844,7793
146,4781
2200,12035
3895,3141
15093,4563
3903,7920
8585,823
10625,3483
360,14
57,13
1822,3192
2820,2294
3221,2638
5077,1017
8108,10468
4624,2203
56,542
914,6989
2079,2067
10324,1276
6691,12136
6744,13460
14610,4131
15113,4599
9875,17665
784,4664
1642,8859
7476,16792
1384,3905
5563,883
2354,959
16693,7274
579,2165
87,13
9780,4946
9603,1112
9735,3483
18159,11325
3221,3927
3639,3686
5019,2890
3191,1052
11160,18113
7184,526
250,2636
9802,9808
2161,914
1359,10614
6920,453
10058,5075
1916,11471
4017,4019
10436,4469
10983,7082
4275,113
2549,272
3675,4255
4737,1864
2438,441
60,2889
65,3233
1290,5532
16267,16268
641,5086
1109,236
4452,914
3158,730
1219,404
252,615
1793,11256
1922,6940
131,2540
1480,179
3429,1755
4012,4025
282,2709
12596,2700
5610,2368
9788,17615
6057,613
4047,4019
7348,16741
4375,5016
2579,272
5887,3585
6904,6901
7226,536
4402,2675
4183,14645
2270,2146
10391,6015
1061,9213
4353,2224
9186,958
7007,6999
1137,1129
39,857
2067,3480
4042,4025
157,5050
3710,2532
2918,88
5581,10833
5540,4416
7350,4894
13216,2916
232,5574
16696,7275
332,328
4005,1110
17757,10109
8729,5004
15012,15015
2153,406
16968,19482
427,565
253,3418
9738,5204
60,3023
1054,7079
39,2146
17750,10069
803,852
9204,5270
895,6268
2640,3907
7700,1866
642,1658
6901,11275
251,5974
7734,696
387,385
9401,1088
4399,8769
911,8464
3365,376
18363,11989
3433,8424
6735,2123
1542,7018
16898,7759
515,570
1504,118
2304,925
2540,2922
11834,8146
282,6226
14144,13865
1822,427
9290,17472
340,6396
13,1083
4237,1244
116,272
6062,4474
3429,2239
12367,3132
15422,15421
1121,730
424,1556
1482,7125
4627,2338
8127,748
195,1504
262,3480
3235,2373
12148,4522
3622,567
13444,18742
6784,2365
985,842
1554,3214
9078,9079
18818,13858
4496,4514
929,910
1805,2301
542,272
2904,7871
22,1926
7353,12092
3831,7507
1766,11206
3451,1624
10440,2227
252,2388
1482,5031
393,149
670,2901
2764,694
577,458
4959,9873
5270,9735
265,5067
2343,8743
17835,11065
165,1453
1939,22
2773,1911
4022,4042
39,2280
689,2362
4798,1819
5259,2406
8819,867
11247,4390
13368,3040
6948,2365
10953,12022
10519,15702
10836,8993
3902,4125
15323,7282
275,278
10352,4450
1110,1079
7,463
2230,356
8806,3264
12331,5114
239,5724
13,1217
4636,3339
2702,1105
10558,5457
303,232
13871,6670
3205,2857
5113,2180
94,4030
4779,7030
13481,18758
2361,8359
11167,1751
1783,17
3638,3678
4861,424
10576,11109
5170,1933
72,484
4084,732
6215,12370
2901,13184
4080,3996
2141,664
5935,1241
2369,4463
4110,640
7551,1853
3848,7810
2537,4047
1024,7697
1253,1141
2368,828
1927,9945
11037,16580
5530,374
29,6
1109,9498
2945,2529
218,659
2723,238
56,2583
4887,682
7373,4183
3954,2729
2169,10417
13,412
3473,1867
4001,4238
2609,3519
584,1921
252,428
3388,13837
7638,667
608,63
599,4673
1072,7337
843,869
1942,23
7382,12755
2497,10633
6,372
238,3913
80,1075
2181,39
7141,3244
8156,11395
5298,374
10557,10062
2159,1189
3398,3386
3458,3437
5252,11518
11679,2060
1622,1738
14767,10325
11305,1819
3048,5259
3074,64
3246,548
6503,6370
13490,3140
3137,1544
167,2168
2362,4931
5278,3290
2484,198
6567,4850
2893,4567
11448,4756
94,1131
3115,1004
8693,838
9818,1213
1864,2210
10103,5546
3945,3905
2071,968
2083,39
68,3293
10154,2101
3230,2647
4088,9094
9945,1927
4660,15147
239,4114
16095,14038
4826,163
1071,9340
11174,10761
1119,3904
10388,3436
14570,9757
9804,9801
10818,2266
11537,1953
3947,4136
1179,13
4465,3567
239,1081
1844,2093
5077,159
237,254
426,3159
6216,432
424,6496
2408,2431
66,372
6816,427
733,835
1932,1913
1316,3667
65,147
1536,5131
1104,3222
2448,517
4283,4435
6893,3276
7256,7300
441,434
1237,10167
8608,8620
17606,15014
282,6039
7885,4061
650,19
14294,3823
1107,3678
553,86
1100,2699
2165,579
7003,6827
403,1081
8574,2593
158,1250
104,1953
1100,3638
3925,2633
14952,10589
1461,3617
1110,2636
5836,5637
1939,1929
7353,8522
3578,2525
15470,14901
632,5455
842,2067
1251,774
8852,6105
11942,2365
2685,2658
1119,4038
3760,8608
1800,7405
40,2318
353,563
900,3176
1571,1129
12340,2411
1152,9813
268,6117
6326,3178
7773,7768
15797,16400
2389,4767
548,1970
4752,15220
1110,3925
6096,6099
10363,2170
5454,216
5973,15333
901,553
2781,272
6933,4529
1019,774
7725,2220
3368,13803
1409,959
7028,7018
12231,7729
12620,2586
13,1030
672,666
1026,9300
12050,7159
17394,9041
195,512
300,2780
246,5927
8345,2867
5284,1875
2209,985
2617,56
3028,1088
9003,17362
1415,7540
7275,16694
9290,7970
1353,246
374,6112
10341,10116
866,158
7023,7024
7601,4786
8773,5007
60,1226
7603,3169
3485,12294
3628,4466
522,1257
1451,8890
4474,730
11657,2330
18451,12291
4289,950
825,8613
3979,6386
753,631
3168,13526
1546,267
15532,7218
5518,7532
8178,8180
702,851
3116,2978
1875,708
421,5527
830,3480
3925,4056
3999,4005
1241,570
8924,15325
5373,5084
108,4249
3315,1094
428,1221
13,225
920,929
1126,9665
2630,237
15887,10011
4030,2537
10126,4054
563,4829
2068,8835
7,410
6665,9544
3045,4616
5643,3632
10295,17826
2795,10103
961,903
10943,18047
8350,12205
4273,982
12082,11904
611,6940
231,303
3102,4369
7004,3725
6553,7990
11928,8993
235,1176
1790,7551
219,4615
1373,10646
10327,10352
1170,3147
120,4609
2699,1131
11320,18155
4080,3943
399,237
5252,15653
12135,2274
2532,12510
108,61
4514,10062
4068,1085
17030,14883
702,3429
18415,12179
3604,10780
428,6832
18939,17060
1921,5159
14490,3979
2535,2578
2260,2373
12158,10744
140,3167
3096,2645
4460,1316
3997,94
2729,1131
1096,4487
124,190
11758,6838
965,806
273,6140
10780,18002
14521,13091
300,4553
80,83
1879,1900
4296,3544
426,6355
3633,9616
1670,1726
14726,6326
1245,796
3900,1100
13187,2901
4,246
3214,13604
3918,1117
13811,9144
6385,4376
9509,12298
2723,3918
6723,6061
4786,146
7460,692
2322,376
9118,11918
735,8049
6167,6368
1931,2440
533,6602
903,5381
2145,7095
5777,4870
1921,3415
2503,387
3411,2225
9223,16815
16831,16901
226,2695
1700,1726
10822,18012
2365,11942
1118,58
359,6
5016,4930
10762,10764
273,5335
11942,2178
863,2168
548,7260
18825,13874
412,17
2633,4001
615,376
2717,8610
15809,5485
353,376
7452,585
14355,3888
17,427
8851,3414
4534,4782
1105,2640
2166,11890
4112,1117
7560,1057
16978,8037
4189,1337
5968,250
442,17
3466,13959
10551,12772
453,5279
15785,5434
1351,13
303,6274
5074,158
272,545
3164,8898
3143,8021
3909,2636
4210,1810
2979,13282
6282,16251
4328,3751
976,4273
6771,6616
3149,2359
6836,7011
9345,1074
3701,14206
2013,6521
3912,4038
7535,16811
8619,17185
741,4406
9117,2378
5696,851
16601,7124
6217,6215
19824,18997
1182,1116
3625,3227
4771,2227
7329,7294
4482,2124
18743,13444
25,1957
3998,3997
1119,13
2707,4084
12140,10406
146,3415
9965,2071
1248,10222
2924,5250
594,3016
2710,568
5595,1334
1799,11264
2775,3437
3919,4054
6787,4651
596,618
2180,753
15793,9408
3006,337
406,3904
900,1029
1149,13
2544,12549
753,8149
488,4468
8611,5000
2255,1866
6210,16132
157,167
231,116
1709,609
3164,5060
3300,5887
17,1850
8505,817
60,234
402,4135
4335,7308
5023,5430
5458,4604
573,7400
5105,544
222,3
1257,10284
15030,9772
13,1327
2838,8458
13621,3222
8624,11247
687,7687
167,5177
4978,4906
2526,235
10346,4930
14733,4301
1846,476
1827,4398
2538,60
2295,302
3754,6215
10280,9006
11126,18102
10419,3688
10937,5371
11133,2277
5221,11457
14008,17631
3462,8258
2707,246
4078,4060
8612,4447
762,8211
11944,8908
2295,1241
48,8
1094,90
567,573
906,39
3569,5122
8539,17151
14052,3566
1077,4058
3169,1216
7749,13090
1409,101
1656,8838
2747,3967
8409,8410
4001,3998
7239,6572
5410,5852
11043,5393
15015,19074
1089,96
2639,5373
1784,2607
1426,2899
958,579
2583,12611
1143,6748
4,59
12596,18488
2426,1293
15273,12135
4304,14737
13,522
3996,4004
4779,2952
2378,1252
4008,4014
2502,2227
19530,17290
1796,7663
721,235
1116,9624
163,2159
2406,12318
2936,9100
1604,4460
298,3515
4253,4949
108,3391
5458,12443
171,707
2080,11744
5023,437
6492,4786
9807,13996
6215,3754
4005,4066
3637,3670
2190,3244
4038,4014
163,65
2823,713
1639,3141
2659,2002
4056,4031
563,7354
3925,1104
599,595
5038,156
239,4224
4268,14275
2646,262
7552,14750
646,2104
14144,3639
2270,914
255,4
2028,4764
1319,10491
4010,4036
7501,640
2986,303
940,7462
4314,2727
3920,1110
5381,1434
8536,14893
1931,2387
9097,17404
86,1134
2620,9779
2395,801
3150,6561
7252,7291
7293,7292
1801,62
10389,10722
4030,3907
1100,3398
403,4224
1569,11016
1368,7350
1819,3085
3675,8634
10657,7504
9148,3756
1096,246
817,831
11849,9131
1178,56
512,195
730,8002
840,4198
18190,12142
262,20
14871,6196
0,20
2173,2270
3804,5257
4131,3400
39,914
1823,11313
1909,2197
5213,695
5278,1090
1461,10143
116,1134
1272,822
6451,947
9579,9577
3202,6320
6744,5141
14874,4400
144,149
567,252
7697,2780
4314,4955
3930,4026
14458,10349
9049,902
5394,12003
11397,2941
10858,1909
925,899
156,159
1148,9804
80,3547
2103,11488
348,329
427,622
2620,2558
39,2203
6038,6039
5250,5249
1110,4035
8744,11758
14814,4884
1710,3276
1099,9538
6097,13035
8886,10121
11969,10872
732,8024
1658,642
2177,5371
7862,938
1184,4923
2400,4662
13,1140
15140,13163
6198,12528
2003,11607
3110,99
3438,13928
3018,13342
2707,3092
924,9133
4885,7938
9190,1083
9381,2371
1483,237
1571,84
5189,5131
1925,5308
3415,146
256,6001
12171,2311
19610,17672
3406,2312
1121,787
5202,640
4674,2241
5957,3956
3326,8210
4706,998
748,8126
1875,6884
8021,3038
1345,3686
4695,2529
13416,16751
6852,4808
4006,4936
10943,13485
3164,13517
7250,7298
3221,1219
16598,7123
428,3425
14230,14231
1832,17
579,2840
3901,2641
2721,115
2764,751
8782,857
1624,3451
2154,3451
566,1854
3995,3996
583,1269
3501,455
2737,59
16043,19329
469,1921
553,2558
3997,4042
124,166
8097,8109
5270,4315
16567,12132
6760,3125
9993,1191
17,1797
2276,2101
12625,4786
1307,2239
2723,1100
5140,8406
1809,7553
14228,4894
3091,3216
18481,12401
4534,2180
1418,5453
1862,17
2638,238
3639,2267
16188,16650
13,1274
3038,1111
842,567
1219,1079
403,3903
2593,8574
5439,5440
8560,821
495,459
5782,5779
1219,4462
15202,4726
1119,94
2363,2635
458,577
2505,7414
2541,655
20,351
8635,1345
4135,7924
4327,10346
1404,2148
16799,15649
65,2753
7393,570
1370,10643
5932,246
9094,8460
116,1752
3318,4669
9467,1094
219,187
16674,7252
3918,3910
258,115
11959,11957
87,233
6786,6924
9,350
587,2276
7999,730
3902,4316
698,7742
512,2102
5832,3398
7940,1089
3060,65
5649,4445
3166,11603
243,5849
19222,15953
11801,8523
1939,563
2150,783
15012,19073
2167,198
18770,13577
9,700
537,7235
2380,1245
4159,158
3419,3566
1817,2071
163,4550
6610,4604
14079,3592
562,1815
1623,11065
1921,142
11454,18214
17146,8536
3407,7878
15835,5527
1105,522
6279,303
453,367
4742,3367
721,3565
3224,65
2205,840
787,5316
2074,2077
17216,8716
1191,1235
4313,14746
517,4674
2148,11825
1116,1061
8523,1423
4001,107
7983,3364
2651,553
1086,1569
7810,4375
3169,1647
60,2893
65,3237
13924,15331
6725,6782
2267,563
1516,10952
2705,10588
2727,10347
3801,3809
3235,954
5093,160
630,13
3398,2638
237,3694
731,819
6068,1530
4896,9445
1672,353
137,80
2162,2432
13054,18077
441,6907
842,835
5699,909
4004,2633
1079,3222
1299,522
7295,7285
14079,12586
2527,86
3074,2699
3227,2941
10011,8996
3426,1838
81,1087
2858,3074
11949,9659
11775,11758
13353,3033
5082,159
9796,1645
5270,15671
10898,10896
265,615
9408,3226
15509,5087
7467,2265
9353,1075
13478,14998
154,784
567,199
16619,16673
3746,2166
10891,13108
13095,17677
814,830
1325,780
922,6025
5432,1854
7849,9914
8061,937
1543,2171
906,3048
199,3186
12029,11466
4056,1079
4250,4328
1862,1924
1151,7016
9711,1133
1299,2750
4903,12063
18162,11330
3429,954
17394,17608
158,152
39,2150
4729,6248
12831,2705
3490,1607
3999,3928
4281,2860
6437,6449
12170,7160
6870,11212
4009,2926
13837,3388
14871,4399
251,5978
201,199
4139,7880
8406,2261
4822,3214
5138,5140
1430,10753
10410,1292
5100,2404
578,1088
153,158
870,8844
2339,9029
13,1087
39,56
4865,817
19601,19600
10164,1236
7800,3390
3510,3363
17319,8924
4704,3343
7603,2287
11758,2089
7669,16870
94,3900
15875,5571
9267,17465
12755,7382
5236,171
6196,2199
7231,16644
5148,1290
265,749
72,354
7767,7764
1657,8823
11258,1924
18177,19693
22,1930
17977,14909
2637,1115
4817,1126
4615,7593
5354,1516
2301,10965
1995,5031
39,2284
1384,4877
2535,57
5031,8410
9026,17379
5886,8924
8689,990
11655,5882
41,2330
4719,187
385,642
4018,1079
9644,6811
2077,4282
3565,8681
8758,2288
158,636
2623,8922
4005,2537
3912,94
94,3095
7054,2206
4046,94
7878,3407
14657,4200
15457,5007
19480,16933
11855,2156
5683,4027
253,873
800,3486
13780,3338
1089,1145
14589,18968
1086,93
7748,4465
453,180
4339,2009
12288,2388
4671,4468
116,760
18142,18143
2901,13188
2769,237
2545,721
19743,18447
1767,427
17,0
476,514
768,8270
7518,1909
780,925
8557,820
2860,2984
2750,1126
5270,9873
411,6720
392,62
1842,11339
2823,3856
5693,2062
11730,7880
7661,682
10279,17134
14399,3918
6158,16162
15083,4550
2361,3236
5112,5500
5740,2817
4387,14858
4353,752
19761,18622
3358,1921
3870,14339
5973,5270
11475,4328
1198,5760
272,2562
1817,7495
3918,4207
4317,6922
9659,11949
10466,11483
29,360
3943,5957
4015,1107
6,376
5286,1307
2414,2466
1223,10139
9019,10276
6878,7749
17667,9875
19848,19156
6860,1693
2742,11572
1137,3390
2336,3714
1801,172
16719,16717
7796,2546
3326,1420
2617,731
2723,8297
2300,1024
1266,13
4671,1569
545,253
187,545
7133,512
121,4621
3015,3221
8499,976
415,6788
11525,1947
374,371
14593,4110
1554,453
4021,3904
1116,4391
1236,7691
954,2343
3600,3093
374,3754
9804,9805
4775,579
38,1361
7871,4009
125,17
15925,6656
10338,5016
742,5089
2303,167
1162,13
4266,1641
1296,13
3947,1107
8503,2007
10287,2984
1276,6716
8676,6099
6551,6549
10373,16499
6741,16472
2230,39
81,95
2756,12917
631,2225
1075,8123
4864,4192
11066,6105
10404,1290
1792,567
1835,5367
2169,4489
6095,267
2911,13205
6253,1607
1927,1923
2699,3900
3141,835
1052,7358
1326,13
3908,3222
9093,17125
11657,11649
2101,2261
17899,10517
2027,60
2846,917
265,562
3243,6215
2636,1107
9583,10344
4552,2735
1254,1076
1918,1056
4447,4439
283,2831
517,783
567,146
171,146
4525,5261
1192,9997
3315,9474
6901,6904
3186,204
1591,3852
1983,8806
3941,9936
6021,1607
1019,9288
7987,10734
11583,8852
17,618
1094,13
34,33
2577,96
1228,13
187,1029
4014,3998
4115,4050
3512,2067
8536,4533
10564,10566
227,5531
65,2729
10557,2979
4194,6036
16668,7248
541,214
2067,1687
4059,8063
11918,18348
329,331
2180,4782
3546,4280
2699,3095
7726,12248
9875,9940
1663,2011
1124,13
2578,2576
9043,14513
246,5931
3647,14161
1161,80
1959,60
254,1096
9302,7045
1088,733
6002,1341
1344,8832
1967,1641
2414,3084
2734,12888
5131,4266
15302,19167
2641,4029
7013,2368
7262,11740
356,6476
11467,6933
2169,11389
1142,969
4786,821
7004,4534
553,6990
1281,2067
3160,2150
4457,3763
11749,7585
752,8139
3982,272
8896,880
2304,2165
5137,15573
115,1102
3131,631
1290,840
825,8617
2155,2042
9096,911
255,2610
48,2509
236,116
13525,3167
9583,4412
858,5532
5648,4384
10090,1210
1459,10825
155,1625
108,4253
7143,6921
1222,10131
6196,6818
9093,9099
12758,2658
3214,3675
9781,17609
903,929
4017,3999
3155,62
3308,3310
6059,9738
13865,10563
10295,4998
3920,4066
8039,4211
15954,5760
4,116
5740,536
604,1801
1175,8972
8995,3087
4514,12160
13,579
3373,11252
1644,1314
3275,8465
5696,237
11246,4439
9611,17548
250,522
3615,4369
1187,5010
2415,10990
13819,3398
6663,403
238,4080
2742,2525
4008,4071
250,3905
7645,9360
4047,3999
5453,1418
783,8340
6712,6711
2901,303
1502,857
10745,1420
512,6534
8409,17111
151,4865
10970,1538
572,169
1415,1612
2112,1540
9335,1061
11876,13129
7135,16613
544,595
5824,772
258,9
428,6836
717,523
10644,13796
4398,9302
5364,787
1334,5595
15108,15107
3902,238
5189,3415
273,6144
159,5076
1780,4369
646,5194
9514,3628
18194,11433
80,87
71,533
14053,18854
3999,1110
1122,2679
4317,453
2412,2367
646,2161
2599,2193
68,1955
16,1765
670,303
14078,5328
2846,2824
2973,4097
3856,243
60,3003
913,9106
8536,8534
6638,5957
3632,3918
1168,4902
4029,1110
6167,16171
5002,14677
15690,18249
7387,568
5248,5284
18436,12255
2101,2074
6058,4335
2262,7095
9929,4378
3912,3908
438,303
4282,243
8808,4876
19676,19935
5301,5295
72,3363
3675,3214
8096,15967
548,7264
4471,115
835,124
7987,16963
2633,4005
3147,10642
857,8773
5635,1384
11294,2146
17,431
11729,2074
612,1772
108,549
925,17
2535,12515
116,4574
8709,5055
17676,9884
6201,9874
847,888
88,82
3136,2532
4015,3632
3480,90
1227,10154
10391,7418
1339,3979
13302,2989
4115,14601
8929,9875
39,2260
9801,9804
988,2409
11536,18244
7072,2411
303,6278
4669,15160
19531,19530
402,4005
911,6134
9328,1663
14314,3837
7810,4969
12502,2532
14957,4468
3701,7794
79,3537
2188,7280
13,1197
3912,4042
14715,8318
10286,7001
2734,9668
1647,3169
12600,4760
1748,3975
3725,1183
566,622
7329,7298
151,4544
94,4010
14576,14575
1047,895
13941,3447
19195,19207
3099,906
15791,14843
1870,1871
4821,1005
5989,2770
1173,253
2102,7132
3052,1090
3905,3221
7322,7258
9784,6201
2667,12768
157,2265
735,27
3947,3632
1404,2071
9003,9019
2208,2805
10029,3938
9155,930
11092,3435
753,8153
6995,7021
1049,567
1453,428
8047,8049
7249,2407
14733,12815
2006,8713
17,1854
12900,10633
17799,10209
60,238
8,48
3021,60
3628,9894
17599,11087
10308,10119
38,2142
8854,8522
2727,1276
2636,3632
222,7
13865,14698
15486,10019
13,1331
1,8
1121,39
3901,14375
2330,12193
2702,1219
1607,11044
10195,7209
6874,436
2197,8631
3851,3900
363,397
2538,64
2579,65
607,757
13366,11752
12218,16089
1107,1080
13848,3390
2253,80
10255,2537
4267,6215
158,5068
122,2405
595,5069
774,870
3151,13473
2792,2051
1105,1384
12135,15273
6786,2659
12397,2441
607,7523
2197,121
15674,15331
18974,14619
56,1758
2337,12209
393,397
6155,2792
4468,14957
12756,9140
5586,15881
2422,3622
2384,6548
7410,3425
8437,7429
2747,938
1682,614
975,752
634,459
9095,9092
2533,3638
12298,14863
3384,13832
4953,4799
3516,9033
13,526
3996,4008
4010,3906
171,1866
3237,3956
522,403
83,3739
4384,5810
7913,2706
3221,2699
7006,3722
908,5542
2780,1236
10610,10591
13069,2847
14883,17030
4049,4019
2048,563
3178,1282
160,5090
1089,7805
4339,5286
2641,1077
743,752
4294,1571
2406,12322
4249,108
1119,2729
4474,13058
2628,2535
5792,242
3913,4131
8705,3056
1931,163
6031,258
12028,9875
6677,406
19243,19866
13349,3022
11676,11675
509,7122
14910,10343
1221,5076
11847,8524
369,6553
3965,4671
9116,9164
4056,4035
1860,8217
5401,212
4993,5113
4409,11478
13855,18816
11467,5270
6527,14583
1672,2504
8308,1491
82,80
1119,4018
692,9
1117,5665
1110,522
4210,7104
12622,15875
11655,6260
16429,10241
4764,2028
60,2950
356,1780
14681,4225
5016,9419
238,3222
2487,2838
5310,5170
1110,3905
6406,4615
2154,6570
4361,14820
7577,639
1988,4588
19651,17947
2988,2073
17211,19517
19243,15678
15704,11678
7898,1219
13460,6744
2385,1780
876,476
6514,361
8140,752
698,1867
1125,1180
5376,7860
11701,2067
6591,2301
18450,13763
730,8006
1706,179
0,24
1433,4716
631,830
15630,18495
25,1774
68,158
4009,14526
2590,2562
13832,4256
11801,12447
15205,4733
5129,5135
265,4644
2636,1217
19803,18876
2408,801
5247,2912
4027,5683
2593,12632
2253,698
14678,18987
11389,2330
13627,4009
6375,5278
4043,3907
1113,3398
7018,1183
2159,282
4616,3045
2413,8500
11749,2084
1420,3326
1148,9808
9868,1174
348,333
69,918
7,40
946,7607
824,262
3744,83
5067,2163
9124,1430
39,2207
4031,1079
369,621
4558,12085
4018,4035
9326,10424
3997,3912
563,1426
1110,4039
11726,2073
4962,8004
17673,9883
732,8028
13846,8634
2051,2792
10017,9002
881,954
3873,89
4328,9529
13,1144
8609,6060
10940,1514
1081,2705
10373,11266
1134,87
2011,6776
7702,16875
13611,5734
5016,4426
1986,1993
10489,5964
30,0
3920,2537
303,3542
5269,176
10184,12498
5624,14108
1626,3178
10897,18032
1560,1592
732,2901
4109,2409
1801,900
3917,5622
13831,3384
44,2500
12279,5416
16654,12132
517,1966
7597,6097
716,7279
2729,4144
3930,1131
9104,912
19074,15013
1774,16
1424,10749
3995,4000
4036,4001
14817,4354
846,155
799,8445
2769,4482
818,2079
1482,2059
3345,5581
18859,14078
8363,17092
2586,7249
9093,3382
435,62
233,2557
1845,9466
107,4138
3164,1978
1988,4267
569,3445
13,1278
1845,17
6453,353
5107,2985
4066,4001
876,155
9152,929
6745,2447
4021,94
3914,1163
2148,7373
3167,182
2127,10468
4006,4135
1459,9780
2373,1075
4078,4011
7629,666
4994,9874
1921,7367
1560,1726
6608,4778
11494,9754
1694,1726
1933,22
2559,2928
2855,1758
11109,2773
3906,3904
647,453
353,6
2655,946
3756,927
15160,4669
3222,239
19837,19105
1902,1840
3407,5654
33,1
733,412
4349,2380
7093,4419
2664,3102
8264,13083
2237,783
3384,3391
2009,4339
2406,3975
383,6
4180,100
10601,1377
8500,2413
17132,8484
613,468
5828,250
1213,2153
2889,187
3580,14068
3919,7872
17158,19504
9538,1099
5658,3222
80,1136
1117,5828
9,704
40,17
436,17
1915,11470
3629,3380
19141,15214
3675,2035
96,2578
4124,1107
13,823
567,2163
1780,2385
438,63
8536,15060
553,13
935,869
7072,2387
726,6357
7930,8834
881,1572
1079,4031
2273,39
454,7
232,1126
115,4513
4224,5660
2107,10889
2546,1137
9168,17222
727,1105
13965,3467
498,1245
4858,4485
1105,3909
6466,16348
3906,4038
246,243
889,8980
4669,3243
4005,4017
8583,15256
466,17
4636,851
4263,111
204,17
3905,403
916,9113
9648,5966
1284,3093
10193,10196
1241,13
3909,522
9167,940
3386,3221
602,63
19118,15553
517,1645
453,4104
563,300
6769,3675
3876,14345
996,9227
532,2707
2175,39
3909,3905
16731,7335
2340,106
1944,106
65,3241
10118,9271
8998,2824
156,3359
9633,1120
18481,15117
3237,65
2163,4351
453,5043
5203,15608
8634,4991
869,757
5456,216
234,17
18757,13480
15175,4680
3979,4085
920,722
4602,866
7214,534
1271,13
80,3714
3614,954
19461,19460
1936,2093
9364,1080
10490,17895
614,2867
7295,7289
12731,18559
13,957
2205,39
10525,2805
8929,17340
3974,14479
2699,3957
5460,15799
18438,19742
1411,10731
12485,3227
2187,3782
4042,4033
721,3114
866,85
4307,544
2149,1046
7290,7295
251,721
325,670
9838,5258
4019,4049
3057,1194
3093,851
14082,3597
4121,14125
2013,10018
1076,80
4224,12560
11791,8673
2978,9946
8769,17243
949,2190
12229,3422
14821,13735
13825,3382
4466,3398
39,2154
199,157
636,158
6196,16190
2664,2781
15899,5626
9,33
2029,2041
7419,8240
178,219
1019,835
1430,10757
1929,1056
4716,1479
3048,10476
8021,1111
11997,9838
13,1091
6036,16093
6893,438
2237,2340
998,897
6578,5530
79,2842
1278,10336
55,4
3019,6513
1116,9254
2866,821
10969,16162
1028,4711
3637,2361
606,265
69,60
4953,6653
867,40
4285,12381
2269,3167
22,1934
8807,865
14930,8901
16716,7295
17582,9688
9014,17373
577,466
4224,3245
8362,3632
4962,730
18411,12172
8303,773
6716,1276
7812,721
3999,4066
14458,4368
640,7581
124,117
1726,2366
5740,243
583,631
8582,5069
14986,4487
15077,4605
4328,8671
11331,2756
9546,1554
3918,4077
10335,10116
19156,19846
3902,1100
4425,3127
4638,6618
4001,1079
13189,2901
10849,1477
974,7053
2617,2695
9860,10762
3466,7336
5577,15878
1104,3901
4426,10118
1577,149
3194,6648
3910,402
13416,3065
752,975
167,2042
4666,156
3415,3614
698,2432
5023,15477
7348,563
15411,5016
17088,8348
474,472
2500,12094
3414,3389
4047,4056
246,56
320,5
5588,1111
3991,14512
996,2274
2239,426
857,5313
2060,683
2223,2367
5779,5782
14707,4267
373,16
235,2526
2153,8953
7953,5224
7335,16731
1227,3311
5862,10920
11901,11903
3329,9293
17,354
1077,4306
3620,3615
4255,1911
10337,1278
10525,1329
4385,1203
15923,5699
407,539
16941,7897
5274,5273
6210,2743
563,1052
11550,7135
4386,115
5647,1317
6619,1450
144,1068
8628,825
4204,4016
6,380
11456,5221
730,411
2311,12171
1991,2367
5382,1019
1223,10143
9019,10280
4347,11649
636,4159
15574,5141
13,770
3041,10704
171,2110
1131,4138
7631,16850
2349,5458
4513,14570
976,817
3051,2532
3782,1290
2039,2034
5222,737
5249,4812
1851,1983
1131,1105
16719,16721
4283,2215
840,929
6087,9294
2340,2147
2527,253
72,37
488,2167
932,895
15261,4802
1107,3902
3375,3760
8473,2011
2067,268
1284,3040
19979,19993
4021,3908
165,201
636,5448
784,8352
108,3639
1085,1110
3045,3067
4086,2051
5125,5126
1119,3912
687,2003
635,1813
9804,9809
12328,3214
14988,10278
2142,38
1910,469
447,72
11007,11006
780,7829
7299,16619
13063,8507
3836,2815
1077,3851
1301,361
3536,79
3140,79
1932,1921
3117,12927
10968,8799
17368,9007
11370,11997
1338,1182
8776,857
11308,11119
2131,818
15427,15428
3376,5459
4267,1466
5067,2273
4055,4027
10528,1330
8988,8849
698,1761
3216,9873
6052,6051
2659,156
3226,5865
4936,2729
930,17
1496,428
18675,13186
3925,2641
5822,14607
17529,9490
10996,1556
4315,5270
5801,4870
13,1254
6388,2186
4865,984
5247,5250
522,1131
13416,3683
454,438
2804,106
8621,8624
9250,17463
13865,9144
174,4770
2729,3904
7190,10394
7588,641
1361,361
7632,1879
10070,4400
19114,15111
3925,3930
2727,12876
2373,1990
2707,1112
12343,3067
13957,4387
600,3831
2384,3088
1921,1866
1993,11568
2966,60
4001,3925
2778,763
11255,1793
2432,126
7354,595
1345,10566
8935,1213
81,233
497,2363
3415,5521
6450,11708
6284,12170
56,2620
1981,604
1970,11557
1819,2528
1726,85
1882,598
9077,6931
1219,6670
5663,4131
231,3560
2996,60
5525,225
2641,4033
3231,866
3547,3546
8340,7577
14334,17677
1334,1143
752,8143
2729,9515
7273,4928
303,403
4465,5348
1492,39
19550,17869
753,3083
825,8621
1443,1086
12177,12173
2540,3577
169,588
5396,1693
3274,1852
1875,3160
2654,12724
3026,60
8769,1459
12989,12990
4159,4460
606,562
3906,4014
1459,10829
1712,4859
6934,3368
1080,1384
3380,5661
68,886
407,352
732,4084
5608,236
6062,6068
577,763
4207,4127
7240,16657
15749,5359
998,39
15447,4994
3233,3921
14459,15470
3391,1097
903,933
1090,9427
1171,4131
5973,14886
14146,3639
3339,2627
216,3
11711,9525
116,2805
60,2873
5371,5369
8406,5140
4786,6436
12897,4891
14863,12298
3996,4065
2408,2468
11852,4253
5357,775
15167,13463
2175,7370
2148,851
2101,1005
5620,3629
595,7354
1290,39
19085,15015
271,60
6201,14871
7256,7337
4959,11467
3746,4829
1619,11060
2729,3233
3398,1113
16104,6058
2277,857
13219,12647
585,2852
631,753
13413,3064
13426,17821
2339,7370
7275,14153
12783,2668
5456,5453
3928,3907
375,9
6402,1921
273,6148
1147,2740
159,5080
732,246
1076,56
1957,1791
16373,10770
4369,3091
8653,829
7975,5869
10972,5348
406,6677
3391,3675
13902,3413
4031,4035
5278,5339
925,826
12088,2227
15740,15738
8514,7840
10248,11706
1182,8561
16,1769
3280,5564
3508,1227
60,3007
232,81
4017,1104
3401,606
727,60
4104,3732
10334,1277
15098,4570
15208,4738
4509,4949
4412,5016
1117,3628
13343,3018
84,3751
15498,19214
216,1426
9771,12841
4047,1104
1456,61
2546,7797
3009,2603
3509,13506
235,2607
11279,1842
68,215
16,25
969,3326
1136,56
3400,8086
4088,8460
857,8777
1269,585
1052,2048
2265,2270
4314,5016
9806,9802
4004,4036
8609,7272
1245,3382
1921,1679
371,374
3542,972
5302,6059
14973,5571
15393,8409
17225,10366
3271,10308
9960,4203
39,2264
9801,9808
1293,3049
2413,3080
1902,124
8729,6061
2412,2855
1120,88
60,108
7133,2102
7236,537
11773,11775
13306,7249
458,154
246,2715
4836,15277
14418,12300
239,5708
268,4194
13,1201
4848,1516
12284,10944
61,683
438,441
823,252
2659,453
4991,9149
6049,6050
476,144
8394,1210
94,4014
12227,7377
13376,18726
4235,3918
171,3480
4600,2353
19589,17610
1100,3943
4164,1234
3980,2645
1117,4112
6831,609
4616,15129
1944,2578
5244,1866
823,4574
1076,2768
9092,9095
6356,6917
40,1684
2633,1110
9960,3398
3668,2723
1947,782
2537,4031
92,1093
2912,3154
3115,1793
3901,2702
5769,15458
731,262
3905,1131
7628,5440
2972,7342
19661,18021
157,2619
1790,17
102,468
943,7500
2822,1167
10036,2080
16713,7292
77,2101
4487,732
4091,732
5612,1107
1054,4298
7861,723
4328,6337
8532,17143
1886,664
9458,1093
2011,6028
11138,1690
13,1335
1,12
6,356
402,1110
412,1798
4,283
9,627
498,818
733,8040
842,628
1291,2706
6119,1288
11330,6586
13735,14821
339,7
2820,3164
3160,7928
4609,2765
1104,4011
4860,6548
5140,6373
1902,1547
2707,254
3051,64
16619,7256
115,4436
158,5072
803,1804
94,1115
732,3092
1019,2368
1060,6341
7068,12175
12306,3081
1077,94
10829,6196
1908,22
545,233
2205,1706
4782,7015
99,2398
369,7
548,1470
6826,749
6458,353
721,7814
1285,3426
2629,721
3979,3658
4395,13924
4113,3658
4529,13924
723,7860
13896,3411
3390,819
3947,4120
60,2820
1653,5515
7733,16887
5273,1775
3996,4012
2838,1245
10002,9019
7898,4122
272,232
17362,9003
824,937
12885,2734
13148,5588
14545,4207
1097,2035
1107,2723
1694,39
1742,1019
2286,1671
2549,553
5489,3470
5978,251
2266,10818
9739,3132
840,689
4021,2729
337,1758
3754,2385
60,726
8564,17165
522,7173
12612,14626
2492,958
5389,9655
1100,239
3629,404
4852,5286
4026,4012
4826,4819
939,1045
5084,159
3165,5373
266,13
15166,4675
250,4206
3161,8637
1081,3380
8679,5222
64,2538
19213,15497
4917,5122
3480,5384
149,367
1291,4129
737,537
3930,3900
1394,3318
179,17
901,9047
4294,9280
72,1086
82,2528
2190,219
2329,563
1119,4022
4266,816
606,7409
85,3765
17,598
2266,214
2651,10413
6679,8942
5127,2838
225,1301
9284,3467
11902,2169
2150,39
1028,3345
5660,857
9138,17413
135,95
1110,3909
6772,8352
13463,13462
1247,1174
7293,7300
1116,8827
376,4853
8609,4991
7384,7418
4266,5138
18214,18213
10324,10335
1783,5880
5372,3019
167,1481
3236,13668
5270,4994
8859,6105
7713,689
14717,11214
7308,9271
722,13
171,2354
1914,3330
1387,403
1079,250
0,28
14807,4691
1161,60
6144,273
1219,4202
1052,1056
628,7144
2426,6107
1442,1241
5461,216
60,1210
1297,8996
13489,3140
7358,9738
777,70
14949,9655
144,157
7000,7024
14725,4285
5372,1864
5270,6283
39,1272
412,6738
13013,16393
8617,11244
7676,2850
4105,14588
766,2540
6492,5278
783,2709
318,6322
427,630
2624,56
3785,88
16909,7798
2114,6370
39,2211
56,2380
6962,474
85,866
5148,8922
1110,4043
6516,387
542,553
5000,4328
3415,2248
4001,4035
2883,2387
732,8032
8037,16977
7363,2511
7401,16766
11553,2499
13,1148
3550,2823
2695,57
4429,14311
9452,1091
3777,3768
1134,2535
6087,8733
2164,10220
60,405
4848,4846
1219,4336
5007,15456
1485,10871
2433,996
6051,6043
11144,1698
1173,2648
22,1052
3907,3999
818,205
17939,15267
4959,15415
19089,19082
721,272
4272,4097
5019,2634
9515,2729
3979,12920
5712,1100
14285,9974
1088,5169
5054,2820
568,7385
13407,3060
630,1847
9589,6061
2242,2340
4036,4005
10287,2427
2532,3045
6969,8195
87,107
2535,2562
2778,68
5453,12136
2364,9096
606,4644
3214,9266
15594,5181
2729,1115
1077,4229
3467,5016
7493,2718
106,1288
12457,12458
954,631
3989,402
635,6513
2091,77
5532,1290
14418,14825
6675,8098
268,303
818,2433
4708,9888
2805,8465
5501,2354
4066,4005
1144,9773
16258,6285
1299,262
243,246
5210,2178
11782,15702
1431,10769
325,56
7935,3221
19029,14843
2809,2922
8353,1482
7501,4649
12974,2777
1459,9784
4993,7024
15426,6105
4019,402
2824,13029
1043,9317
1285,8850
8918,887
4871,618
1992,7022
7135,512
12149,2290
19728,18385
568,3547
10005,14741
33,5
5454,8523
17930,10562
18138,11265
184,174
7018,866
469,6951
13679,13681
1933,376
7351,13349
1265,6104
1086,1443
13463,18752
2891,79
6672,16444
1951,11535
4224,403
3701,3102
1412,2367
5096,1086
12563,5663
92,3968
18359,19720
19801,19802
12855,7003
3980,3426
8849,8987
3149,1054
12111,11955
11355,15584
2937,5335
6825,11209
426,57
737,8055
6757,2380
15177,15176
9,708
11049,6617
2940,1819
6632,399
820,361
2270,4468
7542,620
2640,4001
9735,8972
1533,8147
14790,4335
17133,10002
1219,4015
10116,7351
727,1109
9104,9105
2227,4771
10154,1227
1105,3913
12189,4267
1991,330
13754,13050
4367,1219
1106,1105
4057,239
4060,3920
636,2122
14075,12876
3034,3524
782,1947
5049,1024
5570,2416
1922,11490
7805,7796
57,725
1308,1239
6319,16275
1194,171
3548,1301
3522,80
11777,2229
583,17
428,3112
2646,2661
2823,79
562,3112
7007,4783
12241,2363
1358,13
6602,533
4014,3925
2226,5458
1173,233
1061,3964
2169,6644
2432,3082
3782,12435
3276,7379
11156,1737
13,22
4880,15336
87,725
2988,4468
18486,12432
4510,3725
436,2599
303,5453
1189,1116
2304,803
7295,7293
158,376
6684,723
1126,13
2655,9139
17,1834
8336,3244
8589,1438
3399,3406
14278,4294
2535,1086
19088,19074
17416,9670
83,1141
2780,11470
14509,18944
13,1311
3716,80
1780,2873
536,1086
3910,1077
12328,15298
19704,18259
914,4452
5131,5132
9386,2886
415,567
2586,5188
16507,6826
9002,5929
1156,13
689,7717
388,2127
56,1388
5993,6036
1559,2123
5194,169
4528,10696
3083,517
6591,508
80,2913
2151,11834
353,6455
5126,5138
3099,1959
2242,5536
869,895
948,1188
3809,3812
1455,10818
3900,3930
5051,3274
567,1496
1186,13
14608,4936
1320,13
3904,4049
2941,60
5368,8054
5485,15809
1089,80
2703,646
4700,7366
14083,3802
177,752
4602,415
696,7733
16056,5964
3860,14330
18290,18289
2067,5131
773,783
13333,4213
1265,1245
353,1917
1278,10340
1175,39
913,39
8615,8620
1136,2528
7099,6145
819,6793
84,157
2371,65
3804,4757
8926,2096
15267,17939
12435,13801
1988,1990
15302,5882
2709,60
219,5485
8624,4949
3398,13868
4685,9875
10347,10346
2820,3274
10972,1538
929,922
6591,2147
8110,8111
787,8386
3927,4009
3567,14054
14114,3623
10759,1430
943,39
282,522
2209,2339
4845,149
543,2549
18077,13054
17158,8583
4823,7715
18997,14717
40,1928
19814,18911
18742,13444
4038,3998
3424,163
1488,2956
10417,17881
9025,9026
10488,1317
6167,8393
2734,11205
8837,869
16742,15471
82,60
885,4356
1514,10943
2648,6708
88,814
4033,4004
6619,8675
2723,10265
232,4
383,6589
1104,3905
2988,5086
17651,19604
8852,10387
14555,13141
5016,10338
4694,10287
15603,5190
18940,19821
116,768
2743,1468
15967,8096
174,184
246,60
683,61
8993,6835
10084,1210
6450,356
3346,2700
9875,5008
7745,1142
262,4
0,4
18905,14323
667,7637
818,636
2339,1011
3927,1110
12194,2330
3149,62
14231,3753
7378,567
17,358
523,718
8609,10228
13447,9306
13230,5107
8416,3417
3029,899
350,9
4966,11540
5622,325
5286,376
4188,104
563,1056
5990,721
6480,356
16134,6115
17740,17151
698,7108
11780,10799
5371,2177
5760,1198
7619,16844
11745,11744
4959,9780
2805,4574
169,2068
7,20
807,4799
4936,5632
17474,9303
9306,7308
9311,1236
2169,4363
11571,14782
1110,4019
4790,330
2045,11652
5813,428
2163,11873
3067,2480
3433,8465
559,7299
5618,4124
6583,6496
10497,3957
12694,2629
2703,2203
8955,6677
13,1124
3194,13552
2210,2270
1167,8875
13925,3430
4852,5530
10406,4778
3840,11448
4021,3912
11715,18294
1316,1801
784,8356
1672,4846
3683,884
15974,15975
1188,303
258,6031
2651,12751
29,2007
3006,2362
3508,3512
8924,5270
4767,2389
1108,9584
2089,2101
167,436
4764,1337
356,1089
16651,16567
354,262
44,36
2824,11366
2148,237
1752,237
236,4178
7,154
1141,83
2154,3435
3472,5925
12238,2362
232,272
2059,165
3639,14144
3422,13917
17,1781
7255,7252
1019,1002
267,6093
5826,5685
2638,6638
10618,2166
11495,2439
14812,8312
14899,19046
115,4009
1839,17
13,1258
634,4574
4060,4001
3899,4807
1153,2695
2557,233
4558,1245
3697,9776
8713,1801
2831,13045
7264,548
94,4071
773,8301
2286,2399
7076,497
16486,6772
4446,14775
3873,10941
12951,2769
592,1315
2500,6300
2729,3908
478,1967
1823,4560
856,607
648,2378
1076,2825
7566,3515
5611,404
4468,5085
8993,10836
282,1274
6600,1672
3662,4463
601,3471
6105,912
107,3902
4644,588
6826,4644
3904,3996
3393,1040
4380,10341
8147,2679
3026,6696
12376,2430
2838,13061
5249,173
6517,6518
56,2624
1823,22
6000,5999
155,1849
974,6870
9461,10308
5650,3900
60,2743
15865,5562
6715,1780
4282,2077
4195,2832
3906,2729
2173,4161
17321,8925
468,1787
282,2563
516,515
14913,14914
428,2388
11439,16227
403,4021
635,7562
9474,1094
8226,1817
6450,6585
7724,16882
1642,8847
4414,2354
3927,3956
6623,6513
448,7
1079,4011
5291,183
10910,10406
8472,2223
2155,11849
2362,2528
8146,11098
19159,19156
252,1758
7795,3701
6525,693
3906,4018
3221,3915
427,69
4005,3997
1384,10659
2881,60
61,2163
3415,1687
3957,3956
11486,9411
6286,303
3169,8047
939,6229
14580,4100
65,3221
9772,15030
3231,65
906,3837
19861,19963
12805,18138
2678,81
14923,4439
2727,10331
1461,2369
1879,2128
2911,60
10485,1316
18401,12135
11708,6198
1593,44
44,1593
2265,851
10933,3169
3070,5193
725,1173
6060,4255
7552,694
2173,2201
3900,5650
2205,958
7351,9271
367,4848
644,7600
1272,753
899,13
8381,5622
4969,10065
4019,4029
4139,4131
149,424
5734,1237
159,5084
1076,60
1081,404
4004,3906
1573,866
1210,814
3906,1119
2361,158
4011,2633
9795,17619
17701,19614
16252,6283
404,2636
3905,3900
2792,2596
4342,3901
6976,884
7080,5371
2197,4638
4064,3398
60,3011
3561,303
1775,219
405,13
9,13
3675,14176
1915,1919
2178,11943
3907,2633
4041,2633
4266,5195
949,76
238,250
1573,2155
3426,1017
10236,4129
5270,11467
84,3755
9284,1430
3735,82
16721,16718
1086,9392
1322,5727
1910,1925
1815,5071
1061,9335
798,65
4719,1915
4884,14814
579,4865
10653,1384
6893,14189
1496,595
8147,11002
6201,8943
2388,12288
3887,6488
8529,8852
3061,4460
9916,2811
7080,7599
2209,1965
394,389
2190,5887
9098,2364
1107,4203
8620,13851
2934,154
11149,9320
3768,3763
22,1914
6044,3482
3857,2300
6713,608
9720,11917
10835,18020
1306,10455
2180,7047
2786,441
4775,884
12703,2638
13398,18735
4392,2809
163,614
39,2268
6572,376
19852,19179
2308,816
5243,171
9061,1142
4991,11247
3212,5918
2219,12078
11706,8083
13,266
1355,7314
1083,2654
1554,4491
9780,9874
38,2016
3421,807
7,451
1132,826
3415,12104
13253,13254
2737,4312
2656,2438
13,1205
11265,18139
2363,8043
1086,3110
4066,3928
1571,2593
10325,10347
2274,12135
1223,1129
2780,1915
727,3931
1107,3398
94,4018
4779,7018
9784,5270
7991,4207
2542,57
7805,819
2593,5472
2132,1879
1311,195
3169,155
5170,1921
8010,16500
77,816
5075,9231
2377,12263
3602,3420
5897,16021
4025,1079
3517,2558
7625,6486
4012,2537
3494,4826
4053,94
3474,13973
3753,6218
7308,4335
534,1442
64,3213
12266,6935
4344,14795
586,7459
1653,2002
13597,3214
149,1042
3222,1105
14374,12705
1756,437
3961,10304
250,5820
1900,1879
11822,10836
4479,5571
10833,1462
237,108
3060,6412
3204,12018
7848,7847
4042,2537
3426,1285
752,739
5253,1932
2013,2695
24,0
6562,1862
3384,4257
1164,3127
3385,13527
5042,15483
5636,2636
6,360
238,3901
13662,3235
4,287
243,303
5373,3165
2355,2809
10326,10117
5163,4109
12747,6053
1398,2018
7377,2950
14658,4893
2984,1290
9816,1155
4253,11243
4184,4468
5662,4207
12124,16627
13611,11756
815,879
14806,14590
94,1119
135,1120
4030,4001
5224,11151
10308,17832
14854,15570
17001,13189
17318,8924
2393,3451
877,976
1135,3486
1286,6099
751,2557
1102,1094
4567,2893
16225,11655
1041,818
3800,14277
1397,453
11780,10559
11312,1823
2365,90
1311,10478
1528,155
4793,10002
5628,250
11586,10693
3237,12824
9476,3315
18837,13925
14627,11972
498,17
2081,2024
2168,2178
57,2526
165,2059
7307,2904
3788,280
13442,10011
63,62
639,7577
2029,11633
2805,2240
4716,5244
14201,14200
6720,6719
14662,4207
567,2224
4959,10829
6269,2124
15456,5007
2168,84
5354,12856
4680,2554
751,1752
787,5381
1176,238
95,135
5055,5060
220,5499
1080,3913
10119,10308
178,5273
4268,516
9660,1126
8550,6509
448,438
2237,39
814,761
727,7932
39,1142
11659,18280
3998,4038
6260,10275
10104,6243
1119,4026
6102,267
14654,11270
12738,3226
10022,17730
11454,6736
3235,80
4085,250
631,1993
4610,10429
199,84
567,4452
1333,13
2699,2729
3003,2174
4987,7935
17829,10297
88,253
1110,3913
8450,801
1915,1866
7104,2679
1452,644
5246,1221
8128,750
1061,4960
13,79
488,1126
92,1126
836,146
2267,39
11330,18162
15216,4742
1862,2205
5002,4244
4940,3366
427,850
592,3169
1311,2102
494,382
330,3169
2364,911
6679,2880
187,5335
1761,11198
1052,6537
11922,3175
5250,3033
2180,1733
10389,1285
60,275
1101,13
1161,64
1235,13
6582,2166
1534,3278
5309,2859
15573,5137
7157,16626
2297,39
12266,2426
361,388
8200,1161
438,608
7000,7028
15761,5373
2836,1256
19339,19881
10341,11043
107,2723
336,331
4799,4450
5131,5189
11737,18297
84,1019
6675,6679
39,1276
2303,1924
1107,1117
780,722
2296,753
4918,1109
5534,3327
1265,13
3976,12492
4768,2104
325,1081
4759,298
17403,9091
10734,7712
250,5633
1086,1179
5138,4266
513,2071
2140,10978
1961,3099
5868,2799
2198,2288
7418,2414
15936,7417
1743,5091
17768,10128
9103,911
15715,5728
4330,6200
19744,19943
1295,13
2482,5430
8197,3091
1089,1076
7195,3281
65,753
18927,14436
426,732
1485,10875
10635,8241
131,60
581,7436
2866,4265
2979,10558
2303,5091
19377,16335
966,861
6921,453
1864,2011
4231,1094
163,2200
929,979
2532,12498
1290,958
1726,1488
1017,45
534,7216
5703,237
7373,12978
262,866
477,1986
6767,6752
2729,1119
18076,13640
3482,6052
15745,5354
7787,3169
163,106
589,4644
13299,4635
2528,2526
140,122
885,1030
403,2976
2022,11056
2187,2233
2528,82
339,5435
3617,3244
3961,802
4207,4241
9809,4469
10352,10346
9306,3848
2384,303
1107,2540
4,234
3214,13592
3918,1105
2154,7196
60,2987
4728,156
614,163
15473,5016
3451,2393
60,543
404,1107
3585,9563
19302,15945
5181,8769
13051,6411
1368,10424
3321,68
6010,5618
3632,3902
5158,5375
1925,4865
1126,688
5262,7418
17490,9355
2676,303
11924,2176
1753,11174
12304,2397
927,9146
1927,2659
2419,2367
6618,15273
6001,1341
12856,5354
839,631
14451,5678
14865,17561
835,3141
33,9
4391,2614
1097,108
14336,18910
954,2274
16053,16945
577,72
2997,13311
1029,5077
353,364
363,1052
3269,5139
4535,7439
1965,857
3575,2213
7080,5131
4036,1110
393,3146
9526,1097
3440,1988
1017,6945
5685,4114
3904,402
783,3331
2641,2537
10690,2366
6586,5535
2176,488
3938,3958
10089,1210
8339,783
3113,2532
821,590
1316,3013
2056,571
564,934
2775,258
22,385
2353,2255
7169,2328
2640,4005
3809,14286
12674,2623
360,380
4066,1110
60,88
9583,2920
402,3989
3934,402
4068,402
1840,165
1105,3917
4852,4648
11119,15846
12625,4801
4104,14584
2747,88
9425,5902
2527,3697
4136,3919
10118,4368
16597,19421
3566,4328
6446,6440
8748,964
303,1135
3909,3913
158,2474
1921,4826
10746,6596
3216,12028
12509,2532
5444,7569
15659,5259
1077,3912
4131,7897
1111,2742
426,2639
385,386
2537,4011
4053,4042
7506,4326
1241,10170
916,22
3901,238
17945,19437
1278,9271
13105,13116
526,7192
1758,3492
1426,2753
2527,2542
13442,3087
12711,2639
818,2116
548,2255
1126,17
866,5570
3945,5613
17,1838
3683,3169
7081,3746
5135,1687
11795,5232
1655,11099
3671,13897
2013,227
5031,583
5375,393
12367,2425
13,1315
863,1485
1921,638
9188,17427
233,1089
10279,6140
10373,17853
1758,11197
7462,590
738,258
4017,2641
1329,10525
216,5057
1947,2990
7361,16753
1799,648
338,324
1100,4057
5246,15639
5957,4131
3110,13456
7978,2577
15,48
4063,3925
1780,783
5527,5486
1583,8348
5126,5142
1943,23
5698,15921
820,8554
1885,18
615,7398
4381,4207
4047,2641
2533,239
2806,4535
103,53
562,567
696,7737
4113,3638
5295,5301
2067,5135
4753,4752
372,443
7504,600
1259,10294
2892,522
2420,1466
2294,8709
2941,13246
3326,13057
8615,8624
11171,1752
15111,4598
80,1173
124,4663
1029,568
3398,13872
3224,5583
4468,954
9979,9954
1052,1491
723,6685
10111,1213
90,356
819,731
10476,1311
18445,18456
2592,3047
5307,184
1131,2723
11771,2097
3164,3438
4654,2248
877,1086
101,3339
1866,2354
56,1876
4056,4019
2091,2472
5052,2294
17140,19500
1466,2420
1161,8200
2639,1523
2990,60
4414,10116
149,1286
830,3899
1121,2385
732,1112
6250,703
8588,1300
9109,9108
12029,8929
11397,3734
857,60
533,5598
2603,553
3065,13416
6684,406
8583,17171
3490,1514
19572,19917
2433,12385
14505,3983
17113,8413
1815,4644
8644,828
11324,18158
13129,11876
1672,394
1651,9905
522,3904
59,2682
80,1307
8586,823
1556,219
2233,2124
1278,4412
2407,3243
2653,266
58,13
3222,2638
579,1405
6027,257
8853,8522
699,9
723,403
1117,522
57,542
0,8
437,9
2159,2360
10325,1276
1491,1672
10976,12348
3457,11553
2160,1272
2180,204
1111,5588
13274,2966
476,876
12205,8350
3091,8197
3930,4014
3020,5513
88,13
246,1353
253,80
3222,3927
8068,14200
87,542
467,9
8610,10053
11119,1672
4959,9784
2727,9583
2805,4578
13300,10953
4439,11246
16146,14989
7,24
7185,526
4347,11657
39,2191
655,245
4399,1459
5163,165
770,949
7732,695
11647,7426
1243,1169
3705,3522
6543,10858
7135,2102
17,1651
2422,1780
17592,9713
17762,10124
4207,5611
4799,3271
819,60
3178,1534
1276,10327
2285,2448
3133,4235
13,1128
1107,3910
1384,246
6563,371
18654,13122
2846,4178
94,3941
4025,4035
7996,2030
7227,536
3264,7320
2753,4364
258,6035
86,2545
4845,12664
6030,258
5125,2101
92,81
16733,7336
126,631
10626,7350
722,7832
1758,56
10909,18026
9660,8725
766,2654
568,949
2079,636
4837,1819
5270,9780
1141,87
5588,5925
7303,7297
8929,9940
4414,7351
5400,212
3639,14148
5434,7178
3954,2640
4131,14610
15613,5211
1571,8716
10366,17225
1245,10209
17,1785
8150,753
16321,6429
402,4070
2172,3429
5966,4006
5092,998
8146,3263
3827,8722
267,6097
19315,15998
2440,1931
2641,3907
3243,2255
328,334
13,1262
9772,2873
2747,2613
17726,10012
1921,585
18364,11989
2370,411
2149,6828
2362,1459
2854,1921
3048,5170
3034,9436
15028,10011
2088,698
3998,94
4680,15175
12743,6042
7285,7256
2636,3913
3221,402
10557,4496
11582,18253
2723,8793
13268,18695
3378,10185
5722,239
2107,1879
17925,19647
7187,2934
322,677
265,4307
776,7263
1910,22
1927,191
3754,84
1789,1947
171,3891
5128,5135
10885,7186
1915,10165
16998,8118
6516,6112
4859,1712
15273,17547
5526,15761
4028,94
12756,2655
18819,13858
8611,1097
543,272
2210,7080
56,2628
1900,1936
2535,232
3632,2723
1459,2193
428,1453
1639,848
1940,22
773,4117
3407,9960
6043,6050
243,5837
1050,453
1093,1089
6201,4946
360,6
7142,6924
6748,1143
9008,17133
18152,11301
84,108
19566,19915
3339,2851
1121,6520
276,278
3048,1921
80,1120
9,688
14983,5299
3398,3431
2185,203
4332,10654
77,68
2501,9107
226,1854
252,823
4795,15259
8880,10158
15700,5290
19452,16753
887,8918
2427,10289
16336,6440
868,2260
390,6
431,7
548,592
818,453
7158,610
15117,18481
3906,4022
9193,5370
817,982
2496,9113
4005,4001
7272,11477
9022,3044
6253,16224
1286,3712
3638,4207
13675,13676
181,17
635,2439
6583,1052
9802,9800
3014,7009
7140,1909
12361,18475
89,1182
9302,2280
314,1300
7552,1853
7053,974
9436,3034
2328,1019
461,7
282,1762
60,2881
65,3225
16797,19458
655,58
3048,1116
8323,949
2786,1116
3407,3678
5661,3638
821,3733
1662,10765
1879,2132
6058,16106
16188,19350
4012,4017
3912,403
13865,4509
157,3164
6502,7637
5375,6435
585,1921
2013,6269
2639,2759
3678,5834
10696,9087
553,131
5369,204
1384,59
3823,14294
2182,39
81,1075
7472,3378
505,4786
8024,10307
39,849
1174,2666
11680,2060
1105,4027
4042,4017
1752,2148
4534,3725
5463,216
8716,17216
3398,7887
11049,11053
1106,1219
4019,4033
2544,7975
1348,752
2380,5100
9780,14871
732,254
1150,13
11156,16777
11349,8312
2796,1780
4384,4131
2916,13216
8924,14886
6975,478
3528,3392
2212,39
5126,8151
5188,169
10155,2101
1134,1173
2723,12794
3069,599
10203,17798
9,17
468,6947
7297,7295
1285,10387
10824,9780
2178,11947
15486,19212
13353,5249
1180,13
2742,1143
3628,3222
522,13
7676,683
1024,9299
9665,1126
2242,39
6817,427
7235,940
5588,3644
16560,11893
144,4756
772,8297
3602,11800
17251,8778
13,1075
2145,106
3671,825
14901,4414
1086,9396
1105,3222
2244,7467
2727,4403
5852,5410
819,3390
7729,694
4447,3675
18997,19824
1496,599
9357,1131
1210,13
814,13
4783,7007
7402,1238
163,5156
3391,2878
2200,163
7341,3214
9280,4294
10519,1573
17636,17637
11289,7641
5258,857
12460,13087
16082,6010
10524,5300
15390,4928
22,1918
2365,2859
8769,4529
1799,758
7470,591
13906,6872
4998,15455
6438,8486
4396,303
7350,5370
96,1086
1921,11486
165,1445
4022,4034
5665,10256
1109,2940
4514,4496
1131,2699
1272,2180
3976,9516
215,219
830,6908
1415,3397
2067,1862
4460,8582
867,7729
7,455
16123,7300
1902,482
7110,5509
964,2185
8891,17300
581,4110
4604,2295
13625,3223
2780,1919
2869,2900
579,1031
646,563
33,2026
752,959
3462,8140
17395,9041
7252,7255
8212,2867
115,4310
4425,1017
14652,4194
2618,56
16597,12444
6110,268
642,40
256,4
1880,2012
3760,4949
9212,2200
16342,6448
15830,5519
18192,11428
62,1801
231,2576
819,1780
4052,4010
4577,1946
15149,19121
11218,2997
13,404
7110,4704
18023,10838
3264,12073
7662,1245
1072,7329
1793,673
253,56
286,4
4038,1079
2178,5210
1011,2889
8191,8190
4617,3415
6,364
3316,1094
4,291
2777,6478
249,5949
2646,1299
5137,5144
1104,4019
13426,10287
18987,14678
4027,1105
4016,5642
12874,17129
3396,3682
11887,2166
835,8675
6190,4330
5218,787
1116,57
250,4080
4030,4005
54,4
1174,35
9360,14879
3788,14271
8195,6969
3327,11432
3649,5067
3482,1921
4100,802
8635,825
14100,4754
11940,2177
4782,7023
2542,545
8280,8770
5878,244
4057,1105
11780,10563
16885,7733
14746,4313
12024,10923
2578,1141
2934,7192
6913,9212
4335,14790
16400,15797
19156,19159
13687,3245
3131,1290
4426,14908
14775,19014
237,246
13946,8609
2303,155
80,262
3216,3091
1225,10149
1645,155
2347,427
14491,3979
1483,2079
1161,2028
6548,5300
8924,6189
2874,13153
5966,3632
840,3141
5375,8826
11688,8880
3415,5371
5920,5916
6997,5311
7422,579
2387,12284
4518,15032
2161,5525
4921,8097
1077,5713
1927,1911
13188,2901
454,72
8487,1088
4325,115
5464,388
1052,930
15692,19251
40,432
3543,79
604,16
7262,5178
4354,14816
438,6894
8311,17077
1866,4826
522,1115
4677,8087
8783,857
1780,356
1948,2384
13272,14276
3458,880
4131,3632
10584,16498
467,2347
235,2778
3998,4042
8123,16999
19503,17149
2443,12162
2901,7378
3364,2184
900,3168
3222,13620
545,725
7871,4131
4994,4946
5419,214
11943,2178
2707,1096
6448,16342
60,2373
3214,146
5120,1086
5056,9961
13,83
118,99
5670,4936
12726,4509
1915,7697
10336,1278
5043,1805
187,5339
827,3979
5925,732
3079,860
2867,2667
250,3409
4849,219
2230,3544
5270,10829
9025,898
9312,11508
924,2599
10118,6653
10216,11160
9125,2233
13961,11064
5100,15521
13619,3221
246,2886
2641,4017
2892,1384
2100,11772
13,1372
125,2367
4008,3925
3135,10941
1182,1295
3375,13811
239,402
187,212
3468,3422
10560,4904
2399,8806
2729,12882
16602,7124
169,572
6218,6215
3429,3467
16832,7586
6316,1088
18156,19690
1076,9355
1866,5310
214,5418
601,6618
1482,8353
1100,1081
1394,6254
1780,840
1366,10622
2209,12065
2297,7748
2354,1866
2607,60
2013,1573
3999,3997
4038,3925
6755,11523
10839,8641
19251,15692
17160,8556
10414,1295
4001,4043
7003,2176
2359,3149
3510,2493
13644,3227
1237,39
595,572
12062,8800
10391,4694
3823,10537
3904,1077
6039,6041
3386,4120
2873,337
1510,10936
1780,8545
3996,4049
2798,12995
10944,2399
264,6070
581,7440
238,4068
2368,8688
8905,5252
2411,7072
403,4135
3019,13344
2744,1805
7577,1485
2823,2852
636,1862
268,1466
2897,2801
3315,3314
3934,1077
7308,6730
18185,18125
4068,1077
1848,4865
12872,2724
13622,3222
1328,7081
2801,60
10347,4930
72,773
3485,6354
818,563
2129,1882
9271,2727
17947,19650
1117,1384
6776,2146
3227,13643
4079,4060
1061,3704
11407,1877
1215,7554
4207,4245
7096,2501
2073,2889
6715,1089
2489,8991
3229,2577
7147,746
8900,3164
166,758
1780,1324
10352,10350
11859,2159
14053,3566
303,2749
8828,2507
10775,18000
2738,246
1337,10553
5025,154
8856,7938
57,2693
272,403
3782,1221
18423,18424
879,815
7293,7337
11042,2287
536,3859
59,2739
1902,913
15298,11031
250,4027
2805,2407
157,830
4779,9897
1875,29
3459,4328
3782,7987
6091,14070
5232,12094
9577,9576
1041,3213
13004,4475
549,1061
19531,17290
566,476
3399,13884
39,959
9001,5444
412,9
553,1180
171,886
1928,40
7154,9780
10941,18046
2230,2068
5103,6207
1920,1842
695,3515
18977,14637
9603,17563
1116,1293
2654,1083
3751,4328
6626,1932
3904,406
14695,5611
958,3336
5,35
5627,4113
3550,1571
1915,7510
4329,9445
4229,1105
922,646
5032,5401
39,2248
149,4860
1687,4650
1131,6647
5459,5468
13493,18760
13612,9784
250,3222
1100,2638
6802,818
1394,1395
8580,12338
60,92
842,3511
13164,18669
4011,4036
10824,10829
10998,1560
3405,4980
5222,4185
13357,3034
2288,2022
13,1185
39,154
2183,508
5275,813
2353,165
4994,571
6439,1116
1384,303
4085,5678
12309,6262
7412,5069
449,25
595,1540
7190,526
746,8125
94,3998
1219,4373
1918,1930
2365,2619
11706,5969
1100,3927
453,144
236,2361
4078,3918
141,4753
16103,6058
303,1139
337,6385
1278,4953
3516,14014
3143,2886
512,7140
4041,4036
268,2084
11780,3639
9447,5106
2779,2609
4351,14815
1700,3141
3276,3415
3675,3686
756,303
3753,3754
272,2176
8444,17122
6041,2544
4315,9873
13591,3214
5685,1219
1309,8588
2360,12232
3222,1085
1322,10513
6177,16176
12772,18572
553,2603
2535,155
6747,1245
14008,3502
5086,1799
2204,2270
3876,5258
13897,3671
17,1842
4207,14662
2640,1110
3453,6094
9459,17517
15072,4540
660,1884
13,1319
14822,4365
1384,2881
4,267
3512,13090
4364,2753
6368,4982
4554,13430
363,385
946,2655
14365,3897
1044,3752
16976,8036
3912,1131
2922,13224
5453,4602
1797,17
3069,3071
10581,2695
4541,15073
92,272
782,2439
5637,4130
8495,821
9300,1026
3453,7383
4946,9874
2171,2860
820,8558
2613,3205
6586,1835
11087,2274
11957,11956
1921,1931
59,1263
9407,1088
8658,9106
2729,4319
2770,1876
1089,88
1173,725
1109,9600
3222,1219
1780,1137
16599,7123
7146,7504
3920,4001
1864,84
3653,3657
707,171
1316,252
426,683
9154,3244
2702,402
169,5191
2738,59
6244,16219
10002,9003
13018,6280
2166,9467
15753,16901
84,165
1653,22
2984,13297
367,453
59,108
2228,8066
927,4991
13252,5171
6262,16209
3,176
12370,6217
2886,115
831,8666
4092,2364
1079,4072
3431,403
4026,3996
77,3508
11195,7418
376,165
3110,762
16618,7149
6625,1924
947,920
2368,125
5348,189
18488,12596
15877,9366
4129,5814
2940,3734
39,1711
314,418
4829,563
8619,1930
157,1932
10229,14620
14018,3519
131,4683
2187,2184
953,2805
3998,4018
3602,7990
567,1049
9150,4949
15022,4506
60,2938
2178,2071
2126,1881
426,3261
6467,4317
16675,7252
4853,1307
6725,411
3480,830
7136,2197
585,7455
272,2794
15877,17071
6748,1334
9975,14107
3398,239
5660,4224
753,2343
522,3908
403,6660
723,5884
3500,3899
11043,2836
3930,2729
7295,7330
3169,6014
3396,13375
9807,9800
10208,3728
2723,4207
11068,4586
15197,18251
10394,14441
15706,5296
1177,9437
10293,1557
11113,18100
2578,96
303,13
17818,10276
0,12
39,906
2157,39
2375,1430
6117,1817
17147,8536
13429,3073
18308,19710
6280,303
1571,881
5824,4224
471,6952
3415,943
10488,3903
173,5043
572,588
19809,19810
7566,3255
4870,698
3930,4018
13083,18651
15298,5851
11397,2933
2049,856
3221,1077
2104,563
9241,1818
17217,8716
9811,17624
467,13
2420,799
4130,107
3223,1123
2598,1071
16209,12309
571,2056
731,59
239,1317
1168,60
3121,846
39,2195
3998,1119
911,5130
4671,2151
18559,12731
1898,11425
8700,1090
3625,14120
2364,6502
1110,4027
2729,4937
3389,13843
2820,5055
5468,216
10408,1291
12366,2421
6061,730
4177,303
4615,11826
18830,18829
19305,19876
6189,12027
1019,876
1131,1117
16659,7243
5606,1089
10526,17727
2,34
3961,2176
857,548
4129,4204
1276,10331
13,1132
12077,7364
5305,5298
2101,1554
9386,2707
11751,7379
2116,1862
13924,6411
5534,5535
5823,9610
1384,3633
4937,1115
554,7313
1175,9875
549,553
3396,13859
1194,3509
10934,1872
6032,1089
8853,15426
3167,975
15520,11282
1817,6117
7478,1290
16853,7634
165,563
741,8078
722,7836
3974,6144
4328,14778
321,322
753,733
9354,1075
3930,1119
1110,3222
5270,9784
14606,4122
2378,3151
17,850
7632,2107
2418,12349
124,158
3288,339
8472,808
2258,11313
14825,9306
6513,6623
17395,17608
539,373
267,6101
2148,595
2533,406
17596,19584
7252,546
13838,3388
328,338
1933,2104
10205,6142
924,5287
17188,8620
3718,273
94,107
722,3648
5782,5771
6038,3482
90,2617
341,6400
9355,17491
11706,18293
3315,8901
13444,8537
3243,165
39,585
7835,722
875,857
570,7391
2497,2038
9976,12856
3725,8018
2168,816
2820,9861
6825,12348
16777,11156
5237,171
14772,12654
2859,175
1532,3049
3638,4077
14362,3896
10287,17821
2330,585
4644,596
4286,5052
2679,2459
6999,7024
7066,1830
584,7447
1341,256
1327,4522
3042,12310
9851,17641
65,3095
6806,3596
12876,10308
2382,7541
1174,1247
7294,7322
243,5841
1848,437
65,62
3137,13486
10477,6210
2101,4266
9,692
3254,8409
1005,2377
3918,1219
12846,2710
339,72
2981,6530
2413,596
3108,3107
3913,94
169,3044
11571,1987
10346,4414
1077,5636
4964,2240
690,1992
115,4501
2772,12957
5580,1425
757,935
1107,3943
4282,341
13793,3348
1384,10667
5501,3761
7366,4700
3169,13532
38,467
948,7104
6060,2035
7440,4649
8140,8258
9802,9804
4266,7163
2365,151
2067,7664
2148,2368
1083,2044
7426,5882
3013,1126
8049,2663
1113,4138
3164,1295
65,3229
4615,14672
9015,2227
10290,17822
1781,1793
2780,10165
15084,4550
1113,1105
4112,1219
6099,835
598,659
4144,4140
80,3702
9164,9116
766,243
2180,4693
16017,5886
1120,9631
12901,2743
6828,2149
12081,2223
8202,9644
1867,3415
5047,157
4491,2154
267,303
17,1818
10559,8039
1180,233
1093,4960
3493,773
19669,18057
3398,3919
3632,1117
60,1141
1825,156
268,1844
1219,1100
4779,3725
358,17
542,2578
599,3112
1741,9318
6791,4337
165,376
5455,15793
9987,12135
4046,1107
8769,4399
801,1526
7881,5657
1169,232
11812,12921
1468,2743
2729,3945
11526,1947
4496,1343
2703,6696
11294,2378
5116,15546
1252,1398
3143,552
3979,7240
11320,15842
12270,13210
7810,10328
3999,3920
4460,5069
9,21
6437,6441
3073,4694
7297,7299
4139,7872
4241,4207
839,2168
16709,16716
13,140
911,8460
3907,2641
5973,4994
2124,2266
7422,3803
10148,10144
5138,5132
2297,2194
1141,254
1163,13
5646,10234
144,4760
340,6392
111,2368
914,9108
11475,4991
541,1198
13846,11952
5076,1221
570,438
3771,14242
10490,14984
2154,573
4886,1097
125,1485
9875,17340
17561,14865
254,1141
956,1413
4904,13946
15004,5270
10405,1290
15400,5270
4006,3936
1585,1584
4766,7596
10435,9800
163,5160
1173,2579
7350,1052
846,2184
11104,6926
512,7034
10326,4380
56,567
1921,752
2406,2487
1193,13
587,6619
7361,13484
1327,13
881,4622
16972,8027
4465,5389
3909,3222
974,2369
6624,2079
8984,8851
22,1922
3163,9259
2637,1107
2654,522
2406,3426
15284,11861
9426,1090
2695,5249
1077,3221
363,1434
399,1091
848,3169
16328,6420
48,110
4022,4038
10510,10509
8902,17305
5284,180
7567,878
3546,1076
3430,13925
1075,1081
1357,13
2167,11896
3222,4362
1995,1990
4894,7350
5256,2104
10276,10278
5299,14983
10558,4514
12629,3047
2636,5958
7,459
11022,2174
982,4273
3317,2155
4469,9803
1090,3052
1210,8072
10711,10391
4271,2648
2743,1102
1089,1137
13939,13940
1491,363
4567,11277
25,449
4120,3418
4648,1817
949,568
8507,3543
3015,2729
8791,858
13924,9875
4870,5801
14476,3972
147,65
12953,2770
10965,15761
7249,545
13835,3387
6870,3178
397,6629
1485,4870
179,2205
9757,14570
535,1086
1748,1308
9029,9667
239,4
225,106
8897,880
11090,18092
13787,3346
15791,8793
16487,6776
947,1030
4947,3927
1019,152
5270,13248
7798,1137
13173,2894
6435,1910
1132,29
2830,1986
3126,816
772,3658
237,116
1023,1025
1116,1216
522,2729
11,527
17832,10308
10155,5167
563,1040
9922,17239
13061,2838
817,8504
253,60
327,9
5043,4574
10091,1210
165,1933
1780,7797
144,1056
2246,9290
6131,5067
1317,4131
35,2052
269,4
7144,6921
8768,8929
6886,1967
13312,3588
12405,4604
7056,2378
249,5953
4225,14680
2169,4347
4018,3999
6086,11151
6112,5956
3156,62
10349,14458
7567,2301
3109,246
1758,1780
3334,2808
1057,7560
835,8679
3877,14347
4677,4574
5828,3918
114,251
563,2329
2860,2171
6487,356
1029,816
4799,807
7361,3364
339,369
9582,7348
3945,3901
2525,3578
1909,5332
3667,7340
9792,9787
14,20
2242,1011
1514,3490
2013,959
7248,16669
11223,2540
14974,4733
10765,1662
3998,3912
106,548
954,2335
1272,924
10971,1538
18942,14508
568,579
3069,6832
239,1077
15467,5016
11520,1945
508,7129
718,523
4016,3902
10998,6744
3453,4728
2773,2525
13411,4482
18039,10920
959,585
1862,2079
2230,6447
18195,11433
4852,387
81,87
9282,9284
1627,11072
39,2305
99,3110
17783,10176
14966,11796
3178,13541
553,82
2640,4066
3901,1104
401,2694
16087,6013
939,1057
1052,7350
6649,11398
1353,108
18,677
4317,14753
4574,823
5417,2266
60,1088
13,1242
522,1119
3417,13907
4030,1110
9171,943
9639,4983
4790,4770
3625,3276
14564,15549
94,4055
6331,2579
5044,156
1116,545
2665,12767
4936,4006
2990,1947
4664,3318
144,385
3892,14358
16,1139
3748,84
10891,4537
445,6914
13,87
2537,4072
11730,2074
4008,2640
7299,7292
212,5400
10058,17745
3230,94
13462,3615
4404,14883
4088,125
731,303
17704,18877
2723,6679
8167,3315
10116,15471
340,2367
13000,2803
56,2608
954,3758
2316,12182
13407,4093
2894,3528
628,6217
6151,6152
327,627
15770,12856
2384,7398
6015,629
16453,12132
12705,14374
2968,13276
10391,5503
324,329
8216,6590
1256,6725
6120,1554
2071,6120
4728,835
1056,1941
17769,17178
13,1376
1,53
5135,5131
10326,4327
15899,10233
14348,13399
13280,2978
19532,19530
401,3178
592,494
625,442
3214,4822
7028,4331
2169,8348
825,8609
1119,2640
1004,438
2081,10221
15947,5736
1100,4118
1212,1141
2120,2979
1079,3995
3672,2667
7082,10983
8204,5425
8885,1622
688,1141
10591,10610
4136,1081
1118,725
1950,5951
18999,14721
214,5422
9195,12401
11084,18090
1100,1085
938,3009
2472,2091
19732,19941
216,5468
20,1392
4001,4047
12492,2723
2409,988
17579,9675
9972,12443
776,8316
1788,146
2990,12819
4090,1086
5834,9612
7249,2586
10507,10508
10755,8358
60,2861
5077,184
7209,9603
11109,10576
16745,16804
3996,4053
1866,187
579,982
3961,4998
5305,2293
13881,13882
4654,7436
2780,7697
438,3194
2131,4807
758,166
9104,8849
13610,3216
15167,10418
1301,5289
15454,4998
127,2743
4065,4008
6776,16487
8943,4959
10424,10631
10920,8723
3934,1081
4068,1081
761,814
403,1106
3240,5588
1879,18
1726,1496
2166,7430
1089,2373
3238,65
12744,3482
1345,84
11579,1988
125,2855
455,6931
818,567
4042,3997
5162,3274
14130,3632
1100,1219
2918,60
3816,1210
4635,2067
3645,14160
3318,13765
3891,4767
9330,1059
6496,3264
2277,5167
12139,3493
4207,10665
5946,2043
1810,39
5371,2108
732,1173
379,1809
749,588
5110,15542
4351,9074
5302,15712
4225,4239
541,7240
971,2852
2948,60
10308,12876
2404,5100
15855,10953
57,2697
10891,8538
5067,3013
1732,506
730,696
5504,15819
2540,2894
8338,782
731,4304
1276,7810
3222,2699
3905,2729
7007,3722
1272,10320
1005,6004
11499,7081
262,69
40,1188
2576,80
72,3355
533,532
226,5485
851,3093
3908,3377
412,13
16,13
1993,631
2633,3997
3214,11856
1726,1041
3614,2930
3947,107
4250,108
4680,12524
5655,13894
1077,403
72,322
5840,842
10757,7383
17697,19613
545,542
2503,1672
8327,781
8005,730
8891,2809
1081,522
6678,406
8424,1845
2706,2940
9041,2753
6427,6422
1081,3905
2528,12467
14230,5286
10466,4551
9268,13497
39,2252
4239,107
4380,1278
2380,3120
1272,2160
3999,4030
1143,60
83,80
5902,9425
1213,8935
11552,1965
839,8694
60,96
884,1297
2300,158
6285,303
4137,9629
19057,19831
8873,17290
18677,13194
1817,11301
11690,3592
282,2360
4946,14871
232,553
2859,5225
13,1189
39,158
3912,4034
7599,1516
2702,1077
4615,6406
1234,10162
2855,1319
13478,4496
10325,10331
1075,9351
6973,1993
118,4588
1801,595
911,60
8141,752
2588,5112
5370,273
3511,842
5016,1438
2184,1272
10253,2699
10337,7308
514,774
108,86
16214,6243
8146,11834
242,86
954,9182
2537,4019
4775,7418
1807,2453
14334,9907
3904,3927
2624,231
4581,12248
8972,10829
1799,1811
14085,12586
3486,1135
4673,2388
236,1210
1703,11148
3164,5056
4685,1459
1276,9583
1827,72
4991,4949
1498,5266
12254,2371
3745,83
5768,5772
2406,1442
2413,169
4032,1079
12705,7905
10654,4332
6196,4529
6610,16412
18639,13036
4019,2537
16611,16802
1687,5138
13,1323
1,0
101,1924
4060,94
4,271
5828,1100
16904,8918
13604,3214
1104,3999
627,435
2101,5128
300,40
40,867
3226,13639
10941,1514
1751,11165
2663,8049
16969,8000
1921,996
7703,16875
303,688
8629,825
5232,6300
31,0
8307,774
4005,3928
1875,62
1987,303
1770,1766
8027,16972
17355,8975
4932,3564
2654,766
333,338
3908,3995
5590,9391
6068,9955
2362,2809
1056,144
5247,9991
852,4286
3920,4005
5776,15970
86,57
14907,4426
18019,10833
39,1931
1775,16
22,72
5273,1763
388,395
80,242
8464,8463
10475,15835
169,5195
3588,233
171,5241
231,3040
4049,4011
2540,2707
2729,5612
4423,14775
4967,15427
664,2141
1089,7797
2455,125
4673,428
5205,4453
1116,9620
4426,10350
10338,9306
880,453
5961,4207
116,57
2382,5504
4027,1219
167,2274
5332,249
77,3512
11004,6134
22,1361
10763,11175
4022,94
1105,3954
190,945
13613,17582
169,68
5798,2873
7630,666
7814,3227
622,575
8646,12617
998,8968
4482,14981
819,1089
1934,22
542,57
122,2881
60,2003
1027,1792
2899,896
354,6
2957,120
3377,7876
6672,404
3810,11141
1119,4010
5665,250
7024,4993
9221,7637
4937,2729
2860,187
3448,13943
7417,16773
18412,12174
2402,1029
34,1
14917,5248
17981,10675
5245,8709
18060,10968
10935,9538
18676,13186
5618,15895
3065,592
9763,16672
3561,1173
1725,1726
383,3568
5233,4161
18584,12816
403,6664
5974,11743
2244,39
12395,2440
384,6
2383,1137
9515,1294
9807,9804
4917,3366
1183,7004
6004,1005
2364,10694
565,17
2607,1784
403,1187
1552,2148
3632,4207
0,16
437,17
1135,2799
2281,1799
592,7475
4910,15377
3398,3976
10574,10067
9738,7351
11256,1793
5435,2955
2274,39
3208,7262
6808,426
455,7
7108,8797
12653,12655
441,1829
3930,4022
4035,4038
3221,1081
5371,7077
7743,16892
467,17
6785,415
8966,8942
6194,16189
3918,3638
4021,1107
19189,15383
1108,13
5240,10943
1242,13
4113,3325
39,2199
19854,19183
1496,1815
8111,9559
3402,5973
9,78
1110,4031
2304,39
2193,6624
4400,14874
2368,7379
911,2101
2850,6399
16613,7643
1210,4612
821,895
497,17
4239,404
10355,17849
13,1136
909,8821
3628,250
4500,179
2368,1902
7215,534
10833,5581
840,356
1272,13
5532,2083
8505,976
5158,1842
9886,9642
2636,404
12794,3976
579,958
4949,4886
6492,16354
3223,5799
11244,18132
1105,250
1031,4273
10953,13230
21,438
122,4654
10373,1809
18399,15240
15448,4994
5637,3947
682,1086
907,3648
950,4284
2220,876
4054,250
3577,2540
4043,4033
1316,2163
7250,7294
13771,3325
5889,5888
1302,13
374,6568
9779,2763
5616,4009
568,957
2003,60
2161,646
363,1491
9659,1126
13998,3489
168,5187
14522,18950
2167,2154
17875,11648
3997,4038
4786,15044
9126,1794
13614,18775
6101,267
13826,3382
5524,11775
5464,5308
959,963
107,4130
3918,4122
1017,4351
2701,12826
4031,3999
12305,10362
5658,15912
9099,17125
2950,698
8208,1116
2191,646
393,1491
3271,1278
13380,18729
1827,369
11281,18148
14373,3901
4867,5210
2341,590
6395,340
10923,12024
13811,3639
1426,7380
2202,7601
2467,702
1866,1236
4068,4224
570,7395
8856,8857
9183,2836
6144,16155
9147,927
3622,165
5662,1105
17023,8183
235,5604
376,3365
3848,10307
5839,243
563,3191
10588,2705
11278,2924
8719,2328
567,866
1780,1088
2695,4851
6910,4704
7834,7829
12,55
3260,13705
3159,821
3305,2336
8536,17146
644,2217
6597,7398
243,5845
7567,4452
5,15
727,5635
1364,2314
10418,17877
799,61
9,696
40,9
537,7231
2540,2654
3426,761
4936,5673
5932,7358
8357,784
8679,835
10962,1533
2413,3044
4018,4056
116,4
5131,7080
1755,11180
62,3151
929,9152
1700,4865
5308,2054
2735,12894
2422,1817
94,3628
1219,4003
3724,6992
646,169
1105,3901
246,235
1295,10414
2954,6027
16608,10519
4019,3907
10096,1210
1107,3947
8024,732
1088,1453
4779,1151
3459,1998
11065,2011
13865,14697
4468,2198
2140,37
9713,1837
280,4
7563,2774
16785,19456
4779,4534
10002,10593
2416,5570
14344,10221
2364,2936
2328,1027
629,6015
1040,631
2067,4635
3073,13424
11,718
403,5672
6196,3216
14340,3871
921,939
17736,10037
860,5359
7196,16162
426,179
80,3706
2184,2187
4125,3902
272,6128
6669,403
8943,9875
631,2274
4426,12875
5252,7733
99,3167
3418,253
56,87
9811,9870
4281,628
1316,10486
17,1822
11457,5221
4069,4909
14125,14620
1933,5170
3917,1105
3941,5663
266,82
6604,16408
17743,10053
3137,1142
673,2126
721,3106
3470,5489
10598,10600
3210,10288
3902,2702
13,1299
10944,3131
4865,1029
156,1607
3320,68
4068,3903
19849,19160
13813,9780
752,8054
3908,238
5176,167
16720,16721
3520,8235
215,2187
3733,2866
15134,14072
5611,3478
1304,10452
93,1443
4014,4047
9583,4327
1875,627
15655,5258
2102,818
14400,5002
1418,10739
2362,12234
6437,6445
7297,7303
10563,1345
1194,4615
14735,6978
9017,9019
3900,3918
4058,4504
4113,239
9622,4440
16201,17445
2627,12690
4482,3519
4783,2693
9339,3593
9411,5159
3537,79
2186,115
9,375
1105,3230
2765,731
4991,11475
5043,5249
3804,3806
9241,8885
4064,727
5822,4987
784,371
4292,6778
8989,8849
828,2363
13186,18676
10435,9804
361,453
5782,8971
3401,1322
238,3995
59,88
2165,1116
6786,2411
2431,3487
4986,2621
6665,4336
569,567
3418,4120
3927,3997
8729,1166
549,7270
1244,5617
303,1387
5287,2734
8523,10897
376,6561
455,438
1088,8487
14976,19067
5625,2729
5606,235
2071,7466
5357,15746
4450,10346
3230,2729
2380,115
599,567
10157,3420
12433,3139
1077,1131
2952,3724
4469,9807
2160,11860
11848,12285
732,1096
818,2368
1900,2107
8457,801
5160,15582
16521,7354
6440,6446
303,2676
60,2918
10022,2414
19729,18387
3124,4181
2169,10633
3934,9648
4010,4008
402,403
9772,2239
579,1039
4576,255
11418,12142
2934,1805
5284,1473
855,6572
2104,2287
497,448
1560,4109
5016,10326
12170,7990
4508,15023
1195,10023
154,459
8671,4328
5436,5435
1384,96
3178,2323
3492,14002
772,2723
15966,15968
6111,1817
553,1107
6842,575
13423,3073
2633,3920
2729,3628
11155,1717
2154,5383
4387,14854
8460,4266
12,2
1113,3955
1453,2303
4631,4634
13118,18652
2743,9161
8214,17042
1851,6513
3704,1965
404,233
6372,10610
3628,2909
8865,8866
9125,8039
4056,1104
1081,1384
2084,830
12068,14637
730,403
1523,39
5609,236
8358,10755
94,2636
6518,13818
6993,3723
15831,19284
4450,4414
2507,12452
2163,2062
18430,19656
5607,4512
2501,8473
770,8288
5097,11580
2124,6271
19047,14902
8407,5140
8853,1285
8987,1285
5286,1653
60,958
13,1112
2737,8191
1059,9330
3074,2858
2420,2068
3358,173
6243,16215
9792,9791
12320,2406
415,6784
7466,1849
16910,7798
7192,526
14996,4496
2613,2648
94,3925
11320,14720
426,2220
3846,112
7860,2153
18181,11381
3221,4224
6094,8363
6870,3666
3379,1400
7449,15616
4604,693
6591,2753
9829,1163
11723,16830
13920,3424
2411,8556
4721,689
3222,4045
151,2365
569,2124
9235,14195
440,24
8583,3652
9894,3628
4032,4035
1446,3336
6052,6043
12089,2227
3997,4014
165,4865
683,5794
18289,12203
2324,801
6037,258
1090,3674
574,374
985,2160
12898,18611
233,81
14307,5159
1790,867
10346,10326
1948,1453
9945,9982
40,440
10523,1328
683,2761
1120,3516
4482,3682
2013,158
10497,10495
13,1246
6384,7132
15209,4738
4873,5001
9114,17409
8278,8277
1442,534
2579,6396
13470,6355
2071,513
803,2304
13025,17790
56,1323
1086,4090
10994,18067
155,548
635,1939
6610,11797
20,323
698,9
16311,12649
12323,2407
568,4100
9616,3633
433,3875
335,334
8583,12646
1090,5902
902,9049
1780,4097
3870,1182
2707,4487
881,5728
4907,9846
4930,4380
4224,3400
8312,14812
1550,10990
567,842
2642,2557
2542,1387
56,2612
9,322
564,544
2496,4425
3069,1843
2191,3789
6613,1491
14694,4241
324,333
2176,10836
13394,15354
246,2894
2641,4025
1180,3701
17107,8395
4500,13255
374,5523
8168,11249
3092,3143
4035,94
1104,4056
3377,94
5672,4027
2542,232
18408,19734
3228,3943
1079,3999
3169,330
122,2454
1882,1879
5130,5141
15586,5172
99,1504
6838,11758
16299,19374
947,847
2067,878
16220,6249
4138,1131
1174,9871
8624,8617
3519,2779
866,858
563,857
3214,6115
6633,399
2758,2866
4375,10119
1951,1834
2572,232
101,237
13115,2891
1781,11222
697,268
19920,19592
9527,2382
3904,1085
239,1110
15261,13117
13755,11330
3936,4006
1083,9379
1288,2429
5603,234
3564,2148
18854,19797
2180,1290
1791,17
5180,15592
2780,7701
4012,4001
1980,478
1126,566
7862,723
2533,4037
7123,16599
14484,3976
114,68
2696,3277
11949,6248
3322,521
574,7408
6006,5727
11043,10118
2729,2636
17455,16567
6583,3264
11373,8532
636,5253
6412,3382
1821,17
4426,4930
5159,3761
4042,4001
4224,2729
1352,4642
1992,3282
3945,4068
748,5467
4019,4017
4447,4464
108,411
3311,2210
80,2527
3244,988
9099,3382
5031,1482
6061,6723
1909,22
97,2881
4947,4228
2189,39
5771,4675
7299,559
158,124
15347,4889
796,2101
2468,5089
2754,3231
3070,7409
374,4852
9,1
1387,2542
358,1875
11056,11053
15569,10563
5182,5973
235,721
2838,835
1919,2780
434,1870
2502,4858
12828,18594
3429,1276
13938,11521
13475,3129
1111,1331
3912,3904
2219,39
1909,1311
8358,2192
12886,2734
4273,877
3407,4146
1019,1742
10907,5453
17326,9875
5979,251
12092,7599
239,2533
2792,7256
72,3359
3964,1061
5094,1780
684,705
9195,15117
56,1136
16,17
114,552
4362,1107
1385,752
2527,542
1187,13
116,4570
15298,12328
303,4396
430,7
9144,4390
2286,106
8743,848
4539,4537
403,2533
122,39
4022,4018
4409,8628
39,2256
9801,9800
1145,137
1131,239
3999,4034
17868,10400
1217,13
1247,10213
7524,4194
60,2544
3248,5563
1758,337
4325,4958
1120,80
428,1250
5089,3664
1088,9402
4001,4080
6937,462
10352,4426
155,5033
2151,39
2344,2154
7,439
8264,971
246,2707
6144,5929
18346,11903
13,1193
407,1312
4266,2284
3151,6569
2702,1081
9113,916
3221,5810
1185,7241
629,7548
2253,2386
1227,8406
5016,4475
3039,851
2299,1041
5294,10081
411,2370
5128,10543
13194,18677
1133,9710
856,542
6145,273
3197,5574
778,851
17133,17134
929,1020
6624,2193
242,90
5462,216
677,18
1551,774
219,106
2894,2540
5232,9553
6832,10221
2300,1801
4953,1278
11794,7113
2270,646
1110,250
5375,1910
6578,1444
5284,4266
5299,5298
16091,6032
4022,1119
4865,6534
1854,933
2625,56
8877,8502
6117,268
731,7020
2197,1272
3157,3300
3271,4368
1142,9772
84,39
16190,6196
19027,14842
543,553
11885,3417
1,4
5957,5648
1384,2889
4,275
2659,579
403,3956
18906,14323
721,2545
1716,595
2101,5132
2287,2104
3632,3943
2696,57
939,903
1751,11169
10118,10341
6271,2024
39,646
1219,7898
1909,1929
94,1107
2067,3269
9395,1086
4192,375
11433,18195
293,4
17,106
163,2375
1875,66
8093,8928
1645,2233
2995,13306
3276,6940
585,563
4292,14727
5055,2820
17408,19543
794,3531
2243,2340
6899,438
730,5990
5097,3985
5040,3451
80,246
10551,12451
17325,8928
866,5127
3725,2952
824,929
562,7345
5058,1024
9800,1148
911,1837
5178,8296
1076,1150
7829,722
4475,14969
9191,13118
7235,737
7467,4278
4700,4699
1426,216
7258,7322
553,62
2368,5610
5336,187
635,626
4140,1100
7008,731
2775,1238
3784,14270
3910,4021
4488,1783
4846,1491
18,657
431,72
969,3131
15565,5130
16084,16083
4412,2727
12975,2777
4005,94
8265,1410
19472,16881
1642,9266
2672,12787
523,11
4602,5453
14469,12259
4853,376
1119,4014
3151,1121
3908,1100
2397,5385
2727,9461
10329,6349
1569,6694
34,5
2054,2013
2603,3009
641,7587
8737,846
154,5025
4332,115
18139,11265
823,2151
4711,15195
9447,2699
678,7654
1110,3901
1337,120
4556,5458
13117,15261
3367,1126
11654,18274
6056,260
9123,5204
10881,13628
403,6668
3937,3908
1356,3553
7354,563
2366,1726
86,545
6536,6532
11897,2167
8335,9295
548,2296
1105,9569
2979,10062
10318,17837
5484,219
1686,9322
7407,574
60,263
4100,115
6796,420
648,7603
2774,7563
10537,5308
2300,10124
2641,4001
2777,664
8424,857
13811,3375
7577,8340
361,376
13,1356
3143,2707
717,11
5710,7328
1107,4138
116,545
572,596
2838,2071
10343,1278
16368,6527
5244,11470
4035,4042
10155,1227
3377,4042
3415,4334
4194,14652
2836,11043
1107,1105
374,22
1466,10837
10372,3147
1284,243
4093,9093
236,88
4384,1163
252,5694
1210,10093
10663,5016
14720,4283
4852,6112
4475,10326
2631,438
6769,825
1316,2383
542,545
2911,2707
3510,5510
3403,3169
982,817
4353,537
12064,3754
3162,1794
16425,6630
9049,4635
16707,7282
1485,125
4563,532
1782,1809
101,4185
2315,8688
12219,2352
1088,6316
4328,9525
68,1793
13589,18773
1384,2702
88,725
4071,4207
4467,4207
5305,5306
4456,7990
1134,2527
79,2891
5887,16019
6285,9464
10633,10627
55,53
5275,179
11987,8610
12842,2708
252,567
5823,5646
6685,723
7920,7874
16095,6049
1184,1301
3305,13749
122,4658
1137,731
4008,4043
3478,845
5455,2217
1783,3323
5781,15973
9627,2188
776,3169
19089,19074
831,2876
2706,7913
2171,5125
3398,1081
44,2496
374,6572
3273,5516
17700,9958
2628,116
4541,5445
10418,10042
3911,1077
6046,6041
6326,14726
807,3421
2883,10434
6302,1308
5815,2910
3635,3653
1157,13
1133,3591
2742,403
6747,16476
9122,925
682,1440
11678,15745
2223,12081
17770,10138
2729,1107
2106,1882
3482,6040
8585,3137
5453,15511
5195,169
14125,4207
1301,6558
18188,19696
878,39
327,6352
7147,7146
1459,5454
17,1208
1901,6553
12357,2420
3153,5757
11038,11039
246,2199
2505,2503
60,2975
13379,3047
6630,16426
2942,60
144,1922
2680,60
15732,10368
135,116
2184,2862
3169,9084
4972,12555
62,577
6645,3902
867,5700
7018,2952
115,403
18341,13129
2655,12246
6105,8849
3264,6877
5069,595
9322,1686
6601,15846
9029,2373
6594,14675
1085,4058
5025,6904
2102,204
18586,18587
6291,6006
4758,144
1929,1939
11430,5012
2306,199
1041,753
39,943
16064,5980
159,1799
6066,411
2447,7005
819,1845
14008,18278
722,4356
14533,4136
4846,149
577,7415
3390,169
2354,5501
1115,4058
1299,5865
6142,10205
689,2903
8624,3384
6215,4267
1117,5824
403,65
8355,6377
10654,1384
16694,11637
16456,19393
428,1815
15159,4948
17151,17740
171,2159
80,543
7674,13563
83,60
9820,1158
840,39
62,3155
3271,4799
4210,8202
886,2104
1502,158
8793,13369
4034,4004
3714,2336
94,3632
233,4
9133,3611
1105,3905
2540,3008
10764,10762
8773,7240
14405,3927
17359,8994
6610,7398
13,1169
3912,4014
10613,17948
2165,852
721,6359
67,1405
12894,2735
8125,17003
801,7816
321,9
10149,1225
431,369
16449,6679
90,76
723,3961
16256,6284
4649,4657
263,4
4327,4414
237,2755
567,415
4648,268
5515,6269
2532,272
3073,13428
6019,12218
18526,12604
2337,2248
3390,303
5626,15899
4386,2742
1077,3900
506,4865
1094,3315
3928,1110
65,2648
356,1134
7379,567
9927,4946
385,374
13,14
2537,3999
2822,13028
8588,10469
904,939
80,3710
563,646
5035,155
3904,3907
17293,8882
253,3638
351,9
526,7180
15679,16452
16500,6802
6481,356
56,2535
1819,11303
548,2243
4266,8460
12705,4502
8195,8673
1079,2633
1700,1031
891,8998
1469,6760
17,1826
1390,51
2562,272
471,1996
9886,15875
6094,849
11657,4347
9558,4675
3906,2640
14413,5642
115,4054
13,1303
4767,4662
403,3932
4328,828
7292,7337
1664,9860
13598,3214
1805,4615
16142,6131
4996,4899
3912,1115
11281,9321
1967,1910
9190,2185
1077,3095
411,6452
2546,11416
3339,4636
4022,3912
71,3351
10325,14767
2362,12238
776,888
5747,1276
3236,2414
273,5929
772,3398
3255,212
6744,2405
11957,18356
27,46
116,1781
12328,10163
10380,17857
107,3947
17216,9550
8859,11066
6142,9884
927,3686
6266,2780
1054,7433
16174,6177
16652,16567
1921,2854
10393,1288
4,35
3281,8199
2324,992
7446,583
12239,2362
233,272
4777,2101
2528,233
8672,9146
12060,4871
10058,9296
1123,9640
356,2557
3766,4457
3945,2702
238,3999
80,1161
7256,7252
460,436
6924,2349
9124,11872
6525,388
12631,2593
375,2018
5091,167
16741,7348
5586,4310
7640,12318
9323,1909
3927,4001
4130,2640
10917,18038
1079,4056
945,858
6502,2067
9100,1837
12746,3482
251,1201
11581,1988
1882,1936
4328,14144
7346,10336
11926,11822
7265,548
3362,13799
6174,6173
18469,12338
3044,2378
3233,9447
3393,6696
4489,2169
4005,4042
3033,4663
8719,5528
1176,1141
374,453
2387,1290
4054,3934
1265,432
563,914
1700,6776
12978,7373
1662,68
7018,4993
158,3080
163,3424
2181,8769
2102,1306
2088,2162
5820,1107
1143,2886
10387,16129
4033,3996
1459,2368
60,2922
4891,8191
1161,2711
63,3193
4010,4012
1410,3415
3084,814
1126,3656
5510,3510
783,1038
7536,610
2546,3390
4471,14960
10574,6314
3996,1081
1090,966
2330,2045
4047,4052
1453,10817
108,2562
2527,115
14144,4904
238,1100
4224,14679
7979,5502
6198,3510
3851,1107
4253,11475
9475,1094
14886,8924
14108,5624
722,920
1434,9262
730,4945
1105,4068
4114,9596
16412,6610
194,1932
918,5935
3652,6532
6776,8038
3944,3900
7419,16775
453,880
2270,85
3937,2729
107,243
4035,4018
10920,18039
12498,6870
19616,17709
146,171
690,69
3905,3945
428,823
476,1803
7146,16616
8556,17160
1459,4946
3398,5834
361,2230
17133,9002
39,2179
11114,11115
94,2640
2164,39
7141,2659
2298,39
1902,39
3225,2873
10968,3184
1110,4011
6287,303
5,316
9583,9271
14323,8006
14581,4100
3910,3915
19926,19978
697,4781
1812,4468
458,69
62,69
7380,3614
14924,4439
265,428
734,8046
13,1116
39,85
736,13
1481,167
56,254
2163,8832
10486,1316
17934,10569
2576,2585
3013,2586
17789,11908
5793,1838
1851,2329
2102,6112
39,1024
16358,6508
2731,2873
4586,118
6058,4738
10280,16150
4316,14752
2601,548
2262,5054
6649,12561
1415,2149
14756,10116
7018,16565
14940,6261
2089,2093
5223,8259
2546,1780
8384,787
242,13
8783,4468
10132,8523
18201,11448
1854,506
1205,60
12891,2734
4317,6467
4035,1119
12517,10629
17,834
4638,12709
11334,18163
1925,157
3451,5040
4481,14977
4910,4537
8437,798
2535,86
16019,5887
3997,4018
1645,517
9023,895
4088,3382
60,157
772,1117
402,4058
16229,17216
15021,4506
303,5742
3465,13956
272,13
6724,411
4795,1931
13,1250
2926,92
3406,1483
1900,6112
3901,7878
11258,6625
11303,8088
11795,14966
17375,9019
7677,2399
2924,13228
8038,2378
94,4063
3736,82
4740,15214
4773,4774
4993,6992
10143,1461
884,5091
3398,4224
2190,6066
39,569
851,255
2874,12360
7860,8118
4190,3635
174,4177
179,5275
4250,3686
6349,325
1113,3638
3236,2361
18490,12439
1137,1780
19228,15586
11660,18282
1345,10562
1392,20
1763,1653
16711,7295
56,2616
3435,2197
17479,9318
4110,7439
9659,2179
6276,1136
6043,6038
15331,9784
1219,250
16279,6325
6150,273
8214,8215
18943,18958
3426,1330
3997,1119
7892,5720
4283,14722
13010,11985
10613,1359
8097,2153
731,8016
2794,272
4674,7373
426,964
1104,4060
2711,237
3141,1319
3800,201
8972,9735
10116,10352
12942,18617
3536,4292
3300,3261
9527,1097
16868,16869
3384,8624
9738,3761
6271,2081
1042,149
2205,816
6606,10473
8270,768
8928,8093
3906,4010
5662,1219
17,163
996,2433
3798,14276
7719,16880
68,3326
1384,10651
8624,8621
13892,13891
1771,5435
13946,4328
5367,1301
2154,2167
4953,10329
7887,3632
1061,549
3415,1679
10636,3571
1167,9835
3920,94
2590,253
272,5758
2903,1504
2185,8835
841,3434
1936,11514
16024,5910
9654,7796
253,231
4012,4005
8302,16275
137,56
4615,5207
11386,6139
563,4594
1573,2013
9780,7154
6285,16258
585,1909
2636,3230
4043,2537
187,5246
3724,3723
1088,1217
1790,1489
4006,403
9527,3675
11652,7197
7567,2472
9771,6287
2090,438
5423,428
75,3500
68,77
1105,4015
4042,4005
13563,11864
11089,12160
1079,1104
282,6
60,1125
2209,1823
4100,977
1080,3958
1126,8275
4185,5222
80,2531
300,585
7834,722
2164,11879
1653,4759
3365,2450
8934,17282
6787,415
12086,3840
5054,157
3235,125
3069,13419
6500,358
1780,4719
3999,3904
6105,7938
11313,1823
9,5
4799,2267
10920,3060
16477,6743
235,725
30,2013
816,2168
1934,1372
12887,9379
5100,2380
404,3917
2164,6752
268,84
10326,12874
825,7357
17652,9864
10465,6802
1083,3451
8595,3829
3851,3632
3897,14365
1278,10308
16798,7508
3917,1219
14078,18860
959,5078
17664,9874
16893,7745
1096,9513
1858,9082
3813,115
9289,6088
505,1875
1549,5294
7724,7104
2867,614
1100,772
88,2526
3388,5978
1134,356
330,4503
3092,732
428,3348
6190,4989
10185,3378
118,2368
2707,6748
252,2368
1081,3913
2745,624
2824,917
1322,592
4455,3904
5757,12277
5957,4229
7320,3264
2849,2667
4036,3920
4113,3386
3626,5742
19207,15461
11521,11520
3999,4038
664,3975
4368,14458
5628,3946
774,8307
3422,3468
163,17
7749,6760
1135,1116
6450,2068
1088,9406
4627,6990
1088,2990
1334,13
17522,19566
7,443
8608,4949
626,2178
3141,6609
7314,1355
9879,1177
8451,801
7415,2161
12215,13779
751,1126
1052,300
7108,698
4066,3920
17056,12596
755,1999
65,798
3879,1061
11797,2127
3311,1543
4006,4054
8589,11473
4952,522
13732,3273
929,85
8523,6689
1364,13
1102,13
782,4761
3566,3755
3946,3222
7342,2972
8508,11484
2952,4993
8349,17089
2102,6543
3678,3407
9784,12028
2408,10787
11197,1758
453,6922
453,506
3942,2699
8506,14040
1005,1019
9687,3235
5232,3141
3083,753
14570,9603
157,5059
1236,5089
4020,1077
243,4833
1817,116
2607,235
1132,13
60,2682
1772,373
8587,823
10350,10345
80,116
169,5069
1311,4859
5943,2371
2593,1276
3749,964
600,7507
494,106
60,3032
628,106
10833,18019
4409,3639
3101,4311
3632,3947
8847,1285
930,3827
11174,6419
453,6117
13151,2873
4849,4850
15164,14290
282,6235
1096,6748
4100,790
5132,5138
72,9
10287,1671
19847,19846
10377,12676
11353,4849
3722,4779
5902,4790
4439,3639
6922,453
3169,631
17348,8943
8929,2199
722,1030
376,393
5126,1536
2934,7180
8823,17264
3928,4066
1794,9126
1061,3879
113,922
11752,18302
6339,4949
5704,237
2555,1118
1488,159
3785,755
12071,2217
10002,14842
1293,6107
10527,10526
1100,5712
912,8859
1936,2012
5167,3415
4315,7336
2267,7252
10293,10295
144,2113
14753,4317
1921,199
3722,7007
1301,4655
3481,4666
783,7698
3632,10497
4437,11648
16429,17812
7379,2368
17275,17274
5460,5330
1792,1482
2101,11097
2709,2874
18,661
3614,5195
12800,4470
403,4444
9978,3494
5055,5052
1945,11523
3322,4794
171,122
6583,16397
4135,1110
1089,5122
4035,3912
6682,9960
8852,8529
94,4039
2169,5754
431,6842
1102,631
7132,16612
2210,3311
6301,3852
895,5256
563,353
303,1180
3080,2413
2753,2018
5380,2718
903,6837
34,9
9643,4305
1823,8500
125,127
154,5029
818,4255
5434,15786
2031,2033
2695,2013
88,245
733,3393
60,2361
65,2705
3902,3918
4241,4138
7797,1137
10660,11004
6269,3755
1623,10317
13440,3086
3639,4447
3217,13614
2304,852
227,2474
4241,1105
13957,5298
4113,1105
4266,2101
8340,783
7586,5239
15471,10329
3530,12798
60,267
1161,56
3141,7361
1625,914
608,72
11053,11056
3755,84
3006,720
585,2340
4327,2727
2555,2541
1056,1925
13,1360
2188,1027
116,549
4056,2641
18651,13083
867,8819
4009,1105
7192,7190
12342,2413
1491,10898
7355,8874
5373,742
1290,816
641,6786
11842,7725
1866,1915
1107,1109
5298,5294
568,831
827,8639
4021,1115
11631,2028
6260,16228
8089,8088
1210,10097
9241,17456
331,329
3925,4036
7361,4905
1089,5606
69,329
4766,2400
1452,3214
12622,2588
189,5349
2422,268
18719,13375
1028,9302
10341,14768
4001,4031
6042,12743
2288,453
10424,9326
1417,1126
5818,4367
17693,9946
876,8881
3920,4042
4,92
8596,9208
3555,911
19633,17852
440,622
16995,8103
8786,2135
1651,17
2509,48
4694,403
5539,229
1129,5570
12712,2639
3467,6167
1644,11089
15333,9940
438,3178
1795,11258
4008,4047
3913,3221
13044,10925
4037,2533
15421,15422
399,6633
8448,800
2823,2840
9464,3891
1368,10632
6010,3382
10280,6140
1032,1823
3484,3488
801,7552
1815,17
3141,2368
3635,3657
1589,428
4018,2641
2420,356
494,2147
881,2593
3482,6044
19228,15830
10228,8609
4312,8191
80,63
2022,11048
2199,1296
860,2655
1020,4822
2338,2394
9585,3255
1119,4047
4192,4864
1489,7552
3849,14324
40,2327
816,1794
3942,3935
10121,3235
107,1105
6405,16312
18033,10902
4772,10808
13,689
14218,7004
4018,3930
7309,16718
6838,4301
9135,925
1244,3934
246,5586
11032,1587
9963,6217
1081,5633
6105,8853
250,4015
15769,12856
2557,3047
4673,599
5077,4624
4144,2729
2578,137
4716,15198
234,4421
4793,9002
4084,1143
3445,5357
2695,4859
11564,1983
664,218
10112,1213
2513,2344
16157,6148
4328,4886
1496,1502
16812,7540
68,1126
4004,4008
10477,1311
1246,573
3429,101
19187,15374
115,2635
1479,4716
9975,9960
3912,2729
14927,4444
3043,65
2647,65
245,1173
781,8323
16192,19351
7,69
39,2236
149,4848
13306,16670
4674,3429
2100,4807
787,409
916,7235
4450,4475
1038,1748
2101,1245
9012,14989
13843,13842
1120,60
60,80
800,644
1126,9674
3962,2442
4034,4008
5357,426
2208,6969
866,8811
6685,406
1840,157
97,901
12882,2729
5065,12103
18477,12366
6791,3276
516,4268
13141,14509
13,1173
233,3391
2815,13016
3686,3675
8036,2255
4137,4136
3626,1180
2526,81
7163,2101
16889,7736
1134,116
7830,5570
1405,579
17631,14008
4622,2084
6028,257
1284,60
4983,3783
700,9
1481,574
72,440
5607,5862
1875,501
106,24
1967,9135
3314,6139
1077,3904
1311,1102
2894,3109
5815,5976
3437,4260
8628,16288
12232,18431
2556,81
6441,6438
5642,11683
231,5573
2294,1801
4210,3429
17,891
3962,14469
526,7184
3995,4029
7680,684
818,2108
7351,4380
6872,12259
10184,17788
88,542
8670,834
468,763
17,1830
731,1173
5964,16056
6111,268
5164,165
8608,11475
403,553
4475,5016
203,2185
13,1307
106,2252
7422,998
6280,14949
4,255
563,1939
2101,1729
4017,2633
3912,1119
689,7713
818,3397
614,7539
4625,237
9895,6142
14714,5170
5457,3019
6752,10221
14909,9583
15251,19146
3245,6668
3245,4224
4005,3912
817,4865
2295,4604
6653,9461
729,2766
3317,1094
3389,3414
1076,6257
486,6980
1921,1919
3941,3927
5615,1326
6838,6208
5126,2101
9183,1368
4047,2633
3918,3943
3276,504
8393,6167
15638,7891
5316,1444
14975,5103
1945,3444
2537,1104
2067,5127
10224,2237
65,3136
5003,166
13563,4671
115,3253
5104,15524
6019,16089
2554,3902
214,226
8672,9150
5793,14056
16641,15631
3928,2537
4012,3928
1500,3178
8098,8097
16814,13307
8151,753
2805,2208
13736,3286
157,631
267,3243
2295,2860
2071,3152
75,40
4529,8769
2124,534
3927,4005
4615,3625
2770,12952
6640,5977
1079,4060
1170,9840
3217,11951
7970,1122
7840,1241
376,6569
818,498
840,7427
7517,16803
4042,3928
5957,3668
8553,9027
19372,16280
3999,94
246,272
1629,3157
748,5394
581,2248
3222,402
39,1699
3908,4113
17344,8934
19515,19905
3655,3667
4451,2820
1137,7798
10471,1309
82,56
3686,8615
1236,5333
3638,1219
4624,4468
2258,1823
4512,1783
1165,2649
5627,3914
9682,6518
2534,3384
60,2926
3485,13994
2565,253
4029,94
732,4487
7316,7256
4224,3945
1918,6269
6112,9217
8170,1129
403,6648
167,1453
1941,22
5367,203
3233,1291
9609,7329
361,6
1967,11042
190,124
12182,2316
2528,721
4238,4001
4286,9899
6189,6404
62,878
583,2270
3265,6649
5307,9170
2867,3570
1105,4072
1900,371
1363,6582
2540,731
16677,16711
2947,11443
3601,3565
4019,4078
4060,4079
16317,13924
12602,7978
4615,4109
3593,9339
8885,11031
391,6
4035,4022
3918,239
5335,8370
9583,4953
2368,7013
5663,5957
8306,774
2203,2250
2540,1081
16567,17455
7,16
9461,6653
2243,5032
10103,3676
3957,1106
39,2183
1090,2609
2315,1902
4928,13846
5,320
1252,2378
2281,39
462,7
5267,14443
2163,11869
9675,8275
559,7295
2952,1183
13,1120
3652,4792
2755,12912
3913,403
2165,803
55,33
5824,3407
2076,7147
3671,4253
550,12
4213,106
9722,4307
8247,8249
18417,14864
4742,9495
5370,204
251,884
29,2003
731,2275
2950,2426
7468,3034
814,3441
17744,10799
6533,2002
406,2892
2723,5618
5964,14125
7798,16909
6300,1242
1107,1219
393,6602
1093,9457
6609,8413
1279,13
883,13
9525,4328
3415,1415
1801,1815
1104,2641
1846,11357
2213,39
6998,4963
7351,4327
3997,4022
5267,4778
8783,2378
10818,5418
1711,2272
3048,840
3070,599
3480,497
7745,2911
107,4114
8634,8671
11002,1563
7787,16908
4061,250
17,1188
165,1840
1641,752
1309,13
3908,2637
3395,5270
2495,7457
3629,3222
298,2369
18950,14522
750,8128
31,2025
3326,969
3723,7021
2636,522
9666,1126
1104,3930
2243,39
2798,4233
1924,1225
5685,5826
246,3118
7252,7300
9231,2137
4819,3433
14419,16311
4781,697
1410,4387
18868,14116
190,742
7287,7294
10829,14975
14968,4475
179,5279
606,428
2084,167
4327,10326
15473,9306
1077,13
1097,9525
1211,13
2420,12359
14636,4645
10396,10397
4921,5780
814,542
3813,656
6807,426
4380,10337
4853,6585
9411,1142
9755,1706
3917,2699
13690,3454
5049,1801
6625,2075
1277,5147
3297,7155
5993,852
2287,876
7471,591
13440,18740
3802,3126
4598,15111
2723,3658
3941,4224
12014,2195
14936,19058
3080,3141
4482,6268
9802,1148
2293,1041
287,2903
2398,303
18559,19753
1403,1472
725,96
367,388
3892,8654
3092,5595
14369,3900
6805,5052
17243,17309
10497,3632
13293,5107
22,353
13,799
2181,9875
1281,1482
13870,3398
1241,2083
544,2909
6645,4016
2973,5122
2099,2114
9858,17645
4286,852
6210,10477
5207,4615
840,958
1174,80
13959,5318
1029,857
12364,8966
3467,3378
1106,1077
5476,2753
68,3330
3034,7468
3375,1345
10542,6384
107,60
15846,11119
7066,1952
1123,1431
712,399
204,3376
2786,169
6358,1865
7361,1311
6776,2378
5757,3153
850,1272
4000,3999
5670,7880
18772,13579
10399,10398
18037,10915
1017,631
315,1113
798,8437
11580,18252
11291,18149
101,595
426,163
1405,2433
2764,760
11456,18216
13266,18694
19014,14775
3956,4077
17405,9103
237,641
82,3736
254,56
287,4
2184,11970
1622,1909
6646,403
10278,2150
4503,14045
265,6072
17,1806
1485,857
2911,406
3632,4138
5001,4873
3407,13819
7650,10058
13266,10184
6065,16114
6394,340
6166,16166
3632,1105
265,595
7345,562
18356,11957
1333,2156
11888,2166
80,2535
1210,3254
852,3546
4942,2199
13840,13839
6980,814
2286,2424
8674,13949
5565,5561
866,6827
8636,825
816,4266
2373,5052
19191,15387
5838,243
2763,3517
4014,4031
4112,402
1304,1576
2107,1900
1116,1525
4058,1105
737,940
16886,7733
5570,428
544,1299
167,595
303,2176
611,77
4423,7619
4645,14636
5068,15493
12085,4558
3900,3902
12333,2408
3327,68
3915,238
107,3927
30,2017
3918,3919
3904,4021
2858,4693
752,467
3632,9749
6648,10032
9873,9927
848,929
1075,8290
1959,5570
5204,9123
10129,1222
4012,1110
4356,920
15048,6146
1852,11365
3213,3349
238,3629
6189,8929
11533,1951
7063,825
8943,17348
15302,15303
8678,835
825,4328
5300,10524
8356,784
11752,13366
1642,8522
1088,766
642,5375
7423,579
13063,3543
878,1710
17151,8539
62,370
303,3465
7194,527
3945,238
3652,5089
125,2412
6243,10104
522,1294
455,72
4940,4704
262,431
4042,1110
1466,1099
4083,1111
2369,341
4031,2641
908,17
3544,79
22,1910
14107,17700
4610,3257
2124,4482
10418,16385
3811,3806
4224,3221
3169,4339
4022,4026
4409,8636
5457,3129
5622,9612
11814,9117
3244,1480
2206,5423
3999,4042
7199,2160
2300,5058
3274,2820
13592,6115
16673,16619
4118,7871
1088,9410
107,4061
5420,214
1077,1115
7,447
4031,3930
13532,6249
15126,18214
636,618
4671,126
1126,253
3889,90
17620,14628
12751,2651
13924,8924
7587,8284
18287,11681
2592,4304
4496,14997
2695,3493
3675,5207
1345,8635
9191,965
7761,708
15995,16532
565,566
100,4179
2438,4776
2402,2867
1278,4380
1304,3349
6003,1329
490,392
2792,1332
15305,15304
672,2126
1780,80
1022,9298
3169,13333
5310,584
2127,1881
3164,157
2694,3426
5070,5069
10417,10632
10923,6828
13429,13425
10053,1495
8671,8634
4001,250
3380,5824
3638,4362
4942,6200
6699,1190
3436,11583
6791,1910
2336,12204
3004,60
4338,12852
7390,16764
1936,1882
18305,17309
243,2743
303,2794
3763,85
631,2071
4737,2011
7359,2367
22,300
12647,11295
15226,6097
12747,6049
13645,3227
842,39
250,3133
1876,2770
7514,2655
5562,15865
5647,5615
2169,1302
238,4247
1131,1081
6647,4009
2180,2400
5132,5142
5563,10024
9163,936
2405,12317
14074,6908
6131,16143
11882,2164
5977,1181
13045,2831
12328,18466
56,1173
376,397
2633,4038
3638,1113
4742,7027
237,2682
1605,563
111,4263
2802,60
7592,4574
909,1799
102,13
8011,12105
2300,8709
4330,4989
5,80
65,131
767,403
4414,10352
14125,10229
3363,3510
235,542
1862,2067
5525,2161
2349,2185
4055,4003
2620,2648
39,2293
2205,2406
1878,2011
364,363
190,2462
3658,14166
1318,10490
15425,5128
4781,12216
2367,1421
3628,3377
6699,2613
7292,16713
3827,8690
11454,11270
5224,7309
866,2452
303,3278
7378,2901
1163,4136
2882,2806
3494,9978
5026,154
125,4669
5674,3573
60,1076
13,1230
14769,4450
522,1107
11853,18334
1031,984
1948,2376
7872,3409
9970,14345
12728,16090
9037,9976
94,4043
7718,690
5955,16051
1430,8802
5855,2049
16493,7978
13563,3305
72,497
1107,4362
2766,729
11282,15485
19532,17290
4104,8567
1864,2089
1840,1503
3925,3906
1203,2380
2586,3013
13,75
2537,4060
4001,3901
2208,2838
2363,497
9873,9874
5535,11119
12175,4398
6466,1829
86,553
3222,1130
4963,3723
2368,1780
4085,3979
157,204
1645,631
4529,4959
2206,698
2823,11220
3257,1124
5523,6571
1875,1847
60,271
13,425
705,9
4812,5247
156,733
940,7231
1257,522
6957,1285
15670,9230
10331,1276
90,2365
2750,3013
5238,171
11452,1909
1056,1929
2233,2494
6684,1126
13,1364
6856,4616
880,949
116,553
3235,1715
5902,1090
4993,3723
11619,2022
9093,1374
96,86
2071,631
2649,2557
7895,3904
2220,6581
5541,330
6826,428
2577,2654
8465,1024
4833,243
7794,819
2558,160
10042,17738
7191,526
1210,10101
2447,6745
6368,9349
4465,12090
17333,15673
331,333
2060,3855
9005,10013
4014,1079
216,5456
5142,5135
3144,2886
434,431
866,842
4969,4426
6151,5335
502,565
562,616
8055,752
4937,2636
11313,2258
9,440
7508,16798
3398,5627
1242,10174
2071,11719
3570,1947
6319,8302
820,6509
1166,730
3996,4041
5200,15289
7081,6373
14770,9831
165,2084
10710,1406
2638,12705
3930,2640
2197,8798
4668,125
1278,4327
60,755
3,221
2171,5133
2641,1110
4065,3996
725,1145
2091,4615
5059,3164
6717,10418
2156,2758
1323,2757
6419,10761
5634,15904
11455,1910
3900,5622
1137,1089
722,847
14366,3897
3913,1131
814,3819
843,8721
1798,17
4403,4930
1999,1993
1142,4816
3482,6048
4019,4001
5247,15643
8379,825
4757,15227
7729,8822
5308,6470
1094,9471
438,1438
4058,4114
171,1094
5348,10972
1317,94
15298,6701
86,232
9408,1088
3700,14205
14528,4016
232,57
3339,2148
2723,3902
5073,9986
9889,5333
1828,17
3325,3970
13039,9780
2368,1459
13832,15832
13129,18341
9008,17369
1178,5570
15670,15325
402,3851
5037,5044
5455,4803
6105,8857
243,3040
303,3091
2739,59
2191,10807
1085,94
1916,22
116,232
4137,4006
1100,402
363,6525
9381,2274
2832,4195
7118,508
8241,10636
4908,15372
5134,2883
165,124
765,8225
2176,2578
101,2583
56,1120
8619,1170
954,2270
3999,2729
4114,5685
2638,4329
5458,2226
16452,16650
356,6485
3928,4017
4093,2364
60,1239
4131,404
4857,3514
14855,4387
3329,2934
476,925
2157,3467
3943,1107
548,4211
4118,4114
8620,13823
441,1870
1155,1213
4004,4012
28,11
1115,94
2206,2605
4403,14863
1151,3723
542,232
2641,2533
4537,10891
5349,189
11481,5335
1056,453
11963,3389
8538,8536
17557,9583
64,3051
13821,18810
781,8327
10820,17869
16882,7724
39,2240
106,4216
149,4852
5218,2365
7389,570
3999,4018
8744,14239
9190,3214
157,17
2562,2590
275,238
3415,2277
4915,8191
13,238
1126,9678
1918,44
5653,5676
536,13
6437,16338
954,526
12217,2343
17194,19515
10869,8312
12213,4853
7414,2505
2042,1019
4356,1030
13,1177
39,146
3912,4022
7438,15142
4482,13412
3235,1528
298,6264
10017,12418
4671,1041
6696,3393
13779,14211
1792,1783
10945,9246
1812,11295
1993,753
3400,4224
828,13
5776,8119
3919,9515
512,7132
1875,505
1229,10156
5052,5055
13393,13394
2158,39
1793,3324
1779,3426
1077,3908
12310,3042
5357,9074
801,1758
3214,12328
1122,2338
6386,10118
12697,15761
19500,17140
125,428
3222,1077
3349,3104
3905,1107
7294,16682
13545,4716
1145,255
4930,1278
730,13
6924,4317
17218,8716
3701,9413
1079,2641
5222,3372
1875,1794
3093,2360
2188,39
546,7251
233,2590
426,541
1126,3396
6152,273
1293,126
2727,10116
3999,1119
10648,3374
13801,3366
14870,4398
18560,12731
4177,10281
3561,893
8609,8671
5428,215
5469,216
6271,1658
548,2601
8750,3426
4,259
9092,911
721,2529
13813,3376
3955,4203
2530,1092
608,373
1117,250
1079,3930
2577,2601
4029,1119
13893,4244
17833,10308
1909,1913
2632,56
1081,3222
6124,268
5606,2557
10624,2734
820,8550
7645,16858
5221,5375
250,4987
33,34
3014,13340
10590,4843
239,4074
6895,8409
3167,1504
2310,163
16580,11037
592,2657
1562,5373
4120,14604
3903,14377
428,1502
7351,10345
121,39
401,2308
6727,6731
3160,13515
24,106
1321,8135
8100,8928
12844,2709
1391,14
3760,6340
4415,14902
933,856
9146,11639
1571,2833
6023,5073
1107,3638
7253,546
8182,1009
90,2796
303,6287
6299,16268
17243,18305
12338,10835
9112,916
6555,1901
1901,2186
388,1672
2265,5092
840,7431
12292,3485
79,3546
9807,1148
16145,6140
930,908
3947,9707
7836,722
12385,6867
2576,231
1488,8783
1137,7802
12628,3169
1307,10465
971,8264
1119,3998
2091,1879
6258,752
869,3823
7015,731
2197,585
857,56
631,1965
5393,15765
11687,4435
2742,4091
3934,5688
5160,2173
8317,2873
10799,17744
5810,3221
4012,4066
4027,402
403,6652
9606,10260
15649,5535
2008,2002
5263,10407
7295,7322
18153,11305
1183,6992
9306,1108
250,3377
3426,1875
17,1863
2457,2013
8434,8534
2384,11334
2420,5329
4488,8317
2203,376
3378,6530
998,8151
2619,62
3197,1988
3231,13650
4042,4066
12365,8793
7097,517
187,3213
18898,14283
12592,2568
4118,4061
4496,13281
3887,9790
14665,4210
262,354
3405,12490
3930,4010
4035,4026
315,3398
6981,16557
517,1812
171,1175
2197,7135
8611,825
1099,2167
39,2187
14629,4149
18024,10844
1438,5016
12015,18371
4001,4011
10350,1278
8612,2366
3904,4078
5834,15992
1258,884
1875,11406
8758,2191
7976,6097
4113,1219
116,2757
5016,3467
56,262
594,7485
4574,116
3230,1131
1492,2219
243,88
6870,5183
4155,2384
3544,2230
8458,2838
12902,2743
1257,632
591,17
1105,238
3632,14128
814,6478
2633,94
13871,9960
549,545
4649,640
5048,157
3943,3632
2659,7142
6675,9818
2850,7676
10118,1278
2311,3426
4009,1219
3382,10920
4229,239
13297,18706
13122,2867
1126,1465
866,7018
5628,15900
5012,11430
6869,1174
10050,3214
7032,2858
1141,2527
1605,941
2067,7388
7411,6826
1112,254
3326,5511
6370,672
3092,1143
14133,4833
1915,4550
2154,2846
3918,727
2161,1573
3215,12096
60,2609
1245,10205
3337,13779
8190,4312
7637,3382
16823,7575
424,6269
402,94
2277,5131
730,3343
6438,6441
7298,7299
14975,5270
11917,18347
2950,686
11119,5535
13868,7918
19530,19531
3908,2641
3918,1077
7964,16959
4998,3961
1813,459
12277,11685
13644,4268
3216,13610
2174,2158
1329,80
3822,8724
4137,3632
10842,1470
1929,1573
4663,2924
7027,4742
2636,3909
8410,1211
14283,18898
4447,825
14842,10002
3328,4402
4211,548
2018,1995
17,37
1097,9529
3406,5224
10436,9800
3946,250
5931,16035
10327,4380
10752,9282
16407,15752
3701,8555
631,839
14521,12246
2949,60
8125,1577
2154,11840
1081,1075
1143,2707
1881,1882
6561,374
585,3877
64,233
69,577
9427,1090
19562,17510
9322,3548
6938,16539
39,1866
1219,2702
835,1019
6043,6046
6669,9706
19995,19994
7239,16652
9,684
2583,60
5894,4610
15570,14854
10202,1244
19630,17802
374,2502
5511,11261
8434,10791
76,593
15715,12734
237,1450
135,1173
4565,1180
6120,11719
2154,1236
4435,11687
1106,1081
2171,5377
3912,3998
6066,6006
4120,3947
68,3334
7543,6274
12954,2770
5371,6878
282,819
5772,8942
10627,10633
14125,5964
2387,7072
6470,5308
2805,415
5738,5359
585,39
7300,16123
1091,399
17520,9461
3580,411
4306,1077
4328,5000
3178,9264
6721,6058
8252,7121
17794,10195
19538,17365
3462,163
4229,4240
5886,6196
7436,7501
1056,563
5232,1242
5151,4286
6913,3784
6532,6536
14116,18868
2105,1882
4943,13382
2706,12837
254,60
328,9
2453,4285
1838,11337
2229,605
2955,5435
7641,11289
5074,252
229,3
17,1810
876,753
265,599
1027,922
13,1287
154,3212
20,14
3628,4373
9772,6870
135,4690
1045,939
3686,1345
5919,428
363,353
1932,6626
6488,356
10989,1549
1703,158
3413,7602
314,6318
9612,5834
1195,883
2432,2253
14231,10466
866,415
2729,3937
7875,4114
17663,9873
14886,6196
774,826
2651,82
3346,3347
2091,11759
5300,5267
2378,8783
3999,3912
372,65
155,1528
4384,4477
831,579
9897,3724
3415,4615
65,2766
4000,1104
4858,5299
10854,1482
7299,7337
1110,3377
11521,1945
3904,4025
18157,11320
1089,56
8083,2723
4654,581
6692,13718
12601,2577
3282,1992
12602,12601
1105,5662
542,7242
16958,7963
2966,13275
4945,730
3995,1110
6560,11320
15511,5093
22,36
4029,3912
7958,16957
18675,19769
3386,13834
1867,508
2918,2654
7997,855
10387,1642
1792,7504
127,3243
846,2176
15273,6618
2777,12972
2187,863
2538,154
5418,2266
4382,3626
9110,7262
9282,10752
8110,8087
6878,5371
6933,5270
4573,12993
9009,10593
4255,818
6619,3390
16218,6244
1902,11432
4036,3928
18392,12102
1009,8182
1933,165
606,595
5045,156
5747,7810
353,149
1805,2639
5502,7979
1056,3275
8308,10896
39,1679
517,2243
752,3049
2529,12469
3725,2696
6617,11049
5647,1163
17,1139
12683,18551
4473,115
1321,1479
567,1017
16188,6193
508,1376
60,2906
1175,2593
5453,15792
1990,1988
4010,3996
4674,778
6411,13051
7617,3966
3226,3133
4012,4042
7293,7252
7012,7010
570,914
673,1793
2354,171
2638,3902
11330,6806
15514,5094
5008,250
2447,12413
2101,11776
1384,84
2270,2163
453,514
10327,4327
14002,3492
3995,2533
2193,8332
2176,2501
60,1751
5066,3611
68,114
3376,13815
3675,84
14784,18430
4989,4330
4003,1081
1054,330
11310,1993
434,622
5069,1815
1815,428
1056,376
7136,5332
15345,4884
1482,8886
819,8542
10033,1197
4138,5628
13310,6917
1101,2778
39,2163
4273,568
1110,3995
1430,7383
6646,16435
456,7
11366,3214
11004,8460
9669,8275
402,3908
10195,10011
522,4010
3390,7805
1131,1085
6585,3135
1655,4468
13033,2825
17737,10039
13,1100
72,17
705,684
3377,403
12064,2209
2537,2641
957,9041
1547,1902
10876,1485
165,181
1295,900
94,3913
3440,13934
15455,4998
15546,5116
10002,10528
11146,11145
2633,4042
884,8913
6294,303
11675,11674
388,5299
13444,3483
3239,65
12745,3482
15047,8586
11580,1988
17657,9871
544,1116
2013,1301
1786,2076
2300,8713
65,2579
1815,562
3233,250
7367,1427
2537,3930
2886,4084
938,3672
19241,15671
2276,1122
2851,3339
600,644
39,2297
2642,2411
2532,553
15462,5014
1415,39
1902,157
6936,3311
14628,17620
2380,721
3126,8647
9836,1167
8146,3235
9874,1459
8932,8116
7834,8598
250,238
11984,8056
249,13
13,1234
15976,15973
1780,2796
2210,2380
13433,3078
7447,1921
2672,2411
6521,2695
595,1589
1932,157
8363,6094
94,4047
2542,86
431,434
1322,2857
152,1019
2822,2355
2373,5003
4136,13771
3398,4208
303,1188
7875,4061
3938,5650
2178,563
2252,512
11355,8420
15204,4732
1126,4608
7322,7295
8056,11986
5453,5456
658,598
1967,2780
415,840
3909,3377
4596,1863
6731,411
9306,15473
528,717
2780,6266
39,1492
3747,605
10978,3185
238,2641
2308,40
3433,415
2504,1672
8006,730
11065,12229
6987,11893
411,6733
567,830
16267,6299
15501,5076
2294,5245
2416,2956
5131,3311
14231,5286
4468,2967
2496,4413
940,7235
7294,7290
107,4228
10053,17743
1093,1061
1024,3176
3006,728
1111,4084
227,388
1056,1933
11351,15602
13,1368
6,389
238,3930
16211,19357
10525,12076
4138,9629
6979,489
9296,2461
2825,3541
10116,10336
968,773
6052,3482
8411,792
10916,4535
2440,2387
4946,15400
17535,19568
9478,15714
3243,267
4468,1812
6200,16185
1075,81
11257,1795
433,614
438,958
106,219
2802,2776
1174,60
6050,6038
2067,866
1100,1077
11087,17599
642,199
2247,1965
2607,56
7572,11741
2197,158
3241,2823
216,5460
6525,10468
364,6112
10804,1446
814,7072
1972,11559
6215,628
762,2186
1292,2186
10951,2627
567,7380
17230,8732
6513,9303
15100,7495
3101,160
1038,1488
3159,10718
4202,4113
5333,12412
1782,2171
4996,4159
553,3136
12106,2248
6404,4822
856,8772
3754,2418
3483,13444
3,225
4996,1126
3397,3312
3927,94
14823,4369
9342,16711
5089,14122
1106,4224
218,5482
2269,2639
749,5118
4192,6966
6883,511
563,40
2147,6591
924,3429
5462,15801
13577,9302
19958,19848
4019,4005
58,282
2448,1823
2838,12366
4063,1079
2363,3213
2404,3214
6793,968
11015,13134
1094,9475
9874,9782
32,0
3045,766
2081,7664
2081,1248
3225,5837
1881,2126
16791,7476
12498,10184
15523,5103
2424,7249
86,236
1636,2295
4014,4011
18755,18220
5073,6018
4058,1085
954,3429
2003,776
7316,7317
4224,4006
172,3393
9339,6590
4512,15026
4294,803
14908,4426
4949,4447
814,8495
329,344
3918,7871
549,2562
5395,10391
5440,5438
10629,10415
5247,5043
2886,2742
116,236
2277,3415
4138,2892
3732,2204
1141,1161
3396,10391
18478,18477
459,575
7021,6995
3628,1100
1427,212
6167,10089
13684,3641
16452,16654
2154,1480
356,6489
3632,1219
4649,4535
60,1243
15975,10838
2709,12844
5237,541
6995,4993
2886,3092
2265,2250
1105,1100
4207,403
4678,6404
6927,1856
825,8630
1307,268
5213,1086
8624,14700
3426,9637
5613,239
15427,4967
945,4790
2493,12438
12684,12952
2577,243
4036,3904
908,936
16897,16896
39,2244
106,4220
149,4856
1795,6623
250,5662
4058,1219
3999,4022
5235,1784
13345,3020
1607,156
12352,5016
11634,15353
60,2532
3169,5258
5653,14540
5910,610
6517,3274
13,242
4127,4207
4440,9622
5089,3652
10352,4414
11277,3415
4871,12060
7,427
1679,3415
2383,1316
17558,10347
232,545
2654,1779
13,1181
498,7080
2418,3754
2568,315
10489,17894
4066,3904
4338,1394
721,2399
3648,947
1726,228
4699,5537
2579,6331
60,438
3164,2820
579,7419
3398,772
16109,6061
3131,428
4120,3386
9808,9804
12930,14647
869,2270
2072,1804
1017,2168
566,17
6662,1534
8405,790
8991,8993
512,7136
3934,4135
7289,7294
1955,6100
648,2301
2413,1316
16258,19366
909,356
2328,9314
5654,3407
3326,5218
2338,1142
5371,840
10002,17375
5857,16009
9954,9979
2275,39
597,5904
6940,3326
3222,1081
7308,1278
6492,15244
1817,6516
10551,2506
1110,238
2913,3709
6786,415
1111,3092
7749,6878
187,4693
1371,13
2926,5634
2210,10382
1109,13
546,7255
2291,922
522,253
262,1834
267,2178
406,6686
731,7008
6127,2664
16493,12601
1937,6059
3102,1137
2305,39
11890,11885
7122,7130
852,8466
4006,3233
4,263
344,331
376,5504
495,500
5503,2433
1088,7430
1198,10042
4027,1077
563,5330
2361,8457
1948,1872
4207,8592
6155,7314
7146,2239
1079,3934
1139,13
17123,8459
1273,13
4819,3494
1866,7697
383,1198
2637,404
6647,3989
2554,2621
2166,10618
726,783
3274,5162
5499,220
79,972
7462,940
4005,3920
1290,1121
1348,537
6872,13906
16062,5975
2602,1322
287,1086
4057,1077
16197,9583
426,2184
5144,5132
428,567
1276,2354
1169,13
835,4109
2778,235
1303,13
3044,9022
3092,1334
5819,3958
15586,19228
6173,6176
18000,10775
4644,7411
14950,4465
19206,15461
426,90
1398,1189
1093,553
3230,3900
3080,169
7280,2188
2402,5209
3567,287
9538,10935
1780,2422
10629,1368
3547,574
303,6291
1925,1056
939,1025
9533,1142
4461,914
6396,340
14449,13874
2607,2581
79,3550
303,814
2340,2237
3945,4003
6725,4945
574,1277
1470,2354
11659,2041
15277,4836
10743,8421
9148,927
9838,6100
13248,4994
1801,616
17167,15631
3998,4014
2654,303
986,440
869,3827
1190,6097
268,2109
7386,2368
7625,664
3265,1396
2659,2340
830,866
3230,3095
585,7451
3264,1925
4224,3953
17171,8583
12076,2679
10980,1544
1933,4865
4383,1731
2585,2576
2833,426
14988,17134
64,774
69,1118
8859,8529
9411,11486
15089,13244
237,702
3041,13372
19751,18512
116,2627
2160,9193
4706,15189
3956,1105
4131,5832
15426,8850
4693,7033
3407,13880
6947,577
9271,1276
18900,19810
356,6436
3382,13823
16718,16720
13,1344
2310,1940
4662,2435
806,980
5546,10103
10044,1199
3910,1110
13382,4943
4608,3138
333,9
1482,970
2239,195
10097,1210
155,646
687,2227
8025,732
3451,7362
545,7247
1210,10081
2067,842
2588,12622
436,1827
7860,5768
7072,814
910,929
2424,10713
3312,3039
3790,3795
2723,3398
3733,817
5617,1244
10761,11174
15580,8512
4016,1105
8088,15956
375,770
1141,303
108,1180
595,544
9834,6061
7599,3899
7697,1024
10809,18011
6,149
367,6544
6399,4104
243,92
2952,7018
4064,772
1121,9635
13871,18824
773,1755
5193,5238
742,190
4207,5961
57,87
1163,4384
4716,1866
628,842
3270,13716
846,2233
15171,4678
911,3382
4008,4031
10978,2140
1929,4826
7299,2267
272,1180
10524,5353
758,3517
187,318
5094,2199
12304,18454
3927,4042
4266,3508
374,144
18680,18076
1072,9342
5043,6583
733,2706
943,72
9805,9803
2035,8635
3377,1131
5810,2554
2535,2542
4987,4207
3639,3760
4537,4910
15656,5258
1115,3912
4599,9925
3918,4114
239,4241
5836,4125
7417,579
19937,19694
10564,1345
1398,7418
4299,773
2447,11181
730,6730
2117,689
4448,115
5501,2334
3918,1081
4093,4088
2651,7978
13439,3086
1822,17
2174,11022
5956,6112
4025,2641
5501,12133
11671,5463
2237,1922
2235,6013
1965,1988
3979,8123
12045,9087
12248,7726
3093,3600
39,581
11616,6695
1919,300
7010,4742
11015,11955
908,9072
60,869
3102,2373
163,2310
2074,11730
6969,954
1929,1927
329,5231
1852,17
0,37
9296,10060
2197,3435
9003,14911
4136,1317
4025,3930
11014,6253
1384,1080
922,9128
2073,8472
237,2609
6692,6688
17481,17482
5855,337
1622,7260
5371,2210
18445,12277
13858,3396
1363,4525
5193,595
6683,6575
14737,4304
146,1151
996,567
19988,19958
1563,11002
1110,4052
8744,11775
2528,542
69,1870
3276,5131
1089,731
1913,1932
15423,9146
15982,6666
1909,10858
16531,6908
2136,11803
4011,4008
12027,2199
6531,12755
8634,3686
3138,4608
6832,3069
13,1157
2175,11916
250,1100
169,3390
8672,3389
16719,7309
5060,2294
4630,1020
1715,1543
2006,29
7329,7258
1918,1902
4574,7504
18787,13680
1117,4068
8672,4328
13049,3011
215,5428
11751,10787
18666,13161
4253,8617
10473,1310
1410,8262
18,1881
730,6059
819,7794
6112,1817
7808,3701
1909,9114
818,7569
428,998
80,3698
898,9026
64,721
1141,116
2593,886
2894,60
3028,60
8523,8527
15180,14807
572,5069
10476,2897
1052,44
3493,6246
563,1573
231,80
2163,2241
2760,245
4071,4008
36,2056
17,1814
707,9
1125,522
10521,1327
18136,11252
3629,12708
2177,11938
3244,65
6583,9107
9964,6105
17373,9014
9623,1116
2171,1543
13,1291
1315,804
10310,1265
7089,2270
11760,5372
4738,15209
14673,4214
325,65
2639,76
96,13
891,476
127,80
95,542
2679,4578
9461,15468
15703,19254
12321,2406
4783,4779
672,5249
4891,4312
5496,2177
7418,1398
764,8221
996,2340
772,3386
1343,10557
9108,4211
1238,2627
3918,3927
13921,3424
3938,10029
1089,60
4181,365
2799,1088
1245,573
10322,17840
4053,1119
13462,13463
2676,2186
10558,1343
1024,2294
9461,10341
8835,1019
22,40
428,1482
14751,13680
388,363
4087,4086
4009,6647
1182,2853
3802,10518
691,7719
18225,18224
4256,108
1100,3228
403,4054
2313,40
2437,1796
18630,13025
251,250
10347,10326
3945,3629
1276,1175
1459,9927
497,7072
4131,3230
4757,1972
4676,5016
722,774
1902,11436
11310,11312
3263,8146
606,599
17,204
4005,4030
4019,3928
3155,5580
16850,7629
412,733
831,4100
2806,4645
12109,2253
7298,7250
92,728
1764,5436
2631,857
10318,7652
5456,818
4203,3641
4402,4790
252,3080
558,7324
1931,4795
9185,2663
6283,16253
3102,7797
857,975
2529,3963
3453,2362
9784,4685
6603,393
376,2365
1121,267
250,3946
5244,7701
1803,72
2866,3733
3934,1130
4008,1079
4787,4981
6648,4458
3482,5170
1061,2818
2193,8336
6990,1189
5445,228
39,878
4036,94
156,2217
11658,2330
3509,577
568,441
721,683
3902,2723
2071,7592
2694,401
1921,4615
7355,563
4003,1085
1116,1212
5634,4072
914,4461
2705,12833
15117,9195
11,523
7417,15936
17899,11526
851,914
144,1052
3245,13686
6649,522
4775,783
819,8546
1151,7033
5490,15812
4066,94
7,0
1772,3179
8793,12365
158,169
39,2167
2883,5376
1119,1079
5665,1291
4018,3995
9,46
2640,3928
1110,3999
1032,144
4435,4283
63,282
137,231
402,3912
954,453
300,1915
4192,5279
720,57
2199,5094
398,6
3230,4144
9313,17477
246,2618
4224,5002
13,1104
9655,5348
10806,11108
11300,1817
56,242
37,0
541,1223
16068,5983
94,3917
1752,11171
596,5067
830,2265
5453,4387
491,355
5158,15581
1117,4015
8044,734
11211,9292
16426,6630
15256,4792
2124,7552
13395,13394
4003,1219
17948,10613
1771,1772
4524,2611
2120,10062
924,587
2388,428
4043,4001
4375,12876
1491,2132
3222,4037
13087,12460
2198,4468
6971,3151
481,17
1143,5586
4506,15022
4615,1194
81,2527
2934,1126
4367,5818
84,2044
5951,5953
9100,3382
3160,6542
7239,16148
4220,106
39,2301
6534,6533
10142,10138
17282,14320
723,1213
6002,256
10151,17771
5167,2838
4771,394
16317,15331
11638,4991
6460,353
173,22
7351,1278
453,2291
1110,1100
1951,5880
3243,2231
14958,9807
13,1238
3937,1107
3508,5131
824,8061
303,253
65,839
10013,14989
3022,10341
94,4051
1947,2913
2220,39
881,1398
3897,5091
17472,9290
2205,7086
2783,12984
9438,8049
37,484
2554,2544
1538,10972
6445,6437
14511,3991
3150,5049
5076,15501
10307,1264
3908,3910
16021,5897
3402,5270
3281,7195
8047,735
15015,15013
6972,477
6512,8598
6834,2233
7436,581
9673,1126
829,834
2250,39
545,1075
12467,2528
3428,9874
1988,39
2227,6471
1217,2636
2722,12866
1089,3390
4826,3433
1921,2200
3996,3915
87,1136
4865,163
1219,238
4114,4136
3918,4224
404,6670
1084,13
3632,3638
1218,13
958,840
10965,1799
7387,13120
2427,9915
1,49
6,393
238,3934
18,218
725,80
6814,426
2280,39
3398,3407
11113,1670
2360,3186
911,9103
8265,971
1210,2754
415,39
1459,9874
9499,5453
115,4473
1622,9114
8989,6105
959,2354
1213,9818
1248,13
3906,3998
8716,10642
4100,831
1925,1918
817,958
4513,246
10156,1229
3131,969
4946,9927
15875,12622
216,5464
1174,9863
8624,8609
11043,10326
446,1954
374,388
1081,250
6002,6001
4415,842
9335,17480
2295,1636
163,3359
1119,3925
6870,16519
7674,5956
10761,1753
7526,608
2004,6533
1278,13
278,276
13640,5148
11510,5254
6358,5232
9798,1147
1986,477
1301,374
7142,7034
18289,18290
16933,19480
7035,4693
16092,6032
2909,3377
12470,2529
7155,3297
766,6631
6382,341
11963,17250
2245,9978
611,866
1755,1483
2178,2340
225,5526
1276,10116
6118,268
3,229
6744,730
4774,3003
264,4
630,327
5148,181
3632,4122
6471,6987
583,2201
2699,3917
8050,1116
436,6877
2979,4496
2041,2227
3976,14485
721,3074
3918,5647
2911,7745
4351,13608
628,4603
411,6066
1089,1780
14767,4414
4120,4061
9496,17532
218,9
2143,1191
9396,1086
2462,190
2193,2217
39,1175
5161,766
11031,12328
2860,236
3218,698
1361,374
17,635
2293,6770
562,169
5073,6022
7468,7153
11652,18273
135,2576
412,1164
5463,5453
9074,5357
8212,7836
4105,2598
3141,3080
404,522
329,348
14331,3860
81,246
1041,2274
103,5
7235,916
8465,2805
404,3905
227,71
2601,2577
4120,12705
6266,300
9801,1148
18092,11090
2638,3398
4350,1089
427,1822
5845,243
125,1457
7236,737
10293,17825
1921,3757
4006,3908
401,6236
1105,4137
16,9
11335,18165
2693,72
1700,2068
18821,18820
5378,11330
8850,11102
4007,1100
7200,4463
3334,68
2468,3337
851,56
4130,5637
92,4
1623,5231
236,5610
298,72
69,20
16175,6177
89,3870
825,8634
4019,1110
12612,18530
1384,3902
4445,5648
6196,8929
6318,16274
10341,14459
4694,2188
1726,5359
4022,4010
524,11
5039,156
830,3501
1086,1212
9563,3962
16123,16725
17056,8262
3909,1100
2806,1238
2809,8891
4328,8631
13,246
4001,4072
1174,5004
1301,10441
4333,115
3047,13378
1005,5195
3383,2747
7619,4423
7,431
2068,2440
2069,11710
2706,253
3551,79
232,549
11942,3809
2816,4585
4524,4786
83,426
5365,1430
7108,686
2680,12803
579,7423
2303,4185
9918,1278
4465,10972
13398,10555
8835,2068
282,262
1173,2685
3907,4036
10407,1442
20,262
7289,7298
18751,13462
1327,6535
10903,14855
6368,2754
15973,15976
6044,6040
760,237
2252,3846
3065,11274
13399,14348
13812,3375
1642,8990
3144,2707
718,11
453,494
1418,3620
3935,5680
4620,121
10344,1278
6598,6599
16369,6527
1823,11253
16539,6938
1219,5662
157,5047
1019,124
5910,16024
10633,12900
3993,13205
1120,2650
225,1017
2243,2198
1718,3508
6490,13832
2206,64
14721,4283
3086,13440
2071,2091
3912,2636
522,3640
7925,13874
17290,19530
4066,4042
695,7732
5377,635
60,3020
406,1213
344,335
1703,5078
10868,18028
13,730
1104,3995
1687,2101
2778,1394
6004,733
2640,3904
3667,2990
3902,14376
165,2255
1139,17
939,895
1219,3918
13865,8620
5369,3376
4362,3222
7158,533
2638,4016
857,4468
2108,818
5103,5886
3264,506
13057,13779
5132,5126
2374,937
1465,1126
8524,11550
14038,16095
10835,1464
11965,2183
401,438
3770,85
5299,4485
7142,2659
237,5699
9875,14897
11681,12223
2633,4022
15017,15140
2242,1922
17,448
4000,3930
4522,12148
10315,9692
840,2178
5296,15706
17790,10188
428,921
913,1902
3131,2205
1864,9294
5999,6000
9977,4220
171,5237
11864,9082
3641,4936
2849,13072
16422,7022
11759,2091
303,6295
1257,6788
3494,163
3131,111
2339,3329
2544,543
12750,2651
441,752
2407,12323
3039,522
6532,1925
3802,14279
79,3554
5810,4384
9583,10308
13,1214
517,7163
438,454
1257,1311
548,60
732,2621
19158,19157
4002,3952
16254,6283
1491,8308
3750,8612
94,4027
56,1291
1100,3956
570,1512
2734,10624
6366,13125
4759,144
2973,60
1345,3760
2577,60
3673,3669
5997,10784
12800,18579
5257,3804
3903,4131
15050,8217
735,44
587,1866
1772,40
10755,1430
13,59
3048,584
8058,900
5002,4224
2583,255
4847,149
7907,16946
12604,12601
2818,1061
17449,11160
11447,15694
3003,60
231,137
914,167
649,650
2533,1077
2558,11687
2328,2365
11847,16567
60,255
440,476
2581,12610
682,9
3359,72
3204,3167
7631,7629
8837,4960
537,1348
585,2328
626,2329
3611,7463
9821,1158
3377,3095
4351,857
10116,13349
13,1348
19570,17542
159,1173
5369,611
250,1291
587,122
3242,426
7956,4164
16870,7669
6791,418
8943,8769
156,5039
1078,2611
2164,1560
3795,3793
11265,12805
10308,14458
12300,14418
8673,1711
689,4721
1269,7282
106,199
5722,325
1210,10085
12895,2735
11413,6260
4249,14701
2709,7668
3733,821
548,1483
4001,4019
2805,960
4100,14578
563,825
4093,13407
1607,3490
11640,3418
16325,6418
2849,9368
10278,4793
250,5963
7650,9318
80,856
386,374
4,80
3140,13489
6833,428
11244,17189
16417,19189
2508,12458
5036,155
2038,2895
739,5373
3086,1360
3996,4025
4865,273
7796,7800
7295,16674
57,2535
2089,3614
12464,2525
62,435
122,4650
2501,8254
13759,3311
5629,2362
2002,1925
4008,4035
7256,7297
441,431
1105,3629
3440,545
6049,12747
7713,4540
163,2180
1422,303
4768,4662
1041,611
2978,3116
9805,9807
87,2535
469,385
3913,1115
1110,2633
5482,218
14886,16190
3169,7787
4038,4035
7286,7297
4997,15452
1116,1135
2149,8337
5781,10838
542,82
13933,3440
2305,6406
1119,4035
1219,5959
2747,1089
85,3778
5470,5469
40,2315
3241,13675
3918,1085
6917,1199
60,2967
268,6114
8190,8189
5913,562
2659,12761
1764,16
2422,1679
2585,2609
17609,9781
5135,5371
8856,8853
6134,911
3033,13352
2300,7351
82,1386
1544,10980
438,267
1704,1813
3628,4113
8409,13237
2444,125
11451,1909
8200,17035
0,41
4900,4915
12632,2593
16742,7348
3396,1511
9715,17595
18729,13380
1835,17
1105,4113
8051,8052
16657,7240
3928,4001
17290,8873
3508,3415
53,52
6006,10151
7599,12092
5286,15689
1479,1321
4004,3996
10136,5170
3221,1106
6175,6173
3324,1793
19796,18853
450,627
1923,22
2845,1758
15897,7902
945,4770
1076,1089
1005,4821
6597,389
9007,13694
4793,10279
731,88
4936,5669
6106,1091
7282,16707
11137,4728
39,2224
921,7567
1110,4056
726,2373
62,3147
2388,4673
2617,2281
9876,4465
10631,3055
426,6807
1126,9662
223,1752
151,186
14144,10560
14922,4438
11986,8056
19257,15727
10279,9019
4410,4283
895,869
549,232
1290,6094
820,7111
2372,2635
11441,9461
4060,3904
438,401
3638,239
1802,792
17340,9875
1330,3426
3157,1629
5225,2365
1801,567
4015,5824
8827,17267
56,1238
10892,1490
2127,1491
6318,3202
86,2578
3907,4012
939,2265
142,1921
5008,795
8690,939
80,2763
18,1885
5107,4746
819,7798
17608,17395
1920,5335
2532,12507
7544,626
393,227
16251,6282
3178,6239
11786,5500
131,1947
1842,11279
10509,1321
16830,7652
1054,875
56,2527
11331,3415
116,2578
231,2528
15051,18538
4786,12625
8,12
13,356
522,6649
3311,10151
985,2209
522,233
7822,8834
9875,6818
828,8641
2165,39
3226,2873
7028,9727
428,2291
13,1295
1795,4643
4,243
14871,8929
1024,70
661,18
16720,16717
363,361
2035,1097
1216,4212
3912,1107
12270,12271
1133,13
737,13
2471,3879
4460,158
17935,10569
4819,3474
2195,39
1176,60
682,7661
1019,2328
3315,3453
6269,6268
426,2753
5102,3947
238,2702
393,361
3409,4054
9902,9903
2645,3658
18475,12361
5741,15948
318,187
3852,1591
1374,9093
4917,5887
3490,10809
868,65
252,5983
16841,19464
3593,3582
3675,10562
19366,19887
313,3226
22,44
1195,5563
1792,157
388,367
4462,9629
12887,18605
5794,683
1105,2637
15950,14008
539,536
2166,11887
13201,13288
225,2066
880,3458
1107,239
1248,2164
678,2011
721,2647
4786,13109
3071,3069
8052,735
9559,5376
567,2180
1921,163
512,29
2244,816
4799,10338
10406,10910
11796,14966
14647,12930
497,7076
2729,107
6806,11330
2639,3597
18084,16653
7599,8522
1923,1929
1482,10854
14614,17893
8107,8928
2881,97
842,2011
4534,7007
19152,19153
835,840
12514,2535
212,1615
544,856
7865,3918
8061,824
2147,1041
4468,2223
7541,3040
371,6563
930,1831
10347,4380
596,265
3137,2911
15631,16641
3482,12745
1959,11543
60,2914
158,39
404,3478
3934,5672
6992,731
7057,1126
4010,4004
121,157
9897,1183
67,3304
17310,8907
3979,14490
1672,374
166,5003
12366,18478
548,2853
19492,17100
1996,471
6151,273
13182,14311
404,1384
517,6923
89,60
94,404
11621,10373
11833,2150
1384,92
17185,8619
3515,7566
2343,929
10614,1359
3057,272
588,158
4836,3157
7007,7024
7366,16756
978,9203
7439,1019
916,1909
15616,7449
1309,10471
2154,5379
1027,959
3398,7920
8880,876
8189,4900
12208,18427
80,2576
1773,25
14666,13464
4035,4010
2631,56
8271,768
4177,2373
388,6112
524,523
3490,689
4460,4159
12984,2783
2175,6606
11210,1770
4866,151
5055,3056
6600,4771
48,5
5287,181
17501,9390
39,2171
8624,9150
469,1755
16129,6105
4203,9606
3902,4016
1758,252
1801,5052
3415,2208
17922,10551
3366,3255
300,1919
2220,2003
7609,5910
7,354
81,303
2013,2464
2022,2018
1142,3137
1118,2551
5964,12824
13,1108
56,246
4,56
3947,5637
1278,10353
2734,3163
17859,10387
2207,4400
4662,11998
237,1755
2749,253
4693,731
8618,825
968,513
14208,3702
596,5071
11568,1986
5444,9001
2206,8147
2853,2296
9009,10280
4008,4011
1487,10877
8039,8473
608,7525
14816,19019
19350,16188
11103,7484
3398,13881
217,5425
6502,9093
4469,14959
3382,8460
7050,5892
5949,249
7796,9654
472,467
1446,2393
563,585
568,929
1316,5518
2035,8615
2068,8563
3897,2867
7164,517
2246,8835
598,17
1040,924
2640,94
69,427
3997,4010
4214,1793
14590,10920
5055,157
801,8455
388,6596
13,303
4015,4027
7489,5188
2525,2773
563,7351
9877,1176
618,642
236,4512
1110,1104
4061,238
5769,2883
13553,3195
175,72
5586,732
18233,11486
6530,2981
3508,5135
14612,18973
3305,80
5989,1876
12460,2516
13043,4786
495,427
12079,5268
1853,11361
3125,2364
10786,17360
8472,2073
2780,5335
2527,725
1107,402
1338,2809
1563,5371
4030,3904
6112,374
2328,515
2826,13035
3664,14134
16699,7277
792,17
341,4282
3073,80
9019,9008
7424,1514
2527,1075
1823,11310
10347,5016
541,6033
83,2711
1325,7835
5043,7636
6061,9834
39,1850
15670,5270
2359,12229
2778,1101
7294,7298
107,4236
568,1413
327,38
10826,1459
29,381
16078,6004
4402,7990
3953,250
6,397
4789,522
15979,9408
4045,3222
4021,2636
96,2542
1051,1008
6300,6036
2699,404
1104,4052
1917,11480
7582,1699
10116,10344
8452,801
608,438
2528,522
5821,5809
819,3102
6568,374
8925,1213
4124,4454
12076,10766
3057,85
4573,116
1706,9755
2731,2544
250,4113
4149,6204
1086,3631
6050,6046
6322,318
852,17
5254,6112
1491,4848
397,376
1875,115
15720,15721
1174,9867
68,3318
1076,6326
1365,13
19059,14937
1413,3467
2729,404
17852,19633
8809,11776
7410,5914
19094,19095
2353,1056
11558,5299
12499,3113
2578,1174
13121,2867
2089,2703
1175,4992
2403,4556
3399,2077
522,2892
2301,1805
3932,2540
5281,179
12705,4120
957,568
647,1840
925,1030
596,562
12798,3530
9527,9144
1294,2590
1141,96
81,116
3818,159
2636,3222
2574,2344
4356,774
5367,12381
4775,8305
1250,39
231,60
592,39
17,1794
731,1137
583,2205
6087,6062
4894,15352
13032,18636
5596,2792
4685,15178
1105,4007
3737,9777
10710,17983
628,635
4704,144
7327,7326
245,116
1657,11101
1086,732
11175,6419
9246,10945
2753,1124
2808,8001
1932,194
3086,3027
10640,6260
800,8447
1413,568
4162,2197
466,6881
4014,4019
5051,8711
7928,726
10629,12517
157,2339
3983,14505
2388,595
17638,19599
13,116
1052,3191
909,5357
300,1866
7024,2952
5389,8891
687,60
13353,17472
64,835
5860,2060
8016,731
13545,15198
8258,3462
8681,3565
11682,2062
6649,4206
14231,11739
3312,3316
1351,225
3763,3777
146,4782
1027,101
6223,3051
583,2339
11603,5152
3237,7868
12196,12082
2535,1180
869,8560
458,358
8696,840
1459,3141
972,579
6068,5365
6675,5777
10381,6507
16341,6443
6430,16334
1812,8140
16543,19409
9875,17666
9884,6640
89,3874
14441,10394
374,71
13388,5169
13680,13679
494,5091
2729,4055
236,137
24,1944
4409,8624
144,548
13750,3306
1533,6631
5607,15893
1029,2402
1225,62
8224,9489
39,1663
2176,846
15217,17381
376,1056
101,851
835,816
16518,6870
9780,5886
6058,15765
4207,4144
2058,36
7,435
1916,11472
4203,238
636,606
13843,4409
5212,6854
1993,2270
3622,2178
6075,16119
10943,5240
60,2890
1758,683
15679,7239
2749,2778
19947,19750
1694,698
252,616
10557,13283
1345,8623
3109,88
354,1832
8446,799
4478,823
2585,88
4870,5777
584,3048
116,728
7141,988
181,5287
2464,2013
4599,15113
7348,16742
10308,17682
2285,2270
6908,4392
8830,5111
273,1843
545,87
154,431
3934,1110
7004,1656
4328,4447
6014,3169
4485,14984
402,5636
1135,303
5270,15668
157,5051
18011,10808
15323,9832
2083,227
101,3429
204,144
4001,238
80,108
773,72
5016,2727
13276,2968
272,2530
232,5575
332,329
631,5092
9305,1031
3905,3913
10151,8407
3912,2640
144,1032
18858,14063
12623,2588
16673,7292
7337,7292
730,6791
9706,17590
8460,11004
2163,5067
6301,5454
16968,19483
1005,2300
11710,2069
15961,15165
60,3024
1180,3055
1181,6663
3710,14210
1193,5734
6155,7322
1258,10293
251,5975
315,5236
3806,1840
3425,428
3536,14030
157,863
4596,424
914,842
9644,8202
9964,3454
282,6227
1316,822
15395,7964
3857,1024
1245,2110
10331,14767
14144,5006
154,565
3934,1244
80,2336
19843,19130
237,5703
1025,1023
1438,438
2613,2620
5493,5486
6565,373
56,1161
376,385
12196,16083
13373,3816
1272,900
1384,1141
13444,18743
4563,2354
9413,3701
4004,4053
2400,12311
8784,2217
1404,5930
4704,5218
294,171
5,68
3384,403
4959,9874
3271,10325
13517,3164
2025,7711
2990,3667
1804,8466
39,2281
1922,9653
2363,1290
2640,4042
4419,2955
3644,5588
860,3184
1316,17
1846,17
8637,827
11302,1819
4115,2729
2850,65
4767,1194
40,412
1182,6618
62,171
2068,6445
3178,1624
4936,3632
13,1218
636,2163
4013,4115
2210,2364
2158,2174
1843,7266
682,818
7292,7252
267,576
3137,2000
4337,14792
2378,1948
2679,1122
2066,6557
13057,4468
514,453
94,4031
39,1126
825,2035
3375,825
5356,4568
14134,12908
3496,8699
1502,1496
4566,13339
4996,8197
4072,5634
115,1875
13029,18635
11088,1644
57,1116
9284,9282
10346,2727
468,458
256,13
82,2866
1081,4068
8770,8280
2146,1948
9778,2620
3639,4439
1920,2359
3919,13878
10569,14261
402,3221
2723,239
3913,2729
821,172
5081,1488
6196,1175
7266,1843
1641,3883
5054,13628
87,1116
99,187
3388,13838
10012,17726
3746,3720
1158,6358
24,13
14845,4382
2641,3997
13,1352
340,249
2315,40
1482,39
553,542
1308,6302
587,6542
4056,2633
4615,153
15198,13545
16165,6164
783,1758
1113,5834
2529,4695
4468,857
4669,2833
10320,3734
8681,11217
12883,2729
156,5043
3074,65
5197,6924
18478,12366
18653,13121
7504,1792
5138,3311
631,583
4514,13283
4516,1278
9583,4380
875,943
450,13
16162,10969
1210,10089
14052,12451
1115,403
8167,8902
165,783
10051,3667
39,1610
1119,522
6293,303
866,830
4100,14582
5053,5051
9027,4283
9617,1116
250,5967
13135,13129
303,2595
3312,3397
4311,3101
5016,9306
1866,163
19704,19939
1131,3915
3278,1534
766,784
1853,867
1493,10912
3806,1653
857,902
4484,585
7937,869
18012,10822
3964,549
753,2242
11475,18230
14679,4224
6112,268
17606,15015
781,3509
829,8653
60,743
3169,3469
5248,14917
4572,3034
2225,631
167,2303
5604,966
8551,9026
14788,4332
8730,855
3080,10944
17872,10411
1852,3274
155,199
988,954
267,1194
8852,11583
6013,13444
3221,4009
17,265
3415,842
4915,4312
4302,7495
847,722
3906,1079
1077,3628
542,86
3391,3639
7637,9221
3141,9126
6419,2239
2011,1991
2891,13115
1291,1113
3760,8609
12189,6215
40,2319
749,564
10497,5958
268,6118
16403,6597
677,661
19379,16341
2590,1294
7600,644
9195,968
10518,3802
1865,72
2419,1412
583,1965
6104,1265
596,4644
329,328
4016,4980
597,7498
12040,10414
1137,272
39,0
2205,113
5016,7346
246,5928
1559,904
9003,17363
0,45
7787,4792
3133,1105
3169,570
7275,16695
18340,14555
18629,18630
1835,6437
2642,1053
4865,1700
2937,13244
3928,4005
3530,13758
72,298
3957,3245
1173,87
9144,13811
5376,5787
17043,8219
7655,11439
821,8495
6358,1158
4043,3928
3221,1110
12567,2552
3545,14039
6518,6516
725,2556
1210,4291
2540,1126
632,113
2984,2860
7142,12759
12360,18474
13458,18746
6827,855
1654,11098
39,2228
4975,2595
238,3377
5188,3642
12015,2197
1110,4060
5100,1543
1853,7551
8190,8191
8212,14366
108,4250
5817,403
19072,15012
60,72
426,6811
1126,9666
7840,3648
18118,11486
3213,64
1372,273
374,1925
5957,12491
4030,94
7426,10424
19353,16193
4757,3806
282,2336
1844,268
13,1165
3912,4010
9087,9089
56,303
4460,3061
8579,954
3725,1151
5368,203
5486,424
8928,17323
458,468
3212,13583
12877,2727
3725,4534
3398,4139
6252,8036
8907,1924
11320,18156
9871,17657
171,411
9582,17554
819,7802
922,2265
3508,6936
14513,3991
3095,1105
1307,6802
2820,900
5122,1086
10531,10533
1090,1849
3382,2101
1384,4016
2838,3169
6590,8216
7146,3967
2940,13245
5864,5860
11230,3337
4960,8837
428,6833
392,6
4036,4022
7353,9141
8804,2361
5035,12394
3385,2749
4949,3760
7256,2792
9124,996
3391,4257
9800,10435
18038,10917
13210,2913
428,1356
440,427
3311,10155
12029,12028
16480,10660
5393,209
243,5740
4412,1276
5071,158
1865,6167
731,6992
3906,2636
5224,3406
10363,3378
11366,2824
4375,7810
3573,6368
2296,2189
7403,748
4367,9612
3214,13605
16074,5993
1256,6059
1227,5129
2727,11043
3899,876
3154,4694
10910,15790
3518,14016
13116,4190
7286,2792
1102,9564
735,8050
355,2167
5159,163
11609,2178
752,1049
4305,3257
1079,3918
2557,3657
3632,7887
5320,1020
6569,3151
7569,636
2498,44
8628,2643
474,6962
1102,115
94,1079
1116,13
8900,5051
682,7665
694,2764
4214,106
4729,2272
3906,3925
4730,5126
1191,1126
79,956
4005,3904
1560,5130
4241,239
3234,5747
2193,2599
9608,17566
4496,10557
38,366
8260,8259
19192,15389
19309,15974
3706,80
376,361
1384,1117
7256,9342
6487,2186
1146,13
1280,13
4826,3494
15099,4572
1088,3226
4534,4783
615,1316
1105,2641
2166,11891
5644,4126
10335,10324
392,490
6999,4963
4012,3920
15227,4757
595,849
1124,412
1158,9822
549,6331
3622,2422
2689,4469
19253,18674
251,258
1813,634
60,690
13,844
1180,721
7258,7294
1310,13
15816,5502
303,6275
9302,1028
10373,10966
3164,8899
10441,1301
3950,7364
2979,13283
3724,7021
39,752
2642,866
4770,15239
395,387
7292,16677
1105,3930
7742,698
4042,3920
4482,14018
8111,8112
9987,5268
1077,2636
15143,4655
246,264
15075,15074
4005,4038
3638,4244
1607,6019
5530,3034
5564,8280
14969,4475
3508,199
1340,13
15340,13278
25,1958
801,1425
1078,13
16613,7135
5142,2171
2067,1281
8135,750
17,562
1248,10223
954,3360
374,4771
6752,1248
1089,9412
2132,363
7457,2003
406,522
1799,11265
5347,7649
10466,1307
440,106
732,7862
8932,7860
8849,6105
2330,2041
158,393
3060,13406
825,7272
56,116
3395,4994
5747,9461
3701,6986
17,1851
60,235
12764,2663
3378,6518
508,2088
701,39
1900,363
6339,6340
13871,3398
1775,11214
60,1174
14825,10307
16415,10287
5374,7351
8853,8856
3930,3998
11944,11942
11126,18103
3367,3326
1107,1077
1291,3638
2274,954
3356,693
2244,2243
236,60
7044,1783
5373,8065
411,61
48,9
7018,4534
13269,2956
39,2175
8539,17152
3925,4004
749,56
1086,5111
17947,10612
1311,1257
4482,2609
1782,11230
3902,4020
4064,406
4001,3999
393,394
4586,11068
2946,13253
8620,8631
15015,19075
3904,4066
7,358
62,65
11531,1950
1118,2555
6988,16561
2981,2859
6152,3457
6601,5535
116,2745
689,163
7122,6927
14196,3696
4,60
78,9
12328,11127
8032,732
611,472
597,574
2557,87
3685,10559
12801,2679
5563,15867
8381,17101
1763,226
12655,12653
13316,5754
6647,403
17732,10027
2013,374
3147,303
18647,13066
4390,14697
7119,1152
7643,16613
618,1801
914,631
13414,3064
7462,737
10829,5973
2011,678
2406,12319
2515,211
753,713
2062,3649
723,282
81,2535
731,2617
3377,1115
1245,2838
4270,1921
144,605
1104,2633
2535,2526
2165,11883
15276,4836
606,636
5673,7902
776,7463
1450,237
19422,16603
11320,6560
541,426
563,7355
1021,1817
3925,1105
2638,2654
1190,6699
2819,13023
17458,9242
18646,19765
2067,11698
12334,2408
3901,3902
14775,4446
3328,68
878,950
303,2705
4991,11638
5203,3415
60,2947
8460,2067
5335,2780
4265,2866
7043,16567
954,7361
6073,265
1516,2146
1876,237
4553,300
7252,7292
559,1355
2217,2193
1921,919
3109,3528
7424,579
149,144
730,8003
732,6386
2270,2204
3908,3918
4675,15165
16717,16720
322,72
5377,1851
11472,18227
731,2751
3339,7373
4043,1110
4084,1111
9579,9578
4032,2641
1031,1700
5356,1913
4052,4047
158,2300
4447,14934
1992,920
1075,1248
5131,15566
355,370
831,4271
10413,1294
3761,84
9271,9583
228,1726
1148,9805
6606,2175
725,88
1859,17
9381,1083
2607,4606
3675,4447
739,8065
19710,18308
10689,10210
4032,3930
6038,6040
842,84
6411,15670
11470,1915
3890,90
2558,2620
2186,762
12490,3405
2067,3322
4030,4042
4135,4058
5633,2729
11201,1875
65,1331
2912,1805
3438,13929
68,3322
1203,4385
3018,13343
256,6002
7308,10337
1085,1131
2289,1799
954,2368
1573,10519
9464,1094
4470,12800
3407,2723
3961,91
4859,1241
5203,1805
6996,7032
7491,595
39,1988
3903,4058
3164,13518
3639,13811
107,402
15618,5218
1514,3873
4535,10916
8038,16979
15157,13868
3409,7872
1115,1131
3995,3997
116,2558
2609,60
15195,4711
1265,1075
303,2384
3515,9961
17,1798
3193,3494
9306,4426
5140,8407
12291,2390
1219,4113
157,1054
5375,353
3221,65
13,1275
2615,255
2886,9386
3038,1112
1219,1080
3120,922
4906,4978
2060,5860
1031,1029
12268,2379
2901,60
2278,835
1171,2729
6928,616
2315,902
17003,8125
19779,18747
4371,14618
15,8
16183,7043
2590,12626
4648,374
5627,3398
13046,2831
7810,10308
57,1173
2753,11866
12816,18584
191,1927
900,172
1077,4006
12747,14283
3642,1384
3919,4136
199,3508
273,3457
753,876
13244,15089
13779,12215
959,752
107,3919
13880,3407
15499,5071
783,526
3676,14177
5032,1653
9868,17654
1233,9622
3709,1293
1026,5357
7222,8044
1823,39
9,351
5893,3675
542,814
2870,723
146,4786
698,7743
1909,7138
8306,7829
87,1173
13683,3243
5197,2659
6201,4959
62,362
1219,3658
3509,77
3629,3377
2163,2709
3930,107
2777,4100
784,4669
4031,2633
5027,154
11454,18215
2544,1088
4801,6981
1074,9346
6540,8747
5760,15954
14786,17980
15082,10394
10176,17783
4706,7094
1086,1220
1111,9386
10236,2723
3806,3804
6164,16165
4447,11714
1077,1107
10559,3376
237,3345
2933,3650
5734,2059
7239,16453
2203,8500
3671,3387
3848,4969
8523,4807
13328,6411
7430,4909
4819,15265
60,2894
65,3238
165,5162
581,122
4353,940
6321,314
6248,3219
403,3233
1363,5261
2727,10348
10881,7749
3725,7006
3331,4635
10287,13426
11756,13611
12918,2756
9925,3396
706,9
10520,1327
883,5563
9960,5834
2527,87
15408,19197
5973,9780
4557,4503
11453,1909
1862,636
2921,13223
2169,11898
5674,4236
7282,8929
11620,2022
8337,2149
367,4865
1076,3110
4042,4030
157,5055
4503,8589
5270,15672
642,374
5167,5371
2607,231
3169,3876
17,322
12524,4680
1875,282
6827,428
4414,9271
187,733
6797,8887
1291,4203
7795,819
15354,14784
332,333
4031,4056
2685,272
13424,13423
19131,15165
255,86
5129,2985
60,3028
158,153
39,2151
13,738
6043,12747
8928,15957
19974,19991
656,3813
2640,3912
14974,9251
251,5979
382,6462
2973,1089
2562,57
3252,504
1245,1175
9087,12045
14949,8440
2554,1105
1807,6540
1430,10754
618,4460
167,1555
568,2653
282,6231
163,4819
242,5112
22,642
13,1088
39,57
1245,4558
2867,13121
2952,1151
856,87
10118,7308
2270,2285
752,1427
8612,825
4073,94
14,0
3904,2537
9811,1149
3088,6115
798,82
16526,13261
5132,2101
94,3901
729,2197
39,996
4669,125
1291,3398
2499,3276
2189,2296
12648,2598
7309,5224
12147,4302
60,1284
5060,3164
2191,8758
2367,124
4206,4006
2368,3732
2481,2855
22,1931
3222,4021
3155,2799
3635,4190
44,0
1160,2541
4939,9411
39,2285
14075,11043
5892,7050
7489,1785
2101,10154
9026,17380
6784,16491
12048,2202
2447,1931
957,869
236,1109
41,2331
1278,10117
6419,2780
9461,1278
9409,1088
19723,19725
1038,5180
9945,9958
401,6057
1829,17
2230,361
3529,2609
14385,5957
5194,2174
1140,2424
7312,553
13,1222
3927,403
7292,7256
5038,5044
8646,8649
12958,2773
16500,8010
996,1921
2369,146
3377,3908
8989,8988
94,4035
3132,9739
10341,10308
3497,1758
5535,15649
1917,22
2693,243
15798,5459
115,4323
153,4615
591,7470
1866,5160
4328,1097
166,124
2901,13189
4080,4001
2163,428
17606,19073
57,1120
13178,2897
3983,4068
12560,4016
5612,3222
438,4195
2188,2178
3509,14011
13082,18650
3180,13543
14856,4387
7724,8202
1088,2799
735,3435
1552,10073
10418,14096
18675,17826
411,6721
860,8799
8990,1642
7164,631
218,664
567,818
5548,2648
5856,549
3920,3904
1131,402
2227,39
367,6
9838,6812
17558,9583
15956,8088
3632,239
4414,4412
9102,11093
7390,570
8312,6278
24,17
564,1459
16721,19447
1056,1921
94,3230
584,5309
1,33
6,377
238,3918
402,1131
799,13
964,8748
1195,13
2165,9899
1223,10140
3915,3910
6946,6945
748,7403
5232,2011
5297,6570
911,9087
2257,39
397,6
438,7
176,7
10138,1223
3859,753
2362,4936
14194,9879
7596,4768
1326,10268
4425,1164
11792,11741
14232,3755
553,7312
9809,9800
587,4452
9706,6669
4021,522
1091,13
4138,1107
10110,2558
1225,13
108,253
1491,2384
7081,8459
14508,18333
1902,1918
880,2230
2724,12872
16,664
262,4103
2287,39
11060,1619
984,4273
2159,39
2634,1086
2873,5798
4965,2956
8929,6196
254,2707
10037,17736
11468,8769
12887,17727
176,5268
5983,2710
250,5971
9804,9806
3601,14084
3634,3644
5284,6873
2417,12348
1805,2924
2448,12415
7357,1345
11264,1799
3996,4033
6167,8654
9132,3522
10288,3210
19501,17140
577,1081
1255,13
544,5105
3407,3638
4663,5250
733,840
272,253
1865,6358
2703,1041
4386,246
2820,2380
4798,11302
6001,256
4328,3459
842,783
8352,2778
2756,12918
7758,2039
2455,158
60,747
3,213
11346,5931
8419,11355
5429,215
5470,216
1368,10628
403,1086
2717,1097
5841,2603
2773,6856
9093,911
13814,3376
9015,3472
3337,2468
2205,922
11212,6870
11067,3483
4271,831
3400,7920
1110,2641
1827,11327
60,1097
6037,7618
4030,1119
14326,3901
10630,2169
258,2775
1077,3632
1094,9463
10509,10510
1400,10701
385,6522
354,39
2255,635
1019,9289
7522,607
12530,2540
6444,6437
1291,1117
11583,8853
866,4351
15221,4753
40,2323
15165,15963
18622,12983
17,619
583,7446
4014,3999
268,6122
595,101
4533,8536
3969,92
4865,2859
13651,15224
13328,9875
825,563
9672,1126
2377,1005
9350,1075
1110,3930
3598,1088
4673,6072
227,5532
4807,2100
6989,494
4905,7361
7308,14769
13,96
3509,2736
646,39
329,332
7309,13681
425,40
1219,9700
536,7226
12845,2709
4355,14249
2131,1888
914,204
246,5932
590,7462
8823,3436
5491,7054
3855,313
11849,2155
11365,3274
61,1456
2734,12889
1993,611
10711,4736
17049,8230
3732,3131
356,6477
10829,8929
1173,2535
10855,1482
8623,2035
5636,238
752,8140
90,3325
410,6713
7153,3877
35,1174
1000,3546
2168,585
4670,2367
5103,9574
253,2565
2761,12241
4963,15421
6987,4339
7797,3390
825,8618
6725,6059
1102,790
56,1462
1100,4127
9808,1148
16743,19450
599,169
5657,7881
9098,9094
39,2232
3339,2274
17970,10653
3999,4010
6019,6018
23,9
11327,1827
10824,9874
108,4254
1120,56
426,6815
1116,5010
1126,9670
1918,36
4001,4056
7525,608
13072,2849
3918,4021
353,1052
3338,5432
15592,5180
2531,236
595,585
2897,1525
13340,3014
6793,3318
3444,13937
3632,402
1089,1093
2340,1607
60,426
1949,1951
5046,156
1165,1088
3938,14445
1151,2910
2453,11283
11943,10969
732,2926
2163,6791
783,8341
2729,3230
4694,6815
14241,12921
2538,252
8699,2164
163,2217
4131,3913
567,6242
151,4866
239,549
14478,3974
7549,3422
13858,18818
4058,402
7167,876
3058,5391
90,426
10874,10876
11917,4271
8255,14201
3219,6248
3632,5663
239,3932
428,6837
2140,3774
14767,5016
8783,1488
10286,1257
18646,13056
10375,10374
721,4615
6569,8282
6772,4669
499,72
273,6145
80,88
766,3045
959,996
406,6674
4384,5648
6259,11439
406,258
3900,1105
16,1766
2709,2362
3746,7054
4,251
969,2623
3214,13609
8292,2540
10351,1278
583,5031
4468,808
22,268
428,1710
4203,1291
3629,238
752,1053
10642,3147
3632,3919
10559,11780
3919,5669
2250,2198
5586,1143
10252,3901
3643,9935
403,4282
976,1700
9971,2161
3002,13322
857,8424
5167,5131
879,8183
2405,8902
7987,3782
13808,3374
839,648
4485,5299
6338,4161
9182,954
196,1710
2546,7794
5664,2904
239,94
10297,12130
1560,2101
548,7265
2217,156
5810,2729
5973,10829
2067,7567
11560,6053
1630,4560
403,2188
857,8774
7411,589
2426,3713
1481,10853
2598,787
5335,11481
96,725
6300,8191
2535,12516
5040,9843
3213,2780
2048,2040
1322,1182
3101,95
9825,1181
726,2060
5,48
510,7131
4053,3925
8191,4312
3349,3580
8275,9675
1145,731
3390,1137
403,94
3777,85
12868,6670
1911,1927
1128,535
6800,10584
4159,9986
5453,748
2292,8974
303,6279
3550,79
4403,10346
10387,17284
17808,11882
5932,1914
3270,7609
7387,7119
9574,5103
1105,3934
8419,1853
3701,7795
79,3538
4138,3632
1961,8056
471,2830
7262,9110
8406,3311
5107,13293
8036,6252
19742,18438
262,212
1876,778
4534,7015
9107,914
7329,7299
19077,15015
180,5283
1801,604
2742,3144
9663,17576
2163,7409
5043,10275
642,618
3947,250
17,566
2102,7133
10225,1249
2071,1404
1327,10520
971,5223
2950,60
2554,60
18032,10897
80,356
16333,16332
2846,2154
4224,3941
4317,722
146,4359
1187,1091
3834,14309
9428,1090
2203,8878
7418,8660
10754,17993
13399,3057
380,4940
8011,6730
753,8154
4392,6908
3377,2729
976,1029
2606,12651
17,1855
5884,5764
2636,250
60,239
2980,60
402,4140
5789,242
5394,7068
72,2693
17031,14883
6674,406
13,1332
2799,2873
2330,12194
818,39
1083,1276
4009,1077
3248,10024
1922,5229
4854,149
10465,8010
4192,3413
1107,1081
3010,60
2614,60
866,460
2089,11758
1972,4757
158,5069
196,5361
6144,3974
11039,4340
48,13
3678,4131
1780,800
8180,8178
3925,4008
4928,3454
11301,2805
4831,3521
1801,5060
3367,1236
2723,3386
2165,2304
721,7811
601,1101
15015,19079
18981,16730
5586,15882
18817,13855
2611,1078
713,753
1236,2780
3390,816
2344,1488
3653,3670
2557,2535
3384,13833
243,80
1316,265
8551,1301
11698,2067
2330,11389
522,404
83,3740
13908,3418
1136,2549
8042,2363
7006,3723
10308,7810
11356,2303
12689,2627
1008,1051
230,3
2541,497
469,6435
4008,4019
14883,17031
116,655
1329,877
2431,12380
3617,8335
16623,7156
10089,6167
18824,13871
108,13
9058,4673
236,2642
2715,246
4647,6571
4979,15446
3042,2361
15801,15800
2035,8623
9865,1174
16253,6283
1112,246
4675,9558
14318,6268
10116,14756
13299,11015
369,6554
1115,3900
3207,11446
3407,3398
15975,18023
239,4229
13855,18817
1672,2505
920,426
2067,11702
4001,1104
5209,982
1052,353
5627,7911
107,1077
2414,2361
568,2226
7300,7337
315,1780
60,2951
10830,17667
8974,2292
4010,4041
5112,15544
16987,16427
4991,8609
62,553
3164,2300
2059,857
254,723
1405,67
10730,11020
5916,5920
563,2232
2163,2900
1089,7940
6268,895
246,81
3343,730
60,857
14000,3491
3358,72
730,8007
1241,2295
5778,2199
1581,11031
0,25
198,2484
6437,1835
7242,542
14871,6201
19569,17542
4426,5016
300,3700
4009,14527
90,3890
1074,6504
1941,1925
4026,1110
16985,14637
4129,5961
12,35
2068,1700
19939,19704
1090,8700
2763,801
7343,1533
11481,1920
2101,3311
8711,5049
14927,13276
5466,5468
2427,12371
947,7833
1687,1227
1148,9809
1107,2638
4892,7825
1762,11200
840,3048
10308,9583
3775,1649
1194,1294
5382,1044
1780,11217
39,2208
2330,11657
9212,6913
3821,9349
7348,9582
5106,9447
803,4297
732,8029
1219,3983
7055,6327
4011,3996
10279,9003
124,976
568,2710
1180,9882
4207,5628
1118,2588
1271,10000
13,1145
9655,5389
1930,22
7191,6373
1086,3050
2156,11854
1542,8019
3426,2030
6359,13390
6502,2364
1959,10559
13776,3328
2422,6119
428,3080
1236,10164
39,1053
8227,1980
5579,403
8323,2442
1504,10918
2528,1819
5136,2277
86,2562
4000,3995
4041,3996
5824,14170
14472,3970
2897,13178
1264,10118
7431,733
3919,4006
6716,14751
2707,4386
1862,2116
3995,4001
8463,8464
9535,1099
4313,146
116,2562
13533,3169
61,411
10236,3398
15346,4884
2760,233
7261,1426
2636,2641
3935,4135
11151,1711
17,1802
11847,7239
731,1145
12381,3600
14010,3508
15700,14272
2836,13060
2723,1105
1019,7439
3917,1085
10833,8757
5458,4556
2373,726
3398,3903
10751,17992
2155,11386
13,1279
1109,4888
20,6
801,571
1804,17
111,124
403,3908
2060,5864
5436,1764
10713,2424
19748,18499
8222,17046
8924,17318
11414,2471
2079,11741
3943,404
484,1803
1100,4021
1394,2778
2636,3930
3906,522
5131,2067
2169,11634
268,4622
4781,722
268,2178
92,232
11866,2753
15637,8042
1824,1019
11617,18264
12096,3215
2291,7086
5099,250
68,777
7299,7329
2344,4468
4307,5188
778,1876
3006,2867
3904,4017
1438,10782
5051,15485
4181,353
1424,4468
545,1116
3065,9863
1840,1902
4861,1775
587,2281
8673,11791
5640,3233
14280,14083
2202,39
1568,11013
3235,13657
5300,6548
11320,4283
3973,3972
365,367
5189,10881
16641,9187
7004,7007
4714,974
3136,65
17158,19505
16434,6642
553,3047
4481,6630
603,3164
9,705
4746,3895
6666,3979
9875,1459
3321,784
1111,1096
1170,13
9377,1182
94,254
13471,9376
2764,5562
8624,4328
15212,19139
1227,2210
7462,10487
1079,4032
3725,4782
3683,13416
7271,1093
2104,39
13150,4073
1909,2015
395,367
267,1121
2168,963
1117,1291
4329,4896
960,2805
1096,4386
4005,4018
2439,6152
3905,404
393,2923
916,9114
842,1995
8793,5453
1200,13
3813,815
6682,13880
542,13
659,598
60,1959
3178,75
280,13
3391,3566
903,958
6732,411
11830,3580
3876,14346
427,440
6134,2936
2400,158
65,3242
165,5166
9284,7383
1985,8052
10674,7275
13679,14751
61,90
11657,10418
16268,6299
415,2308
2209,563
1257,116
1331,65
725,255
10490,17896
250,3934
303,3006
4181,4220
7295,7290
22,512
10326,10325
875,6615
7599,1285
7764,7768
233,732
1251,2930
2168,158
3386,7894
3974,14480
5122,2973
8929,17341
8929,14897
165,39
2169,11902
8191,6300
39,866
660,18
431,158
4042,4034
169,158
3918,5688
5270,15676
3228,1077
5884,6679
787,2422
1291,4207
11981,2190
3746,2171
11258,1795
3047,3136
41,1851
4005,1119
5636,1100
2608,56
12993,4573
3237,3233
11807,12590
7337,7300
13443,3089
158,157
39,2155
14710,9963
13865,3721
11325,13755
4183,6494
9,34
2349,5430
594,687
1626,4281
8384,11367
258,738
172,3438
5,292
387,394
3900,3927
87,856
402,3900
15340,4882
252,169
1176,2540
3390,7797
1131,1077
1430,10758
18694,13266
611,1041
1834,1951
4716,1480
17496,9380
1822,436
7147,2076
13,1092
395,6112
851,2191
2676,12591
94,522
1129,8551
5270,14871
243,56
1278,10337
55,5
1116,9255
2837,2336
94,3905
2244,4451
4783,7024
3928,94
12057,18376
3129,13475
6577,9251
16337,19378
19415,16567
4959,8943
14717,18997
7243,16659
12794,5810
22,1935
3919,3953
6408,6409
393,158
11726,7632
14692,15934
3930,1079
39,2289
6112,2102
1272,2197
640,7582
4852,3754
9802,10435
13892,5678
60,2577
8874,7164
1526,801
118,303
19156,19847
643,1622
5077,839
125,4665
18301,14637
13,1226
3339,237
598,1879
17753,10079
1912,5159
10387,13690
3218,2162
573,4266
3723,6993
15645,5248
2627,940
7842,722
216,996
2599,612
888,8973
219,2233
7594,16835
3243,125
9523,4203
6852,922
9873,4959
427,2347
3467,13604
3629,1100
6760,7749
9821,8741
3991,14513
5874,3226
9814,1154
16453,16654
2718,5380
9834,5004
1799,909
2304,12156
17409,9114
16292,6348
1791,1957
3104,3349
411,6725
7018,4782
2068,2265
502,427
8973,888
4269,1810
17114,8415
72,1782
77,2126
1107,5647
4865,151
8302,6318
7731,867
16247,9207
9306,10338
6908,830
6,381
1792,1027
4794,850
10126,1217
13703,3257
12218,2347
3141,10155
1445,165
9046,12104
2809,3000
1104,4036
233,545
10326,1278
682,371
1210,2742
1862,453
420,371
2426,2481
9041,17395
3620,2461
11451,11452
9944,3805
3409,5624
135,1141
5959,250
933,1121
2110,1686
4009,7871
9809,9804
6810,3274
13293,2985
8064,4059
216,5452
6522,363
9610,5622
4445,5957
1081,238
374,376
5377,8381
1430,9282
3438,5049
4021,3909
10341,4380
1041,839
784,8353
1285,3451
5065,158
5825,10234
3919,3632
156,2368
4208,1291
1248,6767
2210,3206
2480,3067
9804,9810
12046,4283
246,4513
2844,4283
12028,2199
13946,8626
376,1361
1866,171
10143,6243
921,895
1105,2702
2884,2369
3345,2764
3336,958
9780,9574
1372,13
8631,2197
1311,8405
6810,11918
3930,2636
900,957
783,4344
972,79
3,217
106,1850
2699,522
8624,4409
4135,3233
7707,765
6753,8351
3326,620
9630,1120
683,3359
631,3169
12174,12173
1699,11146
3141,840
216,4647
3700,80
365,4181
606,3112
2745,116
5270,9207
3632,1077
1442,1132
8424,4728
2147,167
4019,3997
7510,601
1140,13
14283,16101
1107,4037
3837,14314
3930,3925
996,8370
2729,522
1094,9467
915,834
203,628
7596,5256
9251,6577
8537,818
2729,3905
845,3478
274,279
3725,2180
733,39
17,623
15111,19114
4058,1077
9780,8769
2337,2334
2727,12877
866,1322
3474,1780
1110,3934
1316,6254
1361,1301
7162,9286
2529,60
5680,5641
329,336
5363,5210
6422,16077
268,60
2186,6487
8352,15159
5140,5138
9,331
403,3668
6089,11703
2985,13293
8935,2153
81,1173
4447,3639
15978,9408
1116,2786
2002,4865
10042,1198
3073,5943
10630,1368
2641,4034
3214,1452
5136,2171
356,6481
3389,8623
5435,5436
356,65
2018,2365
5466,585
8661,11191
2859,2981
75,577
517,922
988,6923
4457,3768
752,8144
1294,10413
2265,2242
5646,5656
19229,15600
965,9191
110,9
825,8622
4569,9644
12177,12174
875,1569
4490,683
255,2615
2729,4039
7978,2651
2577,235
106,4212
737,7462
7736,16889
15432,8686
5506,15825
1592,1560
3457,2499
3999,4014
69,358
8460,4088
4257,108
934,5532
4014,1104
108,4258
7002,5001
724,60
1866,6266
4001,4060
5787,8116
7240,16658
10618,4525
353,1056
876,3083
5270,1181
10872,5573
4017,4004
1090,9428
14519,15522
158,588
15941,19301
10981,1544
1934,4865
1225,1924
2102,2197
426,753
495,358
4070,4015
10667,1384
154,65
4541,7572
3632,10205
2770,12684
458,476
4327,9306
18499,12475
11966,8705
9791,9792
10304,3961
2365,2018
3748,11319
1948,11529
1233,1226
959,2155
2093,2084
4047,4004
5957,3400
9438,1568
11939,7821
246,4
2679,1427
9803,9802
4235,4240
7897,16941
2132,2197
8312,4351
2687,12807
19151,15262
1039,579
1075,236
717,528
3676,10103
268,2422
4535,1499
13651,5108
3947,3958
10098,1210
19581,19919
273,6149
3167,4749
80,92
7383,1794
406,6678
375,949
1552,1514
7239,16567
8420,1790
4858,2502
16,1770
563,4383
6022,6023
2359,267
60,3008
1758,801
1051,939
6615,875
13480,3132
2804,2603
4163,930
2241,3429
4297,930
2127,6525
2210,1864
6447,2230
595,7489
6291,5100
250,4044
1191,9994
2729,5812
2194,2270
13801,4651
84,3752
3386,8593
4671,3965
9294,6087
6142,2533
1794,2336
16607,16613
2270,2265
4161,2173
1783,457
3438,1024
8049,8047
9123,3761
2546,7798
588,252
426,2176
1716,1864
2633,4010
17562,9602
857,8778
11707,4764
3928,4042
17,436
158,2361
3470,720
447,20
10070,4214
371,3408
11935,4399
6945,763
369,329
4114,6649
733,3235
965,6776
2199,1459
5,52
2823,4292
2372,1387
18978,19201
618,252
3476,3359
7018,2180
14062,6654
6624,563
2148,3564
2380,689
303,6283
3382,12742
2706,859
16415,9222
2570,1752
35,52
1542,4693
16089,6019
10160,1232
16567,19415
1096,2886
79,3542
3701,7799
4294,14729
8773,857
268,4195
13,1202
2178,181
3912,4047
13199,18680
15687,15838
522,1079
403,1387
1394,5734
2638,1105
4991,9150
11149,11545
12136,18402
94,4015
4779,7015
2267,2101
8125,10620
9101,9209
15331,13924
18664,13160
2912,2805
200,1967
1466,4267
10511,10507
3938,5618
14239,8744
1853,17
4865,5254
4287,1076
173,5247
10042,8716
3378,1265
5048,7590
5593,13540
1653,5032
3840,3016
5095,15515
2537,4032
7299,7252
2786,572
10566,10564
3047,13179
7096,2197
7920,3398
585,4410
13025,2820
17617,9793
6,7
553,2620
14500,3981
1105,3133
2727,4314
4399,11466
13859,3396
17,1859
60,243
2136,1594
2125,11793
4844,3222
9132,924
10432,1300
783,4775
2942,3155
4050,4115
2639,3154
282,63
13,1336
6112,6534
3385,4664
3899,4885
4009,1081
432,7
2952,4782
14812,5357
127,125
5359,5738
2926,1117
2186,1307
85,2343
1107,1085
3927,3900
2977,116
1554,84
69,3338
13205,6147
158,5073
16720,7309
6675,16446
10855,1783
8289,770
2007,29
15849,5538
3925,4012
1308,1748
4224,107
108,233
583,526
1264,10309
11899,2169
2743,12902
4056,3906
721,7815
15015,19083
562,588
3081,65
723,7861
1993,2201
9,412
437,5023
441,69
7457,2495
7710,689
3133,3638
16077,16076
18541,12648
83,3744
1879,2072
3046,1949
272,233
4045,3905
896,60
2658,3530
9571,1105
1109,1107
7840,920
8900,900
723,5767
1468,10839
7256,7285
10522,1327
563,2102
2729,5625
8620,9928
15229,15228
2956,2406
3245,65
15562,10153
60,727
9113,17408
1085,3904
5348,9655
2628,2540
9624,1116
6712,16462
3615,2227
8582,4159
1290,6753
10311,1265
225,13
9277,1008
2654,6390
1176,235
374,3519
6280,13018
2067,968
6750,13721
1077,6645
12471,2529
96,542
1426,8519
863,5373
2083,158
2281,2617
12322,2406
1238,2806
522,2636
2702,2647
6119,268
8672,4991
9800,9801
12004,13616
7298,7295
925,774
15639,5246
1126,2750
85,3766
5293,8793
5455,453
255,13
427,497
3154,13509
2431,1780
2183,2432
18158,11324
1090,60
3547,2823
3585,3115
4018,3906
4025,2633
3920,1119
1110,3910
6671,1131
6270,787
8859,11583
2104,4768
6631,766
17269,19527
3095,2699
10844,3956
3955,1113
1809,11266
4715,801
9397,1086
17884,11694
3236,13669
2459,1734
4651,816
13375,18719
1290,9920
170,3473
2362,1801
4829,5252
5225,5252
8595,16613
16735,10144
517,548
159,840
730,8011
2406,2073
4610,5888
19086,19082
585,5378
191,3761
0,29
2314,40
822,4567
607,441
3226,1088
724,1780
11469,1914
2553,56
12463,3526
17315,8918
94,1384
5329,6514
14458,9419
2048,1052
661,677
2321,8566
72,282
4509,6186
11685,12277
4693,1577
1854,3438
18512,12552
596,5917
3930,4035
2361,236
3453,4635
8711,5053
9686,3417
4794,3322
1024,5051
8545,819
6586,11330
2583,56
2154,3326
609,2365
1364,8125
2723,12868
3976,3629
6004,16078
39,2212
4581,3214
12983,18622
575,502
3271,807
733,1088
337,1088
60,56
636,7571
11649,11657
732,8033
8037,16978
2320,3214
2590,11211
10124,17764
11711,3675
19656,18430
4009,3927
2560,2674
13,1149
16613,8595
1817,8228
7853,3278
10809,2756
2526,57
16858,7645
14045,4503
14117,3625
13688,7649
2131,11801
5007,15457
56,1226
1485,10872
379,159
10327,10337
90,56
11330,13755
814,87
12720,4225
1290,10404
4253,8609
3996,2537
911,959
3658,12341
4037,94
7099,7138
2051,4086
10491,1319
10563,3639
12724,2654
3918,402
5275,8482
11043,14075
1100,4241
7153,958
9347,4085
568,7386
1198,5338
721,1212
2101,416
3632,5643
17,867
3995,4005
7585,16830
144,642
3905,1079
1804,2115
553,2567
453,1397
5950,6527
2853,1182
8289,8288
12754,2654
8,0
6582,4525
233,2562
2430,12376
99,118
8834,7822
661,5483
792,1802
5454,3852
2546,3102
2028,5391
254,406
323,11
13,1283
9725,17600
598,1936
4,231
2093,1844
403,3912
1144,9774
17727,12887
12921,11812
3338,69
895,7757
12868,13871
11301,1817
18245,11537
38,0
198,2167
3632,7871
9114,1581
9807,10435
5879,244
14459,11043
5261,1363
20,360
9144,3675
17134,10279
2159,11859
927,9143
891,818
9017,9003
9583,1278
794,3137
6105,7353
239,4046
4513,1096
579,6366
825,3389
80,3235
1081,1100
2535,253
2361,854
1338,10555
8874,7355
3235,13661
5315,15720
10317,1623
6877,3264
783,884
843,935
4012,3904
1137,3102
2016,38
268,438
9,709
40,22
721,2635
3739,3745
688,243
3212,64
7054,5785
567,2168
3513,958
438,68
169,3061
919,4313
4403,10326
1079,4036
2636,4068
1287,13
4895,4372
5734,13021
242,5791
440,1834
2093,8744
11470,5335
3624,3391
4042,3904
9780,4959
13940,11521
8262,8265
4253,14704
10910,7398
4019,3920
4005,4022
14008,11655
512,4339
1924,1738
2638,1081
2747,9884
4475,938
569,1840
512,1306
846,428
3110,1076
9084,910
14512,3991
1317,13
14573,5398
4654,122
6973,477
9674,1126
16931,19479
4015,4336
12468,2528
2251,39
10723,8861
17557,10307
4770,1236
16670,16671
9286,1017
4012,4038
17038,8207
17532,9496
3490,4865
753,2307
16499,10373
2681,3006
1533,7343
16586,19417
13209,2913
2378,753
7295,7294
10387,7599
19433,19891
1347,13
5070,158
2527,95
1085,13
823,13
2884,13164
2371,9381
814,2933
361,3365
158,1316
1292,491
2635,8673
3136,553
3186,2360
6815,426
9311,2363
15467,10347
3065,1841
16162,7196
1387,3734
4042,4038
16275,6319
3591,1133
7350,7351
14509,18945
678,39
282,39
10844,18024
5158,163
4285,2453
4003,1077
4073,13150
8856,6105
905,9063
4035,3998
1115,13
1249,13
1130,2765
13179,3047
2301,1041
4412,9583
11840,2154
1511,3396
2605,2206
12773,18574
3981,14500
8415,3137
3377,4937
569,5357
39,2159
8087,8933
9,38
611,106
13878,3398
3544,4296
6791,2260
268,3150
5385,2397
402,3904
579,568
5455,884
238,275
8620,8615
730,737
243,3093
1227,1543
2426,1867
8924,9780
2367,4670
552,3848
3860,14331
11696,4253
13,1096
14916,19053
10830,5270
231,235
243,60
1278,10341
9193,4720
268,1056
1653,604
94,3909
6628,6561
2180,5194
563,2667
6013,16087
4210,5446
1082,3232
5734,10256
4129,2074
3129,13479
39,415
10440,1301
4008,3999
2749,1180
851,101
3146,62
219,5486
13813,9927
778,7170
821,8560
1771,1764
331,65
3398,13869
363,512
802,1902
12039,8914
595,1801
22,1939
11563,1980
407,60
15012,17606
169,646
3180,585
7286,16710
17866,10391
6561,6628
1766,1770
8564,2805
3997,3998
1301,687
943,979
1041,1514
2015,30
3902,4138
4038,3999
734,7221
3143,4086
3306,3326
6854,464
2593,1175
8102,5376
2261,436
857,646
3902,1105
9075,5357
17920,19645
1105,3377
11423,13088
2557,2649
2562,549
13676,15075
1104,3906
2711,83
4068,3245
787,1755
18749,13461
2679,545
5846,243
254,4675
7840,1030
1233,1283
5270,8943
17606,19081
246,61
6390,6722
17,9
7548,629
3055,10631
11660,2047
3946,6638
3875,14342
3335,68
5518,1316
411,6729
5530,387
1882,2079
16844,7619
3132,13480
4676,2727
4563,15093
235,87
2368,252
2817,5740
15023,4508
3386,12838
57,1478
7975,2544
4298,1054
7138,9217
8425,5224
5071,15499
11974,5216
6439,356
107,4224
2373,3255
3233,4113
5292,5295
6340,3760
3697,2527
947,5369
2822,10406
6,385
4742,15216
7912,2380
1153,1273
463,72
2166,2373
2777,83
404,3629
4091,1111
911,9095
2663,735
13349,4426
3998,2640
14494,5453
6151,3457
13281,2979
2940,2706
3086,4975
7871,2729
1405,181
6623,5896
8031,732
1925,1910
1384,243
732,88
4842,4843
17613,17353
1208,17
1726,1700
4021,3913
16751,13416
784,8357
5125,5131
3700,300
1694,2162
12246,2655
2590,233
2651,12752
11641,12869
5246,173
237,2711
10151,1227
4621,121
780,7834
2277,5371
355,488
5238,5193
489,488
11745,2080
272,2705
18599,12846
13575,3210
115,2721
4961,12994
6494,6024
19136,19844
90,1910
10067,10574
432,5057
1316,3091
4556,6300
9311,7787
19068,14987
522,3230
106,1854
116,2542
4328,2878
3913,2636
4622,881
3175,455
5250,2924
3422,13918
16784,7456
17,1782
1612,2860
2429,2328
14722,19000
14989,16146
63,437
2723,1085
12174,12177
68,2501
787,1434
1554,2101
2638,6639
11719,6120
2641,3904
6072,265
1805,1188
3632,1081
5132,7749
2006,3164
6770,2293
13,1259
13016,2815
522,1136
4001,2641
1583,10386
7292,7293
17608,19587
542,2542
15184,4694
94,4072
187,99
2878,60
2976,403
8210,2679
2944,10479
1188,438
9123,919
2729,3909
2168,1398
3438,2154
1796,5956
1813,5371
6598,3879
3771,85
9244,8793
204,453
1131,2533
4058,1081
7125,16605
2645,239
814,1136
3713,80
869,843
3639,1097
14227,4253
858,2374
10372,16232
1291,7891
2742,1111
816,2148
497,2368
1094,4344
237,751
56,2625
12068,18301
3336,1446
2434,9976
1142,39
1116,9206
2723,1219
1496,567
401,6228
4006,3900
1089,4350
2641,4038
5435,5440
10896,1491
1081,2954
14200,8068
262,407
4368,10116
10612,17947
552,1112
11094,3169
825,8626
3592,1789
15470,14459
4185,2303
9928,8620
5031,1011
3780,2217
2155,11850
1175,1276
14901,15470
6836,10944
1924,2303
2163,599
2237,548
4813,559
3639,3675
1700,3349
5928,246
12870,2723
7567,842
5170,3048
39,1651
4302,13818
677,218
402,13
10990,2415
140,13
2743,127
3252,6420
2202,12046
11617,8929
3138,13488
8403,8661
4031,3906
3167,11974
4017,4008
3389,4439
512,5254
10756,1430
1924,6625
4754,14100
1533,10941
3441,6292
60,2878
15555,11133
1526,1102
4786,6441
3213,426
6950,469
2707,2540
4100,12529
1223,512
13819,3407
4047,4008
2528,1262
5618,3938
303,542
683,9
848,8744
18334,11853
2778,5574
2067,6502
15425,15574
4006,4384
745,1826
4647,216
8078,741
356,553
39,846
20,604
3516,7940
870,774
1267,6826
1969,6344
644,7601
12697,5373
783,2283
16651,19414
4019,4030
15958,8116
273,6153
159,5085
4063,1104
7155,2163
157,2006
80,96
866,1005
1217,5958
5320,5570
1686,11132
406,6682
1116,4563
2373,9029
3512,5138
16,1774
3629,5723
3973,9697
107,1138
3918,1130
8716,6259
60,3012
232,86
5089,160
13,722
101,1323
2193,733
2542,2607
6440,16339
17034,8198
812,8474
2178,11944
3675,1345
387,374
3632,3927
595,7493
6834,428
939,887
9781,5270
268,682
868,4619
3638,5627
2224,985
7802,819
10599,10598
4283,2167
5270,11468
977,590
595,4460
1787,6057
16721,16719
19928,19980
273,1965
1086,9393
6110,12613
7752,2395
1847,2166
9013,10013
13760,3311
15046,19095
1999,11605
9000,891
5423,6987
2546,7802
3508,77
16655,7239
2747,9778
4774,6541
2088,508
426,2180
548,857
1589,595
10881,15572
2633,4014
2330,41
563,199
857,8782
10024,5563
19765,18646
6259,10642
72,339
2224,2274
9806,9807
5738,15077
959,3582
403,5579
9522,3632
1574,11025
11772,2130
6595,388
15791,9241
6359,2363
8081,742
11004,10660
940,9167
2804,1802
1306,10456
8679,3320
13398,18736
124,3131
1093,549
3047,6633
12387,2433
15354,5453
39,2269
13934,3440
19852,19180
3490,1726
4032,3995
3407,3943
1925,1052
2370,12248
13886,3399
1145,1089
4501,12552
8137,5373
8147,10787
239,5713
14495,18941
1765,16
9311,12056
13,1206
4846,4858
10696,2936
14319,11545
12917,2756
10539,5204
2011,6838
8924,10829
10213,1247
94,4019
2659,1397
2805,2912
5343,187
16374,6542
1491,5267
2377,12264
5646,5823
6921,6923
10570,7119
7552,7729
16658,7240
3227,4483
4012,94
12967,5852
2537,4036
4118,1244
7299,7256
64,3214
1607,3348
9886,14973
4344,14796
4866,383
6176,6173
1756,438
2186,6438
8421,10743
10868,1484
6,11
1924,22
15487,6870
4353,737
11500,1926
13036,18639
1947,11525
13,401
3483,6516
1203,10061
6716,2330
2201,1993
1793,11058
4042,94
5688,1107
3723,3724
5067,265
13,1340
402,1115
238,3902
3426,11085
3934,3944
14286,18901
11473,8589
482,4262
2528,1075
5828,1117
4294,14278
10280,9019
2365,5218
2427,10822
6217,12189
3927,3904
374,6
468,6057
807,3271
106,191
54,1
5510,2124
10308,17833
15369,4905
816,1290
427,17
10829,6201
514,925
108,237
428,3625
1921,1952
212,1526
3230,2636
1182,4996
91,3451
693,6525
3102,3390
445,7
5195,958
9577,4149
12452,2507
6806,16502
1005,2101
1947,1271
3996,4017
732,4386
457,17
1085,9385
6025,4798
8038,1663
753,2230
765,1301
1656,3724
2286,1676
12492,3976
7256,7289
155,2281
7361,3141
16949,16948
253,1126
3214,948
5060,5055
2166,39
60,731
8275,17067
5252,5225
5049,3176
149,22
2169,2030
7249,16671
3754,12189
17264,8823
87,2527
9505,9507
1276,2163
1262,13
3913,1107
5747,10307
11544,2897
4747,11132
303,839
9601,1109
2723,5972
178,5274
18144,11272
816,835
2196,39
90,731
12410,17506
1115,3908
14210,3710
9800,9805
3518,2648
11520,11521
4457,14941
9271,9461
8168,9599
80,3426
85,3770
627,1875
1081,1291
3675,6769
79,1481
2667,563
2266,219
3386,250
10704,3041
428,4109
163,428
2823,1076
6742,12679
1030,13
3530,2658
8135,17006
1164,13
9648,3934
3629,2637
4787,7124
353,1491
2226,39
5605,3784
376,4858
852,8759
2263,106
14871,5270
8809,6747
187,5336
11529,8200
3167,2956
56,157
6451,6437
1716,876
3956,5102
272,721
1929,1923
0,33
1483,116
1194,13
3102,1780
5371,6744
12064,5511
99,4176
1219,4207
4861,226
5535,6586
4024,4455
3957,3233
3900,2699
17798,19629
823,4392
2425,225
3851,14326
4266,3988
2201,517
8211,762
11160,5485
432,40
10275,6260
16677,7295
5244,2623
4225,3398
2836,8612
3430,683
775,4351
8846,8857
5298,5303
5747,4375
2729,4019
1024,5055
11349,5357
12103,5065
8336,2147
1529,60
39,2216
369,630
2442,3962
3600,4285
3870,8310
36,1918
1180,2535
8681,13112
3337,11230
13,214
1126,9654
8620,8672
3825,3814
1910,11456
15114,4600
10872,11969
17598,9718
124,984
559,7328
13,1153
39,122
2642,236
374,5296
4273,7387
3614,2089
2807,303
10434,2883
2104,5256
60,410
19493,17100
2931,1278
1485,10876
10248,3632
90,60
1077,9361
6051,6048
18472,12352
19846,19847
3072,170
7023,10530
8988,10387
2532,12499
6331,2840
3509,7526
2151,4671
1081,4003
2466,7715
866,631
3751,14229
6826,567
7249,7840
5588,8394
81,2576
1774,25
146,3725
337,287
631,4706
4036,4010
8272,768
15485,5051
120,60
780,8212
212,4722
8198,17034
5091,8527
12884,2731
4038,4056
10526,10527
237,56
4022,1079
8,4
13,348
1097,4886
2817,13018
899,929
14142,3635
5067,15488
16192,13399
1089,272
3823,869
5609,761
9784,10829
1554,1540
4,235
3214,13593
4066,4010
243,251
60,544
2231,5165
18920,19816
5672,3934
6341,1060
3185,3214
1079,3906
3227,12485
12983,3245
204,5369
2310,2233
3227,3625
4206,6649
6950,14350
5570,5320
8619,825
1753,11175
2526,545
191,4383
927,9147
2290,268
6524,363
39,1545
1291,3947
4281,2255
2954,13265
13857,18711
884,3034
2849,2891
4058,3903
159,1812
87,246
6274,7543
1384,1105
2153,155
5563,2055
353,365
5950,249
10920,5862
9461,10337
2556,545
10953,18053
7165,517
14160,18870
5736,15946
5688,3632
16397,6583
17709,19616
2641,94
426,62
16169,6167
1840,2260
15902,5823
1516,5354
542,1176
3575,120
9471,3269
3628,3918
438,72
2153,7860
687,776
3809,14287
6803,7641
5812,4048
12899,2742
4014,2641
891,17
2217,8784
1105,3918
580,1818
16676,7287
10791,8434
2622,1141
4005,4026
393,5375
4115,3632
6581,9110
8582,4460
535,1294
3565,721
2773,11109
5750,1076
8088,8089
16304,6368
1245,3147
954,2409
8082,1104
2643,2368
2328,1044
4000,4032
4014,3930
655,2527
1142,9061
3322,2656
5159,11373
1102,1526
840,8696
751,545
3452,1194
3276,968
13690,10387
1247,1126
11097,2101
5622,3900
5615,2729
15671,5270
1142,9411
3305,2837
5270,4946
7295,7298
10827,1459
252,3426
1484,10868
4829,5203
8519,2956
630,376
17,1839
2266,1455
12498,2532
590,977
901,839
5624,4131
1174,2691
3913,3632
513,7146
6569,374
339,577
149,453
9188,17428
2638,1219
5538,15849
2367,12245
533,7209
15832,13832
6696,1088
3929,4515
7361,16754
2172,5361
6439,2186
6368,16306
5112,8278
13118,9191
5654,4131
6571,5523
5086,641
13493,4904
2987,60
5521,569
11316,2912
10202,12495
1653,1763
4022,3925
18877,17704
567,562
919,9123
1086,5099
8225,765
11751,18301
781,5217
4862,374
15677,5973
238,2723
2544,2873
12184,2318
816,2205
6229,282
8641,828
2188,9627
8924,9784
696,7738
3428,13924
5768,8932
8039,10559
1052,203
8096,4677
85,1168
3017,60
4,48
6416,16323
7081,498
1387,2933
3230,1107
16093,6036
3415,8966
1278,10345
14752,4316
10109,17757
438,6167
2637,3222
8984,8522
816,111
855,39
232,814
3934,4054
1988,1995
7449,5216
730,4474
10646,1373
18983,14666
3398,13873
437,6881
2378,2180
12499,5870
1455,219
723,6686
1317,2729
85,13
547,44
1965,3704
376,6578
127,1178
3206,7637
19076,15015
14575,14576
1993,1965
11349,8821
6562,818
11088,18091
8623,3389
5016,15470
4581,2710
11783,2108
17140,19501
5618,2706
7541,617
115,13
1085,2729
12206,18426
6671,4144
1186,1091
2669,1174
3118,246
8699,6767
688,60
3065,13417
4010,4025
3112,431
3380,3629
1382,1380
78,3514
4109,1560
7417,4873
5503,12151
522,3905
4565,13854
815,774
5016,10343
1496,169
8134,5453
2101,8422
3302,3157
914,753
1115,2729
4368,10307
545,2576
2824,9948
4008,1104
2886,246
262,9
6244,7840
6596,16401
60,1780
4409,11247
15567,5134
235,2535
856,933
4853,149
10487,7462
2384,12278
15655,11370
4270,11842
903,190
3465,303
1111,3145
13681,13679
3855,5184
1116,1237
14206,3701
16694,7275
19460,19461
19482,16968
11048,2022
1089,9213
10661,1384
253,81
5647,1326
5457,10062
11708,2068
404,250
3365,72
87,543
2578,7798
3129,5457
3478,5611
11515,2427
1530,7643
16673,7337
1812,159
16519,6870
5357,3415
25,604
1317,1119
14570,4513
17939,10576
5461,5458
6509,3169
12057,17124
800,600
3150,268
6510,361
904,9059
3755,6269
3092,5925
18522,13785
881,939
8620,3760
3694,2583
2703,2208
165,3243
757,903
488,2176
4664,2855
4149,9579
1291,56
4097,2973
432,6216
10174,1242
1242,5267
5521,3415
3979,12551
5454,2193
39,1037
12016,2197
111,913
116,1257
1081,3629
11793,2125
16215,6243
258,6036
2763,9779
6015,1671
17,497
1345,3675
237,2715
127,857
4368,4375
11828,12699
842,8716
11320,2844
998,9229
5071,2805
2528,2742
16982,8041
9864,1174
12708,3629
722,7833
10559,3685
5669,1219
11928,10836
1111,246
2286,176
106,919
925,1022
5075,7650
6040,6050
19697,18195
917,2824
1141,88
81,108
4642,1352
2489,2198
9917,1185
1704,10559
2723,4122
469,1910
17380,9026
8097,8098
3226,5874
17,1786
6273,552
2849,3672
127,2146
4774,15242
10675,17981
13865,11247
5663,4006
1752,10980
267,6098
13605,3214
3639,8672
114,406
2641,3908
1605,2824
13,1263
7292,7297
11165,1751
1781,17
3345,1028
5616,403
4680,12732
4078,3996
14534,4027
2729,3913
14867,8374
2369,1126
18220,11460
3413,4545
1780,731
1496,1726
5752,7996
3359,5248
3214,9031
10062,5457
6571,2437
900,160
13,108
1811,17
18622,19761
11082,18089
1600,8650
3904,4001
3979,13974
1756,6911
8862,8853
780,8322
2210,7081
56,2629
3034,8282
14107,9975
339,2163
1491,6613
3451,2154
5168,10577
13518,3164
909,5699
233,232
15325,13924
18833,13915
5296,374
2641,4042
376,2203
3697,116
2002,1840
8638,827
15742,5352
1814,2543
1024,172
339,69
447,1854
552,1116
1121,1044
4822,1430
52,12
2820,13025
5373,4162
15452,4997
3943,3905
1866,5335
3516,1394
1726,4766
8620,1345
10574,7429
5485,2124
4669,784
16195,6209
5799,3223
369,69
5188,3069
6031,4512
9802,9801
14068,3580
4369,522
4017,4012
10347,2727
1116,1989
8631,4328
257,13
3920,4079
453,1645
3386,4145
65,3226
2627,3339
3382,9099
12897,4900
13,592
1453,39
233,2810
1706,2205
7361,8675
8414,6730
11270,11454
14675,6594
12278,2384
10368,10370
4012,4018
11305,17864
4270,112
250,3918
2067,3123
9548,1182
549,13
2176,11926
16288,8628
1780,60
1384,60
2067,90
1086,403
1197,10033
3377,3628
4201,4829
8024,10308
11006,11007
39,850
3831,600
4858,4604
4042,4018
8716,17217
9241,7239
93,1086
375,18
4019,4034
2637,4003
2768,1076
8850,6105
2083,219
3905,522
80,2544
1912,337
3791,1174
4114,107
6198,1376
7355,16750
3482,3048
2171,39
2251,3186
16,1778
5468,9609
6094,6099
7656,16863
60,3016
772,3976
5452,216
2723,3935
8325,8327
123,1086
9,18
733,7431
1285,10388
3192,441
2178,11948
11437,1902
8948,17351
2706,733
13818,6518
224,2831
1041,2299
532,732
2636,3377
2617,3135
84,3760
361,6512
772,8298
4012,1119
5093,1222
13,1076
2615,56
12848,12847
17301,8896
1086,9397
2461,12421
1081,2637
11277,1805
401,434
542,2359
19428,16628
165,157
2260,996
18923,14426
219,2083
1210,14
1213,10111
14938,4455
13873,4131
149,563
402,2729
787,2540
4930,3271
11181,2447
4042,1119
2672,159
929,903
3570,1309
3701,2546
22,1919
6560,371
1854,6882
3919,3937
1854,466
2537,3906
2955,4419
3626,2372
12135,18401
2204,5194
7,106
1921,11487
4022,4035
7224,536
39,2273
567,4644
3313,1094
2795,3383
6988,3477
1205,959
957,857
2385,1041
13,271
13423,10287
16510,6838
441,3192
1415,954
7,456
7601,644
13836,13839
14987,9019
13,1210
2002,1653
6867,12168
9460,11594
2405,8459
982,5209
17919,10540
2780,1920
5335,300
2542,62
1086,82
4085,5114
666,7632
996,5292
1454,508
4113,5627
6061,6069
1164,4876
19730,19729
3146,176
7287,7250
3364,7983
1814,262
2633,1119
9960,3407
17886,14914
13924,4395
3329,68
11905,11657
14488,3979
11862,2161
1925,2695
3391,919
4234,2362
10643,1370
925,514
3222,1110
16671,13306
3027,3086
2795,3517
15149,19122
7880,5670
65,3039
13,405
440,472
10331,10116
467,575
11035,1601
522,282
3376,8343
76,2639
2373,3235
1017,4425
3997,1079
12390,2438
1837,11334
10347,9306
13185,2901
1075,8567
4908,1902
6,365
116,2977
238,3906
3230,10211
4,292
4784,146
1196,10025
5824,12491
721,2562
4465,7748
3391,8624
330,462
10620,8125
6673,1856
13889,3404
3486,2445
6978,14735
1779,2654
774,3327
9008,14987
1911,2773
2541,725
12075,17679
2101,8532
54,5
16180,15674
84,1345
3694,115
9096,7637
227,1653
13924,4529
4302,9797
5128,1245
2924,4812
696,411
2941,11397
866,822
5607,8827
4313,5233
1056,165
428,596
2380,12269
87,303
562,596
5677,5624
13270,2958
1544,3137
250,5959
1033,181
4460,1496
1805,2912
3671,9149
2011,5232
3668,772
5966,250
171,1879
4703,2385
15250,4786
272,2685
1387,2372
1122,2855
15522,14519
896,68
5378,1019
9801,10435
756,8167
7158,9202
5663,3632
1057,925
11043,2727
2729,5633
3321,3293
3510,6198
5394,209
3508,5371
1223,3846
1849,1090
784,766
968,3327
3222,2533
3650,3734
4200,14000
10180,17786
2166,3426
3114,721
426,4441
1780,3390
6201,15177
4267,12189
9823,9820
1024,603
4354,14817
4131,250
2197,268
7570,636
1107,4021
1783,7044
2499,44
5061,157
6370,6503
10468,6525
4035,3925
9800,9809
3050,1086
14087,9730
1119,4031
9875,6196
9018,9019
85,3774
40,2311
10308,9461
3222,13621
268,6110
14975,4685
7346,1278
1076,6778
19193,15389
634,17
3707,80
3049,80
869,823
1110,3918
6096,6092
15810,5486
1278,9918
449,1957
13,84
1147,13
3931,727
5622,3957
16150,10280
3877,3874
19074,19080
482,6978
1096,2707
158,438
144,4704
187,5340
237,731
2362,4253
7730,867
13497,9268
8039,8038
19439,16734
2528,758
427,1794
313,726
2304,1804
5564,10553
60,280
1854,11367
2035,825
4936,404
11864,13563
5100,15522
1117,3934
1177,13
4021,3222
1311,13
2696,3725
4826,1929
361,393
6717,1083
125,2368
839,957
7902,5673
17435,9193
2752,624
7743,698
14434,9972
258,2897
3702,14207
12090,7086
3375,13812
239,403
22,1866
15414,5270
3633,5742
8999,11355
467,38
1024,5059
1922,2237
2073,2406
1168,85
4229,1077
39,2220
1207,13
1341,13
1785,5911
3925,4049
2962,60
3999,3998
4465,9655
3997,3925
869,957
468,613
8615,4949
11498,11496
5032,2340
1933,1056
5328,1170
6487,11709
15768,5394
13894,5655
4214,5091
776,8313
13694,9007
9817,6675
158,572
2439,635
6245,283
12277,5757
3908,2540
441,106
3658,8027
7256,556
618,1496
2961,2437
325,6347
5454,693
8198,12366
1217,10126
4606,15121
13946,3751
9269,4776
15587,5174
3080,816
57,116
131,65
2429,12375
6051,6052
3398,4131
10430,9534
6527,16369
13544,3182
3907,4008
3948,4009
5505,1597
964,39
303,522
1194,2945
12765,2663
10456,1306
2171,5142
115,1225
867,106
2532,12503
2637,3629
5053,1473
5371,816
39,1415
1126,1498
17700,9975
1131,5814
885,3129
2280,7529
262,3904
2163,3746
4164,7956
6690,5406
688,7688
6142,16154
16083,12196
1992,3864
428,6825
4036,4014
3635,3670
4930,10118
87,116
8806,2399
4112,4009
3639,1345
9392,4186
4208,4471
237,60
5371,5138
15374,19187
1158,8741
253,4
3940,3902
6422,16329
7124,16601
8797,1532
4149,14629
2647,3916
2866,82
723,5588
4,239
3214,13597
3918,1110
4066,4014
7273,7275
10341,3022
60,2992
8993,8991
15709,5298
60,548
16957,7958
8017,1542
15117,17437
14197,3696
16700,19444
267,60
7252,7337
115,4392
1453,1088
238,4203
12802,2679
1176,56
2727,4969
11796,11795
1285,8859
2617,7083
9117,2237
2639,426
12475,18499
2864,2988
6186,4509
12492,2638
3524,3034
434,358
19351,16192
2335,954
1311,631
3399,13885
376,353
1174,6749
2375,11872
14262,15960
13803,3368
5655,13891
1247,57
3964,1993
6923,988
18213,18214
11141,18108
1322,3614
916,2926
787,72
3329,3882
4012,3912
4645,1573
10829,10824
1185,9917
631,2161
917,303
3300,2363
3133,3943
760,2571
2035,3671
3878,125
4452,7567
3325,4113
4612,120
2640,4010
4568,15097
18611,18610
1175,6196
1020,9291
237,1483
1710,878
5596,2707
1931,5950
4042,3912
6927,7122
4740,1968
3467,3415
7164,2339
9072,908
10116,4327
2067,6750
5716,3940
3918,2533
1075,9348
8088,8093
7329,7287
7737,696
1854,226
1248,6832
4858,4848
2244,2101
2593,3009
337,6386
3909,3918
3516,14015
19882,19345
2628,751
4350,3102
3761,9123
5851,11870
253,272
7357,825
2682,233
472,6961
2164,3276
8018,3725
351,26
3995,4042
1758,3497
2161,2224
2699,9447
958,438
996,730
3852,5454
818,8537
4944,3437
5223,2852
6630,10295
6803,424
12772,18573
56,108
9,262
2146,2855
272,3116
2163,2270
1848,7362
3915,1080
537,4353
4942,4330
17,1843
1860,17
2636,238
9382,1083
1801,2820
5371,2723
156,689
5810,1107
1482,596
2433,818
7691,1236
12443,5458
5430,5023
994,1007
13,1320
2077,11736
8822,867
13510,3384
16199,8934
62,1212
2364,2152
6387,337
7068,5394
7650,16861
491,6987
338,329
3163,2734
18376,12057
17125,9099
895,5350
9790,3887
16679,7292
48,1
2262,5258
3074,7388
9075,909
2067,818
1086,1131
3925,3996
7034,10886
9465,1094
430,268
6271,13344
2904,5664
1801,5048
4578,3063
1921,1932
4768,15238
3452,11131
7492,595
7222,734
9866,17653
3976,12794
191,5355
1109,9601
562,572
237,812
2262,3164
4820,12395
4603,7442
2709,2163
3927,2729
4,52
5045,1933
231,243
303,2563
3840,9900
5373,15762
1278,10349
14967,4474
2233,1645
471,2147
951,2784
2150,10278
2336,80
3996,3997
16339,6446
1920,367
5896,1924
2883,6076
15765,5393
7322,9609
3934,4058
646,3841
2838,2169
4049,4008
10061,4888
1294,90
3398,13877
4207,2904
4785,7082
1116,9617
3222,65
548,3683
3034,768
2628,80
12784,6235
2651,2693
1775,5274
2178,783
3377,1107
10118,8024
4624,159
5622,3233
112,3503
3999,107
1805,5116
17004,8125
2897,3099
801,8451
1799,7553
1866,2359
10467,13281
5985,252
15596,5183
563,7347
131,4684
2853,548
5814,4342
5172,903
13742,6096
18762,13516
5263,267
6097,2156
6386,3979
3905,1384
17074,8305
13040,9207
14162,3649
60,2939
232,13
125,4088
655,116
1491,388
3397,9464
135,80
7282,1269
17739,17740
10941,3873
12932,4951
9738,6059
1345,8672
573,1245
2408,12333
3133,723
12298,9509
3222,5676
3683,2853
11873,2163
522,3909
5016,10347
17453,9240
1301,5367
9807,9801
3701,1180
108,2579
3375,3639
140,4746
5080,159
3068,2176
0,13
4040,4029
6452,411
9351,1075
1097,60
56,1076
730,4962
4025,3906
4032,2633
3927,1119
8419,8420
8932,5787
15298,8885
5886,5103
9874,8929
375,75
10915,1497
13995,3485
19655,19933
820,2411
4027,5672
3930,4019
355,362
5990,730
1953,11537
272,2579
2598,4105
8116,7860
1321,10506
1844,5363
9891,2867
16802,16611
426,13
7752,1167
3956,3927
17304,8901
427,615
17825,10293
643,7595
2321,40
2799,11184
39,2196
6849,5308
6189,6201
895,3874
2328,2150
1576,71
1892,11419
5144,3311
1785,6826
4770,4790
2048,3264
9376,1081
532,7205
7798,3390
14792,4337
4016,2638
877,3453
13,1133
12284,4460
438,373
159,958
732,2540
2850,919
9290,2246
18807,19785
14,45
2340,1571
5234,171
3016,3840
5354,6689
94,3946
39,1041
300,6266
1823,1052
56,1210
4641,2286
7418,4273
9450,3632
4572,237
3617,2525
8612,4253
12782,16229
6548,10806
16966,14517
2197,512
4843,15225
741,8079
722,7837
4328,14779
5787,7860
11386,2155
6201,13327
16635,7183
81,2556
11633,2032
1459,5097
17,851
1141,92
5652,1219
10787,15567
631,2242
2418,12350
3845,258
13193,6499
1967,585
4833,14133
231,56
1920,3213
17,1790
3472,2901
1056,4865
7467,1290
123,4660
3910,94
4782,2275
267,6102
1083,272
4044,94
10346,10347
11055,4620
8460,9093
14479,3974
2641,3912
3102,1089
17477,9313
1075,2074
58,2730
4492,1947
8033,1112
13,1267
3167,3204
5376,8117
515,6581
16835,7594
2578,2809
15702,10519
243,231
1134,2654
258,5235
2199,6196
79,574
1290,3167
14607,5822
3912,1079
94,4080
1100,4009
167,2084
1301,2013
17414,9149
2636,3918
4033,2537
3988,1074
8613,825
15,0
13972,8465
388,5466
428,169
5457,2979
6625,1738
4928,3389
8555,820
2407,7249
12553,9306
6429,16321
11049,1930
2186,11976
10081,17754
5102,3919
1446,2552
12751,7978
3904,4005
3064,13413
5289,1301
1130,4009
584,7448
2592,3215
1756,499
4228,14682
11475,13823
12981,2778
17112,8410
3429,7095
45,0
587,2269
5184,726
10751,10759
11665,2054
1107,5688
873,2074
9295,8335
243,5842
62,354
2157,8363
497,282
4550,15083
5337,187
7652,16830
3137,13487
4973,9524
5925,1111
914,570
2528,1136
3909,5638
4386,1096
8147,1533
19846,19156
4468,906
1909,11452
6799,1086
2542,253
5821,5834
1882,1900
1116,115
6300,4556
3686,4253
9180,7422
11776,8809
7817,3469
8041,733
1100,1110
4019,3904
5882,7426
5022,152
1121,1398
926,930
1726,1737
9802,9805
3219,64
13946,14144
5006,14144
1146,115
4224,522
1280,115
239,1131
60,2886
65,3230
3996,4078
16101,14283
9471,1094
368,6
4012,4022
13642,9195
2723,772
2036,10422
1210,8394
787,1121
90,1947
835,2101
866,2168
88,1120
3712,1286
2765,1183
7096,3685
545,2527
2384,1491
4643,1795
11668,2055
116,135
154,427
5868,1088
4410,7451
8672,3178
3883,14350
403,1131
1316,10483
678,3056
2844,3169
17033,8197
3377,3632
3480,2067
3600,5367
2258,39
3337,69
3178,8118
439,7
3638,3407
4042,4022
4594,563
752,2224
5270,9248
2901,670
3398,7892
60,1142
2653,568
3074,13430
5884,251
7801,7796
1341,6002
1116,1188
2224,2148
7330,9342
12596,13785
542,135
774,7840
1354,13
5455,15794
10058,7650
1092,13
3905,3909
5359,810
799,2420
1645,9796
5270,7154
3453,1533
857,146
2288,39
2248,640
460,2173
3958,3920
5613,1077
9,22
3900,3915
65,331
743,17
6386,4410
11265,1799
1122,13
1256,13
404,3934
144,4761
6209,6211
6249,914
340,6393
13,1080
3891,9464
393,1301
3912,3925
6582,5261
374,2779
5448,636
267,438
1278,10325
9831,3271
459,608
7697,1915
849,39
453,39
10435,9801
1256,4335
3398,4054
163,5161
7458,586
2363,12240
3984,3397
7358,3388
818,4109
1286,13
4670,2412
3768,3772
22,1923
10278,10002
15875,9886
7817,16919
4400,4214
8087,8112
6239,3178
4644,6826
577,455
2729,4080
303,1384
9262,1434
11747,2081
3921,3233
122,60
6832,1248
10132,5454
10631,2169
39,2277
1086,5213
1819,4798
7523,607
7018,8019
9083,910
867,4351
14645,4183
1316,13
2167,11897
773,3935
3755,2382
14071,4850
7,460
15977,5790
9268,7456
2530,56
80,938
15525,13802
12328,4813
4029,4055
851,5696
3167,118
1241,1909
5375,642
846,8735
4970,2808
2002,2007
11381,3397
10061,2554
11850,2155
8844,870
14864,12191
5953,5951
2820,3393
1983,11564
2107,7658
1921,4270
7236,5222
7463,2003
10856,1482
3223,3783
5370,648
2954,6776
2780,3213
2310,66
2535,2628
5270,13249
5635,11684
231,2581
7249,2424
9809,1148
1209,10076
6464,397
65,3043
6787,7466
830,631
5131,13090
2380,246
14394,3917
9306,10326
16171,6167
958,816
1622,4768
4015,1100
94,3222
2544,88
6,369
238,3910
725,56
11270,14654
13877,3398
1115,4937
303,2807
604,1981
2727,4676
633,467
4225,14681
14346,3876
9612,4367
3545,8506
4027,1110
12461,5476
11898,2330
11222,1781
3169,9158
10808,10809
10829,5270
6226,13414
3110,9517
5715,4042
2167,488
2778,2362
10080,1210
250,4085
7024,4534
7518,5069
1077,107
10820,10819
1398,8793
2011,914
1164,4425
2979,7721
8274,17066
7273,8621
38,415
9583,17558
2025,31
11451,18206
8886,5552
8282,6569
12415,2448
1119,3901
2540,7270
1533,508
86,82
2708,438
7252,2267
16099,6048
403,5616
603,2294
3336,13778
11247,13865
1512,570
4540,2368
9841,1170
13949,9262
2449,3368
2387,2490
155,2289
6411,5973
81,88
2765,1130
4035,2640
1963,442
253,1134
12755,6838
19529,19530
10918,1504
3178,13542
2540,12531
7272,825
3901,1105
7120,3437
6411,13328
8716,16229
9527,3639
10280,14988
11318,8039
2255,11581
19280,15793
19657,17995
4949,8615
15071,10278
17822,10290
5329,2420
919,1345
5328,15027
6645,1077
2147,155
60,1089
2636,1100
438,6899
2923,376
5734,1193
245,88
5935,917
4381,402
948,3214
850,427
4766,1933
5167,2277
1094,3039
9841,16230
8685,3710
1075,545
166,3178
7072,16578
3519,12680
3345,4391
12910,2753
4207,3632
3508,10047
9527,4928
2011,1398
968,1587
3892,14359
4823,5069
3157,6033
7388,2447
1805,17
3270,5910
13,88
4008,2641
3650,2933
4774,2174
212,5401
329,324
1459,5207
3883,7076
8809,6755
244,5878
187,5344
180,201
801,2763
2116,818
696,5221
737,5222
80,751
4495,6142
5140,5126
4369,7723
1201,10052
2123,11788
628,6218
5159,2924
7351,4450
11683,5642
14651,4191
3778,85
2169,1583
19809,18900
2924,173
9241,16184
2641,4022
4038,2641
12427,16124
1173,2527
361,397
13,1377
3411,12342
19532,19531
5273,178
818,84
823,428
6917,11698
219,5417
3180,5993
8524,11847
1105,1080
11518,3481
7072,497
160,2558
3467,573
14958,4469
610,7490
825,8610
8407,3311
10640,12782
2729,4027
17754,10081
4285,6840
9108,914
1100,1086
7151,7556
3925,4053
17808,10317
4038,3930
8625,3389
1175,2199
8973,16904
548,1512
16454,6684
1112,1096
1191,2143
881,3415
3028,6696
10674,16688
2193,3616
402,3380
2699,3222
8273,2156
13400,3057
235,1173
3502,11655
252,588
5527,421
6612,14983
12271,2913
9493,13902
120,4606
5505,10461
1293,3709
2115,1831
19647,17925
2729,3222
3713,2426
4964,2940
1163,1384
640,3329
2338,1122
96,233
2859,2514
8716,1571
1086,6799
1867,7364
6675,406
11674,11675
3809,5517
2178,840
428,6829
7308,10118
9567,1562
2886,1112
620,583
3011,60
588,7461
9875,15678
300,4550
262,1814
690,9
7589,12238
10853,1481
2071,2067
11419,1892
5171,7151
2406,825
3214,13601
7904,16945
4537,9265
922,517
60,2996
6946,468
9098,4093
541,7241
2112,3761
3401,595
5359,1725
9572,9611
57,2698
5363,1844
15975,15974
4138,107
79,13
693,4602
6512,361
8200,3882
5348,8891
1799,39
4474,5883
11699,2067
4675,7859
3519,1755
3436,10388
590,4100
3311,8407
2050,35
1482,1271
14343,3875
2576,81
131,553
9864,3195
337,2873
72,3356
2226,4398
3601,252
4793,9019
39,964
8385,787
12574,6589
394,374
1077,404
3890,1294
4000,3906
4007,2633
108,542
1930,4255
4579,15102
4036,1119
453,954
1236,2154
4534,4779
13350,3023
6435,5375
17190,8671
3341,1991
5207,15610
5063,2090
2528,12468
10558,10557
3632,9522
5624,15898
3995,3912
769,409
4413,3671
39,2253
2035,3675
2649,1094
13,840
2174,4773
8006,14323
2884,2654
2913,1140
272,542
380,1765
4066,1119
24,440
165,2365
60,97
4034,4025
8040,8457
11708,6451
12856,4558
15159,8352
2169,1396
7292,16673
15652,5252
15289,5200
179,1482
2089,878
4253,4328
6949,469
13,1190
3912,4035
589,599
18785,13667
303,4177
5267,176
1075,9352
9811,1251
12834,2705
94,4003
2541,1160
6837,9303
1176,544
9567,4274
4465,14949
453,149
3151,1089
1636,11082
1173,246
9820,9823
4144,3230
90,3480
2924,5247
12394,5035
6031,922
12551,12566
9003,9012
1772,16
1925,3264
15483,5042
2682,237
3614,3415
12075,16020
14,1391
5372,2979
11808,9260
17,908
11295,12647
3019,5457
753,8146
3151,2378
80,698
5627,1219
10019,15486
8004,4962
17,1847
60,231
9271,10116
4414,4380
7891,15638
916,4353
272,87
265,3080
1142,9769
11758,11775
4005,2640
3241,1490
4019,94
13,1324
3874,3877
7840,774
6802,1307
7640,2406
1351,494
2526,232
647,149
4525,1363
363,390
3876,3169
7801,819
10387,4928
3426,12008
338,333
1931,22
3226,13640
15545,5115
19197,15408
94,1104
4428,2369
171,570
2934,13239
6625,1795
10915,18037
50,51
1077,4055
5318,5321
12837,2706
19521,17225
8637,3161
39,1582
13843,3389
4708,15191
4001,3995
10023,5563
5661,5660
4708,2359
11301,12596
13669,3236
1547,3415
599,458
903,869
61,3034
842,2845
381,6
971,3255
3593,3611
5628,4207
6567,6112
5960,250
4380,4930
3996,4001
169,5196
9536,1099
13534,3169
1096,5586
4135,403
4224,1384
3515,695
497,339
4072,3996
2083,5273
4657,4649
18477,18478
2729,5613
8612,3639
4967,15428
7664,682
1089,7798
2333,3169
1428,848
1116,9621
13349,14908
452,7
18509,12539
149,6
3748,1805
3686,927
804,1398
3927,4022
878,2101
5238,615
4026,4001
5437,1764
2904,7307
17055,19021
18053,10953
2248,12106
4136,1163
4368,732
12772,10551
947,925
3903,403
17369,9008
2240,5048
1225,115
1784,1799
5249,15649
179,6
2173,39
354,7
8943,6196
3069,1116
3901,12758
5359,733
10116,9271
9631,1120
8588,1309
4085,235
592,2804
494,17
3145,1111
60,2943
158,68
4680,1384
7300,7329
1131,4021
2800,1076
3851,3222
17,1526
2820,8898
65,254
10944,12284
6630,13361
11952,4904
9271,7351
522,3913
2117,1019
403,6665
434,1814
2203,39
4266,9099
5391,3058
9838,11370
9807,9805
7847,7848
4865,7149
545,2584
9230,14897
5710,559
140,4750
730,7999
873,171
262,17
0,17
4900,4891
934,824
4630,866
165,84
4738,6061
7379,2495
8520,7567
39,911
2709,3001
12958,16325
1171,13
250,4329
835,64
592,7476
9856,1746
4234,10665
5129,5128
9656,1126
358,664
2233,39
75,541
2067,6917
642,3806
840,2101
6098,267
1321,10510
3289,12328
10779,1613
82,2651
11233,1783
1148,9801
4264,112
596,428
2030,10418
1752,116
13613,9207
2359,2780
3997,522
9583,14769
12720,5957
1201,13
4568,1277
12907,18615
2145,2262
39,2200
1110,4032
3546,1000
2137,866
1099,9535
9576,4149
732,8021
2265,7467
1993,2807
9634,1121
799,383
752,537
1812,517
1929,1102
406,4064
8758,2204
6770,4615
10385,1285
13,1137
39,106
3686,3639
1155,9817
1231,13
6509,16359
9710,3590
969,13
13026,2822
3045,3084
455,3175
835,2642
12057,2206
1396,2709
59,731
1115,3221
9810,9806
1271,1482
8624,4991
2148,1755
1167,2822
1213,723
15120,13797
129,157
3095,1077
722,7841
1100,4229
1499,10916
3901,2638
6649,3133
1141,2540
4635,9049
5163,15584
2197,866
7018,4693
7135,1306
10569,1348
2176,3961
18740,13440
14275,3798
2609,56
10255,3632
97,60
5628,4020
2901,2150
8793,9499
2936,11004
920,1036
3167,2269
4414,4327
178,399
2805,5071
13,1271
5529,227
3901,3927
61,753
9,563
1212,97
14155,15343
12168,6867
15341,4882
8832,1506
243,235
16502,11330
3205,2911
4190,13105
6499,2384
4704,6910
6507,10381
277,4
1173,2771
2773,4193
478,1980
14751,18787
18610,19759
3115,924
5270,15400
4634,4636
2359,4553
2302,12155
11034,9762
5099,15518
15958,7860
10944,6836
11247,3639
235,5605
10018,1194
840,1780
2750,1176
8064,4909
5612,238
1930,4820
10118,5747
1780,1089
4214,4400
15451,4996
7834,7830
4788,15252
698,7739
72,1827
9805,4469
8536,17147
8626,825
4147,4117
243,5846
5086,5268
5882,2169
1128,3536
674,1868
9,697
537,7232
231,544
17100,19492
1488,1038
5973,16058
11190,5333
3628,3902
5247,4812
1054,2274
4331,7028
6931,455
6679,16449
4301,14733
198,2289
958,5195
15853,5541
94,3629
875,996
7843,722
1105,3902
1122,8043
3794,3790
3906,4031
4853,12213
7649,13688
3895,1398
4005,4010
2971,2999
8043,783
3311,2101
12648,18541
4460,618
7015,3724
9802,9809
246,1175
8413,15777
244,4512
3124,3214
16193,19353
11005,11006
4426,2727
2101,6499
7029,7005
15738,15740
1753,9199
7386,2324
65,3234
1011,2146
3501,4103
426,3213
3900,402
8891,6892
19875,19874
11,719
1833,268
7561,635
15291,4848
2727,10344
3801,3806
4224,3909
5943,2579
7336,16732
4475,1276
1173,1161
4012,4026
9523,2638
10526,1330
9874,1175
11647,10631
80,3707
14973,9642
272,6129
15352,19178
9788,17616
9090,2756
124,781
3935,773
15992,5834
634,4266
457,432
56,88
14838,19024
1316,10487
3271,4930
7209,533
1455,2163
6604,16409
4949,8672
5111,1086
1116,253
3480,2071
7871,2904
16852,7631
4042,4026
2075,1090
10327,1278
1612,3840
4019,4042
846,6027
10407,5179
1052,1931
752,8055
2191,2204
3908,239
3746,2163
6215,3243
15678,5270
888,776
1925,5468
7302,7298
3169,839
15702,17907
6274,3823
899,376
6523,363
11043,5016
427,566
232,2542
39,2147
19035,14864
3999,3925
1284,1126
3947,1291
1089,3102
3809,3801
2038,2497
388,22
63,262
5016,12876
6837,903
5270,13924
3904,4038
3393,5054
3560,1784
5564,3259
14879,9360
3396,3073
340,6397
13,1084
1109,721
9873,13327
2091,818
2727,4412
7834,2971
1278,10329
5523,225
60,341
1290,2984
4029,3925
2339,5993
4089,14556
6061,5004
563,2655
3400,4131
5210,5363
857,4822
6870,12498
10435,9805
14771,7733
794,8415
428,2430
10455,10457
11112,8512
1019,2117
6236,282
13577,12856
2612,116
79,741
3169,7389
1104,8082
12066,4309
13996,9807
1766,11207
374,6516
6131,3649
8918,16904
7511,601
1081,3934
2380,2210
4513,9757
12370,3754
3479,5336
1930,11049
3033,5249
2679,12076
611,2672
996,39
4771,374
5357,15747
16002,5851
214,3
954,567
959,911
3925,1077
790,1102
8716,15615
1110,1080
7,464
19167,15302
2952,3725
4469,9808
10610,6372
906,4468
1794,958
2160,11861
2926,60
2530,60
4873,7417
969,2538
2197,2102
6061,1166
1116,2965
3167,122
7829,7834
19083,15015
17030,17031
9976,5453
12020,12019
81,763
2185,964
1343,3129
2101,8406
2901,13185
2638,3915
4047,4049
7287,7258
19848,19958
5851,10374
2956,60
2290,199
1195,10024
10220,6752
10631,1368
545,116
3919,107
646,922
1107,1317
298,3622
9293,3329
1294,1143
9841,9550
1166,6061
1056,39
3600,2956
16674,19439
18021,19661
17071,15877
4387,14855
2648,65
3157,2386
3453,1216
3389,3675
982,1029
80,137
2986,60
7664,2081
2101,835
3386,3377
6359,8686
1780,7802
4184,159
4426,9306
2876,831
1317,4136
6,373
80,1076
725,60
2493,3510
12255,18436
2355,2822
4452,1078
4860,149
8017,8019
8640,828
8318,777
176,3
8902,12317
62,655
6870,2378
770,8289
4313,919
1801,169
5634,2926
1623,1560
4030,4014
3269,13715
14802,6725
2149,852
6243,16216
755,60
753,3397
541,5204
5025,566
7304,12634
2848,72
415,6785
2184,846
8082,4068
15398,6139
8405,1311
1488,2274
4660,15148
17143,8532
3146,13500
2274,739
1589,636
6033,541
9262,13949
10255,12707
9804,9802
2502,374
6827,7003
17,481
2978,303
15643,5247
15914,19296
7871,4006
732,426
718,528
2411,8557
1368,2330
1022,939
239,4465
12666,13001
13293,4266
371,420
2852,2823
233,2176
6558,1301
6021,3348
169,2191
81,92
2792,6155
72,2258
753,1653
10009,16973
7234,537
116,86
553,87
13462,10841
12907,15692
146,2180
3384,4754
8771,856
8972,9248
4426,7346
610,594
2303,1453
627,9
436,441
1105,3983
272,3982
9871,1174
2400,4769
604,25
6027,2954
6354,3349
60,1093
13,1247
724,1073
1462,56
1300,8588
4865,977
4677,8096
10170,1241
9006,9017
18046,10941
245,92
2165,930
437,262
3487,12207
10387,8823
3365,4862
12245,2367
94,4060
777,3336
8901,17302
56,1324
5089,11423
3386,2706
17,615
590,2197
1173,303
7045,4556
3167,1090
6497,15304
2483,1397
1194,4563
13023,2819
4819,1921
660,657
13,92
4445,3400
7299,7297
19074,19088
618,431
1788,17
867,7551
3408,371
2797,6633
4700,4858
11823,2243
56,2613
8901,3315
6812,9838
12319,2824
7697,1866
9209,11015
13865,4949
5221,773
324,334
64,1161
2734,12885
3312,4231
1710,6900
2641,4026
4728,840
1173,2531
1818,17
4655,1301
121,914
959,2013
2294,3164
752,8136
272,1083
2557,356
10275,8716
7104,948
1109,8373
825,8614
2654,2918
548,3610
6059,4474
2153,5376
7138,2252
7449,6086
4987,727
8774,857
6760,10937
1079,4000
10824,4959
243,1284
2656,9380
246,801
3785,2549
4232,14380
14911,16146
14540,5653
10173,1242
1300,212
19816,18920
7757,954
2554,243
7361,954
7490,610
5019,2867
5268,9987
6266,1919
12647,13219
4328,8611
434,6864
6062,6061
9093,9096
1077,1079
2531,232
2068,2420
4017,3996
4982,6368
7508,600
3628,2723
10295,17827
6039,6050
7300,7252
60,2866
13,576
1083,9380
1924,9996
1790,7552
783,982
2808,3334
14501,3981
4019,2729
120,4610
11609,18259
8751,13654
16452,16183
3388,8524
4047,3996
9133,924
4213,13333
2869,9622
9306,5016
476,458
10309,1264
5627,2699
3157,1394
3238,6486
165,7
11434,11438
13394,13395
72,782
1921,1188
5627,3638
7798,1089
2577,12604
2558,10110
7286,7330
273,6141
218,18
763,8220
1176,1219
5794,2997
2327,563
6315,4389
2110,2780
7136,1909
406,254
3501,830
15953,19222
7330,16677
11900,2169
2148,39
16,1762
2282,39
463,7
2188,9237
12601,12604
5442,1764
7362,1848
8375,10118
10722,6105
5527,15835
374,4853
1019,3837
5788,5784
13897,3412
16982,9716
9187,15631
4167,1041
5588,246
16880,7719
1314,752
3912,522
690,7718
18542,12648
13,1060
2178,39
2780,2359
512,249
1002,2328
5030,857
14852,19032
12218,6019
7173,13064
14771,4326
3221,3233
158,1414
1123,3786
72,3360
237,1707
4776,2438
5459,216
39,968
674,18
548,7261
4249,3675
8315,776
19094,15046
16607,7156
11218,7975
14418,10065
17,428
1173,116
4688,1278
116,4571
16785,7458
4004,4029
6776,1700
2354,1554
253,2590
4019,1119
7023,1577
13855,8612
15653,11739
2277,11133
5263,462
154,1830
13707,3264
2743,6210
1227,10151
5455,632
2583,101
4649,2454
15856,6591
39,2257
8741,9821
8621,7275
17810,10231
19458,16797
2414,12343
19701,19938
7045,3214
14973,9886
1155,8935
5373,6053
13,1194
39,163
7477,592
438,434
4776,11432
10191,7892
1056,5142
4468,4671
6049,6043
404,4987
1085,3628
4619,868
7329,7295
94,4007
7272,4509
8090,8928
646,548
5654,12869
1186,1990
606,3401
3452,267
2056,11672
2328,3500
3348,1607
399,856
1133,9711
3141,2068
157,2262
303,4531
3205,13572
5967,5637
3761,5159
1077,3925
4843,15286
3169,1083
6140,16145
1703,415
4163,9111
6915,2178
11272,18144
2781,2664
885,722
372,3355
1115,3628
2786,564
3632,5688
7970,5197
2147,4778
731,255
1794,3162
2544,12550
753,8150
3395,13854
861,513
9,270
5270,4369
2679,3326
8546,819
2006,2294
6097,2835
13710,3265
7294,7250
2571,760
642,5286
2640,1119
7861,16931
587,3135
11882,10317
103,282
600,7504
1746,2340
115,107
1257,10285
5135,11499
13,1328
3390,11416
1291,2699
4,276
2494,2233
12972,2777
167,5178
1337,4764
8262,1410
495,513
2831,283
2614,56
2147,3034
4131,3133
158,5065
2731,12884
19293,15874
3665,7275
17237,8759
4138,1079
10829,6189
6419,1142
10013,9013
6266,1866
7871,3632
6873,5284
11145,1699
4960,15416
3904,94
3197,232
4816,1142
7068,6691
13783,18803
1056,149
7351,563
3920,4010
1368,2895
4203,9960
8859,1642
5588,3092
4884,13327
2895,10632
875,2208
4581,2938
3996,4005
9195,13642
2805,1290
5354,8523
10972,3060
6486,7625
2627,237
16262,15067
7308,5747
3934,94
176,3146
4068,94
2729,5617
2049,5858
2236,12100
1178,2367
14822,10335
1116,9625
12897,2737
18820,18821
116,62
52,2521
1311,2896
4026,4005
232,1176
10116,4953
9408,15978
2080,11745
9807,13997
3415,818
2011,1028
2353,10591
5430,2482
4282,403
1780,341
1888,2126
2672,12788
599,596
10306,1263
13845,6983
6923,4192
3626,2169
768,3034
3380,2702
17,591
1242,6300
1571,5078
3515,2338
154,5026
3633,115
4711,15196
914,2270
9190,3044
6414,2221
13207,2912
376,4846
3745,3739
4266,5131
403,6669
3927,3221
3944,2636
1569,11017
626,1988
917,474
9807,9809
8707,2294
2158,8379
2409,12162
2552,3580
4742,12415
6456,353
17481,19560
19086,19074
262,21
81,1141
0,21
2699,4007
951,243
641,17
830,2168
3714,80
3091,855
7392,5178
1117,3918
5129,5132
60,1203
438,597
2637,4068
2080,8846
16095,14283
2623,1137
12621,9180
245,1141
255,2583
5222,8679
13823,15437
303,1311
917,9118
2180,567
13079,11721
5075,13355
39,2204
5486,5527
12174,4704
3925,4033
7449,585
18057,19669
169,1496
4641,1005
181,567
1110,4036
1318,13
14474,17060
16054,5964
4693,2858
732,8025
4655,122
14548,4177
6974,477
3264,5455
866,2363
2593,1086
5750,2540
16744,7350
839,3169
13,1141
252,3601
300,5335
13239,2934
15176,4685
13299,2985
4801,3330
1081,2702
1019,1824
17533,9496
3648,907
1134,2528
1211,8410
19535,17314
4468,646
595,1496
1030,7840
3480,4706
3628,3638
1348,13
2936,2364
3390,1780
1384,3642
1086,13
1845,819
3411,2657
3930,3222
179,1783
3214,1554
3725,4510
7328,1355
748,8127
13313,11901
5781,15974
950,4289
3746,2354
11638,8615
4680,3161
7250,7299
631,1311
6193,11754
44,2497
3927,8027
9080,6931
2368,752
3147,11070
4945,6061
5372,5374
3632,5635
5504,7745
11657,9796
1378,13
4513,954
4036,3998
799,8442
3622,1914
11841,2154
4675,723
5457,10558
250,2723
2454,122
14366,8212
5700,867
2102,5332
3900,1077
6641,401
8082,2702
17111,8409
5486,15810
120,1337
2432,7129
6563,12761
17470,9281
4307,9722
2146,127
2290,12149
8907,17310
5308,1925
4005,9357
10533,10531
1397,2483
3710,8685
5248,15645
16655,16652
8166,1999
2154,5091
2746,2751
4344,1094
4493,436
866,753
8312,10869
4766,1726
3560,231
7476,1737
2176,127
9772,1142
16418,15369
2805,4270
5430,15477
348,9
6478,356
165,1056
5263,3471
9091,5130
10600,10598
2129,11800
14278,9280
17867,10391
577,7416
15165,19131
2008,4865
16230,9841
11151,5224
7697,10165
402,3628
268,430
2016,30
10418,17882
15012,19074
4410,6386
9001,891
18274,11654
9,701
441,358
537,7236
821,579
1958,25
22,374
1842,6266
2331,41
3112,606
94,250
438,60
2079,1483
11974,3167
272,522
4843,10590
2642,842
3311,5138
5367,6803
17381,19142
3976,14388
7237,916
11366,13083
1817,2422
889,8977
4019,3912
4005,4014
5371,3512
4413,2496
1536,3311
4468,2203
5993,3451
3816,14291
9262,1174
939,8690
3336,68
13838,11586
1918,5298
18829,18830
19639,17881
3073,13429
369,431
1841,10713
3626,3055
8312,11353
3675,3671
7935,4987
4380,4426
476,1991
13,15
409,769
8588,10470
80,3711
5159,1912
596,595
8049,9438
18236,11496
13229,12417
17455,9241
2942,2773
4786,9251
2527,2531
8460,2364
801,246
56,92
157,144
2206,7054
1117,2926
17,1827
3348,428
4969,2727
6120,2071
6070,264
402,4112
268,914
7007,7004
5221,696
431,154
10196,17795
3999,2640
3305,13563
5561,3770
12046,6560
13204,2911
13818,4302
265,616
3221,94
5884,6675
13,1304
5195,9082
171,200
900,8711
2729,3015
3746,2167
5131,5125
1478,57
14881,8902
689,7710
13631,11242
10834,1463
17812,16429
8538,10891
16463,6712
1100,4046
3378,428
6585,3689
2729,3954
1793,68
1798,412
9576,9577
16154,6142
10436,10435
2367,340
5125,2277
71,3352
5126,5131
2433,2091
8522,8853
3338,1968
564,252
3809,3805
6068,4109
3752,1019
5247,173
10152,1227
12892,18608
4622,121
219,217
403,2778
10091,17755
10699,1396
3904,4042
4900,12897
3147,2373
1710,2635
1142,9533
11746,2080
1780,5094
4127,1081
7509,13765
3953,3934
763,88
4479,9642
55,1
2952,4534
5111,3668
14933,6567
2638,402
62,391
7383,3453
1123,9641
9472,1094
11381,6139
571,268
3389,8672
199,4826
4611,120
371,1900
11486,13645
2776,1275
3367,12296
18733,13725
5714,1113
2066,361
10897,8527
19157,19156
1384,3939
921,2717
52,53
1077,3230
19237,16641
5357,14812
239,3851
411,171
543,2542
10472,10226
11893,6987
943,3415
2818,9206
5031,1995
9124,919
982,899
8499,5031
11711,8636
3941,4058
3327,223
6838,12755
13349,10350
11403,1875
2894,13173
2820,10972
62,2619
10513,3060
10972,2820
4616,6856
4017,4053
3229,65
2833,65
1516,7599
14388,3976
5946,9326
2340,4104
60,2923
2909,60
10483,1316
5537,1924
1430,4822
2580,12609
12028,3216
1405,39
6630,4481
14844,4377
18228,11472
1488,5177
10211,3230
177,2168
12401,18481
1085,4006
5333,7005
17322,8926
768,8271
1780,101
11203,1763
2939,60
2729,250
6507,4266
199,5310
239,13
1803,1024
3943,4080
5457,5728
2186,4926
5882,10630
17365,9003
455,577
2609,2585
2633,3925
3875,4885
1110,2723
857,2277
9717,17597
402,2636
5794,3054
4037,3900
6365,3809
5929,246
3415,1867
9091,8460
404,238
2535,542
403,13
6721,411
11956,11957
7221,734
2723,3976
94,2641
3917,3956
5810,3937
4032,3906
4018,4008
1587,968
1317,1107
4266,1858
8041,2193
10073,1552
5882,15302
2562,86
1455,8396
3057,65
11986,11984
4328,3675
8378,8379
16719,16718
21,69
1101,9561
2894,8180
18573,12772
2723,8298
18402,12136
4230,107
121,4622
14,29
1134,60
16216,8146
2328,40
94,3930
7348,5016
1085,1107
5727,3471
6276,303
10341,14175
5692,252
6196,6201
726,1174
14825,14418
7169,520
10341,17558
17136,8496
8079,741
7716,689
5969,3943
4996,15451
12047,4100
6040,6038
6527,8408
14620,10229
1115,1107
3883,6950
122,97
4481,14978
1061,1810
522,3222
553,2535
1584,1585
118,917
56,39
61,383
2535,87
272,3047
4191,14650
4689,2849
6052,6048
11800,2129
16765,7398
8523,5454
2723,1077
1830,1991
730,7308
5090,160
5007,2377
533,3761
13,1251
2045,2330
4001,2633
9782,5270
2729,9378
6647,1131
6989,5032
8686,15432
94,4064
818,897
19329,16043
5367,818
4054,3398
2729,3901
12740,18565
4010,2537
2776,5410
2972,3070
5678,14451
16272,6310
563,3761
6669,5966
2686,232
17042,8214
1094,3397
13022,18628
13845,3389
15524,5104
9118,917
4059,8064
6139,6151
9019,9017
1345,10563
4509,4328
4053,1079
56,2617
9438,3524
9,327
2774,237
72,1807
10920,3382
22,0
3996,3928
5966,4129
1107,3228
324,338
7060,495
8173,1799
404,4239
2059,642
4283,14723
178,3896
39,354
2301,6591
5135,5140
5359,2404
6112,6583
7387,4273
10278,9018
212,282
731,8017
4009,1130
13637,3224
10116,10353
17547,15273
2067,6360
2270,1993
4266,3415
3639,9144
1079,4004
4026,3928
4757,1932
552,4487
731,2540
734,6221
2255,180
10214,1247
1038,216
1425,5580
1459,10826
69,354
2985,5129
5707,239
523,524
3857,5058
5344,187
5669,3919
11310,1823
5919,1815
14494,7352
5688,3380
903,930
1090,9424
4058,4001
4930,10346
510,447
4416,1265
1544,3178
2676,8696
7384,568
9474,3315
1282,3178
243,2577
1404,2609
7300,7256
4353,916
5046,5044
7860,15958
5665,1117
7138,512
1131,3948
17385,9037
3173,6469
7295,16711
9121,918
67,3260
12777,9667
1911,11458
203,2397
137,57
2702,3851
940,4353
1876,5987
6285,16259
7015,4993
13682,13681
303,2978
3481,5309
234,929
2579,253
1137,171
4043,94
5254,1933
5734,3324
476,462
2750,3518
403,1115
3923,2621
1079,4138
6748,5588
638,1921
2940,2861
8318,14715
75,3501
1105,4016
6218,12189
375,6
17,298
158,2223
4019,4022
15968,15966
2164,2081
159,5077
5820,250
80,2532
236,3045
2164,11880
8310,3870
14211,13779
3282,4668
4058,4135
16764,7390
255,62
3069,13420
86,253
60,3004
225,1351
242,766
9287,3034
7797,1780
2265,39
2528,2893
9,6
446,7
3932,239
2154,6624
17555,9582
4068,2729
30,2014
7210,3151
4396,14868
458,17
1504,99
11664,2054
84,3748
404,3918
10387,1285
3879,14349
1099,13
3912,3909
8647,2300
8323,1422
116,253
897,818
6026,4798
8636,3639
3897,14366
8777,5564
8943,17345
10308,4375
2617,90
2295,39
72,3364
3628,1117
1236,3667
56,1141
19981,19983
10016,3974
2667,5280
5071,1801
5501,631
356,90
3107,3108
14886,5973
15314,13590
574,1481
7970,16960
648,2184
116,4575
835,3508
4015,250
6201,9875
4004,4033
1129,13
4162,5373
1263,13
542,253
5767,723
3416,13662
4779,4783
3073,10290
1227,10155
2101,6747
585,300
4859,1514
5929,6154
7759,16898
4260,3437
631,2173
851,4391
39,2261
9801,9805
2934,10885
12734,15715
14945,4459
60,2549
1151,1650
1120,85
1088,9407
9896,1182
159,84
1293,13
5663,3941
12528,6198
4011,4049
7,444
3787,1123
3061,265
1913,5356
13,1198
39,167
13929,3438
1533,10962
548,44
18558,12730
5069,169
2226,568
1302,2169
6092,267
249,916
94,4011
17678,9907
12437,2488
453,157
8524,8635
587,911
535,721
1323,13
3907,4049
1555,548
8535,5761
3905,3222
8457,15492
6496,2013
5125,2171
14863,4403
10418,6717
15931,5964
8123,1094
9680,1126
380,29
5253,636
628,1851
10208,1245
545,96
3494,4819
1116,851
453,6923
5701,237
11020,10730
7572,2122
6018,1607
19725,19723
13906,3962
5195,816
1093,86
8047,8050
587,2200
237,101
5259,12320
2318,12184
3715,14213
4240,4235
15772,19274
7346,14769
13245,2940
600,7508
7577,4344
1,9
6,353
402,1107
4,280
4479,9886
6246,3312
3851,3901
191,106
11151,6086
5137,5133
1104,4008
1398,2011
10885,2934
869,8837
1583,7426
2101,5137
2197,12015
7326,7327
5204,9738
934,564
14769,7346
631,563
5999,1341
5128,4266
2554,2638
914,851
2707,3634
1122,7970
8522,7353
12770,9598
1571,626
31,9
607,7524
5330,428
5636,3918
7718,1142
1291,10408
4973,4328
250,5008
732,56
3376,10559
5575,232
33,55
6633,2795
13806,5959
4207,4071
5091,1351
1017,225
8474,896
13419,3069
376,394
9524,1097
749,6826
4023,4893
3078,1453
6292,3441
11752,18303
1376,508
4010,3907
10087,1210
10604,17944
61,9
508,698
9003,12887
158,3325
824,934
6412,11844
5787,5376
271,4
5126,3415
4781,15246
5932,13836
532,533
9231,1410
160,5091
3152,62
1316,615
60,723
15272,15271
5771,5782
1088,1165
10998,4635
2168,77
939,1042
3131,124
1081,3377
7803,7800
1841,3065
4936,3641
3694,237
3680,4503
3883,2388
6660,403
11868,5430
1107,4009
930,929
5068,1316
6522,469
4073,6649
1086,688
8620,825
2747,3517
3998,4031
1319,3141
1694,2264
1751,2798
1119,4019
14897,8769
3255,9585
17,595
8769,5270
1794,401
13607,9266
412,1124
3632,12726
1110,3906
468,467
537,72
358,1827
4090,3970
5571,9642
6292,13374
5951,249
46,20
2198,2147
3996,1110
4266,5135
9969,16749
2270,1269
1864,581
10418,11657
8914,14669
2873,3225
3133,4118
4072,1105
233,3229
4302,12147
250,3398
3638,2533
7936,923
10730,1571
16170,6167
16452,15679
9644,1124
60,268
2018,1398
617,7541
7288,7303
10543,5128
8886,1482
477,6972
6404,5270
7861,8104
2288,2198
383,4866
3394,79
8732,17230
2593,12633
3930,4031
9055,5051
19058,14936
9875,15178
39,1269
1107,1110
4093,9098
9990,7022
9948,2824
1210,10098
16305,6368
640,7501
11218,2799
14738,4305
3315,1075
4001,4032
3409,4120
2702,94
1848,6598
62,2542
2243,11823
3935,968
4962,4972
3518,10479
4363,2169
2824,2154
9,437
12596,18522
3918,4936
3102,4350
2407,2805
252,572
14942,4458
2208,875
816,156
3976,8297
2224,7235
1844,598
92,2542
7289,7258
12499,2532
13493,10560
5007,6004
9190,1438
661,218
12008,3426
165,576
5959,13806
733,2723
11122,2286
6522,16363
3592,11690
239,3908
799,8446
4987,4224
2886,1096
1210,3816
12279,2384
1019,84
279,274
11683,4016
2507,2231
10222,1248
5646,15911
5371,5126
10034,1197
1988,3329
2833,3155
80,64
1248,1075
140,115
2022,11049
9144,2382
6891,5276
3918,4131
12596,11301
8620,2382
163,3482
4031,4008
9389,5596
442,453
180,453
1107,2533
3849,14325
4706,2642
60,2980
4231,3315
6230,282
19794,18844
2360,3093
428,1686
5457,4496
4870,15316
14175,10341
1549,10987
1131,4058
5458,7350
5188,7489
7309,16719
2557,12497
14137,3633
866,2851
4369,4942
2261,835
3018,60
246,3143
19471,16878
1097,8611
2188,3740
2439,11495
4994,9875
1276,4412
9963,6218
6105,8854
250,4016
4942,4989
10876,10874
2638,3976
6666,1751
1285,8847
721,403
204,2328
10899,11797
3524,9438
5957,4445
33,2
2710,65
559,5710
4468,2073
545,3560
469,6948
10326,4930
5286,9875
11466,12029
6301,1222
3928,4014
348,13
86,13
4131,4373
11099,1655
6248,11949
1219,2723
804,5891
5016,9233
88,59
272,2620
4198,2562
3580,14069
3675,1097
939,3083
7880,2706
10591,2353
402,3632
646,2272
11353,6086
6919,453
2079,548
16192,19352
155,2220
5053,8711
1920,6153
2015,563
631,2149
5055,678
13306,16671
1352,219
5016,9583
440,891
732,4675
3490,1694
116,13
2640,3998
3913,107
497,3088
19318,16016
60,81
4014,2633
866,8812
4822,857
13785,17056
1490,10891
1105,3910
1514,2617
3169,3746
3912,4019
8440,14949
2243,548
11325,18159
512,363
9631,2580
250,1117
2638,1077
5189,15553
7142,5197
16908,7787
11791,2124
111,958
3509,781
11740,7262
1243,60
847,60
4253,8634
1077,522
2751,1139
476,1056
1921,4819
2809,1309
7299,16673
80,2776
15885,5595
1077,3905
2003,687
4675,406
8098,6675
9320,2287
8640,2528
2537,4004
4053,4035
930,2165
2544,2731
80,3715
5398,212
596,599
7328,5710
2411,3141
3904,3912
4556,8793
351,14
1077,4844
526,7185
3962,14470
7618,10387
2527,2535
9008,10279
10662,1384
12731,18560
18619,12958
689,9
80,682
56,96
549,5856
821,4100
17,1831
14389,4122
2340,1396
588,2586
2699,3958
2496,1909
5045,5170
13,1308
12831,13664
6511,361
11743,5974
57,856
363,374
2340,1746
7412,5192
12162,13505
2422,2310
8711,1024
689,7714
1020,903
1799,641
541,2366
1840,642
10229,14125
614,7540
7185,2934
1793,72
8265,8262
72,575
3635,9887
4438,10211
6752,10222
713,2823
3998,1079
1752,5898
5126,5135
2426,3368
1910,68
14360,3892
1077,4039
2426,924
9208,8596
16216,6243
486,6981
376,959
16237,19363
393,374
7079,5140
7091,4211
3655,1090
2414,5236
7808,819
12587,15532
2694,1089
8021,1112
4645,5212
10476,3048
5880,1783
1041,1726
1184,4286
5882,11655
18831,13914
237,4183
10799,11780
9001,10373
3975,664
11989,8608
17381,9026
4195,438
8880,3438
6494,16356
1054,5344
7747,701
4049,3996
7383,9284
2079,2105
3870,89
3875,433
15354,13394
7159,12050
13606,3214
787,8383
2815,3836
1170,9841
1709,2013
4766,7959
10653,17970
15394,5064
1094,2649
11166,1751
1782,17
4304,731
613,1787
606,616
303,4779
3092,1111
3517,2795
4005,4047
4038,3995
4339,3169
6142,6640
7859,4675
2055,11668
3222,403
10589,14952
4328,8672
17696,19186
1301,6510
5033,6209
5958,13878
167,165
3918,4078
1526,212
2102,1311
82,57
199,642
4244,5002
1771,16
1514,10940
1812,17
4661,3570
4033,4001
4365,12876
5688,404
60,2927
1457,1546
3485,13995
4010,4017
4426,10119
4865,367
3910,403
3178,6870
1672,387
5712,239
4801,12625
1030,920
7637,667
13540,15375
1671,2414
88,1161
2108,3169
3101,1173
585,1967
4496,3129
187,2860
13604,3467
1842,17
16164,6163
1427,7157
238,1105
1269,155
2029,6259
17741,10045
4331,783
8639,827
0,1
4224,5824
17006,8135
17625,9870
11782,10519
2866,4689
373,17
722,925
4115,404
235,2527
4612,1210
4822,1020
11358,14887
4042,4063
4266,573
169,4159
752,2265
2540,732
53,12
4130,9545
10563,13865
2210,39
15439,9263
169,1126
5358,1939
7834,780
3518,2750
15761,12697
10644,1372
10234,9610
3109,8180
7,17
14069,3580
13668,3236
3346,13785
2780,542
39,2184
232,135
11536,1953
1086,5120
4018,4012
42,11
88,356
1793,1040
5268,11471
17436,9193
65,372
2240,39
5768,15958
10345,7347
7654,970
2163,11870
5078,959
1131,1106
2203,157
8161,17016
8624,3686
11474,18229
12291,18451
2185,517
13,1121
37,17
747,1116
473,6963
1208,13
6653,4953
94,3934
1174,9262
39,1029
3384,2534
13086,2857
10343,4426
1105,4207
4138,3905
5468,5466
29,2004
3265,10167
7541,2382
3389,6261
512,7076
2193,5454
3074,773
1921,4766
9970,2343
1862,7569
4959,8972
8259,8260
15466,14418
542,2754
17907,15702
426,2579
393,6603
4373,3398
1093,9458
1238,13
15293,4849
4317,6472
3006,2709
616,3642
318,13
1653,1918
2169,6938
842,2642
2172,39
107,732
1122,9637
4365,12555
5571,9886
2911,2822
6590,2695
12400,3818
633,24
1290,2805
385,4648
2723,1081
569,39
646,2703
3020,13345
7273,16688
5453,216
267,6090
1829,6466
4453,5205
7350,9738
2820,2145
2376,219
11438,1902
13,1255
13925,18837
7810,14826
3908,2638
7292,7289
15574,15425
239,2729
891,440
533,732
3167,159
94,4068
8874,2655
15272,12616
2616,56
2636,3906
5302,5308
15723,5318
7287,7295
947,722
4327,10327
1796,5363
12857,3289
68,753
866,733
403,2729
81,2678
1345,10567
14753,6924
19759,18610
56,2621
6561,371
9596,4114
5628,4138
4468,2988
5504,2382
13,450
9875,13328
3977,1438
3278,7853
3314,1094
6744,16478
232,3197
1801,2300
2164,7078
180,563
2503,6544
1219,3638
1100,5636
5966,1100
7022,16422
9874,10824
79,3140
2897,11544
4790,945
11918,6810
3917,14377
1894,20
1687,2171
2162,3218
7427,2363
4928,8988
1301,8551
2743,2217
4460,252
52,4
1079,4008
2937,3214
10346,4403
12405,3141
9545,4125
11521,13940
735,2663
1864,2248
2373,4569
6416,14518
1459,10830
5542,930
523,528
1758,2761
8592,4207
9249,2262
1384,10656
4686,191
8624,8626
6062,6069
11808,18319
1726,1725
16775,7419
3454,13690
6992,3724
82,4
235,246
5888,5889
6999,10530
5630,5099
2075,2818
8126,15704
4403,2727
979,929
3074,11190
14489,3979
6666,15982
1107,5810
3996,4066
7809,721
66,410
57,2576
3178,401
5862,5607
11291,18150
4012,4010
2866,2758
3566,8619
6145,11557
4681,1136
8353,784
2105,1879
8675,835
11456,18217
725,231
508,1694
2533,4046
5207,428
7862,732
11036,1601
13186,2901
3380,3918
4323,115
2707,2886
4785,146
16085,11644
5108,7969
5053,900
7572,4541
13063,13798
1011,975
39,842
87,2576
171,3213
627,46
14283,12747
4042,4010
19604,17651
353,2695
265,596
3398,7880
9582,1108
4019,4026
268,1833
2637,3995
159,5081
2542,725
7081,2210
16389,6578
317,5
2727,12556
2364,2116
4131,3678
10953,5107
4415,993
8563,2068
72,1140
354,72
5417,214
2729,3934
11941,2178
4014,4032
8098,9818
232,2526
6357,2529
2933,731
522,3039
1453,165
372,62
3512,2101
3846,1223
3902,3976
201,180
16384,16383
3365,361
16496,6798
16131,6111
8557,2411
4685,14975
17995,19657
3407,772
5967,250
6449,6440
4693,3724
4786,505
1164,412
5140,5167
6744,881
16129,10387
17689,9936
79,2819
137,545
273,1372
2635,2363
3927,3632
2805,2774
5620,1081
13083,11366
1925,4647
1307,3322
1343,2979
5330,753
17645,17184
2747,325
15852,5541
5734,13611
929,895
867,17
9831,1165
22,1911
605,17
10787,8147
8024,4368
245,3646
431,618
1119,238
1081,3918
2447,7388
7571,636
14654,11454
2729,4068
2500,44
3957,3632
4036,3925
39,2265
9801,9809
3412,13897
3956,3407
5308,563
11165,3784
9461,10118
10144,10148
7011,6836
7725,5425
3900,4037
1088,9411
10980,1752
4207,14545
6196,10824
453,2255
635,17
819,2578
7,448
3708,80
13572,3205
3902,1077
5423,2206
2042,1044
595,618
5832,4131
4266,2293
2867,2847
4066,3925
1272,79
1368,6957
664,1886
4604,15120
11156,6300
1089,1126
1223,1126
526,1952
5123,2853
6933,11467
13380,3385
1704,5371
8504,817
1126,1193
2344,2513
1024,3360
2003,2220
10339,9461
16603,19422
19645,17920
10734,12434
4760,12600
12247,2368
1061,17
438,792
971,7671
9087,3060
916,5520
5270,15331
100,4180
969,428
4983,9639
4983,3223
1316,4673
13620,3222
4604,6610
1178,13
2799,60
2933,60
10295,10293
2217,644
10551,14420
7724,4210
1430,9124
3897,9377
2937,933
15677,5270
6924,6786
899,39
3734,2940
515,2328
9527,8620
1583,2169
996,157
39,1810
6006,1227
2702,2729
11334,2384
3433,733
7294,7258
2011,8473
15581,5158
1,13
6,357
4,284
4403,9306
4565,774
733,8041
5276,600
19440,16683
2064,2068
1104,4012
9818,6675
10463,13795
5204,9742
15418,4962
3034,61
10325,4412
160,2867
7152,7151
2300,1005
19529,17290
4746,5107
732,60
410,9
866,814
1227,39
5249,2695
5016,14767
10457,1306
3316,3315
1311,10475
2934,7185
683,4490
15275,4835
7239,15791
2761,60
1040,563
369,358
508,7118
61,13
14751,7309
6581,515
4052,1104
2300,2294
9390,17501
440,9
12194,13175
3614,878
238,60
40,75
1311,1965
5932,13840
2066,11697
7144,628
232,245
213,3
254,4
2386,2253
1902,6570
3864,1992
7572,3549
7873,2723
9886,3560
11822,11926
11860,2160
19189,16417
3551,13546
4931,2362
11305,18153
7637,911
2501,2176
3141,816
7292,16714
534,3212
3311,1227
4488,1792
250,4207
40,425
5007,8773
857,4619
11951,3217
19510,17182
828,7072
284,4
2015,1909
4766,1921
8189,8190
7138,2102
3998,4035
9818,8098
1504,4588
17059,17058
7130,7122
19352,16192
1097,3675
144,374
3925,3907
4634,2152
14873,4400
7810,3848
8290,1075
869,815
594,610
3876,11370
5308,376
65,2710
8146,15848
3155,2942
9392,1466
9516,3976
920,780
990,8689
3703,8409
7924,4135
4006,5966
7894,12594
5851,15298
29,20
9093,6502
595,431
13057,3326
2723,4224
985,5312
7180,16634
733,1304
5210,1911
6013,2235
60,272
1180,303
7336,4315
2078,1453
8996,9952
4283,11320
2248,1864
9574,5270
2385,4579
2180,5113
4114,5657
2641,4010
1056,1930
4826,1921
14363,3897
13,1365
2981,7084
5369,13460
3910,1131
212,262
8484,17132
11927,2176
3384,11638
96,87
1866,1920
4574,7712
4627,9036
1210,303
5298,5299
9742,5204
10117,4327
7018,7015
318,6323
860,2176
7026,2180
7704,1866
18101,11116
1864,2224
250,5630
331,334
854,2361
3925,4041
7738,696
1146,3701
4351,2163
9210,6282
9461,10065
12050,8783
870,1551
4001,4036
959,842
5647,1107
16460,16459
1686,2110
2071,1921
2436,356
5016,12352
18251,15197
2834,9262
8705,1801
367,149
243,2557
10287,16415
3386,4113
1799,5370
579,7387
426,729
3996,4042
1054,2018
2910,1151
618,4871
2192,10734
57,108
8016,1175
7233,537
238,4061
441,6864
3734,11397
6069,6061
116,688
17877,10418
3772,3775
4981,4787
10373,11621
19218,15521
476,442
5615,10028
4026,4042
6046,6050
13198,15719
2171,2101
1405,10704
3320,7034
8277,8278
2200,587
534,7213
1296,5284
3482,6049
12815,18583
4015,4068
9235,4194
16408,6604
899,925
3918,4135
4699,4700
6808,1273
4031,4012
10352,10343
925,803
3132,11305
2836,6059
4928,10387
1415,438
6534,512
7337,7252
14185,3678
334,335
107,1110
508,1454
2956,4663
2085,11752
3517,758
60,2984
2360,3097
13265,2954
586,2276
1090,89
18639,19762
11113,7408
8675,7361
7858,723
10053,9148
273,998
85,1701
18933,15486
3675,8672
8620,3675
6712,410
3750,11475
5696,702
1100,403
7552,801
2338,4627
13427,3073
2312,3406
225,176
1882,2132
6730,6062
577,69
9381,3214
1079,1219
62,1875
9888,4708
4535,7436
17,412
5595,246
237,2630
2102,563
5233,3048
92,3969
12103,8123
1831,9899
778,4674
861,13
5571,15875
8849,8988
17582,13613
1130,403
7931,5119
737,8056
107,1244
1734,517
39,2241
149,4853
2336,2837
94,2702
13,828
11949,2179
12905,2745
2294,5055
14897,9875
4241,14694
9416,12603
165,2353
428,5207
1126,9679
1245,1265
16317,6411
233,13
12495,10202
1444,6578
9436,1177
4009,3956
10631,10427
19311,15980
13,1178
2252,106
1202,814
3917,4367
5975,251
16065,15208
8056,1192
298,6265
14520,7077
2526,86
18384,19727
10153,5140
1176,9392
10118,4365
9808,9801
376,2923
1918,1923
1102,583
1812,11296
1840,512
19897,19460
13352,3033
4644,158
5081,159
10195,17794
512,7133
237,2764
1226,60
7800,7803
1324,403
5023,154
13393,13395
9352,1075
2576,553
3412,825
1077,3909
3928,1119
5357,9075
2176,619
2556,86
2033,2031
2537,4008
7797,1089
9875,8929
14087,3603
682,2067
403,2652
4369,303
654,19
3995,4034
122,158
526,7189
884,481
2004,512
5443,11478
918,65
13779,13057
689,13
2003,7457
8438,8440
1643,11086
17,1835
3109,2894
1794,4085
1939,1056
4120,5611
10465,16500
2322,40
522,250
2528,108
3753,1653
7398,8523
4578,4210
6641,438
13,1312
1219,1117
3481,11518
152,158
1698,11143
3426,2197
721,86
2204,169
9377,1081
11450,4413
85,2319
1019,5378
4529,6196
5785,7054
38,29
6141,273
16567,7043
246,732
3896,14362
896,1780
106,163
2917,7396
5589,3143
10079,17753
353,6456
5167,5140
7146,7147
8495,814
13179,18673
13846,3675
2328,585
7013,3585
13179,5841
772,3407
820,8551
1345,825
8755,2616
7373,3339
1394,3161
3918,3948
1089,81
2274,11087
428,564
562,564
696,7734
6823,428
8349,2867
169,1801
2354,2156
2621,56
1163,9829
9386,1143
2147,1863
8038,11084
4836,1751
517,2484
121,40
3639,11299
360,6472
3783,12741
18291,11695
3160,13516
1278,7308
7577,10874
727,3233
5286,14230
4004,2537
3911,94
265,169
506,3264
14480,3974
4426,10339
12957,2772
2692,57
787,8387
935,903
1785,7489
6270,11367
16836,7594
878,2089
1079,4065
631,7093
5595,3092
203,230
14769,5016
3642,616
2205,878
376,158
68,5
92,399
15628,19235
2368,118
4034,2537
3941,94
4534,7024
11031,8885
157,1925
80,15
12079,3378
2127,2126
3467,10791
13429,10287
16466,6721
12264,2377
1307,10466
1276,8901
8556,820
5056,3164
1119,3999
3686,8620
5627,3919
6496,6583
8249,8247
8956,8109
9235,7524
2650,1120
3799,6053
16999,8123
60,2931
2293,4266
2280,12140
8610,4439
14616,9446
1843,273
46,0
7663,1892
9172,944
1288,5878
17480,9335
5526,1019
1384,5586
13874,4113
5966,1291
4203,14400
84,3675
2621,3923
2845,433
155,3326
2729,2702
0,5
667,7638
803,8465
2386,3302
3055,3626
39,899
2525,428
7081,1328
8466,4286
11107,11108
11864,4671
19847,19156
1528,2490
246,411
4253,2035
3129,4514
2186,1901
1086,802
6404,6189
7132,512
8042,733
4131,1291
8934,17344
376,642
7836,8212
10645,10646
2197,7136
6949,8914
4604,922
158,190
39,2188
3220,64
4373,4207
2354,12223
13505,7383
869,925
3818,3396
10337,5016
13812,11475
10345,7351
1472,1403
6623,1924
1131,1110
6870,14633
4006,3632
2901,2943
2240,3426
1175,3102
1276,10324
13527,3385
13,1125
854,243
6196,5270
10167,3265
11946,2178
1784,3560
946,17
3943,250
5622,8381
116,3697
2382,9144
7456,585
3632,14129
1325,13
86,2542
29,2008
7239,11847
4776,9269
5211,15613
9454,17514
6801,5205
722,7829
3327,2354
6316,1780
6040,6046
10508,10509
7860,8932
8543,2546
580,17
13243,14714
3143,732
557,33
12305,3585
1761,701
1355,13
9622,1233
1093,13
3639,14145
60,2610
1245,10206
7797,7802
5051,3438
2289,39
6198,11708
19219,15533
4768,6533
267,6094
783,726
18387,18386
2384,10664
1398,7415
94,3133
328,331
13937,13940
4,207
3224,5393
5500,5112
404,1080
1123,13
426,839
2831,13046
1116,3006
773,8302
2535,1384
8065,4210
1967,1866
219,2266
13355,5075
7595,1817
2899,13180
2636,3910
10062,4514
7247,545
349,1558
14325,3849
9963,3754
59,264
7287,7299
15941,10877
1910,6435
4327,10331
3783,4983
10436,9801
3907,1077
3905,250
1291,3919
1795,5896
5128,5132
7459,586
1153,13
6848,432
4644,589
8875,1167
4450,9583
1988,60
235,116
2210,7077
5446,7104
895,9022
8942,5772
1258,6630
1024,2262
5191,169
2308,415
5511,6940
7239,16653
2169,7426
753,2149
9,685
6057,468
157,583
374,2503
3023,13350
3632,4009
5172,5380
1079,4012
910,39
4564,4743
3339,7170
16336,6437
7024,7023
1107,553
491,6471
155,106
1831,2304
3906,4019
733,6004
3221,3916
4005,3998
397,393
3612,14095
6436,4786
10118,4930
68,3335
4376,6385
18727,14215
12413,2447
2540,3932
410,66
4460,606
11101,1657
11488,2103
18179,11377
15120,4604
426,2262
10968,2067
1780,1211
226,696
262,1107
2742,12899
2154,3115
2018,36
65,3222
6140,10278
10744,12158
801,2324
5016,2931
6058,16103
1041,5194
8983,3436
18193,11433
13174,2895
4012,4014
9289,4674
725,235
2729,5682
303,2986
5210,4867
19454,16772
1543,3311
1137,2623
1307,5286
428,1934
8554,5393
3364,7361
7715,4823
17,1811
12073,3264
1681,2494
1686,2838
1653,6862
11335,1837
7408,1670
3051,12499
8849,10387
2368,2643
9783,17610
4042,4014
2149,1027
3632,1110
60,1134
2178,267
920,1992
2369,801
11842,4270
4486,14985
856,287
8609,3760
5147,1670
5042,156
976,5307
10081,1210
2378,2018
1134,231
17816,13903
3415,4266
404,2637
4046,1100
6059,1937
169,4460
1867,2253
9668,2734
4014,4036
232,2530
5218,4704
1663,10559
3406,3399
4058,1110
372,66
5308,6849
7297,7292
850,4794
1285,10384
4203,9570
4317,812
4339,6987
11713,2705
2809,2362
4034,3907
2081,1623
3311,3512
6477,356
107,3932
1019,816
3851,2702
329,369
3904,4026
13223,2921
11381,18181
3976,3902
14438,16021
2406,4574
6418,12958
3674,4503
4439,14923
9842,1170
79,2823
303,87
9544,3233
5233,4581
17936,10571
15217,19142
2819,956
18675,19770
1265,2161
1793,8696
8047,2663
10919,1504
163,5153
522,1299
556,7299
9460,15778
1253,57
10346,11441
2729,3133
2538,155
4021,238
4318,14754
929,899
970,900
14436,18927
588,606
22,1915
610,7535
698,3218
2301,7567
2637,1100
3683,1182
3724,1183
647,7602
4336,6665
4066,2640
5131,2210
721,1135
48,103
9583,4450
1100,1131
1210,3743
3999,4047
2022,7593
3214,9190
3632,2533
4332,12558
60,2557
4674,9289
13,267
14796,4344
618,606
3918,4058
1817,930
84,2362
7,452
17616,9788
15811,5490
1396,10699
1806,17
11652,5946
17975,10660
1459,8769
18054,10953
6146,5988
5084,5373
12235,2362
4399,5270
2018,1593
1801,3056
3074,2363
3967,3169
15610,5207
7769,7771
14677,5002
90,2557
10953,13300
3102,7794
4902,1168
84,268
13124,5089
115,4307
1687,5371
6892,4465
7282,15008
13891,13892
19312,15994
835,6094
250,3943
3245,12983
2194,2169
4332,14786
1836,17
9971,11863
3474,13974
1936,598
11432,3327
5270,5886
10387,8543
13333,3169
7261,548
4754,142
17506,12410
7073,497
5925,5588
8523,4604
8922,2623
4474,1256
9527,8624
406,5772
387,5530
2853,3683
14975,10829
8210,3326
1102,1311
17404,9100
14911,4428
899,982
16578,7072
4135,2729
13950,15761
239,4319
9609,6155
13504,10756
2544,80
6,361
819,8543
12788,2672
155,2147
2359,300
777,8317
7138,7099
6806,1442
426,920
2640,3925
3632,3956
8747,6540
1801,157
2702,4022
13839,13836
1131,1086
3903,2729
10609,10591
9098,8460
4798,6025
8826,3800
18301,12068
7504,4574
238,1219
2883,835
3958,5819
2542,542
5119,5851
742,752
6406,9028
7829,8306
14,13
1583,1368
9003,14989
2527,1173
13894,13893
56,1178
4025,4008
8325,781
17853,10373
6616,6771
8003,730
267,1398
1808,11285
2569,86
7978,12751
11450,9113
4447,8612
801,4715
2071,1307
1169,9837
5108,2659
15363,19181
1482,1666
577,3509
10510,1321
19174,19173
3503,112
1543,6291
10968,2364
426,115
4615,5163
255,233
3675,10957
1141,60
81,80
1672,6112
39,2298
1061,1794
703,6250
2544,6041
1109,522
6283,303
19496,17130
3686,3387
4959,10830
6013,14937
11110,1666
3228,65
2997,5794
9146,8635
2102,1909
2343,840
3666,3674
6947,468
7793,7844
4474,6062
11955,6373
895,943
6540,1807
19650,17947
7985,5570
1077,2677
2756,10808
11122,1676
60,1081
13,1235
39,204
438,6891
2406,8709
3902,2638
6472,360
7033,1151
7484,1612
11126,1795
10745,7553
1924,1795
18449,13763
16183,16452
158,1589
94,4048
727,7933
1116,6954
5634,3398
4159,7340
1955,327
14344,3875
2577,81
108,721
1785,1801
80,2837
9445,4329
742,1236
2376,1488
2892,92
13,80
4001,3906
3480,262
7930,16951
7299,7285
3436,8823
2531,86
1054,949
1102,1929
2227,10440
3743,83
453,5455
2638,5810
7077,5371
7936,931
19608,17670
8183,17023
3324,5734
40,563
3746,1293
640,2248
2641,4014
4038,2633
7047,7599
4220,4559
9769,2709
16393,13013
13,1369
1534,6662
6112,6567
3359,3476
3522,9132
2562,688
399,92
8126,4596
9461,5747
6973,2173
1092,2530
4060,1079
5663,4462
10271,4798
219,2376
866,497
2891,2849
1235,10163
3286,13736
4491,3517
7601,5125
2147,631
9996,12672
12343,8659
1075,82
12835,2705
5268,176
5820,3133
3036,729
4101,4271
567,615
5235,4200
8620,14149
331,338
2168,919
358,441
11462,14279
7018,1542
216,5461
14249,4122
773,6318
18842,13949
171,1554
1483,1755
1132,774
17365,19538
567,7381
199,569
1866,3213
14816,4354
3013,5067
2700,406
2147,8336
3507,2192
6039,6038
6385,6675
512,2197
5376,998
6533,16372
255,851
1879,2105
752,903
958,7387
581,7437
595,919
5067,428
4946,8769
4693,187
94,3377
5340,4724
2571,10734
5378,1044
5615,6649
10829,17318
2729,5658
2528,1238
1182,3870
282,6057
225,5523
3045,12310
60,760
3,226
12750,18566
4065,4001
646,857
1387,303
4253,4991
244,288
39,822
87,2556
586,3435
5140,3508
2845,1295
15346,9780
563,41
9286,12646
1559,1726
11256,8121
4754,3472
15553,19118
2276,586
3482,6053
2525,1290
641,863
6670,404
6811,4581
9961,5056
1174,1134
9935,3643
16137,16136
1094,9476
14071,7367
3192,63
4399,10828
5371,2101
1119,4056
646,2146
7337,7256
13844,3389
4751,141
2414,2398
783,165
2013,2054
17250,11963
1137,2383
3604,1670
1794,438
8929,7282
10161,1330
16413,16192
7316,7318
3493,9975
580,745
246,5595
382,6
16013,5870
4179,100
11056,2182
4858,388
8290,2047
4080,94
21,0
1987,11571
8128,8135
3666,6870
5440,5439
13535,3169
39,17
13659,3235
116,237
2361,2363
437,63
494,1351
7665,682
2635,2343
8922,5148
16,6
231,1126
4266,634
9780,5179
243,951
356,6490
2579,721
7080,5132
839,982
1116,3734
567,294
245,243
3435,1645
11231,1782
4004,4017
1571,10730
4262,111
3976,2723
5127,2067
4019,1107
4693,4993
8803,16918
11345,4513
8880,11688
3083,13436
2997,11218
14350,3883
1008,9277
3995,3904
3231,2754
3759,5125
11309,1823
4574,15100
1011,2378
39,2245
149,4857
6627,2504
8322,780
17182,19510
2265,157
928,2343
2554,4232
3980,3781
4216,6532
1368,171
8523,11801
60,89
920,947
4034,4017
402,3990
495,17
5964,15931
2776,80
7690,688
7800,2546
9266,3214
95,2527
2277,167
4011,4033
4350,4253
7213,534
11719,2071
14165,10115
13,1182
498,7081
2771,3119
3382,829
18615,15692
482,4104
167,5032
1752,1450
1029,4273
2204,39
13945,7338
5204,3761
1288,10391
94,3995
5252,8905
9808,9805
30,38
219,2189
1547,5367
303,1136
9955,6068
15178,9875
512,7137
567,428
1300,13
5052,5060
1497,10915
4351,14812
1077,3913
2369,4428
361,1491
3322,2067
8458,802
5359,3490
17812,10241
385,387
2537,4012
2234,39
11697,2066
1241,10171
5761,272
3904,3920
3995,4038
488,485
6099,267
5665,3947
918,69
1434,363
818,2117
1967,3078
8536,13675
876,2287
9,258
7474,11370
4203,3398
287,5864
4559,3033
3912,3222
546,7256
1202,13
500,495
3246,2607
1019,7476
2848,1780
5357,569
5527,226
7110,2233
4475,11441
2264,39
356,2436
3390,13848
209,5392
1687,5131
13,1316
116,2949
4865,3490
5622,1217
4,264
12249,2370
1182,3683
344,332
435,6866
2322,394
11030,1579
1019,5382
508,2426
9491,3816
10386,1285
1098,13
14040,3545
1232,13
337,2544
4475,2931
4482,1658
8317,4488
230,203
2339,7164
18803,13783
3093,1210
13027,2822
11493,18235
353,6460
2168,866
2729,3377
7338,7321
3131,913
820,8555
622,434
4314,4676
333,331
3125,6760
157,1795
9149,4991
6881,437
167,39
4016,1077
10307,17557
1775,5486
1109,9597
18915,14374
2778,236
2127,11795
7015,7018
5377,2860
9107,1732
19048,14903
886,4829
60,2801
7928,2060
7351,10350
2700,12596
4292,2823
5135,4266
80,235
8086,3400
3433,4819
169,5188
14276,3798
10256,3632
810,1020
3611,3593
1450,7796
6510,6509
171,5234
2296,2340
7585,2071
80,1174
155,2257
114,4
1819,2940
1514,8720
9100,911
4299,14732
3494,3193
3131,3141
13,861
1166,5004
2367,1991
4426,10343
10347,10351
6157,5078
303,6292
742,512
4327,9583
1922,4758
361,820
6300,7049
9886,4479
56,938
7891,6665
68,9
548,646
1188,40
3701,7808
79,3551
5501,428
8357,9124
7875,1244
245,56
278,4
6105,9964
2815,4194
5249,15641
1311,790
626,687
2252,1078
2155,3397
3686,8624
8307,1251
2197,590
1180,5410
3549,7572
5261,5263
6648,3194
5700,237
1491,2828
7152,5171
1663,8038
4567,910
2433,12386
19444,16700
585,7452
3784,272
3042,3045
6036,2815
4685,5103
5335,6151
10265,17815
2184,2233
2544,324
4338,10657
403,6657
9806,4469
14966,8516
8627,825
9507,9505
4748,140
8407,8406
1141,1109
0,9
743,282
588,179
3390,12022
3318,68
1134,9737
4176,99
3906,238
3233,5622
356,6437
903,9050
282,72
3382,13824
4234,4241
72,262
20,72
5204,541
8571,9941
517,878
16718,16721
2265,2198
606,169
6858,12025
4035,4031
4430,14918
6633,3047
8561,3746
3169,884
330,1991
1269,10312
3795,3790
15208,19137
2729,3995
6072,4673
10234,5646
4021,1100
1459,4959
545,7248
731,56
3995,3851
9960,4131
12525,18505
39,2192
2588,12623
1119,1104
3625,14117
7077,5131
6411,5270
869,929
2130,2131
8164,2770
2820,5052
4033,1110
402,3937
835,4728
1238,237
2198,2265
15017,15755
1931,1921
11985,17221
12902,18613
2340,628
3176,900
11247,8624
227,149
1276,10328
13,1129
11274,3065
10527,1330
787,4687
11341,1843
9875,1175
3751,84
1111,4784
1121,9636
476,72
6546,368
2380,4349
250,4455
45,1017
57,88
1175,9872
929,17
3169,79
4008,4032
5112,1086
2823,2825
7250,7287
10524,5354
374,6561
6716,4347
866,607
5270,9781
1141,2532
81,2552
9805,9804
16272,19370
7587,641
959,17
3639,14149
11194,11191
4059,4909
3997,4031
4224,250
60,2614
12759,7142
2277,5136
12506,2532
4610,1225
16458,6701
2533,403
776,2003
1419,10740
4850,4849
19247,19248
10336,7346
328,335
7272,3639
157,453
258,1259
7653,4270
366,38
14005,3498
1983,875
987,910
85,2270
2344,2574
998,4452
6597,5163
857,1029
13833,3391
7864,3901
5524,225
17060,14474
4030,3925
1198,541
3932,1138
3531,794
6112,395
15336,4880
15662,12220
9583,10118
631,3877
18709,13314
10436,9805
2074,11731
4113,2647
9318,1741
10952,1993
2707,532
6486,3238
4110,97
949,8323
2241,4674
3468,630
5654,10255
1384,1081
13725,18733
3214,9381
3025,60
12,48
5031,2170
5910,3270
1075,1265
9727,17602
4949,825
415,4602
6043,6051
243,5838
7330,560
5122,4917
411,696
5,8
4795,4522
5607,236
1882,18
863,39
2081,11747
6105,11066
6878,436
1076,1086
12705,13806
11303,1819
9,689
2540,2647
8316,776
3233,1113
3401,13529
101,1409
94,238
11098,12906
5458,1052
608,459
10229,10242
93,13
11073,8123
887,8919
2136,11804
3311,5126
3846,2252
6924,2659
4207,5641
19084,15015
14616,4136
10407,17869
239,3221
10133,10130
9545,1100
589,567
3169,13529
1041,876
11915,2174
3083,3397
3640,10670
2957,60
6014,6760
10221,6752
2024,6271
2447,712
5437,5436
4014,3906
11347,2067
16615,7145
958,60
17699,11683
453,1056
830,814
4131,7874
4380,4414
13,3
4053,4019
4459,5461
4479,14973
5049,2294
415,1703
898,9027
2588,543
4045,3377
122,4110
631,2267
922,753
1658,6271
2178,2365
254,65
4253,108
13924,15670
2955,5440
56,80
231,81
1805,282
17,1815
726,60
6681,406
2699,3942
6196,14886
169,2586
8409,3703
4861,149
4706,3244
1805,1221
7730,7552
9229,998
11049,11054
4779,3722
7132,9323
11413,1882
11812,5563
107,2647
4738,15210
1939,5358
10669,1384
17489,9348
268,5224
696,9
1129,9690
8056,2245
998,2037
2354,4819
2956,3167
5191,9301
19939,19985
1134,1174
9349,6368
249,5332
1343,10558
5458,13213
4930,4426
11347,15383
3391,13833
3904,4030
3625,4615
5702,741
11705,2067
4017,3907
2541,2551
144,4757
1794,816
6992,1183
3519,14018
1024,8711
1384,2638
4904,10560
7182,526
303,2535
7192,2934
15958,5787
8984,17358
1863,394
266,2653
137,553
7132,2102
14052,4820
4267,1988
13463,10841
356,2546
2190,8336
5378,11355
163,5157
1173,2576
5194,2378
4848,1741
10331,17553
9062,17399
17309,17243
4047,3907
1117,3398
3851,3995
3426,2311
4496,2979
2255,12114
4346,3974
3988,4266
14859,19034
7275,10674
1126,1417
1384,3927
3860,2768
7167,783
10171,1241
2557,3784
8472,8673
5425,217
4035,1079
9230,15670
1902,11437
4920,1213
6714,16464
6921,7143
4782,3723
11243,3675
2973,6099
4608,1126
12876,10118
2167,11893
2093,3276
4056,3996
3877,89
3754,7603
867,7730
17,1144
5194,11022
9291,1020
4017,4041
11066,8859
12558,4332
4469,9800
4695,721
732,1089
9899,4286
1117,5626
5370,1799
1110,4455
60,2911
1789,17
4010,4001
9271,10352
11451,10363
12876,8024
3414,8851
3039,3312
7860,723
6283,16254
3102,7798
3979,14487
7252,7256
8147,753
5249,4663
4020,5628
250,3947
12586,14085
4047,4041
565,575
5967,4125
9326,2330
1118,6386
5588,1096
2308,11320
16639,7194
3478,4298
3934,1131
646,914
2084,5950
1778,16
1819,17
3519,2609
2729,238
13854,4565
2372,3384
2623,7167
3995,94
4077,4068
10398,10399
15110,8806
857,2265
4298,3478
15948,5741
17,339
3162,6886
5719,239
1801,1316
9235,17087
204,165
2859,469
8987,8849
15904,5634
2705,12834
11,524
8952,8104
253,57
14334,3862
3382,12295
1715,3235
1780,7794
1849,17
6457,353
9649,1125
7430,1088
249,5950
7205,14741
1794,495
8626,13946
14714,4268
13,755
4018,3996
7509,600
3629,2723
403,3384
1110,4000
6513,635
7633,666
1106,94
10118,6386
11608,11612
13785,3346
402,3913
137,232
8554,2177
835,8676
13839,13840
15400,4946
357,6
1442,3426
3668,14170
13219,5464
7709,16876
14125,17809
5977,251
13,1105
72,22
9932,14517
16203,6209
9843,15199
1273,6808
611,1993
237,1752
94,3918
1787,613
9170,5307
1687,3415
1799,438
4025,4012
2633,4047
6196,6189
1824,1434
4335,14791
9900,3840
428,7
2243,4801
4426,14909
823,4478
14588,4105
1793,9668
2380,2820
755,3785
282,1121
2145,11813
10006,5929
2874,13154
1143,3143
4685,10824
2189,219
3271,10346
3398,5957
3019,5372
4731,2309
5072,158
39,2302
232,253
1450,819
3377,2636
8045,6221
4278,7467
10350,4426
8265,15764
4346,5881
2149,39
14604,4207
8262,971
4080,2729
18,674
9945,9975
76,90
2806,8647
3835,3864
5194,2191
13,1239
10116,4380
3913,522
11605,1999
10118,4426
94,4052
10341,10325
2179,39
3913,3905
4163,14633
4328,13946
834,829
6116,1833
8039,6160
5460,216
18262,18263
732,552
19095,15046
4114,404
3761,5204
7419,4200
16627,12124
2188,2195
3915,2638
7299,7289
1948,3674
3985,5097
5838,549
5332,1909
5781,8151
2209,39
3635,14140
108,1075
235,96
10763,6419
2722,12867
1850,106
5270,10830
10144,16735
13018,2817
4928,11066
7294,7295
2922,2540
16688,7273
2208,753
8522,6105
3271,4414
1672,6600
1968,5430
2641,4018
227,393
3945,2638
13,1373
1,50
6,394
5135,5128
7022,9990
157,563
1038,2298
2370,522
3675,8412
36,44
18301,11751
10116,10341
3927,3937
2729,12883
243,3720
1459,9875
9393,1086
6867,438
16619,7294
7018,7023
4208,3398
1076,9356
1833,5363
214,5419
630,7549
3906,3999
1366,10623
583,563
216,5465
1174,9864
1384,4224
374,389
13195,18678
246,1143
2199,1175
1275,2776
239,4136
927,3756
96,1384
115,2380
1056,194
2011,1878
4368,4969
968,2067
5118,7941
6897,438
11989,14150
427,6816
17323,8928
6282,9210
3976,3398
13,568
2201,2160
2528,303
7619,4745
1053,835
5530,4852
29,512
4795,2188
6116,4195
8674,9262
2729,5662
5339,4503
8933,8964
13021,2818
3212,154
2641,1119
3749,2079
3,230
4247,14599
13798,13063
438,158
947,6451
572,158
9564,1102
4440,1438
883,8910
5103,15523
3058,1407
5602,4324
12973,2777
1386,82
436,6878
7816,721
5140,3512
9128,922
9259,1405
17947,19651
29,1801
3227,13644
3415,863
4019,4010
268,1817
5010,1187
9875,5286
7282,9832
732,231
2757,2583
4991,4328
4005,1079
163,3494
3222,3851
3244,8336
14946,19060
10370,10368
3437,4944
80,426
1888,77
57,2694
1244,3947
7352,563
19894,19437
5022,1547
16683,19440
19613,17697
18715,13349
59,2740
866,2274
4202,1219
16753,15483
5354,12085
3851,238
17326,8929
3391,4949
10330,7155
4268,5222
4846,4704
3927,6649
2533,1131
5090,900
726,170
7524,1959
9547,9900
526,1802
3628,1105
1183,1577
5097,5454
4398,5453
1105,4138
169,252
10341,1278
3928,4026
2018,2378
1173,108
1102,3840
3784,2557
69,21
3214,2404
1965,273
3436,1285
416,4266
6760,5131
361,1361
4445,5649
8271,17061
17036,8200
12041,4220
4054,1105
7447,584
1142,5309
3995,3908
4409,8621
1245,6750
488,355
39,2249
149,4861
2642,2363
756,1109
1489,694
7590,1801
11795,4164
3746,171
1645,453
13112,8681
4045,238
784,6540
60,93
1711,2204
1301,10442
2280,9302
3047,13379
8197,2186
7,432
86,725
6765,6764
612,17
2852,79
13,1186
39,155
4228,5957
4255,6060
8725,9660
16022,8164
382,494
2768,2825
579,7424
376,5375
605,2229
825,4447
1667,592
94,3999
10563,15569
68,2778
3440,1188
3049,1532
3512,3508
18420,12195
72,453
13444,6013
7289,7299
3132,254
840,4728
3540,79
1876,1116
642,17
3715,80
16442,6656
19581,19582
1287,721
8413,12175
8780,857
3019,4514
6300,1308
10723,10724
964,3451
186,151
3169,10874
13902,9493
2986,11921
232,2778
428,438
488,489
1219,5663
1322,10514
4195,14653
3638,4936
4574,2406
6776,2176
10346,9461
11583,6105
18348,11918
1645,587
542,725
3723,2765
5371,5167
2169,10386
273,3718
1068,17
3048,906
3847,14320
12705,7902
855,8769
8166,755
1151,1183
1285,7599
2328,1748
7450,585
478,151
3143,1143
11042,1967
13377,3047
1687,5135
2544,60
1823,300
4734,4731
5391,2786
4,268
4369,8016
16055,5964
13892,3678
84,3415
1104,3996
1112,8021
4706,6066
2101,5125
1442,10407
13240,2934
38,37
13300,2985
4303,6615
5067,595
406,2153
4272,886
925,9134
14600,4115
16095,16101
2558,116
19536,17314
94,1100
1577,1183
10718,3159
4992,1175
341,3421
11432,2502
18515,12566
6906,16528
2889,1384
7880,7874
79,977
3723,4993
4005,3925
5958,3957
4946,9875
10013,9005
6811,426
9306,2727
18982,14661
15678,11467
16674,7298
237,5700
361,1040
5144,5137
495,1794
428,572
3083,876
15691,5286
563,6624
80,3272
1384,1138
375,6573
5946,11652
5980,15208
1421,1959
18741,13444
5296,15707
169,5192
8199,3281
3230,522
3235,866
2233,1056
11266,1809
17134,14988
171,5238
2984,13298
80,1178
2416,7364
9382,10427
5499,2453
16722,7315
428,1861
3901,1077
8830,17269
303,6296
77,3509
4660,4512
68,13
4109,5163
3398,10255
2156,6097
79,3555
3802,14280
2340,2242
60,1061
8628,8625
517,7164
438,455
6532,5309
245,60
2265,2068
2881,122
7034,10431
2280,1410
6268,4482
9563,3426
2546,7945
1488,2376
9561,1101
220,3
1020,810
16754,7361
3998,4019
17836,10318
1291,1081
1733,2180
17,583
2126,1882
2599,1540
1804,1831
585,7456
7507,3831
468,455
5033,155
8610,4447
10241,5182
6791,2163
275,60
9769,1400
5810,3230
16711,16709
13,60
6479,356
17739,17151
1076,1277
403,6661
11657,7426
494,363
282,2170
3243,1992
2527,2576
3165,10969
5583,3224
2909,426
7083,9138
9259,15823
106,1944
3113,12499
4987,5822
56,137
250,3386
1131,4367
97,4110
4273,817
2727,4327
13871,12868
2343,954
1694,508
4904,5006
592,7472
7290,7337
115,4100
5179,1269
11813,5091
13,1349
2028,3013
4793,5929
3910,1115
1269,517
1554,9546
721,123
7340,3667
158,1703
5744,15950
156,5040
9811,17625
3512,1227
2729,3999
3508,10153
1607,3141
4210,3255
1187,303
731,60
14374,18915
8215,8216
1210,10086
1919,1915
3925,4025
4398,273
1089,3151
3389,13844
5278,1783
517,2171
149,1775
82,553
2365,689
10391,1288
1931,1925
3056,2300
850,1822
7739,2221
8055,737
6590,9339
3140,13490
12237,2362
6373,5140
10418,2330
11603,14090
1316,282
1994,3378
1027,179
17807,10222
7157,526
15761,10965
17456,9241
6291,1543
2124,226
14727,4292
9940,9875
122,4651
3396,13860
9810,9802
2699,1100
4008,4036
15893,5607
2163,339
19139,15212
13205,2911
1085,3917
7076,7138
1771,7628
3222,94
3697,1141
374,149
453,442
5071,2220
866,611
7263,548
7634,7631
9805,9808
3602,14086
8929,5973
8733,6061
1040,3393
87,92
732,3240
1300,314
4247,238
8065,5373
585,3752
998,3167
2729,1100
2154,2855
1758,2855
9087,10696
5973,5182
9517,3110
11041,14336
1284,720
2648,9779
2753,9041
15428,15427
3233,4016
6438,6450
1149,303
10352,10327
2501,8039
6100,9838
3380,2723
3404,3117
18562,12733
2387,2275
112,1438
3241,13676
4033,4042
485,488
13878,3919
5891,804
65,868
435,401
9567,2823
2060,11679
6269,1918
7282,5270
2201,2270
1110,7895
341,6401
4991,8626
1459,9769
1965,1993
1240,17
18636,13032
522,3938
7136,7138
10348,4327
570,7392
6404,15325
4307,265
17966,19653
6194,5127
3033,13353
11201,1762
5127,4730
9473,1094
1544,10981
438,268
15004,9780
8200,17036
2727,12300
11787,4488
9715,17596
19866,19243
5290,183
13297,2984
15755,15017
15542,5110
12,52
237,2614
9851,17642
18643,13048
17884,12996
267,4708
4624,1261
5258,11198
155,1269
2645,3980
4122,14606
6150,2734
6175,6174
11182,2809
19031,14850
5,12
43,304
824,869
1438,4704
1799,11099
4798,4797
636,818
1570,4631
348,351
4936,5670
2300,3164
522,3133
2165,9355
3615,13462
3175,358
5131,7077
5472,954
570,171
62,3148
2364,4088
60,69
2257,3467
6696,3028
2071,79
2169,1368
2945,835
10484,1316
35,12
14556,4089
246,232
13888,3401
968,3600
2749,896
4120,3956
1081,2723
250,1105
3169,13533
3386,5654
2677,239
3995,2729
8262,5216
10490,16006
11046,7593
19817,18926
158,2455
1737,2246
3167,1005
737,7235
819,7799
17366,9003
2824,1605
12889,2734
1849,6624
4509,7272
3389,825
2439,3457
5982,251
8129,3532
17559,9583
4971,15439
403,2636
3871,14340
2309,7548
330,5541
1120,9632
3995,4018
848,808
7138,9738
13341,3016
1799,1784
7391,570
2427,3073
61,428
998,752
17,1819
2006,2262
6722,411
8,13
4968,4938
1083,6717
730,7353
828,8642
2270,1554
2354,2945
3906,2633
10586,17942
616,1589
5375,374
8746,848
9738,9739
6963,473
9342,7295
13,1296
11812,5567
6019,1607
16720,16718
17300,8891
19927,19979
5170,5045
170,721
5956,7674
1671,3073
2841,13047
458,599
7022,1992
8754,15611
2557,1210
3050,13386
3417,2068
72,563
1135,60
2329,40
682,7662
9001,9072
2160,985
1086,1107
1261,8278
6277,303
1077,4027
1965,517
4210,169
4714,2146
2389,10644
4087,6185
15026,7124
8080,741
7717,689
939,9166
4365,2931
2541,2555
851,4623
252,5984
3628,2638
1587,3725
914,9109
8615,11638
169,1785
8305,17074
9190,3467
8708,6167
17942,10586
6148,273
3386,4044
733,1369
3995,1119
5650,3938
9072,9073
6742,16473
60,337
9461,10346
3050,5815
63,608
12887,18606
15704,8126
1294,9515
255,778
64,1210
57,39
16051,5955
6058,730
7004,7024
13511,3157
9094,911
592,548
5091,160
2412,3434
60,687
12458,12457
595,1785
607,856
6830,428
15995,13378
6556,5329
921,9125
2628,56
1079,4049
8277,17069
13463,15167
1077,3222
6061,8733
7599,8523
7800,16915
1482,10855
5637,4241
3906,4056
2163,636
2655,7514
2373,2166
12022,3417
12560,4224
3972,14475
4005,4035
4948,6648
11161,4778
583,620
3430,13926
2611,237
11618,2021
16850,7634
4011,2537
3918,94
2613,6699
11066,8863
7298,7255
10059,15125
4469,9804
3482,12746
922,6852
9119,917
5103,1459
60,2915
2658,2685
3530,9030
14981,4482
2169,10630
4010,4005
8536,10890
11191,11194
135,56
3920,1079
2934,1802
1089,549
3979,14491
1290,2525
2847,2557
4041,2537
4559,4220
13108,8536
7249,15822
866,2197
3206,3429
3722,3723
17285,8851
1299,544
731,1780
7061,495
545,2556
1384,93
1301,8726
752,1314
3436,13690
12782,8716
4790,4503
14567,18963
156,4666
1813,1704
3554,4297
4786,1351
1105,4061
5527,1763
17548,9611
406,5780
7832,722
10231,17810
3930,3995
11,528
387,2505
817,8505
1056,385
3222,3908
9874,3428
2544,2532
2742,827
35,2053
7431,16778
6261,14940
3240,4487
6163,1573
11266,5086
249,5954
39,2172
94,2633
18309,11779
902,857
1110,4004
4224,4068
7385,568
9124,4778
10553,5564
137,236
770,8285
4949,4509
300,1920
3910,3908
10734,2192
8262,17056
7139,512
13,1109
4865,839
3160,1875
2576,2578
8832,1344
5000,8611
19870,19258
499,1756
5657,250
428,3044
522,4369
39,1017
388,1925
2731,2866
2296,494
13279,18701
721,3266
7034,3320
5616,3632
86,2526
7456,16784
3984,3426
608,7526
966,4790
3548,10443
3639,3391
10631,11647
886,4272
1080,1105
1849,155
14125,10242
2048,5468
19915,19566
96,1120
14943,4458
5197,7970
39,2306
1040,925
752,6120
768,237
919,2850
1334,3092
253,545
7599,7047
15288,4843
8449,801
730,884
1110,1105
1189,1398
900,1295
1953,104
17556,9582
851,8758
1491,7398
13,1243
2224,567
2702,1131
11795,2127
1831,1804
3264,6496
7388,569
9341,1355
6450,6436
94,4056
5780,4921
16372,6533
4426,1276
1100,13
3913,3909
4016,9514
1136,232
2780,5336
2296,39
15298,8540
18964,14567
17665,9875
57,1141
17,22
7596,1622
7153,7468
780,947
921,428
258,84
239,4006
4380,10326
5134,10788
1130,13
12735,18563
16429,6636
2542,1384
56,2609
3920,3925
14682,4228
4224,4336
19063,19834
2654,5008
87,1141
3996,3920
5426,2679
7294,7299
5308,10537
17996,10769
2540,5660
255,725
3181,1492
11367,12172
3697,2540
17597,9717
4048,1077
1,54
6,398
5135,5132
2533,3900
1965,11552
403,4006
1160,13
1301,1184
1294,13
9026,9025
1810,1061
2195,12014
3649,779
15125,10059
2653,60
1104,4053
443,372
6513,11056
1119,2641
3927,3941
1077,5613
1079,3996
1216,10121
4938,4968
5208,4829
12550,2544
3683,548
548,6989
753,39
7733,5252
6093,267
2361,3042
10380,10576
5573,231
15720,15722
11312,11310
6844,431
216,5469
68,3319
1324,13
1174,9868
1176,1081
1384,4228
374,393
4271,4101
10470,10469
5126,2171
2412,4670
2159,60
10209,1245
968,2071
1119,3930
4694,12313
5453,12365
2786,158
783,39
5702,237
640,1451
239,1107
60,2862
4337,6791
2699,2633
8769,5181
2702,2904
7430,10704
3572,12586
13365,10583
1107,2765
1257,80
3774,2140
1143,732
3754,2427
1135,1780
60,768
2267,7298
2723,4131
567,2262
2824,12319
56,60
8117,5376
959,1554
9116,916
14978,4481
10551,3991
403,1107
4016,5810
9146,8672
4894,15353
5891,1987
2038,10629
3131,169
5865,766
14287,3809
39,830
68,70
1554,6086
4042,3998
10256,17814
576,4418
60,1118
1459,564
4019,4014
5361,2172
8850,8529
18027,17140
1107,4054
10295,6630
7418,1029
4104,1843
6000,1341
1165,1780
11893,6471
5270,6191
3906,1104
1980,11563
4888,10061
14324,3849
1784,5235
17269,8830
1851,41
354,60
9144,4253
32,9
68,420
6895,2193
5270,9574
800,8448
236,4
3489,13998
4644,252
5776,5770
4014,4020
1481,4645
34,55
3415,5189
249,1929
4351,9075
9202,17440
13420,3069
1833,374
1554,959
4603,628
2705,303
3508,11015
4224,4015
9525,1097
13504,13505
2940,1109
1870,441
9096,9093
803,236
324,9
1167,1452
4011,3907
10088,1210
10394,4700
356,2176
1823,36
5338,1198
116,245
4871,15318
4375,10950
382,364
2286,4641
3153,62
4065,1110
7382,567
10293,4998
231,1134
4007,1105
1290,3895
16716,16709
125,2401
233,1180
5353,10524
6484,356
3390,2634
6437,2230
9380,17496
1115,107
12646,9286
65,2535
89,3875
3946,4020
431,606
6661,403
11,20
169,606
568,877
6523,469
4859,1506
10053,10799
9546,10968
9333,1061
3999,4031
5472,3426
3909,1105
6211,6209
839,8695
1345,919
6596,10746
10188,17790
13,251
6422,6429
250,2638
155,5030
5091,11813
4310,5586
7,436
1304,8465
595,606
19142,15217
9447,3233
5138,2210
11872,7956
15368,4904
11058,1781
12710,2639
1447,822
55,103
118,4589
3311,1536
3006,7316
10028,5615
2287,1967
10245,3398
10287,13423
3720,243
1096,3224
2243,914
1780,3102
14827,4930
7349,8108
181,5288
1256,10272
3930,238
568,72
9437,14192
16655,16567
3632,4241
4439,115
12025,6858
428,5919
1135,9753
10278,6140
8296,5178
19919,19581
14124,10822
14914,14913
585,426
16856,9094
12343,2414
242,3470
6319,773
11804,2136
157,5052
8961,8197
7978,12601
1096,4513
6276,1076
10350,10338
808,848
10689,3388
85,453
2146,2270
16306,6368
1843,17
15075,13676
612,2599
18466,12328
15825,5506
2866,115
7155,3115
670,325
2186,356
7342,5193
1547,10986
4,272
630,3178
179,1027
60,3025
9445,14783
13,735
9875,13613
1104,4000
3631,1086
632,4944
1100,94
2101,5129
2306,2343
5487,219
411,4945
9114,1622
1323,2583
1751,11166
5617,2729
2699,1291
2599,121
3476,13980
7835,780
250,4061
16115,13539
7593,11046
282,6228
16090,12728
5132,5131
3222,2729
10013,9009
154,566
2804,526
8770,17246
3927,4238
1852,79
10256,5734
237,5704
12928,5453
13461,18748
2038,8348
5161,584
6606,4347
2855,2154
6864,441
2729,1291
17,453
5237,4551
622,792
8888,878
3910,2729
7810,10118
80,243
1549,428
1017,567
65,120
10223,1248
9478,1094
171,5242
2549,542
2903,1794
3600,968
403,115
8348,2038
14767,12876
232,233
4356,722
4032,4008
1780,2431
1088,3601
2148,3581
7810,8024
3407,3956
1244,4114
17615,9788
4936,250
77,3513
2011,85
2737,4915
3246,66
7799,3701
9422,5484
7271,549
115,3970
13141,14555
4621,2309
3377,522
2623,60
2637,3930
1107,4001
1780,337
752,7974
85,2815
7418,976
8646,12618
16354,6492
1201,1384
1884,660
4952,1133
1691,1019
10103,2620
6290,303
4039,4024
14429,6441
1256,4474
303,1173
733,6419
3235,65
6750,1227
239,3632
2197,598
2613,10110
34,2
3979,9608
9609,5468
19790,19789
5245,2294
314,773
732,532
13244,5234
2385,3278
2915,60
253,2749
468,459
14205,3700
3902,3911
2537,4049
5950,16046
426,233
4177,174
3438,8880
2679,12800
10850,1480
86,542
1545,39
4645,11539
14676,4224
5500,1473
7351,4426
1867,3473
15060,8536
5946,247
12787,2672
15426,8859
3133,1077
3380,3398
2654,2540
4137,3377
11053,11049
13502,3146
7631,7634
6738,412
4816,2911
2641,3998
544,80
2071,6097
1056,1918
282,80
3644,246
13,1353
4008,3906
1107,4135
116,542
553,543
4068,3957
14329,14854
559,2051
6562,371
156,5044
9232,2461
1398,6004
5040,9193
2729,4003
1922,2217
3040,3865
3047,2592
640,4110
4547,9260
13281,4496
567,599
1210,10090
923,234
331,322
3925,4029
1115,404
1024,2006
4038,3906
2235,2155
16732,7336
2723,3407
694,7729
19640,17885
2068,8808
1856,11369
5530,4482
13704,3259
9564,6209
250,5968
3803,7422
7361,5248
9884,17676
5399,212
2952,7027
1089,1061
4253,3686
4010,3928
3996,4030
1601,11035
512,6153
9041,957
2203,2967
252,564
7974,752
2148,816
11828,7796
17437,9195
403,733
6719,6720
57,96
9392,11737
84,199
122,4655
12847,12848
72,2848
593,76
7959,16844
3348,13793
565,502
17773,10152
64,2206
1607,2340
2823,2833
374,6569
15582,5160
6046,6038
544,564
8551,9027
2558,6699
8138,752
1138,3932
87,96
1081,3398
18219,11459
15822,7249
7572,5444
14428,8901
1634,5267
7240,541
11842,8202
402,107
80,56
3999,1079
8102,7861
542,87
9321,11281
14698,13865
1219,5964
3454,4928
4027,94
690,3368
268,6119
1078,7422
6059,2836
5665,1219
17497,9380
2199,12027
687,626
12767,2665
4210,8065
10347,9583
516,7160
3742,83
4237,4226
16303,6367
4183,7373
842,914
6105,8846
515,519
16446,6675
597,7499
19024,14838
1278,4450
4057,94
6004,5007
1503,4568
159,857
7439,4110
6585,6450
835,3126
2598,12648
2170,5031
2576,57
0,46
19729,19730
571,801
3871,89
239,62
12157,2305
2398,2414
111,816
6513,1851
15535,19219
2378,9117
2727,9271
1199,7725
10239,3233
6424,16331
12815,14733
11526,17899
780,1325
3144,3143
4004,4001
1483,10867
28,0
7810,10065
8304,774
4129,9365
5354,10910
11149,15697
10836,2176
3974,10016
3905,3995
3545,14040
6518,6517
5532,7240
3400,5957
3376,5371
3639,4253
258,3845
5160,5382
39,2229
2146,11561
481,884
2287,11042
5131,7081
5666,4207
1853,7552
62,3152
1244,4061
2364,4092
516,3322
4131,5654
1813,17
426,6812
2735,12895
1126,9667
4034,4001
5244,542
5581,3345
7548,2309
9533,1098
486,2167
4011,4017
2753,80
581,4656
3494,3498
13,1166
851,2265
3819,814
5371,3508
2413,7367
4273,984
553,356
4211,106
171,62
5713,239
15671,19241
17089,8349
7309,14751
4384,4006
2764,9287
4283,9027
8928,17324
1100,3908
157,1295
3212,13584
909,930
3675,9144
5170,14714
5458,2349
303,1120
4649,4654
5886,5270
8348,10629
113,3440
72,433
3907,4017
3957,3380
4041,4017
9144,13946
106,17
4099,14575
9796,11657
9582,17555
3041,2590
3073,13425
7165,3079
18526,12601
8312,11349
1094,3312
2161,1265
3671,8621
15649,16799
2537,3996
12162,2409
3632,5660
2211,39
361,4858
3995,4022
4344,8340
9146,1345
1243,10201
7795,7797
12869,5654
116,2583
553,2584
4503,3674
881,171
9800,10436
17,1823
9103,4092
471,1993
7282,13813
10116,9918
522,238
4937,3377
2220,2195
539,407
2528,96
8947,17350
14420,17922
12518,17855
356,2420
10598,10601
366,664
13,1300
2007,8503
10415,11648
801,592
2241,39
4,248
252,1316
403,3929
4328,825
10417,3615
12132,7239
339,6388
1965,9031
8162,17016
3425,7410
4306,2729
951,536
15375,13540
11714,4447
9780,1459
434,17
866,428
1272,1116
17221,11985
1304,10453
683,721
3957,5958
4005,522
1075,13
7159,2459
1983,1851
94,1080
1209,13
1269,818
12726,3632
9777,2881
2292,3360
4730,5127
5126,5127
2362,12235
6805,426
2271,39
8212,3897
282,1316
13645,11486
5469,5466
438,1829
1921,1912
3055,1841
267,1947
2192,2375
15586,15830
411,383
2330,10418
5171,6940
6217,7022
1239,13
977,13
8119,5776
2501,4823
376,1301
214,219
5131,6760
2166,11892
16896,16897
8038,8039
7164,5031
727,3221
9027,8553
10341,9581
1100,3237
1158,9823
7798,3102
10391,2528
18447,19743
1813,635
743,721
428,5813
2267,4777
7258,7295
15998,19315
1269,13
873,13
9976,12085
3927,3998
10897,8523
11242,13631
723,254
12541,15879
549,7271
1079,4053
14271,3788
1987,5891
2737,4891
39,753
7026,4693
63,1901
395,388
1864,4737
2359,4716
573,2380
774,4356
7379,3276
8041,16981
1467,2068
204,39
4056,4004
1607,6020
167,157
5091,1453
9291,3472
3998,3999
3686,8608
12148,18405
1918,9295
3582,1088
4759,1653
426,3242
16896,19475
135,60
4477,4384
9314,2328
13823,3382
165,2154
1982,1359
6290,2157
285,4
15071,10014
8823,8857
4061,3947
5270,4959
6684,13573
7209,10011
9609,7322
14937,19059
354,1272
3060,13407
7169,2476
10326,10346
17475,9918
11446,3207
9193,17435
1081,2540
4224,14676
1384,97
1475,6631
4398,8413
7154,8769
1141,1093
9907,14334
11893,2206
6392,340
506,353
4693,7018
9875,10824
2287,12144
1322,2602
1895,20
2258,72
12934,7047
11886,2166
6891,438
563,106
2729,3629
4019,4071
53,4
9144,927
3930,3999
2187,4743
5053,1295
1089,2781
39,1237
3222,3912
5503,10391
1131,5636
376,630
9834,8729
524,528
9665,9674
14377,3917
7,9
2379,12268
39,2176
94,2637
4328,9148
3325,68
1086,5112
13686,3245
12357,11708
2507,12453
4224,10488
1110,4008
1782,11231
2706,3214
860,3079
5,313
3255,4210
6615,4303
8301,773
2946,13254
4010,1110
11928,2176
2,15
4140,402
62,66
895,821
2197,5030
2541,2588
2971,7834
1748,508
5048,2240
5862,2753
10829,4685
13,1113
4865,843
8676,835
553,303
8354,784
1182,9896
5418,10818
6005,3970
1910,1967
814,3084
5074,428
9718,3427
18706,13297
287,3567
708,7761
536,4271
3943,238
646,467
1823,1032
367,1052
3572,14066
6676,16448
453,72
15128,4616
876,929
950,878
2997,9405
11817,2695
3542,79
6563,7122
3908,402
5841,15997
13980,3476
12533,3050
9611,9572
8713,2006
2071,7146
1743,1453
13800,8204
7346,563
1107,1212
2838,3117
1143,5595
5372,11762
721,1176
318,5
397,1052
10574,1668
4387,2507
6066,4222
2160,11540
2165,11884
2577,10108
5418,214
12551,3979
563,7356
4266,5371
4135,2636
250,251
18656,13129
2166,2845
2819,13024
5669,4936
10335,1278
2067,11699
151,3655
1878,2378
18854,14053
1571,2635
3508,5140
2952,4693
1000,9235
1244,7875
7252,7293
10994,18068
1658,4482
7969,7119
9144,3639
7629,16850
2540,403
8620,3639
124,2367
13737,11022
6147,13205
8671,17190
3905,238
4675,15166
16717,16721
4414,115
4560,1630
15353,11634
9697,3973
11472,18228
1345,10559
1526,17
90,3887
11810,11807
752,6258
1325,7840
3620,10053
8204,6585
4447,14935
3152,2071
9100,2936
72,1803
10011,4513
107,4241
1755,4391
1278,3271
7940,4445
6066,4706
775,8312
1398,1121
238,3943
2805,8564
3092,5588
542,1136
693,7721
8370,996
8798,2197
9804,14958
9251,14974
3837,1019
4122,3632
5008,9875
16152,10280
1491,1470
13134,3508
2642,814
1921,1054
3483,1430
9135,1967
966,1090
8928,8090
1805,5043
3632,4936
5232,6358
930,844
68,3323
5209,2402
5467,748
374,397
1265,2820
4455,250
13460,5371
4776,6492
2176,233
646,4468
3657,3653
11741,16500
10296,10293
8608,4328
107,403
1105,2723
4620,11055
3274,6517
7894,2706
2639,1805
2623,5244
426,156
863,157
1036,85
866,2148
876,2836
6115,13592
7295,7258
3329,939
5008,2654
8705,11966
56,64
517,459
553,116
1100,2729
3380,3910
2397,178
3927,107
5078,1703
2729,2637
17,1799
3482,13986
3632,4131
12172,11367
2431,6363
1483,3406
265,588
115,4027
631,157
2155,11383
2925,1236
6689,5354
4060,4019
1107,4058
1219,1081
5056,2294
2239,3160
250,1219
5950,5954
2994,60
3035,61
10387,8852
146,115
1130,2729
2178,1194
13974,3474
7586,16832
267,1573
3639,10563
337,60
411,9
3852,1222
16709,9342
835,1276
3639,13946
6518,3378
9,2
831,568
1077,4007
8096,10114
18232,11483
5032,2243
3024,60
5706,4631
238,239
2700,3346
9114,9868
585,4484
2230,199
1141,235
62,13
9868,17655
237,768
4053,1104
7222,8045
703,9
3947,14449
4491,11129
16115,19341
4,8
19464,16841
1946,4577
146,4787
1087,4321
1121,3151
233,245
374,2170
19121,15149
1726,3490
3255,5446
9521,5654
5754,13316
2179,9659
1281,2093
92,13
1105,1113
19838,19112
1290,866
1780,6355
11978,2186
19214,15498
374,6492
1088,5081
7189,526
6583,7132
4447,4949
581,2806
4022,4019
10734,3782
11649,4347
9780,8924
3278,303
3999,4035
4016,4204
15745,11678
1965,631
1247,10214
2300,5051
774,8304
2861,954
2981,2002
13,255
1088,9403
10969,11943
2091,2433
155,5034
8083,11706
2170,282
6192,9354
7,440
11808,3064
2067,11646
10391,4732
5224,268
165,5163
4380,5016
9292,11213
1295,3438
4029,4035
9082,7431
17165,8564
3725,7007
3928,2640
10287,13427
1345,8628
6034,258
4666,125
600,5276
598,2197
5148,13640
337,5805
108,2535
5204,10539
4535,581
1653,1052
3382,4574
3600,12381
2167,1273
4068,1115
453,6919
6248,1126
7079,1054
3655,3420
14364,3897
155,846
5647,3380
2169,11899
337,328
5270,15673
157,5056
964,426
5126,5371
4730,5371
8348,10418
8154,753
3740,2188
1219,2638
5097,3852
181,165
272,2535
14984,16006
437,1848
5595,1096
9031,1965
3823,910
9406,1088
4891,4915
1090,3167
3034,2147
453,1792
255,87
3421,341
5310,1866
6273,16243
60,3029
4604,4858
8409,15393
106,1684
3034,5530
1504,3157
251,5980
2354,3327
3426,1624
9126,3141
10562,17930
2753,592
12336,12335
12825,2700
939,904
4930,14827
655,1145
10118,10342
18303,11752
1219,3927
3390,7794
467,1848
1914,22
563,2310
2411,828
3758,84
4135,4006
4224,4987
282,6232
4367,1131
4503,4402
545,2670
1118,88
1577,7018
2867,13122
5132,5135
4464,4447
149,226
2191,1993
5841,13179
2527,1161
1085,1079
4025,3996
3213,1866
2633,4031
5950,2734
3928,4063
17,457
10352,9583
2367,125
364,6
3641,4006
8749,7863
88,108
5611,4207
8608,3686
2586,428
15595,5182
10452,1304
8019,8017
159,2203
4027,2729
6630,399
7722,4798
12447,2501
9263,15439
39,2286
232,237
13,873
2640,4047
3901,1085
1244,4118
1278,10118
2884,243
10657,4338
731,1089
16340,6440
435,7
2368,11438
5641,4207
238,402
18,658
2068,6450
2557,3231
3276,2164
3308,13753
6314,15038
1426,567
13,1223
8972,6191
1945,11520
7859,723
522,1100
3927,404
1753,10761
2230,1301
4135,1107
912,1285
163,1921
10889,9949
3377,3909
2723,5371
94,4036
19181,15363
6713,410
7093,631
6363,4727
3338,13780
243,1126
1571,3550
2156,39
591,7471
428,125
641,7588
80,2825
3947,3658
866,1290
3410,4207
2981,8231
1080,1219
11654,18275
7544,7104
137,2578
13,68
2537,4053
5145,2067
4037,1107
6922,4317
860,8800
7018,4779
6806,6586
2186,39
1131,403
16158,17672
642,1932
15471,16742
1142,6419
428,1414
7429,1088
2609,3525
5426,215
4574,3382
608,69
1110,1219
12225,4104
2852,13082
1056,1922
4351,866
13,1357
1,34
1154,13
3953,4203
5016,10116
14825,10336
687,1301
494,4104
1948,2503
14767,10331
2216,39
9437,1177
5373,739
5357,11348
1453,1743
6386,2593
3894,14361
1107,1106
5192,169
1317,2636
6663,1181
5976,251
7079,3311
115,4458
5624,7905
1210,10094
9809,9801
7426,11905
8529,6105
1120,4916
1184,13
526,13
2083,45
10278,10279
6835,8993
12736,11732
1236,1866
866,835
107,4001
5024,154
14587,4105
7892,7921
3675,825
1345,4253
1085,2636
2081,11491
176,5269
1398,881
250,5972
2174,1102
167,1019
18329,11847
3967,5548
22,106
2193,563
1214,13
1105,2699
8118,7860
9816,9817
57,2544
2956,1488
16156,7530
6521,2013
122,4659
14960,4471
1257,60
5064,15394
11917,9720
3930,2633
7251,546
702,2467
733,1780
1115,2636
399,6630
4852,1925
5247,11314
3,214
2171,5126
2723,8083
438,142
12709,9885
1368,10629
6061,15210
7794,3390
8857,6105
11893,18344
4949,8624
17795,10196
3490,267
3400,7921
5270,9204
6268,7552
1827,11328
1079,1077
4224,2706
7340,4159
1077,250
3482,6041
6142,273
4786,2217
2205,1862
2910,5815
80,60
6492,1783
1094,9464
8496,814
10211,4438
3998,4056
918,2822
3162,1340
40,2324
13785,12596
6509,8553
8168,756
9831,14770
12897,4312
60,2976
268,6123
8850,10387
8170,10628
4010,4066
11043,14767
388,563
2093,7663
6824,428
141,3315
4991,8634
18253,11582
5650,1100
2622,56
46,45
17401,9087
6133,6172
104,4187
2609,760
4858,376
6105,8850
10346,10116
88,1210
2359,585
2727,4953
14184,14183
375,2206
260,4
4012,1079
5232,2280
6908,4478
536,7227
567,2376
2330,11898
816,3080
255,1323
682,636
2220,426
7810,5747
1368,4347
2595,303
590,7463
2617,62
2756,7576
2751,62
3157,1504
3329,1988
3380,13819
2164,1248
1219,4224
7126,2836
830,2197
7990,4402
818,682
1947,267
1339,2074
2693,57
2867,1176
1430,2192
563,163
356,6478
2354,4563
3928,4010
1866,11390
8413,2226
5278,4503
3943,1100
4042,1079
1000,3547
4004,4005
611,2274
3221,1115
5043,664
4390,9144
8609,825
925,929
2365,376
453,4317
1019,564
18778,13631
860,2197
16034,5930
6001,6002
39,2233
106,4209
149,4845
3000,2809
14252,8409
8806,15110
3999,4011
80,544
2595,4975
3467,11320
5052,2820
1110,4065
10824,9875
11657,10630
62,3156
15325,10314
1791,262
1120,57
13,231
1126,9671
1180,108
4373,1219
1222,10133
866,8808
157,3393
4009,3948
5055,1024
18652,13118
2904,253
13,1170
19522,18636
4061,1105
11607,2003
12080,2223
1213,406
8692,836
5333,187
1315,10482
8125,17004
10116,1278
3841,2270
1100,3912
7412,14853
10819,10820
2178,6915
72,437
1875,498
3194,1116
2220,910
2633,1079
647,4317
2576,545
8527,5091
1077,3901
1094,3316
151,4867
619,17
6923,517
13858,18819
4285,3600
231,5570
828,4328
2533,94
3995,4026
3905,1100
7294,16675
768,2742
1819,11304
553,2588
17361,9017
9,246
6569,1867
2663,9185
6748,4084
891,8999
18304,19709
19034,14859
7255,7298
3547,79
3596,6357
608,16
15515,5095
3906,2641
2,206
2102,11777
1980,268
3900,1106
2439,782
5089,742
14003,3493
6642,9700
6105,8529
4,252
4135,3632
10346,7351
4678,15171
11894,2167
1846,453
11355,7551
2833,1086
2377,5007
3318,6793
13075,2851
3629,239
17178,17769
4556,7045
236,2480
2901,3472
6793,420
7285,7298
9550,17216
3305,1081
3984,6065
11947,2178
2441,3487
106,155
4206,250
3550,885
3245,6665
3906,3930
5112,1261
2362,12239
6266,1842
9874,6201
5469,5470
10340,1278
5102,3956
5993,6379
6838,6205
2280,5232
265,1316
10,43
2307,639
89,1090
545,1141
353,382
6041,6046
18917,14408
447,17
2178,1922
581,17
6818,9875
7513,1806
12160,4514
388,376
3144,732
5644,4131
262,1957
5434,349
1356,13
828,2368
4993,2858
1180,6203
12897,8190
4012,3925
1150,1076
13914,18831
2378,7056
494,6629
2483,2154
6411,16317
9414,1089
6097,16127
5333,15731
1849,7466
4972,2920
4631,2627
4865,579
1792,4488
7258,7299
3290,13739
303,6280
1210,2820
2199,5778
2627,10951
1920,701
225,2425
1758,1871
1056,2353
5218,3326
8034,4487
3311,5167
8041,3214
1556,424
9140,12756
4042,3925
2101,2210
14061,3955
79,3539
5239,7586
14475,3972
1151,146
1543,5100
12952,2770
2637,3910
7248,545
2153,5783
6191,8972
8482,16139
11389,2169
599,572
2577,3078
583,39
180,5284
5194,646
4058,4054
106,639
8538,14758
13786,3346
3908,1077
986,6845
19071,15009
5382,3326
1299,2646
801,2369
1921,2400
3082,2432
1554,886
1256,5393
16452,8885
2203,8879
6668,3245
5622,3917
252,60
1057,1019
7022,6217
8422,2101
19653,17966
2527,116
19374,16299
12142,18190
11664,5356
17,1856
2245,4567
6193,13690
1107,732
749,5188
8617,4447
544,60
1111,8021
60,1179
913,866
572,573
7308,730
7609,658
16337,6437
10558,3129
10920,18040
62,1225
4035,4019
857,5660
11015,2816
1970,548
1046,2149
2735,4552
4208,3947
4865,2002
10701,10762
12070,11497
10119,4930
11450,18205
4553,1915
12414,2447
144,476
2742,246
39,2180
3998,1104
10278,4428
835,7749
11501,1928
814,1210
3877,585
1110,4012
3264,2048
9150,2035
18155,11320
5,317
8673,2635
4001,4004
15015,19080
122,4285
1925,374
1794,857
2909,544
13,1117
13175,2895
1126,169
11645,18272
56,255
10651,1384
2677,2638
80,1780
11776,5142
19943,19744
5076,2198
2253,12109
3303,67
11807,11810
8357,2375
5246,5992
10165,2780
4091,2742
5223,8260
19720,18359
171,3746
8259,5223
1265,112
3930,1104
4317,6468
721,1180
1459,1109
5043,156
6748,3092
7553,1799
3139,12094
5959,4329
7996,5752
14149,3639
8636,1948
3997,4019
4183,237
9349,9926
6140,10002
15975,5781
7275,8621
7149,16618
3925,1110
3514,78
5618,2723
1141,426
1170,5328
1932,1679
7298,7292
9762,11034
12233,2361
19560,17481
2067,11703
3387,3686
2838,4410
3509,2363
689,302
1126,303
250,3638
9961,3515
303,2710
246,2176
14425,10488
5481,9026
1086,123
3954,3918
1005,3167
4501,115
2636,3902
3398,4225
115,4352
4058,5961
5069,572
179,5276
12906,11098
3725,1587
13279,2978
4848,5299
6591,2303
8165,8166
572,252
730,8008
2224,1864
3244,7141
4328,4509
13595,3214
2371,571
1173,3101
15946,5736
1056,72
9486,17528
90,3891
4312,4915
1241,3235
4124,5618
17830,10300
1842,1920
17311,19534
10333,4568
6112,1672
14153,7275
5466,5469
1732,9107
122,581
867,1489
1925,642
2682,59
15486,18933
2122,7572
1762,11201
866,2018
9,677
11591,8855
1641,4266
2330,11658
5588,6748
3900,14369
7329,9341
686,7685
12236,2362
732,5586
4211,7091
11465,4959
4061,4114
119,4605
2132,1470
3763,4457
8634,3675
5249,1805
1925,1931
72,63
541,5237
68,3327
7370,2175
15453,4998
2435,4662
410,58
6638,3946
11493,2439
12401,9195
39,1054
2742,3092
2778,2749
4894,6717
1504,10919
5670,522
1167,9836
18362,11985
12743,3482
6688,6692
6352,327
10574,1351
14129,3632
7262,548
39,1993
10739,1418
4949,3391
13025,18629
2641,2636
253,232
2176,7003
5886,6189
574,2502
371,453
8972,4959
7337,1072
7829,780
7,176
526,7157
1094,4231
163,689
82,3733
2723,4139
13461,7266
818,2081
17314,19535
1902,203
1758,10812
17,1803
3632,4135
968,9195
7597,16837
459,458
2699,3930
8885,16452
2841,8709
2368,2635
2641,3925
13,1280
3487,2441
20,7
15987,5820
1219,1085
723,3133
348,1758
1251,3252
8924,17319
3904,2729
2837,80
7835,1325
11200,1762
9838,11997
2729,3930
411,13
6729,411
834,870
5333,1236
5231,959
3214,2632
1607,39
8326,781
2936,13241
7510,1915
10431,7034
1993,11594
3934,2729
6542,7351
5381,903
4964,10414
112,4268
4207,7991
17,998
2340,563
3169,2108
3728,10208
1052,6583
1398,804
1847,630
3970,3325
4,12
2030,11634
7329,9609
1106,403
1142,60
2186,3479
7256,16678
7993,729
1948,8037
6284,303
3226,9408
5600,15886
17861,10389
179,1706
10951,10833
3095,65
14578,4100
18495,15630
2855,1544
19568,17535
3008,2540
1105,1117
8914,12039
7458,16785
760,116
4270,934
75,13
11,28
2364,12045
508,80
1079,4033
2824,918
3725,4783
6578,376
13083,2852
438,1004
14951,4466
85,3360
606,588
5530,10020
1111,9391
916,9115
19046,14899
6217,3753
9101,911
8104,7861
1690,11138
2162,2088
4535,11539
3904,1119
14793,18001
60,2899
65,3243
165,5167
9179,952
4946,1459
2002,1052
4944,632
300,2359
2815,6036
2772,9372
7796,1450
4012,4035
6562,2071
1080,2699
3946,5667
5398,14573
1248,8699
1293,3746
2210,5138
15074,13675
250,3935
17013,8147
3178,1365
12230,2360
4733,4734
325,322
8886,17295
41,563
2527,92
595,1903
7158,16627
238,1077
2184,7108
4383,191
2707,2911
2578,57
4886,4949
5359,15749
14647,4189
5898,751
3384,2372
4745,4744
9282,1430
11180,1755
204,3186
3733,82
2406,2956
4383,3574
7389,3169
4042,4035
157,5060
4228,4225
5270,15677
1110,2699
3438,1854
7034,7142
1571,842
5445,7572
839,4865
1668,10574
963,959
2224,2161
1291,4208
4524,6438
4004,3928
5356,11664
5370,982
922,6031
3131,10944
3754,3753
4749,140
332,338
125,3243
9096,2364
6372,10591
15694,11447
646,2191
427,575
857,159
3460,273
2042,585
3766,3763
39,2156
4953,5016
5775,15970
6042,3482
5940,16037
10345,10352
12391,2439
4194,268
1112,8033
7805,3390
4078,2537
387,395
2892,4138
7990,6553
4516,10118
3390,7798
11951,18355
1430,10759
97,821
988,3244
5241,171
394,2505
282,6236
1285,4928
339,354
17864,11305
13,1093
2367,2223
2368,12247
4438,3230
2639,12710
11211,12314
5824,3380
94,3906
2747,3383
5016,4375
1589,616
1093,2664
2633,4035
14270,3784
2264,1694
1345,3639
11295,1812
1985,27
512,4604
1398,267
4980,3405
14233,5622
69,62
7243,16660
5299,4848
12185,2320
3620,689
5075,10058
17771,10151
15362,6870
14751,6716
4006,5828
878,3614
3006,2681
6671,404
12951,4482
2610,237
4334,3415
39,2290
3193,63
3917,94
395,1925
9779,3659
2365,1372
4051,94
10293,10296
10350,4414
3997,3995
7047,12934
16612,7132
10153,3311
4752,141
14277,3800
3434,125
1090,3655
12196,11904
14980,4482
4778,11161
4011,4078
10411,17872
3639,8636
3214,7706
1794,7383
1872,2378
4776,1666
125,4666
13,1227
2227,8204
10116,4368
10712,17985
3085,1819
1175,171
886,68
1792,8249
5689,9705
10118,4414
431,6843
641,237
11826,4615
13660,3235
1117,4138
3940,5716
7353,8853
1097,3671
6826,16506
262,591
1482,1792
1117,1105
2261,12110
19917,19572
17,6
1276,9271
438,1756
106,1017
2566,2543
18080,11040
585,463
411,6726
14619,18974
6283,15705
7018,4783
6784,415
5051,157
1126,63
3927,2636
3233,727
10268,5647
14351,3883
3996,3904
3734,10320
2609,3529
8621,4409
959,1054
8942,6679
929,2343
4084,9386
115,140
232,725
12140,2280
13,1361
6,382
2867,3006
6487,6436
3226,12738
6435,6246
721,2579
867,8820
96,2527
158,4159
1491,10899
1137,13
595,1716
3957,2636
7585,15753
6708,2648
10116,10329
2549,1384
3390,8416
10518,14281
10931,13696
4026,3904
5347,15737
688,1126
282,438
2577,2651
3322,1307
6260,16229
6262,10640
4803,563
9139,2655
553,901
14575,4099
2163,567
2168,911
397,361
216,5453
3919,250
17225,19520
5142,5132
10343,5016
4080,1107
157,1840
1167,13
7263,776
2447,1265
1301,13
1543,8406
7637,9096
8929,6201
5570,856
3398,5624
4007,2699
545,4581
17788,10184
6100,267
12328,4155
1394,1116
2674,2560
272,258
1644,11090
1331,13
1795,11259
8674,2834
909,2764
3930,2637
2641,1107
3668,5111
3,218
8244,7387
7350,16744
1368,10633
3073,2427
5203,631
9655,14949
13697,9212
774,3478
9784,8943
92,2892
7337,9342
2101,2267
1199,10043
1330,10526
2072,5501
303,860
2261,8406
1361,13
3918,5636
6151,4527
4019,3998
5163,4615
6302,7140
7457,776
9175,15251
149,393
8918,17315
12022,2893
322,321
1094,9468
13028,2822
542,95
3539,3546
1951,1949
11634,2030
10479,2944
954,39
1002,1019
40,2328
9150,4991
334,331
3582,3593
11402,1872
3723,3074
6665,2654
199,106
2609,12657
6386,7403
16675,7294
5286,642
10953,2985
3835,282
4426,9583
579,512
1384,5635
1573,2124
181,1405
389,388
1227,1487
4699,2013
6098,1459
1959,3099
39,9
858,866
1030,4356
1250,158
6870,15487
243,4
363,6522
363,106
765,8222
2654,2577
16568,10406
7802,1137
12382,2431
3543,13063
2784,5841
9107,6583
3775,3772
356,6482
788,2729
2183,7129
512,579
752,8145
2265,2243
3178,5179
331,9
10095,1210
10657,8827
3245,3957
69,9
4745,7619
3147,1170
8023,732
590,5373
10461,5505
1414,158
19135,15185
1076,3546
8292,5094
781,8324
17345,8943
4022,3999
4409,8609
3138,303
5361,196
39,2237
106,4213
149,4849
768,2612
10300,17830
3925,4066
6019,6023
3746,159
3508,11133
15404,4949
7138,6583
13,235
1126,9675
1933,5045
7504,10124
11339,1842
1485,159
11132,4747
14506,3984
13322,3002
14261,10569
13,1174
6325,16279
6668,403
2815,13017
5097,2193
3863,1094
6838,4786
13739,3290
4210,4585
4998,10293
3169,3157
2663,545
4783,3723
7685,686
1143,1334
131,82
6533,5089
15471,5016
72,441
10326,4475
1236,7160
10002,10013
1226,56
4061,7875
532,4563
14286,3809
3319,68
4131,3918
7849,3719
6561,3323
4553,4550
4004,1110
4503,2743
10234,5825
122,2598
2679,2367
4826,6402
8406,1543
3905,1104
5350,895
3390,3102
615,252
19903,19971
2373,2260
7338,13945
2343,12217
12130,2290
1301,765
146,713
2818,432
4628,2630
512,2002
10562,1345
766,3050
2220,2203
3937,238
575,72
406,6679
1831,930
2655,2131
4202,3919
4324,5602
4758,1922
3900,1110
4211,9108
4034,1110
4,256
7015,4782
243,272
344,324
886,2593
9643,5892
6359,721
839,303
2979,9775
5961,4058
6440,16336
11432,5523
368,6545
2787,12988
595,7490
11416,2546
4955,4314
1653,227
925,9122
1245,5128
2250,2203
5309,6532
8573,2945
849,6094
3752,84
6059,1368
417,21
3648,7840
5369,921
5432,7097
10331,4953
6547,368
3655,151
11468,4399
11561,2146
12498,18500
1319,2044
4012,2640
4053,2641
15044,4524
1394,3157
3331,2656
282,735
1813,1798
2233,7110
2527,1141
2255,453
7442,4603
857,8779
83,2777
1993,2173
2595,1275
6041,6050
17,437
1073,9343
564,606
9806,9804
5605,235
3390,6619
954,3235
2590,3560
2528,2682
3457,6151
1308,5453
5248,10551
4042,2640
3715,1491
5463,11671
5,53
4414,10325
10414,4964
426,83
156,222
4949,4253
3915,3996
12507,2532
272,3588
303,2901
1932,5253
428,1849
7258,7303
6059,563
16681,13129
303,6284
5222,7236
2770,12953
17727,10013
3186,2251
5094,7990
12958,18619
2912,11316
12590,11807
1174,2578
4574,784
4962,15418
2030,5946
79,3543
3701,7800
6533,4768
8769,9784
1106,1131
4738,9294
3900,2533
8609,3675
1735,5274
2862,60
4253,11696
1679,1932
4439,3750
645,921
12136,18403
60,1988
9008,9019
18127,11236
3129,1343
1138,4237
1119,3995
3667,4402
3908,1081
6513,2022
14820,4361
1965,3457
2102,7138
180,2255
173,5248
9832,15323
11499,5135
272,2783
1077,3934
4893,14658
9341,9609
18220,18755
5127,6194
2892,60
13,48
254,3143
1181,5977
2367,1178
4848,363
5086,11266
403,6649
2641,3632
1543,3360
8637,3979
3033,2924
9780,13039
1126,39
1384,2549
1883,18
8476,2341
18446,12278
3242,65
17,1860
3680,3674
4693,7026
9860,1664
2160,6153
3633,1384
7712,4574
2922,60
8581,822
2431,6424
356,13
13,1337
11732,8123
6921,13120
298,8
2116,2067
1107,1086
1503,1840
12226,18430
69,3339
857,2631
12424,3139
3542,303
5133,2171
3230,3222
4016,4131
14563,10696
1077,4068
468,577
3406,6831
2743,12903
4001,4008
8683,1075
1582,39
1322,866
721,7816
6275,7064
341,1933
912,9104
3376,1704
11156,18112
15015,19084
17820,10287
1875,11403
108,1173
14989,9003
3920,4019
1188,1805
2101,1543
55,34
2286,11122
4767,3891
156,840
4254,108
83,3745
7387,976
18264,11617
6036,258
57,80
2311,40
3052,5902
4052,2633
9544,6665
1612,39
2630,1483
6682,406
245,2760
2012,6574
16567,16651
272,1173
2706,7894
1085,3905
753,3166
7798,16910
2554,5810
725,1118
4822,1504
1480,10850
6712,16463
15838,15687
4085,9347
2495,2197
4704,7110
11788,2123
2534,12513
2161,631
16183,7239
87,80
522,5670
80,3073
226,424
2206,11893
1993,1986
10422,2036
697,9
1115,522
12412,5333
14167,3660
7337,16673
8659,3067
1291,4131
9289,1019
4452,631
7506,644
5286,268
5375,5221
5057,216
7398,10910
4764,5067
11370,18175
1925,512
82,86
4450,7351
4414,1278
2595,5410
15980,19311
60,2956
4949,13865
8145,752
2787,3136
4285,1807
2363,1088
2829,3547
2205,3131
5135,11776
2164,878
2217,2202
3349,1304
80,1329
8147,17013
17884,11695
10124,15187
6112,387
11905,4347
179,5280
418,2822
246,86
666,672
1999,8166
187,2889
1097,9526
17465,9267
4110,3122
1351,10574
14871,19038
18319,11808
3056,678
0,30
9033,7199
535,1128
6665,7891
10256,5665
8690,3827
5073,2388
2633,3958
2187,1397
432,626
4129,5966
4962,6721
9905,1651
4003,1131
4036,1079
1109,87
157,2084
453,914
1311,7361
2757,237
7225,536
4064,94
5,0
2073,2988
6560,4283
15101,4574
725,2541
3390,1089
2706,10256
12654,14772
5562,2148
13,800
37,2140
6618,4638
13244,2937
135,231
14040,8506
721,5990
4066,1079
2911,273
13735,5426
60,57
636,7572
884,1258
9858,17646
5712,402
16592,19420
3611,1438
5278,3328
15436,8620
13940,13937
4011,4001
3440,802
35,0
3157,13511
3925,2537
4061,4118
4207,5633
243,703
5862,2790
8633,825
13256,2947
13,1150
3912,3995
8148,753
5780,7861
825,5000
1107,3932
842,4415
732,2557
68,3331
3359,13645
3784,11165
5615,10268
9774,1144
2187,4564
5203,875
585,3069
4131,9960
4766,1840
566,575
2131,11802
2656,3322
1076,5750
6630,4998
1210,88
18102,11126
1290,10405
834,740
3129,11089
4041,4001
4359,146
3667,1316
3996,94
5728,881
243,1992
1024,1803
3918,403
2988,13301
125,3434
2370,8004
4459,5453
863,165
5720,239
2855,125
4630,15134
16865,7662
2185,9190
96,1161
4203,3955
9547,2427
2184,11971
12876,4365
1850,17
4071,4001
18193,18195
4675,732
265,6073
17,1807
7548,2427
4026,94
127,2167
8,1
18752,13463
8833,1771
2430,12377
2723,1110
10844,4225
3956,10844
2180,11448
2858,2466
884,4775
3632,1106
7634,666
282,11
631,165
13,1284
9725,17601
20,11
1107,94
1400,3379
2695,10581
11603,1998
403,3913
2148,1552
453,3276
914,453
3230,1291
3426,2169
3169,9683
358,6
2706,1291
1693,1911
7802,7797
340,1120
1126,1275
1623,2081
1115,5812
4778,9124
3632,7872
18962,14562
2715,64
9807,10436
11128,18105
16679,7256
9037,17385
9154,8336
6597,12539
3087,13441
6105,10387
88,2747
2275,731
16739,14854
17,63
2116,2364
4767,12348
7308,4414
2248,39
954,2861
388,6
85,197
429,7
1573,4596
4331,2369
3166,875
2254,1547
6471,2227
2916,4110
5707,1077
11159,11160
1116,1876
5410,2776
13556,18753
9,360
441,17
1029,187
4012,522
1216,13
2289,198
3235,13662
2067,2071
5315,15721
233,253
2602,3169
4274,9567
11894,18146
6812,426
2278,39
1875,5284
5254,4865
459,7
11801,8533
2035,4253
579,4273
3647,774
9899,8466
4469,1148
2777,12969
1100,3221
4615,219
7347,7351
3008,2544
14422,6974
79,3169
2851,840
251,243
19693,18177
9578,9579
239,2892
2391,6517
844,757
19938,19701
5535,15845
1246,13
4339,2206
313,2060
242,5792
2654,12754
3038,8021
1923,1918
5884,723
4849,11353
3242,13678
18978,14640
10119,4426
2180,39
11748,2082
1345,3375
1801,7590
2300,5059
6555,369
2382,927
8500,2203
16087,14244
10275,10042
6693,1242
2307,753
1477,10849
2002,6533
925,722
3141,2642
6849,1755
1276,13
453,1666
14551,11302
752,13
733,3935
2373,60
5378,6570
11058,1793
796,8421
655,80
37,1953
111,1902
154,2538
15997,5841
4496,14998
2459,7159
5324,857
18630,18629
3725,7015
1810,4269
941,1605
6574,1900
12289,7667
16586,19418
544,6106
4047,4033
857,4351
8228,2804
16755,7361
2527,96
14794,14793
238,1081
15977,19310
17390,9040
5468,1925
2286,2104
12824,2699
2153,8930
9703,5628
8039,2501
4042,4039
12948,2765
303,917
3761,1545
6469,3173
2071,7585
3754,374
4471,3398
204,157
7239,9241
17122,8444
8416,3390
4035,3999
592,1959
3976,2638
5636,1105
5195,3614
2502,574
4382,14845
3981,14501
855,1780
7871,4206
39,2160
199,163
1670,5147
10766,12076
402,522
1086,5096
1470,363
2432,3218
9,39
6826,1316
10274,1256
253,399
17324,8928
10013,10526
867,1790
60,4
4148,5000
402,3905
3724,2952
8151,998
3901,4342
9446,14616
6036,6300
1241,1442
5454,1222
5843,243
13,1097
2205,179
56,235
687,7457
816,3141
19119,15140
476,40
7599,4807
94,3910
226,5527
7797,3102
10023,7430
13867,3398
976,8499
4465,8440
513,861
4783,7029
19566,17522
3928,4071
130,2786
11064,13961
8586,15047
219,5487
4200,8142
4004,4066
5318,11510
7250,7255
22,1940
5357,2578
3614,3322
16100,6049
14637,12068
3269,11955
205,866
4852,376
1141,56
4022,4056
13573,6684
1801,1792
600,641
39,2294
8413,6609
15715,5457
3997,3999
585,1272
14697,4390
8709,2406
512,1925
4514,5457
3915,402
895,939
4136,9446
6402,341
6662,3678
14958,9800
125,4670
698,2088
1236,9311
13,1231
7353,563
11454,14654
1212,57
1418,8793
2942,12849
728,1176
3331,1290
303,246
3169,3214
1290,3131
7171,522
1670,6570
2427,10713
94,4044
2399,8665
4615,3415
5236,315
115,4332
13070,18649
1044,631
3396,1126
2370,730
17177,8611
3629,1105
17606,19082
716,11
15383,19189
3210,1121
10342,1278
11885,2166
3875,14343
1384,4082
2695,11817
5085,4468
238,2638
2913,13208
4319,239
10630,5882
411,6730
3391,3384
7868,3237
3222,1131
235,88
1823,2439
1924,8907
11938,2177
7132,7518
6443,16341
17037,8200
65,3060
2243,2244
3038,2707
13,426
101,1027
10632,2895
522,303
7294,7287
107,4225
13685,3245
16706,7282
3912,238
6,386
238,3927
80,1089
367,365
3044,428
5298,388
6979,486
4993,3724
17184,17645
911,9096
13298,2984
1104,4041
3112,562
3998,2641
2494,1681
2043,5946
4865,506
12102,18392
585,2695
814,303
4229,5957
7420,579
3473,726
10916,1499
17,144
428,6094
3768,85
1102,3564
4149,9576
216,5457
5973,13924
12285,18449
2246,1737
10838,18023
4135,11398
7361,4321
19750,19947
10435,10436
3541,79
784,8358
4286,5151
5452,9499
2274,752
3998,3930
502,566
4930,10326
732,3472
7218,15532
8781,857
17180,8612
13646,4956
4969,7810
17,494
7095,10214
11397,3650
10471,8588
3800,8826
4615,1805
914,2173
4949,927
9780,6196
6268,6271
2340,998
15333,5973
169,2204
5170,10136
3935,733
573,567
394,2322
8608,8634
3,222
1140,6084
2380,7163
2504,2503
13378,3047
2729,2621
8527,10897
3632,4115
9518,5822
14445,13805
9368,2845
8626,8624
39,818
3178,1666
1077,2702
265,572
1041,39
1079,1085
2011,3509
2610,2148
2923,393
8806,863
3413,4192
1701,85
19427,19428
322,325
1094,9472
11942,15211
3724,4993
6444,6446
2729,3910
7398,16765
2691,1174
4014,4008
163,453
4113,3233
4225,4228
6940,611
10071,7260
4846,374
7876,7880
13924,5973
11480,1917
3001,60
7429,10574
16830,11723
8988,8989
5440,5435
7556,7151
1126,96
15331,6411
2528,7195
3407,4131
3517,4491
3763,3766
9091,9087
8716,3548
428,5423
115,762
839,39
4597,959
13642,3227
5957,12720
830,2205
11497,12070
4288,2833
1105,4130
2101,2405
356,6486
3031,60
5231,3167
4327,10116
19,650
69,13
96,116
8929,15333
10103,2795
825,8627
4060,1104
2308,6266
11754,3216
869,39
1005,866
11798,10870
1183,2858
106,4217
221,3
510,106
2468,1236
761,5609
2723,65
3999,4019
721,4490
866,1461
4949,3639
2779,374
3517,303
8827,5607
60,2529
3349,6354
13,239
4001,4065
4328,8624
10253,10259
2706,246
5034,155
232,542
1295,39
3961,14465
88,763
6208,6838
18747,19779
7603,2378
4029,4019
376,5367
426,758
8898,3164
6747,8809
17242,8768
4706,3480
57,137
1106,3900
1925,4757
13874,14449
273,4865
2093,2089
5382,5160
848,8745
246,9
1461,866
3962,9563
4766,4662
10943,3135
3652,8583
2778,5575
4693,1151
9803,9807
13411,13412
13430,3074
13755,6806
13612,8972
13180,2899
17870,10407
2858,7032
3276,6791
12634,7304
11364,1852
9898,1184
1074,3988
69,497
2672,611
273,6154
1694,5359
17286,8851
546,7252
2979,5457
5052,2373
406,6683
3508,4266
5533,6618
1947,4492
16,1775
329,20
4,260
8641,10839
3918,1131
60,3013
10392,1288
232,87
344,328
4428,10278
11049,6513
12350,2418
5001,1280
17712,17711
6440,16340
8808,10952
8056,737
16301,6362
7445,583
9360,1077
2059,919
1921,3429
13480,18757
39,631
15032,4518
5235,171
4093,8460
84,3757
361,6509
158,4460
4778,2147
7749,5131
5371,3415
12630,2593
3948,1131
1322,5729
4782,6992
2361,8804
33,35
857,5400
5499,3600
3995,2640
4327,7351
16180,6193
14887,18285
376,374
517,1545
1112,2886
2778,232
1232,10158
5162,3426
857,8783
2667,2845
3928,4047
3400,5648
8125,1631
11977,2186
17,441
12604,18526
9806,9808
7351,10346
10952,8808
13806,12705
792,437
80,231
1174,1293
88,92
1574,11026
2206,2635
4780,1819
4621,9868
9002,10013
16710,7297
774,1551
5,57
1044,5384
6727,6732
10574,2217
16119,6075
18272,11645
2943,2901
3282,2367
17576,9663
10957,3675
2378,648
548,2147
4032,3996
6743,16475
2733,58
303,6288
1488,10878
8929,10824
939,1022
2528,10391
3910,4006
11043,9461
7535,610
1105,3943
79,3547
15211,11942
17164,8564
3750,11638
2931,4365
8793,7930
9674,9665
930,909
5142,1245
1864,1716
4665,125
7872,3386
4253,14144
2576,232
1925,5375
11754,18305
640,581
11202,1762
971,8265
666,7629
14871,9780
8498,815
17,575
237,2793
238,5647
7552,7730
11594,1993
1795,17
3438,5485
8672,1345
917,5935
10593,9009
3642,1316
5617,1107
13349,10119
4848,367
2368,818
3904,3945
17,925
6176,6174
576,165
180,165
2186,6439
4220,4181
2993,1809
116,2624
3435,2154
7270,2540
7351,4414
17939,19648
7034,8679
17133,19026
12104,9046
17,1864
1526,916
2049,2943
1947,11526
19474,16888
3426,1287
3231,13651
4207,5824
2073,4468
2849,4689
11572,2742
13,1341
106,2286
3048,1866
11797,5304
16718,16717
4068,3945
3910,1107
1334,1096
17514,9454
4044,1107
7361,564
8460,6134
5067,3649
19437,17945
15214,19140
1913,22
14557,4089
4335,1256
6300,7529
14056,5793
18089,11082
10374,10375
19446,16718
1931,39
6203,1180
1077,3133
72,608
1054,3149
2742,254
367,2219
2382,3883
3925,4017
1117,1219
2706,5670
5564,8777
11271,11273
239,721
3678,1107
3919,4202
8709,2300
4001,4012
2614,4391
959,818
563,818
2805,953
4969,4403
13479,3129
15015,19088
1053,453
2223,39
7436,4656
12890,2734
18934,14449
1090,2964
1699,39
14276,13272
594,7486
5862,2176
13,536
3996,4018
5925,246
9022,895
154,17
11191,8661
401,2338
1105,239
403,721
2531,542
8859,15426
1191,13
1216,3453
3377,3222
8050,735
271,13
7439,581
6723,411
7256,7290
17528,9486
1086,3380
1991,39
16567,16655
60,732
2584,553
8275,17068
1085,3909
5111,8027
6964,473
7805,1089
8037,2378
9805,9800
7446,1910
7143,6073
2535,2539
2471,11414
5747,10308
4768,1622
1094,6065
2820,1210
631,1645
16673,16677
1794,60
7220,8922
1291,4135
522,2641
1434,3689
2155,39
1136,814
7337,16677
8335,2193
1115,3909
246,1245
9800,9806
11134,1687
79,2071
6767,1248
163,3462
3996,9629
903,1020
7298,7300
1966,517
9117,916
156,39
4550,4553
85,3771
4006,5621
9158,3169
40,2308
3223,4983
19530,19532
427,502
1929,635
927,825
60,2960
1481,2165
4335,6062
1827,358
5509,7110
3216,13611
720,3006
11652,9382
195,152
2375,163
10382,2210
7094,1993
6149,273
1653,178
254,732
3996,1119
13583,3212
3214,1083
7202,15297
2505,394
65,1210
5466,216
5541,15851
10559,2287
10612,1359
4398,14870
173,743
627,3165
190,158
2074,1339
1795,1924
6059,730
3359,683
1731,4383
10335,14822
3758,954
0,34
4387,13957
39,928
2848,3362
10229,17809
5303,5298
2154,11841
3997,2633
4207,3409
6249,5176
4026,1119
800,1780
2758,2156
2629,56
15208,5980
5376,5776
3125,13469
6386,751
3073,6863
4035,4056
1430,3115
5,4
2274,996
441,2786
618,204
5310,1931
5012,6438
11034,1590
163,563
39,2217
2035,3639
10665,5665
1236,2468
2084,8227
11523,3444
1110,4049
19045,14898
8116,5787
5232,1459
3337,11231
1126,9655
3614,7567
5233,4313
9120,917
16184,9241
1910,11457
35,4
559,7329
1118,2597
913,3131
13,1154
3912,3999
8616,825
7834,15873
11779,18309
2413,939
12433,7987
2751,2624
698,2950
5801,5709
7250,546
3683,914
3380,1105
431,354
4496,10062
90,61
544,231
215,5425
585,40
4936,3918
3907,4005
2568,4610
4041,4005
92,107
12284,2387
5570,2743
10227,1251
2532,12500
122,3167
2250,2988
4072,2537
7551,1790
7833,722
3067,766
959,631
563,631
12395,4820
81,2577
1256,8731
17,872
3227,7814
5340,187
5925,3092
11683,14413
9157,933
3382,6412
8,5
2809,2578
3378,11366
5328,1301
5865,3226
4125,4241
3213,187
697,7397
5067,15489
10317,11882
3734,1387
2640,1079
4009,94
463,585
1165,857
4146,10191
5674,12491
5958,2636
7386,568
13,1288
2126,77
3628,402
5987,1876
4,236
15800,15801
184,5307
60,545
927,2382
7140,512
3093,243
3912,1100
314,6319
5069,3642
1079,3907
8808,2068
182,3167
428,190
10830,9784
586,776
5868,1780
4648,387
16753,19452
3230,5617
927,9148
9138,7083
11044,1607
4096,813
7358,563
5431,2718
792,63
1253,1212
3639,4509
11273,1844
9206,15296
2833,6331
1081,1105
6272,301
10308,9271
4353,7235
5688,250
9738,8926
1653,5468
15333,8929
11002,8147
6752,11491
2743,4344
1752,751
2648,3518
6246,6435
5373,12697
7446,16783
6018,6019
1866,3482
6028,2011
4328,3391
389,6597
2777,12973
757,607
9418,1192
4571,116
512,22
1852,8687
2153,7861
13488,3138
15065,19098
2294,172
6908,14074
12856,8523
1079,4041
850,17
6567,7365
232,1136
3418,13908
588,17
2157,6290
11796,2127
1902,11433
4115,250
395,376
2838,2487
1088,2060
2081,818
1363,13
246,253
783,2178
4019,3925
8141,1335
4534,7000
7056,16574
107,94
4054,3919
2529,12470
9003,15071
8422,796
14272,5290
884,3169
15029,4515
18100,11113
19096,15050
9240,14260
8879,2203
3261,1250
1112,552
618,17
1227,3508
3947,4207
3532,8129
3214,3124
1605,11038
7300,7293
9087,17401
60,2907
7871,4076
11491,6752
13924,8929
4010,3997
1131,13
80,341
8538,9265
1423,8523
3254,1210
76,2851
363,2127
14683,4228
3467,2257
3169,2600
1223,541
5485,3438
13175,12194
3614,7380
142,438
914,3169
88,1141
2199,8929
7295,7299
13878,4208
614,433
2447,12414
2740,1147
238,1085
1236,187
3915,1077
2414,10022
3488,3484
2168,167
18824,19788
13697,9273
4466,14951
459,495
4693,7006
2193,8333
7861,4677
8491,2629
39,875
8827,10657
513,7147
14322,3848
839,901
6992,2952
19073,15015
2132,11440
2552,1446
10759,10751
5131,5138
10403,1290
611,2205
583,157
8523,7398
13950,5373
3222,3900
376,618
8901,14928
2418,2385
5312,985
1088,2544
6845,431
17125,9096
5267,1242
2756,2380
5729,1273
595,167
39,2164
13461,3115
9514,4016
919,9124
2012,1882
2666,1174
2738,2740
2743,7056
3034,1570
1110,3996
5069,8582
6196,9784
9424,1090
16963,7987
3895,2838
1245,3632
402,3909
5720,406
522,39
1888,3509
7715,16879
7468,1726
1394,722
2013,2457
2634,5019
5282,180
13,1101
1453,548
18775,13614
6416,16324
7891,5966
8409,6895
243,65
79,2852
1278,10346
10308,4412
5891,4610
6261,3389
16414,6617
1560,10998
2654,2638
1420,5511
11776,5126
11294,7072
57,60
9637,3426
1815,2068
3222,3095
151,1415
4008,4004
2532,2648
4850,149
207,4
3398,13874
7426,11649
437,6882
16901,15753
1483,548
8410,8409
4537,4533
18583,14733
3377,4137
2988,2864
2262,2006
13462,18750
4020,4014
1117,4362
155,753
1671,784
10658,1384
4035,1104
7346,10350
2197,830
11880,11491
9824,1158
87,60
689,2380
17270,8830
374,1056
6061,16109
1194,4767
179,588
60,2586
170,5198
237,4
426,2909
1670,11112
2056,36
4693,2952
5016,15471
2544,3008
1088,3028
4622,268
3626,303
453,2288
7796,1137
4229,7921
3984,14506
14958,9804
581,753
2267,3639
4594,12745
3761,9738
19614,17701
325,9
619,2176
1988,11579
7277,11310
608,6713
687,590
1174,2960
112,2345
267,4
1840,569
2542,87
8278,1261
1106,3957
1107,4367
1995,857
2101,8423
3397,3984
4365,4375
4368,10308
528,718
3778,4615
1042,939
2831,4512
7132,6583
10762,10701
1077,3377
5354,10524
6485,356
411,6734
409,2689
1075,298
6300,11156
218,677
3999,238
7204,3426
4797,4190
3214,2937
1152,7119
3996,3912
15368,10560
10053,17744
9306,10347
4113,3908
4574,2805
6,390
7113,11794
80,1093
2414,2480
10728,3546
258,1365
628,144
5290,14272
96,2535
911,9100
5357,7388
10563,11780
591,262
1119,2633
420,6796
2287,2146
5851,16002
683,3234
14941,4457
9495,4742
7024,6999
56,857
2067,3311
2711,1161
5376,2153
6050,6039
3902,2533
1932,642
8727,2867
8929,5270
1107,3912
6510,1301
2148,11786
8447,800
8863,11066
570,4461
2189,5371
374,385
2540,3908
5814,2729
4021,3918
2851,2080
4600,15114
2150,11832
1190,2634
6097,2071
376,431
5108,15520
14843,15791
7697,15736
17,498
1670,7408
842,8717
355,493
998,9230
2180,3723
2727,10308
15187,10124
11754,13690
13430,4554
11633,2029
2180,4662
592,3065
2765,1151
8178,3392
6992,4993
1844,17
1356,428
3228,94
17,1787
2562,233
857,1269
3453,2656
3451,5993
11366,3378
12733,18562
1090,3692
218,5483
2699,3914
9368,2849
436,6874
4641,2067
6006,6066
3382,911
6517,1852
1107,4046
4402,2990
7292,7298
14173,3672
14973,4479
7836,780
2294,603
322,329
4865,1933
2635,115
14637,18301
5379,2154
3927,1384
5188,2586
10705,17982
1881,2127
3386,2723
2918,403
17,632
4014,4012
774,4775
545,751
5073,6019
5720,3386
8861,10723
1131,94
4656,9114
6826,1267
814,1141
6865,441
13726,18794
1027,2188
1514,1552
385,469
814,8496
3918,3900
3429,7681
2605,64
56,2630
2702,3380
12321,7640
9072,13013
9146,2382
16491,6784
2535,1173
250,402
3230,4438
1473,5284
453,7
8011,730
9666,8275
16498,10584
2709,12845
12664,11362
806,1034
10221,2081
3213,1236
7800,3701
171,294
3278,2385
13013,9072
236,5607
16772,19454
19,654
1478,151
397,6464
2135,8786
115,1116
2947,4500
10123,17761
753,3093
89,3867
825,8631
9202,16627
3640,522
2886,60
314,13
1100,4140
2874,2709
7148,513
2091,2071
10873,1485
568,869
2729,4048
4909,4059
1113,403
9583,4426
2302,39
4063,4008
1100,1107
606,572
6291,303
15253,4788
10986,1547
15712,5302
683,1758
2899,1426
3236,65
4774,4773
68,896
14128,3632
2894,6717
7,428
86,721
444,429
6746,4266
4504,4131
252,3642
2399,7677
3626,3633
1179,60
2361,969
7414,1921
60,2883
1808,39
65,783
428,1589
579,7420
930,9155
954,881
5130,1560
6569,3034
2343,548
7035,2275
5099,5630
10632,10417
4516,1108
7723,4369
7289,7295
250,3919
6373,11955
11545,14319
840,752
13924,3428
10013,17727
246,13
2176,11927
11054,11049
11152,15556
3874,7468
9934,2158
545,80
2650,12749
1384,4033
1081,60
1086,404
403,5100
6286,5570
2199,3428
9716,16982
11320,2308
8104,1213
2479,6451
11006,11008
15911,5646
10969,11126
933,5265
2442,153
2220,1272
4092,3382
4728,8696
1110,239
6099,6094
3289,12857
3389,3639
1341,5999
13485,3135
19696,18188
448,497
6728,411
7355,16751
67,3057
406,6687
313,80
8654,6167
2329,626
8647,1024
9006,10002
543,542
5660,3953
8392,6167
6618,1182
8722,3827
11018,1569
60,3017
15522,11324
9769,2067
8709,2841
82,1086
3349,426
4930,5016
3389,4928
5221,469
3734,1176
842,959
12539,18509
9212,1368
84,3761
361,6513
772,8299
9037,12856
115,1384
858,903
1178,127
226,2124
2515,2859
1081,2638
3972,3973
17413,9138
5611,12705
441,1554
401,435
7529,6300
566,502
237,5696
282,743
6049,3482
3435,735
2855,2146
866,205
2633,4019
2667,2849
1576,1304
2852,8264
6047,6038
4344,1485
10011,13442
3719,7849
8139,752
1234,7956
157,2145
5647,10268
88,96
253,2607
3510,5231
1022,903
9002,10017
9886,2601
2537,3907
106,867
7241,541
18118,11182
6628,2004
10470,1309
6516,3483
881,3115
403,107
7094,1245
81,56
10874,8340
239,1396
6679,2723
1137,2546
39,2274
543,87
10335,7308
4032,4000
85,929
13245,18684
2640,4035
1086,2766
4071,3928
3632,94
3169,2844
402,4019
634,7560
2525,2742
16224,6253
3639,8620
76,62
2068,6438
8890,1451
3723,1151
13,1211
438,6867
3912,4056
3566,3419
4882,356
4273,1029
7418,7384
5642,4016
4030,1079
3137,1993
9093,7637
2479,9163
571,7396
4764,3518
7512,603
6145,16156
3967,7146
2613,2747
3616,2193
3034,13357
4017,2537
4779,7024
4058,94
10011,10193
5172,15586
5983,5248
666,7633
587,924
1151,2952
4859,1311
4468,1655
9315,1041
827,2074
2577,57
19180,19852
13602,3214
6525,10900
830,3311
792,575
1612,7484
2978,3784
12601,7978
15089,9862
242,108
1197,1792
13,56
211,2515
2537,4041
15960,14262
6112,5254
64,3219
4047,2537
229,5538
2264,2162
17,929
29,0
8305,774
7637,6502
3585,12305
2620,2763
5660,3632
4326,4581
6,16
116,2628
3954,2723
5571,3560
363,2505
19753,18559
60,252
87,1109
469,5375
579,817
14144,4328
8619,3566
272,108
2414,3045
1600,6504
12732,5586
13,1345
14858,6300
9144,3387
3956,7872
4,293
1656,1151
3374,2040
2197,2229
339,17
5635,727
19354,16194
812,237
5841,3047
5016,11043
1783,6561
976,4775
4328,4253
1091,9451
4212,106
4403,7810
10806,11334
15603,15694
257,6027
1210,10082
6716,1180
3326,5382
2713,6845
2680,10869
5633,250
108,242
13213,5458
369,17
6881,466
9778,2747
1285,3436
1130,115
2286,3775
11197,2845
250,5960
1317,3913
2385,3754
11115,11114
1110,402
5091,2303
2796,90
1135,7814
4010,3920
3996,4022
1866,156
2647,721
235,1141
1131,3908
15159,4669
7796,7797
4764,11707
802,3440
272,242
3570,2867
2250,4468
115,258
3270,13717
4309,12066
756,8168
7272,16687
9801,10436
7256,7294
2729,5634
1308,13
5468,7329
10344,2727
818,6013
1950,11531
3628,3976
7740,698
19370,16272
4026,4022
15402,9880
4605,2386
1100,3632
195,1311
563,17
13785,8262
900,2820
1077,238
2328,752
7601,2202
10118,5016
2501,7096
1338,13
10818,1455
12702,2636
1076,13
2063,6870
1115,3913
3675,3391
5371,10937
8455,801
9800,9810
10920,9087
15304,6497
3785,553
6806,426
2272,39
1119,4032
658,7609
13891,5655
85,3775
840,5371
40,2312
3467,5347
5048,1801
268,6111
823,8585
13949,18842
9385,1085
2081,2164
6218,7022
325,5864
1368,13
1106,13
2472,3483
1240,13
844,13
2647,10654
522,3934
2253,1867
2702,3945
9207,16247
802,541
2844,2308
8305,4775
3052,9427
187,5341
908,9073
3133,4131
4776,1463
16952,7936
1105,727
4441,426
5635,406
0,38
387,4648
19629,17798
7275,16688
16682,7294
3628,1077
388,1840
1136,13
2280,4602
1270,13
17641,9851
1151,2765
2557,938
1803,476
4064,5579
19958,19959
237,2610
1173,80
2502,6112
9563,3585
19526,17269
60,2159
5958,1217
9975,9945
1112,9603
4164,11795
14452,4136
7318,7316
1024,5060
9642,5571
1223,6209
862,568
1648,1477
2429,1288
14696,18991
5586,2742
39,2221
7361,11335
8299,772
1110,4053
616,6928
1180,2540
1089,732
60,65
1126,9659
9175,3826
8533,8523
2702,107
3918,14398
686,7108
631,39
9306,1276
13,1158
7021,3723
4273,976
13288,13201
13465,18755
2354,3746
325,6348
12259,6872
5217,781
2749,303
7826,4093
18108,11141
431,358
30,14
1100,3900
616,1801
215,5429
4351,1017
5839,15996
165,3622
9862,10017
4328,13865
14189,6893
17680,9913
6393,340
8019,731
10241,16429
737,7231
18,1882
819,7795
2532,12504
1283,10373
3315,3316
6923,6921
4110,581
385,363
1830,154
9145,927
900,3438
428,6826
2670,545
2011,1663
2651,303
120,65
2040,149
773,3074
5837,243
17619,9795
553,2576
12450,18494
8567,4104
2013,1709
9970,4482
6201,1459
4351,6278
36,2057
270,9
18619,16325
8,9
1909,605
11401,1872
3326,68
351,348
16476,6747
7124,16602
2601,2818
8024,5747
1988,4281
323,20
7408,7501
1052,395
14414,11683
1048,9321
3214,13598
1100,3095
8302,773
303,2751
4011,1110
644,600
3725,3722
84,3387
9606,1113
11929,2176
6992,4782
60,549
15912,5658
3912,1104
7711,2025
8151,1543
17626,9811
682,303
1105,406
2373,1089
38,9
857,5030
8355,784
8677,835
9005,9002
12646,8583
92,245
8885,11337
2168,842
15129,4616
5822,9518
3907,1110
3449,3450
5049,900
17058,17059
13095,17427
3909,402
3399,13886
3983,1105
927,3675
2362,2778
10094,1210
8344,783
9584,1108
14783,4329
5335,11470
604,1709
3411,13896
1056,1052
2176,1083
7351,10326
835,1053
484,72
1396,1120
2067,2079
4207,4381
1290,2387
4019,2640
6018,6023
691,7720
6696,2703
5267,5300
698,1694
27,735
7258,7287
497,7073
2699,10253
6471,491
337,2654
8093,8088
9266,13607
6061,8729
2164,1049
2988,2250
3943,3934
4385,115
7845,1570
15760,5371
2359,4708
2557,751
664,16
12104,3415
5459,3376
4005,4031
581,2233
75,375
4092,9103
4534,7004
6268,2010
4693,4782
371,6560
5309,584
7489,595
116,1315
1227,3512
1764,5437
62,2018
8262,12596
2895,13174
4459,8523
7427,7072
4829,886
7645,14879
16459,16460
3235,3416
783,3471
3178,438
1410,9231
4068,2636
5140,1687
1509,10930
10561,1345
7295,7303
15715,15935
8628,4409
254,94
4829,5208
1866,587
3674,4402
2838,1686
15799,5460
4684,131
4189,14647
17,1844
2636,239
4022,2641
2468,6290
968,376
1554,8579
1871,1870
2852,803
13454,3103
14149,8620
1105,4057
18500,12498
4042,4047
8696,4728
11471,1916
2586,1815
2899,60
452,459
7461,8130
6134,11004
1843,11341
723,730
11648,4437
268,5253
3222,3904
5278,1405
3245,13687
2030,10386
4673,5203
4619,14766
18726,13376
48,2
1178,721
4022,3930
39,2168
5259,2294
6675,1155
3925,3997
2929,60
9012,17365
2104,886
1801,5049
65,356
9144,8624
2406,7640
1183,3724
5649,4142
8620,8624
5604,235
1182,89
5564,3280
11870,2163
5181,15593
689,156
7585,1726
56,243
4,53
5373,15763
415,2805
19146,15251
1278,10350
6989,914
7235,4353
11512,11500
4946,11754
5563,15860
9032,5535
5899,2977
1763,219
1372,563
112,2215
3359,179
15879,19294
131,13
876,921
4461,570
1300,2380
15633,19238
563,6059
14288,3813
1210,3426
2578,553
3398,13878
3429,2611
3639,3387
922,2205
4516,4414
5865,1299
1802,10885
11,69
726,7928
2003,29
12806,10721
2861,60
5951,5954
5486,1653
1131,2729
88,2918
64,80
801,8452
39,1713
1357,39
7097,1921
1711,8673
2757,12919
835,866
563,7348
5742,303
3131,1991
2912,13207
3367,4742
163,998
11921,2986
12084,2226
7834,5570
3723,7006
7016,1151
15970,5775
12447,18493
12829,18595
462,476
2542,2535
2253,2432
687,594
704,9
573,1246
13924,16317
7398,2384
10330,1276
12133,5501
1126,7057
5016,10348
243,553
19122,15149
9620,1116
2505,374
5454,5097
545,137
825,2406
6112,3754
1862,682
401,358
5231,329
11486,18118
15015,15014
4738,6058
1823,11307
1856,867
6825,428
2532,3136
106,440
2611,3429
5154,3492
4144,3629
8522,11582
9248,5270
12318,2406
2405,6744
9685,3581
6115,268
5142,11776
7415,1398
5168,165
2363,3300
3115,2181
673,672
3386,3398
253,86
404,6671
9306,10351
1570,11019
4602,693
1143,3038
1105,5964
725,81
2989,729
1394,4377
643,7596
8054,752
428,1780
6318,8302
2679,7104
1913,1909
1892,11420
748,4387
3967,2747
9918,17681
1116,87
2172,857
4006,3641
6050,6043
7461,588
163,4865
15435,4969
636,2079
2229,4774
6035,258
8769,855
4667,125
6386,2959
12919,2757
250,1077
14,46
2161,3327
5216,15616
7121,8252
631,954
1088,2361
6870,16520
12990,18623
13893,14455
12243,2366
278,277
1306,7135
4386,2707
4537,8538
585,959
2054,5308
8155,753
1523,2639
12046,2202
900,970
5334,187
4882,15339
15789,5443
4689,2866
16192,16413
17,1791
4712,783
8592,3386
1534,3178
10746,1422
4003,94
10391,5395
5320,7055
8460,9094
5222,4268
7290,7256
1029,976
2154,1351
3835,3893
58,2731
4131,2723
4900,8189
13,1268
2310,1864
2799,2809
4965,2168
8924,13924
9496,17533
18304,11752
930,970
4959,8769
262,282
2557,243
1915,22
2405,2101
4993,1183
3759,84
6725,14802
8470,8469
3428,2199
2091,8357
1241,5935
2399,2286
4078,4001
10540,17919
11475,3675
2729,3918
564,5693
4033,94
15,1
1491,5329
6407,348
7322,7329
5073,6023
752,5929
9167,1385
2186,11977
6059,2267
11895,2167
403,2742
3436,8856
1877,11407
3064,13414
365,6
1459,5232
144,4733
237,760
4228,14683
5810,250
9306,1170
11207,1766
10453,1304
85,1120
4,0
2309,4621
1459,2199
2727,4380
146,4779
4509,14144
3692,1090
22,17
1054,1921
233,237
508,2162
2440,2071
2641,4047
4550,15084
17647,9859
39,371
395,6
436,7
2562,721
15566,5131
1909,11453
4058,2729
89,3871
825,8635
968,807
9082,5195
12612,18531
448,17
453,361
4460,265
3668,5957
1481,803
3160,8934
4136,1107
17191,17348
1174,94
2361,3067
17,181
2285,39
910,987
1384,10669
691,125
18735,19777
1359,10612
1846,1840
1077,1100
2680,5449
478,17
8721,843
911,1562
1081,1219
5742,3633
11320,3467
2390,12291
8787,8818
1239,115
3675,4253
3904,1107
65,3231
13924,15325
4266,14520
1909,7265
5999,256
18838,13929
689,3620
1219,402
7466,3778
2727,10341
2693,2651
2187,39
2414,3236
1476,5131
3639,4973
1345,8620
3725,6999
9284,10755
2210,5126
1551,6244
2757,1323
1396,2169
563,2168
2156,8273
4047,4017
5427,215
1679,11125
2930,1251
4788,4429
2527,80
3360,835
3377,250
6044,6041
1283,13
233,721
2903,13199
3626,954
2203,922
3934,1107
4068,1107
778,255
5169,1088
9529,4328
10326,1454
7550,631
39,855
722,885
2217,39
6355,426
5458,2130
157,5048
1838,3426
3835,14310
64,2605
1285,9104
5193,169
14850,19031
18802,13778
3761,5501
1097,3391
8134,6694
1116,1189
5118,749
522,2702
3508,13134
272,2527
10829,9780
263,721
1185,13
4631,1570
7337,7289
374,1491
2148,60
9670,1126
17290,19531
13228,2924
6249,3009
2247,39
6314,10574
13840,5932
60,3021
232,95
2255,8036
13,731
18386,18387
9,23
102,4186
575,434
3465,1544
14115,4824
7712,10734
4328,3639
12843,2709
3569,3587
2411,820
315,2200
513,495
1882,7646
22,635
13,1081
4084,246
856,80
219,5121
3916,4045
1184,1831
1941,1056
13654,8751
7119,10570
254,1143
588,265
2484,517
4452,2335
474,917
553,1210
1081,3581
5571,14973
16155,6144
2378,5194
17701,9959
387,1672
6099,8676
3945,4224
15777,8413
158,2374
6319,314
268,1980
2363,12241
3132,10537
1245,13
11140,1697
4469,2689
4596,8126
8705,3611
88,2544
17163,8563
5384,1002
2104,646
22,1924
9306,12876
1080,1077
5999,6001
2635,282
472,440
2647,107
3956,4009
3894,3131
4909,8064
922,3120
14734,4301
81,60
10488,4336
39,2278
19460,19897
8497,814
12335,18467
13874,3398
1900,1755
6583,12064
9692,4402
231,4
60,122
1799,5086
10522,10521
1124,9643
3424,13920
1110,1077
3639,8624
3892,2654
857,631
1244,1077
239,5722
5555,5556
2635,1571
39,184
2007,2002
2623,56
899,1796
12043,2201
17402,9087
5038,5037
2013,3510
10347,10116
11795,18314
94,4028
261,4
7898,14606
17610,19589
627,327
4451,2244
846,8736
5091,884
5240,10806
4041,4066
9125,921
2030,7247
1077,3946
2694,57
9451,1091
588,749
4694,15184
19542,17404
3918,3851
291,4
84,2155
4043,1079
6650,403
13812,17176
5371,1813
3222,1115
12604,12602
3803,9728
1102,1909
12734,18310
2301,2233
6,20
2805,4210
8610,825
12856,13577
5586,12732
1892,7663
1107,5636
1491,149
579,821
10620,1364
5188,793
6748,1096
9606,4203
4346,2958
958,817
10349,1278
698,2206
1090,7160
7081,7163
6,370
3934,3953
5484,9422
11892,2166
59,4
152,195
3851,3918
13083,8264
2235,273
15593,5181
16095,12747
4380,2727
6696,3565
11454,11739
4722,212
4006,4206
3754,12064
9019,4793
2190,2193
4030,4011
9180,954
57,1247
4138,1100
10117,1278
6999,3724
108,246
574,5149
39,1607
3908,4021
10133,1222
4100,14579
888,586
4131,13892
1041,828
9583,17559
8929,6189
1219,5826
615,427
250,5964
2786,130
1817,268
4064,3221
8360,784
404,3398
3451,2240
954,3276
3996,4026
1131,3912
7796,7801
16822,7575
272,246
459,72
63,72
4084,3092
8735,846
6952,471
12315,2403
238,4045
723,5780
7256,7298
9899,2115
1096,8994
4035,2641
4568,5356
3548,79
17606,15012
3800,300
2540,12532
116,83
1086,2799
2786,5391
12105,6730
3426,1779
3469,3169
1965,2209
2365,2328
4641,8463
12478,8409
436,438
3426,5162
596,2413
1112,2707
11008,11005
60,1090
17,262
6794,420
5935,918
11948,2178
4035,3930
4207,250
2073,11726
4931,4253
225,376
1799,10965
3996,3221
1119,4036
2778,403
2275,3724
2867,1384
3044,9190
4037,3222
40,2316
9875,6201
3904,3632
17,612
1285,6957
3214,3185
5000,825
2909,2549
268,6115
3892,14360
4771,6600
8656,3131
1865,69
8327,8325
19517,17211
2742,1096
212,5402
3230,4068
9362,1078
6578,2084
6653,10337
246,2542
13035,2826
244,5879
2319,3622
1481,79
3327,968
3000,573
13237,8410
1086,2933
3658,7898
2533,1107
246,5925
4093,7826
0,42
3628,1081
1155,6675
816,39
1105,4114
866,156
3997,2641
9776,3697
3485,12292
5286,15690
219,5418
1105,1081
8087,4677
4004,3997
3008,60
2359,1866
2364,2210
1571,4294
2173,2642
3221,1107
10397,10396
588,562
825,8611
1102,783
2365,6784
18505,12525
8966,8968
1922,2242
11652,2169
10307,14825
846,39
39,2225
3997,3930
5511,3326
3909,1077
4704,5512
4391,851
2362,3453
982,839
9087,14563
426,6808
4001,4049
8533,8527
1093,7271
2294,2006
618,562
3257,4305
1041,2385
3377,2909
9213,1089
13,1162
825,1040
1919,6266
13514,3160
3445,569
3426,4491
1272,39
721,2380
876,39
2309,4731
2765,4782
4002,3900
239,2636
10617,7672
8924,4369
579,984
8423,2101
228,3
5486,421
5181,6201
6494,4183
1554,2354
120,4607
1278,4930
3979,5579
2814,4085
2940,60
4008,4065
438,752
8352,6772
11048,11049
3388,6077
5091,4214
4380,9306
13982,18847
2532,12508
108,59
545,60
1040,39
1947,743
6210,4774
5472,2593
6917,6356
11674,11676
17077,8311
12443,9972
3166,753
428,6830
2890,5019
4036,4019
1658,2303
2535,2576
1019,6517
1155,8098
1704,204
477,1996
1492,10901
4756,144
7147,16617
15256,8583
1932,4757
1106,2729
7353,6105
14853,7412
2274,1488
80,81
1038,7698
1233,60
3999,1104
1019,1040
998,163
8567,1075
10468,8087
406,251
16725,16123
1994,158
204,1056
2336,3305
1295,157
18156,11320
4,244
3214,13602
4653,581
3252,7478
14279,11462
60,553
5359,1726
2322,374
735,8047
7690,1152
752,7462
1829,441
4468,4184
1921,969
3356,72
840,866
9714,8914
10314,15325
6512,1301
16560,6987
16,604
2715,426
3009,2593
282,723
822,8581
1815,169
11056,6513
19307,19308
87,255
5329,6556
2633,3999
64,2715
88,3109
3040,7541
353,374
9723,6374
8260,5223
108,543
10827,3428
12360,2874
1343,4496
5242,171
2664,87
1105,2638
4136,14533
2166,11888
1848,467
2328,1858
8513,4356
2530,272
15976,5781
852,2165
2292,1612
821,600
3269,9471
19423,16608
6679,6675
3466,13957
2174,4774
4065,3928
7441,582
18615,12907
14730,4298
272,543
18084,16654
7292,16674
6167,3467
8111,8109
95,92
9009,10013
4749,1527
3962,12259
16676,7296
11224,18124
5512,4704
2649,2973
2707,3143
3816,13373
2395,7752
3904,2640
246,3644
3271,2727
14750,7552
631,1011
39,1099
3998,3995
8027,3658
11905,2428
2378,2860
13596,3214
1959,11544
13428,13429
1248,10220
5727,4484
9675,17579
1019,3752
2163,4369
1077,3922
3907,2537
3311,3415
5374,6059
1785,252
10334,4568
506,1854
1660,7131
1340,7715
753,8147
827,3932
818,2126
3943,3133
5245,172
157,165
3648,741
17,1848
19163,15290
60,232
2403,12315
13910,6356
4285,5499
930,88
212,3255
1802,17
12349,2418
5571,4479
6244,815
5896,1795
1257,10282
11374,10847
13,1325
774,514
2375,818
2540,131
4768,1122
11198,1761
11466,4959
3141,5232
7398,615
14721,18999
2230,4786
19060,14946
2663,8051
4021,1080
5805,337
834,915
2683,9457
2934,13240
3925,4001
13283,4514
814,1202
9905,7787
1111,2886
8609,13946
3668,403
3900,3944
4001,3996
601,7510
2198,2245
783,6992
1920,22
4473,3991
4504,4058
61,3035
2067,5145
6260,11655
19160,19849
2533,3632
4,57
2330,1583
3264,8806
6609,3141
7054,11893
1278,10354
2952,6999
2572,1116
4003,2729
14576,4099
10002,9009
18593,12827
2261,7081
5334,7144
124,1290
857,875
9873,1459
84,171
1096,3143
10058,9318
238,4021
10276,9019
3755,3566
5654,9751
9914,7849
11776,2101
1089,7799
3398,13882
7426,11657
721,233
1865,850
2636,727
495,7060
1116,9622
3723,4782
4100,568
10130,10133
149,7
5004,9834
12075,18383
1931,157
1079,4078
11996,5258
15610,19231
5579,12960
12399,18480
4192,6923
11331,1835
598,18
3426,2694
3257,5891
4038,4012
3866,522
2723,5957
657,598
801,8456
4949,9531
6472,4317
1921,2071
6730,411
563,7352
5284,3593
1368,6059
3675,927
10141,1223
1097,4253
9099,4266
16478,6744
10506,1321
4623,851
60,2944
10318,1270
10708,6151
1491,393
7814,1135
2542,2539
13540,5593
570,13
13616,12004
6441,14429
808,8472
2162,39
1107,403
56,731
231,732
666,660
9807,9806
2527,137
3434,841
11377,18179
6260,9106
4125,4896
14911,9003
730,8000
3029,3007
2270,2201
4271,10383
658,18
1487,1563
7357,15569
14579,4100
0,18
4131,3398
4738,6062
18571,12771
774,1132
92,2990
1823,11311
4350,14813
7024,4779
4820,1930
9002,9005
12646,16239
3097,2360
1173,60
3353,71
11165,9786
1321,10511
253,90
9874,9873
7346,4426
16229,12782
1148,9802
2364,3125
6218,3753
764,13
4403,2931
39,2201
3428,13612
3783,3223
5485,226
5737,9307
7138,7136
4032,3927
1110,4033
1203,60
4033,1119
1099,9536
18538,15051
402,3946
1085,3222
7024,7007
448,1847
250,4114
3178,1544
5526,10965
13,1138
1923,1288
1155,9818
250,1081
924,9131
3359,801
13945,7294
14478,10009
10808,4772
256,5999
3814,3825
12231,2360
9299,1024
2480,3084
17001,13577
1115,3222
8591,937
5311,6997
17,506
13222,2920
3091,4369
14648,4189
11243,3387
14747,14748
2695,1925
3178,9249
3734,82
10418,10629
4136,14614
3928,1079
3675,3639
1980,5363
7390,3169
722,7842
588,4644
1684,4281
19739,18430
6300,5232
17748,14908
4689,8347
4049,2537
3214,3429
8190,4915
6347,325
15092,19105
7257,546
4750,140
2535,108
6649,4073
16311,14419
4585,4210
17,1795
14418,5016
2207,4214
818,5456
1909,585
1997,432
5663,4015
6043,3482
10346,10352
18902,19811
2022,2182
8460,9098
4195,268
3455,458
3415,3311
2859,5308
328,344
13,1272
400,6636
2778,8352
3420,3655
2962,4497
1219,1077
7840,722
12501,3136
15532,12587
1657,11102
5439,5438
16567,16452
800,7509
1801,678
9715,7452
13540,3178
5895,3210
8620,4253
8090,5973
13957,3466
12761,2659
15,5
3327,5534
875,863
80,2874
1077,4003
4131,4016
11296,1812
2583,2757
5239,8359
3918,3908
3904,4010
1593,2018
10352,10116
6577,921
17139,8518
522,3377
14742,4308
9,348
146,4783
698,7740
3451,2163
13,467
233,2685
689,3490
6418,16325
1967,4107
243,5847
14754,4318
17821,13426
729,7992
3045,2414
10154,3311
3948,3908
71,1576
9,698
362,62
231,545
16216,17295
5270,8769
6204,9576
3917,14394
5973,16059
12616,15271
3132,12367
4213,6808
9875,17667
2093,11766
2439,1823
17339,8929
95,3101
5016,4688
5957,250
1079,4025
16550,6968
4673,1316
6140,9002
753,68
3311,5135
8901,14428
11721,13079
1100,1115
3906,4032
19860,19217
7457,687
69,375
3279,13733
6808,4213
108,303
2599,7558
5280,2667
8609,3639
13266,17423
6200,4330
4281,2374
3230,2702
7015,3725
9802,9810
16960,7970
3169,11094
3806,3801
3642,7342
3983,1219
1077,1104
4465,239
10345,9271
17060,18939
2893,2528
1625,155
374,1361
783,68
65,3235
595,17
15440,4972
3272,80
18426,12206
7495,15100
969,1921
2153,1213
2636,12701
5052,157
7336,16733
272,303
9303,6837
1345,8624
1295,2845
3628,9514
4072,4078
574,79
753,2296
5641,3935
10443,3548
2382,8620
14352,3883
16884,7729
3137,794
7348,16743
3133,4058
2873,721
237,4631
18611,12898
2262,567
672,4559
16475,6743
4928,11583
1530,2338
3698,80
3560,2590
3064,11808
1459,3626
2806,2882
8045,7222
2926,732
8647,3126
1952,526
5270,15669
18011,10809
2423,111
243,854
2679,8210
7562,5533
3928,3925
4019,4043
16634,7180
15813,5496
10467,2979
3194,4869
2146,4714
4004,3920
10829,9784
4690,1215
3723,2180
9242,17457
1863,2147
125,3235
3912,2641
3922,1077
7337,7293
2197,7096
3393,733
1168,13
39,2148
10352,7351
3588,2894
6437,6447
9,27
14814,17661
10418,8348
251,5976
1362,10617
15189,4706
235,747
2805,11301
18001,14793
1482,2805
1542,7020
1430,10751
4790,3674
11490,1922
340,6398
13,1085
3912,3930
5149,574
10331,4380
14825,10064
15761,13950
1466,9627
1198,13
873,253
1332,13
10592,4155
2557,60
3429,2241
3198,7970
4089,14557
5139,3269
4535,122
2904,1107
15068,4537
12136,5453
13927,3437
9431,1090
2619,157
5372,996
6036,4194
10435,9806
6244,925
16223,6252
16888,19474
5127,5137
2639,809
9144,13865
1183,4993
19254,15703
9603,7209
8620,13865
8963,2153
2201,583
4114,250
3169,7390
7190,7192
3768,3777
1987,65
2369,4331
22,1928
5249,3033
1362,13
11258,18137
2540,1180
265,5069
4790,5902
17,803
3033,5250
3038,5594
10233,15899
39,2282
4414,7308
3999,4060
1430,9946
2029,2169
8522,8984
124,111
14066,3572
3274,6810
5357,15748
10128,17768
858,6522
13,280
1355,7328
402,4027
2845,2166
14469,3962
3617,7149
3908,5635
7,465
76,70
3508,1729
3420,3602
1426,563
13,1219
1780,2781
2702,1107
2079,1882
2650,2637
4390,13865
1801,3069
1684,40
94,4032
233,404
4779,7032
1121,866
802,1086
5086,2988
5236,303
1430,2375
8532,2101
244,4
18280,11659
11448,2180
2901,13186
8612,3750
18023,15975
19848,19959
10043,1199
3047,5841
1075,3315
6209,1223
5436,5437
4520,15035
8527,8523
1141,2622
258,60
332,9
4881,2182
5530,376
18294,11715
149,1056
218,661
402,3222
2220,7725
1439,1498
2549,87
274,4
6112,2229
8376,2877
1991,2011
8961,5782
14014,3516
2044,1083
8348,1583
13799,3362
14854,16739
2002,857
2198,2489
3388,13839
272,116
4375,10308
3102,1175
6882,1854
825,3675
8853,7353
6,374
238,3915
367,353
4049,3907
4460,5693
1277,574
3487,8341
60,610
13,764
6445,2230
3179,1772
536,539
1348,225
7043,1398
282,2874
860,636
2441,12396
2501,12447
157,4865
432,2818
13160,18664
10103,5548
817,939
2193,5097
121,4619
15472,5016
19179,19180
6793,819
3146,13501
1438,4440
12967,5410
11174,10763
1119,3906
4216,5309
80,3305
615,431
4615,4826
7719,984
855,7997
86,87
17542,19569
762,3110
1044,2042
13091,14521
12303,2397
2277,11776
80,272
914,2161
7796,7805
8149,753
616,252
5870,16012
16617,7147
1493,10913
3761,191
1257,56
2055,36
3989,3990
255,246
1525,1002
441,436
5425,8199
4716,7702
657,7608
14976,10827
1094,1755
4953,2727
159,3167
4297,3554
116,87
3901,1110
169,3131
1368,10625
1796,4656
4949,8620
362,493
250,4224
8443,799
2636,1105
4399,9873
1180,1125
4669,3318
9642,1123
1916,227
149,385
17245,19524
3290,5278
542,2531
1077,3629
1851,17
5335,1866
12798,18567
16229,6260
40,2320
4468,12080
4014,3996
1763,5273
90,1094
1241,438
4537,15068
1110,3927
227,5529
3902,3940
13,93
3387,84
19074,19089
867,7552
13857,3396
3685,7096
4356,885
3401,921
5140,5131
10331,4327
14107,9960
18140,12805
246,5929
9003,17364
4716,2359
1587,11032
4022,2702
7275,16696
3628,1085
5016,4314
324,335
2734,12886
2361,1758
10341,10118
17601,17600
115,4133
1803,484
4600,1595
9209,11955
2695,4263
752,8137
1365,258
1105,1085
11487,1921
3918,2729
303,4369
5691,10495
1295,1182
825,8615
39,1290
1107,1131
8287,770
3092,4084
2233,6834
13060,2836
3318,1394
5699,2627
7552,1489
3214,2734
108,4251
2892,239
7950,7951
4328,8612
1849,428
4001,4053
1222,10129
921,567
11908,4960
2723,403
2384,4155
1049,752
2893,60
4327,14776
4,114
790,8405
1960,3827
55,2523
7880,3398
2904,3632
3840,1102
9271,10308
1651,39
8638,3979
9569,1105
11389,10407
12249,18435
752,916
3133,13483
1884,18
5310,199
15694,15603
120,4611
3243,65
1314,4591
376,2322
920,2220
11320,18157
1093,2148
2923,60
3398,1107
1911,3534
6297,16266
5270,3402
3126,3802
428,6834
6695,11616
4212,1216
1273,1153
7921,5627
60,2651
273,6142
3224,1112
5505,5339
10167,17777
80,85
123,721
14862,19021
10944,1604
82,131
1265,10310
3970,6005
16,1763
1088,60
3214,13606
4644,1785
2161,1965
60,3001
9110,3169
17821,10287
735,8051
935,757
1129,8170
5078,1488
9196,17438
267,69
3169,9110
1117,239
1653,219
6167,16169
267,3452
4255,108
4953,9306
8929,11617
1118,60
2011,866
1560,5131
2312,40
3566,825
8010,730
12077,4849
1086,522
4474,411
16,608
2576,86
72,3361
39,969
548,7262
4949,6339
5135,3311
1485,8340
8846,6105
2677,1077
4313,2156
453,959
4004,4030
914,2108
2048,2037
88,80
631,5203
11252,18136
18113,19682
2682,108
1227,10152
11483,18231
9290,1019
1573,1929
866,2067
919,3391
6701,15298
2116,636
2620,2613
2640,4019
3639,11637
12027,5270
303,6276
3164,8900
60,102
282,2955
2979,13284
1104,1077
895,903
1077,2637
13,1195
2926,4009
12824,5964
2714,154
5575,2778
6167,438
5162,165
11182,11486
3565,3178
5091,3897
1113,3233
94,4008
1792,1801
116,1323
3233,5822
303,1149
12328,3289
17,563
6390,860
1080,4224
2945,8573
1097,3639
4796,13778
7422,9180
2239,3429
4200,14656
13447,3095
2633,1104
4572,1238
10984,17513
1089,9413
1077,3926
4843,15287
6140,16146
7476,2246
9003,9017
8929,13040
14890,4533
1799,11266
3406,273
13254,13253
833,8669
15218,4749
753,8151
1137,2664
3855,5734
4065,94
6,0
116,2612
6736,11454
14563,8460
3092,2742
1459,6098
17,1852
3103,13454
60,236
519,7166
13609,3214
15873,7834
17282,8934
8810,866
6189,9780
988,3480
1217,1088
1409,7674
1397,2187
4687,787
1257,10286
1856,6673
13,1329
3901,14373
1909,1581
806,965
5354,15745
15819,5504
18711,13857
8634,825
1134,272
36,0
3754,6217
10118,4516
5877,244
17436,19550
7452,9715
9775,1144
2978,9379
17472,13353
158,5066
595,5067
2289,5370
106,180
5391,4673
1783,1068
3925,4005
5002,3400
358,401
3457,2439
5367,1835
5530,3519
8539,17153
203,1052
1770,1772
8284,9464
18103,11126
407,6709
3752,1044
333,344
4001,4000
5301,15710
4960,15417
15015,19076
18139,18138
7186,10885
2540,11223
3311,6936
10890,8536
3920,4011
2984,125
2466,2414
8405,8643
1151,4359
979,869
3417,3390
1796,899
6094,3453
15736,7697
4010,3904
10469,1309
5563,15868
2067,2116
2972,8409
2549,1136
3034,9287
11795,11796
1512,10939
6999,4993
6803,917
7567,2067
4072,4001
18929,14443
1214,3368
1558,3178
2699,1080
10326,4414
66,1289
2380,1300
2729,5618
1089,1387
13546,3184
1309,3605
1116,9626
2406,12320
75,62
2375,10755
455,3501
181,2178
4790,4402
6509,820
12209,2337
14879,7645
2035,8620
875,1054
455,468
2535,2527
9408,15979
2080,11746
3047,12501
8821,7551
2546,8543
3391,233
1672,5535
818,1459
751,237
18990,14695
11103,2362
13064,7173
8943,6201
10256,3429
9294,4738
11355,8999
16945,7904
3919,1291
2249,39
389,6
4033,4022
160,900
11440,2132
60,2948
12160,11089
1269,2270
6750,2171
2395,3247
12875,4426
5363,1796
7293,7294
16687,7272
648,839
522,3918
2544,337
1083,13
2265,922
3927,3222
3944,2637
1569,11018
4328,3566
4396,14812
678,2179
9807,9810
1278,4426
5440,2955
2279,39
6813,426
6532,11518
460,7
1019,1691
3617,1461
11112,1670
3923,2699
3429,2164
0,22
11137,3420
5823,15902
2709,3006
3528,3109
5156,163
1933,341
7024,4783
4281,1626
1117,3919
7707,8223
8056,1961
4706,866
8846,2080
2901,732
1316,5068
15483,16753
79,1254
17,376
53,33
1113,13
1247,13
12370,4267
2593,12630
816,958
38,664
9793,17617
3269,2067
13057,8580
16312,6405
796,1245
2549,2909
15953,19304
1148,9806
917,9119
2498,8047
13771,4136
4533,15059
39,2205
5973,8090
8855,11591
1143,13
18888,19598
976,839
1277,13
2760,96
803,4294
2742,1210
4280,1000
2833,574
4949,10958
7552,8820
155,2538
2130,9499
5886,9784
12469,2529
3883,11163
239,5649
404,3996
535,315
4330,6190
9982,9945
13,1142
56,280
37,38
4061,1077
15544,5112
2378,1872
158,1496
2723,11706
6374,9723
14474,18939
1307,13
2707,61
1115,3226
1096,732
1920,1933
1959,7523
7725,4210
92,95
1088,1780
62,1384
5270,6411
12034,2200
186,696
900,39
11706,10248
2281,2289
4945,6062
1752,255
3909,4224
5532,934
6803,2824
595,2786
3995,3998
4036,3999
4987,14609
9,218
5126,2875
17133,14989
16654,16452
896,2899
9380,2656
4048,4009
7599,7080
92,1384
930,39
8615,2035
403,522
477,471
3135,3490
3257,4419
8140,3462
10969,3165
7252,556
6823,4580
14330,3860
13,1276
7463,776
2900,2869
403,3905
2364,10968
4066,3999
2540,82
4231,3312
9583,16197
2751,2746
11634,6938
5844,243
6477,4882
1783,6492
8643,8405
57,235
4993,7018
2636,3927
4733,5401
774,815
15,9
5051,2300
5248,15646
11883,2165
13846,3639
13868,3398
4327,10348
14700,8624
2011,842
3475,683
4704,1438
17640,9851
3908,3948
68,774
8863,8529
13254,2946
112,4264
1201,9146
3560,232
731,2781
251,5362
4644,606
13205,3993
1593,2022
13950,15481
87,235
18450,12285
10317,11065
2535,246
3920,3958
3947,4061
3245,4543
7015,4534
6437,356
1738,1622
5814,1131
9461,10326
60,2761
698,7744
517,2448
7592,2071
863,641
3471,5263
13846,4928
14281,10518
360,20
365,364
783,877
2141,11811
5180,212
9,702
4104,453
7373,2148
14561,4092
922,4604
4790,966
11870,5851
8695,3037
10101,1210
18870,14160
971,6940
8029,732
3407,7880
8545,1780
9570,4203
3725,4779
3398,4384
1751,4836
3943,3918
5302,1491
4077,3918
7239,12132
3509,428
7172,522
2607,2542
7719,691
2163,616
4078,1110
3221,3933
3517,2763
970,7654
11190,16076
14260,9240
16020,12075
18750,13462
10562,3675
751,2628
911,631
3946,402
8383,13688
2375,2192
2593,6027
1368,2038
3413,13902
258,251
2512,211
14779,4328
106,611
7549,630
1172,1345
4131,4504
839,5077
65,3239
3573,5674
9970,6365
3038,2886
4392,115
2067,4641
18347,11917
6167,8708
10838,15974
6235,12784
4012,4031
6562,2067
8769,2181
11102,8850
80,3712
6107,2426
6752,2164
16915,7800
6111,16131
7295,7287
17482,17481
426,1124
4526,1219
976,7418
2210,2101
3913,238
81,1089
3974,14477
5299,388
19550,17436
2539,2542
6980,486
5586,1384
39,863
9383,7894
4550,300
3999,2641
4042,4031
1848,8286
9948,17694
3742,3739
958,2301
4019,4047
6278,4351
8687,1216
2442,12408
12611,2583
17566,9608
5131,5126
5520,737
7421,579
10568,1345
4356,8513
1180,4565
8162,8161
1909,2496
2269,587
8994,17359
18218,11456
1826,17
9576,9578
12317,8902
4029,2641
39,2152
199,155
2200,1921
6360,2067
5453,9499
3999,3930
6437,6451
9,31
8522,8854
17827,10295
6989,548
2365,4617
4347,2169
842,3415
8620,8608
1430,10755
7495,1817
3073,1671
10347,15467
511,6284
494,453
4482,3525
404,3943
13,1089
3829,8595
1856,17
4662,2180
13640,3226
761,3426
19573,17554
575,792
1483,2630
1502,428
2792,7286
94,3902
17142,17143
18343,11878
1843,4104
2638,403
10391,3122
3887,90
2245,8056
6811,9644
818,6562
14729,4294
5347,189
1840,3806
3963,2529
1177,9878
5279,4192
6189,10829
18701,13279
14,351
857,1794
22,1932
3977,3366
11198,5258
866,567
2197,818
1930,11054
12868,2723
8062,8064
7303,7258
5371,1687
1126,2369
670,6290
2502,6527
2532,542
2101,10155
10950,4375
9026,17381
1929,249
3221,7934
626,1265
41,2332
7135,2197
10736,1413
2274,1415
2867,8345
4450,10352
2203,2703
11439,6259
4226,4228
9326,1054
18735,13398
1110,1085
6300,2500
1126,275
14775,4423
5957,9516
4775,2191
2010,29
2557,2642
18002,10780
2068,3417
4786,6487
3002,60
4048,4306
4426,10116
402,4381
2152,2364
5978,3388
1482,3293
3632,10255
12679,6742
2080,8123
9775,13281
92,2620
16876,7709
13643,3227
2901,13190
13428,3073
15458,5769
17606,19074
2753,1426
2290,204
3623,14114
15304,5302
1290,1029
768,8272
2219,1492
4636,4634
4792,9311
1573,563
3032,60
852,803
1726,1559
4200,5235
5270,9875
13066,2842
411,6722
2362,2709
3995,107
5624,5677
8666,957
235,80
1840,1846
1086,1384
711,9
1540,1554
12,8
1528,39
165,1004
5870,12499
772,3668
10259,10253
11880,2164
887,1174
3493,12139
17889,10852
2160,2201
4317,6924
2101,840
5371,2171
548,5091
1116,2165
966,5604
11324,5100
584,5310
6,378
606,5069
8858,1285
11764,5372
1223,10141
911,9088
2620,92
1104,4033
7504,10657
7671,971
8383,2897
2426,2478
56,845
4030,4019
219,1775
1396,2340
8899,3164
6201,6196
2013,30
2149,857
1273,3438
1822,462
8462,911
1107,3900
2155,2365
6048,12747
165,199
9516,5957
7415,577
2633,4060
9804,9807
10280,16152
5793,9195
3116,272
8723,844
39,1965
9087,10920
6988,3169
11365,1852
9899,1184
88,137
7920,3903
10559,3674
6534,7136
63,80
2088,2432
7351,7358
337,1780
1687,11133
1763,5493
13802,3367
3507,8357
6052,6049
6553,1901
596,1482
4191,14651
2853,5123
1107,3095
1763,16
233,87
1090,1236
4426,7351
6924,5197
10705,1405
17713,17711
155,204
8109,8097
4663,124
1725,5359
5376,8102
4865,982
636,2197
9361,1077
10119,10326
8359,5239
2187,7110
9875,5270
14415,5637
599,3069
542,2535
10509,10511
3315,9476
280,2535
6125,269
11450,1909
94,4065
1019,9290
6268,14318
1809,2993
3658,2645
8801,861
5457,15796
19235,15628
249,1909
3996,2640
4402,3328
14966,10062
2955,7628
4010,94
3925,3928
2727,12874
2321,12186
7297,7256
4850,14071
2147,1453
3902,3944
6999,1183
7431,840
16427,16987
472,611
9118,918
329,333
1807,72
1922,22
81,231
2188,9563
4514,11089
9003,10013
7501,7436
56,2618
574,3547
5140,5135
1126,88
8167,881
11267,1801
9,328
167,914
13680,18787
10843,1473
3428,10827
3160,1213
4039,12701
17189,11244
2734,12890
2657,592
4852,4853
2641,4031
9874,4994
5925,1096
1109,4995
6215,12189
752,8141
13887,3400
731,8018
819,3701
4482,4761
6744,10998
96,108
4963,15422
10457,10455
825,8619
11955,13290
7132,6384
11,0
8052,8047
1693,5396
774,925
376,6514
9583,4414
4022,3995
4063,3996
4849,15293
5570,2975
2220,1126
881,8901
1459,10827
4909,7430
9532,2382
1316,2413
3909,1085
108,4255
7794,1780
1868,674
17151,17152
1528,3235
819,2546
1796,17
4017,4001
1090,9425
235,243
3910,3380
7411,4644
4419,3257
3444,13938
60,427
3996,4063
3244,9154
2201,2173
2435,125
353,5375
3396,9925
2159,1947
5058,5055
5264,959
7551,867
13662,3416
4959,11465
4047,4001
8720,1514
783,8342
6872,3962
12008,3451
5278,6492
16011,5865
2155,2178
19785,18807
2860,5377
3809,11942
4604,12405
616,2163
857,5258
3928,522
5764,723
11982,3169
9599,1109
39,839
72,787
2200,608
2532,3067
1236,1090
8280,5564
2194,39
12699,11828
4604,512
273,6146
159,5078
527,7194
2155,84
2635,721
10829,16180
406,6675
16973,10009
2362,3006
10129,1459
115,2527
354,69
3126,1712
6491,5559
10326,2727
3512,5131
16,1767
107,1131
3178,3565
7388,3074
18487,12596
60,3005
1293,2913
2224,39
374,4858
2375,6624
2805,1482
11812,7430
1607,1568
937,4971
1219,3903
12132,16453
5926,246
6449,6437
84,3749
4367,1107
60,911
1192,13
1331,1111
2227,8042
8051,735
9677,1126
7440,581
10017,9862
2254,39
72,3365
817,4273
1875,3426
2546,7795
548,7266
9438,2049
5713,1077
169,265
2633,4007
857,8775
315,90
970,1482
493,362
1269,583
116,4576
1830,7066
7640,16857
9806,9800
9927,1459
4004,4034
5656,5646
1222,13
5100,1227
8594,3764
60,2200
3857,2294
2274,1041
4487,246
149,1491
1126,2934
11243,4253
2874,282
7010,7012
453,1902
3856,2823
11676,3354
5549,272
8336,2193
1175,5270
3080,158
1106,3221
595,265
39,2262
727,2636
2152,1051
94,2723
9683,3169
9801,9806
4458,14942
10644,2389
157,39
2049,11661
1965,4608
394,1672
924,2426
2314,2318
17785,10179
19531,19532
1252,13
15439,10630
1320,10505
548,3078
2619,2365
3639,8608
4635,13299
1299,768
996,959
1077,2641
227,219
2816,11015
8769,9780
9213,1126
13,1199
851,2298
14987,9008
63,1316
238,1317
2079,1862
3147,9839
10325,10341
726,317
977,4100
6827,2178
3444,11523
8857,8846
11832,2150
7329,7300
6624,1849
13584,3212
94,4012
17184,8619
2912,5246
5467,216
1100,3941
3536,8079
5232,15625
18904,14307
7964,15395
1559,2011
2367,2679
10787,11311
1173,255
16850,16852
586,687
1327,10521
1117,1077
1115,250
4458,4338
1077,3930
5304,5298
2011,4737
1825,1349
2630,56
17309,18305
4568,10333
6122,268
10341,5747
387,6112
2617,1514
12293,11004
6670,13871
753,8155
268,4
71,1153
97,122
5131,3276
6783,916
11399,1867
2892,406
4468,488
2540,5616
16356,6494
3214,3840
2727,1278
600,7509
2857,570
13,1333
39,302
19811,18902
4,281
721,107
10280,9012
2952,4779
495,518
16565,7018
835,2838
2101,5138
8617,825
12309,16209
4267,6217
158,5070
595,5071
60,1529
722,682
4266,6746
11102,1657
1078,9362
3033,4559
545,231
19001,14724
1291,10409
3979,273
5453,15354
333,348
13963,7664
1573,4645
721,7812
2433,5503
4131,13876
4384,7906
6167,1865
2820,4451
2217,10574
851,688
9805,1148
723,7858
2535,303
7552,1790
7163,517
13214,6987
303,2576
1755,1094
2952,7007
7733,16885
3996,4010
383,61
6193,3436
5341,187
83,3741
1993,3137
1826,745
1129,1571
2540,5750
1096,5595
3257,4610
5926,3092
12401,17437
12548,3901
2637,2650
825,1345
723,5764
3428,1459
267,3269
2431,12381
4307,115
4656,7439
160,5092
10912,6205
13486,3137
16489,19400
1173,2028
60,724
2584,545
624,2752
522,7171
1085,3901
2641,1079
9239,3746
15758,5366
10577,5168
14768,11043
3629,402
57,426
13164,6469
1213,114
810,5359
4026,4010
528,11
9784,15331
15493,5068
10665,4234
1176,232
732,3224
10990,1550
3913,1100
1542,2275
2168,1017
5776,5376
857,2172
2636,1085
7397,697
5330,563
149,365
16136,15498
1188,3440
369,6555
1888,2131
4782,731
7702,4716
12877,7351
4207,4206
3422,9349
3555,79
11066,4928
3747,249
1283,1233
3235,12906
5393,5988
85,3763
1241,3451
1881,2091
3214,3169
16113,6065
2004,6628
10910,5354
8459,17123
1331,5596
2556,725
4010,4042
732,4513
1940,227
2934,4283
1110,3907
7140,6302
543,7243
7293,7298
16959,7964
300,1823
10825,1459
1525,1116
14181,6506
1024,2820
246,2526
2166,6582
3387,13835
7028,7000
151,3420
6059,7138
12496,2532
2886,2707
4677,7861
17366,17363
19709,18304
10348,1278
809,2639
1141,1126
2287,2378
13911,3420
0,26
1275,1126
5142,13293
18067,10994
6799,4669
56,1089
5988,5393
4572,116
12856,12085
18458,12313
1915,3149
9002,9013
1185,7999
2636,1219
199,2306
777,68
851,17
5376,5768
5772,5768
12900,2743
358,6500
2161,9971
2461,3847
3056,1024
3930,4032
253,2542
412,6736
457,1783
1148,9810
2540,1107
5917,615
9786,11165
1780,11218
39,2209
8423,796
6355,1780
3925,4038
8524,9738
1213,4920
943,895
16189,6194
1755,773
636,7568
5280,179
10331,9918
732,8030
2105,2091
11878,2846
11193,2743
2638,2554
14732,4299
16375,6549
2,48
595,562
746,7147
13,1146
11955,12111
1921,469
2156,11855
13577,8596
2875,5126
60,403
825,8379
1236,10165
2857,1322
8147,11077
4362,3638
2707,65
2490,1528
2065,598
958,2492
4008,4049
5660,5661
7618,6037
19089,19080
3123,2380
4220,12041
2369,4392
7205,10005
1111,2707
5094,6189
6331,2833
321,336
12444,16597
1081,3996
19074,15015
5432,5430
733,6696
1017,39
812,1327
2737,12897
13924,5270
3946,1077
2867,5019
9348,17489
4224,4239
6581,914
4733,144
5371,5127
3009,938
2947,60
4474,14967
2647,522
1879,1882
2199,5270
4210,7724
9286,7162
9107,2501
1612,2292
6097,12586
9425,1090
9376,13471
3123,13468
2554,4680
773,968
11609,11608
12458,2508
403,3909
3013,2750
1827,379
2639,65
3671,4413
1549,10988
5283,180
2542,2576
1406,10710
1368,10418
1024,3438
3746,1554
4006,4137
4763,144
4801,436
5468,1653
10557,4514
15,13
56,768
2168,830
4327,10352
4059,738
3873,1514
7341,9246
58,60
2773,7585
12957,9372
1052,1672
1496,7570
16017,17309
4851,149
2206,2253
3276,6893
17658,9872
1438,10783
1882,2129
2362,2766
3883,3141
1875,958
5815,3050
3007,60
15124,4610
348,14
5573,10872
1951,11533
3806,642
628,2283
1557,4998
9386,1111
10659,1384
11039,1605
72,1836
4036,1104
686,9
825,6769
402,250
1568,11014
3235,13658
3363,72
1485,9259
88,60
2060,1088
2220,2309
585,866
1413,1277
18424,18423
3243,2407
8838,1656
8502,8877
2057,36
238,4
10526,9003
14620,14125
9,706
852,2149
6750,5371
2373,272
3739,3742
5910,7609
7930,5453
6210,9564
2148,1093
1031,579
179,4500
4066,1104
4131,5663
7409,5192
2899,2947
7097,3385
5966,7891
6699,2558
39,733
1544,7745
6105,8989
12027,6189
8445,799
243,728
10631,10424
5091,494
4005,4019
1954,446
4812,13352
5043,453
39,1083
753,426
390,374
6248,4729
2365,165
6837,428
1043,939
2237,919
10337,10327
958,77
6486,356
10987,1549
7299,16674
19207,19195
503,436
4224,3918
4465,7013
690,262
2233,7566
17236,19523
3905,4138
3003,11914
13,20
4899,4996
137,86
80,3716
9114,16183
5886,16017
6053,12747
2380,796
2867,160
630,369
17,1832
3214,4405
13603,3214
19238,15633
5969,11706
5103,14975
436,503
1105,4045
2083,11540
251,723
1109,4918
2637,4020
1995,581
548,155
4061,1244
4035,3995
3169,848
3062,9087
689,7715
1348,10569
8769,10829
1570,3034
579,2659
10062,2120
6827,3227
2343,2203
939,2413
4268,13773
4664,3385
12625,9251
4058,1131
1809,17
7810,10342
9,35
547,7258
15733,5336
2369,4555
7135,2067
816,2198
1413,956
3904,4047
370,391
7,339
12906,3235
3310,3308
851,4636
576,267
1355,10585
636,4482
1710,196
2274,2224
2334,2275
14008,10042
56,231
3374,10648
4207,4987
231,232
3230,1100
11416,7808
1278,10338
303,108
3523,1322
204,1792
3932,4001
1101,3471
3095,94
3129,13476
8991,2489
4008,3996
8672,3675
437,458
3639,3375
929,920
7291,7252
22,1936
428,3378
14345,9970
6408,6410
6772,16486
1170,9842
577,468
3143,3144
7023,4993
2661,2646
4347,1368
5374,5372
2934,526
2168,4965
876,2198
9802,10436
3632,2554
8924,8972
65,2922
1653,5273
3143,4083
2867,8349
1415,3415
2979,5372
1184,9898
4527,3406
10335,10118
14320,3847
19156,19848
4673,9058
9391,5590
60,2928
2928,2559
3701,819
815,6244
4010,4018
6580,8156
7881,4061
2543,12547
888,8974
2633,2641
4135,522
10158,17776
7594,16836
3852,3617
2200,315
763,577
563,2209
3991,14514
12455,2507
158,1931
3060,10972
2155,2235
10193,10011
1470,2132
2578,86
6139,2155
587,1290
1221,1805
1993,10952
116,1116
2766,1076
5486,1775
2633,3930
1117,7871
3228,1107
4312,4891
11648,17875
10874,1485
9031,5031
729,3036
3332,3150
2169,39
5131,15547
18235,11493
2303,39
8302,6319
5286,374
3388,3459
1645,39
19681,18110
10251,5643
9274,1002
6292,303
2197,1306
3642,5069
15254,4788
1052,9324
773,3493
10314,1269
1145,655
5270,13612
329,69
5167,3311
11435,1902
3346,13786
17133,9008
911,9092
937,8061
2248,4654
5016,3115
7631,16852
10941,1552
1180,60
172,1024
1140,2913
2071,39
2163,11871
13846,8612
1131,1107
3901,4367
4369,14823
4591,118
5131,1560
19810,19809
11316,4812
8310,2773
2527,255
9354,6192
12818,2693
359,69
636,2067
1107,3904
10899,1491
5025,575
682,722
1210,3093
1081,239
1241,2406
3318,784
6717,10631
4021,3910
2913,2950
6244,1551
17530,19567
636,5450
784,8354
1558,3776
2219,1041
1988,2606
2432,2088
2074,2380
1210,60
14988,10280
2593,2945
303,1076
246,542
29,2005
10958,8672
11739,15653
2837,3305
8661,2414
9280,14729
605,7076
2239,9772
2367,158
1042,1415
10386,2030
355,485
847,947
1108,9582
3025,3541
6504,1074
11330,1835
1173,3561
6259,7659
3155,2833
1093,9459
2310,563
7320,7295
8934,2199
1141,81
2295,5358
4055,4029
4607,15122
51,1390
553,96
1122,9638
17,1779
1927,1929
5535,5534
15508,19152
7255,7250
4469,10435
12250,2370
3020,13346
4779,303
255,4576
2641,3901
1106,3628
595,4644
605,5332
60,1102
13,1256
925,2304
2179,11949
2659,6924
2928,733
4060,3999
6570,1670
7634,16853
4016,12560
857,8027
1309,954
7396,2917
1126,1247
4865,1925
7439,1301
2516,2859
3164,12694
12156,2304
2116,11785
2729,3906
303,1210
860,2067
273,2499
428,158
5770,1213
562,158
1780,724
6050,3482
45,2083
5819,1105
877,4865
858,8787
4743,4564
660,666
5128,5129
5252,6885
4001,3927
19479,16931
1174,887
2764,867
866,4706
107,3900
6155,273
1345,10568
79,1852
81,235
4289,2115
5058,603
600,800
11475,13812
56,2622
235,4085
3893,3835
1126,92
4775,4452
10329,10116
9,332
592,2602
17849,10355
394,1863
3995,1079
2639,2269
5634,5647
1107,3233
1872,11401
13021,5734
6744,16479
2641,4035
9532,1097
294,1632
2656,2623
7196,11126
2371,12253
6570,1804
15549,14564
528,523
8850,1642
825,8623
12253,2371
314,5
52,5
8052,8051
9094,7637
3093,1284
3724,4534
6570,2154
3003,4774
4018,2537
3617,2193
11243,3639
3925,94
606,564
1590,3178
7872,3919
3221,3913
69,359
11937,4959
4328,8620
5959,1219
1783,4512
3674,3666
7476,1852
8043,16983
10013,10014
8924,5886
903,935
1090,9429
4017,4005
1453,3065
613,6057
5515,424
3920,4072
3311,581
6344,1969
1798,1787
3382,9092
14008,15950
3525,4482
19861,19961
6620,2806
14627,5607
7295,16716
8180,3109
57,2577
3632,10206
3919,14400
7878,10126
5392,209
3222,5612
3045,2532
725,232
1948,11530
4047,4005
14935,4447
253,1176
11373,5159
9700,6642
65,1125
2627,1238
3439,1116
3377,238
18282,11660
3141,1459
3573,1116
5224,7953
4006,4381
2287,2301
5365,9124
7086,2205
7839,722
16641,7204
8673,4331
2842,79
87,2577
727,1217
1291,3245
7568,636
2979,4514
4042,4011
3956,5957
5059,157
15325,8924
3214,5320
1079,1110
273,6150
567,181
159,5082
1238,2860
1081,402
1783,4646
4004,3904
3252,2579
774,7829
294,22
970,8707
5636,1077
268,2773
436,4801
2685,253
6522,1466
7077,14520
7597,9860
7199,9033
632,17
16,1771
3705,80
7729,12231
16173,6173
60,3009
4521,9499
3390,10807
374,4862
9,11
18926,19817
2178,11941
9222,16415
4572,15099
85,1726
4011,3920
441,607
5270,11465
563,2290
2041,2029
2178,8908
9144,9527
4739,15212
14949,5388
1107,3851
2153,8097
5004,6061
8620,9527
12271,12270
4016,5957
1815,5069
2450,3365
3883,1641
1061,9333
2859,12460
1278,1454
16180,6189
2838,5167
10045,17741
3629,3976
8529,8850
2633,4011
3242,1086
4088,8462
4362,1117
3928,4043
7741,698
394,387
11486,11182
17326,10824
17778,10167
15674,5270
777,125
3074,721
14555,14509
4338,5604
7566,3326
816,1019
3732,4104
13047,3227
22,1912
564,17
2852,5223
1081,3919
10950,7388
2101,6752
1339,13
12342,3411
857,2713
10561,3671
506,1732
3995,3925
39,2266
6355,8253
6572,374
8134,750
424,6803
3325,158
8456,801
16919,7817
2395,12302
13892,5655
4262,482
7725,11842
1753,6419
5864,287
2176,860
17869,10820
1453,3683
911,2168
816,2308
3204,9438
19874,19875
7,449
3639,8612
411,4474
6770,11097
15265,4819
7637,4266
1369,13
13,1203
2202,768
3311,10998
1107,13
3728,1487
8464,15564
3213,1041
11773,8744
6158,11472
12650,2601
170,3072
239,2677
3210,13575
6049,6052
1166,8729
94,4016
13261,16526
3947,2699
876,1019
10454,1306
11102,10387
469,6522
6061,6062
16711,9342
512,742
2809,1338
3313,3315
4615,6770
195,5007
100,4181
3629,1077
6236,401
4960,11908
4131,3947
17642,9851
4849,12077
9574,9780
2537,4033
59,1147
2461,1005
1096,1143
586,7457
4036,4060
19527,17269
6243,8146
235,60
2113,11784
1040,1019
11174,1753
9365,4129
13933,4100
4055,1077
1573,4865
752,737
8300,772
8852,1285
2830,471
6,358
2167,127
326,336
4,285
1086,3242
733,8042
1227,5167
15800,5462
265,60
1827,436
399,60
2952,4783
233,522
13328,11466
3927,3901
1100,107
702,5696
3913,4003
18355,11951
15901,12869
497,568
1316,1425
158,5074
640,122
3143,3038
2155,5378
5016,14418
94,1117
4030,3999
10627,1368
2067,835
5131,1536
3908,4009
374,353
5864,2060
16037,5940
723,7862
11141,1939
2753,5862
628,2340
9146,927
10574,5275
1075,1339
5877,4924
4010,3912
3996,4014
4412,10308
1131,3900
1967,200
7736,7738
976,579
5057,432
325,5722
3377,5662
6094,428
63,60
2230,6437
1468,10840
17457,9242
5182,15595
17092,8363
3429,5071
5060,5052
6053,3810
115,3633
60,728
553,72
4073,12720
4930,2727
8608,11989
1077,5707
6543,2102
1075,2628
4436,9739
11320,12046
2860,2295
12111,13299
3954,1105
563,9
5055,5058
8548,2297
96,543
8943,5270
70,76
9784,5886
7735,696
12803,2680
6688,3395
406,2654
11847,18329
3391,3624
9800,9802
7587,3427
3998,4036
11475,3639
3908,1110
85,3767
5248,3359
10368,5533
17,600
7023,4782
4335,6058
7468,7118
9894,3398
2867,8727
238,3228
4016,14414
18405,12148
1710,3152
3900,3851
15690,14230
10126,7878
3760,84
3565,2060
16016,19318
158,431
187,5333
13986,6042
1183,7018
12220,15662
3172,3297
12328,11031
17980,14786
9873,4399
3429,2172
1139,303
8654,17194
9347,2074
2609,1090
768,1299
13276,14927
14666,18983
2163,3255
898,591
4891,12897
199,2310
19983,19981
572,606
6544,367
17727,10526
3944,3934
336,329
15533,15535
3400,5002
3565,3349
7517,1102
96,88
6935,12266
16677,7292
6190,4942
1866,1921
7076,605
3077,1316
3409,10191
8538,4537
12170,6284
1024,5052
2723,12869
13812,10561
5729,1322
1104,2537
39,2213
3925,4042
859,2706
7490,595
17603,17256
1211,4097
5662,2729
115,2962
732,8034
2198,2286
3615,10417
15631,17167
13832,6490
8444,8443
2240,3451
17318,10829
12335,12336
8409,2972
3096,403
9527,6340
783,1556
60,407
16628,19427
5347,5727
4447,3750
10116,10118
579,972
9302,13577
4829,2354
1126,1141
1210,2532
1485,10873
30,6
7567,8520
1077,9358
179,1792
814,88
2037,998
13819,3380
1820,17
3907,4001
4008,4053
8891,5348
9800,14958
1805,4812
5055,8709
2532,12496
11472,1916
6570,5297
352,407
752,5222
3178,8672
568,7387
6419,10763
3326,2154
1932,3806
3226,4956
2579,1173
7887,3398
11563,18249
2713,1173
2780,3149
6366,579
2532,3047
7585,16831
1219,5627
10558,10062
2067,998
11903,11901
2364,9098
14420,10551
1017,3426
2729,1117
3482,6050
3224,1096
5371,5131
9713,17591
4161,6338
830,567
3206,2210
200,171
3407,3432
4491,1554
783,7167
17608,18673
12082,2225
3169,2328
12931,13282
13056,18646
8507,13063
4,232
219,1352
2540,2534
1144,9775
14871,4946
7328,559
9550,9841
404,1105
144,1932
462,6937
8623,1345
18639,19763
10279,9008
3149,5244
2786,5192
11871,2163
1812,1014
3345,460
115,4385
12451,10551
4729,11117
6105,8859
16069,5984
2960,60
1285,8852
927,9144
8661,8403
1085,4068
19567,17530
13462,12517
10248,4113
12338,8580
12316,2405
3222,3628
15136,16517
16717,7309
3400,5620
2004,29
3396,2468
10118,2727
1109,116
4164,12405
8849,8989
1115,4068
4207,4373
13059,2836
4993,2838
1125,60
10152,17772
2018,866
2319,40
4060,2633
63,7
273,783
9615,17567
7654,678
11634,2169
5570,1129
9,710
8716,12782
11784,2113
1316,567
10221,14344
2859,4865
1213,8925
6320,314
8978,889
12085,2226
2630,8196
12132,16567
4207,5662
95,80
3080,4460
4042,3905
7409,2163
824,8591
3226,313
10265,2723
11015,12111
1106,1107
14399,5620
772,5957
6097,7597
10398,3252
16329,6422
13390,6359
3639,9527
8783,17013
9036,4627
22,1672
273,5455
9621,1116
4865,1848
19897,19461
3325,2951
664,358
1173,235
3852,5097
5380,227
2735,5337
4928,7273
8197,4996
1077,3910
12319,2406
13,24
2936,10696
6116,268
1241,10168
5159,1921
7049,6300
3995,4035
526,7190
1491,3146
6649,4114
19439,16674
255,3694
615,1785
17,1836
17305,8902
4022,2633
460,3345
4267,14707
1174,2688
2640,1104
6189,16180
2385,2083
4959,1459
14509,18946
11699,14567
13,1313
39,282
1491,1052
2040,2048
4263,2695
18243,11521
19600,19601
3489,268
4031,2537
11097,6770
17363,17366
2162,698
1840,647
818,959
2654,406
2867,3897
12328,5851
1117,4224
5131,2101
1311,303
1089,2176
947,780
18613,12902
353,6457
742,1314
5126,5140
3099,1961
6196,9780
69,282
10628,8170
13179,18674
7530,16156
19341,16115
13924,14886
1851,432
3848,14322
753,914
13,158
333,328
737,4353
7671,2805
14966,17478
219,226
12244,2366
43,0
571,2371
903,858
4017,3928
5344,1054
5016,12300
696,7735
2537,1110
3757,2311
5935,12075
2771,3034
5016,3440
4009,9702
45,46
9735,5270
1278,10342
5626,1117
5612,1219
60,354
1068,144
1326,2654
376,5286
156,816
5335,187
2294,8707
6957,1368
2074,827
7003,12855
14183,14184
17645,9858
353,5302
57,56
84,159
227,467
2886,5586
4049,4001
1124,426
4047,3928
8593,3386
11676,11307
3398,13870
4004,94
526,2197
7733,14771
7291,7256
1116,3194
17256,17603
8753,4772
17056,13785
1079,4066
112,113
998,2192
6049,16095
3016,7537
1932,3753
65,1987
223,3327
3377,1100
8666,831
3167,1290
87,56
4039,1219
80,3049
1766,1771
7006,4993
14926,4442
3141,12120
17284,10387
3217,64
734,7222
3900,94
622,565
4034,94
5016,15467
13177,2897
1910,10006
3956,403
3139,12424
3902,1106
4662,4766
5720,3919
13970,3472
6139,3314
6385,337
11896,2167
5822,1163
273,3979
8,298
366,6
1489,10888
3112,428
4010,4022
2542,2527
18791,13688
15296,9206
2743,4503
687,586
6827,8037
497,462
4136,3380
1030,925
173,3748
522,3902
6112,363
3675,8620
1163,7870
251,406
4648,15017
3222,2636
1737,1726
5973,3402
238,1110
6570,5378
2463,140
2256,39
396,6
0,6
437,7
3851,1117
5929,4793
803,8466
1051,2152
39,900
3132,13481
4084,1096
5008,1215
17365,9012
565,7362
577,17
4635,10998
146,3214
1080,4021
4003,1107
5075,158
1076,115
3091,1779
3910,2636
3930,4012
4126,5644
6826,7411
13001,2805
1173,9847
2896,1311
9072,8419
7346,4414
2286,39
2169,3426
6379,5379
646,2224
4015,1117
10350,7346
5286,3761
3378,1994
5504,5152
39,2189
182,4749
6649,3927
123,1136
9,68
4006,250
2820,5049
1120,13
3182,13544
8675,1027
1254,13
14881,4402
402,3934
7878,3901
4218,106
1921,3482
5357,4351
7796,11416
6888,3162
15461,19206
6000,256
721,2933
2452,866
3293,1482
275,1126
1216,7076
7921,7920
13,1126
1107,3908
5448,682
5133,1610
1898,6881
3376,204
4372,4895
1804,803
10326,5016
3632,14130
403,4694
453,85
1210,64
1284,13
4465,14885
8713,5052
258,6033
2651,12753
29,2009
2068,1815
421,5273
964,6424
780,7835
4328,4973
5016,5347
1817,6111
2218,39
2414,1671
722,7830
13515,3160
6340,6339
2291,517
10508,10510
2862,1272
131,1912
1925,6583
15481,13950
17463,9250
569,5521
4915,4891
19142,17381
1314,13
4068,5958
553,2544
2535,96
3235,10121
3639,14146
2022,11619
4615,2155
7798,2578
8460,14563
3968,92
3422,13919
258,906
1245,10207
17,1783
120,3416
2302,1056
2641,522
4651,122
9671,1126
63,438
402,4068
267,6095
4474,6087
7430,5565
8025,2742
16605,7125
1106,3632
404,4114
328,332
13,1260
376,2066
4027,4055
18844,19794
2659,512
548,106
3629,3228
7292,7294
260,6055
2199,6189
8823,6105
1082,13
3227,13047
2178,3622
4889,15347
11390,1866
94,4073
773,8303
159,4468
10341,10346
16229,8716
17302,8901
1192,9418
2414,866
7104,4210
6730,12105
8473,2501
7287,7300
1384,728
10011,7209
6151,10708
415,866
458,1502
4728,8424
17,39
858,8791
8853,6105
3244,4706
5455,3276
608,2200
17295,16216
4122,14249
1533,3453
4305,1124
11540,2160
2603,5841
17520,9918
4452,3803
1126,2540
5378,585
56,2626
1081,1077
2225,12082
9,336
10618,1363
5449,2680
5898,1752
762,3017
2190,949
22,9
17404,19542
2181,3115
4414,4450
3639,11247
2101,877
8336,9154
13875,3398
19461,19897
84,106
12295,3382
13690,11754
13249,16707
2260,6791
930,3540
4615,2639
9,686
3091,303
15600,19229
11277,4567
914,563
19911,19544
6094,1290
7033,4693
2542,246
5016,4676
1991,3341
1299,7729
3135,1514
6402,4826
1142,7745
1075,107
9545,4130
753,56
94,1174
2838,2459
992,2324
1081,3305
4063,4004
7975,11218
8323,2102
11127,12328
783,2150
3517,2747
8460,4093
17,173
564,2786
4005,3999
2924,11278
1384,10661
7659,6259
4211,8039
770,410
2750,1299
2202,12047
1096,1334
2176,246
903,939
5696,1752
636,595
10857,2237
726,5184
4207,1100
5602,15888
18737,13399
65,3223
2173,914
3382,9096
655,56
292,4
6140,10279
6651,403
12805,18140
2363,7427
80,313
6058,16104
2049,2541
2940,4964
4460,12284
19475,16896
1993,165
10278,14988
1238,7402
1276,1278
7003,6870
1485,863
2539,2526
14347,3877
2936,6134
818,585
9907,17677
60,1135
471,477
159,5086
3041,2363
2179,678
11483,8310
666,1884
8758,851
9181,954
8972,13612
10002,17133
3905,3902
385,144
3332,68
2437,6571
1327,812
5417,219
379,1827
2383,3302
3909,4021
15879,14590
232,2531
2859,787
20,1894
2845,5053
4017,1110
17426,9181
9,15
575,6842
1285,10385
179,426
812,8475
2178,11945
4685,5181
8482,5275
374,1833
1790,694
5138,5126
3870,2753
17197,13266
418,5323
404,3927
4676,4314
13946,9144
13,1073
3953,3919
3776,85
4312,12897
16721,16720
4439,14924
8736,846
2860,1547
4885,3899
2576,2542
6987,6471
4047,1110
2818,2075
15722,5315
2231,2507
3549,79
2635,2368
1434,5381
508,2183
6055,260
3632,1245
19371,16276
18239,11512
1090,4790
1875,401
2532,2620
2093,5956
262,437
737,730
4004,4042
4104,1994
3768,3765
22,1916
940,9168
2210,3508
1554,171
1306,10457
4998,15453
253,5986
2242,2265
2197,802
13210,12270
4022,4032
5579,4064
2164,2574
39,2270
2723,94
7005,5333
250,5688
3784,2928
10062,3129
16720,14751
1079,2537
8000,16969
60,2558
2370,12249
426,437
4034,4042
4452,583
8409,12478
2819,741
11802,2131
6196,10829
635,22
1129,1311
7,453
7632,6370
166,4647
2749,3385
13,1207
11687,2558
6057,282
4210,11034
3092,9386
15786,5434
1101,6618
9363,1078
63,735
579,1029
2699,4207
2217,2743
3696,14196
3743,1210
497,438
1837,9103
304,43
2878,3391
2473,11973
4634,4572
3629,1081
1846,7122
2507,4387
1117,1085
2378,2287
3918,2904
4332,14787
17176,13812
3129,10557
2859,6532
7608,657
6461,12766
742,4591
64,3215
14279,3802
2506,10551
3009,60
903,752
3222,1107
1761,783
19797,18854
11038,4340
9997,1192
7104,5446
924,1040
187,4719
6541,4774
13,402
17371,19541
4515,15029
2146,2287
2578,1944
3689,6585
3225,65
17670,19608
2367,7359
2627,116
3723,3725
2150,3160
6,362
4,289
9558,8096
537,752
777,8318
4285,14725
428,1748
13,752
5137,5142
376,5530
1104,4017
10326,10119
5453,7068
2583,7364
3311,1687
131,2693
3452,2858
5232,11795
3632,3957
14568,18965
7197,11652
8024,10118
1174,33
7383,13505
7397,571
10858,7132
108,2682
2400,2180
3482,1919
3358,163
4782,7021
2542,543
732,65
10088,6167
12440,2498
107,13
8383,787
9945,1917
246,1111
3998,3906
19935,19676
1988,142
6492,11432
1284,3961
1808,11286
19156,19157
2654,1134
491,1292
5656,5683
921,876
6755,8809
14769,9583
4757,144
6310,16272
3382,6010
13108,10891
3513,77
1107,2729
9290,7476
12707,4131
2191,851
2753,12632
9141,7353
1932,5286
4035,2633
6027,2593
10753,1430
2217,5455
18734,13398
7308,2727
11544,1959
255,1173
4606,2607
743,173
939,1051
268,846
1653,394
4949,8608
2186,857
5276,7505
5670,2706
6747,2101
10062,10557
1100,3628
5604,4338
9093,10695
2756,10809
339,497
1500,10917
1992,3243
438,6892
4602,2084
1080,3915
3547,950
245,81
4030,1104
7060,1285
3930,3906
7388,10950
3357,72
974,2176
5650,5622
9047,901
3675,3387
2990,2530
727,7934
5617,3230
438,1415
6752,6767
12105,8011
2368,497
635,1929
2557,1150
865,8807
16610,9323
6744,5371
2076,1786
39,2083
1126,2166
3925,3912
88,255
13537,15861
468,476
13804,3373
9738,8524
710,9
4001,3907
1988,626
2210,1227
428,4460
187,5337
371,1482
1004,3115
5417,1455
9250,3458
632,1257
1139,2751
10841,13462
12347,2417
5973,15673
6517,1019
19044,14889
99,4177
6755,12676
8183,17024
2041,2330
5284,5248
6831,428
10278,9003
13,1370
77,631
1909,1622
4101,6366
7799,819
14658,14373
909,195
336,333
15536,19220
3255,2373
5373,752
4019,1079
13327,6201
2167,1099
4610,3210
4281,1988
5298,5304
12343,8660
721,1083
14000,4200
2255,165
4414,3271
2162,1694
2368,10430
5374,5299
19105,19837
3999,3995
69,339
1290,5148
773,6319
4001,4041
1136,4681
5114,7065
4114,3918
3918,4006
2557,5606
17340,8929
4224,1080
204,914
2761,683
6582,1363
3337,1782
18,0
13532,3169
8695,2781
4029,3995
120,1216
1933,5375
579,976
1845,3276
508,2264
17677,14334
581,7438
664,2777
2412,125
6677,8955
1488,1726
11834,2151
2482,3338
3214,11366
298,175
1762,16
1803,17
19089,19088
5638,403
6624,2154
1656,4693
1107,1253
2184,648
847,2834
933,1854
939,5052
3160,9036
11467,4959
4036,4011
2532,3051
3366,4940
1525,2897
752,2193
7607,4516
2068,1604
4786,2230
5371,5135
11319,3748
1833,17
2215,4283
8849,8859
5511,13251
3388,7358
3178,166
5454,6301
9322,6827
16476,6743
3957,4068
5259,15659
14473,4904
7298,7329
3143,1111
9784,10830
1317,10488
5646,4027
8650,8649
6690,6692
107,1115
3214,13594
3918,1107
2911,3205
60,2989
1921,22
10293,1258
1105,402
7970,3413
15117,4602
3632,3904
1863,17
204,5370
2229,1306
16778,7431
272,3784
1924,4642
4136,404
2804,2934
3482,1866
5954,16049
1577,4534
2169,2194
6386,2874
262,63
10482,1315
8537,13444
6999,3074
13628,5054
3222,3632
2231,39
4110,122
371,6
3175,11922
1850,2599
8615,3686
2166,4525
2675,4402
11997,5258
402,2702
11742,3985
6139,15398
2363,3349
7394,570
10953,18054
5776,8930
3904,404
5736,15947
5,33
9583,5016
3349,3565
7010,6996
2261,39
3436,6193
9878,1177
442,7
15748,5357
39,2246
149,4858
5459,5466
10142,1223
2294,5060
4846,4485
1100,2636
1110,4078
5052,6805
6105,1642
7163,1761
60,90
10507,1321
16479,6744
454,17
18113,11160
3934,404
2203,219
3252,10398
2621,732
35,33
4207,5666
1229,13
4880,282
6917,8121
7275,3665
13,1183
12501,3047
3566,3391
235,1784
2409,12338
12229,2359
17012,8146
12609,2580
18531,12612
10558,2979
2163,39
3123,2067
8357,2091
8088,8090
1488,2344
1288,10392
94,3996
3415,4161
6961,472
3547,4280
9808,9806
1902,5367
219,2190
4512,236
1726,7585
141,4751
7782,11955
659,18
774,722
512,7138
237,2769
2233,219
5801,2705
1259,13
5956,2084
840,8697
921,3401
7418,5262
735,13
728,3006
16711,16677
242,80
7905,12705
2229,6112
2193,39
171,1368
4455,4024
4004,1119
11131,1686
8254,2501
2360,12230
232,2775
3632,3233
144,4648
6177,16174
6725,730
9097,911
592,85
17,1840
5302,6525
404,788
272,80
10526,17912
1108,4516
2792,12991
18967,14589
5700,909
4005,2633
4034,1119
13,1317
9125,9533
2931,4475
15097,4568
61,799
2877,8376
10986,6004
11828,2149
3438,1273
16049,5954
7361,16755
7607,946
698,80
8408,2163
11681,18287
2709,282
12232,2360
353,6461
3782,2187
3479,2186
1077,4048
820,8556
8062,4909
1783,10855
333,332
376,968
6365,9970
17700,14107
16674,7295
11306,1821
1089,86
103,55
12406,17415
1131,9357
6100,16088
9803,4469
16542,14723
5880,1792
3920,3999
542,856
60,2802
201,563
253,753
1872,1663
10560,13493
19813,18908
8191,4915
388,389
2067,8520
6348,325
169,5189
8457,8040
76,302
5270,1459
442,625
917,918
158,866
1799,2289
393,1672
5141,15574
17679,12075
2314,9336
7636,5043
10005,7205
187,2735
5016,13593
970,929
12370,6215
7841,722
943,2489
2581,231
7956,1234
1397,2659
2123,6735
13680,7309
18669,13164
2745,12905
6023,6018
18195,19697
1864,2310
6492,4776
13541,3178
3417,12022
7020,731
6717,4894
11259,1924
2893,12022
8407,10151
13958,3466
4534,7029
3813,853
7975,5798
10153,15562
468,102
1089,2664
8914,6949
11586,13838
12076,8747
2176,303
3131,1987
4414,10118
1119,4004
3392,8178
6618,1101
1475,5359
69,770
8269,768
564,749
5044,5037
1276,3429
4010,4026
3480,828
10353,10116
2433,12387
3632,3851
175,2859
5273,5274
9862,2150
2406,11503
12876,5016
522,3906
71,1755
16473,6742
219,1653
2956,4965
18945,14509
2933,11397
1278,4414
249,3747
4392,4478
12460,2859
6591,2287
2203,3415
15286,15288
5109,1086
687,940
10155,3311
0,10
10325,1278
1663,9328
5051,5053
2153,8963
6721,4962
752,2274
356,6438
5356,1902
2384,12279
5958,250
199,2290
722,4317
13681,13680
15216,9981
15467,7348
5131,5167
8063,4059
4035,4032
1269,10313
14380,4232
1993,11310
7291,2267
5359,860
262,1299
88,3398
3918,3632
4207,1291
6760,6014
545,7249
39,2193
7874,7920
1126,6248
16194,19354
10429,4610
3625,14118
9,72
2640,3954
869,930
1110,4025
3106,721
4016,14528
5588,13148
7920,4131
784,68
7162,517
11761,5463
9237,2232
1100,5966
1131,1115
3092,5926
2638,94
4009,3908
4525,10618
5053,157
18674,19253
13,1130
4645,2806
3345,3339
2256,177
857,1485
2934,12106
5431,4654
3380,1081
5016,4412
9111,4163
5031,7164
11733,2075
3396,13857
258,6037
1089,1993
2343,4468
14767,11043
3186,3467
2274,167
4077,3638
11508,9312
14914,17886
6060,2354
741,8076
722,7834
14691,11398
8882,17293
16751,7355
4130,239
8465,13972
5270,9782
96,1141
7303,7299
6875,436
80,3082
2270,583
3159,13513
4716,13545
1241,670
3997,4032
14467,3961
4234,5665
564,428
294,567
1316,63
9134,925
10479,3518
2101,7163
267,6099
3426,1210
1934,1573
246,2778
11040,18080
17016,8161
14194,9437
567,5048
8609,8624
9927,6196
13,1264
1052,367
7000,2952
15668,5270
9111,914
19081,15015
1024,39
4413,11450
10824,1459
63,792
10570,12654
2578,12605
94,4077
3034,9438
4851,2227
2542,116
3149,2780
1473,5500
6776,965
4993,7006
7285,7258
2636,3915
2223,8472
2193,8041
2820,60
3131,3894
39,583
2558,60
2799,3155
19429,16637
5453,7930
1384,732
1105,1317
12063,9668
15069,4537
573,2210
158,1968
3642,3817
2074,11732
11825,2148
1054,39
1081,4114
11039,11038
4380,10347
3415,1559
3638,13874
7009,3014
13731,3273
12418,10017
4808,6852
2411,2642
2984,60
2588,60
60,2749
564,562
2723,3668
22,13
13,459
149,2040
12768,2667
6043,6052
909,5700
243,5839
16669,7248
17209,8690
2030,2169
822,39
958,866
2083,1241
10276,17818
7353,730
5493,4861
6226,282
11989,18363
4858,149
9,690
3467,11898
4752,13494
5279,179
10877,15941
14470,3962
22,363
404,1219
151,773
94,239
3112,595
2081,6271
7361,12864
219,4849
1642,8853
10427,1368
406,4675
1079,4017
3400,4445
5051,11282
4786,7601
7365,6567
2205,830
250,4135
3686,4250
8275,1126
8928,8107
18107,11129
10407,17870
239,3222
8370,5335
3169,13530
17087,9235
9131,11849
4318,12047
626,635
6355,13470
2300,2006
2976,303
101,255
82,13
3218,13422
3657,3670
6112,4852
8249,1783
4308,14742
11702,2067
788,404
1113,4136
3675,4249
1290,1554
65,3227
3382,9100
39,2006
9392,4427
19543,17408
730,6061
5446,4210
5463,11761
6220,7768
403,3222
919,106
2053,35
4993,2952
4012,4019
5049,8711
14015,3516
1491,3715
80,3700
8851,17285
2544,272
68,2185
2265,857
9199,1753
3006,303
3080,252
2161,2197
4315,4959
115,3694
14786,4332
2955,5441
56,81
6742,4093
2277,3311
840,163
2328,2310
8929,17326
1197,10034
2546,3701
1085,3377
3377,3629
7007,6993
9869,1174
9581,10341
39,851
1174,2668
4675,8096
4042,4019
570,1241
609,6831
8716,17218
17992,10751
2971,5570
1290,3782
4019,4035
4060,4036
1097,3387
2809,1078
12136,2278
12991,2792
1017,9285
4004,3912
542,2576
13349,18715
14642,4179
7085,2338
4900,2737
4005,1104
1056,353
4732,15204
1083,2176
1115,3377
1752,56
4014,4041
4649,2337
232,2535
249,1950
4058,1115
10417,11902
7055,5320
4524,356
11175,10763
10912,1493
1285,10389
5588,2707
4000,1110
354,431
5983,16068
4034,3912
2795,6633
1573,2161
3904,4031
4011,3928
5776,10113
3670,3635
552,6273
1569,4671
9461,4516
144,4758
3451,2773
13,1077
2000,3137
12826,2701
4512,5607
13832,3384
4391,1116
18089,19678
1137,3701
4452,4775
8874,2477
2635,2372
515,914
475,6965
1213,10112
10881,5189
163,5158
3907,3928
4488,11787
18860,14078
195,909
1105,1130
262,441
88,2540
19598,18888
7047,2180
22,1920
846,3121
8444,799
2637,1105
10966,10373
4490,721
19310,15977
1081,3927
4207,10232
12341,18470
3625,428
8343,3376
2018,2753
4022,4036
6921,7144
10510,10507
16227,11439
3323,1783
1477,1648
7650,5075
12490,4980
60,2562
6087,4474
2167,11894
13,272
1995,1988
4452,587
17982,10705
4553,2359
2373,3102
1714,4220
867,7731
7,457
2223,125
4017,4042
884,730
7298,7252
4469,9801
1672,22
10937,6760
5276,6891
9002,17133
2388,5073
2577,7978
3732,2368
406,1105
2424,2286
15752,16407
2340,5032
9131,924
3152,746
6168,275
249,340
385,1921
12613,6110
4631,3339
13893,4144
13939,14877
395,165
773,5221
835,6099
732,2968
4047,4042
2638,3908
5270,8924
8204,2227
4649,4110
7104,7544
10342,10118
2617,587
5170,5310
996,2260
9209,9101
374,227
508,227
155,863
2729,239
1686,428
5538,229
1090,5278
9927,4399
2012,598
6401,4768
8288,770
356,1526
163,165
438,2090
2705,12835
1866,22
13650,3231
2363,828
4054,4058
664,1090
1837,11335
1780,7795
2145,2820
13696,10931
6,366
3901,4001
88,930
3049,752
1693,6860
11741,11792
249,5951
3398,3380
3222,4844
2620,80
5586,246
4018,3997
2640,3930
692,7460
1446,752
2074,1075
4027,1107
5135,2067
8980,889
9168,940
5819,2699
939,921
4342,5814
835,8677
376,2501
6618,5533
835,2261
15553,5189
219,1763
563,2327
8768,13249
9797,4302
8195,6971
3694,116
4241,2729
5426,13735
8170,2188
19690,18156
374,361
9872,17658
13163,15140
4569,2945
17776,10158
6348,5830
1248,6752
2533,12512
1384,1163
4746,2083
4351,11353
8410,5031
2376,1948
3566,14052
4426,14910
4447,8617
1783,11233
1351,2154
7698,1038
5177,1488
2874,13155
2926,2765
937,824
7351,7346
2230,6445
3899,3500
130,4673
1269,4946
10403,12167
8963,10468
553,80
1110,4135
7941,5118
3235,1241
1089,814
2567,553
3761,533
1223,814
4375,4368
2374,158
3396,3818
3970,4090
1227,1687
18556,12726
8146,17012
60,1086
13,1240
438,6896
3943,3398
522,1117
2559,2540
878,8888
2426,2950
1815,2796
1090,7990
94,4053
2193,2190
1930,1056
2274,866
3920,2633
3605,1309
10551,5248
10624,9668
93,1384
5824,4466
17,608
1438,3977
2577,86
3222,13622
12673,4500
8750,5233
1384,4680
732,553
3892,14356
6112,1900
869,824
1442,2406
15564,8464
8847,6105
10762,2435
12491,5957
2262,2145
3089,13443
3241,251
13,85
6115,16134
212,5398
16901,16831
19074,19081
329,321
3635,14141
203,1902
6259,8716
3382,3115
13043,7601
438,2708
3047,10184
7595,643
628,6215
6984,489
1097,4973
5973,15677
14886,4994
741,3648
3110,5810
2296,2853
15513,5092
1607,1288
2641,4019
10829,4946
7023,7018
1056,1939
11070,1625
13,1374
5135,5129
5620,4420
3135,10943
5234,13244
1105,1077
107,2729
2734,3429
783,1780
14864,18417
2612,56
2825,3547
2042,2155
2369,298
3702,14208
7362,3451
1176,728
14279,18895
379,384
8634,4253
14038,6940
599,158
6218,6217
2704,12827
106,225
144,517
214,5420
3242,4774
15520,5108
57,1272
5532,227
1459,4399
253,2904
3902,94
4284,950
216,5466
1491,2402
4383,4339
522,2540
3380,5647
6680,4935
2397,12303
2380,56
3765,3768
776,8314
15824,15318
1922,144
10168,1241
19013,14775
402,3377
235,231
6,179
2378,6776
3904,1079
5401,5032
18539,12640
10011,15028
16227,6259
5834,9960
1459,3244
172,821
958,976
7771,7769
4266,2599
16088,6100
272,1210
3040,3081
929,3429
8811,866
545,56
2284,4266
3934,1079
2146,6776
2382,9527
7122,1846
1241,2203
2540,3697
4649,7440
688,7689
16567,7239
8809,5142
2931,5016
3050,766
1365,3178
3463,181
4930,10119
5747,10341
11370,7474
410,770
4224,2723
3227,13645
4019,4011
2639,4615
434,575
542,108
836,8691
2176,6776
4454,4124
7138,6112
4027,115
15790,5453
1831,4297
10569,17934
86,242
688,2562
5662,3221
4444,403
7047,517
18662,13339
541,7238
2074,3466
374,4846
1940,268
4524,10720
2922,2809
57,2695
11557,6145
3632,3908
5834,3678
13282,12931
14691,6649
3237,1100
59,2741
3521,4831
603,3393
2977,5899
4011,3904
4574,634
3851,239
7328,7333
7934,727
15377,4910
16873,7672
4781,146
954,7757
11004,2936
9577,9578
11655,14008
10327,4414
6516,2170
10617,17951
1925,5221
6665,3956
2830,1126
3169,592
7623,9321
3628,1106
3750,2035
14930,14929
3311,5371
4959,11937
1272,869
2633,3995
4100,13933
14864,19035
563,180
19958,19988
3778,7466
5655,13892
2267,11751
4015,239
3235,3282
12875,2727
4394,4207
803,17
4142,5649
2148,2610
646,2285
1317,238
9112,12305
9206,2818
1019,581
158,252
39,2250
149,4862
10362,12305
4027,3632
19026,17133
2528,3016
1100,2640
2640,4011
4653,122
7894,9383
3226,5798
1192,8056
4355,1219
10418,2034
4034,4022
5963,250
2859,1840
9946,2978
9285,1017
9897,4779
1547,5022
303,3235
6074,266
13,1187
39,156
1085,238
13208,2913
56,325
2184,3364
1346,13
5069,158
14908,17748
14291,3816
1075,9349
3723,4510
3979,8637
10978,18064
12632,2753
13506,3509
94,4000
7287,16676
9808,9810
5441,2955
2891,2667
4078,3920
303,1141
337,6387
664,366
3947,239
72,454
4496,13478
8502,1668
601,17
5157,163
10026,5724
735,17
1115,238
1077,3918
165,618
1376,13
1422,10746
954,9180
1833,6116
472,6962
1114,13
2496,44
2537,4017
14815,4351
2130,11772
3904,3925
4466,3628
56,2553
15556,11152
18794,13726
12080,4468
5648,7920
2638,2729
8859,8856
11366,2846
1144,13
4869,4957
5254,4768
1794,1061
13,1321
4,269
2077,11737
7351,2300
6129,272
11299,4253
363,387
5263,5261
4989,6190
8473,8039
2186,1292
5453,4604
2101,5126
1212,1086
5067,596
16660,7243
688,1086
925,9135
2663,8047
8695,3887
9784,8769
10287,4694
11092,1681
548,517
1174,13
3761,5286
8859,1285
753,922
5016,4953
333,336
393,387
9770,1142
10807,3390
191,5356
16674,7299
12035,2200
7336,3466
13874,3638
1809,379
1438,5347
10806,6548
18662,13152
3996,3998
2845,2402
2014,30
169,5193
1817,7595
4407,1088
8312,8821
13613,9875
7045,9302
1956,25
12348,4767
10696,12045
171,5239
12352,18472
6249,13532
1198,383
16753,15297
246,2380
4399,11935
399,178
10464,1307
1116,9618
3688,10419
1761,2186
8830,17270
4210,14665
6642,402
3154,8233
7575,16822
77,3510
232,1169
595,5193
12269,2380
8793,4556
18748,13461
2893,4671
6023,6022
7129,2183
18236,19702
2311,3757
2168,1005
2340,2243
2823,9567
17,234
426,5357
149,353
8459,6373
11243,9531
8700,3052
5159,4641
6349,10329
599,589
11884,2165
13869,3398
10118,8375
3513,2285
7138,6059
1119,4008
10078,8976
6487,4786
9142,926
16843,7619
2180,426
4336,4015
7247,2030
2044,1319
8902,2405
60,2940
18333,14508
10835,12338
4945,6725
88,235
3920,1104
585,1041
234,60
3427,7587
2825,2823
46,9
2408,12334
6438,356
9013,9002
4359,1151
403,6662
250,4
5179,9780
14468,13906
9807,9802
140,4747
7478,3252
4049,1110
255,1287
1948,2146
2504,149
4959,4529
5367,3600
18771,13579
0,14
10896,10897
1025,939
4015,5663
9464,3397
338,9
2363,2361
592,7473
8030,732
356,6442
1120,1176
4951,12932
77,611
3437,7120
1173,56
5316,787
930,1052
1902,8567
2265,2203
575,5025
4685,9780
3560,545
2577,3229
1321,10507
22,1843
404,2699
1476,996
4418,576
5393,8554
7720,691
9811,17626
10214,1801
10352,12877
568,821
14914,8307
4021,1105
2197,729
6419,1753
1610,5133
562,252
39,2197
7692,2780
14782,11571
1265,3378
3925,4026
80,508
391,370
15212,4739
1110,4029
8823,1657
3389,13845
5688,3934
4502,12705
11744,2080
2105,2079
7275,6060
14993,6506
2525,12464
9213,1061
13,1134
111,2423
56,272
4,82
720,3470
642,2059
3467,9190
2636,402
16916,7800
7296,7287
1653,642
4609,120
17423,13266
300,6267
2418,4646
18386,19729
97,1212
1143,1294
458,437
1136,123
866,262
3396,13861
6151,783
2496,5468
851,2583
39,453
2885,325
92,87
2148,1752
787,2598
2153,2096
6981,486
16714,7292
5520,916
6731,6727
10197,17796
5032,6989
7250,7292
741,8080
722,7838
10329,15471
13125,6366
16,442
563,611
2097,11771
4993,4782
8336,4706
733,268
17,852
543,2588
7486,594
3315,4231
1993,1999
5627,1163
354,622
1827,17
3362,8369
921,4641
8777,857
3465,1142
6694,8134
2633,5715
243,232
46,627
10617,1362
2425,12367
4070,8082
216,1038
2060,11680
341,6402
18226,11472
1934,1927
1857,17
13641,3226
9379,1083
3837,906
3580,11830
19024,15424
12045,9093
14010,4786
887,2374
10016,10005
570,7393
2497,2040
900,5053
2359,4550
3565,3601
3573,1210
3888,90
684,7680
1801,1024
5049,876
12114,2255
12649,2599
2060,726
19080,19089
4693,2180
1384,1086
269,6125
1081,1085
12,53
77,2168
5927,246
402,238
835,1029
467,633
773,151
7495,4574
1165,9831
8701,17211
243,5843
12869,2723
17653,9866
17944,10604
1290,2363
2754,6368
5106,2699
3975,6451
4973,9525
40,7
1993,39
3382,13292
18736,13398
2620,137
17862,10390
13678,3242
3112,599
11506,8010
3622,3330
12092,7353
3398,404
4291,1210
16336,6446
1116,116
2642,835
18,598
3311,5131
11893,5423
4228,107
6586,6806
246,233
581,4653
12451,14052
13608,4351
12838,3386
1100,522
6274,303
1199,6917
1356,2205
2343,11506
3169,13534
6068,6062
9802,9806
2176,254
15985,5815
2296,548
7714,689
11330,11325
2232,563
15910,5641
349,5434
3388,251
2123,1559
1930,1918
11,716
13,8
596,588
11881,2164
13765,7509
2727,7308
253,3632
1120,9633
8523,8533
4113,13874
7018,2275
438,2631
548,2237
2766,2540
553,137
5258,15655
231,86
7464,7465
19105,15092
3883,14351
1316,10484
17,1820
2068,3141
265,3642
2699,3947
2420,5286
1219,4135
106,2831
8123,12736
1174,2672
4615,3131
10733,10823
3049,1293
3999,2633
4159,636
1294,522
1996,794
60,1143
2747,2648
3088,497
6123,268
1583,10424
10786,18004
893,3561
16720,16719
4745,7526
2534,2540
5180,1038
19233,15627
2349,6924
1227,6066
2636,7920
9260,11808
2538,969
9348,1075
4022,3906
4058,1119
157,2365
7416,577
9093,12045
9847,1173
4637,237
5,281
911,8462
8724,844
252,158
163,840
144,4762
3141,77
340,6394
914,9110
763,81
6936,3508
3653,3635
1124,60
5138,2101
303,2540
2318,40
5043,5247
9019,10002
1278,10326
11416,7796
19294,15879
1840,2859
18462,12316
7846,1450
4367,3917
10435,9802
9230,15325
794,1996
7795,3390
1446,1427
10706,1405
4948,15159
18112,11156
16452,7239
5358,14276
3655,9723
723,251
549,7268
2540,1176
4439,3389
15502,6838
14416,5637
7800,16916
1482,10856
5094,3091
5342,187
8363,814
6126,269
8609,4253
10510,10511
16394,14589
2122,636
64,56
3823,6274
5958,4068
5884,8091
4301,6838
13974,3979
2570,237
13349,10343
512,1909
8636,11711
835,842
10002,4793
4011,94
7906,7893
5060,3857
7,461
13915,18833
7298,7256
11383,2155
4469,9805
199,631
4648,4852
732,1094
453,1679
4006,3133
3658,4113
5131,3508
6440,6444
3493,104
1459,2362
7300,7302
2568,12592
10660,17975
10731,1411
2169,10631
4068,3230
3979,14492
459,154
7811,2529
3907,94
12673,2947
4994,3395
1183,1151
2002,2008
2167,355
3445,7388
4041,94
5068,158
4783,10530
9875,4994
2270,2173
5926,1096
5229,1922
4460,428
6368,6167
5203,4673
186,180
10284,1257
373,6
1955,68
2764,237
5486,1763
2540,721
1328,10523
2607,253
4071,94
12,0
3157,2383
7133,7138
9282,8802
39,1823
897,9024
9464,8284
8552,820
4136,14452
2204,1711
258,406
581,3311
1780,7799
925,869
825,3671
498,3276
959,453
7795,1780
2287,7603
725,57
13865,4328
18699,13278
7,6
3016,2528
249,5955
5786,5788
4487,1096
4018,4001
42,0
2638,9523
60,17
2066,2127
12866,2722
939,925
4994,5973
770,8286
9459,1093
2124,6269
376,2505
1250,3261
1126,751
362,355
4896,4125
949,1054
6569,16383
1024,3857
7552,867
2576,135
13675,3241
11451,18207
1085,1100
2203,4468
618,2388
2633,4052
86,2527
2636,1317
17,478
1875,438
14609,4987
3501,75
9600,1109
1076,233
1081,577
3397,1415
4529,6933
5518,8201
1263,59
10559,3666
4540,2369
1849,156
44,22
7351,7350
4685,10829
1752,223
642,4852
3216,64
1115,1100
3006,254
14243,7266
2047,11660
4998,6630
14509,14555
4225,10844
12713,2641
39,2307
2126,2127
7083,2617
3996,404
4822,6404
116,2527
954,3626
10114,8096
14854,4387
2330,1368
4627,1210
157,84
7163,4266
7430,2166
7978,16493
1927,1917
1102,2743
9784,4959
11243,8620
2260,814
2225,39
9608,3979
4503,4557
2770,5989
2400,4766
5067,169
13,1244
6090,267
897,998
1592,3509
695,5213
1117,772
10783,1438
542,2527
94,4057
1321,13
2542,96
2654,337
8832,8834
4658,122
9678,1126
2255,39
9875,12028
5221,1925
5093,15511
2084,157
3925,3920
1454,10341
3956,3233
11445,1907
65,2723
39,1502
5194,1041
13,89
1924,5537
7299,7294
4224,3398
4380,10327
1089,13
1223,13
17893,14614
56,2610
7098,2285
6086,7449
80,752
4465,9876
2354,6060
1201,10053
4427,9392
2952,6918
2343,3427
2524,55
7346,5016
82,798
10006,3974
1107,3221
7294,7300
8887,6797
324,331
2022,2288
14086,3602
1794,1118
4007,1077
428,2374
13,1378
1,55
1030,722
3953,4224
4658,14593
15935,5728
553,568
1965,11553
1253,13
5131,1227
5950,2084
4256,13832
9963,6906
395,3365
835,2883
5957,6638
1079,3997
4016,3233
16619,7299
4757,1925
7018,7028
8888,6059
9958,9945
3261,3300
9202,7158
13882,3398
3906,4004
9664,17577
4475,10348
5824,4015
17,157
7990,5094
146,567
216,5470
2227,12088
8624,8615
6196,15672
4328,8608
8123,11073
6062,6058
4610,1124
10226,1250
3037,8695
10013,10002
1309,2365
1176,4465
2193,3617
9013,14991
11754,6933
3920,4060
7466,6787
9888,15191
1554,1415
7029,4534
10628,2169
10507,10510
14106,4203
252,589
959,1205
6117,453
3947,5102
3639,4949
2753,426
4012,3999
1407,3058
14141,3635
3150,62
8972,8924
1398,1252
9511,1096
6675,5884
8474,8647
1793,1781
2267,7299
13893,13894
2527,56
13246,2941
2859,2515
1281,1606
6778,4292
1898,262
10988,1549
2343,11266
19173,19174
1291,3233
106,363
4042,3999
9281,7585
2577,12601
3378,13818
5944,2753
6022,5073
14784,15354
2330,10630
5171,7152
4336,10488
33,1174
86,246
3429,924
3918,1115
4086,3143
4668,2367
158,122
118,3167
3757,1921
17399,9062
816,5195
4641,921
4945,6782
9806,1148
10196,10193
11299,3639
156,426
3753,14230
12745,4594
403,303
12175,8413
21,9
1213,5770
2928,2978
16259,6285
2233,2187
1278,4475
820,591
858,883
2224,4353
7007,3724
116,246
921,5369
565,72
2576,2526
284,6246
1017,5077
3927,238
382,365
4436,115
437,72
10308,4368
2035,11247
72,3357
1123,3783
1295,857
13487,3137
2286,2198
3628,1110
462,1822
3959,14456
3632,14061
6201,8929
10878,1488
14458,9461
6656,15925
4579,15103
4328,4904
5224,8425
19821,18940
9380,17497
7364,1867
542,246
7303,16675
6209,5033
2897,258
2637,1085
3664,5089
3919,3918
1854,447
17478,14966
7084,2981
733,6607
16187,6193
2620,2609
39,2254
3556,79
1952,1921
4130,1105
3778,2343
6832,2164
2938,4581
4270,2805
16114,6065
469,5221
11683,17699
4011,4042
7,437
4224,1117
158,606
497,72
1216,3169
15692,18615
13,1191
173,3358
5832,4120
598,1844
14909,17977
9467,2166
84,842
428,5570
1075,9353
94,4004
3158,2261
4465,14950
4512,244
5250,173
5365,2375
12497,2532
18551,12683
10151,10153
10158,8880
3907,4042
156,1849
4041,4042
37,437
7243,543
8891,5389
18068,10994
8596,13577
971,5216
642,22
418,314
922,2291
10167,1237
108,88
2957,2887
1217,5622
12242,2363
14,1392
2770,8164
17,909
2068,2230
122,171
6438,2186
10220,1248
2124,1573
7072,7427
6153,512
982,7418
77,2091
3976,772
8224,765
16671,16670
1107,5612
1083,9190
87,1089
6105,11583
1105,2533
3614,1322
124,3600
731,7018
5258,2262
1142,9770
1144,17
1245,7239
1710,428
6228,282
1687,5140
2217,1922
3385,7097
1,2
402,1100
737,5520
3137,6995
4529,5270
422,32
403,3954
9262,2834
14775,4525
7268,549
9114,4656
2601,12650
1027,371
3016,60
2763,2620
4535,2806
1104,4001
5137,5126
3048,5233
7080,498
8189,4312
818,3415
5116,1805
11475,8620
3226,13641
3775,85
8793,17258
11406,1875
1751,11167
5624,7873
16185,6200
1949,3046
1921,7414
1909,1927
94,1105
1088,4407
11433,18193
17046,8222
2361,2990
10774,6479
4005,3930
5378,2155
252,5074
4708,15192
56,1752
1912,131
2043,1368
7314,6155
13461,18749
237,5705
1834,440
4122,7898
1173,731
376,387
4058,3941
567,921
11015,3508
965,967
19075,15015
643,916
13344,6271
11797,10899
2387,1528
169,5197
2311,8888
6265,298
1256,2836
3169,8919
171,5243
2549,543
14011,3509
114,13
303,2918
721,2677
2049,5855
2765,1107
5086,2289
2668,1174
775,5357
4426,10352
1054,2328
553,60
11678,4387
914,39
13469,3125
13589,3227
10870,11798
2152,2011
9125,6053
1219,4058
2126,598
3784,14268
1463,10834
1838,5793
4400,10070
1105,3956
3178,1626
11550,8524
2636,1077
14307,18904
2978,60
158,2163
3341,866
10799,10053
75,408
2231,3243
5642,14413
1081,337
2960,1174
2644,4321
631,1040
299,301
15161,4671
3752,585
4853,374
1119,4012
3330,3336
3751,13946
5362,251
181,3463
6560,16380
4852,149
17,588
39,2067
154,5023
3469,7817
13672,3238
2068,11708
9589,6722
2851,76
4468,159
9006,10279
4266,5128
1057,1040
403,6666
687,9
1446,61
403,250
747,60
124,835
857,420
2679,12801
3364,72
4412,4953
2362,4234
10755,2375
1388,56
2427,9547
1086,2909
2364,10696
17938,10576
2609,1078
85,2011
592,7477
3297,3172
19019,14816
3202,6318
6509,361
361,374
1245,2380
8709,1024
1107,4136
1124,4305
6139,11381
19021,14862
4685,9784
7641,2846
611,2242
3818,5503
4416,12777
156,5045
268,5286
2169,5882
906,3099
1355,9341
7396,571
9507,4387
4085,2814
236,86
16961,7978
512,4865
199,204
252,5692
5839,916
6444,16339
3925,4030
5250,5247
6151,8358
3997,3906
2734,5287
542,543
65,2833
4001,4025
694,7730
9863,1174
5193,7342
563,4803
5886,9780
10770,16373
3739,83
1925,395
6254,1316
101,4183
1269,5194
9564,6210
2988,1612
10418,15167
2860,1612
2873,13151
415,2838
2101,1560
3512,77
5270,4529
1316,287
3255,4585
17379,9026
1601,11036
2699,4138
10734,2571
13716,3270
1910,5375
19413,16567
1679,7694
122,4656
3868,89
227,508
9810,9807
2699,1105
118,1504
6570,1902
8968,8966
2067,636
2521,52
437,503
4843,4842
14172,3671
11914,3003
374,6570
1212,1253
1764,1766
11206,2916
330,1545
337,272
13157,2875
9533,9125
9583,4516
1183,2952
5014,15462
5988,2836
5993,3180
17600,9725
2729,1105
15323,9781
3482,6038
2419,125
4482,2769
60,2623
7572,5445
9784,9875
15145,15144
7668,2709
522,2654
4402,4503
10338,4799
80,57
2287,10559
14733,18583
3213,171
262,1791
5661,3380
1072,7258
15900,5628
1769,16
4909,2055
4031,4001
5524,8744
5770,5767
12189,6217
9689,1128
16502,11331
1965,5031
60,2973
11137,2156
4994,8929
2199,12028
6284,511
2206,4339
4668,3282
516,7161
5087,15509
8221,764
12045,9097
6642,16434
6940,5511
691,5472
6105,8847
1840,17
250,4009
6881,1898
8856,8859
6504,6112
15396,4940
4016,94
5662,1107
13795,10463
1604,11037
235,5606
13029,2824
453,581
12799,18577
8460,3382
3169,6988
5167,2067
13047,2841
2166,1126
18623,12990
1090,5339
1126,4996
1556,10996
455,627
87,231
1434,2897
1928,22
10489,3409
4788,15253
17,401
975,6520
6534,6112
6866,435
2765,12947
403,3096
998,273
19304,15953
476,1854
2071,2178
8406,8407
14067,3580
18910,14336
646,2265
861,3385
1570,4636
2532,1075
1100,5653
6146,15048
14215,18727
2352,12219
5461,14945
7,63
537,7233
2799,11218
3135,587
17100,19493
9294,1864
378,6
214,541
1463,3426
62,3153
2364,4093
3006,1116
4301,14734
5691,5958
1666,11110
13531,3169
431,17
1105,3903
1473,5053
2132,1491
243,720
3401,13888
4654,4649
246,237
581,4657
4084,6748
3912,4012
77,428
1555,167
9574,14871
10214,7095
930,869
12648,18542
11998,4662
250,1110
10341,4426
907,885
158,1521
449,7
2006,39
2649,12748
385,22
9813,7690
1100,3909
2365,157
11005,11007
2335,4452
5389,4465
86,2584
2305,12157
2699,5106
14426,18923
4099,14576
6904,5025
3073,13426
3486,763
3904,522
1094,3313
5221,15619
10875,1485
2537,3997
2822,13026
2435,12388
5379,6379
80,3708
2170,39
12432,18486
1987,1086
5722,10882
15762,5373
19617,17715
16136,16137
818,2102
1017,7415
13284,18702
2397,203
17553,19572
17,1824
8769,8943
428,5330
11436,1902
3339,3345
1811,1799
3934,522
4729,985
1138,13
1143,1111
4675,8104
7032,4779
895,1009
7808,11416
1459,3037
14539,4059
1056,1866
4882,13278
5443,15789
13,1301
15844,5533
2200,39
4865,1031
1219,1106
1227,5131
9229,10806
363,367
3060,10696
170,726
808,2703
6752,6832
7285,7295
255,2527
4656,1796
9835,1167
246,721
1323,116
72,568
2642,4706
1183,2765
6618,601
5126,5128
635,5377
2362,12236
2753,5476
4117,4147
2369,4547
11952,13846
27,44
1704,3376
19441,16684
3240,13673
3476,6036
14949,4465
219,214
3904,4039
4704,4846
17,1019
17445,16201
4,33
15318,15824
965,943
2844,1780
14991,9013
18635,13029
268,3489
813,5275
1276,835
2528,231
1864,1005
1924,1056
4410,585
6543,1716
2529,7811
595,851
1431,1123
2171,1687
6804,6217
7256,7250
2232,2340
3326,7566
272,1137
3927,3999
11800,3602
12228,2359
287,856
2386,3157
6488,3887
1181,5270
3896,1653
9314,1040
12877,10352
3228,4937
5647,238
7056,4344
5333,11190
3864,3835
163,39
2924,11319
8041,16982
15142,7438
80,4
866,913
919,2237
17885,19640
4317,6786
7808,3390
2166,5261
12090,4465
6878,13090
1290,2180
4469,9809
3435,8798
2549,303
1105,5810
4870,1485
18293,11706
13154,2874
4350,3701
5131,3512
7015,4693
8699,6752
678,1801
16670,13306
60,2920
6156,273
16954,19481
7064,6275
13,630
17358,8984
1086,2535
5071,428
11148,1703
8933,8087
363,6112
7543,1779
857,985
698,4870
3996,1079
2702,3901
80,1293
250,3956
852,2304
1996,477
4783,146
3060,13408
5851,10375
1085,4003
3483,11067
6513,11248
3368,2449
18692,13266
2051,3567
4649,7501
9193,2160
7499,1076
8932,5768
2671,242
3927,1100
4042,4056
8466,1831
1815,5919
315,5
4026,1079
1213,1155
12,4
53,5
2338,1530
4019,4072
4387,14856
4693,1542
8520,2067
13134,4635
768,2202
3930,4000
3827,869
8522,8529
1368,2197
3905,3943
3874,2378
4015,1105
16671,7249
1936,1900
5946,11901
15764,8265
370,62
5626,10233
3398,5832
5810,12794
10301,8381
2620,2532
39,2177
94,2638
4725,15201
1594,2136
6993,3725
4018,4005
61,246
2507,12454
4570,15098
2860,1238
3438,3164
575,467
315,1294
8623,825
7506,8447
5570,7830
6327,7055
1236,3367
6007,1415
362,359
10121,1216
13663,3235
9002,4793
5662,3632
1118,2557
4045,1105
8413,4398
13,1114
149,2695
7298,2267
9629,4137
415,6786
3040,243
14076,3589
5307,15714
94,3927
70,3341
6534,5254
5954,249
14617,5633
8278,5112
2633,4056
86,2531
5468,5459
4387,4602
2828,1491
938,2747
5370,7553
2851,2414
542,303
5060,157
1080,1110
4381,4006
1666,453
6496,424
1783,1792
4369,239
5853,16008
3498,3164
4852,393
8190,4891
2805,10525
4313,115
7294,16619
2702,3230
553,2532
15974,10838
840,2562
11077,8147
1700,976
1120,135
10158,1232
18371,12015
3702,3344
453,2301
725,545
2824,2846
1024,3056
5218,15618
12348,10976
13,1248
10944,3080
15608,5203
522,1125
7729,867
10337,9461
3377,3934
94,4061
8901,17303
1000,9236
2277,583
401,17
1939,11141
4241,5665
4688,10326
1278,5016
3382,1245
839,1182
12170,18409
7860,8116
80,2850
998,5376
3472,13970
124,2368
3956,3237
79,905
2806,7501
17563,9603
2809,11182
2840,6331
11346,10011
4144,6671
376,899
2537,4078
5455,3264
12819,2990
15675,5270
7299,7298
1265,243
1948,3683
3178,6326
3581,1081
8474,812
1345,10560
4380,10331
2369,1461
3418,11640
13291,2985
3901,12548
56,2614
2294,5259
14695,18990
9,324
4009,3221
8769,11468
3996,3925
3848,5747
2533,522
9879,14194
6445,11708
4072,3920
237,1090
2195,2220
4283,14720
2368,2148
10642,6259
1024,157
4384,250
3050,12533
16718,7309
6630,1258
2275,2334
1370,13
11877,11875
733,5054
1079,4001
4026,3925
1882,1881
39,701
2310,2328
3528,2894
4402,5902
9461,2727
5570,2971
3147,10372
3906,4008
1814,434
3221,3905
12438,2493
8926,9738
13733,3279
567,39
6522,385
1054,157
6233,282
434,6865
10455,1306
3314,3315
272,2373
9093,9097
1077,1080
1555,1082
12450,2503
9705,5689
2695,2519
16750,7355
86,116
3141,12405
60,2867
1075,1384
3368,6934
8535,818
6155,9609
1083,9381
12408,2442
1131,3945
1334,6748
2081,2067
236,814
733,866
11175,1753
1521,158
8406,2101
14466,3961
4720,9193
40,121
2540,2766
2369,2884
4356,780
3141,3895
2527,60
89,13
2729,2638
3092,246
7484,11103
10636,8241
6999,2952
14958,10435
15801,5462
19080,15015
1219,4115
6196,14871
8620,16740
1807,4285
6540,1849
5218,10759
8612,13846
204,121
5270,6196
6053,11560
234,2215
614,1682
542,116
1306,512
10628,1368
1295,5049
8726,1301
5852,12967
3638,1294
1413,574
1053,39
6589,14923
857,127
19421,16597
225,1348
818,1862
1809,10373
1131,107
12433,12432
17579,16581
2947,12673
387,363
4103,3501
1107,2904
3418,3398
4245,14696
30,2011
6532,4216
13563,7674
1213,5774
793,5188
843,579
3515,298
977,579
18958,18943
4012,1104
273,4398
3912,3906
16296,6356
802,3961
3897,14363
4857,149
1123,3787
11129,18107
252,4460
4006,3918
1096,9511
2825,13033
6435,469
5258,3876
5595,2707
11925,2176
60,1257
3907,3912
4041,3912
4068,4015
144,204
116,4572
15014,15015
11182,18118
4042,1104
437,426
16677,7337
12343,2874
1112,3224
3073,10287
2729,4061
7736,696
3243,4282
2887,2957
8523,4459
911,7637
8802,1430
813,4096
39,2258
9801,9802
9610,10234
1317,3629
3999,4036
3909,1110
774,8305
2374,8973
4506,3086
18430,19739
12876,14075
729,426
13,256
1088,9404
3273,13731
155,5035
1019,939
618,595
8624,3760
365,149
7,441
8993,11928
857,611
3901,3851
10561,13812
1817,4302
303,2654
840,415
726,313
10660,9095
7231,537
3167,99
2655,12756
6917,2067
10287,13428
2056,11673
2199,3091
3147,6802
4515,3929
856,544
4271,536
7528,3160
10808,18011
3205,13573
6044,6050
3420,4867
8821,867
605,144
39,1453
2924,4663
66,2310
453,6920
3328,5278
262,3942
1081,4045
661,7623
3944,1080
6386,337
9616,13381
6863,10290
277,278
626,432
19082,19089
1257,8408
2233,581
1570,237
250,5810
2627,5581
60,2680
5244,3149
10268,5615
4581,2805
169,5067
3675,13845
363,1900
272,92
1843,22
3157,3302
600,7505
3900,1131
11169,1751
1785,17
4,277
1991,2337
17896,10490
6583,6112
6717,2894
13854,3395
22,294
3088,2384
7585,11749
1104,4005
12192,2330
12747,6043
2227,1301
10840,1468
8465,3433
9110,6581
337,2557
39,648
815,869
818,6802
6778,1076
1294,315
1882,7655
4045,1081
3393,172
9499,8793
72,7
607,7521
5430,2349
149,227
3486,6752
2842,13066
15722,15720
7990,4456
9801,14958
2126,818
14589,16393
10622,1366
2633,4032
3638,1107
11752,2085
752,2368
45,2506
1227,3415
2648,2620
12094,5232
10824,6196
17,458
4219,106
10256,2706
2243,4786
237,232
2422,587
5772,3402
85,592
2368,1290
19733,18402
1540,2599
13659,4566
2319,85
4414,10346
5371,2277
1799,2301
6525,5302
7505,600
760,2609
9891,3897
2936,5130
842,167
231,13
2638,3221
11294,3462
635,628
7918,3398
2831,6245
7329,559
2544,553
8660,7418
18,659
5973,251
8624,1345
9874,17664
1091,2564
11872,2163
2343,4212
4936,3638
9986,5073
4965,2124
1438,3611
925,6244
1183,4782
70,68
144,17
930,926
1945,11521
7956,10456
23,1942
3409,250
3754,6112
3935,1986
5332,605
10461,5339
12238,7589
631,1044
6691,7068
11176,18116
2809,4392
13836,5932
2750,779
4250,4249
12085,9976
17,592
3386,239
4533,4537
39,2071
154,5027
12317,2405
6764,6765
3235,3453
4945,6733
88,243
2894,3160
9599,8168
11654,18276
273,3406
13,69
1288,1923
2002,512
2532,3710
4285,1210
2005,29
5398,262
15367,4901
10119,2727
425,13
1163,3914
8122,12222
1056,1573
7501,7408
6506,14993
2145,39
6,29
17303,8901
1105,9571
2320,40
157,198
2075,6625
13129,18656
60,265
2584,86
151,383
268,968
8870,946
5365,2192
3420,10157
8854,6105
356,6450
4351,867
13,1358
1221,1236
1921,7097
2239,12102
1291,2729
8979,889
59,13
16318,6412
336,321
1480,938
1491,10896
3644,3634
96,80
13120,7387
5357,11349
18010,10806
22,1851
1231,3617
4398,12175
6207,5103
1317,2637
1265,2447
7920,5648
2221,7739
827,8637
5130,9091
6818,6196
1210,10095
9622,1116
9241,17454
3925,4034
7072,828
15102,4579
189,5347
1247,3746
337,1081
2835,6097
7938,8856
1087,81
10278,10280
4001,4029
15886,5600
1485,127
2873,9772
18110,19681
4647,1925
1128,9689
2489,2427
1085,2637
5336,15733
10633,10629
9306,17475
60,399
13,553
428,1549
1276,7308
3996,4035
1238,4572
13868,15157
11822,11928
169,2786
272,255
17763,10124
2866,13115
10560,14473
2563,282
7249,13306
933,903
1368,7247
644,800
3772,3768
1115,2637
399,6631
5781,15975
2641,1104
10184,3047
7474,592
10557,1343
2453,1807
4631,237
930,605
8609,3375
44,2498
6735,438
16,450
19186,17696
2204,3732
4026,4035
6046,6043
3398,4466
7228,536
18494,12450
13938,3444
455,497
4032,2537
799,8443
15532,6741
7290,15185
5354,7398
13427,10287
3482,6042
8769,4946
8554,820
18629,13025
2709,1396
9780,5973
571,4994
7147,7148
1901,6555
4031,4005
730,6744
6112,2502
334,328
9,568
12887,9003
18463,12319
10521,10522
12980,2778
4568,5149
6849,5212
2812,13013
1322,7787
3724,9897
214,411
7796,7944
4389,6315
2593,1571
8543,819
8907,17311
16718,19446
104,4188
19274,15772
916,1622
549,108
17646,9858
5430,4740
3069,2439
14492,3979
12969,2777
3638,115
814,6980
2173,2301
4131,3431
631,857
1882,2125
235,2577
577,62
6602,393
3928,4011
1426,8675
8040,733
13763,18449
2580,1120
374,642
7383,10757
10351,9306
4646,1783
88,56
3415,1921
9975,9958
3127,7116
402,3629
5298,15709
3251,766
3901,94
4178,2846
5188,265
2226,12084
3386,402
39,2234
149,4846
6386,1118
1186,7094
80,545
10948,18048
2640,3995
1110,4066
2851,13075
9498,1109
12063,4903
6806,13755
1126,9672
3661,3266
2231,2255
1219,4009
866,8809
3675,11243
246,2685
2756,10744
889,8978
2233,2301
1455,5417
13,1171
15567,10787
18263,18262
636,2116
6798,16496
5097,2190
2590,1784
8065,739
90,3111
3804,14282
4344,7056
8125,17005
4865,1840
8123,16932
8039,9125
1360,3086
1100,3913
3638,3632
4078,3904
5457,15715
3393,603
72,438
3176,2820
237,2757
5970,250
9026,898
15761,5526
7800,7796
2647,3230
4579,2385
819,7808
2729,788
1077,3902
1089,2973
1094,3317
65,2650
9805,10435
385,376
13,16
2537,4001
1081,4021
8588,10471
9883,17673
3512,5371
2163,1316
3632,5665
5294,1549
526,7182
8988,4928
1761,7163
3957,1291
4812,1805
1819,11305
2180,10530
3617,3852
7509,800
4503,3679
891,9000
3169,5382
17,1828
18385,18386
1290,2855
5964,16054
7255,7299
2723,1131
15328,5270
2838,1081
3547,80
1222,3852
608,17
5188,749
16232,10372
4135,250
5224,968
265,3061
9124,8357
1180,3626
5454,1430
7164,8874
698,2162
13,1305
12045,2364
1121,13
12807,2687
1384,2867
522,1182
1219,1110
1227,5135
9033,3516
783,1711
1961,11546
9757,4513
4387,1410
689,7711
7585,9281
15376,4910
300,22
2695,1153
6100,1955
7285,7299
11681,2060
1368,1583
4451,2334
13520,9160
268,4648
3360,1543
17124,12057
3711,80
19978,19926
94,1085
376,17
2217,3780
4039,1077
71,3353
5126,5132
4468,11548
5533,15844
1151,13
7643,1530
7906,4384
1285,13
5225,2859
10925,13044
2178,1573
3413,7970
4514,1343
3015,727
8854,17140
6518,374
432,1265
5189,169
6025,6857
4113,3628
1866,3149
13516,3160
21,1896
317,726
3961,1544
3582,959
4329,250
16302,6364
428,1496
3590,9710
4015,4224
2198,8991
2346,753
4896,5959
1181,13
1315,13
9475,9472
3789,2191
3359,163
62,392
12897,8191
1123,9642
903,5172
11034,2225
6786,5307
4652,122
238,4001
4464,825
9629,4462
15821,6441
7274,16693
243,403
728,1384
1094,8123
1107,3632
8312,13127
9303,17474
14400,4203
1345,13
7599,8532
10002,10278
603,7512
10116,4930
11391,1866
6174,6175
2368,111
2204,646
3167,13525
4380,9583
2197,229
2900,13181
2976,3377
1238,2775
5768,8116
10754,1430
1349,1825
1137,7796
72,1056
3998,4004
4001,1077
97,2806
737,1446
5809,5646
3056,1801
924,1272
282,1805
4010,4014
489,6979
3480,816
904,1559
2702,522
2578,2176
5355,191
6262,3147
10696,2364
19417,16586
10812,1758
13692,4624
968,39
2824,8998
238,4135
403,6646
842,866
1496,158
5059,2300
9241,15791
9450,3133
9531,4253
2147,2340
2753,3870
5767,5770
13876,3398
3453,3315
4239,4224
1780,2546
2167,3746
7672,16873
14418,15466
81,1118
17417,9164
7431,9082
1369,733
7549,2887
2461,9296
8540,818
577,9
5485,11160
2911,1396
60,1180
15242,4774
237,2570
8853,8862
402,2637
11503,2406
7466,2071
639,106
3944,3902
14843,19028
869,568
1301,225
4468,8783
10320,1272
7558,2599
4056,1110
5286,3753
255,116
3632,9450
48,15
232,2576
39,2181
4402,966
90,1180
405,60
9,60
243,2176
7330,7286
4761,1838
5688,3918
9627,1466
11302,14551
5,318
6654,14062
5570,7834
6652,403
15934,14692
4482,9970
1101,9562
15879,12541
922,929
13,1118
2659,6786
3659,3517
3597,2639
8998,891
18090,11084
752,1457
946,8870
14,30
4678,2153
3060,10513
2131,11770
2852,950
9524,3566
1210,56
814,56
3235,2408
4138,3902
5638,3400
86,2535
1987,3131
19997,19981
2499,273
11277,2197
982,579
5543,5233
3091,1316
6040,6039
9882,1180
10427,9382
3930,1105
303,1422
2643,2654
733,252
2011,8039
17404,12045
3333,68
12314,11211
616,606
7797,7795
19378,16337
9306,4403
4018,1110
2067,11704
5194,2204
328,324
13,1252
16183,9114
2380,1089
303,267
5270,2199
4129,1291
466,1951
6965,475
1921,6402
1104,3928
13224,2922
11929,18351
8072,1210
972,776
1834,17
39,571
20,329
1076,2819
7287,7292
1210,3573
179,5277
2084,165
418,6791
3343,4704
4884,15345
7259,548
9610,15902
7071,497
16504,6819
5511,6583
9019,9018
1345,10564
239,4015
3415,1547
1271,1947
5868,12482
3184,860
7872,4131
4959,3037
1864,17
2729,1219
4907,403
5580,3155
4972,4962
65,3081
13399,18737
14249,4355
2243,2265
1835,11330
6193,16187
6043,6040
10241,17812
3233,4135
1801,8713
4619,121
6687,857
1872,1948
13513,3159
4326,14771
5548,3967
935,843
1077,5622
52,1
1079,4005
16517,15136
1126,7204
732,5587
4003,3945
517,1269
1019,8835
732,3143
2495,11911
9469,1094
12270,2913
15737,5347
1110,2537
5373,13950
13611,15186
358,458
2171,5371
822,1316
1491,4858
15670,13924
68,3328
1384,10653
2979,1343
2659,1927
2378,12265
16060,5973
2127,2066
7409,3070
4953,10331
5834,5650
18414,12176
4930,10347
11370,5258
10508,1321
2612,768
2197,526
3214,3088
4413,3412
15707,5296
13025,18630
14280,3802
2876,60
6931,9080
13801,12435
2727,10325
253,233
1911,11459
4380,4403
4053,4008
925,1040
8420,8419
3311,13759
7005,12412
13266,18692
1088,6696
596,572
7367,2413
3226,65
2083,4746
14459,10341
2303,548
3724,3725
2906,60
4239,1138
5147,11112
16879,7715
1077,2723
1361,38
10633,2497
3074,6999
2328,204
3169,820
2164,11881
863,8806
1295,5053
2656,3453
3962,6872
14342,3875
197,85
16249,9486
236,13
6340,9527
6446,16339
9438,3204
3999,3906
8885,15298
9,7
2818,13021
2297,5213
127,1948
14029,3536
2809,2355
5286,10466
4161,3675
107,3925
30,2015
2227,687
3904,4019
8417,17115
793,5192
922,876
1852,11363
4550,1915
4,13
563,1697
4940,380
2595,2776
1189,2159
4029,3906
9875,17326
4036,2633
137,542
569,199
7256,16679
1876,56
16,23
4367,3901
18076,18680
1803,517
18595,12829
359,362
2114,2099
5615,4117
5938,3050
6948,469
10255,5654
3431,3398
4458,6648
1182,1338
9578,9576
10209,10382
22,1908
2255,3243
8024,4365
1236,7990
431,615
6196,8943
16,373
453,374
2325,40
869,60
6368,3573
11004,16480
1364,10619
2169,9326
3451,1017
17351,8948
5622,9610
9780,8929
1931,1052
4754,3384
4688,5016
8076,741
5216,971
3380,5688
1088,9408
1909,512
11418,18190
15038,6314
618,599
6583,5043
8135,1321
1411,235
7,445
6753,1290
17907,10519
17449,11361
8164,16022
2707,5595
9899,1831
165,5168
12366,2838
7599,7353
4029,4040
2535,1324
10953,13293
1533,1514
2197,5466
1815,8582
11684,5635
2806,97
11126,10969
12348,2417
159,3818
5636,402
1076,2766
5270,15328
1301,5328
3956,5632
1805,11277
8190,12897
647,374
15502,12433
172,1801
6832,428
17480,14215
108,96
6105,16129
12743,12745
453,6924
5138,3508
3675,9527
11657,5882
1041,678
9936,3941
15617,5216
3724,4693
157,5061
235,56
4228,4226
8798,860
15621,18167
4009,5616
5270,6818
2734,1510
3962,13906
1340,3162
16653,7239
564,497
2451,5359
4048,94
12836,2706
18973,14612
19520,17225
169,5071
13842,3389
13592,3214
7279,716
7330,16711
6,354
15719,13198
1089,3701
17341,8929
1073,724
1412,190
5145,15575
1276,1083
5493,1763
16148,6141
2197,12016
12385,2433
4078,94
19,0
1106,4055
497,564
5204,9739
5137,2101
5438,5439
2365,2178
4694,10391
13657,3235
10762,9860
1853,8419
3178,1500
592,801
2846,761
4045,1085
1259,8434
5132,5140
6863,3073
10407,11389
15352,4894
154,575
7802,1780
13884,3399
3754,12398
14016,3518
1242,5232
631,914
273,5370
2806,581
3451,1285
376,395
1642,6105
4025,4001
2633,4036
3316,3312
4773,2174
852,4296
3918,3380
10888,1489
17,462
595,2388
14473,10560
3902,403
2427,11515
5734,1394
11752,18304
4004,4063
5632,1117
303,1987
1380,1382
2529,6315
4414,10350
10326,9306
11307,1823
4015,1219
3391,13635
697,571
5570,1178
977,2840
7315,16722
3210,5895
39,2291
3253,115
9875,9784
10505,1320
383,411
13120,6921
13645,3359
3144,1111
7798,2546
3932,403
6089,5126
1108,5016
60,135
3852,6301
4938,1086
939,1043
1104,1110
9534,10430
11527,1947
18,663
246,2742
1865,1208
5194,2180
13,1228
4547,2369
125,2223
4581,7615
16379,6558
522,1105
7442,3823
2430,428
1031,982
387,4852
3386,5720
8212,9891
1837,9713
14241,3770
94,4041
431,6844
8612,17180
431,428
1463,4776
169,428
10341,1454
4957,4869
3417,8416
9148,4328
3785,6368
6826,16507
1236,4770
18197,11441
3491,14000
2232,39
3925,3904
372,6
10539,3132
3336,3509
7787,9311
65,2707
373,608
958,3513
438,1757
3908,7872
486,485
4144,4207
1312,69
2170,6516
401,1875
7395,570
17,946
10891,1490
16006,10490
2873,3226
512,5089
2601,2538
180,186
4989,4942
3996,522
1024,8647
2156,1333
17740,17739
1180,6716
1491,6578
2245,624
3136,3047
2262,39
3671,10561
5693,564
443,7
3380,3407
8323,13613
11085,3426
7351,5374
477,6973
10143,1223
1306,2102
3632,3628
4824,14115
2269,2149
22,916
13,1362
803,1481
3953,4208
10574,3661
455,17
1293,1116
3547,1076
10384,1285
867,8821
1781,116
2557,337
4009,1107
1096,13
1230,13
834,13
2859,2365
18278,14008
4754,15224
431,562
1210,6716
6010,16082
6597,2818
169,562
2292,39
243,1265
7602,647
8538,4533
2853,106
13715,3269
1175,1245
7262,3208
3451,964
1572,881
15333,5270
1210,10099
1131,2636
2067,860
1544,2805
6962,472
8374,14867
14714,18996
358,434
4138,1113
9960,9975
14902,19047
1965,583
6784,3583
216,5454
17225,19521
1061,1116
512,1840
159,2476
522,2528
4001,4033
2177,7821
8615,17181
1260,13
2729,4362
3500,75
6042,12745
13919,3422
1751,6666
3146,4650
9,438
88,731
243,2554
12596,18523
5013,15461
11132,1686
5891,683
10409,1291
13307,16814
670,1086
1657,10387
3588,272
3426,1442
9098,911
2049,65
1290,13
2638,12703
4512,6026
2702,1384
3218,2432
2371,5943
15874,5570
3,219
877,783
18968,14589
183,5290
2562,4198
3935,5641
87,2549
4003,4055
2805,13001
4321,2644
1330,10527
3126,7165
4019,3999
3482,6046
9239,8097
8994,1096
10809,10808
8620,11243
11475,4253
1094,9469
10205,1245
3904,262
542,96
275,6168
2706,9208
9466,1845
5698,237
5699,15923
1482,8827
16707,13249
694,867
40,2329
1998,3459
107,1107
60,2981
2045,10630
237,399
15827,5508
13,691
1031,9305
7309,16720
9804,4469
246,5588
1571,2079
2206,375
4451,781
3300,3157
5760,11853
5973,8928
3918,7865
16746,16745
4436,3132
2541,72
8741,1158
6511,6510
15797,5457
8901,881
363,6523
10576,17938
765,8223
1135,2838
2374,4281
19789,19790
648,5194
469,6949
10913,1493
250,4367
424,5486
936,908
356,6483
1775,4861
58,410
237,2627
268,1940
9593,8729
3943,1105
13681,7309
92,3966
2380,2756
4004,4010
3827,930
5367,1547
1454,1278
13542,3178
13881,3398
16517,6870
729,56
8230,17049
1076,3547
781,8325
13959,3466
752,225
590,2341
1311,1909
10469,10470
4731,2245
163,584
39,2238
106,4214
149,4850
94,2699
2334,4451
4031,1110
8966,12364
80,549
916,7237
2294,5052
2444,2367
2640,3999
7160,516
8907,13477
60,82
1126,9676
7936,16952
13805,3938
1116,2572
3091,3117
5904,597
1490,10892
9873,1175
15416,4960
7990,3602
13,1175
388,1052
14140,3635
3638,253
5371,15760
1466,857
8675,1426
3415,181
18946,14509
2035,4949
3320,3327
1804,852
4137,1105
1100,3917
4406,741
1173,231
428,77
254,2176
8880,17292
5881,4346
6657,403
6077,5978
4131,3919
3429,237
9728,3803
12305,9112
65,2654
2406,9938
2501,376
2537,4005
11098,8146
4510,3723
9472,9475
1141,2578
14207,3702
15290,19163
2156,4313
84,2115
526,7186
1921,5170
1219,5652
3133,94
2599,1850
3905,1105
272,5549
231,2542
768,303
9,251
12504,2532
1056,7351
2773,2942
1019,1053
8180,2894
2640,1100
4009,115
2403,5294
13,1309
6066,2190
4662,2400
16783,7446
13257,18203
2540,2559
5236,3426
920,7840
16852,16850
1250,10226
4058,2636
5570,1959
453,268
1079,3928
12694,3164
5517,5516
2709,6690
10307,4368
1124,4610
1864,2168
9670,2993
353,6453
6617,16414
7576,2756
7457,590
1989,1116
158,2013
5619,4480
4012,2641
12529,2538
622,427
333,324
1678,2163
5004,1174
10406,2280
1514,7424
13556,5007
15540,5106
4241,3632
13327,9873
13611,3216
4113,3632
3435,2256
1394,125
1528,125
1729,2101
16574,7056
2240,2805
1345,1172
72,1865
1880,18
462,330
2380,6757
3457,6152
6876,436
4042,2641
4012,3930
9860,7597
16204,6210
13284,2979
636,860
1799,2281
7256,7258
4009,3632
3398,9894
10609,6372
1425,1316
870,6167
2403,2395
8929,4994
787,8384
3547,568
8789,17257
5613,2729
2770,12954
3154,1805
15669,5270
939,1019
4819,3622
2737,4900
4253,4931
14614,4136
18105,11128
19082,15015
1126,4817
4042,3930
4962,15419
2805,116
3629,1317
79,3544
3451,6872
595,2148
11701,2261
2055,11669
6542,16374
11031,15298
9326,5946
2559,60
9419,2727
2638,1107
107,115
4848,15290
2178,1122
1119,3996
3629,8083
1713,39
1055,39
1514,10941
3632,2904
12761,6563
9086,982
15349,4891
4131,7920
1922,563
11089,4514
9583,2727
1672,388
252,65
403,6650
1088,337
508,1748
155,2384
8223,765
13216,4110
16127,6097
2161,2242
282,2159
7295,7320
7601,6838
1094,1845
6679,406
3227,2976
1666,1482
5092,1663
238,1106
2082,11748
2836,876
3639,11780
4792,7787
910,9083
2729,2699
4859,149
6227,282
0,2
2627,702
8317,777
11438,11434
17217,17216
2440,12395
3015,60
8202,4210
6827,9322
4953,9583
2618,12667
9342,7337
4019,4080
53,13
1040,9314
13213,8134
591,820
4574,4302
11754,6193
6752,3486
3760,1345
262,352
8544,17156
8665,2399
17292,8880
2598,122
7028,1849
6625,11258
9975,3493
6969,2208
17142,8532
69,3340
107,3632
1843,1909
5205,6801
9873,3216
2550,81
5579,3979
526,583
39,2185
11916,2175
3925,4014
768,116
1571,11020
83,13
1110,4017
5318,15723
2562,2535
77,1888
11703,2067
1398,3895
8380,7491
82,542
16616,7146
522,60
2406,1241
3056,8705
4010,1119
912,9105
2075,9772
5112,12622
15015,19085
18773,13589
1875,11404
62,75
7180,526
581,640
13,1122
6264,298
8716,10042
473,6964
65,723
3496,1248
428,5501
125,1528
10290,3073
116,3694
5233,2187
4937,1105
14787,4332
57,81
814,60
39,441
598,2125
2274,159
4008,4025
9870,1174
1415,2155
2112,2083
5248,9076
10118,1276
16567,16652
88,2585
721,246
6533,2004
12560,3916
4043,4019
17341,13040
7798,16911
2710,12740
6040,6043
1418,7529
6246,1947
12992,2792
3632,5616
4585,3255
543,2576
8523,4520
87,81
1761,698
3044,2413
69,441
7567,921
10352,13349
60,2607
1844,1864
5194,1269
4963,6998
522,2638
3552,2819
16325,12958
18040,10920
2373,3147
3902,1131
7298,7297
13349,7351
3311,7079
19530,19529
4109,4615
3620,1418
7894,3386
3326,971
8467,804
3701,848
404,1077
10042,10275
495,441
3206,6504
9875,4685
453,2659
4928,8855
126,2264
2290,12130
2072,1879
6746,15078
4177,14548
13833,3384
5586,1096
1076,2823
4135,3934
6112,388
7287,7296
5511,12064
179,5281
1776,16
246,87
14563,9087
1101,601
1097,9527
1290,7478
5665,15914
8769,7154
15791,5453
335,344
6640,6142
19686,18133
4344,10874
3276,453
2635,12700
1882,2105
2527,1089
2148,2224
14314,5535
16684,19441
3749,84
7364,2416
8797,7108
2603,2804
2845,11197
880,8896
402,6642
961,190
1988,3440
6379,5993
14357,3892
6043,6044
1301,258
3639,11243
575,154
5249,13353
239,4369
5284,1296
7239,16650
3229,233
1434,787
909,9075
2530,232
642,4759
2533,3913
9,682
3380,402
647,2659
7631,666
8575,8577
18578,12800
3150,3323
1104,4066
1935,22
4018,4042
135,232
6038,6050
8419,867
4224,8082
9341,7329
3632,4006
12876,2727
35,1
3398,10191
5126,1245
16676,7256
2340,2178
3902,2554
817,976
891,925
4005,3995
1107,3933
2804,592
3709,2913
68,3332
3867,89
15740,8251
7213,1442
9382,11652
5649,239
8052,1985
3564,14051
385,6
4182,100
1779,17
2178,4452
2340,84
2873,2799
4000,4001
1801,1496
4048,2729
10226,10472
3903,4068
3402,5772
4228,1384
5181,4685
18138,18139
3918,404
647,1854
8902,8167
12018,3204
19777,18735
4671,2893
11291,18151
149,1577
2857,3205
11456,18218
15678,19242
472,4482
3426,881
13651,3231
1965,1311
581,453
2742,4386
5526,374
11305,4436
1090,330
3471,5727
4078,2729
17,1808
11655,3502
10965,2301
13399,16192
3160,7528
2847,2867
11637,16694
2430,12378
15078,17907
9195,17437
1785,562
3734,1384
5761,8535
876,7167
1105,4021
599,2163
2602,592
1430,2091
3632,1107
9169,940
10008,17725
13,1285
4996,1498
10116,4426
2177,39
358,7
17840,10322
2006,157
9583,7346
13468,3123
1921,1547
2378,11814
17815,10265
587,998
11128,18106
4644,265
2913,80
5461,4459
232,2527
1794,2903
3087,13442
4058,1107
2115,9899
1145,13
2707,1143
16502,6806
1077,4016
4953,4403
115,2881
2207,39
1147,59
4266,7637
12805,11265
4512,4660
7129,508
4185,101
752,2913
6172,6133
9379,2978
12045,17404
8821,8312
2343,85
15710,5301
16711,7330
2146,11814
4302,1817
852,1804
630,2923
1924,101
303,2528
4367,522
4482,472
1175,13
9283,9282
5315,15722
1176,2867
7881,7875
11459,18219
752,7235
682,80
6373,8459
62,372
17348,17191
15077,5738
3478,774
1100,3222
7476,592
8696,1793
4268,112
2435,10762
2034,10418
1799,752
8617,11299
11872,9124
1079,4038
1205,13
3522,3705
3678,6662
8341,3487
2262,5357
10539,9739
17510,19562
4104,2340
568,4273
1931,1056
79,1076
7572,11792
1118,4151
2300,5060
1130,3222
60,2554
5435,339
6106,544
3222,4352
3117,2838
8369,13799
1188,948
3519,374
7348,15467
1077,1117
2586,169
4888,1109
6348,16292
4017,4034
16323,6416
1035,891
984,7719
2753,5944
611,563
60,2904
655,81
1911,1693
1491,353
3050,5938
9271,10345
10331,10325
825,4464
10308,10341
4740,4779
7596,643
7794,3102
39,522
9295,5454
6243,3235
2538,12529
4474,6730
5138,3512
1136,542
1917,353
7553,10745
929,441
9126,922
12876,9306
402,5650
870,800
2613,56
553,1093
1496,4460
3376,13813
2633,3906
4426,4969
5523,11432
84,1554
3102,2664
4019,4056
13688,18791
17404,9097
914,2011
272,2544
2586,303
1056,374
14518,6416
14822,9271
10366,3879
199,753
11366,15105
124,579
4129,10236
6399,341
3766,3768
13,748
925,1796
3958,3938
10169,1241
403,3377
6513,628
938,4475
281,4
3458,9250
4033,1079
5502,15816
6246,284
7603,1948
1911,5210
1295,548
6100,1398
9611,14684
4107,1967
1278,4516
7921,7892
545,2679
1142,683
517,7047
5132,5144
5159,9411
6744,911
12246,14521
646,1041
584,163
733,5359
1898,437
6870,2713
94,3911
3210,4610
8812,866
4025,4005
1136,87
3918,5828
3638,1115
1311,10476
611,5369
14864,12664
17,466
16083,16084
8630,825
5049,1295
985,857
5384,1019
4351,8312
943,631
10560,15368
8635,8524
2537,3928
3540,930
13278,4882
2727,3271
1141,57
8656,6368
1930,8619
39,2295
232,246
543,108
3315,8167
364,365
954,3614
8123,11732
8901,9582
5902,3052
432,1997
1132,1442
1288,6119
8799,10968
4474,6059
4384,3133
14958,9801
12434,10734
115,3983
13,1232
39,201
5720,7892
522,1109
1948,2378
1113,5714
13183,2901
239,2706
13444,15508
1634,11078
7935,727
94,4045
12523,10210
1126,1223
4782,146
12940,12942
635,1925
1029,1290
3538,79
1044,7048
2147,494
3355,372
7729,1790
72,499
10517,17899
1482,10657
851,237
8056,11984
9166,939
157,2300
2090,5063
1056,642
8793,9244
3213,2359
486,489
2913,13209
7351,1056
976,124
2531,2527
411,6731
4644,562
2264,2183
7,262
1126,68
3927,2641
3935,250
5535,1672
4055,1106
60,273
4812,5249
8201,5518
4865,157
1983,628
14408,18917
15035,4520
10331,1278
1543,10155
2641,4011
4072,3904
10151,6006
1056,1931
13,1366
6,387
2074,4129
2659,7034
1248,2101
4046,239
5956,389
2380,1203
5964,250
5511,7852
11695,17884
5459,15798
1104,4042
834,17
14170,3668
1083,721
1107,1115
420,6793
3927,3930
15477,5023
11065,1623
11980,2188
17353,8972
3315,141
8768,17242
2540,522
2030,3426
179,2947
4138,1117
10838,5781
4079,3920
1992,690
10352,9271
1909,9323
216,5458
3788,2990
17031,17030
5142,5137
7721,693
19933,19655
1783,4488
919,2168
2607,3437
10162,3697
998,17
7409,606
3133,2729
567,7378
562,618
9249,3178
1852,7476
1377,13
2497,44
2621,2554
12700,2635
1805,2934
4033,3925
977,79
3984,11388
3996,4043
2855,691
205,1485
2663,12764
6870,2176
1450,7846
5622,14233
4760,2160
441,6865
11432,4776
3956,8027
6069,6062
181,1276
13509,3154
4369,1780
7216,534
12248,4581
2766,60
2900,60
1136,2933
4735,4732
9342,16709
4630,774
13372,3041
1405,10705
627,6439
1909,2102
3099,13452
534,7214
5610,236
866,39
8307,9811
2180,121
5590,6185
442,1963
7857,16930
748,5453
891,1035
218,3
13249,5270
16752,7361
5370,7350
585,3180
1094,9473
12512,2533
9874,9780
2360,2159
1119,4053
641,1799
14985,4486
1081,1317
3397,2155
10759,5218
17,629
9771,1142
9273,13697
273,60
2217,1292
6513,3019
12705,4244
14997,4496
17,1568
86,1173
3415,2145
5363,1833
428,5074
3325,13771
814,8493
549,116
10593,10002
6185,5590
9093,4088
581,4535
1957,25
553,235
2985,13299
303,60
382,353
194,1056
244,419
610,7158
4390,11247
13946,3639
11518,6532
1138,107
1785,4644
116,1173
16,3
4842,10590
5274,421
9813,1152
10465,1307
11817,9043
356,6487
3928,4019
3169,3967
2229,11451
3611,5066
2289,5086
17024,8183
4648,144
4327,10117
1151,3725
984,579
4019,1104
753,646
818,1041
1694,2432
568,866
5265,2937
3570,4661
5986,253
15210,4738
149,4854
39,2242
106,4218
1071,6590
9232,998
80,553
2294,5056
14391,9516
869,979
3961,1284
8723,10920
60,2530
406,723
10118,12876
60,86
1126,9680
6716,2169
3436,8983
4011,4030
747,235
11370,15655
13,1179
101,1780
1126,231
3961,14466
17454,9241
7252,16674
251,4
2100,2130
9808,9802
1219,4367
19277,15781
4819,3358
9604,1112
428,2525
3907,4030
512,7134
2205,611
3803,11786
7289,7292
4161,5078
13290,11955
2693,3583
11910,2171
848,8746
8123,1075
3470,242
4904,11952
2556,87
12800,2679
6451,1470
2951,3060
4207,3918
1122,2340
115,2186
428,431
562,431
3222,1079
7308,1276
6585,4853
3271,9831
2273,5067
4022,1105
6436,6450
546,7253
3139,6679
6105,7599
10706,2792
12447,11801
694,1489
1019,1057
2101,796
2727,10118
15213,4739
12928,3214
3900,1115
4392,823
4,261
441,262
1698,11144
1287,2942
344,329
1699,7582
19572,17553
11475,8608
11811,2141
1277,10333
4200,7419
10346,4327
17744,10053
38,30
115,4414
6271,2010
14741,10005
2637,402
1902,4908
159,1488
2301,453
4610,120
12856,15769
2335,4009
642,144
2168,863
18387,19729
5177,167
16892,7743
1176,9877
820,8552
157,1792
8885,1909
246,1083
15013,15015
6732,6727
7532,7534
2310,165
87,272
9739,5204
1232,10159
17,442
2414,2208
2627,5699
5031,2220
6173,6174
11741,7572
39,1921
12299,18453
696,730
7690,9813
3603,14087
80,232
2428,11905
4644,7409
7487,594
9402,1088
9702,4009
8323,17081
11367,1854
12945,2763
15331,15674
753,2203
5286,14231
6253,11014
6589,383
878,7567
1151,4693
14826,7810
1106,3230
8778,857
1420,10745
13426,10391
8624,10778
14813,4350
10828,4959
8610,8628
255,1145
303,6289
1096,5925
1079,94
1965,2173
1080,9364
13158,10576
1293,10411
1998,5504
3913,1080
11638,4949
79,3548
1287,3426
18227,11472
1858,17
9380,1083
438,448
1577,4693
2881,115
1081,325
1296,2199
2137,9231
239,238
1068,1783
18048,10948
1056,268
971,8266
252,2163
548,993
1119,4000
1398,3415
2091,1881
8612,4328
112,3846
8820,867
12216,4781
5648,4208
8406,1227
8683,3979
1453,89
2079,3749
2101,3508
585,7449
2399,721
3902,3900
15543,5111
65,243
13,53
1422,8323
211,2512
4572,4634
498,3508
1986,3935
1100,5828
403,238
13250,2944
9463,1094
306,305
14211,8580
6720,411
13327,4884
2012,2123
2855,1122
3161,1394
1244,4237
428,5371
4253,1097
18965,14568
3626,4382
2922,65
303,3390
2004,4864
29,1875
282,69
20,69
273,2235
522,1219
1107,4124
9939,2901
3311,2277
11493,11495
361,1301
39,1250
2152,39
3581,9685
5887,4917
8332,2193
2327,40
18453,12299
5430,15783
3918,3628
6275,303
13424,3073
6059,5374
1427,1446
3509,1888
3925,4018
7822,1310
943,875
3757,14233
7715,689
10791,3467
13436,3083
896,2749
4803,5455
751,116
426,356
4125,107
8783,2250
18661,19768
6246,6139
15015,19089
731,403
15027,5328
1276,10325
1398,866
376,1932
367,6542
1131,522
1372,3617
2145,157
594,7487
219,1194
4650,3146
5305,5292
4972,15440
5983,252
9039,900
4253,3675
4463,287
4468,631
4960,1093
17535,9527
792,8411
8067,740
2366,8612
11149,8436
526,5259
2792,10706
10373,1799
916,5444
2337,4649
752,1815
2084,39
9148,10053
1488,5081
8747,849
11311,18004
85,39
9805,9801
7861,2153
3919,3398
7054,4339
7303,7295
18901,14286
8800,860
8464,911
1007,994
5078,159
515,2252
11556,1970
2707,1334
12316,18462
39,1734
2320,12185
1821,11306
9349,1075
3925,1119
1115,3910
4770,945
10039,17737
659,661
2897,10476
5567,11812
6438,6443
5665,4241
5627,7921
5880,1951
1052,363
651,19
2695,6585
3548,8716
5258,11996
4904,4328
826,774
3918,1079
750,8134
4994,15333
5588,3240
6772,2532
404,1081
2267,631
462,497
3216,13612
121,204
954,959
2432,698
814,2642
4916,1120
17823,10293
11195,16085
2596,2792
10406,16568
4858,361
5976,5981
563,2242
857,1965
3517,2613
5541,15852
6971,8195
9280,14278
10436,9802
2074,11728
7086,2291
250,4936
2459,2679
38,327
7796,3390
592,1667
9296,10058
172,5245
9667,1126
731,2765
16453,7239
7086,12090
17299,19533
3746,9239
2540,766
895,9023
4207,3410
922,9126
2405,9209
1631,8125
6561,376
7863,8749
7872,4139
7131,1660
6043,6048
5783,1213
12782,10640
1763,2013
7239,16654
1076,7499
4161,3415
12319,18463
2124,11791
9473,3315
428,1801
1310,8834
2012,1936
8744,11773
18711,13333
60,62
2427,10287
1544,7725
732,5595
8335,3617
250,4131
35,5
3322,7167
11283,2453
3179,2163
7126,5988
1107,3937
4001,2537
68,3336
3908,94
9095,10660
7108,2184
14477,3974
8845,871
6845,2713
1105,4241
9019,14987
9217,6112
2689,2686
4000,4005
3167,998
10285,1257
3903,10488
1671,10287
8043,1122
18,1879
2275,7018
15107,15108
453,1053
902,3131
1086,4938
4527,6151
253,2685
6469,13164
12560,7921
4131,7871
3169,5016
1034,806
4072,94
13,0
9283,8802
1783,8249
80,3696
4400,8261
15905,5639
8553,820
1658,6268
232,303
3905,1085
10070,2207
2301,2173
11683,14414
15286,4843
157,129
303,2398
840,159
1836,1844
10013,17134
36,2054
17,1812
6094,835
17554,9582
2308,4283
5051,1024
2825,79
6648,1394
13,1289
2178,268
20,16
2367,2419
12867,2722
5570,2528
8235,3520
2713,12855
3918,2636
14072,15134
12439,18490
9572,17549
314,6320
11615,2013
4369,8924
38,6
15504,5079
4466,5824
13676,3241
4206,4207
6193,2103
615,17
1086,1100
40,1772
3882,3329
4054,403
3426,80
468,6945
18787,14751
1077,4020
2706,5618
2820,1024
3415,4617
8821,11349
17869,19550
2637,1317
730,3158
19523,17236
4257,3391
2130,5458
5170,6327
9343,1073
4017,3904
2799,1086
3919,1117
2933,1086
1413,10735
8759,17237
9461,10339
253,725
2154,567
3441,3744
14084,3601
4939,163
8631,5159
8719,842
13865,4991
14944,4459
4044,250
7970,3198
9644,4569
4426,13349
5333,9889
1947,2159
5782,8961
3786,1123
2777,12974
5627,5640
9207,13613
10155,10154
4047,3904
1251,9811
10387,17859
272,1125
303,438
13928,3438
610,7536
11491,2081
12358,2420
155,3169
1079,4042
13818,4771
3472,4346
8253,13470
5951,1950
11491,11880
6438,2068
1902,11434
1052,4848
7453,585
7081,5143
11695,18291
1188,13
6842,431
16511,11194
1322,13
8027,857
1060,13
358,495
783,6151
2378,2503
3904,3222
5822,3233
11133,15555
4659,122
1116,1076
9679,1126
787,6270
250,5099
3961,723
2529,12471
8744,848
3701,6276
3233,3956
851,778
4471,4208
235,280
1396,10700
732,1086
3947,4208
5114,4085
599,1496
1605,11039
3806,4757
5352,15742
7300,7294
7364,2583
1352,13
8036,16976
11099,1799
1090,13
383,151
14842,9012
341,2369
8128,11088
3102,7795
9346,1074
8112,8111
5973,6411
2466,2858
1217,727
3930,2699
7295,7300
9757,7209
60,814
2766,12949
10326,10335
4220,1714
11902,10417
13375,3396
13328,5270
5136,5133
11263,1799
2433,1405
11775,11773
5915,6591
39,876
10338,10345
7664,13963
2153,8935
513,7148
4019,4060
7000,4534
2705,12831
3966,7617
1793,3115
18004,10786
3169,4829
5834,5821
5574,232
1405,2252
3641,13684
15485,11282
819,8544
18816,13855
13307,3238
5308,1052
8929,9780
39,2165
232,116
8844,8918
1110,3997
253,404
10086,1210
1053,1019
1758,4218
60,9
3136,2787
3365,395
6271,4482
402,3910
11608,11609
18636,19522
1176,2550
300,1913
522,4012
938,7862
7521,607
3061,169
404,3956
13,1102
2527,235
572,2786
1780,2664
4798,6026
18865,14097
3151,62
9512,1096
7380,567
4365,10308
10858,6543
3040,231
1560,10999
459,630
5596,9389
94,3915
2303,1658
1993,7094
2382,2705
4792,15256
11112,5147
12006,12005
6482,356
4351,11349
3131,3732
9146,3375
1054,9326
11675,11676
5140,7079
4328,4949
2924,5159
5527,5273
4655,15143
11848,2155
15845,5535
8806,5377
11247,4409
15569,7357
39,2299
933,9157
3997,4004
170,5199
3052,8700
1751,9789
1927,1909
2281,155
8358,1430
940,687
18195,18193
618,636
5236,2414
13,1236
846,1991
15902,9610
3901,7864
1212,62
2648,4271
13090,6878
10013,14987
14930,17556
1988,11580
8363,6096
3167,140
94,4049
3913,3902
2292,6329
2178,6981
4287,3554
3222,3230
17912,10526
178,1653
589,7411
4025,1110
1642,3214
802,8458
1538,10970
6087,6727
3152,1710
2439,12391
12988,2787
335,324
6290,670
622,354
2537,4066
3213,2363
3168,900
4495,14995
2067,11472
6591,783
9524,4973
604,1653
3391,4328
3632,253
6711,6712
1276,3214
87,1134
7294,7292
949,375
107,4230
5054,814
1141,545
860,303
2599,12649
226,4861
6,391
233,3588
911,9101
2243,155
14758,8538
438,21
7124,4787
2174,2270
6513,11049
1847,1875
4784,1111
9839,1170
420,6797
13902,14215
14018,5530
3955,14061
2636,4021
4971,937
115,4471
2250,2265
4956,13646
20,447
6050,6040
3906,3996
11299,8624
5020,14570
2713,6870
216,5462
13041,8409
374,386
8199,5425
3895,4746
2150,11833
901,2532
567,7382
6356,16296
2155,3317
2924,1805
5613,3945
11521,18243
10406,12140
6203,4942
2166,2163
239,1100
8635,9146
3483,9124
371,1027
3996,4047
10221,1248
9780,6201
57,2557
8228,1817
3386,1085
238,94
1109,1141
814,8363
866,2137
88,1089
13340,3349
573,572
5294,9453
225,5524
2035,3750
2267,7291
3141,3883
19130,19843
1854,5432
204,2203
2062,2163
6870,15362
403,1100
6686,723
1737,7476
7269,549
2155,1573
2833,4669
87,2557
436,6875
2883,60
7566,2233
19183,19854
2101,2276
406,5720
1361,22
2276,587
1080,3944
9553,5232
10358,10355
2655,583
1094,9477
2467,1286
3233,65
6558,16379
4865,1934
156,2512
2176,356
7929,7361
2685,233
152,5022
7628,1771
19599,17638
2913,60
631,4468
10487,1316
2823,3550
4500,15018
16675,7303
758,1799
4373,4131
12841,9771
8202,11842
2533,3222
6802,682
1812,3462
1870,434
137,2620
18020,10835
19678,18089
59,2737
814,8497
2203,85
1987,11572
7911,5627
7262,11405
9031,3214
15343,14155
6210,16204
851,2148
7308,9306
825,927
2943,60
3478,404
4885,3875
5339,10461
9419,5016
630,459
2911,522
4926,2186
800,870
11266,2343
12412,7005
3162,6025
10293,17823
4192,9546
8540,3327
1105,4135
16,7
1311,39
356,6491
10829,8943
1081,9376
233,1173
13846,3412
236,5608
1182,1322
253,2579
929,876
3336,3330
3420,11137
4136,4137
89,3868
825,8632
4330,4942
2637,1077
739,752
431,599
407,13
205,818
3438,2294
19366,16258
3995,3905
4022,4008
1245,6747
4574,15101
8000,730
1795,6625
790,4100
10418,2030
5347,1438
16267,13469
818,5367
3047,13376
9515,3919
3195,9864
7,429
4110,14593
3957,7935
595,599
4234,107
1784,235
5624,3409
9323,7132
11529,1948
2526,2535
688,9
65,784
1106,522
579,7421
3169,3166
5335,273
4619,857
3328,13776
7346,2727
7572,818
11353,4351
3574,4383
731,4782
3907,4034
5223,971
10555,1338
6854,1706
4261,6252
12705,2638
303,548
2176,11928
8914,9714
108,80
545,81
2176,3068
8136,752
5768,7860
1838,40
1136,522
1253,1107
3354,71
7892,10191
3326,2187
11540,2083
7238,541
9782,9874
5126,11776
2163,7155
8536,13676
16294,6351
3415,11277
18427,12208
6278,8312
13134,11015
2176,974
7840,6244
522,2699
546,7257
10558,13478
723,4675
1174,1164
11043,14459
2163,1678
10468,8108
807,1370
3390,13849
209,5393
18693,13266
2544,57
7518,7132
4,265
2695,226
5929,10006
1562,9567
60,3018
4826,7700
3269,498
344,333
5533,7562
65,918
7138,7076
3740,83
8964,8087
11973,2473
13705,3260
15672,6196
17518,12747
10953,15855
2242,631
12174,18412
4014,2537
939,893
4426,13593
7463,3611
14414,5642
4610,2568
250,4054
2432,1694
13717,3270
2101,2089
2354,4255
1459,6786
303,682
3689,1434
5977,6640
1875,6472
13599,3214
10013,9002
3869,89
4772,8753
2967,2203
15533,19219
7920,5957
1153,71
4783,1183
237,5697
863,2187
15078,6746
1780,1135
2127,11796
6864,434
10363,11451
26,0
12832,2705
191,2319
14456,3959
18996,14714
2883,5134
13158,2875
369,339
1792,179
17464,9262
1394,3516
11015,13299
4468,8877
1849,6540
1304,2310
1183,9897
1801,2362
1405,2362
4445,9647
171,5235
7552,2124
69,986
4104,494
81,57
2734,5950
3214,7341
2990,3661
9382,10424
10165,1236
3038,3143
1770,16
476,2838
6417,6696
4032,4001
575,565
303,6293
9323,16610
8929,10829
18951,14540
4338,4458
7352,14494
5711,239
79,3552
239,5719
4253,4350
7768,7764
1653,3753
12078,2219
7081,10998
2205,4266
954,5472
1052,1843
4858,1491
11814,2146
2364,8460
2643,1459
5267,6614
5630,250
571,7397
14539,4909
4485,4858
3750,8610
1801,618
2341,8476
2453,5499
930,4297
3034,13358
4017,94
4732,4735
2163,3451
666,7634
4778,6608
17,580
4328,11475
2642,2173
4744,4745
2101,3512
814,1089
585,7453
1077,3943
1929,22
18353,11938
11893,16560
13,57
2537,4042
467,227
6623,1795
3383,2558
229,5539
394,4852
2424,7548
1041,2219
4047,94
4994,5270
268,17
6,17
914,6581
231,135
1867,3466
427,1767
7749,10881
1120,233
60,253
4693,7035
1615,212
2200,3117
847,8742
9271,1278
19891,19433
379,6
11849,18331
903,9051
3382,13825
1770,500
4704,219
13,1346
15641,5249
574,1413
17001,19262
233,1120
816,3390
914,515
9534,1099
694,17
243,4282
298,17
4669,6799
156,5037
1078,2609
3671,2035
90,253
1091,9452
697,2917
931,869
7662,682
504,3276
459,1813
2269,39
19584,17596
450,7
1917,9945
257,6028
1210,10083
2377,5988
3925,4022
2232,157
3238,13672
814,1223
12617,8646
2859,13087
6987,2206
1102,7517
2954,1081
3919,4207
438,1875
2599,5054
4001,4017
25,16
462,17
6139,6246
1089,115
1237,13
14989,9012
4636,5696
250,5961
374,1301
1473,10843
2299,39
2262,157
1126,3565
15763,5373
8275,3891
730,1121
272,243
8379,8378
910,2220
1041,2703
1459,3216
1175,9873
222,156
7797,2546
92,2527
13161,18666
7256,7295
252,1496
1998,11603
1267,13
2227,2041
1330,10161
2956,2416
1213,3160
298,151
14594,4110
3186,9294
7439,1525
2067,39
1100,250
1864,5372
2201,39
2454,4649
3147,13503
7398,6597
15271,12616
11355,4694
774,1019
18417,12191
9811,8307
18759,13493
2328,7169
1077,239
1965,701
3508,835
6911,1756
2042,167
1297,13
866,958
938,80
542,80
2159,163
9654,1126
13152,2873
70,1024
884,783
2362,522
4798,4660
5758,272
85,3776
1102,2174
732,1143
2695,2617
6722,9589
494,39
6096,267
268,6112
14271,18894
2659,12759
5359,1694
5357,867
694,1790
1117,2647
13460,3376
2230,753
4117,5615
2405,1508
1199,13
2200,9212
2642,3141
388,1491
393,1835
2265,939
250,4001
570,7389
630,3468
1506,4859
900,5049
549,96
2686,2689
5554,2320
6514,376
11311,10787
12381,4285
6340,4949
5453,7341
7005,7029
572,265
10386,1583
3095,13447
0,39
7715,2466
884,5455
5371,6750
51,4
7265,3169
954,2252
5654,10256
1384,1082
977,4865
3928,3999
8591,824
4798,10271
237,2611
1173,81
7871,3918
6692,6690
3037,4959
3303,13746
246,1384
678,1041
11082,1636
5,9
8635,2035
65,60
428,866
476,1846
426,39
7506,10586
1210,4285
3096,3095
5809,5821
453,1862
2378,3044
9730,14087
5549,232
2030,7996
821,568
6653,10118
12869,15901
39,2222
3349,13340
3416,8146
3437,2607
5357,3445
5837,4082
16532,15995
4861,5493
2161,11862
3326,6940
4398,1827
2916,11206
13422,3218
13155,2874
426,6805
1245,7662
1126,9660
15185,7290
11126,7196
3918,14399
15690,7957
4011,4010
35,9
5367,376
9790,9792
581,4649
13,1159
3912,4004
7021,3724
3473,170
264,246
245,4
2734,3214
9231,5075
76,949
2656,3331
9528,1097
15873,5570
2781,8695
9099,9093
15339,4882
86,2576
2357,1951
5256,895
10154,17774
4041,4010
428,61
8341,783
5114,12331
18605,12887
18,1883
4164,2131
1896,21
4131,3903
7080,2210
1909,9116
242,56
275,4
316,5
373,539
13,4
395,1052
1081,4009
393,225
598,657
2155,6139
2375,8357
2962,3229
4673,5391
7383,1430
4070,402
231,2526
8304,1251
5824,5674
36,2058
17,1816
10769,1431
18673,13179
127,2176
2084,11749
2177,11940
5620,3400
1277,3547
272,56
4135,238
4224,1219
2431,2408
6664,403
8090,8088
3694,2747
8556,2411
13,1293
4779,3723
4935,6680
8624,825
7333,7328
5079,15504
4362,402
5258,3169
2854,8368
3912,1105
4046,1105
1126,1284
3084,2414
11370,3876
18297,11737
5902,4402
7266,13461
2705,5801
1079,3912
2636,3944
1748,1038
3047,2532
1491,5354
3416,120
14640,18978
5955,249
69,262
17,72
79,950
7581,640
15851,5541
4858,5305
3956,6665
757,8183
536,5740
5966,9648
10734,7987
1143,2742
5270,13328
3956,3632
1915,4719
1189,4615
8191,4891
7196,16640
15258,19148
2166,11885
4076,7871
790,1311
16201,8929
4795,8524
874,258
4019,2641
14424,18922
2265,752
2191,4775
6867,12385
2461,2384
1100,3230
10159,1232
9802,14958
1772,11207
12102,2239
968,3276
1470,10842
9872,1175
5680,3935
3326,10941
6048,6051
1931,125
497,7074
4138,239
16992,8088
232,1141
6868,4100
1923,1927
1902,11438
5622,5650
1902,5022
1188,17
3146,393
7872,3956
437,792
3092,1096
4019,3930
1345,3384
1758,2799
4005,4032
567,84
8538,11364
9727,7028
7506,600
16850,7631
85,340
15304,15305
7630,16851
905,79
2706,2723
371,6561
2267,6059
11285,1808
106,628
3110,1086
8707,970
8617,8624
17101,8381
5069,5070
12094,9302
3482,12743
3916,2647
15676,5270
7300,7298
1491,361
5302,353
3214,12928
1423,8528
8443,8444
13109,4786
363,2132
998,428
6283,16255
3979,14488
11367,8384
409,787
7293,7258
808,4468
12503,2532
2778,4669
2881,1384
2199,8934
563,2193
2540,2811
8310,11483
13994,13995
426,1141
94,402
264,59
1384,90
2103,6193
1965,2287
1729,3508
968,6793
4581,4326
2654,65
6986,3701
1105,4058
1309,10469
3398,7918
60,1168
2992,60
11775,8744
18514,19752
7644,668
572,562
861,8801
3222,522
2148,5562
6141,16148
9610,5823
9899,9898
4035,4008
5683,5656
6419,11174
2154,2344
8262,15764
246,1331
184,453
1758,6316
3222,3905
7272,8609
15887,9603
7451,4410
830,39
8123,14639
646,2204
9156,930
35,2050
6234,282
11184,2799
11861,15284
3398,5824
2689,409
7947,827
8929,9784
1909,9868
3184,10968
39,2169
3022,60
9,48
916,752
1110,4001
1697,563
575,459
1779,7543
2364,60
4241,4234
8261,4400
13797,15120
60,13
15572,10881
1307,2071
1183,3725
18467,12335
3149,4716
3638,5661
4159,2889
2910,758
12409,2442
2330,2169
2,8
40,300
3668,14171
860,39
239,5613
6598,1848
13,1106
517,3083
851,2205
3387,1097
5181,15594
8313,776
14517,9932
19210,19209
14233,3757
212,3
4746,1144
1278,10351
5566,883
459,634
9318,7650
2654,2643
876,922
7116,3127
6243,10143
1752,5696
3398,13879
4444,14927
6337,4328
6923,453
12742,3382
722,1394
11649,7426
13251,5511
17222,9168
563,583
4936,14608
2285,7098
11985,13010
6204,4149
2197,835
3184,13546
7599,6105
3141,6302
5371,1704
39,2303
1804,2072
2702,3222
6062,6725
15437,13823
2894,3392
2204,2191
253,542
1653,5286
12640,18539
3387,3675
2155,959
5988,7126
2695,149
16483,11057
4042,3377
8532,7599
4253,1345
815,3813
2542,92
900,8058
723,60
3671,14172
5595,2886
10806,18010
428,2586
10118,7810
1002,9274
7156,16623
5092,2265
4080,4019
2081,636
9030,3530
11190,3074
5402,212
335,328
641,600
80,2253
2229,2197
3908,3912
8896,17301
11468,5270
11926,2176
12855,9055
7526,3509
896,8474
4043,1104
15259,4795
851,595
106,441
1823,2448
9207,5270
231,2607
1237,5734
6578,1491
8312,5357
13,435
2836,9183
4865,165
6386,732
14637,18977
107,4234
4749,182
1091,1186
404,6672
5053,2845
4891,15349
5292,5305
14793,14794
3255,1438
975,1011
2162,2264
2248,7700
2933,1387
1,51
6,395
6287,9771
4994,15447
6631,1475
7078,2164
2579,108
11448,3840
4669,2855
4563,1116
12028,9784
14517,16966
7024,7004
2366,12243
6050,6044
7232,537
243,688
3906,4000
2667,2557
2240,4964
1491,4846
397,374
545,272
1174,9865
2461,3620
374,390
14376,3902
434,441
19468,16860
2729,402
11266,10373
16331,6424
918,9121
5770,8097
428,626
502,575
1119,3927
12338,18469
427,6817
4596,2353
86,108
1858,4266
1756,17
2282,12141
15140,4648
1301,376
1664,5154
2261,3158
4083,2707
13009,2809
4053,3996
1019,7079
3874,89
1525,7439
19145,15244
1875,11201
6533,512
10118,9583
1276,10118
2873,689
16338,6440
440,986
727,262
56,57
575,622
3617,1372
16139,8482
17,1792
1786,17
5787,5768
842,7567
2461,9231
2301,648
4061,4237
4042,3995
5776,7861
4434,2533
4900,8190
2340,2296
1706,6854
8082,4224
2903,689
5747,7308
7004,14218
5290,15700
6441,15044
1992,243
3747,2734
5233,8750
2205,1290
5133,5136
1816,17
2499,3457
5997,1040
4207,3658
2115,84
1361,376
4513,732
4014,4017
8716,2268
16384,6569
3918,522
10623,1366
201,165
3133,3221
1498,4996
13,114
2740,2738
4930,4403
6716,2043
107,3913
157,3276
303,5545
62,6
6454,353
3879,10366
8533,11801
1947,1789
116,2686
548,2343
4,1
553,243
146,4780
2200,12034
3862,14334
4033,1384
1455,2266
2754,542
4846,1672
1862,6562
4006,3910
3675,11475
11108,10806
3907,3904
2214,39
2384,1948
1105,1106
363,469
5974,251
89,3872
825,8636
39,1311
2637,1081
1835,393
770,69
9321,1048
2068,10952
10874,4344
8850,15426
733,187
5190,15603
1278,2727
4022,4012
3850,522
11301,18152
1706,922
17513,10984
12022,3390
60,2538
337,1126
1020,5320
3433,584
5334,15732
1301,10443
8834,1310
7731,694
7,433
237,3339
204,947
3917,404
8679,7034
840,2851
5071,3429
6057,262
1212,13
1005,2164
2526,2539
16557,6981
688,13
5588,723
1534,5891
3996,4080
118,4586
1219,403
2148,866
1793,11255
9326,1368
2146,39
7920,7921
11898,2169
8259,971
2412,158
108,2528
108,84
6567,1653
14522,18062
5657,4061
19082,19081
2178,866
2176,39
94,1317
3141,2411
3958,2633
1372,1934
6140,273
157,5049
7855,3897
615,265
749,265
4403,4969
7921,5648
8802,7383
13845,3675
5457,216
272,2528
3235,733
4329,5959
15103,4579
9365,1080
748,13
2503,2504
14526,4009
646,2180
7337,7290
17290,19532
749,615
2265,646
7115,1993
16383,16384
7526,4745
5294,5298
60,3022
2178,2155
232,96
4017,1119
13,732
2620,56
6981,2178
2640,3906
251,5973
14449,3947
79,39
10118,10335
3652,7787
2702,4003
250,4058
2502,2437
14883,4404
282,6225
559,4813
6885,15652
545,2663
1118,81
5132,5128
4047,1119
3546,2823
165,163
237,5701
10551,17922
371,39
412,40
7475,592
4522,4795
568,553
6748,2707
7875,7881
1182,1944
8088,8928
7229,536
2067,10968
753,1272
13939,3444
2101,3382
14350,6950
5138,1536
13778,18802
3133,9450
2804,8228
3905,4045
4414,10338
13428,10287
16052,11278
1355,559
615,749
8022,1111
2930,3614
3224,8033
39,2279
6894,438
173,3033
376,1672
4032,4005
9562,1101
56,4
1088,3598
553,56
157,56
2163,2166
14016,5734
982,4865
2787,2747
2706,873
605,1909
610,3007
1603,1011
1124,9644
4063,2537
238,4367
3424,13921
3632,13870
3851,402
3802,14281
79,3556
6254,1394
12667,2618
8544,819
13,1216
39,185
517,7165
2945,4272
1324,2535
9780,10824
7292,7250
3703,689
303,231
5284,6033
6409,6408
6638,4016
845,56
13838,10693
94,4029
4779,7029
11160,11159
12497,2557
14493,3979
2798,1751
17894,10489
12970,2777
2323,3178
9355,2165
4482,5530
239,3629
3040,1284
7813,721
1173,272
12745,6042
5637,14415
1286,149
792,580
8690,17209
2059,5734
17152,8539
10808,2756
3007,3029
4624,13692
10355,10358
13,61
10336,10116
4775,1029
5267,1491
922,3255
1256,2377
1278,9306
280,3788
8348,2169
11744,11745
13190,2901
15166,19132
784,3321
1245,498
3056,11966
5501,2072
642,1925
13417,3065
4045,402
6436,6487
13,411
16035,5931
1312,407
8729,9593
3113,3051
7349,563
81,545
585,2330
819,282
10308,1278
2195,2188
13,1350
5930,1404
238,3912
2408,3235
3216,1459
7990,7160
7173,522
14406,3929
8408,1257
156,5041
11945,2178
14708,4267
7455,585
15605,5192
428,252
7735,3608
1210,10087
10338,1278
1387,1089
330,4790
6999,3725
3919,239
1866,2255
2040,3374
9027,898
5971,250
9163,2479
866,828
4100,14580
4088,9093
15731,11131
2110,171
5053,5049
239,4113
17,1068
16627,9202
903,895
741,2819
2552,12567
9806,10435
2819,79
250,5965
2414,8661
4042,5715
683,2060
485,355
2952,7024
127,2367
13,545
4010,3925
923,7936
1131,3913
219,4585
3426,1430
403,730
10325,3271
122,4652
781,124
1278,7346
3661,2990
4631,5706
7663,1796
17590,9706
4421,234
7256,7299
5131,7749
2115,1804
17606,15013
79,3235
3590,14077
9884,2747
1085,3918
3048,5392
2540,12533
8788,858
5147,1277
12958,6418
1802,526
5134,15567
1301,2230
62,787
3166,3169
2636,4135
12672,9996
14095,3612
5043,173
11106,1742
3151,7210
4973,1097
8636,4409
2368,156
563,22
11008,11006
3694,255
4876,1164
5956,1796
1040,361
3483,2472
964,3749
3712,80
9113,2496
2757,116
2073,11727
1115,3918
599,618
9807,14958
1799,10966
4031,3997
1152,13
5665,10665
968,2178
5627,3957
40,2317
12921,14241
4033,4043
15657,9249
60,2969
268,6116
2002,9982
5089,6533
9208,2706
16766,7401
5190,169
959,1311
4420,5620
16266,6297
2825,2852
6479,10774
3375,9146
8925,17320
3934,250
515,516
1182,13
2557,3037
244,5880
1801,5912
760,2764
1544,10982
648,1799
13538,5141
8200,17037
8097,5770
14724,19001
9003,17361
0,43
6412,16318
631,849
1037,39
16773,7417
1222,5454
866,157
1098,3698
16063,19335
277,6178
60,1225
4946,6201
8019,7018
5286,15691
4545,3413
5988,2377
2917,697
2967,60
4004,3998
4591,1314
8620,4949
6077,3388
12412,2447
5,13
1372,2365
1530,10121
6451,11708
7204,16641
3956,3957
16380,6560
731,90
18022,10837
39,2226
878,517
167,691
1110,4058
3302,2386
62,3149
3178,630
3877,631
4994,14886
5373,2639
232,3560
426,6809
867,1856
1789,3592
10468,2127
11908,17789
2753,12909
4011,4014
6196,4369
19418,16586
62,116
5356,191
7209,10195
11839,2154
10560,14144
13,1163
3912,4008
4786,600
9212,13697
969,39
5060,2300
4029,4004
2489,943
5298,13957
1100,3905
303,3561
3212,13581
14119,3685
5007,195
6610,5298
2945,4569
4041,4014
737,7236
13066,18647
18,1887
15848,8146
96,235
3928,1104
2532,12509
108,60
8608,3760
11603,3166
242,60
13329,3007
9718,17598
2833,2823
4775,976
1213,8104
217,3
258,4
7350,5458
411,246
428,6831
1758,3474
3995,4019
17644,9857
7795,7794
12967,2776
755,8165
2706,3398
3311,10153
2411,12340
9311,4792
5030,155
828,8643
2411,3480
1817,1021
272,60
9241,12132
3823,879
6476,356
6591,5032
13,1297
17672,19610
1107,107
6105,8522
4,245
3214,13603
12664,4845
16105,6058
2889,1011
2557,272
8616,17183
2310,1304
4669,2778
735,8048
18574,12773
8999,891
3462,1812
4305,3255
6581,2220
2169,11652
2178,626
94,1077
11780,3751
682,7663
7287,7337
358,369
857,2002
3895,1290
11136,17420
18213,11454
1291,3957
13121,18653
19998,19981
792,72
2922,4692
3221,13619
7275,2035
599,431
3759,14234
8972,17353
4017,3912
3375,8609
252,5985
8058,6810
18608,12892
1327,4553
10998,3311
4286,8466
3658,3979
1024,2300
6041,6039
146,836
1216,8886
481,6976
9106,8658
7999,16968
11456,1910
2166,11889
1752,760
14795,4344
11741,2079
2362,689
9024,897
2790,5862
8275,9669
1145,725
5259,526
861,966
1158,9820
1101,9286
4047,3912
2147,2198
9103,17405
15511,5453
19428,19427
3466,13958
60,688
1290,3331
13,842
839,426
7258,7292
14445,3938
12234,2362
3194,438
8610,8612
1086,303
3221,3015
7663,2093
7030,2180
607,268
11546,1961
722,780
505,2243
2210,5371
11984,11986
4080,238
5308,5464
5747,3848
3972,14476
4005,4036
8619,17184
15861,13537
1052,1823
16831,7585
4056,4001
12920,3979
1779,3091
2873,8317
910,427
7178,5434
9946,17693
258,272
11161,1746
3998,3996
3473,1142
7260,548
2707,4083
1764,5442
3482,12747
2328,1054
4000,4042
4459,14944
9290,13043
5956,2093
1076,4287
773,314
61,108
2540,8292
10837,18022
1799,11263
2641,238
273,3374
254,3132
2169,3626
1672,376
4904,13493
1076,1254
4558,12856
3956,4120
499,7100
13664,18783
3377,2723
3327,916
1183,4534
1384,94
10473,6606
683,3430
1438,9190
4693,7015
14567,18964
159,4184
6300,748
19088,19089
4042,4052
9116,1909
17711,17712
15017,4648
3115,13461
53,1
4884,5270
687,7686
4082,1384
3930,3996
2354,1470
2796,1815
2366,541
2021,11618
4035,4012
9470,1094
5249,2924
5221,11456
3222,3909
8908,11944
6229,8802
921,6577
17115,8417
12173,12177
2242,2168
3909,4058
4021,1081
17,694
444,7
4993,2180
5380,374
8002,730
8324,781
567,572
39,2173
12555,4365
1086,5109
5613,1107
1077,4057
1110,4005
10435,14958
14908,13349
2723,3380
4001,3997
3380,9571
402,3918
601,7511
1088,2903
5868,313
12603,18527
6249,16220
14281,3802
15015,19073
4608,1965
2,12
62,63
4236,107
356,2230
13,1110
39,79
6470,354
12596,18487
14200,14201
6282,303
3227,65
17263,8823
11776,5135
66,1875
14790,8001
2693,131
1844,563
5347,2654
2699,1077
125,2455
2907,60
2468,3396
2038,1368
3244,3617
10118,1264
752,1799
6648,4948
3723,4783
2362,5629
39,1368
8027,3927
1840,4766
1931,158
508,126
9602,17562
6636,400
5051,8900
722,4781
245,655
13949,8674
2535,80
6196,9927
5274,1775
107,721
363,4848
8611,4328
801,8457
237,13
19734,18408
4280,3546
17363,9003
4512,4835
563,7353
921,645
4410,2838
3137,3531
9055,12855
2223,158
1290,2205
7298,7285
825,3566
3979,1339
2432,3715
14030,3536
4178,236
1104,3920
2819,1128
15974,8151
5085,159
267,13
2583,851
3164,8710
401,13
2620,9778
3164,2294
6719,411
39,563
3067,2361
1102,60
56,732
1107,404
6112,376
13906,14468
4596,4317
337,5855
19961,19861
11477,7272
4615,3778
16717,16718
7082,4785
2008,512
10256,5654
1392,14
1823,11312
2274,631
4125,5836
10391,13426
11348,5357
4369,6196
17197,8660
4255,1930
17,373
12732,4680
2326,40
7367,1921
7346,1044
125,3878
6629,494
257,3243
835,1005
17216,9841
437,1898
1801,8705
1925,635
5347,5016
689,2873
6040,3482
8077,741
615,4644
12278,18446
725,86
866,2011
5231,1623
2540,2628
16146,6140
9918,10331
428,1785
16904,8973
154,2714
562,1785
10116,10346
2895,2038
2562,108
478,6975
1099,9537
5198,170
5239,171
982,2344
1331,246
19768,18661
250,4115
2705,11713
15224,4754
3639,12520
8617,4253
9738,7138
2527,272
4447,4328
10307,3848
1174,9869
68,3320
403,1324
374,394
1031,4865
3397,1094
256,6000
631,959
8191,12897
7308,10335
5653,1100
9780,5270
86,2556
17,507
5246,187
2128,1879
9922,1189
8620,11475
4136,14615
4207,4467
8799,860
1173,1134
4008,2537
16654,7239
5453,6300
3915,94
4049,94
1872,10934
3531,3137
10351,10347
10654,3932
12056,9311
18680,13199
1421,2367
187,5240
149,2504
13593,3214
2387,1931
3240,8034
6561,1783
17,1796
5929,752
172,1175
151,298
237,1570
1054,1792
1780,5868
233,108
422,3013
469,2859
830,2084
2699,3923
4756,11448
1105,4009
10646,10645
15625,5232
783,4712
2641,3918
2679,4210
4038,2537
2859,5309
12386,2433
13,1273
4079,94
20,0
10116,4414
16567,16453
4207,2723
13658,3235
10387,8849
1194,267
11054,1930
13408,3060
7076,512
1100,4015
15353,4894
7655,1882
10640,6262
4807,7599
783,2618
2808,4970
8231,2981
13885,3399
17,641
7725,7724
2818,6597
3990,402
2606,1988
10889,1489
2664,6130
15105,11366
3918,3909
3904,4011
370,355
1141,232
18702,17256
3122,10391
1326,5647
12186,2321
17772,10152
11308,1823
4,5
5618,9884
5688,4207
146,4784
698,7741
15958,5768
1909,7136
2035,7275
5022,1902
420,68
15246,4781
729,7993
7921,4229
4139,2723
4600,8036
2272,1711
8919,887
56,545
7136,512
2480,2414
5393,1256
8672,3639
1105,1110
3040,13368
4135,1291
11528,1947
5973,16060
4024,3904
12616,15272
581,1864
15225,4843
1642,8862
2965,1116
8359,2361
5595,15885
1079,4026
13680,13681
5641,5680
16860,19468
4016,6645
10341,5016
8713,2300
1077,4138
11057,16483
8862,1642
1649,3775
4001,4078
4452,567
6062,6087
155,5031
8634,8608
3245,1291
1077,1105
3386,772
127,1485
4017,4022
478,22
820,3169
1126,243
5389,8438
8249,1792
592,2753
1005,2168
6786,641
60,2892
65,3236
1452,1167
9667,12777
6445,2068
2742,8025
753,5330
14791,4335
13846,11475
252,618
1329,13
2636,12702
4465,10978
3725,7004
10287,13424
857,957
10165,1915
1758,8040
1030,885
13278,15340
2210,5131
2263,39
2664,1137
181,5289
1256,10273
10287,10391
2803,13000
766,5161
322,17
3851,1077
9861,2820
17140,8854
626,428
1359,13
4265,4100
39,860
1097,13
14039,3545
835,13
5171,2859
157,5053
5270,15670
9164,17417
2564,1091
1805,5203
3221,4064
7978,12602
2293,39
39,1799
5472,15804
5107,10953
4942,6190
7860,5376
766,3067
272,2532
1368,2169
2913,686
332,331
9242,17458
5335,1920
12341,3658
7337,7294
2621,2729
3068,974
1127,13
1261,13
60,3026
2947,2899
4894,14228
426,3349
610,5910
10889,2107
13,736
2188,403
2838,3895
1590,11034
563,1368
2380,573
2822,918
5563,3248
251,5977
432,1851
3935,3942
8966,3415
17694,9948
6799,421
7026,7028
9237,2188
522,3996
1430,10752
10704,7430
7388,3445
282,6229
4045,1077
2217,12071
14215,3720
13,1086
1291,13
2707,3038
15950,5744
12380,2431
146,2369
5032,6591
5468,2048
165,167
5069,7412
2989,2909
11872,2375
18167,15621
17,454
1276,5747
15333,4994
15217,13679
6334,627
5570,231
1647,964
6747,796
3326,2679
15318,4871
1854,476
1215,4690
2180,646
14714,13243
3358,4819
10206,1245
39,2283
543,96
2723,107
364,353
2535,56
3784,6913
7072,11294
7151,5171
5699,237
157,60
826,4356
4959,4399
253,522
4771,376
5294,2403
590,3325
3900,4055
113,2205
4226,4225
4011,4071
900,1272
2378,1011
7341,5453
13,1220
1930,6513
383,753
4027,4015
16472,6741
2411,6786
8459,2405
10721,12806
9461,14458
94,4033
14589,18967
15469,5016
8996,1297
2022,36
303,1174
1120,1396
8902,881
16028,5919
1995,842
144,363
2146,1011
732,533
2182,11056
8823,10387
9386,4084
411,6719
1041,4671
8582,1815
7436,4535
2424,1140
2270,7089
4316,3902
3804,12587
16626,7157
230,5368
982,1031
8516,14966
1152,688
5169,13388
3388,13840
4032,1110
5286,4339
7161,516
2641,3999
227,374
94,3228
13,1354
6,375
2074,4117
2635,1710
4008,3907
8834,8832
3782,10734
403,3983
10085,1210
9639,1123
18332,19713
3666,10559
1104,4030
1233,4440
15417,4960
3927,3918
3865,3040
2220,155
10329,4953
11108,11107
11466,4399
726,3855
2441,12397
6545,368
2501,12448
7596,4766
631,585
14358,3892
5357,8312
4003,3913
1921,1027
4010,2640
11732,2074
1210,10091
7418,1461
857,2059
4138,1105
11478,4409
3214,2706
910,939
10278,10276
39,1612
16981,8041
11486,18233
4052,772
3995,238
9306,10116
428,606
3384,84
6193,8934
562,606
1119,3907
2384,155
4340,11038
9474,5728
250,5969
2502,376
3920,4036
3980,115
4980,4016
11175,11174
15575,5145
11072,1627
361,2013
17542,19570
3451,2245
13,549
8051,2663
5472,691
5870,16013
4212,2343
3131,8656
6299,5573
8424,3433
6730,8011
4049,4042
219,1556
3560,5571
11853,5760
3133,4006
60,745
13,899
13926,3430
19515,17194
1434,1824
2248,2337
1780,17
5135,2210
1368,10626
3115,3585
1176,253
1924,11258
16853,16850
5131,1687
2937,6696
2071,9965
4210,2805
17,267
569,7388
15790,10910
3662,721
2664,2373
5682,2729
10391,10287
482,5699
3887,839
10509,10508
542,88
5160,1866
1810,17
2159,171
1119,4041
5224,15622
959,376
267,1546
40,2321
2729,7871
2278,12136
334,324
6509,8550
2022,1593
4033,4047
2343,6115
5641,15910
1968,4740
268,6120
11020,1571
1763,5274
2169,6716
3683,1948
2339,2209
4452,998
13612,3216
541,802
4537,15069
1110,3928
3639,11475
10191,3409
2586,588
10326,9461
4271,11917
6802,10465
753,2378
1917,1927
1220,2753
1881,18
2153,4678
3882,8200
7309,13679
6877,436
1748,428
8012,3973
536,7224
8368,2854
5016,7348
13870,3632
246,5930
24,633
0,47
9003,17365
3133,1107
7322,6155
12365,5453
10429,12218
5598,533
2734,12887
6354,3485
6607,733
330,1090
796,6747
4585,2816
14615,4136
752,8138
18106,11128
410,6711
10571,17936
11540,4966
15198,4716
814,910
2155,6013
12377,2430
4020,3946
2652,403
2361,3637
659,218
6591,15856
4380,10116
6001,5999
466,577
5932,3388
6045,16097
39,2230
1138,1384
3999,4008
11612,11608
13802,15525
108,4252
3900,4002
426,6813
1126,9668
2487,2406
1222,10130
88,3785
3338,5430
12066,18379
5270,1175
9176,1993
6624,878
7377,12227
428,2163
13,1167
9087,9091
2956,8519
4210,4578
5747,3234
10874,3169
2531,1173
84,818
1610,39
913,111
8007,730
1219,4355
11553,3457
8928,17325
6680,406
3638,3628
1573,157
120,4612
6429,6422
156,1825
648,2287
7729,7552
9582,17556
19152,15508
783,8339
9386,3092
5069,4460
2576,542
4752,4753
9317,1043
3095,1107
4241,107
428,3452
85,80
914,1625
4525,8911
1041,646
1089,2380
5067,4764
695,9
428,6835
2239,1307
6024,6494
13880,6682
15294,15296
2610,3694
10645,1373
14893,8536
14555,18340
4786,2243
2427,2489
2544,3074
4588,1504
10167,17778
9104,1285
4400,2207
4412,1278
731,6994
6884,1875
2207,10070
84,13
108,1353
9003,10278
9571,3380
11037,1604
6,322
10468,17891
1804,39
11704,2067
3214,13607
3063,4578
10153,10151
339,6389
15177,6201
1951,466
7012,3723
1116,3048
11800,12328
735,8052
670,1241
11905,7426
5188,5067
1079,3920
10827,14976
655,1118
3404,13889
6167,16170
17181,8615
8001,14790
18091,11088
911,3555
94,1081
17891,10468
702,2627
7617,5001
3611,8705
4005,3906
3907,1119
1670,574
11472,2067
4041,1119
8419,9072
2437,2961
752,5373
5004,1166
4009,2335
3276,498
15414,4959
2527,1134
548,7263
438,1241
376,363
4949,6340
4380,7351
2535,12514
3244,5097
4462,5663
88,81
4042,2633
3102,3701
10335,10326
958,903
82,266
1158,9824
12586,3572
265,158
538,3700
5810,4016
4588,1988
10009,14478
19437,19894
5957,2723
2275,2387
303,6277
4768,643
4669,15159
1965,2161
2264,508
1772,1766
6438,4524
6105,15426
7292,16679
8146,753
8598,6512
12328,11800
3398,10236
79,3536
1077,2638
783,2191
2942,571
3102,2546
438,436
3041,8686
6217,6218
1607,6021
1108,9306
967,965
14244,16087
428,3131
1777,16
12704,2638
2432,2162
9875,2181
15792,5453
1384,1253
9381,3366
8264,2852
17,564
655,2541
238,5636
914,2243
126,4671
1089,9414
4843,15288
7569,5444
2319,191
2291,4559
9181,17426
15878,5577
1948,7603
12566,18515
753,8152
3628,94
10326,10347
19969,19889
1384,2542
9193,17436
1809,1782
17,1853
590,3435
643,4759
60,237
2620,10103
10336,14418
7632,666
18579,12800
11661,2049
10344,9583
1936,22
8042,2227
585,2310
3396,13707
855,3891
4468,1424
60,1176
13,1330
356,6
2799,2871
3901,14374
438,570
2330,12192
6013,3139
3462,11294
7599,1657
9610,5831
9859,17647
10696,3060
284,103
4054,94
8312,775
886,171
22,1823
753,581
1107,1079
3565,6696
3658,2723
5826,1219
3009,6249
14122,5089
232,2572
4782,1183
8539,17154
403,5837
386,6
11253,1823
628,1983
1077,4061
5633,4207
4463,2369
17556,14930
5,314
5965,250
25,0
2198,2250
15015,19077
2402,1491
734,8044
254,237
2989,13302
4010,522
9940,15333
4266,2205
231,253
2600,3169
3384,13831
8617,3639
2952,7004
3133,3632
4819,2354
10917,1500
457,7
9817,1155
522,402
5563,9453
117,124
282,2635
817,3733
266,6074
2255,2353
19073,17606
4008,4017
11141,3810
3908,403
11882,17808
2071,7147
2406,12321
2265,8144
11334,10806
15387,19191
212,1300
2306,39
4186,9392
14096,10418
4266,13293
11676,11674
6553,369
2409,4109
8527,11801
5566,5563
2729,1081
8821,7552
411,3580
1142,2338
563,7357
5310,4819
1707,5530
1089,233
1715,3139
10586,7506
7298,7289
2067,11700
2208,39
107,1075
8534,8434
2557,2667
16132,6112
60,2949
2474,158
2197,2132
3451,2355
3401,548
393,4852
341,6382
1368,10386
267,17
752,998
7252,7294
3398,250
1304,13
39,567
1042,13
6105,8823
1176,13
4757,14038
2638,3945
9661,1126
6445,6447
2238,39
63,1126
388,4858
7231,940
730,8005
2481,2426
3701,8545
693,2461
60,1794
6467,3173
722,947
25,1773
438,1188
4402,3674
7707,8224
90,3888
19038,14871
1206,13
9281,17470
11398,4135
14449,18934
2268,39
831,4273
2505,1672
5936,1443
17,1316
14375,3901
1131,3222
1107,2636
1148,9807
1702,11147
2258,1980
453,1846
4302,4574
10417,2169
15446,4979
5440,7628
4533,15060
6896,438
11923,3175
16324,6416
4070,4224
1236,13
840,13
984,4865
2579,5943
6782,6725
478,563
2164,1005
10339,15468
866,2365
9467,2707
10822,14124
13375,6015
72,60
2243,517
5286,11483
7795,3102
68,3324
1542,8017
4851,2695
2985,10953
4460,595
1134,86
10654,2647
1144,4746
404,4936
11617,4946
4139,3398
5140,10153
1105,4229
3213,1920
4283,6560
5446,3255
13311,2997
15117,12401
7815,721
8465,803
14855,10903
1959,7524
7023,4693
9127,922
5973,1459
102,60
5647,3918
12949,2766
3508,498
2641,2633
201,39
517,1965
4053,4004
19427,16628
104,106
5768,5376
252,4
12586,6097
10530,2180
9583,14909
153,2442
3995,3999
5650,402
2018,375
16704,18849
4724,5340
10367,3879
5086,8173
878,631
17,1800
13169,2890
1211,1780
6400,341
2836,13058
156,646
2699,3927
3548,9322
404,4131
3133,4384
4886,4328
282,4
7615,4581
13,1277
13181,2900
1174,6035
2131,2130
1081,2838
2991,2988
3312,1094
14323,18905
2751,303
3943,402
12440,14916
646,631
2002,2659
7523,1959
5054,2599
1573,267
1430,2433
2729,3927
3069,585
5248,15647
218,369
50,4
2718,5431
753,878
3397,11381
1081,4127
8631,825
6368,3785
5801,15981
17035,8200
600,821
2339,5031
3943,5663
4778,10406
4,9
2784,951
18583,12815
1909,7140
3322,68
302,2295
2468,2408
6527,2502
3910,238
233,246
369,1827
3194,68
3345,237
4553,115
14487,3979
2641,4056
17491,9355
17246,8770
2979,10467
4524,5012
721,2629
10807,2191
96,2577
2836,7126
154,303
2164,1623
8351,784
7418,579
6542,3160
881,1571
1079,4030
2067,9769
8430,8432
13184,2901
7081,5131
2074,2080
432,6848
721,535
3539,79
1453,2147
3905,402
916,9112
407,375
8779,857
8109,8956
1622,643
2503,2378
701,1761
65,3240
165,5164
1930,1927
856,2049
8197,8961
4556,9380
10519,17907
2068,356
522,3866
2191,921
2210,5135
725,253
866,2178
6838,7601
7160,1236
8165,755
3701,1137
4024,4042
154,437
5030,753
7918,13868
363,22
2266,5417
922,1706
3974,14478
4807,3899
7897,4131
2169,11900
7007,7006
1554,6120
4042,4032
157,5057
5270,15674
14171,3668
13823,8620
642,376
404,5688
2823,3241
3900,2636
12510,2532
1947,3570
3724,1656
1076,79
4004,3925
10451,3979
15521,5100
2203,2220
255,88
60,3030
39,2153
2700,12825
9,32
563,1372
251,5981
1194,2178
13196,13194
4034,3925
1993,9176
2614,8328
3390,7795
4727,6363
250,94
1430,10756
5138,5143
1504,125
303,3138
14513,9043
282,6233
9089,9087
13,1090
1099,39
2045,2169
2867,13123
3339,101
424,4596
7463,590
19393,16456
11657,2040
17124,8459
39,998
11160,17449
9527,13635
3029,60
125,2435
9152,2619
22,1933
844,8723
15142,4649
2537,3920
830,157
3259,13704
219,3
3930,1077
16753,7361
1115,1080
3415,5357
13635,3391
1801,1785
3482,163
39,2287
2931,60
2535,60
3221,7935
5530,14018
14126,3628
2125,1882
3632,107
60,131
13349,10352
7007,2952
233,59
238,403
19088,15015
5940,303
895,932
246,2738
2068,6451
6039,282
10065,7810
11863,9971
14998,4496
4292,3536
16549,6965
2526,2576
7292,7258
3362,2848
5038,5046
1368,563
12085,9037
16837,7597
5617,5662
94,4037
9094,4088
8791,869
1086,96
5354,10163
8964,8933
115,4325
3382,7637
16190,14886
7289,7337
1589,158
3991,14511
428,3509
39,1482
1867,11399
8219,17043
2648,5548
155,876
17025,8183
2729,4224
721,1287
411,6723
6656,16442
14339,3870
19230,15606
8459,7081
17130,19496
235,81
2979,2120
1131,404
1189,6990
5270,4399
60,2709
9072,9001
2169,10424
2723,3628
4946,1269
1002,1687
4250,4949
4399,14871
2852,13083
3097,836
2068,169
1,35
6,379
106,2303
4802,15261
10372,11070
1223,10142
3276,1710
6404,4678
8054,737
9019,10279
911,9089
6073,6793
115,1076
760,60
438,9
1104,4034
8077,8076
10116,10326
10326,1276
6870,8800
4678,5776
15001,4497
3243,257
18385,19728
1921,7447
4044,3918
5181,9780
13275,2966
1272,585
2783,272
7891,4129
9809,9802
9870,17625
9271,14822
11797,6610
4694,11355
9605,1112
121,2180
508,374
893,939
1726,1694
5416,12279
10332,2380
373,6565
784,8351
5834,5622
7637,9093
11975,2186
7136,11551
567,954
171,954
7186,526
9804,9808
8297,2723
8928,5973
10616,3078
6120,7147
774,4630
4819,4826
8284,3427
7136,2102
1948,10559
9780,6189
1604,169
4823,2501
10829,13924
65,154
1536,5138
1276,303
1057,939
5031,9031
7373,4674
1482,179
5425,8204
2104,8039
3754,4852
3,215
1368,10630
18098,18866
10524,4778
6424,2431
111,3131
8151,5126
3925,2640
16148,7239
17713,17712
13090,3512
2636,1110
60,1099
9583,10347
4019,3995
7990,1236
4987,3632
3593,5284
262,267
374,508
2287,6591
599,3070
2917,571
1153,246
1094,9465
4312,8189
3427,9718
5126,4730
1851,22
9762,3115
7623,661
3908,1131
2729,3903
40,2325
420,1792
1793,17
4014,4001
5891,3257
268,6124
2532,6772
3373,13804
1794,427
2532,356
4533,8538
5803,1158
8709,5245
2727,12875
2321,12187
10255,3398
11043,14768
12927,3117
229,2197
3947,1244
3233,403
19220,15536
9784,13612
13,98
19248,19247
5037,5038
329,334
15518,5099
81,232
9403,1088
11441,18197
361,2501
672,673
536,7228
1823,17
1639,1428
15331,6404
2294,2820
2985,13291
8778,17251
592,155
4386,732
12388,2435
1612,2988
16875,7702
9265,4537
4946,5270
156,4728
1107,3230
2133,1936
9154,4706
2734,12891
1485,4344
10829,4959
5354,9976
356,6479
10469,8588
60,1233
1080,94
1866,11391
1911,22
1098,9533
245,232
752,8142
3137,8585
272,1089
6461,353
3329,2339
14877,13939
825,8620
2682,2528
39,1295
722,1325
7007,4993
7329,1072
2291,428
14897,8929
4088,2364
8213,17041
122,17
4022,3996
3755,14232
106,4210
1780,855
12265,2378
881,8902
3925,4063
3999,4012
1110,94
5299,11558
2173,6973
16180,10829
13477,3129
108,4256
8826,5375
3900,4006
388,6525
13,232
4001,4058
2554,3632
949,176
12657,2609
3388,825
5981,251
11638,3384
1090,9426
2706,239
9227,996
5195,1005
2084,4622
5298,6610
9259,3163
3444,13939
239,2645
2945,1194
403,767
4355,4936
2648,1173
8465,3275
5834,1113
2742,2528
2167,4283
12320,5259
106,22
4959,11466
5957,3398
10995,1598
4054,2729
783,8343
3426,2406
14995,4495
2562,840
6906,9963
19963,19861
1562,911
115,1239
151,4868
6217,12370
9739,10539
9803,9800
6267,5317
13577,18770
3500,2328
13746,3303
957,13
4953,10116
678,598
1096,1111
7362,565
916,5839
8469,8470
11905,2169
2210,573
2153,39
4799,4953
8333,2193
8266,971
10968,18060
273,6147
657,660
13425,3073
2860,840
1077,1219
16383,6569
201,3800
3900,1107
7652,10318
16,1768
725,13
4,253
7015,4779
2405,10998
60,3006
258,1301
232,80
2183,39
82,1075
12100,2236
1921,39
226,1763
2499,1965
7667,12289
1931,2447
5984,252
5306,5292
939,881
2503,394
5464,216
2294,3438
900,5090
3567,4465
303,670
3245,250
7457,586
3360,954
1118,65
755,13
9082,11864
3131,902
1183,2180
12339,2410
262,80
1482,1281
2215,112
2349,866
3995,2633
2546,7796
246,1075
9265,8538
548,7267
507,850
1854,106
5357,2197
857,8776
1041,4167
17,434
7553,5370
545,553
3396,2489
9806,9801
9091,17403
4207,4394
3367,13802
4327,1278
11557,1970
1056,476
254,3006
5142,8809
426,80
4949,4250
1573,1934
5532,858
4104,482
5179,3214
158,265
1909,7518
7730,694
7540,16812
1909,1102
13994,3485
1088,3582
9207,13040
1466,9392
18684,13245
353,1672
652,19
2242,753
60,107
165,2375
1772,1770
5663,3943
689,840
2506,45
16567,19413
4836,15276
3701,7797
79,3540
239,5707
3467,3429
8628,8610
3580,2552
17824,10293
16124,12427
522,1077
2833,1571
10205,3632
7658,2107
4485,4846
146,39
959,9187
1780,3701
2757,5898
4531,303
5957,4016
11766,2093
4616,15128
17,568
4402,9692
2102,7135
2205,4604
10882,5722
16850,16853
1327,10522
7831,722
5258,11370
2679,5426
1311,1129
265,1801
6139,273
741,5702
2537,4030
12162,2443
7299,7250
7022,6218
8493,814
9873,3428
4556,2403
1116,8208
721,2202
17,1857
2006,2300
1180,272
4693,7023
9875,10829
8532,17142
1910,5221
2619,56
4009,4112
1755,1900
4604,5453
5012,4524
1111,8022
5454,1459
11952,8618
13048,18643
13,1334
1443,93
376,6112
5240,187
14177,3676
3910,1100
15067,16262
606,158
298,5
721,108
10280,9013
96,56
6438,5012
1020,929
5347,3467
498,1756
6368,5936
1210,272
4267,6218
3909,94
158,5071
5369,947
6145,414
1286,267
7356,563
3925,4010
4553,1327
4138,1085
11997,11370
1264,10307
8972,1175
2743,12900
4001,4005
721,7813
15015,19081
3904,4072
2820,4452
4253,9144
5526,15833
6977,917
9840,1170
2909,2989
723,7859
9,410
15611,8754
7733,16886
719,11
3996,4011
5049,2820
522,406
10345,1278
83,3742
7834,2416
7006,3725
4463,3662
15287,4843
175,298
7095,2262
8523,6610
763,468
2431,12382
5052,1024
272,1170
15562,10151
60,725
2773,3451
774,68
958,1875
6795,16495
3277,2984
431,3112
3927,4032
1100,238
14722,4283
3471,783
4487,14986
2799,3359
12909,2753
8079,3536
5453,8134
2729,1085
404,5611
4224,239
5418,219
8742,847
1075,1120
2277,5125
195,2239
4056,4038
3985,11742
5929,9002
7364,12077
3649,6131
354,17
595,3112
17809,10229
7298,7293
10836,11822
2378,6870
9059,904
3338,2482
8459,17124
1679,453
94,2537
9344,1073
86,1141
7252,7298
9821,17627
2727,4930
3682,3396
4339,5423
2505,387
2420,12357
1314,1644
4020,2637
238,1131
68,3194
730,8009
2270,2210
10343,7351
3092,6748
0,27
236,2778
4131,3407
3137,11594
106,453
116,1141
928,1019
8793,2259
2583,2148
4594,4602
6884,3465
6478,2777
8088,11303
11791,5346
11944,2178
12359,2420
3943,1077
7454,585
8634,11247
3243,13683
8037,6827
6843,431
8711,5051
60,2148
2176,6870
3222,3946
8151,15974
2682,60
1215,4617
1038,783
1024,5049
1112,732
1762,11202
3622,4819
1158,5803
5186,168
8696,2676
11458,1911
10118,9461
39,2210
6038,6046
2275,4782
1110,4042
5071,595
4367,250
1741,4848
2562,116
15471,10116
636,7569
1355,7256
732,8031
954,4468
1353,13
10124,17762
3415,3186
13,1147
4865,877
2525,3617
5049,3438
2406,2205
1817,8226
9688,17582
857,1502
5275,10574
4468,4624
2245,4731
4409,13843
14977,4481
946,39
4163,4742
16756,7366
39,1055
453,106
1306,6209
1492,3181
3658,2540
8787,858
2923,630
158,2440
4959,15414
10210,10689
2832,11065
5919,4610
542,2780
1495,10053
39,1405
5261,2166
14323,3849
13581,3212
568,7384
401,1794
11751,2267
939,157
3905,1077
82,3734
6004,3378
104,3493
5393,3224
17314,19536
80,655
5637,5836
19420,16592
157,121
17,1804
7548,2424
15830,19228
968,9196
5992,5246
2723,1107
1554,4567
1573,2365
4104,913
4210,7725
800,163
867,5357
6665,3245
1921,3048
13,1281
7119,7387
13314,18709
403,3910
2638,3628
3816,9491
243,245
224,3
3426,2166
3947,5810
10559,1959
2723,7873
2188,4331
877,568
283,6245
2363,2642
5270,12027
14783,9445
2022,6513
9209,2405
9513,1096
7381,567
11218,1780
337,65
10877,1487
4564,2187
732,3038
4733,15205
10076,1209
246,4084
17,60
3265,13710
6483,356
9583,1276
355,6471
2945,2593
825,3387
1546,1457
1951,11534
45,14
60,2766
3945,5713
3995,1104
2324,7386
15846,5535
388,353
467,646
3235,13659
7294,7337
8146,3416
15833,10965
4315,1459
4649,581
10612,10614
6267,300
56,553
9,707
9837,1169
1316,564
2794,303
15424,19024
4426,10308
10138,10142
949,770
1086,287
1079,4034
7569,752
19490,17064
327,1955
242,5789
631,646
2298,1038
1799,159
3311,5144
10348,4475
190,903
2108,914
2629,12694
4711,1028
8579,1554
265,4460
6338,10689
16176,6177
916,9116
14345,3876
3426,6033
5988,6146
6217,3754
107,87
5841,13266
1368,2043
1755,237
435,1838
605,3747
930,1817
11580,5097
235,272
19702,18236
3216,6196
5040,156
6318,773
427,442
3768,4457
203,1488
2914,13213
60,2900
65,3244
11803,2136
6597,16403
5563,5566
503,437
2227,3615
4224,3919
3429,4210
9525,4973
16743,7348
11815,2146
1999,755
9003,10526
10999,1560
13358,3034
9271,7308
2186,581
1236,3213
5886,16018
950,2819
4004,2640
7295,7292
10373,1283
11928,11822
7267,548
867,8419
3221,3133
9341,1072
2281,8173
1787,468
15692,12907
1105,4046
21,262
5270,15678
16452,16567
1294,535
19098,15065
18148,11281
17045,8221
19582,19581
302,689
1780,428
80,2562
3378,3467
7370,2339
964,3814
3061,1316
4035,3996
11015,9209
3169,7265
15191,9888
4468,2343
1348,10570
4645,1481
18866,18098
303,5236
15144,15145
39,2157
3755,11711
12356,2419
403,5817
9,36
3192,459
1944,1182
10352,4327
519,515
856,5570
4059,14539
10195,10005
2079,818
3390,7799
1573,2178
3099,2897
917,6977
1077,4980
9477,1094
2367,4668
13,1094
1577,7023
8853,11066
873,2706
56,232
18350,11923
5943,3073
7920,4445
1278,10339
2639,12711
14633,6870
4960,1061
273,1398
94,3907
1496,618
181,1809
7798,3701
2156,2354
2439,11310
3129,13477
4266,6507
1790,8420
2160,7199
219,5484
4693,1656
7270,549
2578,542
3398,13867
11814,2378
10871,1485
7146,513
19212,15486
2400,1933
7250,7252
14650,4191
1116,747
1052,5458
1081,3944
5256,7596
7921,12560
15008,7282
16830,7585
232,2686
1992,1357
2764,116
3234,65
3927,4947
3997,3996
4038,3997
13773,4268
585,1269
258,874
3143,4084
6937,497
2914,60
9411,1921
18273,11652
5152,3459
1184,9899
214,13
403,2918
4321,1087
13539,16115
14272,15700
3498,3494
814,2260
17672,16158
494,592
2068,39
1085,2723
125,4667
727,3015
1921,9411
12881,11419
4513,15028
2416,722
3467,9284
303,243
4786,6492
1175,172
1104,3904
11353,4396
2542,80
11739,14231
2944,60
303,3626
246,3092
7505,5276
247,5946
3243,127
1137,819
2298,851
142,1988
7439,4656
3115,881
59,233
13796,10644
17661,14814
57,1126
3429,2734
17,7
10268,1326
13924,10829
1099,1466
2988,2991
6205,10912
2710,12846
3901,2729
9231,2461
411,6727
84,2168
2778,12980
2176,80
6862,16514
12328,9499
4099,2155
1019,167
6468,4317
1244,2729
6726,411
2328,851
2723,12492
523,717
13339,18662
65,3057
2723,3632
1866,39
7294,7284
8323,781
8001,730
5834,3398
19345,19882
3227,5794
6,383
1795,11126
508,1533
5126,3311
7978,16961
1738,1924
3271,1370
96,2528
911,9093
11720,2072
3934,3377
2485,2124
6269,2013
11530,1948
2187,215
341,80
2789,2535
7417,5001
268,733
1107,522
1900,6574
11310,7277
8340,1485
4706,631
4210,2679
4100,821
6760,1469
1107,3905
6756,3979
615,5917
5976,3050
6945,468
8091,5884
17311,8907
1430,9284
866,840
3438,5051
1796,2437
631,943
784,8355
4759,642
774,1251
3998,3927
106,563
15615,8716
1169,60
4615,863
8216,8215
8137,752
13156,2874
2651,12750
86,96
5466,2197
15262,19151
5178,7392
2198,5076
15071,9003
4567,822
4706,8336
489,486
7239,541
267,2359
1801,11267
2180,1272
4317,647
2047,8290
3979,10451
8040,1758
2866,2731
10163,1235
2723,733
3234,683
10391,17866
262,5398
730,548
14697,13865
155,2303
8190,4900
10165,7697
11757,2088
1459,2643
3255,971
116,96
3901,1119
11019,1570
17,1780
1927,1930
3518,4764
9884,6142
8220,763
2191,5194
2227,4851
3741,83
5288,181
1170,9306
1199,10044
9938,2406
1077,2699
158,4644
7476,1019
9342,7256
438,497
3216,11754
4056,94
300,563
2705,2382
420,857
3930,3927
9149,17414
15815,5498
1577,8125
7297,16710
11583,8859
2978,13279
1813,5369
2197,636
1235,1191
4014,4005
958,159
39,2104
13577,17001
1726,2182
6865,434
2223,2988
858,8788
8394,5588
10053,1201
8625,825
1125,272
27,0
13,102
1854,647
4001,3928
7871,1117
12833,2705
16861,7650
13779,3337
107,3901
13839,3388
4746,140
3904,3995
329,338
752,441
3078,1967
884,6976
860,6390
10941,3326
9707,3947
13484,7361
163,800
15191,4708
56,2623
2334,2223
6,62
1052,144
3810,6053
9,333
969,2361
2204,8758
3457,273
303,56
6039,3482
8241,10634
14311,13182
646,395
4567,2245
324,344
441,929
40,585
2385,2161
5286,1932
5375,469
3389,8625
4610,15124
11324,15522
3143,2742
4732,10391
3400,13887
635,7561
1150,2557
9260,4547
850,575
528,524
825,8624
178,2397
243,1294
568,862
2540,1136
5820,15987
3437,13927
3143,3092
16448,6676
268,2290
908,930
4022,4000
4063,4001
1845,8424
980,806
3115,5016
3720,14215
4018,94
10456,7956
802,2197
15602,11351
4792,3652
12094,2500
8064,8062
5016,15411
9316,1042
13,236
15290,4848
6437,16336
66,62
2822,418
2668,12783
8403,8659
4031,3904
17558,10341
254,2742
1090,9430
2078,674
2904,2702
16652,16655
4555,2369
1924,6623
12755,6531
9,467
4439,8610
836,3097
6142,4495
58,2049
7880,3407
11572,1987
4894,11634
1216,120
14096,11634
19752,18514
730,1166
1210,2557
1466,268
19137,15208
39,494
1560,1623
7425,733
60,782
380,6
125,1931
3060,10920
476,468
10598,1377
4490,3263
6649,5615
2607,3246
72,792
954,8579
7284,7294
10479,5068
3459,5152
10116,5016
15685,15684
18746,13458
1074,13
3918,3222
2180,146
1017,3451
2438,2656
4871,7277
831,817
3632,2636
8438,4465
15201,4725
273,6151
7663,682
159,5083
3953,5660
8453,801
10852,17889
2270,39
451,7
4145,3386
1072,7295
406,6680
3202,773
3902,3628
3914,2699
6053,9125
877,2101
15244,6492
12618,8646
16018,5886
9920,1290
16,1772
840,2973
12994,4961
3658,4207
60,3010
628,84
1104,13
842,13
14326,5814
2093,1281
2693,5218
733,7425
4468,13057
2178,11942
368,6546
595,7491
2300,39
4253,825
2909,1086
1116,6439
2203,6522
9739,9738
2380,7912
14885,4465
19456,16785
2729,5814
7593,4615
84,3754
757,844
1118,69
4739,15213
16721,16717
3583,2693
7688,688
866,3231
1134,13
1061,9334
1268,13
1287,255
2546,7800
3995,2637
8096,9558
424,5515
106,510
12271,13210
857,8780
996,9124
287,4463
17,438
1073,9344
4514,10557
8800,6870
6221,734
7351,10343
878,6624
5,54
15176,9875
4414,10326
10553,1337
1298,13
403,2544
1306,10454
13398,18734
5089,13124
39,2267
801,2590
9655,1126
1131,250
2924,3033
2962,107
17600,17601
303,6285
4138,2699
1459,5973
1151,1656
6493,9127
4602,7529
6097,267
11147,1702
4080,250
8976,10078
239,5711
1328,13
13,1204
11265,18138
2363,8042
8660,17197
522,1081
47,2508
10227,9811
7350,10626
4513,6144
506,578
4347,6606
94,4017
2542,56
971,8262
83,1384
453,163
3426,5472
5706,237
513,968
1358,40
6391,340
10511,10509
2557,1118
1345,3750
11539,4535
173,5249
909,4351
7880,11730
3388,3675
3448,508
3486,800
9143,927
9203,978
15071,14911
13349,10116
522,2370
2537,4034
13614,3217
64,3212
3942,262
7920,3400
265,5188
3222,1104
1866,3048
796,2380
9959,17701
18567,12798
6,9
835,1554
9150,8672
3135,6585
4940,303
592,106
4399,11468
17,1861
60,245
3069,1801
125,1394
1785,615
4537,12341
6499,2101
19201,18978
3723,3722
9874,4946
13,1338
1,15
238,3900
5954,5950
842,631
3149,1915
14696,4245
733,8043
17624,9811
2526,246
36,9
96,60
727,4064
1219,4526
627,450
7065,5114
2132,2012
4905,15369
115,4439
158,5075
1581,1909
2651,2577
10000,1271
4039,1110
9529,1097
1496,1801
11432,6492
10210,4464
3154,2639
3391,108
3311,6006
2743,12904
887,939
10092,1210
10952,2068
866,816
2528,2362
4513,10011
8342,783
14897,9230
18606,12887
17,1056
5392,2251
2699,5627
13635,3639
2799,1135
723,7863
1804,2304
276,4
4543,3245
13956,3465
869,1272
2854,13085
4253,3671
18810,13821
9476,3314
3937,402
14336,11041
15881,5586
272,235
165,2058
2362,730
14160,3645
3045,2480
4416,5540
18674,13179
723,5769
3135,13485
7256,7287
563,2104
4140,4144
12758,3901
6665,403
2257,155
4949,11638
855,6827
11648,10415
2250,8783
14674,4216
2824,6803
7205,532
3913,1105
15888,5602
15468,5016
2373,2208
3162,13214
4716,3149
7054,3746
2637,3944
4779,1219
1248,3496
4056,4042
10942,1514
2875,13157
13412,4482
599,606
3632,5966
9461,9583
1543,2101
9800,9803
11659,18279
3597,14081
4853,387
7582,640
82,87
1119,4025
1785,2388
85,3768
4001,1110
17595,9715
7787,9905
60,2957
163,426
14313,3836
1439,5134
3378,5268
3547,2825
1110,3912
5138,1687
15895,5618
4812,11316
1309,2809
2018,1054
10559,1345
3934,238
3734,1116
3937,3919
3899,7599
4068,238
5587,732
253,1258
549,88
4682,131
17183,8616
10108,2577
6749,1174
4904,14473
9622,2869
723,2870
1695,11139
1351,10575
630,427
4383,249
15439,4971
3326,4704
0,31
11443,2947
10042,14008
2964,1090
548,3246
116,1145
563,144
2261,2101
10693,3388
476,899
17134,10013
1921,4662
1847,17
3388,5932
5298,1918
4035,4053
11731,2074
2978,3590
4181,3124
4131,1317
120,2957
1131,3230
725,2542
7311,6138
1024,5053
1122,2178
3746,3169
7507,600
17,735
2723,12870
6727,6087
8412,3675
14050,3560
6591,6980
10371,7659
39,2214
863,3415
2933,814
1104,94
3412,13846
11286,1808
1169,1243
5071,599
6540,784
8523,5354
60,58
636,7573
3420,151
4937,3228
646,155
1785,428
2414,2851
9642,9886
2753,65
11089,1644
13,1151
3912,3996
9302,10195
10902,18033
16730,18981
5125,7601
4660,4798
2855,4664
14090,11603
9863,3065
1485,10874
8538,4322
1077,9359
1170,9550
14887,11358
937,2374
2339,583
80,2753
1879,598
3245,4068
5055,2294
2532,12497
2225,11034
1950,249
917,2846
17814,10256
4036,4008
6388,339
8033,3224
686,2913
1780,969
3905,1081
11823,2147
10018,2013
6687,406
1552,10941
3875,2370
6471,11893
6058,6062
2706,3386
6235,282
6013,2155
65,536
8,2
4015,4070
6066,1227
3127,1164
6800,16498
9713,17592
15238,4768
18894,14271
18231,11483
2889,60
3023,60
4272,2945
18641,13044
1052,388
1126,337
2638,12492
9149,3671
4,233
9,577
3214,13591
4066,4008
7796,8542
60,542
1687,2067
3494,584
1684,106
1288,106
3509,3336
6033,3157
4844,1077
1079,3904
8314,776
9415,4729
115,4386
5270,15414
5747,10118
10965,15833
11776,2277
1285,8853
927,9145
17295,8886
1571,579
772,5824
8358,6151
4249,4250
68,783
7418,4775
1480,2154
4644,615
6065,3984
14038,4757
12348,6825
3222,3629
3435,11092
5307,6786
6995,3137
171,881
2206,12057
6924,453
5747,8024
5981,5976
353,363
120,3575
1219,2729
44,547
3235,13663
2182,2022
360,29
10152,17773
4019,2633
2777,12970
9,711
4159,169
18755,13465
19980,19928
4662,1921
2232,8151
4969,15435
5535,15846
4138,6647
6048,6043
16046,5950
9117,11814
13485,10943
4251,108
3724,7007
15389,19192
2205,851
18617,12942
252,1785
6033,258
95,81
4042,3906
4266,416
9009,10002
9976,9037
1285,8987
4078,1119
406,5635
2071,3480
1116,3516
866,3341
3078,13433
2459,2838
14520,4635
5253,268
8336,1019
8580,14211
1918,1925
3215,2592
5403,212
1879,7632
2727,9419
1000,4280
3909,3912
4014,3928
4268,13644
17983,10710
2018,62
796,8422
7551,8821
5453,15790
11553,1965
37,1954
12951,14018
272,2760
2476,159
13,25
11102,8859
598,678
3254,4590
1385,9167
8911,4525
15176,17340
3659,9779
2404,5359
14879,19039
17,1837
8142,752
1540,595
8943,10829
14310,3835
4368,3271
8351,6753
433,3243
522,4224
18302,11752
303,918
3957,5622
7548,3396
13129,13135
239,3377
2367,2444
10823,10733
1140,72
7194,16639
4896,4329
4471,3399
8151,2154
19073,15012
17080,17079
998,5092
5131,5135
7891,1291
11915,4774
631,7550
12952,12684
165,395
10242,10229
9576,6204
4031,94
7361,16752
376,615
6368,16304
12433,15502
17125,9093
577,339
1922,2178
4336,4113
11539,4645
39,2161
1245,246
7662,16865
18230,11475
2237,10857
606,4460
7122,6563
9,40
1077,4045
2130,2100
1951,2357
5,298
3409,10489
3659,2558
4047,2640
2101,581
4181,6804
4061,94
2,0
3133,6649
2942,2917
696,7736
1118,2541
2262,3158
4084,2707
13,1098
8096,4675
13127,8312
18600,12856
9,390
1559,3415
2727,4426
243,62
1278,10343
1141,1212
3230,1105
3875,89
15244,4776
11283,1807
125,1504
13301,2988
801,3773
2759,4903
11231,3337
16339,6440
1126,1089
5016,4380
40,642
2899,187
1787,17
2193,1459
4008,4001
9082,1858
2886,3143
9873,17663
3519,5530
1771,1766
3398,13871
11086,1643
14,360
5650,5834
929,925
7250,7256
22,1941
723,6684
15874,19293
1557,10293
4644,428
8522,1642
5891,5896
9439,3034
89,884
87,57
780,8157
1766,1772
1847,448
90,1294
1817,17
2197,10626
3546,3539
4038,4001
5274,1763
15325,6404
1216,8687
60,2583
3387,9144
9241,2268
4903,2759
5016,15468
1914,11469
4232,2554
11496,11498
3409,4207
2984,3277
3407,3380
3956,404
4226,4237
3902,1107
4215,106
4662,4767
2532,901
374,5375
14685,5670
7295,559
2185,39
1570,7845
1489,10889
6455,353
2223,4468
1755,2148
506,17
1653,6567
115,4333
4387,748
5016,10341
1216,1116
7945,2546
13505,12162
6112,364
3932,1107
2913,12270
1915,2780
752,1921
9976,2434
10053,3620
2647,2702
3875,14344
2215,39
2433,1430
9150,1345
13874,18825
3132,13482
375,69
3126,835
6538,364
1111,3143
9240,17453
5178,7262
3378,7472
1183,13
3910,2637
587,1645
585,818
12730,18558
573,3467
2245,39
426,7
570,3169
752,177
2911,9699
4442,14926
7135,11550
7601,13043
6638,2638
12398,3452
5810,3947
13865,14144
911,9097
2654,5347
9784,1459
438,17
1838,4761
959,1409
4009,522
1079,13
1213,13
996,1476
14213,3715
5116,1257
15461,19207
6809,426
8161,8162
1029,835
3892,122
303,731
4391,1755
2147,39
5977,273
1107,3909
4149,9577
7174,524
911,587
12285,18450
8125,746
2583,1323
5563,1195
10630,2045
3078,548
9913,17680
784,8359
3422,2832
3378,13083
1085,1117
1560,2164
4025,4034
954,2354
1243,13
258,6034
17,495
7861,5776
421,5274
780,7836
1174,3791
2834,8674
16401,6596
1573,1056
3897,9891
616,265
8793,2723
5772,406
11310,5537
8820,7552
10047,3508
8672,8620
5458,216
19697,18193
1141,86
2154,3438
2820,1801
4146,3398
3315,1780
2649,1165
3060,2951
3079,7165
6981,4801
8167,756
2022,11620
553,101
272,3057
976,958
4034,1104
6113,16133
17,1784
1927,1934
4402,14880
7498,597
3406,4527
11723,15690
1291,5665
233,96
2635,2206
267,6096
4018,1119
7382,6838
10346,10341
2753,6591
10761,6419
14945,5461
19219,15535
2641,3906
6113,268
13,1261
2174,5194
1921,584
7292,7295
225,393
2955,282
3385,5528
642,7097
876,5049
563,388
3474,4819
15297,7202
2823,3546
4375,3234
428,163
7076,3883
947,7144
226,214
10386,2169
16156,6145
91,3961
289,4
2320,5554
4001,3932
5369,1813
3436,8849
3904,3999
4100,12047
2756,9090
9079,9078
13940,3444
5297,15708
108,1097
2071,1817
4716,1433
1049,631
56,2627
395,2093
1105,5636
9378,2729
773,733
8013,2867
14374,3901
16650,16452
2543,2566
3221,5662
5359,1475
12022,10953
11890,2166
57,4
8037,1948
106,2340
6004,1398
8543,10387
2659,647
3667,3655
5840,243
19,651
4368,10118
12443,2500
7231,737
5393,11043
825,8628
1642,8850
5152,5504
11214,1775
431,595
11,9
169,595
1079,4014
4253,11299
4993,4693
7350,1368
1075,108
6410,6408
4125,5637
87,4
787,2859
8125,1364
427,72
3276,3625
4131,4139
4368,8024
12971,2777
4014,1110
14192,14194
1384,10662
17654,9868
5309,1142
7814,721
4001,4066
732,4091
4450,10308
3429,10256
11535,1951
585,631
2202,12048
4704,4940
4017,4010
8358,784
17153,8539
5742,3626
9379,12887
971,3326
4778,10524
5602,15889
626,1571
65,3224
5132,7080
292,5
22,144
579,7417
2611,4524
3996,4072
9868,1909
252,606
4208,5648
3912,402
522,3850
763,6945
1011,631
1902,802
18,375
597,7407
5308,5212
7538,614
11776,2171
265,252
2176,11924
325,303
2402,2845
7350,563
17362,10002
1604,10944
522,4789
3934,1100
8466,852
11893,2167
4462,1219
5286,2420
5298,1491
15467,16741
984,124
11006,11005
92,2926
2742,2886
7874,4131
9907,17678
10630,11657
4534,3724
5422,214
11903,18346
380,360
273,6155
4581,5233
1116,1182
80,2542
2239,7146
12642,5853
9873,6201
5673,4936
5528,8719
1595,4600
7321,7338
10339,1278
406,6684
3902,3632
3336,777
827,2742
12338,2409
4031,4042
4891,4900
5639,15905
3512,5140
16,1776
5972,250
9841,17216
3415,5207
122,3892
60,3014
2615,2148
2422,787
20,1895
15165,15961
575,427
2178,11946
3331,783
4991,8672
387,376
3141,13491
65,325
884,1182
2283,628
3398,315
4113,4202
2544,403
6752,8699
8624,3639
7387,579
4011,3925
2180,2378
84,3758
361,6510
7296,16676
8253,6355
13,1074
7749,5132
1086,9395
1632,294
1948,8636
866,3235
1086,535
1879,171
1676,2286
10936,1510
872,17
6675,6385
563,201
5127,5126
158,2367
4041,3925
9780,15004
8156,6580
2060,3565
792,438
1334,2707
3765,85
4114,239
2054,11664
3768,3766
12498,13378
14695,5634
22,1917
940,9169
2537,3904
6857,6025
11826,2368
4998,15454
6201,10824
1251,8307
5270,7282
79,1670
17,792
2624,116
3995,3930
8943,9784
13210,12271
3255,922
39,2271
2126,2091
9868,4621
952,9179
190,2440
4032,3997
6743,16476
250,3245
10900,6525
12132,9241
616,562
14573,9027
3255,4305
5273,5486
2370,12250
4113,4336
3639,8617
10344,9461
6032,16091
3508,1718
9975,17700
6560,12046
920,4356
163,4939
4478,6908
13,1208
2476,7169
2788,116
4398,2226
17610,9783
1928,11501
2362,1405
5249,5250
5373,590
2866,938
94,4021
5453,10907
9531,11243
2938,60
9567,4292
1556,783
2638,522
666,7630
2132,1882
2846,7641
6097,7976
156,1866
12908,14134
573,2154
13238,2934
1508,2405
6217,9963
2537,4038
7415,1017
1081,4058
8151,5781
11361,17449
7299,7258
9453,5294
64,3216
568,1029
4207,3947
12110,2261
447,510
1219,5685
6176,6175
1119,1317
1900,1882
1093,96
5472,3578
2688,1174
5375,1925
1947,11527
13,403
159,2672
808,866
9251,4786
825,4253
15689,5286
5453,303
752,742
4783,2952
14063,18858
3069,5188
2255,2231
13,1342
6,363
12676,10377
4,290
2163,9058
2710,5255
18572,12772
1545,3761
8802,9282
15214,19141
1790,7729
17198,8660
7165,8732
4328,4250
8087,10468
341,60
1024,3500
1212,1107
6607,3486
1459,3428
10941,1533
1514,3135
712,2447
4638,2197
4344,7577
522,4952
1453,2078
17681,9918
8686,3041
6499,13193
4056,3912
5007,13556
2409,954
3754,9963
246,1112
1082,1384
1514,1041
2874,6386
250,5957
9940,8929
19156,19158
4786,15250
14148,3639
72,1898
259,4
5486,5273
1792,204
3996,4019
1131,3905
5112,2588
8307,14914
2528,272
7810,1276
4936,2362
3067,8659
6527,5950
18137,11258
2170,10363
7256,7291
243,2884
15731,12412
5031,155
5860,5864
9427,3052
115,3638
16911,7798
7258,7337
14637,16985
116,76
6205,6838
2124,569
4026,4019
5464,13219
7596,916
9251,12625
16106,6058
1104,1119
2310,2422
4514,3019
4949,8609
9784,8924
3139,1715
1100,3629
11248,6513
13579,18771
16931,7861
2354,4414
6153,5335
16522,6875
1116,3573
149,374
9307,5737
2419,12356
2089,1864
3675,3388
621,369
727,7935
4468,2270
9800,9807
13594,3214
925,780
1119,4029
16561,6988
3908,1115
85,3772
15372,4908
7146,7661
40,2309
18214,11454
4534,1577
6750,1245
17,605
39,2084
7346,1276
2248,581
3547,2829
964,1647
4670,125
2154,165
2171,6750
1865,62
3398,2706
19831,19057
246,2535
187,5338
19887,19366
916,7433
4273,839
954,1309
3915,1131
264,108
4610,5894
6368,8656
9190,964
10841,13463
4604,8523
12130,10297
4573,2794
0,35
683,3475
863,4574
4958,4325
99,4178
68,169
562,2367
1052,2002
2911,4816
9410,1088
888,847
929,848
3221,1100
3467,567
3945,1131
12187,2321
12266,3368
9779,2648
4779,4740
8672,10958
7468,3874
5298,5305
697,2942
2729,4021
6363,2431
8709,14223
867,909
2775,232
39,2218
925,4297
4940,15396
5006,4904
7427,840
3925,4047
3999,3996
1227,7079
6351,327
12514,9482
13946,4904
12601,18526
9723,3655
4487,552
1126,9656
1918,22
4001,4042
2051,11663
1826,6849
10413,17873
3438,172
16462,6712
7525,16809
5218,2693
2840,977
13,1155
39,124
116,2788
374,5298
2298,428
4,103
2334,2337
17882,10418
15714,9478
1709,787
2343,9970
1134,2542
10390,17862
13281,9775
466,1854
5094,8292
2730,58
3891,90
14400,3919
1117,94
7049,4398
215,5426
2288,8758
2300,3857
7879,16933
5615,4207
8039,2104
16469,6728
18941,14495
2532,12501
3315,3313
11214,14717
1310,10473
568,976
239,3918
428,6823
4930,10116
2401,125
11893,7054
4092,911
7094,4706
4680,1081
7260,10071
8769,4959
10228,8620
1792,17
388,227
2702,238
5054,733
4061,2729
1746,11161
6940,14038
3169,2333
1130,4247
7863,723
10436,14958
14485,3976
12258,12255
238,3851
3901,3945
4266,2380
4,237
3149,1866
403,3918
3214,13595
4066,4012
4567,1554
8173,5086
84,3384
14984,10490
251,114
404,1110
2685,1173
954,988
3323,3150
5131,10937
2160,39
1105,403
1368,10427
2294,39
3675,11711
6516,1817
9372,12957
3685,14119
7992,729
3377,3386
204,5371
875,880
10394,15082
7287,7329
18594,12828
3789,3330
6626,642
1285,8857
927,9149
2168,839
3804,1918
14373,14658
2976,3227
545,187
1049,2164
3222,250
7418,11195
732,13
1551,870
7902,12705
2178,968
10787,11751
125,2984
2190,39
3451,1241
3175,11923
2079,6624
1363,10618
13082,2852
752,2328
1081,1106
353,367
10886,7034
69,608
17350,8947
6366,4101
8134,13213
8420,11355
2764,3694
5453,9244
19993,19979
388,361
10081,5294
733,773
1920,2780
2197,1368
5,34
1125,65
1158,13
11068,3483
7738,7736
18524,12597
238,13
814,8282
3311,830
5814,14326
13476,3129
17364,9003
12887,2734
1044,2328
13293,5142
15421,4963
22,388
13,834
3327,774
3387,825
5196,169
5980,251
5357,1026
1100,2637
2640,4008
11466,13328
13493,18759
11736,2077
11708,6445
14842,19027
8610,11987
3178,1590
13892,4131
7426,1583
5086,159
246,254
6983,13845
9925,13425
1245,2210
14134,3664
15477,5430
5028,154
6057,1787
157,1902
10207,1245
3355,3357
4100,4265
8711,900
4893,3901
1288,10393
11236,18127
4858,4846
106,624
9772,1290
19962,19861
12596,17056
6729,6731
2713,857
237,2770
9087,17402
1393,14
5444,7572
1077,3915
198,563
4876,8808
5000,4148
5001,7002
7255,546
3390,3701
5400,857
107,1384
2360,12231
9114,916
153,39
818,8535
6630,10293
157,158
2760,272
6041,3482
8973,2374
17,1841
8183,757
4946,11617
5810,1105
1785,595
4016,11683
6096,13742
7820,16920
1105,4054
3426,5236
6146,273
6569,376
7880,4139
631,199
13,1318
5199,170
1136,9756
3390,2546
17152,17151
4313,14306
4035,4004
15225,4754
3214,2320
12191,18417
12759,2659
15535,15533
15497,19213
3245,13684
2101,2679
1770,11210
3047,2557
4014,4066
4253,2362
1123,4983
4022,3927
6828,428
8624,9144
353,6462
1076,441
2903,1088
179,2899
2626,56
4945,411
3141,3131
548,1453
10394,7190
3918,3954
3904,4056
2,4
1089,87
2609,237
9007,17368
4,50
1442,6806
1278,10347
2952,6992
1042,9316
16611,7132
2697,57
7258,547
6244,16218
16339,6444
17274,17275
10118,10116
16945,16053
19727,18384
1107,262
4008,4005
10326,4403
2237,9117
3626,1459
17144,8534
3398,13875
1547,2254
2173,5160
3274,11365
5318,13959
6659,403
776,687
2904,3918
7163,2380
970,930
2680,4210
3946,94
13462,18751
3397,818
17156,8544
9960,6682
3377,1105
6023,6019
5570,15873
2131,2655
2368,124
735,282
1163,5647
2154,2824
4038,4005
5302,15304
1670,11113
6061,16110
801,8449
10289,2427
4115,1219
5016,15472
2984,5725
4056,4022
5052,8713
131,4682
5059,1024
7388,2067
8255,8068
437,1756
7830,722
10626,2197
3387,3671
5410,15776
9445,4896
3388,10689
6502,13759
9974,14285
4033,4011
5050,157
5044,5038
1104,3912
3891,171
9461,11441
5380,5172
1672,397
268,607
4528,9093
8762,9188
2702,3918
7840,1036
231,725
623,17
4021,402
2944,13250
1384,115
2270,2194
2537,94
5207,1430
723,406
4522,1327
57,545
0,11
857,5324
5993,2339
7137,512
1882,2085
8010,10465
3413,896
1126,4960
4025,3904
13690,3436
3913,1219
2213,2599
4312,4900
7569,1862
2384,12280
10065,9461
13673,3240
5865,1780
3143,254
39,1844
842,2168
18314,11795
501,1875
3146,1491
3918,250
1027,1921
1526,356
18213,15126
87,545
2544,2554
1276,181
10350,7351
2805,4581
2335,2188
1285,7060
1805,3154
5485,219
7408,574
2845,2667
4018,4022
1083,3169
6797,420
577,1311
1110,4026
3020,3422
998,587
12680,3519
1075,2527
7024,7000
5336,3479
13088,11423
1330,13
9187,16641
1851,5377
13,1131
2243,505
1866,4719
1107,3913
8369,3362
114,1213
5516,5517
9017,17361
4286,1184
4600,15115
1290,587
8140,1812
426,2239
3117,2200
5357,2262
840,1290
2710,5983
6870,16517
585,17
7861,5780
15316,4870
5247,3033
5648,4131
780,7840
1360,13
696,787
2301,1799
4635,14520
403,5638
998,9231
2638,1384
8634,4949
10279,10278
5853,12642
12736,8123
722,7835
4328,14777
567,1316
12817,10182
16270,6302
2163,1276
394,4771
807,968
2197,860
18862,15117
8098,1155
2124,5485
553,2549
353,4181
1516,4848
5276,179
642,1840
3192,630
5628,4014
12412,15731
17,1788
920,1030
1128,13
2749,60
1293,80
267,6100
2177,5496
76,116
8460,9091
10629,10633
1653,3806
328,337
13,1265
56,403
7292,7299
2101,1687
11760,11762
2349,3509
6209,16195
1430,5454
4740,5430
13255,4500
17140,18027
533,7158
10977,1702
19922,19604
1560,4746
3912,1077
94,4078
624,106
3191,563
13815,3376
9355,17490
14987,10013
1100,4007
7144,5334
15325,15670
592,1322
4516,7607
12381,2431
2651,60
388,5464
11282,15520
1506,8832
1780,733
80,2867
1086,1076
6260,857
8861,10724
1573,1194
4742,4163
39,1523
753,866
438,1794
219,178
4644,595
14935,8617
17677,9907
2340,548
1285,912
11972,14627
56,2631
2535,235
3658,3947
878,753
2010,6271
4835,4512
2947,179
1111,732
2152,4634
2310,1056
4559,672
911,2364
579,871
5195,4266
13237,8409
243,5840
13842,13843
250,403
5320,3214
360,9
365,353
2440,2068
5296,376
6221,8045
6436,16335
13628,10881
2551,1118
8953,2153
11989,18364
8743,2343
7160,1090
9,691
17216,17217
15415,4959
2528,1134
9326,2169
2999,2971
7379,11751
14626,12612
1909,11450
4110,2916
6441,4786
646,753
10386,1368
4283,2844
4778,5267
5888,4610
900,1801
169,599
1079,4018
2354,954
3398,4373
5430,11868
753,61
390,9
1319,2724
2618,246
5235,258
7131,510
17951,10617
15470,5016
508,3448
3906,4025
2607,87
2477,8874
4005,4004
3070,2972
140,2463
9802,9803
18143,18142
1275,2802
1292,2217
58,1118
851,7170
4017,4014
7570,1496
1771,8833
12707,10255
10293,6630
4207,1105
3465,6884
3904,1104
979,939
4425,2496
65,3228
7247,5946
10472,17892
930,9156
1107,5820
4120,5832
10307,5747
1182,9377
234,4
8112,8087
533,71
2950,7377
8851,17286
13418,3069
80,1257
9899,2165
88,1118
4551,5237
4047,4014
7787,1322
5508,15827
6062,4335
1384,62
3438,900
322,9
5406,6690
14719,12156
13805,14445
2799,5868
16166,6166
9640,1123
1075,246
2126,672
7160,7990
68,92
4369,2163
10809,3490
1079,1119
2176,5862
4019,4036
12532,8695
13688,8383
2551,2541
1052,1925
1341,6000
4063,1110
7501,2806
14359,3892
1017,9286
453,842
4596,1573
4011,2640
4369,3102
11217,1780
5444,916
356,909
385,149
16482,6752
4426,9271
2474,227
232,92
2654,1326
787,314
916,7140
3679,4503
9,20
6437,6440
642,1653
6583,5511
14898,19045
16803,7517
3907,2640
7963,16958
8381,10301
3323,6561
5138,5131
1496,252
10329,4327
17438,9196
1041,2301
764,303
325,2885
2102,11551
18138,12805
361,6514
772,8300
2897,1434
340,6391
13,1078
1558,349
16143,6131
873,246
363,144
3415,84
4122,3918
5032,167
5152,11603
930,4163
3600,5499
10121,1530
3051,6223
19981,19997
5071,1815
5607,14627
8529,8859
11485,1921
8054,5368
10829,8972
163,5159
3186,3415
53,103
1105,1131
606,252
12375,2429
4004,4047
13040,17341
1607,6253
3541,2825
17873,10413
17601,9725
22,1921
4949,9150
2305,2619
9643,1124
2274,1054
89,1453
8087,8110
18047,10943
2729,4078
16653,16567
10308,3234
96,1089
10510,10508
1259,258
39,2275
1415,17
2962,115
4694,3154
8524,3388
7043,16183
10059,9296
4243,3632
1542,731
7,458
13613,3216
10201,1243
3131,5936
3814,2960
13,1212
5713,2729
10427,10631
11160,10216
563,1844
2192,998
1841,17
15199,9843
1097,2717
94,4025
1291,5966
553,3785
7277,4871
12747,3482
3214,8041
7266,548
115,4313
1737,11156
18827,18237
116,751
6578,16389
7287,7252
3472,1102
1011,1603
1453,1948
9321,7623
8001,2808
13932,5978
71,227
16581,17579
635,2255
64,3220
15793,5455
10387,6105
17,930
3329,3453
903,757
1383,2148
5810,2638
1415,151
12378,2430
10341,2727
2013,1763
3747,7349
10020,5530
13,407
3115,2154
1105,2554
14998,13478
2937,5265
8699,3496
24,7
6980,8798
12207,3487
6,367
238,3908
3915,3900
1248,2081
155,2153
3039,65
3908,2729
16132,6210
19529,19531
9124,5365
10430,2368
3389,11963
2579,80
9476,1094
9653,1922
12318,7640
6733,411
19258,19870
929,234
376,2502
1116,60
15293,6579
1573,6163
2838,2411
2426,12266
4030,4008
2091,1430
8008,730
15228,15229
17,125
5149,4568
7990,1090
7095,3429
7797,3701
1852,6517
14711,14710
740,8067
7495,4302
15244,19145
11441,10346
2577,542
15147,4660
579,13
3185,10978
1076,819
3947,4131
86,80
3566,14053
2529,2945
2508,12456
6441,15821
438,2225
6288,303
8034,3240
1244,10202
7796,7798
14582,4100
12491,5824
3642,5188
1536,5126
1939,635
5517,3809
6992,1587
235,553
2552,81
5188,4307
2724,1319
4771,13818
6793,6073
10232,4207
1950,11532
14966,11795
116,80
1143,4084
3366,3977
8144,752
8466,803
5865,16011
2378,8037
11901,13313
3326,4578
13374,6292
14320,17282
4587,118
1278,1276
2867,9891
1164,1174
12690,2627
6215,6217
13546,3551
17257,8789
9583,10335
438,6897
2558,3659
1920,11481
6736,412
6591,5915
9880,15402
1119,4033
1291,1107
2461,693
40,2313
5831,9610
9637,1122
13214,3162
5373,1562
3148,842
4301,821
823,8586
3892,14357
1081,4680
66,501
2705,272
1110,3920
2149,2269
4203,9523
5931,1331
445,6913
13,86
3007,610
567,1426
2184,8679
4930,4375
212,5399
15100,4574
3937,3927
329,322
8642,17193
15674,16180
1201,251
3635,14142
4516,9461
9003,10002
187,5342
1326,5615
11015,1569
15508,13444
4405,3214
18577,12799
8808,866
4656,581
2197,1909
2154,4491
5261,6582
16008,5853
4464,10210
6061,4945
6938,11634
4065,1079
61,1446
324,328
384,379
843,4865
1261,4624
3214,1438
13,1375
6990,4627
3667,10051
2609,4482
4008,3928
10116,4516
556,7252
1277,4568
9773,1144
11448,18201
3169,914
825,8608
1112,9604
8620,17188
9952,8996
6046,3482
733,159
17,743
411,108
2068,2064
2448,2285
12520,3639
14910,4426
331,344
3999,4000
3997,3927
3670,2778
426,2833
10152,7714
371,682
11312,2448
5274,11489
2397,12304
1238,267
1249,10225
2168,1864
776,8315
1826,437
6776,2954
4948,1116
3712,13742
5537,11310
4651,6787
821,4301
1170,8619
1910,2013
325,6349
834,8670
4673,130
12694,8491
2809,2799
4960,1126
156,878
2900,2163
11061,2987
4025,94
3629,94
17553,10331
16341,19379
3907,4010
5663,1219
1442,7213
10182,12817
3398,1100
108,56
545,57
1807,11283
696,226
899,3029
508,6591
7079,1019
2614,237
688,7690
5270,3395
65,2049
545,3440
428,6827
4055,94
18836,13924
8733,6087
16678,7256
202,68
5141,13538
11163,14352
4436,11305
3902,6645
7725,1544
4798,7722
1851,628
10696,4528
4054,4006
2743,243
387,6
4113,10248
2162,2183
5004,8729
10052,1201
15649,5249
4,241
3214,13599
4195,6116
10569,17935
2947,13255
3725,3723
60,2994
1679,494
2300,3056
3,16
541,7239
3325,3981
7265,1909
563,5308
57,2696
10769,17996
2225,438
1829,438
571,2917
939,869
10118,10307
10163,5354
1236,9723
1276,4426
13464,14666
9818,1155
4006,1117
79,3394
1316,4764
9991,5247
708,1875
1121,1290
9577,9579
19979,19927
19074,17606
5270,5973
6788,415
3909,403
5842,15998
9875,14871
1040,5997
2251,5392
68,202
106,494
4058,3909
2633,3996
4209,106
5260,2252
494,2296
1077,402
3233,3237
15215,4741
774,4565
2654,1086
2805,7671
866,1121
6554,369
4465,6892
2035,9150
7821,11939
3701,80
925,947
1642,10387
1317,239
7805,2546
1076,1116
1143,3092
4027,250
4054,1107
13001,12666
6862,1653
1141,13
1275,13
7715,1340
10576,10380
18991,14696
5273,2083
741,79
1606,1281
1902,111
2640,4012
12047,2202
9470,9466
3935,4044
4736,10711
848,1639
2300,157
19338,19880
6271,2124
3724,7015
1680,8585
1817,11300
585,2168
179,1480
1316,7342
8190,2737
3067,12343
39,157
438,428
6097,1190
572,428
171,84
1305,13
250,1131
2215,234
6870,2803
1075,9350
10118,4375
94,4001
913,4104
9662,1126
567,3467
1176,542
15117,18862
2239,39
3115,1430
8612,4308
12313,4694
4525,2166
1161,1173
72,455
237,2774
2895,13175
3065,11866
11369,1856
12947,2765
8475,812
689,2117
7358,1052
121,2599
410,450
6451,2068
11310,2215
1581,9114
1335,13
1075,840
2252,1405
954,9181
1073,13
2537,4018
5453,8793
8609,4949
3244,2190
4068,2637
3639,4409
1514,4859
6367,16303
1120,3242
526,783
784,3293
818,8539
5670,14685
1219,3221
214,696
303,2431
928,39
1709,604
2127,363
4189,14648
17,1845
2221,6414
4131,5810
65,573
8744,5524
16677,9342
3112,169
7155,3702
2101,4777
2533,4434
1103,13
726,3473
9884,5618
2942,697
13,1322
2224,646
2200,60
4865,1052
8585,1680
8654,1285
11706,2723
16335,19377
647,6563
8560,869
363,388
12136,8134
10424,1583
1291,3632
338,331
11194,16511
3226,13638
998,2067
7796,3102
303,1276
504,3252
1453,5091
727,4987
3045,236
6945,1017
7757,895
10155,1543
733,3489
982,783
11957,11959
16809,7525
19971,19903
849,631
238,2729
835,733
8620,8625
11079,1635
3904,4060
17682,10308
7529,1418
1925,363
12950,2766
19713,18332
2537,1119
4720,15199
3920,4004
15981,5801
4,54
3044,169
4646,2418
203,5367
2173,842
4117,2074
5548,10103
3996,3999
6522,2203
3490,5359
10002,9006
2294,2300
57,65
8695,12532
4237,4061
2886,5595
10099,1210
9832,7282
6401,341
16017,9780
2540,262
1290,9772
19335,16063
1116,9619
3723,4779
2267,4799
3227,6827
15705,6283
283,4
2540,10061
13182,2900
401,6641
2903,287
7575,16823
1041,585
1543,8151
11904,12082
10763,11174
787,5364
1959,1421
776,7457
3546,3547
16613,16607
5705,237
801,8453
1940,2310
14777,4328
4482,14980
563,7349
12072,2217
12132,2268
12175,7068
938,56
542,56
3293,68
280,56
1453,9547
1842,5158
3139,12433
10343,14910
13344,3019
15945,19302
3388,10693
8632,825
917,118
60,2941
9036,3160
1775,149
15970,5776
4010,4031
3426,3980
11709,6487
8135,8128
2113,144
16116,19342
7293,7287
753,2346
2201,12042
3323,68
13684,3245
4135,3918
12994,2798
6946,763
8121,6917
2623,12674
9807,9803
60,847
9029,2339
12255,12258
2374,858
10665,3418
15646,5248
17081,8323
140,4748
238,1119
4008,1110
6329,2292
6451,3975
19881,19339
11483,10466
1504,975
0,15
10896,10898
2080,2074
5249,5043
3826,9175
5657,4114
2071,268
851,3039
1823,11308
1687,3311
6112,7138
592,7474
8352,784
14871,9574
4475,13004
191,4686
7419,579
9738,7350
17,369
4027,14534
1173,57
6257,1076
367,1879
11655,18278
3221,1080
1321,10508
13083,3378
4038,1110
7361,7929
2203,2265
2149,11828
1645,3435
3013,1316
19798,18873
4114,1105
1787,1798
39,2198
199,201
5204,2425
6730,7308
1119,1110
7138,7133
10830,4959
9792,11908
10470,8588
1110,4030
2820,5058
4367,238
8116,5768
5222,752
165,2310
8800,12062
3633,3626
402,3943
5453,12928
1757,11196
4352,115
4164,818
1793,1993
18203,13257
3339,12978
5216,8262
2859,5171
13,1135
8934,16199
5107,13230
3214,4581
2636,403
5216,15617
6112,16132
