node_id,cluster_label,longitude,latitude
0,4,-79.96413,40.46707
1,4,-80.03008,40.405075
2,4,-80.030235,40.40527
3,2499,-115.13902,36.088516
4,4,-79.91414,40.41097
5,4,-80.016235,40.452145
6,2499,-80.01567,40.446617
7,4,-80.0353,40.396107
8,4,-80.00022,40.44389
9,4,-79.93392,40.450867
10,0,-111.84253,33.303234
11,4,-80.01507,40.432384
12,1,-80.00207,40.442333
13,4,-80.00206,40.44228
14,4,-79.95194,40.482704
15,4,-80.00646,40.410748
16,2,-79.95116,40.482693
17,4,-79.99644,40.44395
18,3,-79.964424,40.462208
19,2499,-79.98752,40.449078
20,4,-79.96442,40.46705
21,4,-79.96811,40.427372
22,5,-79.95074,40.449978
23,4,-79.93078,40.456436
24,4,-79.99644,40.44395
25,4,-79.92399,40.461506
26,2499,-79.91887,40.474888
27,4,-80.00276,40.441036
28,6,-79.9645,40.42877
29,4,-80.01768,40.437695
30,4,-80.002556,40.442036
31,4,-80.083626,40.409744
32,7,-80.085175,40.408142
33,4421,-79.98428,40.428955
34,4,-80.022095,40.446785
35,4,-79.922386,40.438145
36,4,-80.01325,40.45561
37,4,-79.998695,40.443043
38,837,-112.12811,33.511147
39,4,-79.965256,40.42789
40,4,-79.99644,40.44395
41,4,-79.94251,40.465073
42,4,-80.01676,40.4521
43,4,-79.96167,40.469063
44,4,-79.95207,40.482334
45,4,-79.9645,40.42877
46,4,-79.98313,40.45194
47,2499,-80.001686,40.432
48,2499,-79.93144,40.45926
49,8,-115.17086,36.10993
50,4,-79.932846,40.451576
51,4,-79.930214,40.4565
52,4,-79.91717,40.402855
53,2499,-115.17028,36.12229
54,9,-79.92267,40.437866
55,4,-80.00288,40.44139
56,4,-79.91776,40.407154
57,4,-79.97939,40.428425
58,4,-79.93412,40.450737
59,4,-79.964424,40.462208
60,4,-79.92316,40.433384
61,4,-79.98941,40.448463
62,4,-80.00222,40.440998
63,2499,-79.942276,40.458267
64,4,-79.93257,40.46445
65,4,-79.91957,40.475876
66,4,-80.026,40.397964
67,4,-80.01768,40.437695
68,4,-80.036804,40.39289
69,4,-79.91526,40.409435
70,4,-79.916985,40.40682
71,2499,-79.93144,40.45926
72,4,-79.90444,40.490192
73,4,-79.950676,40.462757
74,4,-79.8921,40.438145
75,4,-79.972694,40.428196
76,4,-79.87027,40.4041
77,4,-79.982285,40.4275
78,837,-112.02849,33.510426
79,2499,-80.04418,40.381416
80,10,-80.00034,40.4436
81,4,-79.91558,40.481033
82,6644,-115.17524,36.116566
83,4,-79.95811,40.440765
84,4,-79.89309,40.489143
85,4,-79.98332,40.451687
86,4,-79.914185,40.409294
87,2499,-79.954216,40.454754
88,837,-112.01317,33.59627
89,4,-79.99717,40.44379
90,4,-79.998695,40.443043
91,4,-79.96025,40.470783
92,4,-79.9718,40.42813
93,4,-79.99297,40.4393
94,4,-79.982544,40.42897
95,4,-79.914185,40.409294
96,4,-79.94908,40.445145
97,4,-79.914185,40.409294
98,4,-80.001625,40.430992
99,4,-79.98941,40.448463
100,4,-79.96906,40.42741
101,4,-79.9828,40.429
102,4,-79.95151,40.482456
103,4,-79.983246,40.451347
104,4,-79.98436,40.451965
105,4,-111.934975,33.422768
106,11,-79.9166,40.407173
107,12,-79.9521,40.46299
108,13,-80.01085,40.445976
109,2499,-80.84722,35.08597
110,4,-79.94642,40.454704
111,4,-79.96444,40.46709
112,4,-79.98436,40.451965
113,14,-79.98155,40.452496
114,2499,-79.98436,40.451965
115,4,-79.925606,40.45962
116,4,-79.9645,40.42877
117,4,-115.1068,36.071945
118,4,-79.95799,40.47511
119,4,-79.98048,40.453846
120,4,-79.99621,40.441677
121,4,-80.002556,40.442036
122,4,-79.863625,40.387585
123,2499,-79.983574,40.428703
124,15,-79.987976,40.438454
125,4,-79.96413,40.46707
126,4,-79.92512,40.460213
127,4,-79.91526,40.409435
128,4,-79.98752,40.449078
129,4,-79.919624,40.475475
130,4,-79.985664,40.450237
131,4,-79.93418,40.45137
132,4,-79.984215,40.451656
133,4,-79.98423,40.45088
134,4,-80.000854,40.440094
135,4,-79.987144,40.42891
136,2499,-79.9573,40.440845
137,4,-80.002556,40.442036
138,2499,-115.17028,36.12229
139,2499,-3.194447,55.94859
140,4,-79.9909,40.3783
141,4,-79.916985,40.40776
142,4,-80.00225,40.443245
143,4,-80.05255,40.380295
144,4,-80.087326,40.408043
145,4,-79.941574,40.443504
146,4,-80.00206,40.44228
147,4,-79.98436,40.451965
148,2499,-79.93151,40.455765
149,2499,-79.98096,40.42488
150,6644,-115.14637,36.124424
151,16,-115.2249,36.047733
152,4,-79.98177,40.42936
153,4,-79.94851,40.44518
154,4,-79.92414,40.41547
155,4,-79.99621,40.441677
156,4,-79.932846,40.451576
157,2499,-115.172295,36.127068
158,4,-80.85719,35.217
159,4,-79.9718,40.42813
160,2499,-79.91776,40.407154
161,4,-79.96107,40.46497
162,4,-79.92406,40.46296
163,4,-79.93273,40.451626
164,4,-79.92274,40.43773
165,4,-115.16961,36.121452
166,4,-79.958595,40.441628
167,4,-79.99561,40.44443
168,4,-79.99704,40.444035
169,4,-79.93318,40.451622
170,4,-79.93277,40.451347
171,17,-80.00645,40.441727
172,4,-80.00206,40.44228
173,4,-79.95882,40.472134
174,4,-79.923256,40.433247
175,2499,-80.944046,35.220543
176,4,-80.05209,40.357212
177,18,-80.00471,40.44087
178,4,-79.99343,40.42161
179,4,-79.96616,40.46457
180,2499,-80.01567,40.446617
181,19,-79.98017,40.428875
182,4,-79.98752,40.449078
183,4,-79.95315,40.442776
184,2499,-79.91414,40.41097
185,4,-79.91414,40.41097
186,20,-79.95889,40.47313
187,6644,-112.074005,33.511208
188,21,-79.923256,40.433247
189,4,-79.96025,40.470783
190,22,-79.92851,40.422665
191,2499,-79.957695,40.441357
192,4,-79.97418,40.48139
193,23,-79.929634,40.457104
194,4,-115.141884,36.16918
195,2499,-79.99168,40.446476
196,4,-79.92549,40.45775
197,837,-111.931946,33.65794
198,4,-80.00213,40.441063
199,4,-79.95257,40.45219
200,24,-79.9645,40.42877
201,4,-79.91584,40.407356
202,4,-79.93318,40.451622
203,4,-3.1784391,55.96251
204,25,-111.89859,33.490013
205,4,-79.95315,40.442776
206,4,-79.91949,40.437904
207,4,-79.96025,40.470783
208,2499,-89.32856,43.114677
209,2499,-79.94735,40.439247
210,26,-79.91691,40.444294
211,4,-79.89327,40.432114
212,4,-79.98436,40.451965
213,4,-80.02202,40.394928
214,27,-115.1736,36.101585
215,4,-79.9645,40.42877
216,2499,-79.95116,40.482693
217,4,-79.951584,40.463028
218,28,-80.87767,35.16961
219,4,-79.98436,40.451965
220,2499,-79.982285,40.453495
221,4,-112.04739,33.4692
222,29,-79.91809,40.40888
223,4,-79.95085,40.450356
224,837,-79.91809,40.40888
225,30,-80.03463,40.368717
226,31,-80.030235,40.40527
227,32,-79.984215,40.451656
228,4,-79.91809,40.40888
229,4,-79.932846,40.451576
230,2499,-80.007355,40.429844
231,4,-79.951584,40.463028
232,837,-111.92074,33.414455
233,4,-79.95488,40.444458
234,4,-79.89309,40.489143
235,4,-79.959946,40.470768
236,4,-79.965004,40.46577
237,4,-79.98436,40.451965
238,4,-79.990425,40.42921
239,4,-79.90072,40.489098
240,4,-80.84511,35.238907
241,4,-79.92316,40.43529
242,6021,-73.56935,45.505585
243,4,-79.98048,40.453846
244,4,-79.95025,40.46263
245,4,-79.95474,40.46565
246,4,-79.92206,40.46518
247,4,-79.95315,40.442776
248,4,-79.918976,40.407063
249,4,-79.98752,40.449078
250,4,-79.99589,40.440624
251,4,-79.97943,40.42843
252,4,-79.96107,40.46497
253,4,-79.920525,40.476177
254,4,-79.95194,40.482704
255,4,-79.95984,40.471222
256,4,-79.91687,40.457184
257,2499,-79.95085,40.450356
258,33,-79.96398,40.467052
259,4,-79.96863,40.427723
260,4,-79.89384,40.432022
261,4,-79.96398,40.467052
262,4,-79.897575,40.43961
263,34,-79.97601,40.42828
264,4,-79.94976,40.46255
265,4,-79.95752,40.441025
266,4,-79.96863,40.427723
267,4,-79.948845,40.461327
268,4,-79.95116,40.482693
269,4,-79.98752,40.449078
270,35,-79.920425,40.475708
271,36,-79.94918,40.462025
272,37,-79.94899,40.463673
273,4,-79.91949,40.437904
274,4,-79.92549,40.45775
275,4,-79.8921,40.438145
276,4,-79.922615,40.43519
277,4,-79.910034,40.457474
278,2499,-79.99823,40.44394
279,4,-79.94771,40.461185
280,4,-79.96398,40.467052
281,4,-79.92303,40.4378
282,4,-79.928955,40.457478
283,4,-79.922806,40.434963
284,4,-79.93161,40.463947
285,4,-79.916855,40.457188
286,4,-79.95889,40.47313
287,4,-80.00175,40.439552
288,4,-79.92399,40.461506
289,2499,-79.986626,40.428585
290,4,-80.00653,40.45588
291,2499,-79.96107,40.46497
292,4,-73.57175,45.50858
293,4,-79.96666,40.428066
294,4,-79.95356,40.441143
295,4,-79.91887,40.474888
296,2499,-73.71221,45.464886
297,4,-79.98752,40.449078
298,4,-79.92145,40.437847
299,4,-79.920425,40.475708
300,4,-79.98017,40.428875
301,4,-79.98436,40.451965
302,38,-79.92069,40.43795
303,4,-79.964424,40.462208
304,4,-80.00749,40.43071
305,4,-79.91887,40.474888
306,4,-79.91691,40.444294
307,4,-79.98436,40.451965
308,39,-80.00207,40.442333
309,4,-79.92968,40.45854
310,2499,-79.92535,40.45992
311,4,-79.982285,40.4275
312,4,-79.92512,40.458225
313,40,-79.984215,40.451656
314,4,-79.915375,40.456963
315,2499,-79.925514,40.45839
316,4,-80.01692,40.44596
317,4,-79.982285,40.4275
318,4,-79.92337,40.432606
319,4,-79.91953,40.437683
320,4,-79.948654,40.44551
321,4,-79.951584,40.463028
322,41,-79.89309,40.489143
323,4,-79.92548,40.457867
324,4,-80.00214,40.440178
325,2499,-79.93144,40.45926
326,4,-79.890175,40.426777
327,4,-79.92427,40.459957
328,4,-79.92303,40.4378
329,4,-79.981476,40.454384
330,4,-79.92844,40.458138
331,4,-79.957695,40.441357
332,4,-79.94882,40.44453
333,4,-79.95547,40.43905
334,4,-79.93144,40.45926
335,4,-79.934166,40.452217
336,4,-79.931335,40.455956
337,42,-79.96413,40.46707
338,43,-79.93144,40.45926
339,4,-79.91691,40.444294
340,2499,-80.72597,35.3747
341,4,-79.919624,40.475475
342,4,-79.95074,40.449978
343,4,-79.951584,40.463028
344,4,-79.91968,40.437767
345,4,-79.99588,40.443745
346,4,-79.91971,40.475437
347,4,-79.89309,40.489143
348,2499,-80.030235,40.40527
349,4,-79.92274,40.43773
350,4,-79.948685,40.445557
351,4,-79.98181,40.452312
352,4,-79.92472,40.45992
353,4,-79.93418,40.45137
354,4,-89.39556,43.07282
355,4,-79.93054,40.456394
356,4,-79.950676,40.462757
357,4,-79.923164,40.43582
358,4,-79.95789,40.474514
359,2499,-79.973274,40.427086
360,4,-79.8916,40.486923
361,4,-73.58842,45.52115
362,2499,-79.9645,40.42877
363,4,-79.932846,40.451576
364,2499,-80.00206,40.44228
365,44,-79.92549,40.45775
366,45,-79.93342,40.46478
367,6644,-115.17038,36.119
368,5796,-79.92308,40.43384
369,4,-79.985596,40.450268
370,4,-79.982796,40.45218
371,231,-79.94817,40.444683
372,4,-80.02202,40.394928
373,4,-79.94908,40.445145
374,4,-80.00111,40.443146
375,4,-79.949425,40.461876
376,4,-79.915695,40.410007
377,4,-80.00219,40.440994
378,4,-79.99823,40.44394
379,4,-79.94854,40.461113
380,4,-79.98665,40.448902
381,4,-79.93174,40.451565
382,4,-79.94871,40.461205
383,4,-79.92883,40.45851
384,46,-79.922806,40.437218
385,4,-79.92883,40.45851
386,47,-79.98752,40.449078
387,4,-79.98552,40.42858
388,4,-80.03473,40.39601
389,2499,-79.96576,40.42645
390,4,-79.92319,40.43728
391,4,-79.950005,40.462513
392,681,-89.39203,43.075047
393,4,-79.99561,40.44443
394,48,-79.93257,40.46445
395,4,-79.92406,40.46296
396,4,-79.96167,40.469063
397,49,-79.89309,40.489143
398,4,-79.93326,40.451096
399,4,-111.87436,33.336075
400,2499,-111.92548,33.50108
401,4,-80.000854,40.440094
402,4421,-115.32508,36.124886
403,4,-73.57754,45.516373
404,4,-79.95074,40.449978
405,4,-79.91892,40.484554
406,50,-79.95116,40.482693
407,2499,-79.93493,40.451115
408,51,-79.948654,40.44551
409,837,-112.0037,33.49516
410,4,-80.00618,40.44055
411,4,-79.971985,40.47886
412,4,-79.99644,40.44395
413,4,-79.96665,40.426003
414,4,-80.04446,40.38019
415,4,-80.00104,40.443207
416,52,-79.93257,40.46445
417,53,-79.96413,40.46707
418,4,-79.973724,40.458508
419,54,-79.91957,40.475876
420,4,-79.94908,40.445145
421,2499,-79.96179,40.46951
422,4,-80.00213,40.441063
423,4,-115.173874,36.109753
424,4,-80.00199,40.44066
425,63,-79.92282,40.437557
426,4,-79.983116,40.42868
427,55,-80.01998,40.438732
428,4,-79.92427,40.459957
429,4,-79.961075,40.46995
430,56,-80.0025,40.4428
431,4,-79.987144,40.42891
432,57,-79.9248,40.458138
433,4,-79.922386,40.438145
434,4,-79.99717,40.44379
435,58,-79.9248,40.458138
436,4,-79.91991,40.43825
437,4,-79.96535,40.42841
438,4,-79.96616,40.46457
439,59,-79.91949,40.437904
440,4,-79.902275,40.446587
441,4,-79.95593,40.465305
442,60,-79.94251,40.465073
443,61,-73.57783,45.498096
444,4,-80.002556,40.442036
445,4,-80.00219,40.440994
446,4,-79.98286,40.45149
447,4,-79.98281,40.45192
448,4,-79.9828,40.429
449,4,-80.852196,35.2195
450,4,-79.955475,40.47894
451,4,-79.99732,40.442425
452,4,-80.00206,40.44228
453,4,-79.97333,40.428215
454,62,-79.95815,40.441235
455,4,-79.998695,40.443043
456,2499,-79.96897,40.426804
457,2499,-79.96055,40.4705
458,4,-79.97939,40.428425
459,63,-79.98155,40.452496
460,64,-79.986626,40.428585
461,6644,-79.93277,40.451347
462,65,-79.94952,40.452778
463,2499,-115.139786,36.169167
464,4,-79.960045,40.470577
465,4,-80.016235,40.452145
466,66,-79.921364,40.438347
467,4,-79.893654,40.43257
468,67,-79.92497,40.46028
469,4,-80.002945,40.441032
470,4,-79.98752,40.449078
471,4,-79.92393,40.428913
472,4,-79.95474,40.46565
473,4,-80.00222,40.440998
474,4,-80.03786,40.392197
475,4,-80.01507,40.432384
476,4,-79.93539,40.464485
477,4,-79.95574,40.465664
478,2499,-80.012184,40.45715
479,2499,-80.002335,40.4438
480,68,-89.42806,43.057484
481,4,-79.98752,40.449078
482,4,-80.0025,40.4428
483,4,-79.985535,40.45074
484,4,-79.93359,40.451363
485,4,-79.99343,40.42161
486,69,-79.982285,40.453495
487,4,-79.925354,40.457256
488,5796,-79.91447,40.45037
489,4,-79.99732,40.442425
490,4,-79.96398,40.467052
491,4,-79.98436,40.451965
492,70,-115.28963,36.16418
493,71,-79.93487,40.451096
494,4,-79.90329,40.48958
495,4,-79.91687,40.457184
496,2499,-115.16578,36.128788
497,6644,-111.933,33.502594
498,4,-79.96025,40.470783
499,72,-79.98391,40.450836
500,4,-79.95207,40.482334
501,4,-80.00471,40.44087
502,2499,-79.99621,40.441677
503,4,-79.959724,40.47121
504,4,-79.983116,40.42868
505,2499,-80.826164,35.213642
506,2499,-111.94497,33.462166
507,4,-79.95315,40.442776
508,73,-79.96424,40.466614
509,4,-79.920105,40.43814
510,4,-79.957184,40.441933
511,74,-79.99621,40.441677
512,2499,-79.929634,40.457104
513,4,-79.96313,40.472446
514,4,-79.92548,40.457867
515,4,-79.98444,40.451694
516,2499,-79.98357,40.45203
517,4,-79.95736,40.44166
518,4,-79.922386,40.438145
519,4,-79.97796,40.428345
520,75,-79.97356,40.428085
521,76,-79.925316,40.458282
522,4,-80.00749,40.43071
523,4,-79.95356,40.441143
524,77,-115.14294,36.16929
525,4,-79.95531,40.43892
526,2499,-115.16937,36.121815
527,78,-79.94908,40.445145
528,4,-79.943665,40.458393
529,79,-79.97932,40.42843
530,4,-80.00222,40.440998
531,4,-79.95589,40.41151
532,4,-79.984474,40.428696
533,4,-79.92548,40.457867
534,4,-79.982414,40.370575
535,4,-80.00109,40.3578
536,80,-79.950165,40.461956
537,81,-80.00206,40.44228
538,4,-79.98075,40.42899
539,4,-79.99703,40.43993
540,4,-80.03473,40.39601
541,6644,-80.0193,40.438557
542,4,-79.93412,40.450737
543,196,-79.932846,40.451576
544,82,-79.99031,40.43877
545,4,-79.9825,40.451843
546,83,-79.99343,40.42161
547,84,-79.910194,40.407707
548,6644,-115.176575,36.091194
549,4421,-115.300606,36.145565
550,4,-79.92549,40.45775
551,4,-80.001366,40.453133
552,4,-80.000854,40.44253
553,85,-79.982864,40.428665
554,2499,-80.80862,35.14697
555,4,-79.99343,40.42161
556,86,-79.99343,40.42161
557,4,-79.96313,40.472446
558,4,-80.00263,40.443108
559,4,-79.99621,40.441677
560,4,-80.73764,35.140625
561,2499,-115.168465,36.11533
562,837,-79.92337,40.432606
563,4,-80.01478,40.457016
564,4,-79.99561,40.44443
565,87,-79.97333,40.428215
566,681,-89.30716,43.128033
567,4,-80.001366,40.453133
568,4,-79.97488,40.481285
569,4,-79.95889,40.47313
570,4,-80.04473,40.380947
571,4,-79.98222,40.429028
572,88,-80.02124,40.43906
573,2499,-79.99933,40.438957
574,4,-79.92325,40.429653
575,4,-79.93318,40.451622
576,2499,-115.13661,36.10305
577,4,-79.97601,40.42828
578,4,-80.07081,40.390697
579,4,-79.98177,40.42936
580,5,-79.94908,40.445145
581,2499,-79.99031,40.43877
582,4,-80.019066,40.46217
583,4,-79.95315,40.442776
584,4,-79.92275,40.433178
585,4,-79.959946,40.470768
586,4,-80.03463,40.368717
587,89,-79.96906,40.42741
588,4,-79.92856,40.457752
589,90,-80.017494,40.451614
590,2499,-79.91892,40.484554
591,4,-79.95151,40.482456
592,2499,-79.957695,40.441357
593,2499,-73.58842,45.52115
594,2499,-80.00259,40.44029
595,2499,-112.006714,33.435715
596,4,-79.913895,40.45003
597,4,-79.96413,40.46707
598,4,-80.00382,40.44658
599,681,-79.94959,40.44351
600,4,-79.887955,40.41757
601,4,-111.92917,33.36505
602,91,-80.00217,40.44336
603,837,-112.01291,33.39068
604,2499,-89.41037,43.069317
605,2499,-89.34581,43.136467
606,4,-80.01645,40.452095
607,4,-80.00531,40.434353
608,92,-79.984215,40.451656
609,4,-80.00224,40.45336
610,4,-79.95074,40.449978
611,2499,-73.55553,45.50283
612,4,-115.18697,36.115337
613,93,-80.02124,40.43906
614,94,-79.96404,40.464306
615,4,-79.920105,40.43814
616,4,-79.95421,40.43802
617,6644,-112.27275,33.46457
618,4,-79.96041,40.445045
619,4,-80.00618,40.44055
620,6644,-115.16901,35.965446
621,6644,-115.151115,36.131237
622,2499,-115.17234,36.11635
623,2499,-112.006714,33.435715
624,4,-80.00245,40.440094
625,2499,-115.19083,36.13164
626,2499,-89.41037,43.069317
627,4,-80.007645,40.446323
628,4,-80.04459,40.38108
629,4,-79.99621,40.441677
630,4,-79.964424,40.462208
631,4,-80.030235,40.40527
632,4,-80.03463,40.368717
633,2499,-115.17054,36.10259
634,4,-79.98314,40.429054
635,2499,-89.52305,43.086346
636,2499,-80.8474,35.22155
637,4,-79.893654,40.43257
638,4,-115.17751,36.117035
639,95,-79.921555,40.43789
640,4,-79.983246,40.451347
641,2499,-115.16875,36.11044
642,4,-80.02168,40.394596
643,4,-80.030334,40.412716
644,96,-79.950676,40.462757
645,2499,-111.95493,33.407665
646,4,-80.040665,40.3899
647,4,-80.040665,40.3899
648,4,-79.982414,40.370575
649,97,-79.94451,40.465397
650,4,-80.029106,40.36062
651,4,-79.960434,40.470474
652,4,-79.97118,40.428535
653,4,-80.04091,40.389732
654,98,-80.083626,40.409744
655,99,-112.01323,33.47383
656,2499,-73.55172,45.509388
657,4,-79.95151,40.482456
658,4,-79.99588,40.443745
659,2499,-79.98286,40.45149
660,2499,-115.17935,36.10703
661,2499,-80.84224,35.22734
662,4,-79.93818,40.455875
663,4,-111.99778,33.451496
664,4,-80.029106,40.36062
665,4,-79.96398,40.467052
666,2499,-73.55482,45.507256
667,100,-80.00207,40.442333
668,4,-79.964424,40.462208
669,2499,-80.007355,40.429844
670,4,-79.94959,40.44351
671,4,-80.03473,40.39601
672,4,-79.94882,40.44453
673,4,-79.98572,40.45021
674,4,-79.96413,40.46707
675,2499,-80.03473,40.39601
676,6644,-80.03473,40.39601
677,4,-111.92621,33.53352
678,4,-79.98155,40.452496
679,101,-79.981964,40.452106
680,102,-80.04481,40.38051
681,4,-79.98436,40.451965
682,4,-80.05209,40.357212
683,4,-79.93257,40.46445
684,4,-80.083626,40.409744
685,2499,-80.03473,40.39601
686,4,-80.03473,40.39601
687,4,-80.03473,40.39601
688,103,-80.083626,40.409744
689,4,-79.99645,40.444443
690,4,-79.98017,40.428875
691,4,-79.99703,40.43993
692,2499,-115.13717,36.082092
693,104,-88.24386,40.11981
694,4,-79.91953,40.437683
695,2499,-89.396385,43.07487
696,4,-79.948654,40.44551
697,105,-111.92427,33.492287
698,4,-79.89372,40.432198
699,2499,-73.574394,45.52221
700,4,-79.93342,40.46478
701,4,-79.943665,40.458393
702,4,-79.934555,40.45127
703,2499,-89.3908,43.075417
704,4,-79.98428,40.45059
705,4421,-115.16876,36.12438
706,4,-79.92406,40.46296
707,4,-79.97433,40.428185
708,6644,-112.006714,33.435715
709,2499,-79.99644,40.44395
710,2499,-112.006714,33.435715
711,106,-73.57112,45.5095
712,4,-79.97939,40.428425
713,4,-79.92282,40.437557
714,4,-79.97943,40.42843
715,4,-79.93016,40.456738
716,4,-79.94854,40.461113
717,4,-79.94854,40.461113
718,4,-79.93418,40.45137
719,4,-79.95193,40.451126
720,107,-79.98642,40.449768
721,108,-79.91953,40.437683
722,109,-80.006966,40.430885
723,4421,-115.20959,36.12621
724,4,-79.93318,40.451622
725,110,-79.928535,40.422592
726,111,-79.922714,40.436256
727,112,-79.923164,40.43582
728,4,-115.17618,36.115856
729,4,-79.99732,40.442425
730,4,-79.96404,40.464306
731,113,-79.93418,40.45137
732,114,-79.921364,40.438347
733,115,-80.00206,40.44228
734,6644,-115.17484,36.069973
735,4,-79.9828,40.429
736,4,-80.07027,40.39229
737,2499,-115.1702,36.102898
738,4,-80.03515,40.395508
739,2499,-115.170906,36.103455
740,2499,-80.81229,35.22058
741,4,-80.817314,35.221336
742,2499,-115.169655,36.12119
743,116,-80.01507,40.432384
744,4,-79.96424,40.466614
745,4,-79.96665,40.426003
746,4,-79.94251,40.465073
747,2499,-115.16961,36.121456
748,6644,-111.99831,33.30397
749,4,-79.965256,40.427906
750,117,-73.57754,45.516373
751,4,-79.95116,40.482693
752,4,-80.00229,40.441166
753,4,-79.920525,40.476177
754,4,-79.93643,40.456856
755,4,-79.92921,40.458523
756,118,-80.00432,40.448322
757,4,-79.89309,40.489143
758,2499,-80.002556,40.442036
759,4,-79.98692,40.44945
760,2499,-79.97737,40.428764
761,4,-80.00229,40.441166
762,4410,-80.94233,35.218452
763,4421,-115.17516,36.109875
764,4,-80.00432,40.448322
765,2499,-80.00432,40.448322
766,2499,-89.39445,43.07513
767,6644,-115.17259,36.112953
768,2499,-115.17364,36.121155
769,2499,-112.070465,33.452625
770,2499,-80.0025,40.4428
771,119,-89.511024,43.095615
772,4,-80.00146,40.441128
773,120,-79.979324,40.42888
774,6644,-111.89122,33.6281
775,2499,-79.992615,40.446476
776,2499,-115.31731,36.160122
777,4,-79.993004,40.439747
778,121,-79.99644,40.44395
779,837,-112.130455,33.52502
780,4,-80.02943,40.451973
781,122,-79.97798,40.42854
782,837,-80.006966,40.430885
783,123,-88.18881,40.081566
784,4,-79.979996,40.429
785,124,-79.94908,40.445145
786,4,-80.00219,40.440994
787,2499,-79.93146,40.453358
788,4,-79.99467,40.44421
789,2499,-80.04452,40.38011
790,4,-80.00207,40.442333
791,4,-79.91687,40.457184
792,2499,-80.005325,40.447388
793,4,-80.00235,40.441795
794,4,-89.37456,43.07695
795,125,-79.931335,40.455956
796,126,-79.91971,40.475437
797,127,-79.99704,40.444035
798,4,-79.91957,40.475876
799,128,-79.94642,40.454704
800,2499,-79.99717,40.44379
801,2499,-79.9934,40.447525
802,2499,-89.34459,43.103558
803,2499,-79.98391,40.450836
804,2499,-79.955475,40.47894
805,2499,-112.03202,33.479977
806,2499,-115.17041,36.118294
807,2499,-111.928024,33.624035
808,4421,-115.32508,36.124886
809,837,-111.978516,33.66773
810,2499,-79.983246,40.451347
811,681,-89.42806,43.057484
812,4421,-115.23096,36.1148
813,2499,-112.07802,33.46546
814,6644,-115.27777,36.130028
815,4,-80.00199,40.44066
816,2499,-115.17127,36.11288
817,2499,-115.17012,36.122276
818,2499,-115.16559,36.12689
819,2499,-115.17541,36.093304
820,2499,-115.16901,35.965446
821,2499,-3.161845,55.94409
822,2499,-115.16296,36.12714
823,6644,-111.99497,33.43605
824,4421,-115.3352,36.15803
825,129,-80.00229,40.441166
826,837,-111.92639,33.320343
827,2499,-73.574394,45.52221
828,130,-115.20643,36.124985
829,2499,-73.56818,45.503872
830,2499,-115.18219,36.10132
831,4,-80.00259,40.44029
832,4,-80.00206,40.44228
833,2499,-80.84229,35.1998
834,837,-79.921364,40.438347
835,2499,-115.17661,36.097107
836,131,-80.00222,40.440998
837,132,-115.15069,36.088383
838,133,-115.1752,36.091843
839,2499,-115.17073,36.111183
840,2499,-79.98357,40.45203
841,4,-80.00259,40.44029
842,134,-80.84547,35.224457
843,4,-79.99621,40.441677
844,837,-112.35536,33.608017
845,837,-112.36504,33.638195
846,135,-115.16961,36.121452
847,2499,-111.89145,33.62742
848,6644,-80.00259,40.44029
849,136,-79.983826,40.42946
850,4,-80.0557,40.427166
851,4,-79.97488,40.481285
852,4,-79.95815,40.441235
853,4,-79.94033,40.42626
854,137,-79.97943,40.42843
855,4,-79.98752,40.449078
856,4,-79.99883,40.44119
857,4,-79.922874,40.436363
858,4,-80.00471,40.44087
859,4,-79.96424,40.466614
860,4,-79.977036,40.428806
861,138,-79.95315,40.442776
862,4,-79.9365,40.456238
863,837,-111.92318,33.699768
864,139,-79.978195,40.42836
865,140,-79.99148,40.457184
866,2499,-115.15152,36.10749
867,2499,-80.007645,40.446323
868,2499,-79.985535,40.45074
869,141,-79.961075,40.46995
870,4,-79.95257,40.45219
871,142,-80.0193,40.438557
872,143,-79.98428,40.45059
873,144,-115.17618,36.115856
874,4,-79.99561,40.44443
875,2499,-115.16153,36.132683
876,837,-111.757416,33.30427
877,4,-79.92406,40.46296
878,145,-79.950165,40.461956
879,146,-79.92548,40.457867
880,4,-79.92549,40.45775
881,147,-79.97418,40.48139
882,4,-79.98428,40.45059
883,4,-79.907425,40.41295
884,148,-79.97012,40.4618
885,4,-79.96179,40.46951
886,149,-79.93272,40.451653
887,2499,-112.07427,33.447517
888,4,-80.016235,40.452145
889,4,-79.934555,40.45127
890,2499,-111.994545,33.43402
891,4,-80.00197,40.440838
892,4,-79.92427,40.459957
893,2499,-79.96313,40.472446
894,2499,-89.394714,43.074917
895,4,-80.01207,40.446186
896,150,-80.00219,40.440994
897,4,-79.92497,40.46028
898,837,-112.01482,33.49574
899,4,-79.90971,40.406338
900,6644,-79.92284,40.43771
901,837,-115.17818,36.106815
902,2499,-73.574394,45.52221
903,4,-79.95783,40.44077
904,151,-79.92549,40.45775
905,2499,-115.17345,36.10306
906,2499,-79.98941,40.448463
907,4,-79.998695,40.443043
908,4,-79.95116,40.482693
909,4,-79.98941,40.448463
910,2499,-89.3838,43.07744
911,4,-79.984215,40.451656
912,4,-79.922386,40.438145
913,4,-79.92535,40.45992
914,4,-79.98155,40.452496
915,4,-79.99733,40.437107
916,4,-80.00137,40.43972
917,2499,-79.93446,40.451183
918,4,-79.893654,40.43257
919,4,-79.918976,40.407063
920,4,-3.1854458,55.94469
921,4,-79.96522,40.42738
922,4,-79.99148,40.457184
923,4,-115.17704,36.10762
924,152,-79.956276,40.440304
925,4,-79.902275,40.446587
926,4,-80.00531,40.434353
927,4,-79.92535,40.45992
928,2499,-111.92736,33.583176
929,4,-80.00198,40.442326
930,837,-111.96444,33.67591
931,4,-79.97763,40.4634
932,4,-80.00749,40.43071
933,4421,-115.14708,36.166077
934,4,-79.97601,40.42828
935,2499,-111.924095,33.492203
936,153,-115.17618,36.115856
937,154,-79.95194,40.482704
938,4,-115.16792,36.11547
939,4,-79.92497,40.46028
940,2499,-79.958595,40.441628
941,4,-79.93054,40.456394
942,155,-79.96648,40.462856
943,4,-79.93418,40.45137
944,156,-79.98313,40.45194
945,157,-79.98302,40.451756
946,158,-79.98313,40.45194
947,4,-79.98588,40.45011
948,159,-79.96906,40.42741
949,4,-79.913895,40.45003
950,4,-79.910194,40.407707
951,2499,-73.57518,45.483097
952,4,-79.933395,40.451637
953,4,-79.99644,40.44395
954,160,-79.91957,40.475876
955,161,-79.92144,40.47658
956,4,-79.96025,40.470783
957,4,-79.99717,40.44379
958,6644,-3.1907861,55.94977
959,4,-79.94866,40.46174
960,2499,-115.17022,36.12299
961,4,-79.98155,40.452496
962,2499,-115.176414,36.092564
963,837,-112.07358,33.442486
964,4,-79.95289,40.46396
965,6644,-79.96413,40.46707
966,162,-80.0176,40.439865
967,4,-115.14289,36.143345
968,4,-79.99659,40.440594
969,2499,-80.94279,35.22059
970,2499,-115.179085,36.11224
971,4,-80.00206,40.44228
972,163,-80.01689,40.453667
973,4,-80.002495,40.4434
974,2499,-112.02615,33.439648
975,164,-112.070465,33.452625
976,4,-79.96525,40.465813
977,837,-112.3934,33.41195
978,165,-115.17259,36.112953
979,166,-80.857635,35.21252
980,167,-115.1677,36.125965
981,2499,-112.06551,33.576332
982,168,-79.98941,40.448463
983,2499,-112.15017,33.639275
984,169,-115.17501,36.117245
985,2499,-89.37217,43.07811
986,170,-79.91971,40.475437
987,2499,-80.85571,35.209984
988,171,-79.98941,40.448463
989,172,-79.923164,40.43582
990,4,-79.98941,40.448463
991,4,-79.961075,40.46995
992,2499,-80.94362,35.219006
993,2499,-80.002884,40.43984
994,837,-111.85958,33.335857
995,173,-79.98416,40.452114
996,4,-80.002884,40.43984
997,4,-80.017494,40.451614
998,4851,-115.17704,36.10762
999,174,-79.99659,40.440594
1000,2499,-111.80509,33.384415
1001,2499,-80.81716,35.21237
1002,2499,-79.99485,40.444168
1003,2499,-89.35473,43.0921
1004,2499,-115.15112,36.086338
1005,2499,-80.002335,40.4438
1006,2499,-79.95116,40.482693
1007,2499,-80.002335,40.4438
1008,2499,-80.02124,40.43906
1009,681,-89.32401,43.078587
1010,2499,-80.002335,40.4438
1011,175,-115.17641,36.11316
1012,2499,-80.002335,40.4438
1013,837,-80.00111,40.443146
1014,837,-112.02817,33.67113
1015,4,-115.333855,36.155964
1016,4,-79.99717,40.44379
1017,4421,-112.26355,33.531906
1018,2499,-115.141884,36.16918
1019,837,-111.72192,33.60806
1020,176,-80.0193,40.438557
1021,177,-79.97333,40.428215
1022,4,-79.915695,40.410007
1023,4,-79.97433,40.428185
1024,178,-80.00198,40.441013
1025,2499,-79.99859,40.44389
1026,2499,-80.02834,40.454346
1027,2499,-79.99637,40.44417
1028,179,-79.955215,40.479675
1029,2499,-89.36643,43.082054
1030,4,-79.958595,40.441628
1031,180,-79.98317,40.45165
1032,2499,-115.17103,36.099377
1033,4,-79.902275,40.446587
1034,4,-79.94791,40.460804
1035,4,-80.0549,40.486614
1036,181,-79.93359,40.451363
1037,4,-80.02168,40.394596
1038,225,-79.98317,40.45165
1039,4,-79.92406,40.46296
1040,4,-79.92549,40.45775
1041,182,-79.92228,40.438118
1042,4,-79.94855,40.46186
1043,4,-79.918976,40.407063
1044,4,-79.95811,40.440765
1045,183,-79.95547,40.43905
1046,184,-79.95558,40.465675
1047,4,-79.982285,40.453495
1048,4,-79.92549,40.45775
1049,4,-79.9412,40.464977
1050,4,-79.96665,40.426003
1051,4,-115.16348,36.113026
1052,4,-80.00229,40.441166
1053,4,-79.955475,40.47894
1054,2499,-79.949005,40.444893
1055,2499,-80.00646,40.410748
1056,185,-79.94724,40.45332
1057,2499,-115.177,36.11199
1058,2499,-115.17239,36.109104
1059,4,-79.96607,40.46453
1060,837,-79.95351,40.465714
1061,4,-79.98495,40.428596
1062,186,-79.920425,40.475708
1063,4,-79.95116,40.482693
1064,187,-79.93151,40.455765
1065,4,-80.00471,40.44087
1066,2499,-79.94899,40.463673
1067,4,-80.04673,40.39371
1068,4,-79.923164,40.43582
1069,100,-79.96607,40.46453
1070,2499,-115.15078,36.238735
1071,4,-79.98181,40.452312
1072,4,-79.916855,40.457188
1073,4,-79.920425,40.475708
1074,188,-79.923134,40.433884
1075,189,-79.95356,40.441143
1076,4,-79.91953,40.437683
1077,190,-79.92548,40.457867
1078,4,-79.93318,40.451622
1079,4,-80.05209,40.357212
1080,191,-79.920105,40.43814
1081,192,-79.95593,40.465305
1082,193,-79.98752,40.449078
1083,4,-80.00224,40.45336
1084,4,-79.9827,40.45157
1085,837,-111.91155,33.40709
1086,4421,-79.982254,40.453476
1087,4,-79.923134,40.433884
1088,4,-79.96747,40.426888
1089,194,-80.0193,40.438557
1090,195,-79.8921,40.438145
1091,196,-79.94718,40.46064
1092,4,-79.92535,40.45992
1093,197,-79.95194,40.482704
1094,2499,-111.9405,33.4272
1095,4,-79.94642,40.454704
1096,4,-79.96607,40.46453
1097,4,-79.981476,40.454384
1098,4,-80.0193,40.438557
1099,4,-80.00207,40.442333
1100,4,-79.893654,40.43257
1101,4,-80.004234,40.44817
1102,198,-79.9825,40.451843
1103,4,-79.950676,40.462757
1104,4,-79.94854,40.461113
1105,199,-79.92282,40.437557
1106,4,-79.95635,40.442287
1107,4,-111.92688,33.500206
1108,200,-79.99031,40.43877
1109,6021,-79.950676,40.462757
1110,201,-79.950676,40.462757
1111,202,-79.92262,40.437115
1112,203,-79.90396,40.43287
1113,4,-79.95547,40.43905
1114,4,-79.98181,40.452312
1115,2499,-79.942276,40.458267
1116,4,-79.942276,40.458267
1117,4,-79.95017,40.462555
1118,4,-80.0193,40.438557
1119,204,-79.95193,40.451126
1120,4,-79.91447,40.45037
1121,2499,-79.96413,40.46707
1122,4,-79.959946,40.470768
1123,4,-79.97601,40.42828
1124,837,-111.78893,33.3441
1125,4,-79.893654,40.43257
1126,205,-79.94843,40.44481
1127,4,-80.01676,40.4521
1128,4,-80.00111,40.443146
1129,4,-79.87027,40.4041
1130,4,-80.016235,40.452145
1131,2499,-79.95531,40.43892
1132,4,-80.029106,40.36062
1133,206,-80.00207,40.442333
1134,2499,-80.00111,40.443146
1135,4,-80.00224,40.45336
1136,4421,-115.03154,36.08272
1137,2499,-80.84226,35.225178
1138,4,-80.017494,40.451614
1139,207,-80.086105,40.40776
1140,6644,-79.95651,40.442146
1141,208,-79.983116,40.42868
1142,4,-80.083626,40.409744
1143,2499,-79.95889,40.47313
1144,209,-115.17382,36.107162
1145,210,-79.94864,40.446068
1146,211,-79.97939,40.428425
1147,2499,-80.81488,35.22101
1148,837,-111.9555,33.44235
1149,4,-80.002106,40.43799
1150,4,-80.083626,40.409744
1151,212,-80.00111,40.443146
1152,4,-79.98736,40.427223
1153,4421,-115.102715,35.99111
1154,2499,-79.95194,40.482704
1155,2499,-79.921364,40.438347
1156,4,-115.17659,36.091938
1157,4,-79.92414,40.41547
1158,2499,-79.932526,40.451363
1159,2499,-73.5918,45.500866
1160,2499,-79.97488,40.481285
1161,4,-79.925354,40.460213
1162,2499,-115.1695,36.10743
1163,4,-80.00022,40.44389
1164,4,-79.925316,40.458282
1165,4,-79.92497,40.46028
1166,4,-79.97601,40.42828
1167,2499,-79.92069,40.43795
1168,4,-79.92303,40.4378
1169,213,-79.95889,40.47313
1170,2499,-79.94843,40.44481
1171,4,-79.922874,40.436363
1172,4,-79.95085,40.450356
1173,4,-79.92512,40.460213
1174,4,-79.89373,40.43257
1175,4,-79.91776,40.407154
1176,4,-79.96107,40.46497
1177,4,-115.17591,36.095425
1178,4,-79.924446,40.459885
1179,4,-79.9693,40.42785
1180,4,-79.897575,40.43961
1181,214,-79.92308,40.43384
1182,4,-80.00427,40.4339
1183,837,-111.92819,33.498146
1184,4,-79.93359,40.45095
1185,215,-79.92549,40.45775
1186,4421,-115.1546,36.11997
1187,2499,-79.913895,40.45003
1188,2499,-79.955246,40.438873
1189,2499,-73.57749,45.49822
1190,4,-80.00034,40.4436
1191,4,-79.985535,40.45074
1192,4,-79.97356,40.428085
1193,216,-79.95799,40.47511
1194,4,-79.99107,40.43781
1195,4,-79.96398,40.467052
1196,217,-79.931335,40.455956
1197,218,-73.59088,45.51748
1198,219,-79.9935,40.446003
1199,220,-79.95789,40.474514
1200,837,-79.913895,40.45003
1201,4,-79.92144,40.47658
1202,221,-79.96897,40.426804
1203,222,-79.951485,40.45125
1204,4,-79.92856,40.457752
1205,223,-79.951035,40.45063
1206,4,-79.95193,40.451126
1207,4,-79.98416,40.452114
1208,2499,-79.93373,40.451447
1209,224,-79.9521,40.46299
1210,225,-79.8888,40.48707
1211,4,-79.95085,40.450356
1212,837,-112.06384,33.517437
1213,226,-79.92282,40.437557
1214,227,-79.973274,40.427086
1215,2499,-79.95085,40.450356
1216,2499,-80.002556,40.442036
1217,228,-79.932915,40.451668
1218,4,-79.94882,40.44453
1219,229,-79.951584,40.463028
1220,2499,-115.17124,36.11788
1221,230,-79.92536,40.45993
1222,4,-79.93643,40.456856
1223,2499,-79.934586,40.451202
1224,4,-79.95151,40.482456
1225,4,-79.95257,40.45219
1226,4,-79.933464,40.450825
1227,4,-79.94908,40.445145
1228,837,-112.07409,33.512627
1229,2499,-80.817314,35.221336
1230,231,-79.94843,40.44481
1231,837,-111.93498,33.480534
1232,2499,-79.93287,40.451584
1233,2499,-80.92247,35.190365
1234,2499,-73.55392,45.50554
1235,2499,-73.574394,45.52221
1236,4,-79.948845,40.461327
1237,4421,-115.190506,36.08786
1238,2499,-115.17328,36.111885
1239,2499,-115.17496,36.121323
1240,4,-80.001625,40.430992
1241,2499,-79.97488,40.481285
1242,232,-79.9645,40.42877
1243,4,-79.91892,40.484554
1244,2499,-79.99704,40.444035
1245,2499,-80.005325,40.447388
1246,233,-79.92144,40.47658
1247,4,-79.99823,40.44394
1248,4,-79.960045,40.470577
1249,4,-79.95547,40.43905
1250,234,-79.91957,40.475876
1251,4,-79.93392,40.450867
1252,2499,-79.94735,40.439247
1253,235,-79.92144,40.47658
1254,2499,-80.81484,35.24035
1255,2499,-80.86563,35.22945
1256,2499,-80.85118,35.35255
1257,2499,-80.84295,35.226246
1258,236,-80.75058,35.310417
1259,2499,-80.804596,35.247356
1260,2499,-80.8318,35.14811
1261,2499,-80.849625,35.17086
1262,2499,-80.88197,35.187443
1263,2499,-80.87657,35.15385
1264,2499,-80.92766,35.213753
1265,2499,-80.8288,35.14714
1266,2499,-80.69593,35.11906
1267,2499,-80.83551,35.209496
1268,2499,-80.84226,35.22518
1269,237,-80.94503,35.322533
1270,238,-80.82406,35.33806
1271,2499,-80.88197,35.187443
1272,239,-80.8412,35.199818
1273,2499,-80.86414,35.095043
1274,4,-80.71199,35.36839
1275,4421,-80.850266,35.23366
1276,2499,-80.85008,35.172905
1277,240,-80.861,35.210987
1278,241,-80.91595,35.227707
1279,2499,-80.83948,35.22784
1280,2499,-80.88197,35.187443
1281,242,-80.848145,35.17423
1282,2499,-115.16997,36.11293
1283,2499,-80.79486,35.218468
1284,2499,-80.86122,35.21396
1285,2499,-80.80948,35.24555
1286,2499,-80.86769,35.205338
1287,2499,-80.841995,35.228313
1288,2499,-115.17234,36.110107
1289,2499,-80.745094,35.312145
1290,6644,-80.71716,35.36997
1291,2499,-80.84687,35.172817
1292,2499,-80.76947,35.213963
1293,2499,-80.76181,35.21186
1294,2499,-80.83493,35.055386
1295,2499,-80.75665,35.33723
1296,243,-80.94362,35.219006
1297,2499,-80.844475,35.070496
1298,2499,-80.84266,35.225048
1299,4,-80.83006,35.14594
1300,2499,-80.9438,35.221424
1301,2499,-80.87767,35.16961
1302,2499,-80.85284,35.056007
1303,2499,-115.15448,36.11884
1304,2499,-80.848854,35.08639
1305,2499,-80.84974,35.173286
1306,2499,-80.8137,35.219437
1307,2499,-80.84224,35.22734
1308,2499,-80.729324,35.125607
1309,2499,-80.82656,35.213985
1310,2499,-80.83246,35.21353
1311,244,-80.96887,35.027836
1312,2499,-80.73881,35.327293
1313,245,-80.84059,35.22739
1314,246,-80.84421,35.22746
1315,247,-80.84136,35.068638
1316,2499,-80.84965,35.174477
1317,2499,-80.86769,35.205338
1318,2499,-80.85488,35.21698
1319,2499,-80.89677,35.225956
1320,2499,-80.851494,35.05252
1321,248,-80.826164,35.213642
1322,2499,-80.84318,35.22585
1323,2499,-80.850105,35.17086
1324,2499,-80.82398,35.157032
1325,2499,-80.84442,35.202625
1326,2499,-115.1952,36.11531
1327,249,-80.84295,35.226246
1328,2499,-80.86769,35.205338
1329,837,-112.000565,33.433685
1330,2499,-80.81229,35.22058
1331,2499,-80.791985,35.256
1332,2499,-80.86769,35.205338
1333,2499,-80.8191,35.212875
1334,837,-111.907524,33.421535
1335,2499,-80.84837,35.226265
1336,2499,-80.7234,35.30574
1337,2499,-80.806854,35.106895
1338,2499,-80.72688,35.064274
1339,2499,-80.72688,35.064274
1340,2499,-80.93361,35.13755
1341,2499,-80.88197,35.187443
1342,2499,-80.85064,35.086285
1343,250,-80.87767,35.16961
1344,2499,-80.719315,35.11679
1345,2499,-80.84709,35.171738
1346,251,-80.882355,35.076523
1347,837,-80.85239,35.053368
1348,2499,-80.81578,35.219257
1349,252,-80.88197,35.187443
1350,2499,-80.85311,35.20746
1351,2499,-80.84382,35.200817
1352,2499,-80.84738,35.04229
1353,2499,-80.791985,35.256
1354,2499,-80.812126,35.219738
1355,253,-80.80712,35.171127
1356,4421,-80.84261,35.06862
1357,2499,-80.828545,35.15261
1358,254,-80.750626,35.31071
1359,2499,-80.77908,35.095238
1360,2499,-80.824425,35.203094
1361,255,-80.81737,35.061054
1362,256,-80.992424,35.05281
1363,257,-80.805695,35.034657
1364,258,-80.72033,35.117504
1365,259,-80.82462,35.20136
1366,2499,-80.843506,35.070168
1367,2499,-80.75586,35.307903
1368,2499,-80.8529,35.19824
1369,2499,-80.85239,35.053368
1370,2499,-80.70622,35.125896
1371,2499,-80.77876,35.096897
1372,2499,-80.86146,35.088596
1373,2499,-80.85365,35.055824
1374,2499,-80.8491,35.174175
1375,2499,-80.826164,35.213642
1376,2499,-80.72608,35.37364
1377,2499,-80.80948,35.24555
1378,2499,-80.829475,35.215073
1379,260,-80.81584,35.062054
1380,2499,-80.85081,35.05305
1381,2499,-80.83246,35.21353
1382,2499,-80.8542,35.354176
1383,2499,-80.845406,35.087814
1384,2499,-80.69834,35.085304
1385,2499,-80.86561,35.088676
1386,2499,-80.84419,35.226994
1387,2499,-80.844475,35.070496
1388,2499,-80.760956,35.202946
1389,261,-80.828545,35.15261
1390,2499,-80.82557,35.14567
1391,2499,-80.80695,35.170803
1392,2499,-80.86706,35.089035
1393,262,-80.84432,35.227757
1394,2499,-80.8451,35.088627
1395,263,-80.883224,35.180016
1396,2499,-80.842285,35.19989
1397,2499,-80.853264,35.056316
1398,2499,-80.712105,35.132336
1399,2499,-80.81175,35.053493
1400,2499,-80.84573,35.231762
1401,264,-80.83551,35.209496
1402,2499,-80.845726,35.091328
1403,265,-80.84839,35.022457
1404,266,-80.86782,35.093285
1405,2499,-80.882355,35.1089
1406,2499,-80.848854,35.08639
1407,267,-80.80773,35.106407
1408,2499,-80.738144,35.1357
1409,2499,-80.84093,35.229603
1410,268,-80.715164,35.14007
1411,269,-80.85056,35.05698
1412,2499,-80.80921,35.24483
1413,270,-80.71268,35.13571
1414,271,-80.86957,35.201088
1415,2499,-80.79995,35.197205
1416,2499,-80.86769,35.205338
1417,2499,-80.821625,35.21582
1418,2499,-80.83551,35.209496
1419,272,-80.83551,35.209496
1420,2499,-80.98693,35.101482
1421,273,-80.843506,35.070168
1422,2499,-80.85154,35.057957
1423,274,-80.72336,35.116
1424,2499,-80.8771,35.1047
1425,2499,-80.8137,35.219437
1426,2499,-80.719315,35.11679
1427,2499,-80.9869,35.10331
1428,2499,-80.80503,35.247604
1429,2499,-80.861435,35.20872
1430,2499,-80.710075,35.12335
1431,275,-80.84713,35.053158
1432,2499,-80.84687,35.172817
1433,2499,-80.93436,35.07772
1434,2499,-81.03737,35.244488
1435,2499,-80.84732,35.052666
1436,276,-80.821976,35.186466
1437,277,-80.91017,35.187122
1438,278,-80.780174,35.095966
1439,2499,-80.79486,35.218468
1440,2499,-80.86737,35.229053
1441,2499,-80.780174,35.095966
1442,2499,-80.81484,35.24035
1443,2499,-80.82169,35.216213
1444,2499,-80.944046,35.220543
1445,2499,-80.848145,35.08685
1446,279,-80.83946,35.026176
1447,280,-80.838264,35.21681
1448,281,-80.84686,35.22611
1449,2499,-80.843506,35.070168
1450,2499,-80.81337,35.220215
1451,2499,-80.843346,35.20132
1452,2499,-80.9438,35.221424
1453,2499,-80.81175,35.220337
1454,2499,-80.761215,35.211407
1455,282,-80.81716,35.21237
1456,2499,-80.87974,35.18816
1457,2499,-80.81175,35.053493
1458,2499,-80.85616,35.216366
1459,2499,-80.841064,35.22711
1460,283,-80.84402,35.070816
1461,2499,-80.84484,35.089493
1462,2499,-80.85149,35.05261
1463,2499,-80.81206,35.219448
1464,2499,-80.83592,35.212738
1465,2499,-80.88708,35.085953
1466,2499,-80.844475,35.070496
1467,284,-80.98486,35.102867
1468,2499,-80.87738,35.08642
1469,285,-80.81488,35.22101
1470,2499,-80.84306,35.226566
1471,2499,-115.17496,36.121323
1472,2499,-80.812,35.220078
1473,2499,-115.175804,36.09531
1474,2499,-80.77876,35.096897
1475,2499,-80.72867,35.12427
1476,2499,-80.86409,35.093323
1477,2499,-80.86737,35.229053
1478,2499,-80.86688,35.199303
1479,2499,-80.8451,35.088627
1480,286,-115.141884,36.16918
1481,2499,-80.729225,35.123352
1482,287,-80.86414,35.095043
1483,2499,-80.884605,35.08442
1484,2499,-80.84226,35.225178
1485,2499,-80.73002,35.124725
1486,2499,-80.81149,35.245277
1487,288,-80.85248,35.05401
1488,2499,-80.85149,35.19685
1489,2499,-80.765816,35.277916
1490,289,-80.81229,35.22058
1491,290,-80.855446,35.215378
1492,2499,-80.80948,35.24555
1493,291,-80.8761,35.179295
1494,292,-80.987404,35.105064
1495,2499,-80.84309,35.22877
1496,293,-80.882355,35.1089
1497,2499,-80.87974,35.18816
1498,2499,-80.84687,35.172817
1499,2499,-80.76167,35.21151
1500,2499,-80.73496,35.29146
1501,2499,-80.82586,35.196793
1502,294,-80.825935,35.213448
1503,2499,-80.86122,35.21396
1504,2499,-80.79244,35.204468
1505,2499,-80.85248,35.05401
1506,2499,-80.84226,35.225178
1507,2499,-80.84119,35.228916
1508,837,-111.88858,33.674915
1509,2499,-80.75586,35.307903
1510,2499,-115.17849,36.10924
1511,2499,-80.84241,35.22867
1512,2499,-111.92753,33.49919
1513,2499,-80.8597,35.2084
1514,2499,-80.81229,35.22058
1515,2499,-80.83798,35.227764
1516,2499,-80.822556,35.216587
1517,2499,-89.38354,43.07628
1518,2499,-80.791985,35.256
1519,2499,-80.84059,35.22739
1520,295,-80.93436,35.07772
1521,2499,-80.84241,35.22867
1522,837,-112.02839,33.510456
1523,2499,-80.85239,35.053368
1524,2499,-80.77019,35.214127
1525,2499,-80.83041,35.151836
1526,2499,-80.828545,35.15261
1527,2499,-80.805824,35.24725
1528,2499,-80.855446,35.215378
1529,2499,-80.857635,35.21252
1530,2499,-80.84875,35.174877
1531,2499,-111.925766,33.623943
1532,2499,-80.84523,35.227413
1533,2499,-80.82169,35.216213
1534,296,-80.82638,35.145947
1535,2499,-80.83207,35.152573
1536,2499,-115.167755,36.123978
1537,2499,-80.84979,35.173267
1538,2499,-80.84142,35.19913
1539,2499,-80.84156,35.226215
1540,2499,-80.84382,35.200817
1541,2499,-80.855446,35.215378
1542,837,-112.03084,33.487293
1543,2499,-88.24267,40.117126
1544,2499,-80.780174,35.095966
1545,2499,-80.82861,35.152634
1546,2499,-111.95149,33.42273
1547,2499,-80.856674,35.210552
1548,2499,-80.81924,35.22178
1549,2499,-80.844315,35.226254
1550,2499,-80.8465,35.225826
1551,2499,-80.81337,35.220215
1552,2499,-80.81337,35.220215
1553,2499,-80.72867,35.12427
1554,2499,-80.8,35.219612
1555,2499,-115.17453,36.112377
1556,2499,-3.1953738,55.947857
1557,2499,-80.855446,35.215378
1558,2499,-80.79244,35.204468
1559,2499,-80.848076,35.22434
1560,2499,-80.710075,35.12335
1561,2499,-80.85571,35.209984
1562,2499,-80.84119,35.228916
1563,297,-80.85654,35.215023
1564,2499,-80.8288,35.14714
1565,2499,-115.1736,36.104923
1566,298,-80.806854,35.106895
1567,299,-80.84043,35.227478
1568,2499,-80.81924,35.22178
1569,300,-80.85247,35.2
1570,2499,-80.836,35.20552
1571,2499,-115.26148,36.113655
1572,2499,-115.17306,36.091965
1573,301,-80.92951,35.145897
1574,302,-80.944046,35.220543
1575,2499,-80.825935,35.213448
1576,2499,-80.8046,35.247852
1577,2499,-80.842285,35.19989
1578,303,-80.84078,35.23361
1579,2499,-80.8585,35.211533
1580,304,-80.78481,35.384064
1581,2499,-80.84702,35.225994
1582,2499,-80.835815,35.212837
1583,305,-80.791985,35.256
1584,4,-80.855446,35.215378
1585,2499,-80.812,35.220078
1586,306,-80.74955,35.30387
1587,2499,-115.151115,36.131237
1588,2499,-80.855515,35.21343
1589,2499,-80.84226,35.22518
1590,2499,-80.83798,35.227764
1591,4421,-80.740555,35.316696
1592,2499,-80.842514,35.228577
1593,2499,-80.84156,35.226215
1594,307,-80.851906,35.197716
1595,2499,-80.75586,35.307903
1596,2499,-80.85571,35.209984
1597,2499,-80.715256,35.37053
1598,2499,-80.838196,35.22776
1599,2499,-80.84457,35.202496
1600,2499,-80.80432,35.247406
1601,2499,-80.81333,35.22061
1602,6644,-111.94031,33.423107
1603,2499,-80.98457,35.102345
1604,2499,-80.84842,35.224426
1605,837,-112.04466,33.07018
1606,2499,-80.853714,35.21609
1607,2499,-80.84446,35.202034
1608,2499,-80.88366,35.18137
1609,2499,-80.84226,35.22518
1610,2499,-80.74978,35.307415
1611,2499,-80.73834,35.29622
1612,2499,-80.83798,35.227764
1613,837,-111.924515,33.497276
1614,308,-112.098274,33.53864
1615,837,-80.92431,35.146633
1616,2499,-80.98473,35.103752
1617,2499,-80.85118,35.35255
1618,2499,-80.84499,35.239048
1619,2499,-80.88627,35.162006
1620,2499,-80.82169,35.216213
1621,2499,-115.2092,36.246758
1622,2499,-80.87563,35.16987
1623,309,-80.84318,35.22585
1624,310,-80.84324,35.222084
1625,2499,-80.84686,35.22611
1626,2499,-80.856804,35.117275
1627,2499,-80.83428,35.15249
1628,2499,-80.841675,35.228
1629,837,-111.85977,33.274754
1630,6644,-115.1401,36.169327
1631,2499,-115.176315,36.109913
1632,2499,-80.86737,35.229053
1633,311,-80.729225,35.123352
1634,2499,-80.79486,35.218468
1635,4,-80.838264,35.21681
1636,2499,-80.85863,35.08983
1637,2499,-80.722824,35.37281
1638,2499,-80.82494,35.201736
1639,2499,-80.82697,35.21424
1640,312,-80.812,35.220078
1641,313,-115.14998,36.1055
1642,6644,-80.828545,35.15261
1643,2499,-80.7687,35.195984
1644,314,-80.84446,35.202034
1645,2499,-80.84687,35.172817
1646,2499,-80.83914,35.20394
1647,2499,-80.84965,35.174477
1648,2499,-80.84446,35.202034
1649,2499,-80.81587,35.2208
1650,315,-80.83004,35.151665
1651,316,-80.822556,35.216587
1652,317,-111.939804,33.426353
1653,2499,-80.77914,35.095276
1654,2499,-115.175064,36.107677
1655,2499,-80.871765,35.086987
1656,2499,-80.843124,35.227085
1657,2499,-80.81579,35.22064
1658,2499,-80.77921,35.09758
1659,6644,-112.00174,33.436905
1660,2499,-80.855446,35.215378
1661,2499,-80.841965,35.225376
1662,2499,-80.83246,35.147404
1663,2499,-80.843094,35.22526
1664,2499,-80.842155,35.22921
1665,2499,-80.84266,35.225048
1666,2499,-115.14064,36.167877
1667,6644,-115.1736,36.101585
1668,2499,-80.96499,35.00512
1669,2499,-115.15126,36.1089
1670,2499,-80.843506,35.070168
1671,318,-80.84309,35.22877
1672,319,-80.857635,35.21252
1673,2499,-111.92448,33.62557
1674,320,-80.81782,35.061104
1675,2499,-80.83889,35.227463
1676,2499,-80.840805,35.199097
1677,2499,-80.84875,35.174877
1678,321,-80.845085,35.240665
1679,322,-80.750626,35.31071
1680,2499,-80.81579,35.22064
1681,2499,-80.8546,35.348373
1682,2499,-80.81578,35.219257
1683,2499,-111.92531,33.526226
1684,2499,-80.81229,35.22058
1685,323,-80.791985,35.256
1686,2499,-80.85174,35.0535
1687,6644,-80.82902,35.14731
1688,324,-112.08219,33.466106
1689,325,-80.77068,35.052113
1690,2499,-80.835556,35.206646
1691,2499,-80.729225,35.123352
1692,2499,-80.842155,35.22921
1693,2499,-80.882774,35.083984
1694,2499,-80.78777,35.235092
1695,2499,-80.841446,35.227985
1696,2499,-80.82638,35.145947
1697,326,-80.851906,35.197716
1698,327,-80.8288,35.14714
1699,2499,-73.600624,45.523758
1700,2499,-80.81496,35.219193
1701,2499,-80.85976,35.208424
1702,2499,-80.74944,35.310177
1703,2499,-80.81175,35.220337
1704,2499,-80.854836,35.228397
1705,2499,-80.94362,35.219006
1706,2499,-80.83551,35.209496
1707,2499,-80.88466,35.161373
1708,2499,-80.88573,35.08257
1709,2499,-80.750046,35.30302
1710,2499,-80.93436,35.07772
1711,328,-80.80695,35.170803
1712,2499,-80.8582,35.089745
1713,2499,-80.85588,35.21002
1714,329,-80.84043,35.227478
1715,2499,-111.96457,33.53433
1716,2499,-3.1894417,55.95311
1717,2499,-80.87657,35.15385
1718,4421,-115.26144,36.112984
1719,681,-80.84077,35.226875
1720,2499,-80.944046,35.220543
1721,2499,-80.73974,35.29418
1722,330,-80.84517,35.226192
1723,2499,-115.17395,36.11303
1724,2499,-80.82469,35.20043
1725,331,-80.8408,35.226482
1726,2499,-80.84339,35.227993
1727,4421,-111.96611,33.68348
1728,2499,-115.17473,36.098732
1729,837,-112.03397,33.508984
1730,2499,-115.16588,36.126873
1731,2499,-80.81579,35.22064
1732,2499,-80.835396,35.21244
1733,2499,-80.78481,35.384064
1734,2499,-115.177,36.11199
1735,332,-80.84432,35.227757
1736,2499,-80.8137,35.219437
1737,2499,-80.7687,35.195984
1738,333,-80.85654,35.215023
1739,2499,-80.851204,35.08807
1740,2499,-80.84309,35.22877
1741,334,-80.77921,35.09758
1742,2499,-80.84547,35.224457
1743,2499,-80.84226,35.22518
1744,2499,-80.81106,35.220463
1745,2499,-80.70758,35.1265
1746,335,-80.83942,35.230232
1747,2499,-80.81445,35.220654
1748,336,-80.85005,35.16047
1749,2499,-80.99172,35.10174
1750,337,-80.84686,35.22611
1751,2499,-80.84442,35.202625
1752,2499,-80.84063,35.152016
1753,2499,-80.83798,35.227764
1754,2499,-80.85935,35.209908
1755,338,-80.98473,35.103752
1756,2499,-80.84487,35.226196
1757,339,-80.77068,35.052113
1758,340,-80.8465,35.225826
1759,341,-80.85174,35.0535
1760,837,-111.8323,33.378372
1761,342,-80.83942,35.230232
1762,343,-80.84523,35.227413
1763,2499,-80.85469,35.214077
1764,2499,-80.8585,35.211533
1765,344,-80.83942,35.230232
1766,2499,-80.846985,35.17168
1767,2499,-80.791985,35.256
1768,2499,-80.854866,35.349392
1769,2499,-80.84896,35.233486
1770,2499,-80.84444,35.202644
1771,2499,-80.88197,35.187443
1772,2499,-80.88466,35.161373
1773,2499,-80.791145,35.334835
1774,6644,-112.07358,33.442486
1775,6644,-115.17849,36.10924
1776,2499,-115.20641,36.17994
1777,2499,-111.93159,33.830368
1778,6644,-115.17575,36.108307
1779,777,-115.17618,36.115856
1780,2499,-115.16591,36.127686
1781,2499,-73.56077,45.508335
1782,2499,-80.79463,35.21759
1783,4421,-115.226974,36.11462
1784,6644,-80.9438,35.221424
1785,6644,-115.176575,36.091194
1786,6644,-112.07176,33.44931
1787,345,-80.89106,35.18008
1788,2499,-80.94421,35.223606
1789,837,-80.8474,35.22155
1790,2499,-115.17395,36.11303
1791,2499,-80.77836,35.317524
1792,2499,-80.74955,35.30387
1793,2499,-80.8138,35.2191
1794,2499,-80.84123,35.199883
1795,2499,-80.75586,35.307903
1796,2499,-80.877914,35.17622
1797,346,-80.87526,35.168472
1798,2499,-80.72226,35.116573
1799,2499,-80.83945,35.17438
1800,2499,-80.84972,35.21873
1801,2499,-80.841095,35.222584
1802,2499,-80.86115,35.209026
1803,347,-80.93213,35.144005
1804,2499,-80.93391,35.075474
1805,2499,-80.826164,35.213642
1806,348,-80.82461,35.200325
1807,2499,-80.81319,35.220215
1808,2499,-80.84674,35.22601
1809,2499,-80.81206,35.241146
1810,681,-89.456314,43.014187
1811,2499,-80.84568,35.22235
1812,2499,-80.84446,35.202034
1813,837,-115.16961,36.121456
1814,2499,-80.841965,35.225376
1815,2499,-80.83482,35.055447
1816,2499,-115.169655,36.12119
1817,2499,-80.93361,35.13755
1818,2499,-80.82555,35.197517
1819,2499,-80.85696,35.220036
1820,2499,-80.74978,35.307415
1821,2499,-80.72708,35.19117
1822,2499,-80.828545,35.15261
1823,2499,-80.84955,35.175262
1824,2499,-80.944046,35.220543
1825,2499,-80.81175,35.220337
1826,2499,-80.850105,35.160545
1827,2499,-112.073105,33.449383
1828,837,-112.0748,33.448425
1829,2499,-80.83798,35.227764
1830,2499,-80.836845,35.15475
1831,6644,-115.16901,35.965446
1832,349,-80.81215,35.053654
1833,350,-115.17332,36.11567
1834,2499,-80.84831,35.17095
1835,2499,-80.85186,35.053413
1836,2499,-80.98988,35.10504
1837,2499,-73.57112,45.5095
1838,2499,-80.82406,35.33806
1839,2499,-80.83798,35.227764
1840,2499,-111.909645,33.40716
1841,2499,-80.8318,35.14811
1842,2499,-80.84013,35.227318
1843,2499,-80.944046,35.220543
1844,2499,-80.74904,35.302338
1845,2499,-80.8636,35.205193
1846,2499,-80.84013,35.227318
1847,2499,-80.85876,35.211227
1848,2499,-80.84573,35.231762
1849,2499,-80.86769,35.205338
1850,2499,-80.86004,35.207157
1851,351,-81.02778,35.25423
1852,2499,-80.85409,35.05622
1853,2499,-80.83841,35.23079
1854,2499,-80.80695,35.170803
1855,2499,-80.84723,35.02263
1856,4421,-115.17462,36.142902
1857,2499,-80.85056,35.05698
1858,2499,-80.81716,35.21237
1859,2499,-80.84226,35.22518
1860,2499,-80.81337,35.220215
1861,2499,-80.944046,35.220543
1862,4421,-115.08588,36.02942
1863,2499,-115.15112,36.086338
1864,2499,-80.841965,35.225376
1865,2499,-80.8542,35.354176
1866,2499,-80.94279,35.22059
1867,352,-80.79979,35.17564
1868,681,-89.36941,43.08006
1869,353,-80.750626,35.31071
1870,2499,-115.16269,36.144295
1871,2499,-80.93866,35.09545
1872,2499,-80.822556,35.216587
1873,2499,-80.84979,35.173267
1874,2499,-80.848495,35.224663
1875,4421,-115.15716,36.114746
1876,354,-80.855446,35.215378
1877,2499,-80.84077,35.226875
1878,2499,-80.8191,35.212875
1879,2499,-80.84484,35.089493
1880,355,-80.83889,35.227463
1881,2499,-80.83188,35.156338
1882,2499,-80.84442,35.202625
1883,2499,-80.84013,35.227318
1884,681,-89.326256,43.140068
1885,2499,-112.07232,33.457657
1886,2499,-80.842514,35.228577
1887,2499,-80.8,35.219612
1888,2499,-80.84442,35.202625
1889,2499,-80.812126,35.219738
1890,2499,-80.9438,35.221424
1891,356,-80.84013,35.227318
1892,357,-115.145645,36.124844
1893,358,-80.818275,35.213223
1894,2499,-80.844475,35.070496
1895,837,-111.85849,33.348263
1896,359,-80.86737,35.229053
1897,360,-80.84013,35.227318
1898,361,-80.87563,35.16987
1899,2499,-80.84359,35.200356
1900,2499,-80.65265,35.077168
1901,362,-80.83889,35.227463
1902,2499,-80.813225,35.219067
1903,2499,-80.85876,35.211227
1904,2499,-80.81782,35.061104
1905,363,-80.84419,35.226994
1906,2499,-80.842514,35.228577
1907,2499,-115.167404,36.126812
1908,2499,-115.17459,36.112022
1909,364,-80.85204,35.34832
1910,2499,-80.84442,35.202625
1911,2499,-80.84318,35.22585
1912,2499,-80.8512,35.234673
1913,5935,-80.845665,35.23918
1914,2499,-80.838165,35.23109
1915,2499,-80.79759,35.17638
1916,365,-80.84012,35.15234
1917,2499,-80.854935,35.216293
1918,2499,-80.838745,35.19644
1919,2499,-80.85149,35.05261
1920,366,-80.83798,35.227764
1921,2499,-80.80893,35.034092
1922,2499,-115.16908,36.123558
1923,367,-80.822556,35.216587
1924,368,-80.86443,35.203014
1925,2499,-80.78368,35.212433
1926,2499,-80.84547,35.224457
1927,837,-115.33387,36.152832
1928,2499,-80.84115,35.22782
1929,2499,-80.76947,35.213963
1930,2499,-80.84379,35.22627
1931,369,-80.81206,35.241146
1932,2499,-80.84749,35.08565
1933,2499,-80.9054,35.136276
1934,370,-80.855446,35.215378
1935,2499,-80.84253,35.226448
1936,371,-80.737816,35.296696
1937,2499,-80.84419,35.07105
1938,372,-80.85616,35.216366
1939,373,-80.839645,35.22161
1940,374,-80.844315,35.226254
1941,2499,-80.838264,35.21681
1942,2499,-80.86769,35.205338
1943,2499,-80.73764,35.140625
1944,2499,-80.821625,35.21582
1945,2499,-80.84382,35.200817
1946,837,-112.00717,33.435467
1947,2499,-80.856674,35.210552
1948,375,-80.848495,35.224663
1949,2499,-80.86706,35.089035
1950,2499,-115.1725,36.110065
1951,2499,-115.06474,36.121418
1952,376,-80.72867,35.12427
1953,2499,-80.82169,35.216213
1954,2499,-80.76707,35.279892
1955,2499,-80.84309,35.22877
1956,2499,-80.8761,35.179295
1957,2499,-80.9373,35.305157
1958,377,-112.0037,33.49516
1959,378,-80.77876,35.096897
1960,2499,-80.81716,35.21237
1961,379,-80.84115,35.22782
1962,4,-80.84965,35.174477
1963,2499,-80.855446,35.215378
1964,380,-80.71115,35.365433
1965,2499,-80.836,35.20552
1966,2499,-80.84115,35.22782
1967,2499,-80.88263,35.178288
1968,2499,-80.9373,35.305157
1969,2499,-80.81716,35.21237
1970,381,-80.81279,35.21906
1971,2499,-73.57175,45.50858
1972,2499,-80.85641,35.23433
1973,382,-115.1173,36.10117
1974,2499,-80.83176,35.15394
1975,383,-80.80503,35.247604
1976,2499,-80.8137,35.219437
1977,2499,-80.8412,35.199818
1978,384,-80.826744,35.214165
1979,2499,-80.86092,35.206688
1980,385,-80.8408,35.226482
1981,2499,-80.84446,35.202034
1982,2499,-80.83889,35.227463
1983,2499,-80.93391,35.075474
1984,2499,-80.83889,35.227463
1985,2499,-80.83889,35.227463
1986,386,-80.841995,35.228313
1987,2499,-80.84615,35.22533
1988,837,-111.929985,33.496662
1989,387,-111.91712,33.64557
1990,2499,-80.82185,35.221504
1991,4,-80.8761,35.139603
1992,2499,-80.849266,35.17167
1993,2499,-80.81689,35.22073
1994,2499,-80.83428,35.15249
1995,2499,-80.806854,35.106895
1996,2499,-80.85603,35.348896
1997,2499,-80.848076,35.22434
1998,388,-80.86158,35.208755
1999,2499,-80.84226,35.225178
2000,2499,-80.804146,35.247776
2001,2499,-80.85757,35.214363
2002,2499,-80.73047,35.37428
2003,2499,-115.17345,36.10306
2004,2499,-112.07551,33.449596
2005,389,-80.842155,35.22921
2006,390,-80.8451,35.088627
2007,2499,-80.86115,35.209026
2008,2499,-80.84222,35.06838
2009,391,-80.841995,35.228313
2010,2499,-80.84907,35.160313
2011,2499,-115.16587,36.126877
2012,2499,-80.84875,35.174877
2013,2499,-80.84942,35.17096
2014,2499,-80.89106,35.18008
2015,2499,-80.83933,35.22506
2016,2499,-80.836845,35.15475
2017,2499,-80.857635,35.21252
2018,2499,-80.8137,35.219437
2019,2499,-80.8585,35.211533
2020,2499,-73.55787,45.50043
2021,2499,-111.96457,33.53433
2022,2499,-80.77451,35.23672
2023,2499,-80.841965,35.225376
2024,2499,-80.84732,35.226967
2025,2499,-115.14479,36.170017
2026,392,-80.84457,35.202496
2027,2499,-80.81737,35.061054
2028,393,-80.805824,35.24725
2029,394,-80.84144,35.227737
2030,2499,-111.941315,33.625683
2031,2499,-80.86769,35.205338
2032,2499,-80.81116,35.219177
2033,395,-80.68446,35.138348
2034,396,-80.82393,35.155994
2035,2499,-80.80584,35.24687
2036,2499,-80.841965,35.225376
2037,2499,-80.84442,35.202625
2038,4421,-115.209656,36.127045
2039,2499,-80.84511,35.238907
2040,2499,-80.857635,35.21252
2041,2499,-80.86769,35.205338
2042,397,-80.85168,35.055405
2043,2499,-80.7234,35.30574
2044,2499,-80.70224,35.12819
2045,2499,-80.850105,35.160545
2046,2499,-80.84359,35.200356
2047,2499,-80.83791,35.22758
2048,2499,-80.80948,35.24555
2049,398,-115.17087,36.10242
2050,2499,-80.86122,35.21396
2051,2499,-80.826744,35.214165
2052,2499,-80.86561,35.088676
2053,2499,-80.842285,35.19989
2054,2499,-80.81337,35.220215
2055,2499,-80.77077,35.052982
2056,2499,-80.817314,35.221336
2057,2499,-80.82628,35.213722
2058,2499,-80.7296,35.081844
2059,2499,-80.84224,35.22734
2060,6644,-115.242714,36.036674
2061,2499,-80.81561,35.220566
2062,2499,-80.85616,35.216366
2063,2499,-80.83188,35.156338
2064,399,-80.80488,35.24732
2065,400,-80.84322,35.06882
2066,2499,-80.75586,35.307903
2067,401,-80.93436,35.07772
2068,402,-80.737656,35.16283
2069,4421,-115.13808,36.167904
2070,403,-115.141846,36.17241
2071,2499,-80.793304,35.03872
2072,2499,-80.81206,35.219448
2073,2499,-80.842155,35.22921
2074,2499,-115.1546,36.11997
2075,2499,-115.17784,36.092987
2076,404,-115.17516,36.109875
2077,2499,-80.84253,35.226448
2078,2499,-73.750114,45.456585
2079,2499,-80.7978,35.176723
2080,2499,-80.855446,35.215378
2081,2499,-80.791145,35.334835
2082,405,-80.84932,35.17512
2083,2499,-81.0058,35.272568
2084,2499,-80.828545,35.15261
2085,2499,-80.8758,35.159824
2086,2499,-115.17054,36.10259
2087,2499,-80.84905,35.217537
2088,2499,-80.84932,35.16113
2089,406,-80.93977,35.242043
2090,2499,-80.99172,35.10174
2091,2499,-80.88657,35.162937
2092,2499,-80.74168,35.295757
2093,2499,-80.94015,35.13591
2094,2499,-80.87657,35.15385
2095,407,-80.825935,35.213448
2096,2499,-80.86014,35.20661
2097,2499,-80.8137,35.219437
2098,4421,-80.85273,35.34764
2099,2499,-80.81279,35.21906
2100,2499,-115.14639,36.081303
2101,408,-80.737595,35.297573
2102,2499,-80.84309,35.22877
2103,4421,-115.262115,36.196945
2104,2499,-80.92195,35.190178
2105,2499,-80.84831,35.17095
2106,2499,-80.845085,35.240665
2107,837,-111.72112,33.36568
2108,2499,-80.92379,35.228855
2109,2499,-80.84487,35.226196
2110,409,-80.81176,35.218914
2111,2499,-80.8627,35.208965
2112,2499,-80.80948,35.24555
2113,410,-80.84442,35.202625
2114,2499,-80.86414,35.095043
2115,411,-80.93672,35.136356
2116,2499,-80.825935,35.213448
2117,2499,-80.849,35.171814
2118,2499,-80.8525,35.198616
2119,2499,-80.852196,35.2195
2120,2499,-80.81175,35.220337
2121,412,-80.8288,35.14714
2122,2499,-80.745094,35.312145
2123,2499,-80.75656,35.309387
2124,2499,-80.84905,35.217537
2125,2499,-80.77921,35.09758
2126,413,-80.84905,35.217537
2127,2499,-80.86122,35.21396
2128,2499,-80.84468,35.223866
2129,2499,-80.85251,35.200462
2130,2499,-80.84309,35.22877
2131,2499,-80.81496,35.219193
2132,414,-80.67065,35.28332
2133,2499,-80.83176,35.15394
2134,2499,-80.83798,35.227764
2135,2499,-80.848076,35.22434
2136,2499,-80.835815,35.212837
2137,2499,-80.84868,35.22403
2138,4,-80.8761,35.179295
2139,2499,-80.85876,35.211227
2140,2499,-80.84446,35.202034
2141,2499,-80.84875,35.174877
2142,2499,-80.85174,35.0535
2143,2499,-80.747345,35.29738
2144,2499,-80.84309,35.22877
2145,415,-80.935394,35.138138
2146,2499,-80.78777,35.235092
2147,416,-80.81733,35.220654
2148,417,-80.83551,35.209496
2149,4421,-115.17186,36.11744
2150,2499,-80.93361,35.13755
2151,2499,-80.84875,35.174877
2152,418,-80.84965,35.174477
2153,2499,-111.92562,33.491695
2154,329,-80.82424,35.212017
2155,419,-80.87645,35.166206
2156,420,-80.944695,35.12989
2157,421,-80.799644,35.176636
2158,422,-80.86737,35.229053
2159,2499,-80.77111,35.06428
2160,2499,-80.799644,35.176636
2161,2499,-80.81229,35.22058
2162,2499,-115.17422,36.109562
2163,2499,-115.17582,36.11773
2164,2499,-80.81206,35.241146
2165,2499,-80.857635,35.21252
2166,2499,-80.81175,35.220337
2167,837,-80.85571,35.209984
2168,423,-80.844475,35.070496
2169,424,-80.80546,35.247375
2170,2499,-80.81918,35.22167
2171,2499,-80.84,35.174778
2172,2499,-80.84115,35.22782
2173,2499,-111.926735,33.657112
2174,2499,-80.70049,35.13039
2175,2499,-80.855835,35.210754
2176,2499,-80.85326,35.348793
2177,2499,-80.81716,35.21237
2178,2499,-80.84502,35.20314
2179,2499,-80.82494,35.201736
2180,2499,-80.807144,35.17182
2181,2499,-80.84,35.174778
2182,2499,-80.8761,35.179295
2183,2499,-80.80123,35.178036
2184,2499,-80.83551,35.209496
2185,2499,-80.8607,35.209244
2186,425,-80.843506,35.070168
2187,2499,-80.852196,35.2195
2188,426,-80.938576,35.057438
2189,2499,-115.15387,36.110085
2190,427,-80.82169,35.216213
2191,428,-80.82461,35.200325
2192,429,-80.84383,35.22691
2193,2499,-80.79486,35.218468
2194,430,-80.81206,35.241146
2195,2499,-80.85935,35.209908
2196,2499,-80.81043,35.220932
2197,2499,-80.84,35.174778
2198,4421,-115.22625,36.086525
2199,2499,-80.818085,35.21314
2200,2499,-80.805695,35.034657
2201,431,-80.828156,35.151096
2202,2499,-80.93542,35.13835
2203,2499,-80.804825,35.24775
2204,2499,-80.82797,35.146362
2205,2499,-80.8546,35.348373
2206,2499,-80.84658,35.170643
2207,2499,-80.843506,35.070168
2208,432,-80.82792,35.15396
2209,2499,-80.81716,35.21237
2210,2499,-80.855835,35.210754
2211,2499,-80.84119,35.22911
2212,2499,-115.172455,36.111073
2213,2499,-80.828545,35.15261
2214,2499,-80.81716,35.21237
2215,433,-80.79244,35.204468
2216,2499,-80.84382,35.200817
2217,2499,-79.961075,40.46995
2218,2499,-80.859634,35.21071
2219,2499,-80.936554,35.145733
2220,2499,-80.791985,35.256
2221,2499,-80.738144,35.1357
2222,2499,-80.8318,35.14811
2223,6644,-115.19496,36.114685
2224,2499,-115.209656,36.127045
2225,2499,-115.17688,36.111946
2226,2499,-80.81149,35.245277
2227,434,-80.662704,35.17221
2228,2499,-80.81716,35.21237
2229,435,-80.83798,35.227764
2230,837,-111.995705,33.63991
2231,2499,-80.86004,35.207157
2232,2499,-80.88079,35.107975
2233,2499,-80.8749,35.189774
2234,2499,-80.83491,35.2131
2235,436,-80.84722,35.08597
2236,2499,-80.82852,35.215477
2237,2499,-80.82462,35.20136
2238,2499,-80.86146,35.088596
2239,2499,-80.81561,35.220566
2240,437,-80.82852,35.215477
2241,438,-80.84482,35.199852
2242,501,-80.84379,35.22627
2243,2499,-80.8138,35.2191
2244,2499,-80.86405,35.229416
2245,2499,-80.85118,35.35255
2246,2499,-80.88002,35.17877
2247,2499,-80.80712,35.171127
2248,2499,-81.0058,35.272568
2249,439,-80.84168,35.15213
2250,2499,-80.83987,35.132023
2251,2499,-80.86405,35.229416
2252,2499,-80.82453,35.202103
2253,2499,-80.8135,35.33469
2254,2499,-80.84831,35.17095
2255,2499,-80.81587,35.2208
2256,440,-80.81716,35.21237
2257,441,-80.826164,35.213642
2258,442,-80.826164,35.213642
2259,2499,-80.85064,35.086285
2260,2499,-80.70224,35.12819
2261,2499,-115.17306,36.091965
2262,2499,-80.72708,35.19117
2263,2499,-80.70828,35.1268
2264,2499,-79.964424,40.462208
2265,8103,-80.825935,35.213448
2266,6644,-80.85876,35.211227
2267,2499,-80.73764,35.140625
2268,2499,-80.87531,35.155407
2269,2499,-80.845085,35.240665
2270,2499,-80.82586,35.196793
2271,443,-115.284355,36.138515
2272,444,-80.843506,35.070168
2273,2499,-80.82398,35.157032
2274,2499,-80.81733,35.220654
2275,2499,-80.75586,35.307903
2276,445,-80.82656,35.213985
2277,446,-80.8412,35.199818
2278,2499,-111.92483,33.63489
2279,2499,-80.84687,35.172817
2280,2499,-80.826164,35.213642
2281,447,-115.25142,36.067112
2282,2499,-80.77807,35.104717
2283,2499,-80.861115,35.20664
2284,2499,-80.812,35.220078
2285,448,-80.81299,35.05344
2286,449,-80.848145,35.17423
2287,2499,-80.845024,35.239048
2288,450,-80.80634,35.03434
2289,451,-80.843506,35.070168
2290,452,-111.68722,33.37454
2291,2499,-80.845665,35.23918
2292,2499,-80.84573,35.231762
2293,2499,-80.82113,35.214535
2294,2499,-80.8138,35.2191
2295,2499,-80.82462,35.20136
2296,2499,-80.87846,35.137302
2297,453,-80.944695,35.12989
2298,2499,-80.856674,35.210552
2299,4,-80.80878,35.204247
2300,2499,-80.85247,35.2
2301,2499,-80.85616,35.216366
2302,2499,-80.84713,35.053158
2303,5832,-80.8122,35.053814
2304,454,-80.88197,35.187443
2305,2499,-80.88627,35.162006
2306,455,-80.70224,35.12819
2307,2499,-80.82113,35.214535
2308,5832,-80.73002,35.124725
2309,2499,-80.75586,35.307903
2310,456,-80.82113,35.214535
2311,2499,-80.81175,35.220337
2312,2499,-80.8,35.219612
2313,2499,-80.73821,35.317947
2314,457,-80.8761,35.179295
2315,2499,-80.672165,35.318203
2316,2499,-80.84927,35.171734
2317,2499,-80.87728,35.082138
2318,2499,-80.83188,35.156338
2319,2499,-80.87974,35.18816
2320,2499,-115.176315,36.109913
2321,837,-115.14069,36.169037
2322,6644,-89.52668,43.093647
2323,2499,-115.16879,36.122967
2324,2499,-115.15057,36.135254
2325,6644,-115.17019,36.123405
2326,837,-111.89978,33.523556
2327,2499,-111.99559,33.511234
2328,2499,-115.1725,36.127174
2329,2499,-73.58058,45.519264
2330,6644,-115.168106,36.103798
2331,2499,-3.1858778,55.947155
2332,2499,-115.17306,36.091965
2333,2499,-115.167725,36.103397
2334,2499,-80.737595,35.297573
2335,4421,-115.08998,36.020554
2336,2499,-111.8591,33.377247
2337,458,-115.16416,36.06009
2338,2499,-115.25142,36.067112
2339,2499,-111.91975,33.636482
2340,2499,-115.15271,36.108807
2341,4421,-115.16938,36.10251
2342,2499,-115.16923,36.121773
2343,837,-111.8251,33.36258
2344,2499,-80.77451,35.23672
2345,2499,-80.85504,35.353085
2346,2499,-115.1529,36.13159
2347,2499,-111.9258,33.477177
2348,2499,-115.167725,36.103397
2349,2499,-80.83901,35.17464
2350,2499,-115.15979,36.11516
2351,2499,-115.16845,36.123913
2352,2499,-115.17704,36.10762
2353,2499,-115.17368,36.12316
2354,2499,-80.83889,35.227463
2355,837,-111.93159,33.830368
2356,2499,-115.168724,36.123
2357,837,-111.77165,33.406406
2358,2499,-115.17581,36.08995
2359,459,-80.944046,35.220543
2360,2499,-73.55482,45.507256
2361,2499,-115.16592,36.127502
2362,6644,-112.006714,33.435715
2363,2499,-115.170616,36.124756
2364,837,-112.185715,33.583206
2365,2499,-111.93395,33.49345
2366,6644,-115.167755,36.123943
2367,2499,-115.174644,36.109913
2368,2499,-115.17243,36.119926
2369,2499,-115.174416,36.127724
2370,837,-112.2877,33.564358
2371,2499,-80.00034,40.4436
2372,2499,-115.176155,36.09279
2373,2499,-111.97825,33.74134
2374,837,-111.960075,33.349594
2375,6644,-80.944046,35.220543
2376,2499,-115.17787,36.11706
2377,2499,-115.168816,36.11002
2378,2499,-111.976555,33.677334
2379,2499,-115.1695,36.10743
2380,2499,-115.17033,36.12362
2381,837,-112.06516,33.519554
2382,2499,-73.750114,45.456585
2383,837,-112.08059,33.4803
2384,837,-111.999176,33.442745
2385,837,-112.06453,33.531372
2386,2499,-115.168846,36.122505
2387,837,-111.99575,33.50231
2388,2499,-80.944046,35.220543
2389,2499,-115.17644,36.116367
2390,2499,-115.15822,36.161972
2391,2499,-115.17086,36.10993
2392,2499,-111.99778,33.451496
2393,2499,-112.240166,33.58112
2394,2499,-88.2437,40.118378
2395,2499,-115.08266,36.15512
2396,2499,-115.14867,36.08358
2397,2499,-115.17407,36.121197
2398,2499,-115.17501,36.11692
2399,2499,-115.17618,36.115856
2400,460,-115.171135,36.117336
2401,837,-111.7195,33.34711
2402,2499,-73.55588,45.501442
2403,2499,-115.17027,36.12308
2404,2499,-80.944046,35.220543
2405,837,-115.18231,36.140705
2406,2499,-80.9438,35.221424
2407,6644,-112.26275,33.527668
2408,837,-111.91631,33.451744
2409,681,-115.14064,36.167877
2410,6644,-115.19791,36.125908
2411,2499,-80.854935,35.216297
2412,837,-80.944046,35.220543
2413,2499,-88.22969,40.110043
2414,461,-112.02849,33.510426
2415,462,-115.150406,36.08863
2416,837,-111.926315,33.490158
2417,463,-80.944046,35.220543
2418,2499,-73.60804,45.530563
2419,2499,-73.581505,45.530922
2420,6021,-73.587036,45.52039
2421,2499,-89.38434,43.07243
2422,2499,-115.14528,36.1616
2423,837,-111.8578,33.365765
2424,2499,-115.17473,36.098732
2425,2499,-79.98752,40.449078
2426,2499,-80.843506,35.070168
2427,2499,-80.91943,35.183266
2428,2499,-79.95666,40.442276
2429,837,-111.999565,33.495495
2430,2499,-80.828545,35.15261
2431,2499,-80.84137,35.228867
2432,837,-111.941376,33.423275
2433,837,-111.95392,33.40789
2434,2499,-80.944046,35.220543
2435,2499,-115.257744,36.26483
2436,2499,-80.80133,35.17737
2437,6644,-115.13595,36.105026
2438,464,-112.06483,33.457333
2439,837,-111.98909,33.42159
2440,2499,-80.937355,35.135857
2441,465,-80.83493,35.055386
2442,2499,-112.057686,33.639492
2443,2499,-80.944046,35.220543
2444,837,-111.921135,33.499172
2445,2499,-115.173874,36.109753
2446,466,-115.155205,36.14771
2447,2499,-73.56928,45.50419
2448,467,-80.7174,35.36955
2449,2499,-80.8758,35.159824
2450,2499,-80.944046,35.220543
2451,837,-112.073875,33.446995
2452,2499,-80.8758,35.159824
2453,6644,-80.84123,35.199883
2454,2499,-80.70224,35.12819
2455,4421,-115.22152,36.228466
2456,837,-111.96797,33.317436
2457,4421,-115.13576,36.035084
2458,2499,-80.944046,35.220543
2459,6644,-112.006714,33.435715
2460,2499,-80.944016,35.220257
2461,2499,-88.23019,40.11038
2462,4421,-115.27997,36.078644
2463,2499,-80.944046,35.220543
2464,2499,-80.944046,35.220543
2465,2499,-115.15126,36.1089
2466,6644,-80.944046,35.220543
2467,2499,-80.85149,35.05261
2468,2499,-115.17124,36.11788
2469,468,-80.88708,35.085953
2470,469,-89.51173,43.095787
2471,2499,-80.9438,35.221424
2472,2499,-80.828545,35.15261
2473,6644,-80.944046,35.220543
2474,4421,-115.1068,36.071945
2475,470,-80.01567,40.446617
2476,6644,-115.15112,36.086338
2477,2499,-73.57453,45.496788
2478,2499,-111.83632,33.587124
2479,2499,-80.944046,35.220543
2480,2499,-80.81106,35.220463
2481,2499,-80.944046,35.220543
2482,2499,-80.83592,35.212738
2483,2499,-115.127525,36.020584
2484,2499,-89.38412,43.074703
2485,2499,-80.75565,35.294712
2486,2499,-80.944046,35.220543
2487,2499,-80.944046,35.220543
2488,837,-80.944046,35.220543
2489,2499,-112.01903,33.540977
2490,2499,-80.944046,35.220543
2491,837,-111.97622,33.676357
2492,2499,-80.944046,35.220543
2493,2499,-80.944046,35.220543
2494,2499,-80.944046,35.220543
2495,2499,-80.84012,35.15234
2496,2499,-80.81716,35.21237
2497,2499,-80.863365,35.229313
2498,2499,-80.855835,35.210754
2499,2499,-80.81175,35.220337
2500,2499,-80.81924,35.22178
2501,471,-80.95081,35.151787
2502,2499,-80.72212,35.36922
2503,2499,-80.87974,35.18816
2504,2499,-80.838196,35.22776
2505,2499,-80.88912,35.22449
2506,2499,-80.84687,35.172817
2507,2499,-80.82622,35.19799
2508,2499,-80.853,35.19803
2509,472,-111.883736,33.583702
2510,2499,-80.833626,35.221504
2511,2499,-80.84168,35.15213
2512,473,-80.82802,35.154266
2513,474,-80.84482,35.199852
2514,2499,-80.78368,35.212433
2515,475,-80.849266,35.17167
2516,2499,-115.175026,36.121967
2517,2499,-80.849266,35.17167
2518,2499,-115.17113,36.12856
2519,2499,-80.821625,35.21582
2520,2499,-80.82461,35.200325
2521,476,-80.8318,35.14811
2522,6644,-115.14339,36.169838
2523,477,-80.863754,35.203762
2524,2499,-80.84012,35.15234
2525,2499,-80.844475,35.070496
2526,2499,-80.844475,35.070496
2527,478,-80.8585,35.211533
2528,479,-80.70224,35.12819
2529,480,-80.79466,35.15652
2530,2499,-80.84261,35.06862
2531,481,-80.80747,35.171265
2532,482,-80.78368,35.212433
2533,2499,-80.844475,35.070496
2534,483,-80.85757,35.116966
2535,2499,-80.81543,35.062252
2536,2499,-80.814415,35.240734
2537,2499,-80.84422,35.232487
2538,2499,-80.84309,35.22877
2539,484,-80.84123,35.199883
2540,485,-80.85005,35.16047
2541,4421,-80.828545,35.15261
2542,486,-80.823685,35.156307
2543,487,-111.96613,33.684566
2544,488,-80.82785,35.15082
2545,2499,-80.81206,35.241146
2546,2499,-80.77451,35.23672
2547,489,-80.75665,35.33723
2548,2499,-80.81206,35.241146
2549,490,-80.858955,35.092243
2550,2499,-80.749275,35.310623
2551,2499,-115.16935,35.965126
2552,2499,-80.84979,35.173267
2553,2499,-80.80948,35.24555
2554,491,-80.84261,35.06862
2555,2499,-80.81488,35.22101
2556,492,-80.812,35.220078
2557,2499,-111.93209,33.50269
2558,2499,-80.83187,35.153908
2559,2499,-115.18219,36.10132
2560,2499,-80.794655,35.15654
2561,2499,-115.149734,36.11512
2562,2499,-80.7296,35.081844
2563,2499,-80.88562,35.082645
2564,2499,-80.74955,35.30387
2565,493,-80.79589,35.335686
2566,494,-80.844315,35.226254
2567,2499,-80.853,35.19803
2568,2499,-80.874886,35.194466
2569,495,-80.98988,35.10504
2570,2499,-80.81337,35.220215
2571,496,-80.82779,35.146812
2572,497,-80.780136,35.09601
2573,2499,-80.822556,35.216587
2574,2499,-80.8288,35.14714
2575,498,-80.85284,35.056007
2576,2499,-80.835815,35.212837
2577,837,-80.82779,35.146812
2578,2499,-80.81726,35.07896
2579,499,-80.8288,35.14714
2580,500,-80.83798,35.227764
2581,501,-80.82453,35.202103
2582,502,-80.82586,35.196793
2583,2499,-80.812126,35.219738
2584,2499,-80.83176,35.15394
2585,2499,-80.75417,35.30588
2586,2499,-80.69245,35.081844
2587,2499,-80.861,35.210987
2588,503,-80.850105,35.17086
2589,504,-80.856674,35.210552
2590,505,-80.828156,35.151096
2591,2499,-80.844475,35.070496
2592,506,-80.83304,35.14736
2593,507,-80.83342,35.14839
2594,2499,-80.75586,35.307903
2595,2499,-80.857635,35.21252
2596,2499,-80.84875,35.174877
2597,2499,-115.24279,36.198753
2598,2499,-80.93305,35.137833
2599,2499,-80.84965,35.174477
2600,508,-81.045166,35.25219
2601,2499,-80.834305,35.152843
2602,2499,-80.8597,35.2084
2603,2499,-80.68446,35.138348
2604,2499,-80.88708,35.085953
2605,509,-80.93436,35.07772
2606,2499,-80.76431,35.199528
2607,510,-81.03737,35.244488
2608,2499,-80.828545,35.15261
2609,2499,-80.81488,35.22101
2610,511,-80.80432,35.247406
2611,2499,-80.84989,35.17166
2612,2499,-80.86769,35.205338
2613,6644,-115.173004,36.08616
2614,2499,-80.84226,35.22518
2615,2499,-80.98457,35.102345
2616,2499,-80.838165,35.23109
2617,2499,-80.824425,35.203094
2618,2499,-80.828156,35.151096
2619,2499,-80.85488,35.21698
2620,512,-80.84927,35.171734
2621,513,-80.79463,35.21759
2622,2499,-80.84831,35.17095
2623,514,-80.8412,35.199818
2624,2499,-115.17087,36.10242
2625,515,-80.99087,35.04719
2626,837,-111.89333,33.62839
2627,516,-80.82453,35.202103
2628,2499,-80.85541,35.2154
2629,517,-80.80878,35.204247
2630,2499,-80.83041,35.151836
2631,518,-80.80878,35.204247
2632,2499,-80.84379,35.22627
2633,2499,-80.750656,35.30877
2634,837,-112.07341,33.5137
2635,2499,-80.8585,35.211533
2636,2499,-73.57779,45.529545
2637,2499,-80.94419,35.007748
2638,2499,-80.74904,35.302338
2639,2499,-80.85906,35.349594
2640,4,-80.8627,35.208965
2641,2499,-80.839645,35.15207
2642,2499,-80.748726,35.304276
2643,2499,-80.71115,35.365433
2644,519,-80.855835,35.210754
2645,520,-80.74961,35.310642
2646,2499,-80.843124,35.227085
2647,521,-80.83889,35.227463
2648,522,-80.74929,35.309227
2649,523,-80.85976,35.208424
2650,2499,-80.80948,35.24555
2651,2499,-80.848854,35.352043
2652,2499,-80.84732,35.226967
2653,2499,-80.8585,35.211533
2654,524,-80.86563,35.22945
2655,2499,-80.85409,35.05622
2656,2499,-115.22406,36.12772
2657,4421,-115.33271,36.15179
2658,2499,-80.95775,35.019943
2659,525,-80.84722,35.08597
2660,2499,-80.83555,35.21173
2661,2499,-80.83798,35.227764
2662,2499,-80.84965,35.174477
2663,4421,-89.289276,43.148617
2664,2499,-80.85488,35.21698
2665,526,-80.84119,35.228916
2666,2499,-80.84875,35.174877
2667,2499,-80.840034,35.17451
2668,2499,-80.842514,35.228577
2669,527,-80.93213,35.144005
2670,2499,-80.84147,35.228134
2671,2499,-115.1725,36.110065
2672,528,-80.85239,35.053368
2673,837,-111.94996,33.451237
2674,529,-80.88366,35.18137
2675,2499,-80.93361,35.13755
2676,530,-80.83889,35.227463
2677,531,-80.81709,35.06069
2678,2499,-80.81716,35.21237
2679,2499,-80.75267,35.30617
2680,2499,-80.81337,35.220215
2681,2499,-80.85695,35.11738
2682,532,-80.805824,35.24725
2683,533,-80.85876,35.211227
2684,534,-80.86561,35.088676
2685,535,-80.85154,35.057957
2686,2499,-80.8138,35.059113
2687,2499,-80.84932,35.16113
2688,2499,-80.842285,35.19989
2689,2499,-80.761215,35.211407
2690,2499,-80.85738,35.088554
2691,536,-80.81393,35.05862
2692,537,-80.86561,35.088676
2693,538,-80.81584,35.062054
2694,539,-80.84322,35.06882
2695,2499,-115.19311,36.158806
2696,540,-80.868095,35.090508
2697,541,-80.85154,35.057957
2698,2499,-80.846985,35.17168
2699,2499,-80.99141,35.04635
2700,2499,-80.73002,35.124725
2701,542,-80.844475,35.070496
2702,2499,-80.85695,35.11738
2703,543,-80.85186,35.053413
2704,544,-80.848854,35.08639
2705,545,-80.85876,35.211227
2706,546,-80.70224,35.12819
2707,2499,-80.77147,35.061897
2708,547,-80.84681,35.022648
2709,548,-80.8138,35.059113
2710,549,-80.86706,35.089035
2711,2499,-80.84226,35.22518
2712,2499,-80.86414,35.095043
2713,550,-80.85227,35.05421
2714,2499,-80.812096,35.241554
2715,2499,-80.84569,35.239365
2716,551,-80.73002,35.124725
2717,2499,-115.173706,36.107292
2718,552,-80.80773,35.106407
2719,2499,-80.81426,35.060837
2720,553,-80.93436,35.07772
2721,2499,-80.750656,35.30877
2722,2499,-80.76206,35.21154
2723,554,-80.82169,35.216213
2724,4421,-80.81351,35.334774
2725,555,-115.17407,36.121197
2726,556,-80.736565,35.135166
2727,2499,-80.81887,35.221497
2728,557,-80.750694,35.310898
2729,558,-80.81206,35.241146
2730,6644,-115.186104,36.11628
2731,2499,-80.84046,35.15285
2732,2499,-80.75596,35.336823
2733,2499,-80.74641,35.31136
2734,559,-80.88366,35.18137
2735,2499,-115.08465,36.054893
2736,2499,-112.11606,33.58511
2737,560,-111.94189,33.62496
2738,2499,-80.764656,35.341156
2739,2499,-80.861435,35.20872
2740,2499,-80.825935,35.213448
2741,2499,-80.749275,35.310623
2742,2499,-80.85526,35.214577
2743,2499,-80.75665,35.33723
2744,561,-80.81924,35.22178
2745,2499,-80.80405,35.2478
2746,2499,-80.828156,35.151096
2747,2499,-80.84979,35.173267
2748,562,-80.859634,35.21071
2749,2499,-80.8572,35.210094
2750,2499,-80.86769,35.205338
2751,2499,-80.83948,35.22784
2752,563,-80.717865,35.37037
2753,2499,-80.86098,35.20925
2754,2499,-80.842285,35.19989
2755,2499,-80.93305,35.137833
2756,6644,-80.74955,35.30387
2757,2499,-80.82659,35.214073
2758,7635,-115.251564,36.06299
2759,2499,-80.857925,35.348015
2760,2499,-80.84442,35.202625
2761,2499,-80.86737,35.229053
2762,564,-80.81149,35.245277
2763,565,-80.84868,35.22403
2764,566,-80.73761,35.140594
2765,567,-80.8138,35.059113
2766,2499,-80.85391,35.21462
2767,2499,-80.84142,35.19913
2768,568,-80.99234,35.04796
2769,2499,-80.8553,35.2143
2770,2499,-80.85654,35.215023
2771,2499,-80.85227,35.05421
2772,569,-80.85571,35.209984
2773,570,-80.84693,35.22586
2774,2499,-80.8553,35.2143
2775,571,-80.844475,35.070496
2776,2499,-80.96265,35.11669
2777,2499,-80.81689,35.22073
2778,2499,-115.144844,36.058475
2779,2499,-89.40875,43.067947
2780,681,-89.3769,43.08374
2781,681,-89.47949,43.00865
2782,681,-89.32297,43.18405
2783,681,-89.44292,43.075306
2784,681,-89.456314,43.014187
2785,2499,-89.35395,43.120316
2786,6644,-89.39456,43.075134
2787,681,-89.21159,43.18298
2788,681,-89.32297,43.18405
2789,2499,-89.37679,43.083786
2790,681,-89.383064,43.070717
2791,2499,-89.52305,43.086346
2792,2499,-89.441734,43.07498
2793,572,-89.41808,43.064034
2794,573,-89.36945,43.08559
2795,681,-89.36152,43.085617
2796,681,-89.32814,43.046417
2797,681,-89.32856,43.114677
2798,681,-89.42853,43.057552
2799,681,-89.5068,43.056248
2800,681,-89.4811,43.01489
2801,681,-89.40119,43.06117
2802,681,-89.486176,43.052937
2803,681,-89.49774,43.106773
2804,574,-89.30634,43.025803
2805,6041,-89.35012,43.103447
2806,2499,-89.47949,43.00865
2807,2499,-89.275696,43.08474
2808,575,-89.21093,43.19582
2809,681,-89.4955,43.057938
2810,681,-89.30383,43.01778
2811,576,-89.497284,43.055134
2812,681,-89.382126,43.07474
2813,4,-89.38992,43.074516
2814,681,-89.441734,43.07498
2815,2499,-115.169655,36.12119
2816,2499,-89.379364,43.052025
2817,2499,-89.4077,43.067436
2818,2499,-115.16522,36.099003
2819,577,-89.326256,43.140068
2820,2499,-89.395935,43.053226
2821,681,-89.36083,43.08603
2822,6644,-89.41891,43.063972
2823,578,-89.38247,43.073563
2824,2499,-89.382126,43.07474
2825,681,-89.36334,43.084156
2826,681,-89.51129,43.060986
2827,579,-89.48517,43.09064
2828,681,-89.379745,43.074577
2829,681,-89.49642,43.06147
2830,681,-89.36083,43.08603
2831,681,-89.38449,43.072475
2832,681,-89.32814,43.046417
2833,681,-89.42256,43.034737
2834,681,-89.45825,43.014957
2835,681,-89.43835,43.07535
2836,580,-89.36945,43.08559
2837,581,-89.452484,43.074177
2838,681,-89.42256,43.034737
2839,681,-89.38207,43.07572
2840,681,-89.395744,43.069794
2841,681,-89.474075,43.049545
2842,2499,-89.36867,43.079823
2843,2499,-89.36432,43.083252
2844,2499,-89.36432,43.083252
2845,2499,-89.40119,43.060333
2846,681,-89.477135,43.011986
2847,2499,-115.17459,36.112022
2848,582,-88.2086,40.11546
2849,681,-89.32608,43.069805
2850,681,-89.452484,43.074177
2851,681,-89.34613,43.093662
2852,681,-89.30651,43.085255
2853,681,-89.37947,43.075554
2854,681,-89.32574,43.126083
2855,681,-89.3759,43.084892
2856,681,-89.51367,43.09613
2857,583,-89.392944,43.074833
2858,584,-89.51164,43.096714
2859,681,-89.49642,43.06147
2860,681,-89.38156,43.074345
2861,681,-89.51173,43.095787
2862,681,-89.49766,43.05608
2863,681,-89.32814,43.046417
2864,681,-89.511024,43.095615
2865,681,-89.388535,43.074997
2866,681,-89.37935,43.07414
2867,681,-89.452484,43.074177
2868,681,-89.39097,43.0746
2869,837,-111.97863,33.480392
2870,585,-112.09614,33.510094
2871,586,-89.34981,43.102962
2872,681,-89.27986,43.085346
2873,681,-89.40158,43.06768
2874,681,-89.388535,43.074997
2875,681,-89.51129,43.060986
2876,681,-89.3862,43.074203
2877,2499,-89.38117,43.074955
2878,587,-89.36152,43.085617
2879,588,-89.36497,43.082657
2880,589,-89.37649,43.07974
2881,590,-89.523,43.097443
2882,681,-89.40158,43.06768
2883,591,-89.38247,43.073563
2884,592,-89.37919,43.05216
2885,681,-89.51057,43.095184
2886,593,-115.1753,36.09208
2887,2499,-89.34132,43.094032
2888,681,-89.381355,43.074852
2889,681,-89.519936,43.097557
2890,681,-89.388275,43.07489
2891,681,-89.21093,43.19582
2892,681,-89.4523,43.037422
2893,594,-89.40099,43.06084
2894,2499,-89.47598,43.083424
2895,837,-111.92548,33.50108
2896,6644,-89.52293,43.08738
2897,681,-89.39556,43.07282
2898,2499,-115.17337,36.104424
2899,681,-89.32856,43.114677
2900,595,-89.5454,42.988796
2901,596,-89.497284,43.055134
2902,597,-89.34581,43.136467
2903,598,-89.38156,43.077374
2904,599,-89.51744,43.075317
2905,681,-89.40158,43.06768
2906,2499,-89.413765,43.074978
2907,2499,-89.523,43.097443
2908,681,-89.44762,43.07488
2909,600,-89.36857,43.0805
2910,601,-89.486176,43.052937
2911,681,-89.38136,43.073986
2912,681,-89.52913,43.07492
2913,602,-89.38992,43.074516
2914,681,-89.456314,43.014187
2915,603,-115.14124,36.172813
2916,681,-89.476555,43.014854
2917,681,-89.51164,43.096714
2918,681,-89.34569,43.103096
2919,681,-89.38379,43.07604
2920,6644,-89.36171,43.08535
2921,6644,-115.11687,36.072422
2922,681,-89.36072,43.085545
2923,681,-89.388954,43.074677
2924,604,-89.52916,43.09116
2925,681,-89.42853,43.057552
2926,681,-89.3862,43.074203
2927,2499,-89.38434,43.07243
2928,681,-89.3804,43.07523
2929,605,-89.35473,43.0921
2930,681,-89.3953,43.0748
2931,606,-89.42885,43.05668
2932,2499,-89.38374,43.076313
2933,837,-111.886734,33.638863
2934,2499,-89.34918,43.093002
2935,2499,-115.16817,36.108307
2936,2499,-89.381035,43.075104
2937,681,-89.45145,43.07474
2938,681,-115.165016,36.13178
2939,607,-111.917046,33.538303
2940,608,-89.50224,43.08261
2941,2499,-89.45298,43.07353
2942,2499,-89.52498,43.05552
2943,681,-89.45356,43.074993
2944,681,-89.388954,43.074677
2945,681,-89.38154,43.074726
2946,2499,-89.387115,43.074738
2947,2499,-89.51659,43.09485
2948,2499,-89.51659,43.09485
2949,609,-89.38087,43.07401
2950,681,-89.38247,43.073563
2951,681,-89.32814,43.046417
2952,610,-89.21386,43.183014
2953,681,-89.39592,43.073418
2954,611,-89.486176,43.052937
2955,681,-89.39035,43.07438
2956,681,-89.36005,43.1289
2957,612,-89.36945,43.08559
2958,681,-89.32543,43.07012
2959,681,-89.49774,43.106773
2960,613,-89.351616,43.09296
2961,614,-115.11135,36.100388
2962,2499,-89.37587,43.08149
2963,681,-89.30599,43.12056
2964,615,-89.36432,43.083252
2965,837,-89.31461,43.120415
2966,681,-89.38354,43.07628
2967,681,-89.36152,43.085617
2968,4421,-89.376205,43.08478
2969,681,-89.49766,43.05608
2970,681,-89.37587,43.08149
2971,681,-89.380226,43.07164
2972,681,-89.3519,43.09242
2973,616,-89.52923,43.090763
2974,2499,-89.36432,43.083252
2975,617,-89.36925,43.08017
2976,2499,-89.38087,43.07401
2977,618,-89.52916,43.09116
2978,681,-89.32814,43.046417
2979,681,-89.2708,43.166264
2980,619,-89.381355,43.074852
2981,620,-89.34459,43.103558
2982,621,-89.47705,43.04692
2983,2499,-89.39618,43.075157
2984,681,-89.388336,43.07488
2985,681,-89.32392,43.046528
2986,2499,-89.35473,43.0921
2987,681,-89.36402,43.111313
2988,2499,-89.38658,43.07561
2989,681,-89.35878,43.087936
2990,2499,-89.335556,43.09263
2991,2499,-89.37935,43.07414
2992,681,-89.36459,43.101673
2993,681,-89.47756,43.083755
2994,681,-89.51173,43.095787
2995,2499,-89.45145,43.07474
2996,622,-89.381355,43.074852
2997,6037,-89.45125,43.07136
2998,623,-89.503044,43.065376
2999,624,-89.38754,43.074776
3000,625,-89.392944,43.074833
3001,626,-89.35518,43.092567
3002,681,-89.45825,43.014957
3003,681,-89.39132,43.074154
3004,627,-89.39336,43.07273
3005,681,-89.38053,43.07453
3006,628,-89.42092,43.034473
3007,681,-89.38434,43.07243
3008,681,-89.35553,43.0923
3009,681,-89.47756,43.083755
3010,2499,-112.20237,33.63953
3011,681,-89.2708,43.166264
3012,681,-89.452484,43.074177
3013,681,-89.38866,43.074894
3014,4421,-89.4811,43.01489
3015,2499,-115.17437,36.10206
3016,4421,-115.27853,36.057846
3017,681,-89.41073,43.06757
3018,681,-89.35198,43.092834
3019,681,-89.36867,43.079823
3020,681,-89.48242,43.01348
3021,681,-89.34742,43.093655
3022,629,-89.39057,43.04999
3023,681,-89.275696,43.08474
3024,630,-89.35877,43.10565
3025,681,-89.49766,43.05608
3026,681,-89.40417,43.1502
3027,2499,-89.36083,43.08603
3028,681,-89.45233,43.072243
3029,2499,-89.5068,43.056248
3030,681,-89.452484,43.074177
3031,681,-89.36857,43.0805
3032,631,-89.30716,43.128033
3033,632,-89.40099,43.06084
3034,681,-89.22621,43.19943
3035,633,-89.39675,43.0749
3036,634,-89.35012,43.103447
3037,681,-89.35012,43.103447
3038,2499,-89.40181,43.06787
3039,681,-89.52519,43.07319
3040,2499,-89.4811,43.01489
3041,635,-89.32814,43.046417
3042,681,-89.275696,43.08474
3043,681,-89.37587,43.08149
3044,636,-89.39069,43.074802
3045,681,-89.32608,43.069805
3046,681,-89.38154,43.074726
3047,681,-89.289276,43.148617
3048,2499,-89.379906,43.077324
3049,681,-89.42897,43.072254
3050,637,-89.36083,43.08603
3051,681,-89.331184,43.107246
3052,681,-89.4301,43.072556
3053,2499,-89.40099,43.06084
3054,2499,-89.35012,43.103447
3055,638,-89.3721,43.078094
3056,639,-89.35012,43.103447
3057,2499,-89.38866,43.074894
3058,640,-89.382256,43.073795
3059,2499,-89.386986,43.07473
3060,641,-89.35473,43.0921
3061,642,-89.35353,43.092144
3062,681,-89.41643,43.06517
3063,681,-89.36867,43.079823
3064,681,-89.36152,43.085617
3065,2499,-115.17345,36.10306
3066,681,-89.35162,43.090496
3067,681,-89.35705,43.098232
3068,643,-89.511826,43.095665
3069,681,-89.39227,43.074833
3070,681,-89.44762,43.07488
3071,681,-89.39069,43.074802
3072,681,-89.44292,43.075306
3073,681,-89.35705,43.098232
3074,2499,-89.309006,43.122932
3075,644,-115.15112,36.086338
3076,681,-89.35104,43.107162
3077,681,-89.379616,43.082268
3078,2499,-89.38354,43.07628
3079,645,-89.36427,43.08367
3080,2499,-89.39556,43.07282
3081,2499,-89.390335,43.074764
3082,2499,-89.331184,43.107246
3083,2499,-115.1401,36.168667
3084,5997,-89.38123,43.074745
3085,681,-89.423325,43.01809
3086,681,-89.48553,43.101673
3087,2499,-89.38389,43.07915
3088,2499,-89.37374,43.047718
3089,2499,-115.17105,36.12595
3090,2499,-89.394295,43.074852
3091,2499,-115.15387,36.110085
3092,646,-89.49766,43.05608
3093,647,-89.36083,43.08603
3094,681,-89.38156,43.074345
3095,4,-79.93446,40.451183
3096,681,-89.39069,43.074802
3097,6644,-89.38434,43.07243
3098,2499,-89.384125,43.07445
3099,648,-89.36857,43.0805
3100,2499,-89.38845,43.074776
3101,649,-89.37629,43.07975
3102,2499,-89.42676,43.00619
3103,650,-89.390366,43.075306
3104,651,-89.36288,43.083706
3105,2499,-89.335556,43.09263
3106,681,-89.44463,43.075634
3107,652,-89.43767,43.075245
3108,653,-89.3519,43.09242
3109,654,-89.376755,43.076054
3110,655,-89.41292,43.06744
3111,6644,-115.17704,36.10762
3112,681,-89.43,43.01544
3113,656,-89.35503,43.091755
3114,657,-89.34394,43.103706
3115,2499,-89.41253,43.067593
3116,2499,-115.16114,36.144093
3117,2499,-115.17332,36.10583
3118,658,-73.56071,45.50675
3119,659,-89.36941,43.08006
3120,2499,-89.32555,43.04973
3121,681,-89.38136,43.073986
3122,660,-89.41292,43.06744
3123,681,-89.41808,43.064034
3124,681,-89.36857,43.0805
3125,2499,-89.38434,43.07243
3126,6644,-89.38658,43.07561
3127,681,-89.365746,43.08194
3128,661,-115.104416,36.042297
3129,681,-89.36857,43.0805
3130,681,-89.39076,43.074955
3131,681,-89.22621,43.19943
3132,681,-89.47379,43.051
3133,681,-89.35705,43.098232
3134,681,-89.38431,43.076805
3135,662,-89.387115,43.074738
3136,681,-89.3519,43.09242
3137,681,-89.355125,43.092056
3138,663,-89.381355,43.074852
3139,2499,-89.32401,43.078587
3140,681,-89.36941,43.08006
3141,681,-89.35353,43.092144
3142,681,-89.39102,43.07481
3143,681,-89.35395,43.120316
3144,664,-89.36925,43.08017
3145,2499,-89.3519,43.09242
3146,837,-73.55392,45.50554
3147,665,-89.389015,43.056244
3148,666,-89.39252,43.07481
3149,667,-89.38431,43.076805
3150,681,-89.220314,43.18294
3151,681,-89.38722,43.074444
3152,681,-89.3862,43.074203
3153,681,-89.452484,43.074177
3154,681,-89.37679,43.083786
3155,668,-89.3519,43.09242
3156,669,-89.5035,43.05941
3157,681,-89.38695,43.07489
3158,681,-89.38511,43.07416
3159,670,-89.36152,43.085617
3160,671,-89.379745,43.074577
3161,2131,-89.36171,43.08535
3162,681,-89.51896,43.05774
3163,681,-89.39336,43.07273
3164,681,-89.39492,43.07482
3165,681,-89.35553,43.0923
3166,681,-89.39336,43.07273
3167,681,-89.38379,43.07604
3168,2499,-89.38087,43.07401
3169,681,-89.36945,43.08559
3170,681,-89.3519,43.09242
3171,672,-89.3519,43.09242
3172,673,-89.47598,43.083424
3173,674,-89.36459,43.101673
3174,675,-89.32814,43.046417
3175,681,-89.37064,43.082573
3176,676,-89.382126,43.07474
3177,677,-89.35553,43.0923
3178,681,-89.37109,43.078247
3179,681,-89.35473,43.0921
3180,2499,-115.14289,36.143345
3181,678,-89.38247,43.073563
3182,681,-89.456314,43.014187
3183,681,-89.363655,43.10743
3184,681,-89.35705,43.098232
3185,681,-89.45233,43.072243
3186,2499,-89.376205,43.08478
3187,2499,-89.52305,43.086346
3188,679,-89.46647,43.01423
3189,680,-89.39177,43.075077
3190,681,-89.38992,43.074516
3191,681,-89.35553,43.0923
3192,681,-89.401085,43.060616
3193,681,-89.42256,43.034737
3194,2499,-88.24467,40.118534
3195,2499,-89.38354,43.07628
3196,2499,-88.18881,40.081566
3197,2499,-89.42806,43.057484
3198,681,-89.42396,43.067688
3199,681,-89.452324,43.07114
3200,2499,-89.39741,43.055573
3201,2499,-89.39741,43.055573
3202,681,-89.380875,43.074425
3203,681,-89.335556,43.09263
3204,681,-89.37587,43.08149
3205,2499,-89.49642,43.06147
3206,682,-115.06592,36.240154
3207,683,-89.38337,43.073467
3208,681,-89.32646,43.07151
3209,684,-89.38247,43.073563
3210,685,-89.35104,43.107162
3211,681,-89.40158,43.06768
3212,681,-89.39307,43.07546
3213,686,-89.348366,43.100662
3214,681,-89.21058,43.18098
3215,687,-89.36459,43.101673
3216,681,-89.35104,43.107162
3217,2499,-89.39556,43.07282
3218,681,-89.345695,43.093666
3219,688,-89.35353,43.092144
3220,2499,-111.789276,33.355034
3221,6644,-115.17481,36.10987
3222,689,-89.21145,43.182384
3223,690,-89.4504,43.05485
3224,691,-89.3452,43.09377
3225,692,-89.38207,43.07572
3226,693,-89.45233,43.072243
3227,2499,-115.16559,36.12689
3228,2499,-89.38695,43.07489
3229,2499,-89.21145,43.182384
3230,694,-89.37928,43.074512
3231,681,-89.41013,43.059933
3232,695,-89.32814,43.046417
3233,681,-89.48242,43.01348
3234,696,-89.35473,43.0921
3235,681,-89.35518,43.092567
3236,681,-89.363655,43.10743
3237,681,-89.32527,43.05699
3238,2499,-115.14064,36.167877
3239,697,-89.39062,43.075012
3240,681,-89.49478,43.104088
3241,698,-89.39768,43.055992
3242,699,-89.32613,43.045242
3243,2499,-115.179146,36.145535
3244,2499,-89.36288,43.083706
3245,837,-111.93152,33.493298
3246,700,-89.395935,43.053226
3247,2499,-89.325264,43.085136
3248,701,-89.4811,43.01489
3249,2499,-89.39336,43.07273
3250,2499,-89.3838,43.07744
3251,681,-89.456314,43.014187
3252,681,-89.39987,43.07648
3253,681,-89.51913,43.101303
3254,681,-89.401085,43.060616
3255,681,-89.382126,43.07474
3256,2499,-89.374084,43.076233
3257,681,-89.220314,43.18294
3258,2499,-89.35395,43.120316
3259,681,-89.37962,43.07393
3260,2499,-89.47949,43.00865
3261,2499,-89.394714,43.074917
3262,681,-89.33706,43.049026
3263,681,-89.51104,43.0958
3264,681,-89.40158,43.06768
3265,2499,-89.5013,43.059402
3266,702,-115.17516,36.109875
3267,703,-89.41392,43.15129
3268,704,-115.172195,36.119576
3269,705,-89.32392,43.046528
3270,706,-89.52417,43.09748
3271,707,-89.30427,43.128292
3272,681,-89.477135,43.011986
3273,2499,-89.35395,43.120316
3274,681,-89.47475,43.050423
3275,2499,-114.96489,36.026684
3276,837,-111.859535,33.33992
3277,837,-89.36945,43.08559
3278,2499,-115.17028,36.12229
3279,708,-89.36867,43.079823
3280,2499,-89.41891,43.063972
3281,2499,-115.1546,36.11997
3282,2499,-89.51618,42.97925
3283,2499,-80.9438,35.221424
3284,709,-89.37919,43.05216
3285,2499,-89.424065,43.07287
3286,681,-89.453026,43.07333
3287,2499,-89.413765,43.074978
3288,681,-115.16114,36.144093
3289,710,-89.36945,43.08559
3290,2499,-89.41037,43.069317
3291,681,-89.52932,43.075336
3292,2499,-88.2293,40.110085
3293,2499,-88.20926,40.112396
3294,4,-112.07397,33.45983
3295,2499,-111.78376,33.334938
3296,711,-88.2434,40.118286
3297,2499,-115.17259,36.112953
3298,6644,-88.240685,40.11742
3299,6644,-88.221664,40.1161
3300,2499,-115.137505,36.08225
3301,2499,-88.24388,40.119038
3302,2499,-88.2434,40.118286
3303,2499,-88.24323,40.11857
3304,6644,-88.20883,40.11376
3305,2499,-88.232376,40.110554
3306,712,-88.240685,40.11742
3307,713,-88.23069,40.110374
3308,714,-88.23284,40.116013
3309,2499,-88.2218,40.10651
3310,2499,-88.2447,40.099606
3311,681,-88.233215,40.11011
3312,2499,-88.24496,40.118748
3313,2499,-3.1981623,55.951706
3314,715,-88.22951,40.10799
3315,2499,-88.2426,40.116905
3316,2499,-88.20804,40.11225
3317,2499,-88.195114,40.105858
3318,4421,-115.169754,36.102917
3319,2499,-88.229614,40.11008
3320,2499,-115.15112,36.086338
3321,2499,-88.2303,40.112686
3322,2499,-88.24379,40.139793
3323,716,-88.23284,40.116013
3324,2499,-88.24271,40.116985
3325,2499,-88.24388,40.119038
3326,2499,-73.57137,45.497894
3327,2499,-115.17028,36.112648
3328,717,-88.23319,40.110554
3329,2499,-88.24502,40.117847
3330,2499,-89.38354,43.07628
3331,718,-88.24448,40.10152
3332,2499,-88.24389,40.1071
3333,2499,-111.87578,33.41316
3334,2499,-88.236015,40.10131
3335,2499,-88.23837,40.114132
3336,2499,-88.2085,40.11276
3337,2499,-88.209564,40.11271
3338,2499,-88.23021,40.108086
3339,719,-88.24379,40.139793
3340,720,-88.24701,40.08656
3341,721,-88.2434,40.118286
3342,2499,-88.23233,40.115753
3343,2499,-115.16918,36.10844
3344,722,-88.22911,40.109997
3345,2499,-89.387115,43.074738
3346,723,-88.24323,40.11857
3347,2499,-88.238914,40.110374
3348,2499,-112.06628,33.58545
3349,2499,-88.23308,40.11003
3350,2499,-88.24774,40.09772
3351,724,-88.2434,40.118286
3352,760,-88.24212,40.11682
3353,2499,-111.92942,33.50284
3354,2499,-88.23848,40.1148
3355,2499,-88.24073,40.1127
3356,2499,-88.23174,40.10928
3357,2499,-88.22176,40.10659
3358,2499,-88.20769,40.11382
3359,2499,-88.24496,40.118748
3360,2499,-88.241516,40.11774
3361,725,-89.27986,43.085346
3362,2499,-88.229225,40.110085
3363,2499,-88.240685,40.11742
3364,726,-88.20945,40.11271
3365,2499,-88.219406,40.105736
3366,2499,-88.20841,40.11245
3367,2499,-88.22427,40.10481
3368,2499,-88.240685,40.11742
3369,5982,-88.23617,40.11039
3370,727,-88.238914,40.110374
3371,681,-88.24783,40.086903
3372,718,-88.20865,40.111958
3373,2499,-115.174515,36.121548
3374,837,-88.24325,40.11701
3375,2499,-88.24395,40.10045
3376,728,-88.20581,40.11679
3377,2499,-88.23178,40.109715
3378,2499,-88.24395,40.10045
3379,729,-88.20945,40.11271
3380,730,-88.23837,40.114132
3381,731,-88.195114,40.105858
3382,2499,-88.24356,40.10787
3383,732,-88.20902,40.112823
3384,2499,-112.23302,33.63773
3385,739,-88.211426,40.11256
3386,733,-88.243935,40.118393
3387,769,-88.229805,40.11028
3388,2499,-88.24061,40.116714
3389,2499,-80.01087,40.44597
3390,733,-88.19617,40.13858
3391,2499,-88.20581,40.11679
3392,2499,-88.22904,40.11117
3393,2499,-115.17704,36.10762
3394,6041,-88.24323,40.11857
3395,2499,-88.23354,40.110474
3396,2499,-79.92549,40.45775
3397,2499,-115.17818,36.10713
3398,837,-115.17234,36.11635
3399,734,-88.23319,40.110554
3400,2499,-88.233215,40.11011
3401,2499,-88.24388,40.119038
3402,735,-88.20279,40.11339
3403,718,-88.2437,40.118378
3404,2499,-88.195114,40.105858
3405,2499,-88.242805,40.12125
3406,2499,-88.24325,40.11701
3407,2499,-88.2437,40.118378
3408,6644,-88.23076,40.116364
3409,736,-88.20769,40.11382
3410,737,-88.2283,40.110867
3411,738,-88.24229,40.116985
3412,739,-88.19617,40.13858
3413,2499,-88.20826,40.112453
3414,740,-88.24379,40.139793
3415,741,-88.239075,40.1128
3416,2499,-115.164345,36.06004
3417,742,-88.20769,40.11382
3418,743,-88.20945,40.11271
3419,744,-88.207214,40.11124
3420,745,-115.177,36.11199
3421,837,-111.9149,33.393497
3422,2499,-88.2437,40.118378
3423,746,-88.20865,40.111958
3424,747,-88.233215,40.11011
3425,2499,-88.207085,40.110584
3426,2499,-88.24397,40.114014
3427,2499,-88.239075,40.1128
3428,748,-88.20926,40.112396
3429,2499,-88.20279,40.11339
3430,2499,-88.22929,40.106537
3431,2499,-111.9727,33.675682
3432,681,-88.24313,40.11755
3433,2499,-115.15112,36.086338
3434,749,-89.289276,43.148617
3435,182,-88.223625,40.106655
3436,750,-88.24389,40.1071
3437,751,-88.23019,40.11038
3438,752,-88.245255,40.09505
3439,753,-89.32401,43.078587
3440,2499,-115.17087,36.10242
3441,6644,-111.99793,33.435448
3442,837,-88.243355,40.11683
3443,2499,-88.21203,40.105923
3444,837,-88.23848,40.1148
3445,837,-115.25998,36.143147
3446,2499,-88.240685,40.11742
3447,2499,-88.24212,40.11682
3448,754,-88.20769,40.11382
3449,755,-88.20865,40.111958
3450,837,-111.9258,33.477177
3451,756,-89.43891,43.060574
3452,2499,-115.13952,36.169872
3453,757,-88.242805,40.12125
3454,2499,-88.2085,40.11276
3455,2499,-88.24325,40.11701
3456,2499,-115.174706,36.01131
3457,2499,-88.20769,40.11382
3458,2499,-88.20865,40.111958
3459,837,-111.941376,33.423275
3460,2499,-88.20279,40.11339
3461,758,-88.24543,40.139908
3462,2499,-89.39369,43.075104
3463,759,-115.17089,36.114025
3464,2499,-88.238914,40.110374
3465,2499,-111.92708,33.508694
3466,2499,-88.24571,40.091057
3467,2499,-88.22543,40.11664
3468,2499,-88.24323,40.11857
3469,761,-88.24783,40.086903
3470,2499,-115.08998,36.020554
3471,2499,-88.24774,40.09772
3472,837,-111.83933,33.246418
3473,2499,-88.22906,40.11122
3474,2499,-88.229225,40.110085
3475,2499,-88.230064,40.10959
3476,2499,-89.38087,43.07401
3477,762,-88.238914,40.110374
3478,2499,-88.232376,40.110554
3479,2499,-88.23233,40.115753
3480,763,-88.23617,40.11039
3481,733,-88.233215,40.11011
3482,2499,-115.18644,36.11881
3483,2499,-88.2434,40.118286
3484,764,-88.20902,40.112823
3485,2499,-88.203156,40.11728
3486,2499,-88.20715,40.11127
3487,765,-89.39086,43.074776
3488,2499,-88.2433,40.117863
3489,766,-88.2433,40.117863
3490,767,-88.24496,40.118748
3491,768,-88.2086,40.11546
3492,2499,-88.20865,40.111958
3493,2499,-88.24201,40.116554
3494,2499,-88.24701,40.08656
3495,718,-115.16879,36.122967
3496,769,-112.04598,33.430363
3497,2499,-79.99488,40.44043
3498,2499,-88.23153,40.110126
3499,2499,-112.08303,33.487476
3500,770,-115.186485,36.1187
3501,2499,-115.16912,36.103695
3502,760,-88.20926,40.112396
3503,2499,-111.91975,33.636482
3504,837,-111.92575,33.406265
3505,2499,-111.84298,33.60665
3506,2499,-80.006386,40.43469
3507,2499,-88.20883,40.11376
3508,2499,-88.24388,40.119038
3509,2499,-88.2434,40.118286
3510,2499,-73.57111,45.51555
3511,4,-89.41921,43.02028
3512,2499,-88.2085,40.11276
3513,837,-112.06476,33.471985
3514,2499,-73.57049,45.502525
3515,837,-112.079285,33.455036
3516,771,-112.10138,33.69867
3517,837,-112.098274,33.53864
3518,837,-112.05206,33.457935
3519,837,-111.9352,33.424534
3520,2499,-115.22329,36.125538
3521,772,-112.09069,33.480274
3522,773,-112.073105,33.449383
3523,837,-111.93644,33.37779
3524,837,-111.92298,33.492252
3525,837,-111.92279,33.5008
3526,837,-111.964485,33.38312
3527,837,-112.19062,33.638363
3528,837,-111.92514,33.542786
3529,2499,-115.14339,36.169838
3530,837,-115.16821,36.127586
3531,2499,-115.17146,36.10095
3532,837,-111.84111,33.363014
3533,837,-112.07228,33.45587
3534,837,-112.07991,33.45496
3535,837,-111.90452,33.42262
3536,774,-112.07377,33.45838
3537,837,-115.139854,36.145847
3538,837,-112.013855,33.480125
3539,837,-112.0739,33.500202
3540,837,-111.68566,33.436775
3541,837,-112.126114,33.47456
3542,837,-111.91097,33.634045
3543,775,-112.06899,33.45917
3544,837,-111.72392,33.32106
3545,837,-112.06579,33.47687
3546,776,-112.06899,33.45917
3547,837,-111.928024,33.624035
3548,837,-112.047905,33.505882
3549,2499,-115.164894,36.129868
3550,837,-112.07285,33.449226
3551,837,-111.97688,33.583424
3552,837,-112.293564,33.493046
3553,837,-112.06543,33.56062
3554,837,-112.05608,33.431557
3555,837,-112.06544,33.512665
3556,837,-112.054276,33.552692
3557,837,-112.07472,33.463173
3558,837,-111.8601,33.264435
3559,837,-111.92727,33.49783
3560,837,-111.90871,33.421734
3561,837,-111.9258,33.477177
3562,837,-111.98837,33.495483
3563,837,-112.07127,33.508995
3564,837,-111.97858,33.677853
3565,837,-111.92754,33.464375
3566,837,-112.06498,33.524887
3567,837,-112.07432,33.45969
3568,837,-111.91052,33.478947
3569,837,-111.96083,33.487625
3570,837,-111.92637,33.500492
3571,837,-112.07127,33.508995
3572,837,-112.07991,33.45496
3573,837,-112.222336,33.63779
3574,778,-112.07096,33.437126
3575,837,-112.073425,33.447334
3576,837,-80.828545,35.15261
3577,2499,-115.17277,36.082066
3578,837,-112.0792,33.49111
3579,837,-111.8322,33.414814
3580,837,-112.12083,33.797787
3581,837,-112.04831,33.508953
3582,837,-112.065544,33.4493
3583,837,-111.93962,33.42344
3584,837,-111.99021,33.494743
3585,837,-112.03788,33.509254
3586,837,-112.07484,33.447174
3587,837,-112.0648,33.47468
3588,779,-111.978516,33.66773
3589,837,-112.09614,33.510094
3590,837,-111.91419,33.466423
3591,837,-112.07651,33.48016
3592,780,-111.928024,33.624035
3593,837,-115.04165,36.05552
3594,781,-112.098274,33.53864
3595,837,-111.908585,33.39378
3596,837,-112.073395,33.477222
3597,782,-111.91124,33.362206
3598,837,-111.91033,33.486916
3599,837,-112.02951,33.39999
3600,837,-111.94236,33.39284
3601,837,-112.02731,33.510536
3602,837,-111.99865,33.495285
3603,837,-111.92834,33.48874
3604,2499,-112.0135,33.583496
3605,4421,-111.97702,33.583447
3606,837,-112.059296,33.447987
3607,783,-112.06476,33.4713
3608,837,-111.81534,33.436394
3609,837,-111.85977,33.274754
3610,837,-111.9263,33.320377
3611,2499,-112.08277,33.45884
3612,837,-111.92716,33.45379
3613,837,-112.18759,33.66274
3614,837,-112.120705,33.667572
3615,837,-112.36504,33.638195
3616,837,-111.94513,33.34795
3617,837,-112.05003,33.46554
3618,837,-112.07672,33.479992
3619,2811,-111.92625,33.617584
3620,837,-111.92623,33.487377
3621,837,-111.977715,33.317287
3622,837,-112.064095,33.5219
3623,837,-111.92706,33.30481
3624,784,-112.03854,33.454876
3625,2499,-112.07341,33.5137
3626,6224,-112.2387,33.674774
3627,837,-112.07377,33.45838
3628,837,-111.92632,33.494377
3629,837,-112.07405,33.44995
3630,837,-111.929924,33.349712
3631,837,-111.72392,33.32106
3632,785,-111.9214,33.310207
3633,837,-112.58582,33.37026
3634,837,-111.92496,33.498177
3635,837,-112.11459,33.612545
3636,837,-111.944046,33.436962
3637,837,-111.80486,33.33455
3638,837,-112.03839,33.507893
3639,837,-112.07013,33.509552
3640,786,-112.01186,33.572582
3641,787,-112.02814,33.510223
3642,788,-112.06567,33.487747
3643,837,-111.88762,33.630013
3644,837,-111.97,33.45
3645,789,-112.03594,33.508713
3646,837,-112.13392,33.62981
3647,837,-112.20145,33.637093
3648,837,-111.96063,33.64
3649,790,-112.04094,33.46563
3650,837,-112.07432,33.45969
3651,791,-111.875984,33.413902
3652,837,-111.87922,33.581512
3653,837,-111.99899,33.436527
3654,837,-112.06567,33.487747
3655,837,-112.00005,33.495453
3656,837,-112.117386,33.641613
3657,837,-111.90558,33.432926
3658,837,-111.99559,33.511234
3659,837,-112.07354,33.456055
3660,792,-112.065636,33.44916
3661,837,-111.92548,33.50108
3662,837,-112.03767,33.506474
3663,793,-111.964615,33.534077
3664,2499,-112.082825,33.517372
3665,837,-111.97702,33.583447
3666,837,-112.04919,33.52375
3667,837,-111.87578,33.41316
3668,794,-111.93841,33.391586
3669,837,-111.982025,33.34806
3670,837,-112.07342,33.47794
3671,837,-112.28051,33.46678
3672,837,-112.07409,33.512627
3673,837,-112.07376,33.44086
3674,2499,-112.16118,33.567795
3675,837,-111.923874,33.613426
3676,795,-112.06567,33.487747
3677,837,-112.06563,33.44938
3678,837,-111.92571,33.42232
3679,837,-111.91153,33.34884
3680,4421,-115.09303,36.218987
3681,837,-111.743095,33.301903
3682,2499,-112.11672,33.53954
3683,837,-112.13867,33.86881
3684,2499,-111.9161,33.419567
3685,914,-111.940254,33.424503
3686,837,-111.995514,33.50243
3687,837,-111.90979,33.48124
3688,837,-111.89905,33.556004
3689,837,-111.9241,33.779976
3690,837,-112.0536,33.426933
3691,837,-112.06453,33.537617
3692,796,-112.081566,33.4655
3693,837,-112.064766,33.470886
3694,837,-111.925766,33.623943
3695,837,-111.9871,33.509827
3696,837,-112.10129,33.678238
3697,837,-111.904366,33.49285
3698,797,-111.92293,33.492752
3699,798,-112.072395,33.448742
3700,837,-112.07096,33.437126
3701,837,-112.074684,33.509563
3702,837,-111.92655,33.506542
3703,837,-112.064606,33.523155
3704,837,-111.92225,33.58414
3705,799,-112.06899,33.45917
3706,837,-115.038345,36.06321
3707,837,-112.04816,33.640297
3708,837,-112.0792,33.49111
3709,837,-112.08341,33.50896
3710,800,-111.94298,33.421413
3711,4421,-111.96489,33.67558
3712,837,-112.06327,33.494747
3713,801,-111.97681,33.378315
3714,802,-112.04902,33.48049
3715,803,-111.89827,33.29958
3716,837,-111.98135,33.597363
3717,4421,-111.73579,33.423805
3718,837,-111.932274,33.65684
3719,804,-112.16568,33.611366
3720,805,-112.07457,33.47411
3721,837,-112.07342,33.47794
3722,837,-112.07342,33.47794
3723,806,-112.1159,33.587765
3724,837,-112.02636,33.50909
3725,837,-111.92589,33.586834
3726,2499,-111.93192,33.50187
3727,807,-111.95117,33.421658
3728,837,-111.98199,33.40369
3729,837,-112.07469,33.484142
3730,837,-112.05607,33.55307
3731,808,-112.23657,33.64641
3732,837,-112.07342,33.47794
3733,809,-112.079285,33.455036
3734,837,-111.89497,33.582962
3735,837,-112.04708,33.52443
3736,837,-111.92718,33.61161
3737,810,-112.08225,33.516342
3738,837,-111.7212,33.3666
3739,2499,-112.010895,33.481
3740,837,-112.07377,33.45838
3741,837,-112.07342,33.47794
3742,811,-112.356064,33.464493
3743,837,-111.92525,33.618355
3744,837,-111.86473,33.613514
3745,837,-112.07401,33.505856
3746,837,-111.98784,33.467052
3747,837,-112.04798,33.53184
3748,837,-112.07103,33.568928
3749,837,-112.07127,33.508995
3750,812,-112.07228,33.45587
3751,4421,-111.99511,33.494488
3752,837,-111.68897,32.87905
3753,813,-112.06567,33.487747
3754,814,-111.927734,33.348675
3755,837,-112.07342,33.47794
3756,837,-112.10023,33.626423
3757,837,-112.01417,33.511307
3758,837,-111.94497,33.462166
3759,837,-112.06836,33.457863
3760,815,-112.07342,33.47794
3761,837,-111.74564,33.296097
3762,2499,-111.72392,33.32106
3763,816,-111.97964,33.329365
3764,837,-111.958,33.348164
3765,837,-111.92492,33.62348
3766,837,-111.96375,33.31742
3767,837,-111.90884,33.34826
3768,837,-111.970146,33.313572
3769,837,-111.9223,33.493946
3770,837,-111.97039,33.319077
3771,837,-112.02418,33.510033
3772,837,-112.07127,33.508995
3773,837,-112.07228,33.45587
3774,837,-112.049126,33.4368
3775,837,-112.07379,33.435524
3776,837,-111.93003,33.655685
3777,837,-112.04634,33.510323
3778,837,-112.04887,33.46591
3779,837,-112.08981,33.45712
3780,837,-112.000565,33.433685
3781,837,-111.936615,33.37798
3782,837,-111.78984,33.3546
3783,837,-112.10075,33.378338
3784,837,-112.07463,33.484196
3785,837,-111.92663,33.610058
3786,837,-115.17259,36.112953
3787,817,-111.92471,33.421352
3788,837,-112.07161,33.458847
3789,837,-112.028336,33.480034
3790,818,-112.04791,33.47893
3791,819,-115.15112,36.086338
3792,837,-111.63997,33.28187
3793,837,-112.07401,33.45038
3794,837,-112.075264,33.45975
3795,837,-112.13774,33.864555
3796,2499,-80.85757,35.214363
3797,837,-111.806725,33.37938
3798,837,-111.92019,33.466217
3799,837,-112.07341,33.5137
3800,837,-112.08388,33.49745
3801,837,-112.049126,33.4368
3802,837,-112.07161,33.458847
3803,820,-111.89438,33.58514
3804,837,-111.8741,33.31915
3805,837,-112.0482,33.510174
3806,821,-111.88677,33.54859
3807,837,-111.90752,33.4066
3808,837,-112.042145,33.50762
3809,837,-111.92708,33.508694
3810,822,-112.07484,33.447174
3811,823,-112.0739,33.500202
3812,2499,-111.8795,33.581333
3813,824,-112.02636,33.50909
3814,4421,-112.06752,33.46603
3815,2499,-115.17234,36.110107
3816,837,-115.1725,36.110065
3817,837,-111.90998,33.347878
3818,837,-112.07037,33.456417
3819,837,-112.08212,33.505096
3820,2499,-115.155556,36.14742
3821,837,-112.07341,33.5137
3822,837,-111.91085,33.393078
3823,6644,-115.19734,36.116177
3824,837,-112.04798,33.53184
3825,837,-111.99899,33.436527
3826,837,-112.078674,33.45372
3827,837,-112.04644,33.53739
3828,2499,-115.154816,36.124176
3829,837,-112.06877,33.485413
3830,825,-111.922226,33.494568
3831,837,-111.75256,33.28687
3832,3826,-111.98028,33.494682
3833,826,-111.78966,33.365856
3834,837,-112.06518,33.57531
3835,837,-112.03008,33.67904
3836,837,-112.07432,33.45969
3837,837,-111.86292,33.39466
3838,2499,-89.38156,43.074345
3839,827,-115.1741,36.121082
3840,828,-115.2087,36.043213
3841,837,-111.96534,33.319504
3842,829,-112.07427,33.447517
3843,837,-115.15198,36.152504
3844,2499,-112.06862,33.452156
3845,837,-111.93007,33.378265
3846,2499,-115.19559,36.114346
3847,837,-111.90998,33.347878
3848,837,-111.7195,33.34711
3849,2499,-115.16961,36.121452
3850,837,-111.98849,33.45545
3851,837,-111.92992,33.6555
3852,2499,-115.17106,36.11242
3853,837,-112.04791,33.47893
3854,837,-111.89802,33.301666
3855,837,-112.07444,33.447647
3856,837,-112.05353,33.552837
3857,837,-111.97698,33.34888
3858,830,-115.17462,36.1098
3859,837,-112.0037,33.49516
3860,837,-112.07669,33.451775
3861,2499,-115.17259,36.112953
3862,6644,-115.12614,36.15924
3863,837,-112.07397,33.513077
3864,831,-112.372765,33.464046
3865,6644,-115.16923,36.102325
3866,837,-115.14479,36.170017
3867,832,-112.3355,33.460354
3868,837,-111.91693,33.42156
3869,833,-112.165565,33.611652
3870,837,-111.906136,33.378304
3871,837,-112.07285,33.449226
3872,834,-112.03397,33.508984
3873,2499,-115.14683,36.172176
3874,837,-111.860405,33.277092
3875,837,-3.3644342,55.94828
3876,837,-112.11058,33.71298
3877,837,-112.073814,33.448868
3878,837,-112.006714,33.435715
3879,837,-112.0491,33.522636
3880,2499,-112.06862,33.452156
3881,837,-111.995705,33.63991
3882,4421,-115.08566,36.02736
3883,837,-112.064926,33.4743
3884,835,-112.358826,33.46646
3885,837,-112.06862,33.452156
3886,837,-111.86569,33.53887
3887,836,-112.1464,33.80425
3888,837,-112.00052,33.495766
3889,837,-112.07358,33.44842
3890,837,-111.80294,33.383644
3891,837,-112.07073,33.45108
3892,837,-111.94497,33.462166
3893,4421,-115.17815,36.06713
3894,837,-112.077835,33.487103
3895,837,-112.06384,33.517437
3896,838,-112.060196,33.50948
3897,837,-112.06467,33.59547
3898,6644,-115.16911,36.12468
3899,837,-111.85791,33.235134
3900,839,-112.09998,33.55429
3901,2499,-115.143524,36.170765
3902,837,-115.17652,36.11301
3903,837,-112.00005,33.450695
3904,837,-111.90624,33.37797
3905,837,-111.90663,33.43274
3906,2499,-112.04791,33.47893
3907,837,-112.07966,33.445744
3908,2499,-111.92053,33.489132
3909,2499,-115.17178,36.12367
3910,6644,-111.997696,33.435596
3911,837,-111.84169,33.3019
3912,6644,-115.15396,36.157898
3913,837,-115.173904,36.110092
3914,2499,-112.05003,33.46554
3915,840,-112.1019,33.712246
3916,837,-112.01691,33.448673
3917,837,-111.7443,33.307983
3918,841,-112.134186,33.51087
3919,2499,-112.006714,33.435715
3920,2499,-115.173874,36.109753
3921,837,-111.551094,33.412388
3922,837,-111.94037,33.425762
3923,2499,-115.16769,36.10302
3924,842,-112.16333,33.318974
3925,3262,-112.35654,33.42504
3926,2499,-115.15126,36.1089
3927,837,-111.92576,33.473293
3928,837,-112.04677,33.50889
3929,2499,-111.78983,33.354767
3930,837,-111.99575,33.50231
3931,2499,-115.19528,36.11444
3932,843,-112.072205,33.472473
3933,837,-111.78777,33.379498
3934,844,-111.841156,33.31183
3935,845,-111.92417,33.63718
3936,837,-111.85832,33.32686
3937,837,-111.92343,33.499702
3938,837,-115.174355,36.109806
3939,846,-115.1929,36.116634
3940,2499,-111.92562,33.493855
3941,837,-112.261604,33.534298
3942,847,-112.047295,33.068256
3943,848,-111.72688,33.414944
3944,837,-112.393776,33.62668
3945,837,-111.98411,33.269833
3946,849,-111.97437,33.521954
3947,850,-112.09144,33.45804
3948,837,-111.873955,33.62112
3949,837,-111.97437,33.521954
3950,851,-115.15254,36.151268
3951,2499,-115.15389,36.156593
3952,837,-111.63997,33.28187
3953,2499,-111.92353,33.564377
3954,837,-112.072205,33.472473
3955,837,-111.611404,33.54463
3956,837,-111.7195,33.34711
3957,837,-112.23992,33.595974
3958,837,-112.23997,33.58195
3959,837,-89.38207,43.07572
3960,837,-111.92644,33.50619
3961,837,-111.82584,33.41346
3962,837,-111.84238,33.304688
3963,837,-112.06498,33.524887
3964,837,-111.96382,33.44613
3965,2499,-111.94497,33.462166
3966,837,-112.03397,33.508984
3967,837,-111.97652,33.31724
3968,837,-111.92796,33.490696
3969,837,-111.8323,33.378372
3970,837,-112.07427,33.447517
3971,837,-112.03147,33.48778
3972,837,-111.91153,33.509792
3973,837,-112.003174,33.49564
3974,837,-111.93985,33.424675
3975,837,-112.35913,33.61018
3976,837,-111.976906,33.612934
3977,837,-115.15387,36.110085
3978,837,-111.89946,33.557293
3979,837,-112.11836,33.58035
3980,837,-112.120705,33.667572
3981,837,-111.76014,33.30625
3982,837,-112.26369,33.638588
3983,837,-111.87602,33.3796
3984,837,-111.96154,33.31921
3985,837,-112.04716,33.524086
3986,852,-111.92628,33.528217
3987,2499,-112.07059,33.450706
3988,837,-111.88589,33.306007
3989,837,-111.84164,33.322445
3990,837,-112.07059,33.450706
3991,837,-111.89333,33.62839
3992,837,-111.93881,33.426064
3993,837,-112.07212,33.4448
3994,853,-111.95149,33.42273
3995,837,-111.99559,33.511234
3996,837,-111.92416,33.623615
3997,837,-111.833664,33.416603
3998,837,-112.03063,33.48189
3999,2499,-80.838165,35.23109
4000,837,-111.91728,33.465336
4001,837,-112.065636,33.44916
4002,6644,-115.17086,36.10993
4003,837,-112.184326,33.539227
4004,837,-115.30628,36.114822
4005,837,-112.047104,33.530334
4006,2499,-115.167694,36.103054
4007,837,-112.08452,33.49523
4008,837,-112.06551,33.576332
4009,837,-111.97877,33.58394
4010,837,-112.09107,33.49436
4011,2499,-111.99434,33.43419
4012,4421,-115.20685,36.11581
4013,837,-111.95927,33.522
4014,837,-111.943306,33.42127
4015,837,-112.07562,33.450012
4016,6644,-112.391754,33.62338
4017,2499,-112.04149,33.508736
4018,837,-111.97699,33.635006
4019,837,-111.97842,33.62365
4020,837,-112.240456,33.581093
4021,837,-112.08711,33.45496
4022,837,-111.928185,33.501774
4023,837,-112.39489,33.456467
4024,837,-111.91002,33.395737
4025,2499,-112.07126,33.448467
4026,2499,-111.92548,33.434902
4027,837,-112.26369,33.638588
4028,837,-111.932106,33.493336
4029,837,-112.101746,33.37904
4030,837,-111.91755,33.499786
4031,837,-111.95375,33.407803
4032,2499,-80.83041,35.151836
4033,837,-112.0037,33.49516
4034,837,-112.07401,33.45038
4035,4421,-111.85726,33.409737
4036,837,-112.11762,33.524418
4037,837,-111.976555,33.677334
4038,837,-111.9309,33.58303
4039,837,-111.888374,33.581944
4040,837,-112.07397,33.513077
4041,837,-111.968,33.31929
4042,854,-111.925766,33.778988
4043,2499,-111.91002,33.395737
4044,837,-112.10453,33.509815
4045,855,-112.03565,33.436253
4046,837,-112.116196,33.575203
4047,837,-111.92697,33.462616
4048,2242,-112.07126,33.448467
4049,837,-111.98636,33.453197
4050,837,-111.92415,33.50155
4051,6644,-111.9258,33.49911
4052,837,-112.07405,33.44995
4053,837,-112.21829,33.47805
4054,837,-111.92373,33.635464
4055,837,-111.98907,33.59956
4056,856,-112.04853,33.524036
4057,2499,-112.021385,33.495342
4058,857,-112.138855,33.864914
4059,858,-112.07126,33.448467
4060,837,-111.7195,33.34711
4061,4421,-111.940834,33.426746
4062,837,-111.73956,32.887573
4063,859,-115.15979,36.11516
4064,837,-111.92471,33.421352
4065,837,-115.15112,36.086338
4066,837,-111.92506,33.450874
4067,837,-112.07037,33.456417
4068,837,-112.02636,33.51076
4069,837,-73.62455,45.538418
4070,837,-112.42459,33.622913
4071,837,-111.964615,33.534077
4072,837,-112.04798,33.53184
4073,837,-112.07375,33.565098
4074,837,-112.22096,33.642815
4075,4421,-115.13792,36.168026
4076,837,-111.56552,33.218143
4077,2499,-73.559364,45.508003
4078,837,-112.06877,33.485413
4079,837,-111.995995,33.50922
4080,837,-112.13356,33.583717
4081,837,-111.786835,33.305935
4082,860,-115.33299,36.16123
4083,2499,-111.92942,33.50284
4084,2499,-73.55267,45.50793
4085,6644,-112.18317,33.538727
4086,861,-115.17641,36.11316
4087,837,-111.90998,33.347878
4088,837,-112.06544,33.512665
4089,837,-111.98212,33.331654
4090,837,-112.07393,33.429424
4091,837,-112.00414,33.495163
4092,837,-112.065475,33.47014
4093,837,-112.02249,33.40667
4094,862,-112.074135,33.510227
4095,863,-111.94031,33.423107
4096,864,-112.20232,33.58128
4097,837,-111.947525,33.407562
4098,837,-111.8754,33.337067
4099,837,-111.875145,33.39427
4100,837,-112.090996,33.47979
4101,837,-112.07472,33.463173
4102,865,-111.90752,33.4066
4103,837,-112.02493,33.640034
4104,837,-112.35751,33.46129
4105,837,-112.078766,33.50958
4106,837,-112.10004,33.50141
4107,866,-112.07373,33.381145
4108,837,-112.07401,33.44957
4109,867,-111.89173,33.306416
4110,837,-112.083046,33.531364
4111,837,-112.12593,33.574345
4112,1733,-112.07551,33.449596
4113,837,-112.07674,33.449017
4114,1430,-112.07405,33.497803
4115,868,-112.08241,33.5027
4116,837,-112.111465,33.52525
4117,837,-112.11726,33.382595
4118,837,-111.9759,33.495018
4119,837,-111.925674,33.470047
4120,837,-112.185036,33.63903
4121,837,-111.923,33.5015
4122,837,-111.9161,33.419567
4123,837,-112.02851,33.511456
4124,837,-112.05627,33.472767
4125,837,-115.12573,36.173634
4126,837,-112.04934,33.523056
4127,837,-112.03788,33.509254
4128,837,-112.073494,33.491695
4129,837,-111.89398,33.414867
4130,837,-112.072395,33.448742
4131,837,-112.18759,33.66274
4132,869,-111.95564,33.442375
4133,837,-111.975815,33.321735
4134,837,-112.04791,33.47893
4135,837,-111.91631,33.451744
4136,837,-112.082214,33.495155
4137,837,-115.24239,36.0542
4138,837,-112.04798,33.53184
4139,1729,-112.07371,33.456326
4140,837,-111.94718,33.30594
4141,837,-111.936,33.41438
4142,837,-115.15979,36.11516
4143,837,-112.07393,33.429424
4144,837,-112.04791,33.47893
4145,837,-111.976555,33.677334
4146,2499,-115.17087,36.10242
4147,870,-112.082504,33.44052
4148,837,-111.961716,33.53199
4149,871,-115.04598,36.06216
4150,837,-112.23827,33.63088
4151,837,-111.927734,33.348675
4152,837,-112.056564,33.550343
4153,837,-111.78983,33.354767
4154,837,-111.78991,33.355118
4155,837,-111.860565,33.364925
4156,837,-112.04673,33.523743
4157,872,-112.08873,33.50919
4158,837,-111.966606,33.67681
4159,837,-111.87926,33.63937
4160,837,-112.21724,33.638668
4161,2499,-115.17087,36.10242
4162,837,-111.944756,33.421448
4163,837,-111.98605,33.494587
4164,837,-111.92623,33.575817
4165,837,-111.8905,33.320286
4166,837,-111.936615,33.37798
4167,837,-112.12042,33.5694
4168,873,-111.841156,33.31183
4169,837,-112.02849,33.510426
4170,837,-111.958885,33.34871
4171,837,-111.98909,33.42159
4172,874,-112.11762,33.524418
4173,837,-111.922966,33.501312
4174,837,-115.17413,36.121143
4175,6644,-112.13487,33.46435
4176,837,-111.95036,33.4216
4177,837,-111.91492,33.421413
4178,837,-112.049126,33.4368
4179,837,-111.982285,33.32033
4180,837,-111.97983,33.306667
4181,2499,-111.98352,33.33092
4182,837,-115.17457,36.11622
4183,837,-112.358765,33.507095
4184,837,-111.92351,33.581493
4185,837,-112.07393,33.429424
4186,2499,-112.27399,33.465183
4187,837,-111.877014,33.389984
4188,837,-112.0013,33.49514
4189,875,-111.917534,33.64516
4190,837,-111.91124,33.362373
4191,837,-111.721756,33.381763
4192,876,-112.18589,33.462093
4193,837,-112.22614,33.642326
4194,877,-112.3355,33.460354
4195,837,-112.04808,33.538925
4196,878,-111.633095,33.24912
4197,837,-112.13153,33.640965
4198,1012,-112.040085,33.46555
4199,837,-112.04595,33.069283
4200,2499,-111.92697,33.52771
4201,4421,-112.02636,33.51076
4202,879,-112.073875,33.446995
4203,837,-111.94668,33.421616
4204,2499,-115.1746,36.116764
4205,837,-111.91804,33.69925
4206,1435,-112.237564,33.632164
4207,837,-111.789055,33.35924
4208,837,-111.92635,33.489796
4209,837,-112.06516,33.519554
4210,880,-112.07371,33.456326
4211,837,-111.78977,33.356873
4212,837,-111.77289,33.423706
4213,837,-115.17124,36.11788
4214,881,-112.3564,33.465137
4215,837,-112.06476,33.4713
4216,882,-112.35869,33.46381
4217,837,-112.120384,33.66752
4218,837,-111.94082,33.423077
4219,883,-112.14982,33.640068
4220,837,-112.02787,33.49874
4221,884,-112.07379,33.435524
4222,885,-111.85983,33.36073
4223,886,-112.07444,33.445892
4224,837,-112.120705,33.667572
4225,887,-111.98333,33.34819
4226,837,-111.858246,33.26385
4227,888,-111.959404,33.350735
4228,837,-111.93962,33.42344
4229,889,-111.91585,33.697605
4230,837,-111.87236,33.540802
4231,837,-111.986664,33.6016
4232,837,-112.06469,33.52939
4233,837,-112.00187,33.495174
4234,837,-112.01343,33.583477
4235,890,-111.977715,33.317287
4236,891,-111.73893,33.33537
4237,837,-111.98451,33.509106
4238,837,-112.07308,33.56747
4239,837,-112.27275,33.46457
4240,837,-112.09614,33.510094
4241,892,-111.925766,33.623943
4242,837,-112.00486,33.49552
4243,837,-112.07457,33.47411
4244,837,-111.9235,33.625095
4245,837,-112.07991,33.45496
4246,837,-111.91622,33.49664
4247,837,-112.07872,33.509678
4248,837,-111.97838,33.627045
4249,837,-111.979546,33.640232
4250,837,-111.92665,33.609993
4251,837,-112.04725,33.50166
4252,837,-112.07037,33.456417
4253,837,-112.06475,33.472675
4254,837,-112.08224,33.499825
4255,837,-112.06033,33.494713
4256,837,-111.930984,33.79885
4257,837,-112.07033,33.457035
4258,837,-111.98909,33.42159
4259,893,-111.79242,33.378643
4260,837,-111.77341,33.29329
4261,894,-111.92591,33.527195
4262,837,-112.003845,33.48072
4263,837,-111.7902,33.28016
4264,837,-111.94081,33.42263
4265,837,-112.045715,33.51041
4266,837,-112.04739,33.4692
4267,837,-112.06467,33.59547
4268,895,-111.87543,33.394417
4269,6644,-115.15126,36.1089
4270,837,-111.92473,33.626343
4271,837,-111.97937,33.329357
4272,896,-111.89754,33.621906
4273,837,-112.065346,33.519466
4274,897,-111.939804,33.426353
4275,837,-111.752884,33.37769
4276,837,-112.06899,33.45917
4277,837,-111.90713,33.39263
4278,898,-111.98253,33.479965
4279,837,-112.358635,33.463406
4280,4421,-115.02976,36.097412
4281,899,-111.97688,33.583424
4282,837,-112.12042,33.5694
4283,837,-112.27275,33.46457
4284,900,-112.04373,33.508354
4285,901,-111.87599,33.413055
4286,837,-112.06551,33.576332
4287,902,-112.073494,33.491695
4288,837,-111.92851,33.50097
4289,837,-111.86058,33.33606
4290,837,-111.92548,33.434902
4291,837,-112.02721,33.51021
4292,837,-112.099915,33.503937
4293,837,-111.92775,33.492905
4294,837,-111.82584,33.41346
4295,837,-112.08083,33.48021
4296,837,-112.04465,33.448486
4297,837,-112.07461,33.474236
4298,837,-111.91091,33.414574
4299,903,-111.917534,33.64516
4300,837,-112.0477,33.515106
4301,837,-112.03854,33.454876
4302,2499,-115.19734,36.116177
4303,837,-112.04739,33.4692
4304,914,-112.0313,33.643
4305,837,-112.22554,33.6416
4306,837,-111.789505,33.452507
4307,904,-111.97632,33.612
4308,1353,-112.06551,33.576332
4309,837,-112.220406,33.6105
4310,837,-112.08219,33.466106
4311,905,-112.25351,33.581303
4312,837,-111.96175,33.40655
4313,837,-111.99584,33.640785
4314,906,-112.01237,33.582172
4315,837,-111.92715,33.421734
4316,4421,-112.06543,33.469967
4317,837,-111.9727,33.675682
4318,907,-112.11471,33.71089
4319,837,-112.07308,33.56747
4320,908,-112.156845,33.451126
4321,2499,-112.07127,33.508995
4322,837,-112.172195,33.53848
4323,909,-111.994576,33.304462
4324,910,-112.05744,33.49426
4325,837,-111.90545,33.432915
4326,837,-111.923256,33.58223
4327,911,-112.064644,33.450397
4328,837,-112.273254,33.4641
4329,912,-112.074615,33.44795
4330,913,-111.83933,33.246418
4331,837,-112.07445,33.449436
4332,837,-112.06899,33.45917
4333,837,-111.92604,33.41696
4334,837,-111.926636,33.653805
4335,837,-112.06567,33.487747
4336,837,-111.92443,33.582516
4337,915,-115.141884,36.16918
4338,837,-112.24006,33.611202
4339,837,-112.06516,33.519554
4340,837,-112.07327,33.479782
4341,837,-112.064926,33.4743
4342,837,-111.9454,33.377
4343,837,-112.063866,33.494915
4344,837,-112.045715,33.51041
4345,837,-111.92906,33.36249
4346,837,-111.90885,33.421627
4347,837,-112.06476,33.4713
4348,837,-112.07357,33.4641
4349,837,-112.131485,33.525192
4350,837,-112.10023,33.626423
4351,837,-111.98645,33.47641
4352,916,-111.9142,33.46483
4353,837,-111.9011,33.34931
4354,837,-112.07445,33.448578
4355,837,-112.06551,33.576332
4356,837,-111.907455,33.37734
4357,837,-112.0404,33.509445
4358,917,-112.07357,33.4641
4359,918,-112.049126,33.4368
4360,919,-112.074196,33.51354
4361,837,-111.982025,33.34806
4362,920,-111.92563,33.49171
4363,837,-111.93588,33.422318
4364,837,-112.0792,33.49111
4365,837,-112.05359,33.49485
4366,837,-111.92784,33.497147
4367,921,-111.98156,33.304703
4368,837,-111.96684,33.305733
4369,837,-111.91017,33.48699
4370,922,-111.94298,33.421413
4371,837,-111.994545,33.43402
4372,837,-112.18789,33.666695
4373,923,-111.72417,33.38128
4374,837,-111.92367,33.53918
4375,924,-112.06961,33.456757
4376,837,-111.743675,33.306835
4377,925,-73.57902,45.52839
4378,837,-112.23077,33.636528
4379,837,-111.75614,33.36745
4380,837,-112.06867,33.44629
4381,837,-115.17849,36.10924
4382,837,-112.09909,33.552475
4383,837,-111.87372,33.379093
4384,926,-111.9989,33.375305
4385,837,-111.96588,33.385586
4386,2499,-115.17582,36.11773
4387,837,-112.372765,33.464046
4388,837,-112.18584,33.542072
4389,837,-112.04739,33.4692
4390,837,-112.07233,33.456696
4391,837,-112.171936,33.638557
4392,837,-112.06998,33.45716
4393,837,-112.07908,33.49112
4394,837,-112.08166,33.466103
4395,837,-112.06922,33.453896
4396,837,-112.00326,33.495155
4397,837,-112.07379,33.435524
4398,837,-112.073494,33.491695
4399,837,-111.83985,33.388084
4400,837,-112.11107,33.71102
4401,837,-111.92589,33.586834
4402,837,-112.06836,33.457863
4403,837,-89.38101,43.074238
4404,837,-111.93051,33.491875
4405,837,-111.92313,33.69957
4406,837,-112.0001,33.305485
4407,837,-112.079285,33.455036
4408,837,-112.07379,33.435524
4409,837,-111.92641,33.655567
4410,837,-112.082825,33.517372
4411,837,-111.97775,33.49413
4412,837,-112.06296,33.656124
4413,837,-111.95149,33.42273
4414,837,-112.07908,33.49112
4415,837,-115.22345,36.125664
4416,837,-111.99411,33.479755
4417,837,-111.84122,33.313553
4418,317,-112.07399,33.44933
4419,837,-111.92595,33.422276
4420,837,-111.99634,33.50211
4421,837,-112.08981,33.45712
4422,837,-111.79164,33.270878
4423,837,-111.930756,33.5053
4424,837,-111.943954,33.42853
4425,837,-111.92293,33.492752
4426,837,-111.92625,33.617584
4427,837,-112.0739,33.500202
4428,837,-112.07354,33.50653
4429,837,-111.988075,33.51
4430,837,-111.91055,33.48017
4431,837,-111.94389,33.4216
4432,837,-111.92656,33.485966
4433,2499,-73.55787,45.50043
4434,837,-111.92415,33.50155
4435,837,-111.72624,33.321865
4436,837,-111.93152,33.493298
4437,837,-111.92427,33.492287
4438,2499,-112.02731,33.510536
4439,927,-112.13487,33.46435
4440,837,-112.165565,33.611652
4441,2499,-115.17669,36.117455
4442,837,-112.064644,33.450397
4443,837,-112.08873,33.50919
4444,837,-111.92902,33.50251
4445,837,-111.897964,33.302246
4446,837,-112.06482,33.473904
4447,837,-111.927216,33.5314
4448,837,-112.05503,33.5529
4449,837,-111.96797,33.32236
4450,837,-111.92471,33.421352
4451,837,-112.08292,33.506462
4452,837,-111.81534,33.436394
4453,837,-111.86092,33.336273
4454,837,-112.0144,33.510056
4455,837,-112.0648,33.47468
4456,837,-112.027885,33.377113
4457,2499,-115.26148,36.113655
4458,837,-112.06961,33.456757
4459,837,-112.010605,33.465714
4460,837,-112.17015,33.610752
4461,837,-111.95117,33.421658
4462,837,-112.074684,33.509563
4463,837,-112.15967,33.509876
4464,837,-112.099236,33.59371
4465,837,-111.97417,33.4133
4466,837,-112.07377,33.45838
4467,837,-111.97775,33.49413
4468,837,-111.92704,33.321545
4469,928,-112.06899,33.45917
4470,2499,-111.91648,33.64488
4471,837,-112.23991,33.68106
4472,837,-112.11459,33.612545
4473,837,-115.04675,36.043884
4474,837,-112.39544,33.63827
4475,929,-111.88075,33.55738
4476,837,-112.073875,33.446995
4477,837,-112.18793,33.670437
4478,837,-111.95201,33.37719
4479,837,-112.07551,33.449596
4480,837,-112.237564,33.632164
4481,837,-112.07748,33.45907
4482,930,-111.961716,33.53199
4483,2499,-112.071884,33.44986
4484,931,-111.90876,33.458496
4485,932,-112.07054,33.465744
4486,837,-112.23629,33.633305
4487,933,-112.127106,33.581795
4488,934,-112.06862,33.452156
4489,837,-112.07358,33.442486
4490,837,-112.07362,33.41081
4491,935,-111.92593,33.493774
4492,837,-112.06862,33.452156
4493,837,-112.09107,33.49436
4494,837,-111.996765,33.495117
4495,837,-112.01291,33.39068
4496,2499,-115.17203,36.11494
4497,837,-112.09927,33.52513
4498,837,-111.92708,33.335384
4499,936,-112.13548,33.53821
4500,837,-111.92615,33.625362
4501,837,-111.92648,33.474552
4502,837,-111.92415,33.50155
4503,937,-111.918,33.50232
4504,837,-111.9796,33.331047
4505,837,-111.91348,33.494576
4506,837,-111.889534,33.41505
4507,837,-112.011284,33.640278
4508,4421,-115.157875,36.142757
4509,2499,-73.583984,45.490173
4510,837,-112.07176,33.44931
4511,837,-112.073875,33.446995
4512,837,-111.97403,33.371136
4513,837,-112.02493,33.640034
4514,938,-112.06483,33.457333
4515,2499,-111.95564,33.442375
4516,837,-112.047714,33.449528
4517,2499,-115.167404,36.126812
4518,837,-115.17196,36.120907
4519,2499,-112.06961,33.452335
4520,837,-112.06516,33.519554
4521,837,-111.89497,33.582962
4522,837,-112.068695,33.452435
4523,837,-111.97094,33.403538
4524,837,-112.06961,33.452335
4525,837,-112.07409,33.4975
4526,2499,-112.06961,33.452335
4527,837,-111.68226,33.46673
4528,837,-111.90817,33.45781
4529,837,-112.04887,33.46591
4530,6644,-115.314316,36.112083
4531,837,-112.134186,33.51087
4532,837,-111.834526,33.414837
4533,837,-111.92635,33.496613
4534,6644,-115.1929,36.116634
4535,837,-112.11067,33.640343
4536,837,-111.92568,33.422756
4537,837,-112.01291,33.39068
4538,837,-111.72261,33.36596
4539,837,-112.08233,33.46606
4540,837,-112.099915,33.503017
4541,837,-112.07156,33.457054
4542,2499,-115.17516,36.109875
4543,837,-112.07033,33.457035
4544,939,-112.05806,33.550854
4545,837,-111.943985,33.428585
4546,837,-111.59601,33.22378
4547,837,-111.72063,33.23511
4548,940,-111.888374,33.581944
4549,837,-111.97828,33.39516
4550,837,-111.83293,33.41547
4551,837,-111.96103,33.87358
4552,837,-111.92602,33.582504
4553,837,-112.0917,33.50899
4554,837,-111.90849,33.430023
4555,837,-112.04733,33.641117
4556,837,-111.9759,33.495018
4557,837,-112.204185,33.63882
4558,837,-111.8989,33.306488
4559,837,-112.02297,33.495342
4560,837,-111.99434,33.43419
4561,837,-115.19761,36.14399
4562,941,-112.064926,33.4743
4563,837,-112.073494,33.491695
4564,7840,-112.04149,33.508736
4565,837,-112.26605,33.53391
4566,837,-112.07415,33.46425
4567,837,-112.03885,33.506256
4568,837,-115.11979,36.238106
4569,837,-112.22832,33.634636
4570,942,-112.07161,33.458847
4571,837,-111.926765,33.501877
4572,837,-111.95149,33.42273
4573,837,-111.909225,33.305378
4574,837,-111.951614,33.421337
4575,943,-111.93631,33.422318
4576,837,-112.23696,33.62722
4577,944,-112.04798,33.513504
4578,837,-112.07054,33.465744
4579,837,-112.07486,33.448936
4580,945,-112.04767,33.483723
4581,2499,-112.073425,33.447334
4582,1333,-112.04784,33.5224
4583,946,-111.96211,33.33497
4584,947,-111.99497,33.43605
4585,948,-111.926674,33.489574
4586,837,-111.910515,33.46885
4587,949,-112.083984,33.496387
4588,837,-111.85335,33.393387
4589,837,-111.85275,33.731834
4590,6644,-115.169655,36.12119
4591,837,-111.89163,33.625385
4592,837,-79.985535,40.45074
4593,837,-112.082344,33.46532
4594,4421,-115.13792,36.168026
4595,837,-112.072014,33.455708
4596,837,-111.888626,33.675133
4597,837,-112.184326,33.539227
4598,837,-111.9288,33.49526
4599,837,-111.860405,33.277092
4600,837,-112.18537,33.610764
4601,950,-112.07339,33.513504
4602,837,-112.04831,33.508953
4603,951,-112.1128,33.712425
4604,837,-111.90465,33.616486
4605,837,-111.836136,33.416798
4606,952,-112.04725,33.50166
4607,837,-112.23166,33.638668
4608,837,-111.89117,33.319813
4609,837,-112.169464,33.596962
4610,837,-112.11606,33.58511
4611,837,-111.91002,33.395737
4612,837,-112.06343,33.44752
4613,837,-111.90834,33.394802
4614,837,-111.89344,33.62444
4615,837,-112.06844,33.638363
4616,837,-112.17426,33.63955
4617,953,-112.35883,33.467022
4618,837,-111.68715,33.325325
4619,954,-111.85407,33.39349
4620,837,-112.12325,33.639545
4621,955,-112.356064,33.464493
4622,837,-112.07431,33.50062
4623,837,-112.25428,33.580444
4624,837,-112.13424,33.625828
4625,837,-112.261604,33.534298
4626,956,-112.1807,33.58231
4627,837,-112.18817,33.662697
4628,837,-111.85794,33.27528
4629,837,-111.92445,33.539402
4630,957,-111.92529,33.478733
4631,958,-112.18902,33.639168
4632,837,-112.06962,33.452393
4633,837,-112.07415,33.46425
4634,959,-111.892105,33.622715
4635,837,-112.04945,33.377567
4636,960,-111.909645,33.40716
4637,837,-111.84114,33.29091
4638,837,-112.068504,33.452827
4639,837,-112.08199,33.50551
4640,2499,-111.92563,33.49171
4641,837,-112.08285,33.51695
4642,837,-112.071884,33.44986
4643,961,-111.93772,33.391724
4644,837,-111.75579,33.36657
4645,837,-115.351524,36.159336
4646,837,-115.1195,36.015434
4647,837,-112.02851,33.511456
4648,837,-112.07127,33.508995
4649,3204,-111.78977,33.356873
4650,837,-111.90862,33.377403
4651,837,-112.066925,33.639965
4652,962,-111.92388,33.820896
4653,837,-73.55403,45.50644
4654,837,-112.07285,33.449226
4655,2499,-73.55454,45.504128
4656,963,-111.962555,33.33564
4657,964,-112.04715,33.524593
4658,837,-112.07232,33.457657
4659,2499,-115.16021,36.133446
4660,837,-111.92529,33.478733
4661,837,-112.07059,33.45006
4662,2499,-111.8758,33.41271
4663,837,-111.841324,33.245163
4664,837,-111.995514,33.50243
4665,837,-112.126686,33.581818
4666,837,-115.23995,36.14467
4667,837,-112.0846,33.34697
4668,837,-112.082344,33.46532
4669,2499,-115.209656,36.127045
4670,837,-111.90804,33.33591
4671,837,-111.925865,33.64129
4672,837,-112.05627,33.472767
4673,837,-112.0733,33.47907
4674,837,-111.93228,33.496403
4675,837,-112.358765,33.507095
4676,837,-111.93508,33.48131
4677,837,-111.92239,33.501007
4678,837,-112.07196,33.509605
4679,837,-80.83188,35.156338
4680,837,-111.90551,33.573765
4681,837,-111.95575,33.531525
4682,966,-112.079285,33.455036
4683,837,-112.02292,33.448673
4684,837,-111.92892,33.82847
4685,837,-111.89477,33.627304
4686,837,-112.082825,33.517372
4687,837,-112.06456,33.522358
4688,837,-111.93512,33.483368
4689,837,-111.936485,33.422974
4690,967,-112.07054,33.465744
4691,968,-112.07401,33.505856
4692,837,-112.03685,33.640083
4693,837,-112.07484,33.447174
4694,837,-112.07484,33.447174
4695,969,-112.06666,33.496933
4696,837,-112.07747,33.459015
4697,935,-112.07422,33.479652
4698,837,-111.87735,33.30606
4699,837,-112.08388,33.49745
4700,837,-111.74184,33.307846
4701,837,-111.97678,33.584267
4702,837,-111.78861,33.43749
4703,837,-111.921684,33.582222
4704,837,-112.07484,33.447174
4705,970,-111.72394,33.379185
4706,971,-111.92525,33.618355
4707,837,-112.072266,33.458782
4708,972,-111.97403,33.371136
4709,837,-112.05206,33.457935
4710,837,-112.11214,33.66497
4711,837,-112.07405,33.44995
4712,973,-112.078156,33.458477
4713,837,-112.07405,33.44995
4714,974,-112.18317,33.538727
4715,975,-112.05472,33.55273
4716,837,-112.04767,33.483723
4717,837,-112.10039,33.488403
4718,837,-111.93159,33.830368
4719,837,-111.875336,33.277004
4720,837,-111.73558,33.43846
4721,837,-111.92306,33.49227
4722,837,-112.75274,33.96392
4723,837,-112.083115,33.49457
4724,837,-111.928024,33.624035
4725,976,-112.116264,33.576405
4726,837,-112.074036,33.448376
4727,837,-112.07562,33.450012
4728,837,-112.07401,33.45038
4729,837,-115.16918,36.10844
4730,837,-112.14982,33.640068
4731,837,-111.989876,33.49498
4732,837,-112.04661,33.51038
4733,837,-112.07492,33.483
4734,837,-111.92589,33.586834
4735,837,-111.84111,33.363014
4736,837,-112.08234,33.516464
4737,837,-112.04733,33.641117
4738,837,-111.89146,33.627163
4739,837,-112.07238,33.46544
4740,837,-112.1159,33.587765
4741,837,-111.789665,33.305748
4742,837,-111.88343,33.305298
4743,837,-111.953125,33.42159
4744,837,-112.13726,33.50915
4745,977,-111.790085,33.35524
4746,837,-111.98837,33.495483
4747,837,-112.072014,33.455708
4748,837,-112.06466,33.476845
4749,837,-112.05941,33.49494
4750,837,-111.94643,33.37854
4751,978,-115.17332,36.11567
4752,837,-111.96901,33.315628
4753,837,-111.9224,33.500626
4754,979,-112.39554,33.45657
4755,980,-112.07228,33.45587
4756,837,-112.34323,33.464
4757,837,-112.081566,33.4655
4758,837,-112.06836,33.457863
4759,2499,-115.1741,36.12134
4760,837,-111.86142,33.37831
4761,837,-111.92756,33.38369
4762,837,-111.88626,33.569817
4763,837,-111.97811,33.59784
4764,837,-112.04739,33.4692
4765,837,-111.92529,33.478733
4766,981,-111.92697,33.462616
4767,837,-112.222885,33.596703
4768,837,-111.92737,33.50323
4769,982,-112.071075,33.446884
4770,983,-112.073425,33.447334
4771,984,-111.96481,33.378925
4772,837,-112.13101,33.639732
4773,837,-115.17684,36.1206
4774,837,-112.271805,33.465214
4775,837,-112.237854,33.63042
4776,985,-112.08238,33.46577
4777,986,-111.92477,33.64053
4778,987,-112.02814,33.510223
4779,837,-111.995705,33.63991
4780,837,-112.024,33.50923
4781,988,-111.99968,33.43605
4782,837,-111.98095,33.304028
4783,837,-111.92619,33.618313
4784,4421,-115.14056,36.16785
4785,2499,-115.00943,36.27326
4786,837,-111.537415,33.57461
4787,989,-112.071075,33.446884
4788,990,-111.78979,33.357132
4789,837,-112.073425,33.447334
4790,2499,-112.049126,33.4368
4791,991,-112.019775,33.495438
4792,837,-112.071075,33.446884
4793,992,-112.07401,33.44957
4794,837,-112.10003,33.638687
4795,993,-111.967804,33.320557
4796,837,-111.686104,33.38569
4797,837,-111.787735,33.391663
4798,837,-111.98051,33.378704
4799,837,-112.074066,33.509735
4800,994,-112.074425,33.44849
4801,995,-111.929375,33.622887
4802,996,-111.96135,33.351013
4803,837,-112.06544,33.595097
4804,837,-112.006714,33.435715
4805,837,-112.064766,33.470886
4806,837,-111.90513,33.41494
4807,837,-111.97488,33.58422
4808,837,-111.88544,33.54149
4809,2499,-115.17033,36.12362
4810,837,-112.07422,33.479652
4811,837,-111.93395,33.49345
4812,837,-112.07422,33.479652
4813,4421,-115.17086,36.10993
4814,837,-112.121895,33.670223
4815,837,-111.927765,33.498432
4816,837,-112.20085,33.610016
4817,6644,-115.13609,36.01191
4818,837,-112.10831,33.538857
4819,837,-111.924194,33.78053
4820,6644,-115.1466,36.171837
4821,837,-112.271225,33.63774
4822,837,-112.06476,33.4713
4823,997,-115.16744,36.127686
4824,6644,-115.1684,36.124554
4825,837,-112.09868,33.46693
4826,2499,-115.17459,36.112022
4827,2499,-115.17476,36.10803
4828,837,-112.287704,33.49428
4829,4421,-115.22625,36.086525
4830,4421,-115.11799,36.014458
4831,837,-112.02849,33.510426
4832,998,-111.90446,33.433537
4833,837,-112.07233,33.456696
4834,837,-111.930984,33.79885
4835,837,-111.936104,33.378223
4836,837,-112.06466,33.486187
4837,837,-112.072395,33.448742
4838,837,-111.92612,33.532578
4839,837,-112.04676,33.54781
4840,837,-112.07372,33.448563
4841,837,-112.127,33.581833
4842,4421,-115.25734,36.195675
4843,6644,-112.07271,33.448376
4844,999,-112.10217,33.52494
4845,837,-112.06669,33.60944
4846,1000,-111.9515,33.304844
4847,837,-112.073425,33.447334
4848,1001,-111.9309,33.58303
4849,837,-112.06609,33.60633
4850,837,-112.26056,33.534855
4851,837,-111.78861,33.43749
4852,837,-112.09069,33.480274
4853,837,-111.73821,33.41594
4854,837,-112.22137,33.467903
4855,837,-112.047104,33.530334
4856,1002,-111.87926,33.63937
4857,837,-111.98907,33.59956
4858,837,-112.02839,33.510456
4859,837,-111.92657,33.499386
4860,837,-112.122604,33.581367
4861,1003,-112.06544,33.595097
4862,4421,-112.07405,33.44995
4863,1004,-112.21744,33.637657
4864,1005,-112.0741,33.47948
4865,837,-112.068504,33.452827
4866,837,-112.09614,33.510094
4867,837,-112.0741,33.47948
4868,837,-111.874146,33.31923
4869,2499,-111.997696,33.435596
4870,2499,-112.07229,33.4807
4871,2499,-115.17704,36.10762
4872,837,-112.23267,33.6359
4873,2499,-115.17089,36.11006
4874,837,-112.07127,33.63668
4875,1733,-112.131485,33.525192
4876,837,-111.8742,33.31996
4877,4421,-115.20131,36.126427
4878,1006,-112.09136,33.477753
4879,837,-112.02418,33.510033
4880,837,-112.06488,33.47426
4881,1007,-111.90383,33.433975
4882,1008,-111.923,33.5015
4883,837,-112.0739,33.500202
4884,1009,-111.92796,33.490696
4885,837,-112.073685,33.479477
4886,837,-112.0249,33.510975
4887,837,-111.95149,33.42273
4888,1010,-112.06342,33.607544
4889,837,-111.924904,33.510914
4890,1011,-112.0792,33.49111
4891,837,-111.97652,33.31724
4892,837,-111.92792,33.499535
4893,837,-112.07457,33.47411
4894,837,-111.938225,33.378216
4895,837,-112.13404,33.610744
4896,837,-112.16784,33.61331
4897,1012,-111.89105,33.6271
4898,837,-112.08288,33.516365
4899,837,-112.235085,33.654278
4900,837,-112.073685,33.479477
4901,1013,-112.04791,33.47893
4902,4421,-115.10866,36.001587
4903,837,-112.06096,33.50953
4904,837,-111.92951,33.322136
4905,2499,-115.13838,36.11365
4906,6644,-111.99584,33.640785
4907,837,-112.049126,33.4368
4908,837,-111.88451,33.636524
4909,837,-111.979546,33.640232
4910,837,-112.00008,33.495438
4911,6644,-115.17306,36.091965
4912,837,-111.93744,33.423515
4913,837,-112.201866,33.669647
4914,837,-111.92753,33.49919
4915,837,-111.78759,33.379097
4916,2499,-112.07427,33.447517
4917,837,-111.977036,33.61302
4918,837,-111.906044,33.43245
4919,837,-111.86972,33.5409
4920,1014,-111.48048,33.450058
4921,837,-111.87605,33.3627
4922,837,-112.04657,33.510155
4923,837,-111.92604,33.41696
4924,837,-112.05472,33.55273
4925,1015,-111.89912,33.62122
4926,837,-112.06238,33.637684
4927,1016,-112.25456,33.478016
4928,837,-89.38695,43.07489
4929,837,-112.362854,33.638557
4930,837,-111.979164,33.597935
4931,837,-111.89904,33.55519
4932,837,-112.02849,33.510426
4933,6644,-115.17481,36.10987
4934,1017,-112.126114,33.47456
4935,837,-112.074196,33.51354
4936,837,-111.85576,33.39053
4937,837,-112.07409,33.4975
4938,837,-112.07422,33.479652
4939,837,-112.01175,33.509346
4940,1018,-112.098274,33.53864
4941,1019,-112.065636,33.44916
4942,1020,-112.071884,33.44986
4943,837,-112.082985,33.46545
4944,1021,-112.07379,33.435524
4945,1022,-111.72392,33.32106
4946,2499,-112.06063,33.49443
4947,1023,-111.931244,33.49337
4948,837,-111.789276,33.355034
4949,837,-111.74293,33.308735
4950,837,-112.07339,33.513504
4951,1024,-112.07232,33.457657
4952,837,-111.634476,33.249775
4953,837,-112.04088,33.509563
4954,837,-111.978836,33.67586
4955,837,-111.90065,33.30537
4956,1025,-111.87236,33.540802
4957,6644,-111.93051,33.64885
4958,1026,-112.11074,33.524494
4959,1027,-112.13333,33.567116
4960,1028,-112.06096,33.50953
4961,837,-111.92529,33.478733
4962,837,-111.98909,33.42159
4963,837,-112.078156,33.458477
4964,837,-112.099625,33.566025
4965,1029,-112.3577,33.537685
4966,1030,-112.073326,33.509567
4967,837,-112.085785,33.509537
4968,1031,-111.927,33.474373
4969,1032,-111.905495,33.43018
4970,837,-112.068,33.641598
4971,837,-111.89859,33.490013
4972,837,-111.84128,33.3937
4973,837,-112.07405,33.44995
4974,837,-112.239044,33.669716
4975,837,-112.26105,33.533955
4976,1033,-111.92358,33.491535
4977,837,-111.93961,33.42608
4978,2499,-111.918686,33.566635
4979,837,-111.79821,33.422718
4980,837,-112.07422,33.479652
4981,1034,-112.3589,33.64478
4982,837,-111.80903,33.271664
4983,837,-111.989876,33.49498
4984,837,-111.927734,33.348675
4985,837,-112.02787,33.49874
4986,837,-112.070465,33.452625
4987,837,-112.02769,33.510315
4988,837,-111.988716,33.509197
4989,837,-111.94475,33.421658
4990,837,-111.68226,33.45104
4991,837,-112.04675,33.523613
4992,837,-112.033966,33.465523
4993,837,-112.07426,33.500813
4994,837,-112.04698,33.523983
4995,837,-112.07991,33.45496
4996,837,-111.976906,33.612934
4997,2499,-111.92427,33.492287
4998,837,-111.92635,33.46439
4999,837,-112.065346,33.511677
5000,837,-112.01383,33.510063
5001,1035,-111.98212,33.331654
5002,837,-111.94858,33.832657
5003,837,-111.91492,33.421413
5004,1036,-111.95493,33.407665
5005,837,-111.929375,33.622887
5006,837,-112.073425,33.447334
5007,837,-111.743675,33.306835
5008,837,-112.187035,33.640503
5009,837,-112.083466,33.49569
5010,837,-112.20413,33.611145
5011,837,-112.074196,33.51354
5012,837,-111.9759,33.495018
5013,837,-111.85937,33.384197
5014,837,-111.77341,33.29329
5015,837,-112.047455,33.547836
5016,837,-112.13259,33.552723
5017,837,-112.06783,33.458065
5018,837,-112.04788,33.525127
5019,837,-112.072014,33.455708
5020,837,-112.072014,33.455708
5021,1037,-111.8437,33.384083
5022,837,-112.073425,33.447334
5023,837,-111.89997,33.4276
5024,837,-111.87404,33.622597
5025,837,-111.92716,33.45379
5026,837,-111.92483,33.539448
5027,837,-112.137405,33.639606
5028,837,-115.17516,36.109875
5029,837,-112.04994,33.508884
5030,837,-112.06502,33.653706
5031,837,-111.92606,33.48357
5032,837,-111.74266,33.3004
5033,837,-111.7212,33.3666
5034,837,-111.79082,33.261326
5035,2499,-115.173904,36.110092
5036,837,-112.42459,33.622913
5037,837,-111.92708,33.335384
5038,837,-111.92716,33.45379
5039,837,-111.89337,33.32015
5040,2499,-111.97308,33.52883
5041,837,-112.11884,33.48044
5042,837,-111.92555,33.492203
5043,1038,-111.98212,33.331654
5044,837,-111.97686,33.613007
5045,1039,-112.02125,33.496155
5046,4421,-115.17131,36.11928
5047,1040,-111.96778,33.305794
5048,837,-112.06516,33.519554
5049,837,-112.07672,33.479992
5050,837,-112.04465,33.448486
5051,1041,-112.07358,33.442486
5052,837,-111.86027,33.262383
5053,4421,-115.190506,36.08786
5054,837,-111.889626,33.56953
5055,837,-112.23267,33.6359
5056,4421,-115.17124,36.11788
5057,837,-112.07371,33.456326
5058,837,-111.92686,33.583466
5059,2499,-115.17437,36.10206
5060,837,-112.111664,33.64012
5061,837,-112.25756,33.480137
5062,837,-112.07374,33.561237
5063,1042,-111.911736,33.64759
5064,837,-112.12562,33.574123
5065,837,-112.09998,33.55429
5066,4421,-115.179146,36.145535
5067,6644,-115.17516,36.109875
5068,837,-89.39987,43.07648
5069,837,-111.87686,33.54105
5070,837,-111.78727,33.393917
5071,837,-112.04876,33.465958
5072,2499,-115.16296,36.12714
5073,1043,-112.13224,33.392525
5074,4421,-115.17155,36.05199
5075,2499,-112.07212,33.4448
5076,1044,-112.07212,33.4448
5077,2499,-80.71706,35.139946
5078,837,-115.172554,36.115673
5079,4421,-112.093414,33.51961
5080,837,-115.167725,36.103397
5081,2499,-111.61947,33.479176
5082,6644,-112.00837,33.418617
5083,1045,-112.00331,33.4787
5084,837,-112.010895,33.481
5085,837,-112.04497,33.49466
5086,6644,-112.51594,33.495995
5087,837,-111.74184,33.307846
5088,837,-111.929985,33.496662
5089,1046,-111.62384,33.48893
5090,837,-112.07077,33.447395
5091,837,-111.79164,33.270878
5092,1047,-111.92708,33.508694
5093,6644,-112.07212,33.4448
5094,837,-112.14925,34.048668
5095,2499,-111.9161,33.419567
5096,1048,-111.97799,33.446945
5097,1049,-115.16591,36.127686
5098,837,-112.07156,33.457054
5099,1050,-111.995705,33.63991
5100,837,-112.10115,33.554585
5101,837,-111.936,33.41438
5102,1051,-111.978355,33.628124
5103,837,-111.85294,33.414787
5104,837,-112.20447,33.63786
5105,837,-112.03788,33.509254
5106,837,-112.04094,33.46563
5107,837,-111.82296,33.414574
5108,837,-111.98648,33.478443
5109,2499,-112.04317,33.54533
5110,837,-112.21981,33.639004
5111,837,-111.90653,33.392822
5112,1052,-112.07212,33.4448
5113,837,-112.07212,33.4448
5114,1053,-111.84235,33.302635
5115,837,-112.27196,33.552067
5116,4421,-115.13954,36.085697
5117,2499,-111.98848,33.451878
5118,1054,-111.90653,33.392822
5119,837,-111.980995,33.419838
5120,1055,-112.00319,33.317657
5121,837,-112.07212,33.4448
5122,837,-112.27829,33.465275
5123,837,-112.07212,33.4448
5124,837,-111.93472,33.42403
5125,1056,-111.873955,33.62112
5126,6644,-115.163124,36.133614
5127,837,-111.94497,33.462166
5128,2499,-112.011826,33.436295
5129,2499,-112.14979,33.639282
5130,837,-115.17603,36.11833
5131,2499,-112.31123,33.638462
5132,837,-115.17577,36.10771
5133,837,-111.948906,33.507557
5134,2499,-111.924934,33.6239
5135,837,-111.858116,33.363865
5136,837,-112.1223,33.66764
5137,837,-112.07461,33.474236
5138,6644,-112.071236,33.44601
5139,837,-111.83835,33.289387
5140,837,-115.174644,36.109913
5141,837,-111.757416,33.30427
5142,2499,-115.16522,36.099003
5143,2499,-111.926445,33.490032
5144,2499,-115.16818,36.117462
5145,837,-112.00434,33.64005
5146,837,-111.9871,33.509827
5147,837,-112.05828,33.466064
5148,2499,-115.1401,36.169327
5149,6644,-115.186485,36.1187
5150,837,-111.948746,33.34968
5151,837,-111.98034,33.291832
5152,837,-112.07331,33.45167
5153,837,-111.98837,33.495483
5154,837,-112.0741,33.506855
5155,2499,-115.1725,36.110065
5156,837,-111.98617,33.510483
5157,1057,-111.840355,33.418373
5158,837,-111.947525,33.407562
5159,837,-111.93508,33.48131
5160,1058,-112.073494,33.491695
5161,2499,-111.89477,33.627304
5162,837,-111.85958,33.335857
5163,837,-112.234055,33.65412
5164,1059,-111.78749,33.376934
5165,837,-112.09746,33.463364
5166,7053,-111.92908,33.58206
5167,837,-111.7195,33.34711
5168,837,-111.96613,33.684566
5169,837,-112.06693,33.64126
5170,837,-112.349045,33.489315
5171,1060,-111.923294,33.50128
5172,837,-111.92796,33.490696
5173,1061,-112.20224,33.71069
5174,837,-111.875916,33.276257
5175,6644,-115.17345,36.10306
5176,837,-111.925575,33.503353
5177,1062,-112.222885,33.596703
5178,1063,-111.92681,33.655525
5179,837,-112.029785,33.626873
5180,837,-111.908585,33.39378
5181,837,-112.35902,33.636826
5182,837,-112.03529,33.596844
5183,837,-111.84203,33.2455
5184,837,-111.90578,33.671642
5185,1064,-112.12949,33.48345
5186,837,-112.26053,33.535122
5187,837,-112.29537,33.511894
5188,1065,-112.00576,33.380817
5189,837,-111.94031,33.423107
5190,1066,-111.77975,33.37889
5191,837,-112.261986,33.534485
5192,837,-112.073875,33.446995
5193,837,-111.88703,33.42935
5194,837,-111.92609,33.478947
5195,1067,-112.16552,33.53812
5196,837,-111.99131,33.305824
5197,1068,-112.11163,33.712982
5198,1069,-112.07427,33.447517
5199,837,-111.9249,33.566227
5200,1070,-112.15045,33.692802
5201,4421,-112.06451,33.53131
5202,837,-111.969185,33.33752
5203,837,-112.04739,33.4692
5204,837,-111.91462,33.393013
5205,837,-112.07085,33.45184
5206,837,-112.07427,33.447517
5207,837,-112.075264,33.45975
5208,837,-111.92529,33.478733
5209,837,-111.92627,33.637753
5210,837,-115.174355,36.109806
5211,837,-111.789055,33.35924
5212,837,-111.94566,33.33405
5213,1071,-111.687355,33.32723
5214,837,-112.073425,33.447334
5215,837,-112.08981,33.45712
5216,4421,-115.14124,36.169888
5217,6644,-115.17345,36.10306
5218,837,-112.07669,33.451775
5219,2499,-3.186134,55.95049
5220,1072,-111.91267,33.362457
5221,837,-112.066,33.44936
5222,837,-115.19826,36.11444
5223,837,-111.929794,33.49288
5224,837,-112.11646,33.560856
5225,837,-112.0739,33.500202
5226,6644,-111.87605,33.3627
5227,837,-111.947525,33.407562
5228,1073,-111.91492,33.421413
5229,837,-111.9276,33.498474
5230,1074,-112.066,33.44936
5231,837,-112.20239,33.691536
5232,4421,-115.13441,36.166664
5233,2499,-88.24388,40.119038
5234,837,-112.00206,33.494934
5235,4421,-115.334816,36.155132
5236,837,-112.111946,33.714478
5237,1075,-112.074554,33.447453
5238,837,-111.90998,33.347878
5239,6644,-115.17127,36.11288
5240,837,-112.02814,33.510223
5241,837,-112.074554,33.447453
5242,837,-111.96394,33.37795
5243,837,-112.35747,33.461906
5244,837,-111.941315,33.625683
5245,837,-112.079285,33.455036
5246,837,-112.171936,33.638557
5247,2499,-112.1181,33.670265
5248,1076,-111.86058,33.3892
5249,837,-111.92942,33.50284
5250,837,-111.91492,33.421413
5251,837,-112.17426,33.63955
5252,1077,-111.87436,33.336075
5253,837,-112.18475,33.612614
5254,837,-112.058655,33.50895
5255,837,-111.92656,33.485966
5256,837,-112.04847,33.52394
5257,837,-112.00109,33.495476
5258,837,-111.9264,33.493824
5259,837,-112.26587,33.57993
5260,4421,-111.91861,33.500355
5261,837,-111.98909,33.42159
5262,837,-112.02105,33.64032
5263,2499,-111.99703,33.43763
5264,837,-112.26204,33.53305
5265,837,-111.97811,33.59784
5266,837,-112.04739,33.4692
5267,1078,-112.27218,33.472286
5268,1079,-111.56101,33.41655
5269,837,-112.10023,33.626423
5270,837,-111.96592,33.318157
5271,837,-111.82497,33.363434
5272,837,-111.92691,33.463375
5273,1080,-111.89833,33.619865
5274,837,-111.982025,33.34806
5275,837,-111.96528,33.675354
5276,837,-111.72131,33.366463
5277,837,-111.921684,33.582222
5278,837,-111.940735,33.429615
5279,1081,-111.97616,33.347683
5280,2499,-111.9692,33.31819
5281,837,-111.929245,33.65774
5282,837,-112.07777,33.460133
5283,2499,-115.1765,36.10758
5284,1082,-111.967865,33.321472
5285,6644,-115.17124,36.11788
5286,1083,-111.97652,33.31724
5287,2337,-112.27315,33.711445
5288,2499,-88.219406,40.105736
5289,1084,-112.01175,33.62692
5290,837,-112.03839,33.507893
5291,1085,-111.94115,33.42319
5292,837,-115.15475,36.12697
5293,837,-112.18295,33.538418
5294,837,-112.06877,33.485413
5295,837,-111.7195,33.34711
5296,1086,-112.2205,33.519882
5297,837,-111.92902,33.50251
5298,1087,-111.962616,33.3216
5299,837,-111.93901,33.42399
5300,1088,-111.97119,33.67655
5301,837,-112.11887,33.580273
5302,837,-111.787735,33.391663
5303,2499,-115.17124,36.11788
5304,837,-111.92789,33.39391
5305,4421,-115.242935,36.044125
5306,837,-112.03039,33.4954
5307,6644,-112.124596,33.57733
5308,837,-112.064316,33.656155
5309,837,-112.07248,33.448296
5310,1089,-112.29186,33.493465
5311,1090,-112.06667,33.448673
5312,837,-112.04698,33.523983
5313,837,-111.939804,33.426353
5314,837,-111.85944,33.260887
5315,837,-111.92592,33.416245
5316,837,-112.170334,33.46561
5317,837,-111.87743,33.393486
5318,837,-111.72392,33.32106
5319,837,-115.17193,36.127487
5320,837,-111.87757,33.333683
5321,837,-112.07896,33.639652
5322,837,-111.91124,33.362206
5323,837,-112.06421,33.594894
5324,837,-111.913185,33.32099
5325,837,-111.85965,33.322746
5326,837,-111.790085,33.35524
5327,4421,-111.98849,33.45545
5328,837,-112.074684,33.509563
5329,837,-112.23827,33.63088
5330,1091,-111.877014,33.389984
5331,837,-111.8063,33.379913
5332,837,-111.98645,33.47641
5333,837,-112.03776,33.507843
5334,837,-111.73893,33.33537
5335,837,-111.833046,33.22312
5336,1092,-112.04767,33.483723
5337,837,-111.92463,33.526604
5338,1093,-112.00525,33.4954
5339,837,-112.127106,33.581795
5340,837,-111.994576,33.304462
5341,837,-111.99458,33.30467
5342,2499,-115.167755,36.123978
5343,837,-112.08399,33.508835
5344,837,-111.95392,33.40789
5345,837,-112.16687,33.553658
5346,837,-111.80445,33.37847
5347,837,-112.004005,33.316765
5348,1094,-112.03235,33.466087
5349,1095,-112.04794,33.525883
5350,1096,-111.97678,33.675884
5351,1097,-111.84202,33.31653
5352,2499,-111.96175,33.40655
5353,1098,-111.87599,33.41335
5354,837,-111.947525,33.407562
5355,1099,-111.8758,33.41271
5356,1100,-111.84114,33.24765
5357,837,-112.07401,33.505856
5358,837,-112.219826,33.596382
5359,1101,-111.68641,33.312725
5360,1102,-111.996475,33.509785
5361,837,-112.00525,33.4954
5362,837,-112.04677,33.50889
5363,837,-112.02897,33.50945
5364,837,-112.07377,33.45838
5365,1103,-111.87572,33.27626
5366,2499,-115.17038,36.119
5367,837,-112.273056,33.46414
5368,2499,-112.07228,33.45587
5369,1104,-111.7877,33.407322
5370,4421,-112.06096,33.50953
5371,1105,-112.013695,33.511284
5372,837,-112.11067,33.640343
5373,1106,-111.9397,33.42594
5374,1107,-111.99402,33.49537
5375,1108,-112.06518,33.57531
5376,1109,-111.89652,33.305275
5377,1110,-111.92628,33.528217
5378,1111,-111.923096,33.49217
5379,1112,-112.24049,33.423298
5380,1113,-111.989876,33.49498
5381,837,-112.234055,33.65412
5382,1114,-112.073685,33.36718
5383,1115,-115.19207,36.131855
5384,837,-111.91492,33.421413
5385,837,-112.01323,33.47383
5386,837,-111.809586,33.31991
5387,837,-112.07547,33.453053
5388,837,-112.07098,33.45493
5389,837,-112.02123,33.496204
5390,1116,-112.12042,33.5694
5391,837,-112.03235,33.466087
5392,837,-111.88911,33.30665
5393,1117,-111.877495,33.364044
5394,1118,-112.03235,33.466087
5395,837,-111.87757,33.333683
5396,2499,-112.14987,33.87331
5397,837,-112.04001,33.505775
5398,837,-111.92635,33.46439
5399,837,-112.32423,33.49284
5400,837,-112.068954,33.459053
5401,837,-111.791565,33.28799
5402,1119,-111.90802,33.422424
5403,1120,-112.06309,33.5089
5404,2499,-115.17704,36.10762
5405,837,-111.936,33.41438
5406,837,-112.063545,33.465435
5407,837,-111.72688,33.414944
5408,837,-111.898384,33.304768
5409,2499,-80.81488,35.22101
5410,837,-111.999565,33.495495
5411,2499,-111.928795,33.502323
5412,837,-111.9026,33.432377
5413,2499,-111.99793,33.435448
5414,837,-112.08366,33.495502
5415,837,-115.17103,36.099377
5416,837,-115.24354,36.073208
5417,837,-112.16784,33.61331
5418,837,-111.97698,33.34888
5419,837,-112.04928,33.523098
5420,837,-111.92791,33.624466
5421,1121,-111.93052,33.364914
5422,837,-111.95213,33.399364
5423,837,-111.92227,33.584015
5424,837,-112.0404,33.509445
5425,837,-115.14908,36.123734
5426,837,-112.05606,33.472824
5427,837,-112.055954,33.45107
5428,837,-111.89228,33.62004
5429,837,-111.82485,33.39299
5430,837,-111.9309,33.58303
5431,2499,-115.21391,36.12671
5432,6644,-115.145294,36.167034
5433,837,-112.048,33.48403
5434,6644,-115.16879,36.122967
5435,6644,-111.92415,33.50155
5436,837,-111.979546,33.640232
5437,837,-111.95543,33.44222
5438,1122,-112.047104,33.530334
5439,837,-112.07327,33.479782
5440,837,-112.028694,33.510395
5441,837,-112.071495,33.458748
5442,837,-111.95462,33.615543
5443,837,-111.90149,33.434013
5444,837,-112.06899,33.45917
5445,837,-112.09551,33.466
5446,837,-111.93512,33.483368
5447,837,-111.906044,33.43245
5448,837,-111.900154,33.522736
5449,1123,-112.06453,33.531372
5450,1124,-111.874,33.622295
5451,837,-111.92823,33.495464
5452,837,-112.06899,33.45917
5453,837,-111.9515,33.304844
5454,1125,-112.07457,33.47411
5455,837,-112.07317,33.44843
5456,1126,-111.95117,33.421658
5457,837,-111.92645,33.497555
5458,837,-112.15217,33.479485
5459,1127,-111.922005,33.416733
5460,837,-112.098526,33.451073
5461,1128,-111.899635,33.554825
5462,837,-112.09069,33.480274
5463,837,-111.85294,33.414787
5464,837,-112.13264,33.53884
5465,1129,-112.07405,33.44995
5466,1130,-111.92775,33.492905
5467,837,-112.06555,33.488495
5468,837,-112.028625,33.510582
5469,837,-111.978455,33.62746
5470,1131,-111.88114,33.58091
5471,837,-111.91906,33.50137
5472,837,-112.07561,33.509773
5473,837,-112.235,33.634686
5474,1132,-111.875244,33.40565
5475,837,-111.896255,33.42264
5476,837,-112.0135,33.583496
5477,837,-112.07358,33.442486
5478,1133,-111.92659,33.472366
5479,1134,-111.944756,33.421448
5480,1135,-111.877304,33.362797
5481,837,-111.90034,33.298832
5482,1136,-112.06543,33.469967
5483,2499,-115.14252,36.142284
5484,837,-111.91155,33.40709
5485,837,-112.07377,33.45838
5486,837,-111.926285,33.624992
5487,1137,-112.05003,33.46554
5488,837,-111.89497,33.582962
5489,837,-112.000984,33.49572
5490,2435,-111.92924,33.50279
5491,837,-112.061,33.458843
5492,1138,-111.9923,33.480152
5493,837,-112.06862,33.452156
5494,1139,-111.940254,33.425964
5495,837,-112.12234,33.58052
5496,837,-111.92293,33.492752
5497,837,-112.01217,33.50923
5498,1140,-111.6873,33.32569
5499,837,-112.08063,33.480015
5500,837,-111.86,33.33985
5501,837,-112.06998,33.45716
5502,837,-112.07217,33.45746
5503,837,-112.07427,33.447517
5504,837,-112.15378,33.568226
5505,837,-112.05627,33.472767
5506,837,-111.925766,33.493763
5507,837,-112.02123,33.496204
5508,837,-112.083885,33.497753
5509,837,-112.040085,33.46555
5510,6644,-112.233604,33.631218
5511,837,-112.06482,33.473904
5512,1141,-112.04673,33.523743
5513,837,-111.928024,33.624035
5514,1142,-112.07908,33.49112
5515,1143,-112.2698,33.464275
5516,837,-112.14925,34.048668
5517,837,-112.073425,33.45838
5518,837,-112.073395,33.477222
5519,837,-111.92592,33.45929
5520,837,-112.08313,33.498795
5521,1144,-111.922,33.50141
5522,837,-112.09107,33.458866
5523,837,-111.93086,33.44029
5524,837,-111.92425,33.6249
5525,837,-111.90862,33.377403
5526,837,-112.078156,33.458477
5527,837,-111.99269,33.48069
5528,1145,-112.074036,33.448376
5529,1146,-112.08388,33.49745
5530,837,-112.065475,33.47014
5531,1147,-111.96916,33.50441
5532,837,-112.07228,33.45587
5533,837,-111.97844,33.624424
5534,837,-112.28586,33.49289
5535,837,-112.065346,33.511677
5536,837,-112.08234,33.516464
5537,1148,-112.06456,33.522358
5538,837,-115.15323,36.042797
5539,837,-112.04728,33.457527
5540,1150,-112.09614,33.510094
5541,837,-112.0739,33.500202
5542,1151,-112.35909,33.608913
5543,1152,-111.88703,33.58109
5544,837,-112.061,33.458843
5545,837,-112.15217,33.479485
5546,1153,-111.742516,33.31984
5547,1154,-112.0739,33.500202
5548,837,-111.96063,33.64
5549,837,-112.061,33.458843
5550,837,-111.90133,33.297695
5551,837,-111.92318,33.699768
5552,837,-111.96481,33.378925
5553,1155,-112.099915,33.503017
5554,837,-112.07377,33.45838
5555,1156,-112.07176,33.44931
5556,837,-111.97982,33.49482
5557,837,-112.03918,33.494343
5558,837,-111.98849,33.45545
5559,837,-111.859726,33.339962
5560,837,-112.0741,33.506855
5561,837,-111.94099,33.423275
5562,837,-112.06586,33.508972
5563,837,-112.04693,33.523125
5564,1157,-111.99517,33.640408
5565,837,-112.030106,33.509422
5566,837,-112.06498,33.524887
5567,837,-112.082214,33.495155
5568,837,-112.07232,33.457657
5569,2499,-112.08227,33.4657
5570,1158,-112.19603,33.63862
5571,4421,-115.20693,36.195778
5572,6644,-115.17087,36.10242
5573,837,-111.873436,33.413322
5574,2499,-112.28586,33.49289
5575,2499,-111.995514,33.50243
5576,837,-111.90518,33.495224
5577,837,-112.07379,33.435524
5578,1435,-112.07127,33.508995
5579,1159,-115.22119,36.144196
5580,837,-111.88573,33.56917
5581,4421,-115.12009,36.03372
5582,1160,-112.12038,33.598648
5583,837,-112.03147,33.48778
5584,1161,-111.924095,33.493233
5585,837,-111.947075,33.407593
5586,4421,-112.11067,33.640343
5587,1162,-111.988716,33.509197
5588,837,-111.85783,33.26396
5589,1163,-111.85966,33.313675
5590,1164,-111.986916,33.449505
5591,837,-112.061,33.458843
5592,837,-112.061,33.458843
5593,837,-112.07397,33.45983
5594,1165,-111.947525,33.407562
5595,837,-111.92589,33.586834
5596,1166,-111.97119,33.67655
5597,837,-111.92948,33.319237
5598,1167,-111.84085,33.28455
5599,837,-112.078156,33.458477
5600,837,-112.082306,33.465755
5601,1168,-111.92657,33.499386
5602,837,-115.16937,36.121815
5603,1169,-112.047104,33.530334
5604,837,-112.061,33.458843
5605,837,-112.061,33.458843
5606,837,-111.92481,33.421085
5607,2499,-111.92656,33.485966
5608,837,-112.061,33.458843
5609,837,-112.07371,33.456326
5610,837,-115.15411,36.107388
5611,1170,-112.04675,33.523613
5612,1171,-112.25791,33.55219
5613,837,-111.80885,33.378555
5614,837,-111.90205,33.43408
5615,837,-111.9263,33.320377
5616,1172,-111.99583,33.44388
5617,2499,-111.92948,33.319237
5618,837,-112.135994,33.56674
5619,837,-112.04708,33.52443
5620,837,-112.186844,33.669155
5621,837,-111.9261,33.611904
5622,837,-112.07379,33.435524
5623,6644,-115.227455,36.10028
5624,837,-111.91712,33.64562
5625,837,-112.16932,33.37937
5626,837,-112.117546,33.79725
5627,837,-112.047386,33.495785
5628,837,-111.92582,33.497734
5629,2499,-115.169655,36.12119
5630,837,-111.88045,33.594738
5631,837,-111.856125,33.627235
5632,837,-111.94678,33.40739
5633,2499,-80.94421,35.223606
5634,837,-112.07424,33.45939
5635,837,-112.13356,33.583717
5636,837,-111.92013,33.636604
5637,837,-112.02982,33.376976
5638,837,-111.883736,33.583702
5639,837,-112.064606,33.523155
5640,837,-112.0739,33.500202
5641,837,-111.83955,33.420338
5642,837,-111.89904,33.620514
5643,837,-111.90831,33.485832
5644,837,-111.90018,33.554756
5645,837,-111.93588,33.422318
5646,837,-115.116356,36.09884
5647,1173,-111.87436,33.336075
5648,837,-112.27449,33.92627
5649,837,-112.07565,33.48025
5650,837,-111.92655,33.506542
5651,837,-111.78669,33.392567
5652,837,-111.995705,33.63991
5653,837,-111.92627,33.637753
5654,2671,-111.63411,33.250214
5655,837,-111.90156,33.430763
5656,837,-111.88573,33.56917
5657,837,-111.99021,33.494743
5658,1174,-112.0469,33.523895
5659,837,-111.92796,33.490696
5660,837,-111.90624,33.37797
5661,1175,-111.79096,33.290257
5662,2499,-112.00361,33.494633
5663,837,-111.92782,33.362946
5664,837,-112.13259,33.552723
5665,837,-111.8746,33.27634
5666,837,-111.86058,33.3892
5667,837,-111.75992,33.290676
5668,837,-111.9251,33.42234
5669,1176,-111.92706,33.30481
5670,1177,-111.9198,33.375698
5671,837,-112.1346,33.37891
5672,837,-111.8742,33.31996
5673,837,-111.92942,33.50284
5674,837,-111.92635,33.46439
5675,837,-112.11634,33.68425
5676,837,-112.18759,33.66274
5677,837,-111.84066,33.290638
5678,837,-112.11664,33.574047
5679,837,-111.84175,33.300453
5680,837,-112.15701,33.309406
5681,837,-111.92811,33.655914
5682,1178,-112.04317,33.54533
5683,837,-112.06862,33.452156
5684,837,-112.0523,33.46547
5685,1179,-112.0481,33.523735
5686,1180,-112.099915,33.503017
5687,837,-112.22836,33.63597
5688,1181,-112.082466,33.627567
5689,837,-111.89912,33.62122
5690,1182,-112.0523,33.46547
5691,837,-112.04244,33.471443
5692,837,-112.06456,33.522358
5693,837,-112.06567,33.487747
5694,837,-111.846344,33.334545
5695,837,-112.06533,33.48856
5696,837,-112.06877,33.485413
5697,837,-111.9254,33.43438
5698,1183,-111.926025,33.623665
5699,837,-112.07397,33.513077
5700,1184,-112.08293,33.49884
5701,837,-111.97308,33.52883
5702,837,-112.22086,33.639744
5703,837,-112.08164,33.510136
5704,837,-112.07819,33.46099
5705,837,-111.997375,33.639523
5706,1185,-111.92769,33.499382
5707,2499,-115.17259,36.112953
5708,1186,-112.02814,33.510223
5709,837,-111.78979,33.357132
5710,837,-112.04934,33.523056
5711,837,-111.91348,33.41466
5712,1187,-112.23345,33.634666
5713,1188,-111.993256,33.30576
5714,837,-111.78441,33.379513
5715,837,-112.073425,33.45838
5716,837,-112.03698,33.37835
5717,837,-112.05067,33.465965
5718,1189,-111.891785,33.623486
5719,4421,-115.14064,36.167877
5720,837,-112.09192,33.451714
5721,1190,-111.977715,33.317287
5722,837,-111.962616,33.3216
5723,837,-111.92756,33.38369
5724,837,-112.04043,33.50572
5725,837,-112.06783,33.458065
5726,837,-112.07354,33.456055
5727,1191,-111.85414,33.40779
5728,1192,-111.93816,33.464462
5729,1193,-111.92462,33.52584
5730,837,-112.057686,33.639492
5731,1194,-112.13093,33.79911
5732,837,-112.25456,33.478016
5733,837,-112.07232,33.457657
5734,837,-112.35906,33.477142
5735,837,-112.356064,33.464493
5736,1195,-112.142,33.698986
5737,837,-112.03698,33.37835
5738,837,-111.92225,33.58414
5739,837,-111.92481,33.421085
5740,837,-112.04149,33.508736
5741,837,-111.78926,33.355484
5742,837,-111.9936,33.26905
5743,837,-111.94901,33.30484
5744,6644,-115.16948,35.96504
5745,837,-111.92681,33.655525
5746,837,-112.0739,33.500202
5747,837,-112.05003,33.46554
5748,837,-111.8063,33.379913
5749,1196,-111.741394,33.37802
5750,1197,-112.12481,33.43041
5751,4421,-112.06779,33.458355
5752,1198,-111.803024,33.384624
5753,837,-112.065094,33.473125
5754,837,-112.07397,33.513077
5755,837,-112.26275,33.527668
5756,1199,-111.84229,33.33884
5757,837,-112.12234,33.63971
5758,837,-111.91998,33.41531
5759,1200,-112.04928,33.523098
5760,837,-111.75614,33.36745
5761,6644,-111.92765,33.61101
5762,837,-111.92562,33.491955
5763,837,-111.976166,33.4794
5764,1201,-111.89946,33.557293
5765,837,-111.793655,33.4159
5766,1202,-111.92835,33.500664
5767,837,-111.9235,33.625095
5768,837,-112.358826,33.46646
5769,837,-112.08233,33.46606
5770,837,-112.07184,33.639156
5771,837,-111.92589,33.586834
5772,837,-112.01417,33.511307
5773,1203,-115.26286,36.143204
5774,837,-111.78973,33.354954
5775,837,-111.98837,33.495483
5776,837,-112.127,33.581833
5777,837,-115.17022,36.123844
5778,837,-112.08208,33.510727
5779,837,-112.22264,33.595802
5780,837,-112.171936,33.638557
5781,837,-112.029755,33.481712
5782,1204,-111.89477,33.627304
5783,837,-111.9307,33.581535
5784,837,-112.06483,33.477
5785,837,-112.016975,33.494736
5786,1205,-111.99611,33.412594
5787,1206,-111.78926,33.355484
5788,837,-112.04788,33.525127
5789,837,-112.07548,33.509827
5790,837,-111.80903,33.271664
5791,837,-112.06899,33.45917
5792,837,-112.065094,33.473125
5793,837,-112.013855,33.480125
5794,1207,-112.12234,33.63971
5795,1208,-111.97258,33.37925
5796,837,-111.92582,33.497734
5797,837,-112.23582,33.653095
5798,1209,-111.96611,33.68348
5799,837,-112.11045,33.689518
5800,1210,-111.91492,33.421413
5801,1211,-112.07896,33.639652
5802,837,-112.05999,33.509113
5803,1212,-112.065094,33.473125
5804,837,-112.07339,33.513504
5805,837,-111.72968,33.60833
5806,837,-112.065094,33.473125
5807,1213,-112.066925,33.639965
5808,837,-115.16363,36.13698
5809,837,-112.261894,33.533325
5810,1214,-112.07327,33.479782
5811,837,-111.998886,33.435684
5812,837,-111.98909,33.42159
5813,1215,-111.95243,33.506767
5814,837,-112.3582,33.49396
5815,1216,-112.013695,33.511284
5816,837,-111.92563,33.49171
5817,837,-112.22299,33.63776
5818,1217,-112.15234,33.56757
5819,2499,-111.97982,33.49482
5820,1218,-111.91462,33.393013
5821,837,-112.18552,33.611065
5822,1219,-111.75213,32.878742
5823,837,-111.97583,33.626015
5824,1220,-111.97203,33.37641
5825,837,-111.92758,33.79694
5826,837,-112.01307,33.610554
5827,837,-111.970436,33.373703
5828,837,-111.68624,33.34225
5829,837,-112.07405,33.497803
5830,1221,-112.02636,33.50909
5831,1222,-111.96561,33.676094
5832,1223,-111.9198,33.375698
5833,1224,-112.065094,33.473125
5834,837,-112.16568,33.611366
5835,837,-112.08241,33.5027
5836,837,-111.91087,33.36144
5837,837,-112.06779,33.458355
5838,837,-112.04806,33.47322
5839,6644,-115.13894,36.16672
5840,837,-111.926445,33.490032
5841,837,-115.20848,36.083973
5842,837,-112.06773,33.458202
5843,837,-111.89853,33.301712
5844,837,-111.97982,33.49482
5845,1445,-111.96459,33.350273
5846,837,-111.83714,33.41651
5847,837,-112.10023,33.626423
5848,837,-111.92425,33.494312
5849,6644,-115.14639,36.081303
5850,837,-111.87436,33.336075
5851,6644,-111.997826,33.43523
5852,837,-112.12234,33.63971
5853,837,-111.88703,33.58109
5854,837,-111.93508,33.48131
5855,2499,-89.407875,43.071686
5856,837,-112.184586,33.53846
5857,837,-111.88892,33.56866
5858,837,-112.06567,33.487747
5859,1225,-111.87605,33.3627
5860,837,-111.989876,33.49498
5861,837,-112.02817,33.67113
5862,837,-111.92133,33.636242
5863,2064,-112.0037,33.49516
5864,1226,-111.90913,33.305134
5865,837,-112.22394,33.637062
5866,837,-112.06456,33.522358
5867,1227,-111.83974,33.4261
5868,1228,-112.031334,33.625645
5869,837,-111.99224,33.30574
5870,837,-115.11701,36.099865
5871,837,-111.91341,33.408203
5872,837,-112.06567,33.487747
5873,837,-111.99575,33.50231
5874,837,-112.261986,33.534485
5875,1229,-111.90752,33.4066
5876,2499,-115.16961,36.121452
5877,837,-112.06547,33.476048
5878,1230,-112.082504,33.44052
5879,837,-112.05206,33.457935
5880,2499,-112.05206,33.457935
5881,837,-112.09107,33.49436
5882,837,-111.89333,33.62839
5883,1231,-112.073425,33.447334
5884,1604,-112.06453,33.537617
5885,837,-112.2494,33.388824
5886,1232,-112.05206,33.457935
5887,1233,-111.93512,33.483368
5888,837,-112.311424,33.638252
5889,837,-111.87578,33.41316
5890,837,-112.03147,33.48778
5891,1234,-112.04093,33.46554
5892,837,-111.99575,33.508987
5893,837,-111.85969,33.336014
5894,1235,-111.97988,33.30578
5895,1236,-112.01311,33.58343
5896,837,-112.03288,33.494793
5897,1237,-112.0741,33.506855
5898,837,-112.09614,33.510094
5899,837,-111.931244,33.49337
5900,837,-112.02123,33.496204
5901,837,-111.80518,33.38179
5902,837,-115.14064,36.167877
5903,2499,-111.943985,33.428585
5904,1238,-111.92529,33.478733
5905,1239,-112.24855,33.638035
5906,837,-112.04244,33.471443
5907,6644,-115.19777,36.126934
5908,837,-111.97839,33.303967
5909,837,-111.87686,33.54105
5910,837,-111.99566,33.639885
5911,837,-112.04876,33.465958
5912,1240,-112.11067,33.640343
5913,6644,-112.287704,33.49428
5914,837,-111.82124,33.349434
5915,1241,-111.92612,33.532578
5916,837,-111.92563,33.49171
5917,1242,-112.083984,33.496387
5918,1243,-111.84258,33.299873
5919,1244,-112.05336,33.552795
5920,837,-111.77341,33.29329
5921,837,-111.984245,33.421516
5922,1245,-111.899635,33.554825
5923,2499,-111.790375,33.260693
5924,1246,-111.924355,33.422394
5925,1247,-111.92415,33.50155
5926,837,-111.80894,33.335884
5927,1248,-112.06912,33.452602
5928,1249,-111.842255,33.302425
5929,837,-111.91648,33.64488
5930,837,-111.98389,33.348362
5931,837,-111.90513,33.41494
5932,1250,-111.68502,33.46734
5933,1251,-112.07551,33.449596
5934,2499,-112.07232,33.457657
5935,837,-111.84111,33.363014
5936,6644,-111.78727,33.393917
5937,837,-111.92644,33.529903
5938,1252,-111.929245,33.65774
5939,837,-112.23992,33.611088
5940,837,-112.04728,33.457527
5941,1253,-112.35845,33.494408
5942,1254,-112.07359,33.476837
5943,1255,-111.94668,33.421616
5944,837,-112.04728,33.457527
5945,2499,-73.5747,45.525303
5946,837,-111.925766,33.493763
5947,837,-111.93293,33.624756
5948,837,-111.97843,33.305737
5949,1256,-112.03885,33.506256
5950,837,-112.02222,33.3782
5951,837,-111.94189,33.62496
5952,837,-111.92529,33.478733
5953,2499,-115.17435,36.118332
5954,837,-112.064766,33.470886
5955,837,-111.87624,33.554436
5956,2499,-73.579384,45.498787
5957,2499,-115.17295,36.10156
5958,837,-112.35838,33.641026
5959,1257,-111.92645,33.49031
5960,837,-115.17437,36.10206
5961,1258,-111.85813,33.320015
5962,2499,-111.92227,33.584015
5963,2499,-112.028625,33.510582
5964,2499,-115.17459,36.112022
5965,1259,-112.13394,33.86539
5966,1260,-111.84238,33.304688
5967,2499,-115.174355,36.109806
5968,2499,-111.925865,33.64129
5969,837,-111.90948,33.479736
5970,837,-112.06551,33.576332
5971,837,-73.57196,45.497314
5972,6644,-73.574394,45.52221
5973,837,-111.93841,33.391586
5974,837,-112.003174,33.49564
5975,837,-111.92548,33.434902
5976,837,-112.02814,33.510223
5977,837,-80.75538,35.29709
5978,1261,-111.9257,33.58142
5979,837,-115.17139,36.135098
5980,2499,-111.94497,33.462166
5981,2499,-115.17124,36.11788
5982,837,-111.82234,33.349255
5983,837,-112.034096,33.63927
5984,1262,-111.91492,33.421413
5985,2499,-80.0176,40.439865
5986,2499,-115.14531,36.17037
5987,837,-112.10023,33.626423
5988,2499,-115.17338,36.119045
5989,1263,-111.99559,33.511234
5990,2499,-111.92632,33.494377
5991,2499,-111.94497,33.462166
5992,1264,-111.94497,33.462166
5993,837,-112.13004,33.451138
5994,837,-112.07339,33.513504
5995,1265,-111.81222,33.385174
5996,2499,-111.803024,33.384624
5997,837,-111.884125,33.5366
5998,837,-111.906876,33.43209
5999,837,-115.24189,36.112988
6000,837,-111.977715,33.317287
6001,2499,-115.164345,36.06004
6002,6644,-115.179085,36.11224
6003,1485,-111.96534,33.319504
6004,837,-111.928185,33.501774
6005,837,-111.85944,33.260887
6006,3043,-111.940414,33.425163
6007,2499,-111.93159,33.830368
6008,1266,-111.94497,33.462166
6009,837,-115.17089,36.114025
6010,837,-112.0404,33.509445
6011,4421,-115.17012,36.122276
6012,837,-111.96242,33.335423
6013,2499,-112.358826,33.46646
6014,837,-111.754395,33.38372
6015,837,-111.94167,33.463852
6016,2499,-111.97244,33.68464
6017,837,-111.68641,33.312725
6018,837,-112.27829,33.465275
6019,837,-111.91262,33.362465
6020,837,-112.07382,33.44826
6021,837,-111.91684,33.422
6022,1267,-112.064644,33.450397
6023,837,-112.006714,33.435715
6024,837,-112.064926,33.4743
6025,2499,-115.200645,36.115417
6026,837,-111.87511,33.394802
6027,1268,-111.923294,33.50128
6028,837,-115.14963,36.16695
6029,1269,-111.85769,33.392216
6030,837,-112.07401,33.505856
6031,837,-111.92435,33.629005
6032,837,-112.06518,33.57531
6033,837,-112.09107,33.458866
6034,837,-111.94497,33.462166
6035,3390,-111.78984,33.3546
6036,6644,-115.17089,36.11006
6037,6644,-111.878845,33.55517
6038,2499,-115.174515,36.121548
6039,837,-111.95943,33.522007
6040,1270,-111.98934,33.494595
6041,837,-112.09829,33.538635
6042,1271,-112.065506,33.46645
6043,1272,-111.84238,33.304688
6044,2499,-111.94497,33.462166
6045,837,-111.92582,33.497734
6046,837,-111.926445,33.490032
6047,1273,-112.14925,34.048668
6048,837,-112.06483,33.477
6049,837,-111.92697,33.462616
6050,837,-111.858406,33.320225
6051,4,-79.97012,40.4618
6052,837,-111.99663,33.509792
6053,1274,-115.17187,36.059124
6054,2499,-111.92532,33.67407
6055,837,-112.040215,33.480053
6056,1275,-80.848145,35.17423
6057,2499,-112.07354,33.456055
6058,1276,-111.9949,33.303696
6059,4421,-115.142006,36.17183
6060,1277,-115.15472,36.115124
6061,1278,-111.92351,33.62336
6062,837,-111.92992,33.6555
6063,837,-111.89814,33.62055
6064,2499,-111.98848,33.451878
6065,6644,-111.98909,33.42159
6066,837,-111.92745,33.498722
6067,1279,-111.9635,33.35114
6068,1280,-111.9161,33.419567
6069,2499,-112.01548,33.542732
6070,2499,-115.151344,36.152264
6071,837,-111.92034,33.49875
6072,837,-111.9864,33.5107
6073,837,-111.95036,33.4216
6074,6644,-112.03577,33.508926
6075,1281,-112.18696,33.610374
6076,837,-111.9264,33.493824
6077,1282,-111.94497,33.462166
6078,837,-112.02636,33.50909
6079,837,-111.94497,33.462166
6080,1283,-111.98848,33.451878
6081,2499,-112.02814,33.510223
6082,2499,-115.08566,36.025993
6083,6644,-111.914,33.39301
6084,2499,-112.07052,33.436832
6085,837,-115.16918,36.10844
6086,837,-112.35902,33.636826
6087,837,-112.07379,33.435524
6088,1284,-112.037506,33.509693
6089,2499,-112.065445,33.539497
6090,1285,-111.93959,33.39461
6091,837,-111.96495,33.34804
6092,837,-111.92628,33.528217
6093,837,-112.0144,33.510056
6094,837,-111.8054,33.36498
6095,837,-111.92462,33.49879
6096,6644,-111.98044,33.331882
6097,1286,-111.790085,33.35524
6098,837,-112.04747,33.52402
6099,837,-112.00361,33.494633
6100,1287,-111.910736,33.36139
6101,1288,-111.93981,33.426044
6102,837,-112.054276,33.552692
6103,1289,-112.06609,33.60633
6104,837,-112.06922,33.453896
6105,837,-111.95943,33.522007
6106,837,-112.04739,33.4692
6107,837,-111.9759,33.495018
6108,1290,-112.082,33.448586
6109,1291,-115.15448,36.11884
6110,6644,-115.17038,36.119
6111,837,-111.986946,33.476955
6112,837,-112.03948,33.486477
6113,1292,-111.92716,33.45379
6114,837,-112.09936,33.539642
6115,837,-111.92555,33.564976
6116,837,-111.89749,33.553448
6117,837,-115.17352,36.10309
6118,837,-111.91088,33.479633
6119,837,-112.073875,33.446995
6120,837,-111.88172,33.63924
6121,837,-111.95149,33.42273
6122,837,-111.925316,33.577934
6123,837,-112.06483,33.477
6124,837,-112.16651,33.53807
6125,837,-112.102936,33.523907
6126,837,-111.689964,33.385593
6127,6644,-115.13988,36.1688
6128,1293,-115.24407,36.047813
6129,4421,-115.224075,36.12743
6130,1294,-111.926445,33.490032
6131,1295,-111.68665,33.38101
6132,1973,-111.97775,33.49413
6133,837,-111.98156,33.304703
6134,837,-111.98427,33.480495
6135,1296,-111.9879,33.43747
6136,1297,-111.913055,33.36342
6137,837,-112.028625,33.510582
6138,837,-112.011894,33.495636
6139,837,-111.92663,33.65241
6140,6644,-111.971825,33.465755
6141,837,-111.716896,33.43614
6142,2499,-115.17849,36.10924
6143,1298,-112.06908,33.485916
6144,837,-111.98909,33.42159
6145,837,-111.88762,33.630013
6146,837,-111.87502,33.276276
6147,837,-112.04788,33.525127
6148,837,-111.86138,33.37814
6149,837,-111.92737,33.50323
6150,1299,-111.888374,33.581944
6151,1300,-111.93051,33.49245
6152,1301,-111.99559,33.511234
6153,1302,-111.98934,33.494595
6154,837,-111.92315,33.488674
6155,837,-111.971825,33.465755
6156,1303,-112.01805,33.64035
6157,837,-111.83955,33.420338
6158,837,-111.91097,33.634045
6159,1304,-111.860565,33.364925
6160,837,-111.85769,33.392216
6161,837,-112.07476,33.50723
6162,837,-111.91998,33.41531
6163,837,-112.00454,33.495674
6164,2499,-115.15387,36.110085
6165,837,-111.85949,33.33658
6166,1305,-112.33821,33.461754
6167,1306,-111.92562,33.493855
6168,1307,-112.0208,33.4953
6169,837,-112.03558,33.509747
6170,837,-112.15007,33.610645
6171,837,-111.99385,33.480797
6172,837,-111.86292,33.39466
6173,837,-111.92582,33.497734
6174,1443,-112.01244,33.50913
6175,1308,-115.17618,36.115856
6176,837,-111.858604,33.365883
6177,1309,-111.92555,33.564976
6178,837,-111.996765,33.495117
6179,837,-111.90133,33.297695
6180,837,-111.770256,33.45109
6181,837,-111.94031,33.423107
6182,2499,-112.064705,33.529846
6183,1310,-111.98837,33.495483
6184,2499,-115.15154,36.13614
6185,1311,-111.69228,33.39339
6186,837,-111.98649,33.475117
6187,837,-111.9259,33.4943
6188,837,-112.021385,33.495342
6189,837,-111.737236,33.294163
6190,1312,-111.960266,33.480305
6191,837,-111.96597,33.380142
6192,837,-112.0186,33.640034
6193,837,-112.12063,33.59619
6194,837,-111.91631,33.451744
6195,1313,-112.17138,33.377945
6196,837,-111.90558,33.432926
6197,837,-111.944046,33.436962
6198,837,-111.68351,33.394608
6199,837,-111.87475,33.32603
6200,837,-115.1613,36.138298
6201,837,-111.92612,33.532578
6202,1314,-111.93901,33.42399
6203,837,-111.7195,33.34711
6204,837,-112.07285,33.449226
6205,837,-111.89913,33.524178
6206,1315,-111.99511,33.494488
6207,1316,-112.02731,33.510536
6208,837,-115.17582,36.11773
6209,837,-111.87599,33.41335
6210,1317,-112.06498,33.524887
6211,1318,-111.94996,33.451237
6212,1319,-112.01457,33.454422
6213,837,-111.905556,33.433037
6214,837,-111.96792,33.336803
6215,837,-112.07405,33.44995
6216,837,-112.01457,33.454422
6217,4421,-112.01457,33.454422
6218,837,-112.0634,33.60731
6219,837,-111.95478,33.827812
6220,1320,-112.11107,33.71102
6221,1321,-112.07358,33.442486
6222,837,-111.865204,33.39184
6223,837,-112.0101,33.6399
6224,2499,-112.02943,33.508713
6225,837,-112.07309,33.448547
6226,1322,-115.15604,36.132008
6227,837,-111.92992,33.6555
6228,837,-111.97982,33.49482
6229,837,-111.68856,33.38023
6230,2499,-115.13567,36.176983
6231,1323,-111.8795,33.581333
6232,837,-111.940346,33.425972
6233,837,-111.97811,33.59784
6234,837,-111.96374,33.383526
6235,1324,-112.10129,33.678238
6236,837,-111.99575,33.50231
6237,837,-112.07492,33.483
6238,2499,-115.17315,36.10988
6239,837,-111.9736,33.451405
6240,1326,-111.89333,33.62839
6241,837,-115.092384,36.116196
6242,837,-112.05607,33.472855
6243,837,-112.01981,33.494747
6244,837,-112.01424,33.530323
6245,837,-111.99656,33.509785
6246,1327,-115.18331,36.041283
6247,837,-112.15701,33.309406
6248,837,-111.96382,33.44613
6249,1328,-112.27079,33.55354
6250,2499,-111.8795,33.581333
6251,1329,-111.93293,33.624756
6252,837,-112.02053,33.496254
6253,2499,-111.92628,33.528217
6254,837,-115.17259,36.112953
6255,1330,-112.0741,33.506855
6256,837,-115.13577,36.010128
6257,1331,-112.34139,33.438656
6258,837,-111.9736,33.451405
6259,837,-111.68351,33.394608
6260,1332,-111.98695,33.5998
6261,1333,-112.09086,33.68786
6262,1334,-112.10129,33.678238
6263,837,-112.00525,33.4954
6264,1335,-111.859726,33.339962
6265,837,-111.98645,33.47641
6266,1336,-111.883736,33.583702
6267,2499,-112.065346,33.519466
6268,837,-111.91693,33.42156
6269,1337,-111.90804,33.33591
6270,837,-111.92699,33.363747
6271,837,-112.073425,33.447334
6272,837,-112.0049,33.518227
6273,2499,-115.18697,36.115337
6274,837,-111.80628,33.384315
6275,837,-111.840866,33.331192
6276,837,-111.63411,33.250214
6277,837,-112.06844,33.638363
6278,837,-111.84324,33.740734
6279,837,-111.9405,33.4272
6280,837,-111.91053,33.47895
6281,1338,-115.203255,36.115383
6282,837,-111.862686,33.573368
6283,1339,-111.97437,33.521954
6284,837,-112.01248,33.61201
6285,2499,-115.17345,36.10306
6286,837,-111.943954,33.42853
6287,837,-112.17051,33.377495
6288,837,-111.83714,33.41651
6289,837,-112.01495,33.494007
6290,837,-111.968124,33.336864
6291,4421,-115.14867,36.08358
6292,837,-112.064644,33.450397
6293,837,-111.83122,33.352123
6294,837,-111.868645,33.393227
6295,6644,-115.1563,36.142338
6296,1340,-111.92563,33.49171
6297,837,-111.97988,33.30578
6298,2499,-112.00699,33.435463
6299,2499,-115.17354,36.109516
6300,1341,-111.88856,33.30633
6301,837,-111.92933,33.319374
6302,837,-111.91341,33.408203
6303,837,-111.75855,33.307358
6304,4421,-111.925545,33.47541
6305,1342,-111.584015,33.1796
6306,837,-111.924774,33.480877
6307,837,-111.953415,33.453854
6308,837,-111.99398,33.479767
6309,837,-111.69228,33.39339
6310,1343,-111.928185,33.501774
6311,4421,-115.332,36.151814
6312,837,-111.92351,33.62336
6313,4421,-115.17223,36.110733
6314,1344,-112.14982,33.640068
6315,1345,-111.872086,33.43
6316,837,-111.89312,33.306385
6317,837,-111.98617,33.510483
6318,4421,-115.17028,36.12229
6319,837,-112.273254,33.4641
6320,1346,-111.922005,33.416733
6321,1347,-112.07232,33.457657
6322,837,-115.17234,36.110107
6323,837,-111.961685,33.349064
6324,837,-112.0664,33.56792
6325,837,-112.01552,33.50947
6326,837,-111.89333,33.62839
6327,1348,-112.189316,33.640514
6328,837,-111.68393,33.390053
6329,4421,-115.17624,36.092644
6330,837,-111.92796,33.465588
6331,837,-111.982376,33.60239
6332,837,-111.94031,33.423817
6333,1349,-111.88527,33.540367
6334,1350,-112.35789,33.49642
6335,837,-115.14985,36.08358
6336,1351,-111.921455,33.466137
6337,1352,-111.756996,33.26218
6338,837,-115.1736,36.101585
6339,2499,-111.92351,33.581493
6340,837,-112.03788,33.509254
6341,837,-112.01974,33.495964
6342,837,-112.13301,33.580612
6343,1354,-111.90897,33.82203
6344,837,-112.26123,33.53409
6345,1355,-112.15128,33.64083
6346,4421,-115.207306,36.131718
6347,1356,-111.8577,33.388374
6348,837,-112.34036,33.45522
6349,1357,-111.897285,33.52323
6350,837,-112.04677,33.0712
6351,837,-111.888275,33.575047
6352,837,-112.03788,33.509254
6353,1358,-115.12043,36.010056
6354,837,-111.92018,33.636566
6355,1359,-111.875755,33.62114
6356,1360,-112.18584,33.542072
6357,2499,-111.92713,33.57968
6358,2499,-111.96411,33.428722
6359,837,-111.925095,33.408787
6360,1361,-111.93497,33.425446
6361,837,-111.915955,33.42066
6362,4421,-115.06262,36.02959
6363,837,-115.17086,36.10993
6364,1362,-111.9264,33.493824
6365,2499,-115.15112,36.086338
6366,2499,-115.17698,36.111977
6367,4421,-115.17196,36.120907
6368,6644,-115.15539,36.11793
6369,837,-111.92514,33.542786
6370,837,-111.62586,33.24998
6371,2499,-111.95243,33.506767
6372,2499,-89.39307,43.07546
6373,2499,-111.87247,33.378014
6374,2499,-111.940254,33.425964
6375,837,-111.92655,33.506542
6376,2499,-115.13792,36.168026
6377,837,-112.046555,33.50925
6378,837,-111.93051,33.49245
6379,1363,-111.92563,33.49171
6380,837,-112.1105,33.71445
6381,837,-111.789406,33.343132
6382,837,-111.89851,33.301285
6383,837,-111.99269,33.48069
6384,6644,-111.937614,33.377888
6385,837,-112.2809,33.465233
6386,1364,-112.0482,33.510174
6387,2499,-111.995705,33.63991
6388,837,-111.8733,33.622467
6389,837,-111.98784,33.467052
6390,1365,-112.338875,33.451767
6391,1366,-111.953285,33.44773
6392,837,-112.037315,33.508408
6393,1834,-112.07275,33.447258
6394,837,-111.71668,33.604015
6395,837,-111.96984,33.48035
6396,1367,-111.9255,33.50109
6397,837,-111.98907,33.495644
6398,837,-111.97161,33.46566
6399,6644,-111.92555,33.492203
6400,2499,-111.96186,33.46121
6401,837,-112.17962,33.638466
6402,1368,-111.85818,33.327183
6403,2499,-111.92432,33.499275
6404,1369,-111.92606,33.48357
6405,837,-111.87686,33.54105
6406,837,-111.99497,33.43605
6407,2499,-115.119385,36.100418
6408,1370,-112.18393,33.53842
6409,837,-112.01346,33.584976
6410,837,-111.94051,33.424126
6411,837,-115.15126,36.1089
6412,837,-112.11058,33.71298
6413,837,-112.36344,33.638203
6414,837,-112.09614,33.510094
6415,837,-111.99575,33.50231
6416,837,-111.99575,33.508987
6417,1371,-111.88441,33.261173
6418,2499,-112.006714,33.435715
6419,2499,-111.87543,33.394417
6420,837,-112.1159,33.587765
6421,2499,-115.20955,36.12644
6422,1372,-112.07176,33.44931
6423,1373,-112.06555,33.488495
6424,2499,-115.16591,36.127495
6425,837,-112.07565,33.48025
6426,2499,-112.00699,33.435463
6427,1374,-115.11735,36.10072
6428,837,-112.03397,33.508984
6429,1375,-115.18982,36.143955
6430,837,-112.134186,33.51087
6431,837,-112.07476,33.50723
6432,837,-111.92503,33.565964
6433,837,-111.79017,33.232506
6434,1376,-111.90046,33.55521
6435,1377,-115.1987,36.14405
6436,837,-111.92665,33.609993
6437,6644,-115.20887,36.094456
6438,837,-111.87702,33.377583
6439,837,-112.00975,33.652214
6440,1378,-112.031456,33.480743
6441,837,-111.997986,33.435844
6442,1379,-112.03514,33.495037
6443,837,-112.15217,33.479485
6444,837,-111.75459,33.38057
6445,1380,-111.924934,33.6239
6446,837,-111.44827,33.35938
6447,2499,-111.929924,33.349712
6448,837,-112.08388,33.49745
6449,964,-111.93472,33.42403
6450,1381,-112.14925,34.048668
6451,837,-111.92228,33.41616
6452,837,-111.790375,33.260693
6453,837,-111.9422,33.39284
6454,837,-111.92571,33.493233
6455,1382,-111.94049,33.423412
6456,837,-111.92644,33.529903
6457,2499,-115.14289,36.143345
6458,1383,-111.859535,33.33992
6459,837,-111.87436,33.336075
6460,1384,-112.156845,33.451126
6461,837,-111.99538,33.44852
6462,2499,-112.03839,33.507893
6463,837,-111.93588,33.422318
6464,837,-111.7195,33.34711
6465,1385,-112.071884,33.44986
6466,837,-111.97982,33.49482
6467,4866,-115.2768,36.1411
6468,837,-111.926285,33.624992
6469,837,-111.91909,33.500965
6470,837,-111.925934,33.434383
6471,837,-112.04716,33.524086
6472,837,-111.90547,33.544228
6473,837,-111.92177,33.636818
6474,837,-111.97982,33.49482
6475,1386,-112.04317,33.54533
6476,837,-111.900154,33.522736
6477,837,-111.85965,33.322746
6478,837,-111.932915,33.830177
6479,2499,-111.926315,33.616474
6480,837,-111.85983,33.36073
6481,1387,-111.90991,33.407425
6482,837,-112.004196,33.495617
6483,837,-112.0918,33.45911
6484,2499,-111.92427,33.539143
6485,837,-112.07908,33.49112
6486,837,-111.899025,33.555027
6487,1388,-111.984505,33.473923
6488,837,-112.261894,33.533325
6489,837,-111.984505,33.473923
6490,837,-111.92657,33.499386
6491,837,-111.941376,33.423275
6492,837,-112.000984,33.49572
6493,837,-111.97862,33.58383
6494,837,-112.003174,33.49564
6495,1389,-112.03397,33.508984
6496,837,-112.05003,33.46554
6497,1390,-111.93192,33.50187
6498,837,-112.04799,33.50803
6499,837,-111.997826,33.47987
6500,2499,-111.940346,33.41964
6501,837,-111.85794,33.27528
6502,837,-112.11616,33.577953
6503,837,-115.17858,36.106277
6504,837,-115.17199,36.12483
6505,837,-111.78979,33.35617
6506,837,-112.06899,33.45917
6507,837,-111.97651,33.31717
6508,1391,-111.98255,33.48009
6509,1392,-112.10129,33.678238
6510,837,-111.90768,33.43246
6511,837,-111.789856,33.356342
6512,837,-112.06559,33.563435
6513,837,-112.04363,33.50964
6514,837,-111.92659,33.472366
6515,1393,-111.9923,33.480152
6516,1394,-111.926765,33.501877
6517,1395,-112.03514,33.495037
6518,837,-111.75622,33.379227
6519,837,-111.87599,33.41335
6520,1396,-112.09107,33.49436
6521,837,-111.98645,33.47641
6522,1397,-111.952576,33.44665
6523,1387,-111.92754,33.480732
6524,837,-111.9949,33.303696
6525,837,-111.977036,33.61302
6526,837,-112.18295,33.538418
6527,837,-111.97928,33.49588
6528,2499,-115.173515,36.103
6529,837,-115.1725,36.127174
6530,837,-111.92529,33.478733
6531,1398,-112.06483,33.457333
6532,1399,-115.23995,36.14467
6533,4421,-115.13542,36.124928
6534,837,-112.0739,33.500202
6535,837,-112.06551,33.576332
6536,837,-111.688995,33.38507
6537,837,-112.068954,33.459053
6538,837,-112.35591,33.608192
6539,837,-112.39554,33.45657
6540,1400,-112.089836,33.457226
6541,837,-111.93947,33.394127
6542,1401,-111.911125,33.510513
6543,837,-111.92441,33.53985
6544,837,-112.20076,33.713688
6545,837,-112.0648,33.47468
6546,837,-112.06518,33.57531
6547,837,-111.91994,33.50182
6548,1402,-112.15217,33.479485
6549,4421,-111.7195,33.34711
6550,2499,-111.97988,33.30578
6551,1403,-111.752884,33.37769
6552,837,-111.98934,33.494595
6553,837,-111.92305,33.408375
6554,1404,-111.9257,33.58142
6555,1405,-112.35849,33.493774
6556,1406,-112.06899,33.45917
6557,2499,-111.94236,33.39284
6558,837,-111.97681,33.378315
6559,837,-112.07348,33.492672
6560,837,-112.0013,33.49514
6561,1407,-112.07291,33.44691
6562,4421,-115.24069,36.145203
6563,1408,-111.92496,33.498177
6564,2499,-115.201775,36.126526
6565,1409,-112.02053,33.496254
6566,2499,-80.00268,40.44847
6567,2499,-115.17516,36.109875
6568,6644,-112.07714,33.479996
6569,837,-111.89997,33.4276
6570,837,-112.09909,33.552475
6571,837,-111.97846,33.598522
6572,2499,-111.92968,33.502594
6573,837,-112.073685,33.36718
6574,1410,-112.040115,33.507557
6575,837,-112.07409,33.512627
6576,837,-112.07397,33.513077
6577,837,-111.68421,33.393063
6578,837,-112.22614,33.642326
6579,837,-112.05359,33.49485
6580,837,-112.0486,33.523712
6581,1411,-112.07182,33.639114
6582,837,-112.07173,33.51004
6583,1412,-111.91341,33.408203
6584,837,-112.03558,33.509747
6585,837,-112.07173,33.51004
6586,1413,-111.755875,33.303925
6587,837,-112.07399,33.497482
6588,1414,-112.10023,33.626423
6589,6644,-112.27399,33.465183
6590,837,-112.02123,33.496204
6591,837,-112.0739,33.500202
6592,837,-112.06779,33.458355
6593,1415,-112.06529,33.5095
6594,837,-112.08777,33.474533
6595,1416,-112.18721,33.566982
6596,1417,-112.18902,33.639168
6597,837,-112.073494,33.491695
6598,837,-112.02998,33.47092
6599,837,-112.07341,33.5137
6600,837,-112.064095,33.5219
6601,837,-112.07431,33.50062
6602,837,-112.069435,33.455498
6603,837,-111.82584,33.41346
6604,837,-111.9258,33.477177
6605,837,-111.96139,33.391464
6606,837,-111.93901,33.42399
6607,6644,-115.174644,36.109913
6608,1418,-111.90861,33.647034
6609,837,-112.089836,33.457226
6610,837,-111.98451,33.509106
6611,837,-112.03612,33.37785
6612,837,-112.07317,33.44843
6613,837,-111.962616,33.3216
6614,837,-112.072014,33.455708
6615,837,-111.94758,33.42153
6616,837,-112.07285,33.449226
6617,837,-115.17177,36.11931
6618,837,-112.07377,33.51315
6619,837,-111.92586,33.529114
6620,837,-111.989876,33.49498
6621,837,-112.13178,33.626698
6622,837,-112.071884,33.44986
6623,837,-112.0362,33.596832
6624,1419,-112.07331,33.45167
6625,1420,-112.25456,33.478016
6626,837,-112.082825,33.517372
6627,837,-111.98983,33.49462
6628,1421,-111.958885,33.34871
6629,837,-111.92632,33.494377
6630,837,-111.89182,33.62813
6631,837,-111.78991,33.355118
6632,837,-111.92762,33.493763
6633,6644,-112.082825,33.517372
6634,1422,-111.93095,33.492477
6635,837,-112.098274,33.53864
6636,837,-115.17516,36.109875
6637,837,-112.07449,33.509724
6638,837,-111.92685,33.61386
6639,837,-112.07908,33.49112
6640,1423,-111.87757,33.333683
6641,837,-112.0536,33.426933
6642,1424,-112.065636,33.44916
6643,837,-111.940285,33.4239
6644,1425,-111.8915,33.629436
6645,1426,-112.07331,33.45167
6646,837,-112.05627,33.472767
6647,2499,-115.180016,36.14181
6648,1427,-112.06535,33.519577
6649,837,-112.077576,33.458744
6650,2499,-115.1529,36.13159
6651,837,-112.07196,33.509605
6652,837,-111.87379,33.412354
6653,1428,-111.9787,33.60016
6654,1429,-115.17644,36.116367
6655,837,-111.92589,33.586834
6656,837,-112.0722,33.45892
6657,2499,-111.96417,33.49622
6658,837,-112.000565,33.433685
6659,837,-111.899025,33.555027
6660,837,-111.92529,33.478733
6661,837,-112.073425,33.447334
6662,837,-112.07127,33.508995
6663,837,-112.35314,33.45399
6664,837,-112.07346,33.566128
6665,837,-111.92902,33.50251
6666,3225,-111.790375,33.260693
6667,837,-111.84253,33.303234
6668,837,-112.064354,33.50446
6669,837,-112.06877,33.485413
6670,837,-112.13423,33.609528
6671,837,-111.94329,33.421608
6672,2499,-111.92563,33.49171
6673,1431,-112.07486,33.448936
6674,1432,-112.07548,33.509827
6675,837,-112.07991,33.45496
6676,6644,-112.07431,33.50062
6677,837,-112.39554,33.45657
6678,837,-111.75931,33.3063
6679,837,-115.16961,36.121452
6680,1433,-115.14007,36.167534
6681,837,-111.92697,33.462616
6682,837,-112.23696,33.62722
6683,837,-111.90806,33.394688
6684,1434,-111.931946,33.65794
6685,1435,-112.23582,33.653095
6686,1436,-111.92742,33.499
6687,1437,-111.936,33.41438
6688,837,-112.22465,33.4765
6689,1438,-112.33277,33.491962
6690,837,-112.073875,33.446995
6691,1439,-111.93356,33.492912
6692,837,-111.97846,33.598522
6693,837,-112.01661,33.4798
6694,837,-111.84258,33.415478
6695,1440,-112.11652,33.45134
6696,837,-112.03612,33.37785
6697,1441,-111.75256,33.28687
6698,837,-112.0037,33.49516
6699,837,-112.04798,33.53184
6700,837,-111.86951,33.435528
6701,837,-112.06476,33.471985
6702,837,-112.72928,33.970005
6703,837,-111.92942,33.50284
6704,1442,-112.07431,33.50062
6705,837,-112.08207,33.50225
6706,6644,-115.100845,35.993855
6707,837,-111.92496,33.498177
6708,837,-111.756035,33.30083
6709,837,-112.07156,33.457054
6710,837,-111.89947,33.61689
6711,837,-111.71976,33.347923
6712,837,-112.074196,33.51354
6713,837,-111.89182,33.62813
6714,837,-112.26073,33.53095
6715,837,-112.07397,33.513077
6716,837,-111.75459,33.38057
6717,837,-111.89946,33.557293
6718,837,-111.97846,33.598522
6719,1443,-111.92134,33.422848
6720,2499,-115.13871,36.169216
6721,837,-112.07275,33.46677
6722,837,-80.020134,40.39346
6723,837,-112.06836,33.457863
6724,837,-111.99423,33.61232
6725,837,-111.97688,33.5839
6726,837,-111.97858,33.677853
6727,837,-111.940285,33.42472
6728,837,-112.361534,33.61106
6729,2499,-111.87138,33.43566
6730,837,-111.89768,33.304726
6731,837,-111.97926,33.49592
6732,1444,-112.19062,33.638363
6733,837,-112.17907,33.639347
6734,837,-111.97839,33.303967
6735,1445,-111.96063,33.64
6736,837,-111.790665,33.329014
6737,837,-112.16848,33.611618
6738,837,-111.97785,33.49424
6739,1446,-111.94718,33.30594
6740,837,-112.065636,33.44916
6741,837,-112.04887,33.46591
6742,837,-112.25507,33.696304
6743,837,-112.03013,33.678993
6744,837,-111.85832,33.32686
6745,837,-111.94324,33.42773
6746,837,-111.92655,33.506542
6747,1447,-111.92134,33.422848
6748,1448,-111.90913,33.305134
6749,837,-112.083626,33.48805
6750,2499,-112.07358,33.442486
6751,837,-111.890686,33.546608
6752,837,-112.073875,33.446995
6753,837,-111.75427,33.37781
6754,1449,-112.07303,33.448
6755,1450,-115.17332,36.10583
6756,837,-111.92228,33.41616
6757,1451,-111.931946,33.65794
6758,4421,-112.06498,33.524887
6759,1452,-112.07405,33.497803
6760,837,-112.078156,33.458477
6761,837,-111.583275,33.220783
6762,837,-112.04088,33.509563
6763,1453,-111.688995,33.38507
6764,1454,-111.997826,33.43523
6765,837,-111.90979,33.48124
6766,837,-112.06096,33.50953
6767,837,-112.027016,33.50802
6768,837,-111.856125,33.627235
6769,837,-111.78899,33.28166
6770,1455,-112.07409,33.4975
6771,1456,-111.926025,33.623665
6772,1457,-112.275826,33.637238
6773,837,-111.804855,33.385117
6774,837,-112.39205,33.60807
6775,837,-112.07405,33.497803
6776,837,-112.043846,33.50873
6777,2499,-112.065346,33.519466
6778,837,-112.024,33.50923
6779,837,-112.07275,33.447258
6780,837,-111.9949,33.303696
6781,837,-112.07086,33.457047
6782,837,-111.924355,33.422394
6783,837,-111.98617,33.510483
6784,1458,-111.98568,33.59621
6785,1459,-111.92655,33.506542
6786,837,-112.166214,33.611237
6787,837,-111.78977,33.356873
6788,837,-111.92239,33.501007
6789,837,-112.358765,33.507095
6790,837,-111.87599,33.41335
6791,1460,-111.924065,33.57978
6792,837,-111.97119,33.67655
6793,1461,-112.074066,33.509735
6794,837,-112.154274,33.655025
6795,1462,-111.950485,33.83298
6796,837,-112.07397,33.513077
6797,837,-112.07551,33.449596
6798,837,-111.945366,33.8322
6799,837,-111.92657,33.499386
6800,837,-112.01136,33.49492
6801,837,-112.06738,33.509026
6802,1463,-112.02849,33.510426
6803,837,-112.071945,33.51039
6804,837,-111.95375,33.407803
6805,837,-111.73893,33.33537
6806,1464,-112.04698,33.523983
6807,1465,-111.923676,33.489937
6808,837,-112.00109,33.495476
6809,837,-112.07426,33.500813
6810,837,-111.906044,33.43245
6811,837,-112.047104,33.530334
6812,1466,-112.04928,33.523098
6813,837,-112.08235,33.516224
6814,837,-111.875916,33.276257
6815,837,-111.970436,33.3468
6816,2499,-112.029564,33.516068
6817,1467,-112.11067,33.640343
6818,1468,-112.07196,33.509605
6819,837,-112.06565,33.60681
6820,837,-112.18452,33.569023
6821,837,-112.07468,33.48797
6822,837,-112.056656,33.50939
6823,837,-112.07397,33.513077
6824,837,-112.079285,33.455036
6825,837,-111.84253,33.303234
6826,837,-111.93896,33.406734
6827,837,-112.09912,33.55532
6828,837,-112.25456,33.478016
6829,837,-111.91804,33.69925
6830,837,-111.92961,33.48733
6831,837,-112.0482,33.510174
6832,837,-112.038826,33.506462
6833,837,-112.11586,33.65951
6834,837,-112.068924,33.494514
6835,837,-112.08873,33.50919
6836,837,-112.07052,33.436832
6837,837,-112.181915,33.538265
6838,1469,-112.07486,33.448936
6839,837,-112.06666,33.496933
6840,837,-112.39657,33.6385
6841,837,-111.99497,33.43605
6842,837,-111.958885,33.34871
6843,837,-112.07511,33.483364
6844,837,-111.92607,33.48176
6845,1470,-112.00837,33.418617
6846,1471,-112.06322,33.53798
6847,837,-111.92678,33.468628
6848,837,-111.93145,33.494205
6849,837,-112.184326,33.539227
6850,837,-112.03311,33.378387
6851,837,-112.261375,33.539352
6852,837,-112.12481,33.43041
6853,837,-111.90752,33.4066
6854,837,-111.97678,33.675884
6855,4234,-115.17618,36.115856
6856,1472,-111.99911,33.48077
6857,837,-111.98224,33.319267
6858,837,-112.127106,33.581795
6859,1473,-111.93889,33.377697
6860,1474,-112.0471,33.50264
6861,837,-112.073326,33.509567
6862,837,-112.04928,33.523098
6863,3988,-112.19062,33.638363
6864,837,-112.06401,33.538994
6865,837,-80.84927,35.171734
6866,837,-112.04791,33.47893
6867,837,-112.074036,33.448376
6868,837,-112.04693,33.54658
6869,4421,-111.9748,33.280956
6870,1475,-111.896255,33.42264
6871,837,-111.9733,33.287598
6872,837,-111.91382,33.494644
6873,1476,-115.136215,36.099274
6874,837,-112.04902,33.48049
6875,1477,-112.01175,33.509346
6876,837,-112.07991,33.45496
6877,837,-112.07409,33.4975
6878,837,-111.97982,33.49482
6879,837,-115.191826,36.144268
6880,1478,-115.17103,36.099377
6881,837,-111.92365,33.625546
6882,837,-111.90018,33.554756
6883,837,-115.17124,36.11788
6884,837,-111.92575,33.406265
6885,837,-112.04739,33.4692
6886,2499,-112.04928,33.523098
6887,837,-112.15007,33.610645
6888,837,-112.065346,33.519466
6889,1479,-112.26605,33.53391
6890,837,-111.99719,33.480484
6891,837,-111.93953,33.42387
6892,1480,-112.04088,33.509563
6893,837,-112.07409,33.512627
6894,1481,-111.78749,33.376934
6895,2499,-112.13423,33.389427
6896,837,-112.221115,33.467304
6897,1482,-111.84292,33.351166
6898,837,-111.88925,33.673668
6899,837,-111.87599,33.41335
6900,1483,-111.90516,33.431896
6901,837,-111.936615,33.37798
6902,837,-112.040085,33.46555
6903,837,-111.72417,33.38128
6904,837,-111.89827,33.29958
6905,1484,-112.133934,33.552345
6906,837,-111.91029,33.321354
6907,837,-112.184326,33.539227
6908,837,-112.06567,33.487747
6909,1485,-111.92632,33.494377
6910,1486,-112.08679,33.45524
6911,1487,-111.99242,33.304897
6912,837,-112.07492,33.483
6913,837,-111.90459,33.62201
6914,837,-111.97461,33.678616
6915,1488,-111.92612,33.532578
6916,1489,-112.13021,33.639744
6917,1490,-111.94042,33.429222
6918,837,-111.743095,33.301903
6919,837,-111.926025,33.623665
6920,837,-111.97585,33.320267
6921,837,-112.236824,33.611404
6922,837,-112.0567,33.566566
6923,837,-112.08388,33.49745
6924,837,-112.04661,33.51038
6925,837,-112.07289,33.51061
6926,837,-112.07409,33.4975
6927,1491,-112.102936,33.523907
6928,837,-111.980995,33.419838
6929,1492,-111.994576,33.304462
6930,1493,-112.057106,33.538246
6931,1494,-112.12435,33.666695
6932,837,-111.92503,33.565964
6933,837,-112.06908,33.485916
6934,1495,-111.94718,33.30594
6935,1496,-112.06908,33.485916
6936,837,-111.92606,33.48357
6937,1497,-112.091194,33.52401
6938,837,-112.26925,33.551937
6939,837,-111.92448,33.62557
6940,837,-111.940254,33.424503
6941,837,-111.9265,33.49973
6942,837,-111.92769,33.499382
6943,837,-112.06586,33.508972
6944,2499,-112.03514,33.495037
6945,837,-112.07156,33.457054
6946,837,-112.13489,33.653374
6947,837,-111.59601,33.22378
6948,2499,-111.90186,33.433514
6949,2499,-112.271225,33.63774
6950,837,-111.92775,33.492905
6951,837,-112.06947,33.641808
6952,1498,-111.92641,33.655567
6953,2394,-112.23349,33.652195
6954,1499,-112.02123,33.496204
6955,837,-112.13264,33.53884
6956,837,-112.082825,33.517372
6957,837,-112.05547,33.4467
6958,837,-112.082344,33.46532
6959,1500,-111.68464,33.395008
6960,837,-111.92239,33.501007
6961,837,-111.92589,33.586834
6962,837,-111.9077,33.431892
6963,837,-111.787735,33.391663
6964,837,-112.031555,33.494816
6965,837,-112.21995,33.639614
6966,837,-112.045784,33.507767
6967,1501,-111.91567,33.41537
6968,1502,-111.92019,33.466217
6969,1503,-112.047104,33.530334
6970,1504,-112.09641,33.451645
6971,1505,-112.03558,33.509747
6972,837,-112.07341,33.5137
6973,837,-112.26925,33.551937
6974,1506,-111.91967,33.41524
6975,837,-112.03019,33.67107
6976,1507,-111.91029,33.321354
6977,837,-112.13706,33.628994
6978,837,-111.90849,33.430023
6979,6644,-115.17725,36.119125
6980,2499,-112.390396,33.429005
6981,837,-111.83193,33.415234
6982,1508,-112.34139,33.438656
6983,837,-115.035805,36.060215
6984,1509,-112.23695,33.627163
6985,2499,-112.04418,33.430977
6986,837,-111.948746,33.34968
6987,837,-111.92413,33.65421
6988,1510,-111.89933,33.30706
6989,2499,-111.99492,33.50903
6990,1511,-111.8557,33.39083
6991,837,-112.18333,33.53888
6992,837,-112.27332,33.464325
6993,1512,-112.02123,33.496204
6994,837,-111.92644,33.529903
6995,837,-112.000694,33.480747
6996,1513,-111.9787,33.60016
6997,1514,-112.062996,33.495155
6998,1515,-112.16333,33.318974
6999,2499,-111.75276,33.395096
7000,837,-112.06533,33.48856
7001,837,-111.92351,33.581493
7002,837,-112.135994,33.56674
7003,837,-112.066025,33.53023
7004,837,-112.0747,33.449833
7005,837,-111.877525,33.33716
7006,837,-112.02068,33.480213
7007,837,-111.89351,33.627815
7008,1516,-112.03892,33.43178
7009,837,-111.90923,33.590168
7010,837,-115.17704,36.10762
7011,837,-111.994576,33.304462
7012,837,-112.16848,33.611618
7013,837,-112.06779,33.458355
7014,837,-112.07,33.45
7015,1517,-112.15967,33.509876
7016,837,-112.124596,33.666637
7017,837,-112.16657,33.596344
7018,837,-112.03854,33.454876
7019,837,-112.07551,33.449596
7020,837,-112.04994,33.508884
7021,1518,-111.84253,33.33787
7022,837,-111.96636,33.676544
7023,1519,-111.91876,33.627434
7024,2499,-111.92053,33.489132
7025,837,-111.99929,33.43442
7026,837,-112.01186,33.63645
7027,837,-111.93152,33.493298
7028,837,-111.78979,33.357132
7029,837,-111.97775,33.49413
7030,1520,-112.02615,33.439648
7031,837,-112.04729,33.546448
7032,837,-112.20233,33.581764
7033,837,-112.0686,33.640186
7034,6644,-111.90065,33.30459
7035,1521,-112.07409,33.4975
7036,837,-112.13423,33.609528
7037,837,-115.17229,36.115147
7038,1522,-112.34041,33.465244
7039,1523,-112.044914,33.510166
7040,1524,-111.84111,33.363014
7041,837,-111.9309,33.58303
7042,837,-111.9348,33.42384
7043,837,-111.98934,33.494595
7044,1525,-115.17089,36.11006
7045,837,-112.01493,33.6102
7046,837,-112.074615,33.44795
7047,1526,-112.06456,33.522358
7048,837,-111.978096,33.602394
7049,837,-111.968,33.31929
7050,837,-112.05565,33.537632
7051,837,-111.87922,33.581512
7052,837,-112.03701,33.50547
7053,1527,-112.06876,33.5095
7054,837,-112.05503,33.5529
7055,837,-111.859535,33.33992
7056,1528,-111.95935,33.521988
7057,1529,-112.073204,33.449593
7058,837,-112.07419,33.510796
7059,837,-112.06877,33.485413
7060,837,-112.07419,33.510796
7061,837,-112.07303,33.448
7062,2499,-112.07391,33.506207
7063,1530,-111.929375,33.502357
7064,837,-111.97698,33.34888
7065,837,-111.86321,33.638275
7066,1531,-111.97808,33.321304
7067,1532,-112.06498,33.517467
7068,837,-112.056625,33.530014
7069,837,-111.91847,33.415035
7070,837,-111.9903,33.75417
7071,1533,-111.90991,33.407425
7072,837,-111.7253,32.879917
7073,1534,-112.05662,33.506195
7074,2499,-112.06535,33.519577
7075,837,-112.204185,33.63882
7076,837,-112.03015,33.674606
7077,837,-111.91861,33.500355
7078,837,-112.074196,33.51354
7079,1535,-111.63351,33.25473
7080,837,-111.977776,33.33193
7081,837,-112.16888,33.378666
7082,837,-112.05003,33.46554
7083,1536,-112.082214,33.495155
7084,1537,-111.84996,33.379585
7085,837,-112.277306,33.465336
7086,837,-112.23991,33.68106
7087,1538,-111.982025,33.34806
7088,1539,-112.34139,33.438656
7089,837,-111.91052,33.478947
7090,837,-111.909645,33.42102
7091,1540,-111.90483,33.57417
7092,1541,-112.06877,33.485413
7093,837,-111.940475,33.392628
7094,837,-112.13109,33.52452
7095,837,-112.060196,33.50948
7096,837,-112.07492,33.483
7097,6644,-115.17497,36.095417
7098,837,-112.06518,33.57531
7099,837,-111.922874,33.463078
7100,6644,-115.15259,36.108295
7101,837,-111.91087,33.36144
7102,837,-112.07445,33.449436
7103,837,-112.134186,33.51087
7104,837,-111.97562,33.675236
7105,837,-111.99559,33.511234
7106,837,-111.99559,33.511234
7107,837,-112.00845,33.581757
7108,1542,-112.11646,33.560856
7109,837,-112.11045,33.689518
7110,1543,-111.93064,33.50079
7111,837,-111.88407,33.261177
7112,837,-112.02769,33.510315
7113,1544,-112.04799,33.50803
7114,6644,-115.15226,36.10708
7115,837,-111.98859,33.50921
7116,1545,-112.07634,33.46553
7117,837,-111.83645,33.586655
7118,1546,-115.167755,36.123943
7119,6644,-115.14253,36.169502
7120,1547,-112.03577,33.508926
7121,837,-112.10039,33.488403
7122,837,-111.98975,33.500237
7123,837,-112.358635,33.463406
7124,2499,-112.20292,33.669407
7125,837,-112.23349,33.652195
7126,6644,-115.168106,36.103798
7127,1642,-111.926765,33.501877
7128,837,-112.07427,33.447517
7129,837,-111.755455,33.379627
7130,2499,-111.92445,33.539402
7131,4421,-115.241554,36.064533
7132,837,-111.903336,33.433212
7133,837,-111.87686,33.54105
7134,837,-112.060196,33.50948
7135,6644,-112.073494,33.491695
7136,1548,-112.064095,33.5219
7137,1549,-111.88527,33.540367
7138,1550,-112.06498,33.524887
7139,4421,-114.96364,36.013103
7140,1551,-111.97461,33.678616
7141,837,-111.94652,33.422188
7142,837,-111.922966,33.501312
7143,837,-112.06551,33.576332
7144,1552,-111.92477,33.637135
7145,1553,-112.082405,33.465504
7146,1554,-112.0404,33.509445
7147,1555,-112.38765,33.464397
7148,1556,-115.17277,36.10465
7149,837,-112.2263,33.639626
7150,1557,-111.92225,33.58414
7151,1558,-112.179726,33.520424
7152,837,-112.09107,33.49436
7153,837,-112.03529,33.596844
7154,837,-112.0135,33.583496
7155,1559,-112.064064,33.51798
7156,1560,-112.06096,33.50953
7157,837,-111.91744,33.69869
7158,837,-111.86441,33.612797
7159,837,-112.04644,33.53739
7160,837,-111.83323,33.4154
7161,837,-111.88815,33.56837
7162,837,-112.06096,33.50953
7163,1561,-111.74323,33.30842
7164,837,-112.073395,33.477222
7165,6644,-111.72392,33.32106
7166,837,-115.17641,36.11316
7167,837,-112.30873,33.449127
7168,837,-112.07127,33.508995
7169,1562,-112.06844,33.638363
7170,837,-112.07401,33.505856
7171,2499,-115.22422,36.12766
7172,1563,-112.073616,33.47703
7173,837,-112.11101,33.554466
7174,6644,-111.90518,33.495224
7175,837,-111.87436,33.336075
7176,837,-115.17688,36.111946
7177,837,-111.99492,33.50903
7178,837,-111.92796,33.49821
7179,837,-112.260765,33.53295
7180,837,-112.000565,33.433685
7181,837,-112.27165,33.528236
7182,837,-112.06096,33.50953
7183,837,-111.87393,33.622734
7184,837,-111.926445,33.490032
7185,837,-111.93841,33.391586
7186,837,-111.970825,33.37795
7187,837,-111.858406,33.320225
7188,1564,-112.0739,33.500202
7189,837,-112.06524,33.488808
7190,1565,-112.06401,33.538994
7191,837,-111.88181,33.58083
7192,2499,-112.069984,33.451576
7193,837,-111.940285,33.4239
7194,1566,-112.05956,33.563686
7195,837,-112.08711,33.45496
7196,1567,-111.93646,33.42296
7197,6644,-115.17397,36.10626
7198,837,-112.08711,33.45496
7199,1568,-112.1181,33.670265
7200,837,-111.75561,33.345997
7201,837,-111.90998,33.347878
7202,837,-111.87496,33.319393
7203,837,-112.09107,33.458866
7204,837,-115.167755,36.123978
7205,837,-112.065544,33.4493
7206,1569,-112.046394,33.507946
7207,837,-112.14925,34.048668
7208,837,-111.92239,33.501007
7209,837,-111.91667,33.451714
7210,837,-112.03594,33.508713
7211,837,-115.19791,36.125908
7212,837,-112.07224,33.465557
7213,837,-112.0135,33.583496
7214,1570,-111.98224,33.319267
7215,837,-111.97616,33.347683
7216,837,-111.92716,33.45379
7217,1571,-112.04739,33.4692
7218,837,-112.0739,33.500202
7219,837,-111.92627,33.637753
7220,1572,-111.926796,33.505592
7221,837,-111.92133,33.636242
7222,837,-112.06384,33.517437
7223,837,-111.82124,33.349434
7224,1573,-111.757416,33.30427
7225,1574,-111.98643,33.600227
7226,837,-111.91345,33.414272
7227,837,-112.07409,33.4975
7228,1575,-111.68288,33.468143
7229,837,-112.13424,33.625828
7230,837,-112.06342,33.607544
7231,1576,-112.064926,33.4743
7232,837,-111.875984,33.413902
7233,837,-111.92547,33.566807
7234,837,-111.947,33.34968
7235,837,-111.960495,33.34862
7236,1577,-112.06877,33.485413
7237,837,-111.908585,33.39378
7238,837,-112.06498,33.524887
7239,837,-112.0656,33.458927
7240,837,-111.9309,33.58303
7241,837,-111.9265,33.49973
7242,1578,-112.27829,33.465275
7243,837,-111.92951,33.322136
7244,1579,-112.028336,33.480034
7245,837,-112.277504,33.598698
7246,837,-115.16559,36.12689
7247,1580,-112.05956,33.563686
7248,837,-111.93901,33.42399
7249,2499,-112.03529,33.596844
7250,837,-111.92635,33.53027
7251,837,-111.96534,33.319504
7252,837,-111.74256,33.37828
7253,837,-115.168106,36.103798
7254,837,-112.06918,33.452717
7255,837,-111.90558,33.432926
7256,837,-112.0166,33.52973
7257,1581,-112.00052,33.495766
7258,1582,-112.04739,33.4692
7259,837,-111.789055,33.35924
7260,837,-111.962616,33.3216
7261,837,-112.21823,33.63783
7262,2499,-111.99831,33.436054
7263,837,-111.91017,33.48699
7264,1583,-112.04693,33.523125
7265,1584,-111.97982,33.49482
7266,837,-112.34188,33.463543
7267,1585,-112.06096,33.50953
7268,837,-111.92635,33.496613
7269,837,-112.0313,33.643
7270,1586,-112.06096,33.50953
7271,837,-112.01307,33.610554
7272,837,-111.7708,33.23497
7273,4421,-115.13553,36.166763
7274,837,-112.07228,33.45587
7275,837,-112.08313,33.498795
7276,1587,-111.789314,33.32073
7277,837,-112.01417,33.511307
7278,837,-111.92563,33.49171
7279,1588,-112.01146,33.58207
7280,837,-111.9077,33.431892
7281,1589,-112.06296,33.656124
7282,837,-111.925316,33.577934
7283,837,-112.0741,33.506855
7284,837,-112.222885,33.596703
7285,1590,-112.07232,33.457657
7286,837,-112.22337,33.638668
7287,837,-112.27829,33.465275
7288,837,-111.98983,33.49462
7289,1591,-112.05627,33.472767
7290,1592,-112.04698,33.507553
7291,837,-111.82584,33.41346
7292,1593,-111.928185,33.501774
7293,1594,-112.34188,33.463543
7294,1595,-111.959404,33.350735
7295,1596,-112.065346,33.51108
7296,837,-111.874146,33.31923
7297,1597,-112.06453,33.537617
7298,1597,-112.06498,33.524887
7299,837,-111.92737,33.50323
7300,837,-111.92018,33.636566
7301,837,-112.06096,33.50953
7302,837,-111.92754,33.464375
7303,1598,-112.06096,33.50953
7304,837,-111.97681,33.378315
7305,837,-112.07127,33.508995
7306,1599,-112.06096,33.50953
7307,1600,-111.93103,33.493267
7308,1601,-112.0686,33.640186
7309,1602,-112.06096,33.50953
7310,837,-111.93947,33.394127
7311,837,-112.07409,33.512627
7312,837,-112.06096,33.50953
7313,837,-112.06096,33.50953
7314,1603,-111.92625,33.617584
7315,837,-112.06096,33.50953
7316,837,-111.90979,33.48124
7317,1604,-111.93457,33.4228
7318,837,-111.89228,33.62004
7319,837,-111.926636,33.498974
7320,837,-111.99565,33.502758
7321,837,-112.026474,33.510254
7322,837,-111.75607,33.304905
7323,837,-115.17435,36.118332
7324,837,-111.72063,33.23511
7325,837,-111.939156,33.39312
7326,1605,-112.08292,33.506462
7327,837,-111.92367,33.53918
7328,837,-111.90812,33.393623
7329,837,-112.08164,33.465992
7330,837,-112.056656,33.50939
7331,7748,-111.78983,33.354767
7332,837,-111.98617,33.510483
7333,2499,-112.064705,33.529846
7334,837,-111.92625,33.617584
7335,6644,-115.17087,36.10242
7336,837,-111.92389,33.63416
7337,837,-111.89163,33.625385
7338,1606,-111.875755,33.62114
7339,1607,-111.77165,33.406406
7340,1608,-112.04001,33.505775
7341,837,-111.92635,33.496613
7342,1609,-112.07359,33.476837
7343,837,-111.978226,33.675297
7344,1610,-112.064705,33.529846
7345,1611,-112.22272,33.638866
7346,837,-111.92227,33.584015
7347,837,-80.02124,40.43906
7348,2499,-115.17669,36.117455
7349,837,-111.97956,33.742207
7350,837,-111.875786,33.36281
7351,837,-115.17632,36.113846
7352,1612,-111.90483,33.57417
7353,837,-111.79648,33.41554
7354,837,-112.00319,33.317657
7355,837,-112.0477,33.515106
7356,837,-112.1137,33.715096
7357,837,-112.06096,33.50953
7358,837,-112.170334,33.46561
7359,837,-112.170975,33.56791
7360,837,-111.92359,33.70057
7361,837,-112.06947,33.641808
7362,1613,-112.22394,33.637062
7363,1614,-111.93649,33.833767
7364,1615,-115.171776,36.102093
7365,837,-111.927666,33.579617
7366,837,-112.04673,33.523743
7367,1616,-112.06157,33.509518
7368,837,-111.97838,33.627045
7369,837,-111.92742,33.499
7370,1617,-111.92942,33.50284
7371,1618,-112.134186,33.51087
7372,1619,-112.06534,33.5116
7373,1620,-112.06534,33.5116
7374,837,-111.91667,33.451714
7375,837,-112.08059,33.4803
7376,837,-111.944046,33.436962
7377,837,-111.928185,33.501774
7378,837,-111.91267,33.362457
7379,837,-111.979546,33.640232
7380,837,-111.926445,33.490032
7381,1621,-111.91091,33.414574
7382,837,-112.07218,33.458946
7383,837,-111.943954,33.42853
7384,1622,-112.04702,33.509594
7385,837,-112.036964,33.60594
7386,837,-112.00414,33.495163
7387,837,-111.93936,33.394043
7388,1623,-112.02849,33.510426
7389,837,-111.93027,33.496586
7390,1624,-115.17203,36.11494
7391,4421,-111.92869,33.467358
7392,837,-111.78861,33.43749
7393,837,-111.99321,33.495266
7394,837,-112.07409,33.4975
7395,1625,-111.93962,33.42344
7396,837,-112.04994,33.508884
7397,837,-112.04994,33.508884
7398,1626,-111.874176,33.362934
7399,837,-111.89673,33.676765
7400,837,-111.899025,33.555027
7401,837,-112.04994,33.508884
7402,837,-111.92663,33.65241
7403,837,-111.95392,33.40789
7404,837,-111.94039,33.421387
7405,837,-111.9949,33.303696
7406,837,-112.03948,33.486477
7407,837,-112.16933,33.379456
7408,837,-112.06483,33.457333
7409,837,-111.79242,33.378643
7410,837,-111.85856,33.64947
7411,1627,-112.00414,33.495163
7412,837,-112.027016,33.377003
7413,837,-111.78376,33.334938
7414,1628,-111.92272,33.493565
7415,1629,-115.170975,36.114277
7416,837,-112.08711,33.45496
7417,1630,-111.75855,33.307465
7418,837,-111.90228,33.43014
7419,1631,-111.905556,33.433037
7420,837,-112.07275,33.447258
7421,837,-111.789856,33.356342
7422,1632,-112.06535,33.519577
7423,1633,-112.07411,33.467545
7424,1634,-111.71336,33.594963
7425,1635,-111.928825,33.82903
7426,837,-112.04831,33.508953
7427,837,-111.96561,33.676094
7428,1410,-112.073494,33.491695
7429,1636,-111.92635,33.46439
7430,837,-111.84253,33.303234
7431,1637,-111.94629,33.305836
7432,837,-115.14294,36.16929
7433,837,-112.171936,33.638557
7434,837,-112.044914,33.510166
7435,837,-112.03125,33.63285
7436,1638,-112.27079,33.55354
7437,2499,-112.16867,33.545204
7438,837,-112.06322,33.53798
7439,837,-112.065506,33.48855
7440,837,-112.078766,33.50958
7441,837,-112.0739,33.500202
7442,1639,-111.92644,33.44929
7443,2525,-112.068665,33.6374
7444,837,-111.91124,33.362373
7445,837,-111.92019,33.466217
7446,837,-111.635124,33.36576
7447,837,-112.05607,33.472855
7448,837,-112.08303,33.487476
7449,1640,-111.9759,33.495018
7450,837,-112.18157,33.539257
7451,837,-112.073395,33.477222
7452,837,-112.039185,33.59596
7453,837,-111.999176,33.442745
7454,837,-112.006714,33.435715
7455,1641,-112.029785,33.626873
7456,837,-111.95375,33.407803
7457,837,-112.07217,33.455864
7458,837,-112.14982,33.640068
7459,2055,-112.04698,33.523983
7460,837,-111.98212,33.331654
7461,837,-111.940346,33.425938
7462,3004,-112.04784,33.523426
7463,1643,-112.04799,33.50803
7464,1644,-111.95392,33.40789
7465,837,-111.93007,33.378265
7466,1645,-112.0477,33.515106
7467,837,-112.04675,33.523613
7468,837,-111.93744,33.423515
7469,1646,-112.15224,33.596348
7470,837,-111.905556,33.433037
7471,3708,-112.18803,33.538708
7472,3185,-111.8063,33.379913
7473,1647,-112.065475,33.47014
7474,837,-112.13882,33.864964
7475,837,-111.757416,33.30427
7476,837,-112.06704,33.641712
7477,1648,-111.92351,33.62336
7478,3756,-112.073425,33.447334
7479,837,-111.92603,33.37827
7480,1649,-112.03864,33.59605
7481,1650,-112.06535,33.51241
7482,837,-112.11762,33.524418
7483,1651,-112.04794,33.525883
7484,837,-112.09243,33.683323
7485,1652,-112.06479,33.474228
7486,837,-111.87686,33.54105
7487,837,-111.98229,33.599663
7488,837,-112.02581,33.441082
7489,837,-112.278114,33.465
7490,837,-112.06322,33.53798
7491,1653,-112.02769,33.510315
7492,1654,-112.083984,33.496387
7493,837,-112.085785,33.509537
7494,1655,-112.03529,33.596844
7495,1656,-112.074196,33.51354
7496,1657,-112.11265,33.611
7497,837,-112.0648,33.47468
7498,837,-112.0792,33.49111
7499,4421,-115.0969,36.005417
7500,837,-111.90914,33.3927
7501,1658,-112.06467,33.59547
7502,837,-112.08234,33.516464
7503,1659,-112.04934,33.523056
7504,837,-112.08208,33.510727
7505,1660,-112.10031,33.496075
7506,837,-73.57656,45.521065
7507,837,-112.08303,33.487476
7508,837,-111.99439,33.612354
7509,837,-112.06535,33.51241
7510,837,-112.06535,33.487686
7511,837,-112.22666,33.637676
7512,837,-111.918686,33.566635
7513,837,-112.07432,33.45969
7514,837,-112.073425,33.447334
7515,837,-112.06469,33.521793
7516,1661,-112.06469,33.521793
7517,1662,-111.968,33.31929
7518,1663,-112.0364,33.50968
7519,1664,-112.07397,33.513077
7520,837,-112.065346,33.51108
7521,837,-112.064606,33.523155
7522,4421,-112.06877,33.485413
7523,2499,-112.07991,33.45496
7524,837,-111.944046,33.436962
7525,837,-112.074196,33.51354
7526,1665,-112.06638,33.62716
7527,837,-112.082855,33.465343
7528,837,-112.02814,33.510223
7529,837,-111.94969,33.40756
7530,837,-111.92365,33.625546
7531,1666,-111.928185,33.501774
7532,837,-112.183395,33.539093
7533,837,-112.04789,33.52485
7534,1667,-111.91983,33.466194
7535,837,-112.04677,33.50889
7536,837,-112.073616,33.47703
7537,837,-112.028336,33.480034
7538,837,-112.07397,33.45983
7539,837,-112.08233,33.46606
7540,2499,-115.17767,36.10741
7541,837,-112.06836,33.457863
7542,837,-111.84763,33.378475
7543,1668,-112.08303,33.487476
7544,1669,-112.04945,33.377567
7545,837,-112.357994,33.461502
7546,837,-112.25843,33.55269
7547,837,-112.13301,33.580612
7548,837,-112.0634,33.60731
7549,837,-112.10217,33.52494
7550,837,-112.074036,33.448376
7551,837,-111.9759,33.495018
7552,837,-112.07037,33.456417
7553,837,-111.94819,33.393543
7554,837,-112.0135,33.583496
7555,837,-112.06476,33.471985
7556,837,-115.1726,36.118793
7557,1670,-111.92492,33.62348
7558,837,-112.03788,33.509254
7559,4421,-115.17797,36.067535
7560,1671,-115.14289,36.143345
7561,2499,-112.006714,33.435715
7562,837,-111.92749,33.49549
7563,837,-112.003174,33.49564
7564,837,-112.29537,33.511894
7565,837,-111.91182,33.322376
7566,837,-112.04709,33.639816
7567,837,-112.013725,33.585438
7568,837,-111.929924,33.349712
7569,837,-111.947075,33.407593
7570,837,-115.14294,36.16929
7571,1672,-112.04673,33.523743
7572,1673,-112.22086,33.639744
7573,837,-111.910835,33.391663
7574,1674,-111.93744,33.423515
7575,837,-111.88934,33.696556
7576,837,-111.87436,33.336075
7577,837,-111.940254,33.424503
7578,837,-115.14453,36.162613
7579,1675,-79.9828,40.429
7580,1676,-73.58948,45.521652
7581,837,-111.92572,33.526047
7582,837,-115.13902,36.088516
7583,837,-111.74184,33.307846
7584,837,-112.073616,33.47703
7585,1677,-112.201805,33.666836
7586,1678,-111.97811,33.59784
7587,837,-112.27275,33.46457
7588,837,-112.05627,33.472767
7589,837,-111.872856,33.30671
7590,837,-111.918686,33.566635
7591,837,-112.07285,33.449226
7592,837,-112.12481,33.43041
7593,1679,-111.929535,33.502132
7594,1655,-111.991516,33.26663
7595,837,-111.92697,33.462616
7596,837,-111.7195,33.34711
7597,837,-111.859535,33.33992
7598,837,-112.07341,33.5137
7599,837,-112.0037,33.49516
7600,837,-112.079285,33.455036
7601,837,-111.961914,33.33455
7602,837,-111.92804,33.497204
7603,837,-112.023254,33.523228
7604,837,-112.35514,33.463253
7605,837,-111.86491,33.435246
7606,837,-111.92269,33.500526
7607,1680,-112.043846,33.50873
7608,1681,-112.08249,33.48009
7609,1682,-112.04001,33.505775
7610,837,-111.926254,33.609715
7611,1683,-112.07409,33.512627
7612,1684,-112.01464,33.510056
7613,837,-111.90483,33.57417
7614,1685,-112.04258,33.50957
7615,1686,-112.03017,33.671425
7616,1687,-111.83714,33.41651
7617,837,-112.07391,33.506207
7618,837,-112.07358,33.442486
7619,837,-112.01307,33.610554
7620,1688,-111.88511,33.53767
7621,4421,-115.29822,36.09571
7622,1689,-111.93947,33.394127
7623,1690,-112.045815,33.5088
7624,1691,-112.0812,33.654797
7625,1692,-112.04001,33.505775
7626,837,-111.84085,33.28455
7627,837,-112.01464,33.510056
7628,837,-111.91197,33.335354
7629,837,-111.96175,33.391743
7630,837,-111.89859,33.490013
7631,837,-111.92754,33.480732
7632,837,-112.02581,33.441082
7633,837,-112.11672,33.53954
7634,2656,-111.97958,33.31974
7635,837,-111.95634,33.347145
7636,837,-111.929924,33.349712
7637,837,-115.16961,36.121452
7638,837,-112.047264,33.641346
7639,837,-112.15278,33.655704
7640,837,-111.996765,33.495117
7641,1693,-112.120346,33.64042
7642,837,-112.00005,33.495453
7643,837,-112.3355,33.460354
7644,837,-112.047264,33.531242
7645,837,-112.08227,33.4657
7646,837,-111.87511,33.394802
7647,837,-112.04043,33.50572
7648,837,-112.01323,33.47383
7649,837,-112.04794,33.525883
7650,1694,-115.17124,36.11788
7651,1695,-112.068954,33.459053
7652,837,-111.99224,33.30574
7653,3043,-111.78861,33.43749
7654,837,-112.04673,33.523743
7655,837,-112.17426,33.63955
7656,837,-112.22219,33.59478
7657,1696,-112.11884,33.48044
7658,837,-112.02068,33.480213
7659,837,-112.04808,33.538925
7660,837,-112.07908,33.49112
7661,837,-112.04808,33.538925
7662,1697,-111.58324,33.22102
7663,1698,-112.09706,33.65613
7664,1699,-111.98954,33.600517
7665,1700,-111.92551,33.624367
7666,837,-112.078766,33.50958
7667,837,-115.17076,36.123367
7668,837,-112.13144,33.625275
7669,6644,-115.167,36.12617
7670,837,-112.013855,33.63044
7671,1701,-111.995514,33.50243
7672,837,-112.07423,33.507328
7673,837,-111.88063,33.581196
7674,837,-112.07233,33.456696
7675,837,-111.97674,33.67919
7676,837,-111.93508,33.424995
7677,837,-111.978065,33.602856
7678,837,-112.16848,33.611618
7679,837,-112.05806,33.550854
7680,837,-111.92697,33.52771
7681,837,-112.04698,33.523983
7682,837,-111.924805,33.52681
7683,1702,-111.92559,33.478718
7684,837,-111.99575,33.50214
7685,837,-112.04725,33.50166
7686,837,-111.789856,33.356342
7687,1703,-115.16591,36.127495
7688,837,-111.821304,33.349445
7689,4421,-115.27912,36.12602
7690,837,-112.18295,33.538418
7691,1704,-111.88066,33.36436
7692,1705,-111.92637,33.500492
7693,1706,-111.92563,33.49171
7694,1707,-111.964966,33.501846
7695,1708,-112.04803,33.484013
7696,1709,-112.047104,33.530334
7697,837,-111.9759,33.495018
7698,837,-112.18595,33.64035
7699,1710,-111.925316,33.577934
7700,837,-111.97838,33.627045
7701,1711,-112.260765,33.53295
7702,837,-112.045815,33.5088
7703,837,-112.11762,33.524418
7704,1712,-112.06518,33.57531
7705,837,-112.358635,33.463406
7706,1713,-112.02123,33.496204
7707,1714,-111.9265,33.49973
7708,837,-112.13378,33.50971
7709,1715,-111.923,33.5015
7710,1716,-112.111786,33.687145
7711,837,-111.842636,33.32724
7712,837,-111.91721,33.40708
7713,2525,-112.06577,33.56819
7714,1717,-112.2263,33.639626
7715,1718,-112.13667,33.639065
7716,777,-111.90558,33.432926
7717,837,-111.92555,33.564976
7718,837,-112.04698,33.523983
7719,837,-111.92558,33.582848
7720,837,-112.0486,33.523712
7721,1719,-112.04698,33.523983
7722,1720,-112.117386,33.641613
7723,837,-112.0739,33.500202
7724,837,-111.97657,33.585728
7725,1721,-112.04001,33.505775
7726,2499,-112.01183,33.509872
7727,837,-111.92645,33.49031
7728,837,-111.84204,33.39384
7729,837,-112.72591,32.945602
7730,837,-112.078766,33.50958
7731,1722,-112.04799,33.50803
7732,837,-111.919815,33.501347
7733,837,-112.045815,33.5088
7734,3185,-111.93901,33.42399
7735,837,-112.05941,33.49494
7736,2499,-111.85296,33.731174
7737,837,-111.97626,33.58307
7738,837,-112.08292,33.506462
7739,1723,-111.90885,33.421627
7740,1724,-112.14335,33.713852
7741,837,-112.04799,33.50803
7742,837,-111.90859,33.406624
7743,837,-112.0481,33.475353
7744,1725,-112.07748,33.45907
7745,837,-112.04799,33.50803
7746,837,-112.04794,33.525883
7747,837,-112.04799,33.50803
7748,837,-111.92942,33.50284
7749,1726,-112.03147,33.48778
7750,837,-111.92589,33.527847
7751,1727,-112.18295,33.538418
7752,837,-112.067,33.508987
7753,837,-112.04799,33.50803
7754,1728,-111.995705,33.63991
7755,837,-112.04342,33.506023
7756,837,-111.95392,33.40789
7757,837,-111.84258,33.415478
7758,2499,-111.93536,33.627285
7759,837,-112.04673,33.523743
7760,837,-111.99402,33.49537
7761,837,-111.92796,33.49821
7762,837,-112.078766,33.50958
7763,837,-112.05806,33.550854
7764,837,-112.00106,33.49517
7765,837,-112.08873,33.50919
7766,837,-112.20032,33.710823
7767,837,-112.07232,33.457657
7768,837,-112.05884,33.509346
7769,837,-112.0037,33.49516
7770,837,-112.07375,33.565098
7771,837,-112.05941,33.49494
7772,837,-111.9819,33.348164
7773,837,-111.68752,33.32716
7774,837,-112.083984,33.496387
7775,837,-112.073685,33.396343
7776,837,-112.029755,33.51067
7777,837,-112.047264,33.53739
7778,837,-112.04754,33.50774
7779,1730,-111.93228,33.496403
7780,1731,-111.932106,33.50277
7781,837,-111.917984,33.565014
7782,837,-111.97952,33.6384
7783,837,-111.92922,33.497566
7784,1732,-111.92645,33.49031
7785,2499,-111.86011,33.341
7786,837,-112.18157,33.539257
7787,1734,-112.07308,33.56747
7788,837,-111.99517,33.640408
7789,1735,-111.87599,33.41335
7790,1736,-112.047264,33.53739
7791,837,-112.00525,33.4954
7792,837,-111.97677,33.679085
7793,837,-112.04794,33.525883
7794,837,-112.134186,33.51087
7795,1737,-112.30404,33.63991
7796,837,-111.7195,33.34711
7797,4421,-112.065735,33.55996
7798,837,-112.047264,33.53739
7799,837,-112.027016,33.50802
7800,1738,-111.98451,33.509106
7801,1739,-112.07232,33.457657
7802,837,-111.92355,33.623634
7803,1740,-112.02418,33.510033
7804,837,-111.92533,33.52509
7805,1741,-112.0364,33.50968
7806,837,-111.98849,33.45545
7807,837,-111.988174,33.601933
7808,837,-111.92635,33.496613
7809,1742,-112.0166,33.52973
7810,1743,-112.06783,33.458065
7811,1744,-111.921135,33.499172
7812,837,-112.04013,33.507454
7813,1745,-111.87564,33.336
7814,837,-112.06961,33.456757
7815,837,-112.07634,33.46553
7816,1746,-115.17012,36.122276
7817,837,-111.925575,33.564854
7818,837,-115.17124,36.11788
7819,837,-111.7903,33.329292
7820,837,-111.77134,33.33696
7821,837,-111.98983,33.49462
7822,1747,-112.37446,33.654953
7823,1748,-111.99634,33.61077
7824,837,-111.928185,33.501774
7825,837,-111.78514,33.334938
7826,837,-111.83714,33.41651
7827,1749,-112.09936,33.539642
7828,1750,-111.91197,33.335354
7829,1751,-112.027016,33.50802
7830,1752,-111.92606,33.48357
7831,837,-111.75614,33.36745
7832,837,-111.8879,33.407997
7833,1753,-112.000984,33.49572
7834,837,-111.74385,33.307648
7835,1754,-111.9348,33.42384
7836,2499,-111.92566,33.47535
7837,837,-111.977875,33.319378
7838,6644,-112.03125,33.63285
7839,837,-111.59601,33.22378
7840,837,-111.85414,33.40779
7841,6644,-112.02721,33.51021
7842,837,-112.06518,33.57531
7843,837,-112.01307,33.610554
7844,6103,-112.26495,33.535923
7845,837,-112.065475,33.47014
7846,1755,-112.03147,33.48778
7847,837,-112.032845,33.64018
7848,837,-112.04793,33.523987
7849,837,-112.04798,33.513504
7850,837,-112.04798,33.513504
7851,1756,-112.15075,33.59817
7852,1757,-112.394394,33.451393
7853,837,-112.22098,33.641773
7854,837,-112.04673,33.523743
7855,837,-111.90812,33.393623
7856,837,-111.99589,33.509014
7857,837,-111.9255,33.50109
7858,837,-115.16856,36.133137
7859,1333,-111.98451,33.509106
7860,837,-111.91462,33.393013
7861,1758,-111.999176,33.442745
7862,837,-112.10931,33.55314
7863,1759,-112.04675,33.523613
7864,1760,-112.380104,33.49272
7865,1761,-111.97869,33.60092
7866,1762,-111.85275,33.731834
7867,837,-115.19447,36.126015
7868,806,-111.924614,33.63925
7869,1763,-112.04794,33.525883
7870,837,-112.20032,33.710823
7871,837,-112.04371,33.50839
7872,837,-111.82124,33.349434
7873,2499,-111.917755,33.49468
7874,1764,-111.89342,33.37964
7875,1765,-112.045815,33.5088
7876,837,-111.98028,33.494682
7877,837,-111.78977,33.356873
7878,2499,-115.1695,36.10743
7879,837,-111.78376,33.334938
7880,1766,-112.08313,33.498795
7881,1767,-112.01535,33.51002
7882,837,-111.981224,33.32158
7883,837,-111.92753,33.49919
7884,837,-111.90888,33.395096
7885,1768,-111.939804,33.426353
7886,837,-111.92471,33.421352
7887,837,-112.05956,33.563686
7888,837,-111.85926,33.31953
7889,837,-112.04258,33.50957
7890,1769,-111.9258,33.492584
7891,2499,-111.90768,33.43246
7892,837,-112.047905,33.52448
7893,1770,-112.01307,33.610554
7894,837,-112.073616,33.47703
7895,837,-111.87183,33.393562
7896,837,-112.00052,33.495766
7897,1771,-111.85407,33.39349
7898,1772,-111.92861,33.638184
7899,2499,-111.92708,33.508694
7900,2499,-111.922775,33.50169
7901,837,-111.929794,33.49288
7902,1773,-112.23582,33.653095
7903,1774,-111.99538,33.44852
7904,837,-112.05607,33.472855
7905,837,-111.926315,33.616474
7906,837,-111.92018,33.636566
7907,837,-112.00845,33.581757
7908,837,-112.04794,33.525883
7909,837,-112.03612,33.37785
7910,837,-111.89749,33.553448
7911,837,-112.09924,33.682755
7912,1775,-111.755745,33.366947
7913,837,-111.92645,33.49031
7914,1776,-111.92615,33.625362
7915,1777,-111.91648,33.64488
7916,4421,-115.31747,36.180336
7917,1778,-112.0737,33.44718
7918,837,-111.91851,33.41533
7919,837,-115.17582,36.11773
7920,837,-111.94037,33.425762
7921,1779,-112.27619,33.71298
7922,837,-112.01464,33.510056
7923,1780,-111.92637,33.62349
7924,837,-112.07308,33.56747
7925,837,-112.02849,33.510426
7926,1781,-112.03788,33.509254
7927,837,-112.11107,33.71102
7928,837,-111.98975,33.500237
7929,1782,-111.791626,33.235634
7930,837,-111.92612,33.532578
7931,837,-111.860214,33.274822
7932,837,-112.116264,33.576405
7933,837,-112.07048,33.459
7934,1783,-112.042175,33.509632
7935,837,-112.306465,33.456245
7936,1784,-112.0275,33.510235
7937,6644,-111.91002,33.481018
7938,837,-111.84031,33.33712
7939,1785,-112.18157,33.539257
7940,1786,-112.04784,33.5224
7941,1787,-111.92632,33.494377
7942,837,-111.91341,33.408203
7943,1788,-112.0741,33.506855
7944,837,-112.22944,33.637707
7945,837,-111.92641,33.655567
7946,837,-111.77586,33.336002
7947,4421,-115.17033,36.12362
7948,837,-111.94167,33.463852
7949,1789,-111.907,33.495
7950,837,-111.96483,33.349598
7951,837,-111.97203,33.37641
7952,6644,-112.39382,33.45773
7953,837,-112.011894,33.495636
7954,837,-112.04693,33.523125
7955,837,-112.14358,33.483364
7956,837,-112.04797,33.490387
7957,837,-112.04797,33.490387
7958,837,-112.07802,33.46546
7959,1790,-111.86972,33.5409
7960,1791,-112.04714,33.52344
7961,837,-112.065636,33.44916
7962,837,-111.977875,33.319378
7963,837,-111.806885,33.384636
7964,6644,-112.07127,33.508995
7965,837,-112.07341,33.485844
7966,837,-112.00509,33.49545
7967,6644,-115.163124,36.133614
7968,837,-111.97295,33.281567
7969,2499,-115.17103,36.099377
7970,837,-111.92637,33.500492
7971,837,-112.0739,33.500202
7972,1792,-111.78991,33.355118
7973,1793,-111.898415,33.297104
7974,837,-112.16848,33.611618
7975,837,-112.028625,33.510582
7976,837,-112.36344,33.638203
7977,1794,-111.93961,33.42608
7978,837,-111.92582,33.497734
7979,837,-112.01427,33.530174
7980,837,-111.92942,33.50284
7981,837,-111.78861,33.43749
7982,1795,-111.9261,33.611904
7983,1796,-112.065506,33.46645
7984,837,-112.06918,33.452717
7985,837,-111.908585,33.39378
7986,2499,-111.90614,33.671265
7987,837,-111.86466,33.62588
7988,837,-111.994576,33.304462
7989,1797,-112.06349,33.60628
7990,837,-111.891785,33.623486
7991,837,-112.0739,33.500202
7992,1798,-111.90506,33.672047
7993,837,-112.06555,33.52842
7994,837,-112.06469,33.52939
7995,1799,-111.84258,33.299873
7996,3939,-112.34188,33.463543
7997,837,-111.92917,33.36505
7998,837,-111.789276,33.355034
7999,837,-112.04798,33.53184
8000,837,-111.82394,33.348804
8001,1800,-112.0567,33.566566
8002,837,-111.69572,33.393536
8003,2499,-115.13639,36.175
8004,837,-111.90941,33.454285
8005,837,-112.08313,33.498795
8006,1801,-112.114716,33.684277
8007,837,-111.9272,33.60663
8008,837,-115.176315,36.109913
8009,1802,-112.0486,33.523712
8010,1803,-111.92505,33.625137
8011,837,-111.97926,33.49592
8012,837,-111.9864,33.5107
8013,837,-112.031105,33.46602
8014,837,-112.06543,33.469967
8015,837,-112.03124,33.629887
8016,837,-112.06342,33.607544
8017,837,-111.9864,33.5107
8018,837,-112.06962,33.452393
8019,837,-112.08225,33.516342
8020,837,-112.09069,33.480274
8021,1804,-112.06456,33.522358
8022,837,-111.549576,33.415047
8023,1805,-111.95213,33.399364
8024,1806,-111.89143,33.626175
8025,837,-111.906944,33.49487
8026,837,-112.08711,33.45496
8027,4421,-115.101585,35.99378
8028,837,-111.619804,33.37894
8029,837,-111.93744,33.423515
8030,1807,-112.04793,33.523987
8031,837,-112.05607,33.472855
8032,837,-111.93947,33.394127
8033,1808,-112.04739,33.4692
8034,1809,-111.97831,33.598694
8035,837,-112.06411,33.656075
8036,837,-112.04794,33.525883
8037,837,-111.68231,33.45102
8038,1810,-111.99634,33.50211
8039,837,-112.07127,33.508995
8040,1811,-111.89253,33.69909
8041,837,-112.07391,33.506207
8042,837,-111.932106,33.50277
8043,837,-111.982635,33.33124
8044,1812,-111.94797,33.42063
8045,1813,-111.98934,33.494595
8046,1814,-111.988075,33.51
8047,837,-112.089836,33.457226
8048,1815,-112.01307,33.610554
8049,837,-112.07341,33.5137
8050,1816,-112.03966,33.506275
8051,1817,-112.03966,33.506275
8052,837,-111.92767,33.38362
8053,1818,-112.13093,33.79911
8054,1819,-111.92239,33.501007
8055,837,-112.04788,33.525127
8056,3204,-111.95375,33.407803
8057,837,-112.00454,33.495674
8058,1820,-112.07232,33.457657
8059,1821,-112.02951,33.39999
8060,837,-111.96649,33.30547
8061,837,-112.04794,33.525883
8062,837,-111.94051,33.424126
8063,837,-111.88703,33.58109
8064,837,-111.66878,33.415794
8065,837,-111.979324,33.407692
8066,837,-112.06502,33.653706
8067,837,-112.02814,33.510223
8068,837,-111.924065,33.57978
8069,837,-111.96649,33.30547
8070,6644,-112.07354,33.56745
8071,837,-112.07377,33.45838
8072,837,-111.96903,33.318436
8073,837,-111.92645,33.49031
8074,837,-111.98617,33.510483
8075,837,-112.35528,33.638565
8076,837,-111.995705,33.63991
8077,2499,-115.17127,36.11288
8078,1822,-112.24049,33.423298
8079,1823,-112.04673,33.523743
8080,1824,-115.17704,36.10762
8081,1825,-112.075264,33.45975
8082,1826,-112.09136,33.477753
8083,837,-111.98934,33.494595
8084,2103,-112.04088,33.509563
8085,837,-112.05627,33.472767
8086,837,-111.92644,33.50619
8087,837,-111.98229,33.599663
8088,1827,-112.084465,33.49529
8089,837,-111.935265,33.833332
8090,837,-111.931946,33.65794
8091,837,-111.99403,33.47977
8092,1828,-111.92796,33.49821
8093,837,-111.930984,33.79885
8094,837,-112.13394,33.86539
8095,837,-112.01427,33.530174
8096,837,-111.92753,33.49919
8097,837,-111.906,33.542786
8098,1829,-111.74266,33.3004
8099,837,-111.96647,33.348915
8100,1830,-111.92665,33.609993
8101,837,-111.95935,33.521988
8102,837,-112.05706,33.53799
8103,837,-112.00052,33.495766
8104,837,-115.17849,36.10924
8105,6644,-115.152214,36.238003
8106,1831,-111.97851,33.60259
8107,1832,-112.06481,33.5617
8108,837,-111.79151,33.365788
8109,837,-111.92625,33.617584
8110,837,-111.97864,33.798347
8111,837,-111.89915,33.556744
8112,837,-111.91741,33.631557
8113,1833,-112.036606,33.509274
8114,1834,-112.01482,33.49574
8115,837,-111.940285,33.42472
8116,837,-111.92328,33.676228
8117,1835,-111.93145,33.494205
8118,837,-112.078766,33.50958
8119,837,-111.92708,33.508694
8120,2499,-111.99224,33.30574
8121,837,-111.924065,33.5797
8122,837,-112.073685,33.396343
8123,1834,-112.00084,33.495724
8124,1836,-111.96461,33.34455
8125,837,-111.78973,33.354954
8126,837,-112.07551,33.449596
8127,1837,-111.92828,33.36344
8128,837,-111.97804,33.331573
8129,837,-112.02849,33.510426
8130,1838,-111.8693,33.435463
8131,2499,-115.102715,35.99111
8132,837,-111.966606,33.67681
8133,1839,-112.06498,33.524887
8134,837,-112.01417,33.511307
8135,1840,-112.0365,33.602707
8136,837,-111.99634,33.50211
8137,837,-115.17462,36.142902
8138,837,-111.97846,33.598522
8139,1841,-112.0739,33.500202
8140,837,-111.9326,33.658665
8141,837,-111.926025,33.623665
8142,1842,-111.88925,33.673668
8143,837,-111.924644,33.497574
8144,1843,-112.0178,33.64111
8145,837,-111.88527,33.540367
8146,6644,-115.17382,36.107162
8147,837,-111.928024,33.624035
8148,837,-112.01495,33.494007
8149,837,-111.976906,33.612934
8150,1844,-112.06877,33.485413
8151,1845,-111.92351,33.62336
8152,837,-112.047104,33.530334
8153,1846,-111.72101,33.43516
8154,837,-111.91341,33.408203
8155,837,-111.92589,33.586834
8156,837,-111.933624,33.655533
8157,1847,-112.16867,33.545204
8158,1848,-111.56101,33.41655
8159,837,-112.120705,33.667572
8160,1849,-111.97775,33.49413
8161,1850,-111.98137,33.60277
8162,837,-111.97678,33.584267
8163,1851,-111.68428,33.265472
8164,1852,-112.0648,33.47468
8165,1853,-112.047104,33.530334
8166,837,-111.88407,33.261177
8167,837,-111.92204,33.50143
8168,837,-111.958885,33.34871
8169,837,-111.938385,33.39157
8170,1854,-112.00525,33.4954
8171,837,-111.9245,33.624264
8172,837,-111.871216,33.433098
8173,837,-111.978836,33.67586
8174,1855,-112.06498,33.524887
8175,1856,-112.04013,33.507454
8176,1857,-112.083115,33.49457
8177,837,-112.03788,33.509254
8178,6644,-111.77975,33.37889
8179,1858,-112.04013,33.507454
8180,837,-111.90788,33.522945
8181,837,-112.08214,33.50671
8182,837,-112.35224,33.638893
8183,837,-112.030495,33.49422
8184,837,-111.944756,33.421448
8185,837,-111.88573,33.56917
8186,837,-112.07037,33.639114
8187,837,-111.97029,33.326355
8188,1859,-112.09457,33.636158
8189,1860,-115.176346,36.117317
8190,837,-112.36888,33.652386
8191,837,-111.790115,33.356728
8192,837,-111.92241,33.49182
8193,837,-112.06518,33.57531
8194,837,-112.049126,33.4368
8195,837,-115.253624,36.14308
8196,837,-112.26204,33.53305
8197,1861,-111.91804,33.69925
8198,837,-111.9864,33.5107
8199,6644,-115.17219,36.110775
8200,2499,-115.17767,36.10741
8201,837,-111.860565,33.364925
8202,1862,-115.17113,36.12856
8203,1863,-111.996765,33.495117
8204,837,-111.99634,33.50211
8205,2499,-111.7091,33.587894
8206,837,-111.74331,33.31029
8207,837,-111.91622,33.49664
8208,4421,-115.15979,36.11516
8209,837,-111.92742,33.499
8210,3385,-112.02636,33.51076
8211,837,-111.89828,33.52388
8212,2499,-112.233604,33.631218
8213,837,-112.11058,33.71298
8214,837,-111.96592,33.318157
8215,837,-111.85407,33.39349
8216,1864,-112.06483,33.457333
8217,1865,-111.92791,33.624466
8218,1866,-111.924805,33.52681
8219,837,-112.131004,33.624878
8220,837,-112.27343,33.71064
8221,837,-111.72084,33.306175
8222,1867,-111.979164,33.597935
8223,837,-112.04816,33.640297
8224,837,-112.09964,33.48989
8225,837,-111.92462,33.64052
8226,1868,-112.01548,33.53051
8227,837,-112.07444,33.447647
8228,837,-111.74627,33.298714
8229,837,-111.94822,33.83219
8230,1869,-111.997826,33.47987
8231,2499,-3.195602,55.9491
8232,837,-111.925285,33.701267
8233,837,-111.97562,33.675262
8234,837,-111.9254,33.497795
8235,837,-111.88846,33.70003
8236,2499,-111.91015,33.36143
8237,2499,-111.85296,33.731174
8238,6644,-111.715385,33.60149
8239,2499,-112.00699,33.435463
8240,837,-112.02943,33.508713
8241,837,-111.92489,33.62826
8242,1870,-111.94082,33.423077
8243,1871,-112.06779,33.458355
8244,1872,-112.013695,33.511284
8245,6644,-112.02943,33.508713
8246,837,-111.842514,33.300156
8247,837,-111.67527,33.212574
8248,837,-112.35904,33.639153
8249,1873,-111.97461,33.678616
8250,1874,-111.88925,33.673668
8251,1875,-112.07409,33.512627
8252,2499,-115.14844,36.16738
8253,6644,-80.81543,35.062252
8254,837,-112.03701,33.50547
8255,4421,-111.85832,33.32686
8256,1876,-111.916115,33.54898
8257,1877,-114.9926,36.01306
8258,837,-111.98909,33.42159
8259,837,-111.840355,33.418373
8260,837,-111.9352,33.425014
8261,6644,-111.926636,33.498974
8262,4421,-115.22406,36.12772
8263,837,-112.30499,33.454575
8264,837,-112.079285,33.455036
8265,837,-111.93152,33.493298
8266,837,-111.88703,33.58109
8267,837,-112.082466,33.627567
8268,837,-111.87393,33.622734
8269,1878,-111.921684,33.582222
8270,1879,-111.95392,33.40789
8271,837,-111.92644,33.44929
8272,837,-111.927246,33.499924
8273,837,-111.940285,33.4239
8274,837,-112.21936,33.63871
8275,837,-112.09287,33.640545
8276,1880,-112.07423,33.507328
8277,837,-111.93051,33.49245
8278,837,-112.07371,33.456326
8279,1881,-111.97688,33.5839
8280,837,-112.025795,33.5093
8281,837,-112.135994,33.56674
8282,1882,-112.0009,33.40011
8283,837,-112.02849,33.510426
8284,837,-111.91124,33.362206
8285,837,-112.02849,33.510426
8286,1883,-115.16559,36.12689
8287,6766,-115.17259,36.099777
8288,1884,-112.0249,33.510975
8289,837,-112.06481,33.5617
8290,1885,-111.94081,33.42263
8291,837,-112.03063,33.48189
8292,1886,-111.986916,33.449505
8293,837,-111.8575,33.26346
8294,837,-111.92446,33.67366
8295,1887,-111.86494,33.342197
8296,837,-111.9864,33.5107
8297,2499,-111.92796,33.49821
8298,837,-111.98451,33.509106
8299,837,-112.183464,33.61198
8300,837,-111.74394,33.29779
8301,837,-112.170494,33.567516
8302,1888,-112.06567,33.487747
8303,1889,-112.08282,33.500736
8304,837,-115.17022,36.11236
8305,1890,-112.07086,33.457047
8306,837,-112.28586,33.49289
8307,837,-111.93037,33.32117
8308,837,-111.90871,33.421734
8309,1891,-111.84085,33.28455
8310,837,-111.929794,33.49288
8311,1892,-112.04725,33.50166
8312,1893,-111.716896,33.43614
8313,1894,-112.00319,33.317657
8314,837,-115.173874,36.109753
8315,2499,-73.56545,45.491974
8316,837,-112.000694,33.480747
8317,1895,-115.12063,36.10776
8318,837,-112.11629,33.683403
8319,837,-111.82584,33.41346
8320,837,-111.78984,33.3546
8321,1896,-111.92355,33.623634
8322,837,-112.06599,33.4651
8323,837,-111.74313,33.301888
8324,1897,-111.8974,33.429398
8325,1898,-111.92644,33.529903
8326,1899,-111.94761,33.349697
8327,2499,-112.029655,33.51001
8328,1900,-111.99565,33.502758
8329,4421,-112.23968,33.609863
8330,2499,-112.04791,33.47893
8331,837,-111.97295,33.281567
8332,7411,-112.1346,33.37891
8333,1901,-112.02884,33.447506
8334,1902,-112.029655,33.51001
8335,6181,-111.925186,33.578655
8336,1903,-111.995995,33.50922
8337,837,-111.9759,33.495018
8338,1904,-111.92569,33.581585
8339,837,-111.899666,33.307087
8340,837,-112.029655,33.51001
8341,1905,-112.02123,33.496204
8342,1906,-111.918205,33.501457
8343,1907,-111.90506,33.672047
8344,1908,-111.87605,33.3627
8345,837,-112.04001,33.505775
8346,1909,-112.065506,33.46645
8347,2499,-112.01543,33.494705
8348,837,-111.79019,33.361027
8349,837,-111.90805,33.480667
8350,837,-111.94468,33.439945
8351,2495,-112.20425,33.582783
8352,2499,-111.92425,33.6249
8353,1910,-111.89124,33.318768
8354,837,-111.8902,33.319973
8355,837,-111.85969,33.336014
8356,2499,-111.96338,33.675327
8357,837,-111.9871,33.509827
8358,837,-112.08083,33.48021
8359,837,-112.04001,33.505775
8360,837,-111.92455,33.640553
8361,837,-111.9102,33.48628
8362,1911,-111.80894,33.335884
8363,837,-112.03778,33.50722
8364,837,-112.045715,33.51041
8365,837,-111.960266,33.480305
8366,837,-115.169395,36.103374
8367,837,-111.9871,33.509827
8368,837,-111.87594,33.337257
8369,837,-112.11067,33.640343
8370,1912,-112.06877,33.485413
8371,6644,-115.1714,36.117455
8372,1913,-111.757416,33.30427
8373,2499,-112.03778,33.50722
8374,837,-112.26056,33.534855
8375,837,-111.995445,33.509594
8376,837,-111.96792,33.336803
8377,1914,-112.01495,33.494007
8378,837,-111.78966,33.365856
8379,1915,-111.92638,33.49853
8380,837,-112.01495,33.494007
8381,1916,-112.0013,33.49514
8382,1917,-111.938385,33.39157
8383,837,-111.97988,33.49529
8384,837,-112.35838,33.641026
8385,837,-112.064354,33.50446
8386,837,-111.94189,33.62496
8387,1918,-111.89131,33.378555
8388,837,-112.26073,33.53095
8389,1919,-111.92875,33.623993
8390,837,-112.12038,33.598648
8391,837,-111.92783,33.58121
8392,837,-89.3961,43.07357
8393,837,-112.026474,33.510254
8394,2499,-111.93064,33.50079
8395,1920,-111.922646,33.82522
8396,1921,-112.073425,33.447334
8397,837,-112.0395,33.50987
8398,837,-111.91182,33.322376
8399,2499,-111.93256,33.625645
8400,4421,-115.24419,36.041836
8401,837,-111.89477,33.627304
8402,837,-111.842354,33.302765
8403,1922,-112.07401,33.44957
8404,837,-111.92351,33.581493
8405,1923,-111.93192,33.50187
8406,837,-112.00206,33.494934
8407,837,-112.01351,33.51094
8408,1924,-111.92582,33.497734
8409,837,-112.07228,33.45587
8410,837,-111.93897,33.392853
8411,837,-111.99634,33.50211
8412,837,-111.92485,33.496483
8413,1925,-111.84237,33.303696
8414,1926,-111.92432,33.499275
8415,1927,-112.08241,33.5027
8416,1928,-112.07275,33.447258
8417,6644,-115.33407,36.145813
8418,837,-111.89338,33.618755
8419,1929,-112.01464,33.510056
8420,1930,-111.88343,33.305298
8421,837,-115.17124,36.11788
8422,1931,-112.02849,33.510426
8423,2499,-112.02849,33.510426
8424,837,-111.92584,33.49162
8425,837,-111.90865,33.42681
8426,837,-111.9075,33.421463
8427,837,-111.94037,33.425762
8428,1932,-111.94684,33.30385
8429,837,-111.98909,33.42159
8430,1933,-111.929985,33.496662
8431,837,-111.91341,33.408203
8432,837,-112.08552,33.51139
8433,1934,-111.78883,33.30419
8434,1935,-112.0918,33.45911
8435,837,-112.045815,33.5088
8436,1936,-111.936485,33.422974
8437,837,-112.030495,33.49422
8438,837,-112.03885,33.506256
8439,837,-111.87708,33.33638
8440,837,-111.926605,33.476547
8441,2499,-115.22587,36.055244
8442,1937,-111.968025,33.318443
8443,3413,-112.21829,33.47805
8444,837,-111.860565,33.364925
8445,837,-111.72263,33.451603
8446,2499,-111.93004,33.492516
8447,837,-115.17435,36.113964
8448,837,-112.029564,33.516068
8449,837,-111.68226,33.46673
8450,837,-111.9613,33.32062
8451,837,-111.92612,33.532578
8452,837,-111.997826,33.47987
8453,837,-111.951614,33.421337
8454,837,-111.83422,33.585438
8455,1938,-112.16933,33.379456
8456,1939,-112.01455,33.58315
8457,1940,-111.909386,33.485096
8458,837,-111.92542,33.567024
8459,837,-112.07991,33.45496
8460,837,-112.01307,33.610554
8461,2499,-111.92476,33.492767
8462,837,-112.074196,33.51354
8463,837,-111.95149,33.42273
8464,837,-111.92482,33.7001
8465,837,-112.01661,33.4798
8466,1941,-112.07377,33.45838
8467,837,-111.72392,33.32106
8468,837,-112.01186,33.46604
8469,837,-112.11289,33.70847
8470,837,-111.98255,33.4802
8471,837,-111.95176,33.422905
8472,837,-112.065506,33.46645
8473,837,-111.90506,33.672047
8474,837,-111.90558,33.432926
8475,837,-111.92483,33.539448
8476,1942,-111.88704,33.58017
8477,1943,-111.9235,33.625095
8478,1944,-111.9235,33.625095
8479,837,-111.924934,33.6239
8480,837,-112.01351,33.51094
8481,837,-111.9276,33.498474
8482,837,-112.03102,33.494965
8483,837,-111.98975,33.500237
8484,837,-111.88905,33.628826
8485,837,-112.065636,33.44916
8486,837,-111.90851,33.486828
8487,837,-111.92451,33.567146
8488,837,-112.03752,33.507538
8489,837,-112.18334,33.539104
8490,837,-111.92922,33.497566
8491,837,-115.16919,36.105984
8492,1945,-111.9871,33.509827
8493,837,-111.943306,33.42127
8494,2499,-112.27215,33.42205
8495,837,-112.261604,33.534298
8496,837,-111.743675,33.306835
8497,1946,-111.892075,33.622658
8498,837,-112.07127,33.508995
8499,837,-112.15278,33.655704
8500,837,-112.11214,33.66497
8501,837,-111.96063,33.64
8502,837,-112.04876,33.465958
8503,1947,-115.17156,36.11732
8504,2499,-111.92411,33.49808
8505,837,-111.91341,33.408203
8506,837,-111.95513,33.349583
8507,837,-112.02831,33.49545
8508,837,-112.02831,33.49545
8509,2499,-115.17476,36.10803
8510,6644,-115.072075,36.07385
8511,1948,-112.235,33.634686
8512,5211,-115.17516,36.109875
8513,1949,-111.789635,33.279415
8514,1950,-115.30121,36.115658
8515,1951,-111.98333,33.34819
8516,837,-115.16588,36.126873
8517,837,-111.97865,33.30709
8518,837,-111.90979,33.48124
8519,837,-111.92638,33.49853
8520,837,-111.97775,33.49413
8521,2499,-115.17279,36.11766
8522,837,-112.18379,33.638405
8523,837,-111.92358,33.491535
8524,1952,-112.35823,33.46208
8525,837,-111.982025,33.34806
8526,837,-112.15378,33.568226
8527,1953,-111.752884,33.37769
8528,4421,-115.20899,36.09942
8529,1954,-112.06343,33.44752
8530,837,-112.03218,33.377945
8531,1955,-112.39205,33.60807
8532,1956,-111.85966,33.337532
8533,2499,-111.92857,33.498913
8534,1957,-115.12225,36.161324
8535,837,-111.84193,33.31209
8536,837,-111.91728,33.465336
8537,1958,-112.073395,33.477222
8538,1959,-112.02123,33.496204
8539,837,-111.789856,33.356342
8540,837,-79.98993,40.439228
8541,2499,-112.02666,33.523045
8542,930,-112.02666,33.523045
8543,1960,-112.07217,33.455864
8544,837,-112.01244,33.50913
8545,2499,-111.998886,33.435684
8546,837,-111.8322,33.414814
8547,1961,-112.01311,33.58343
8548,837,-111.988716,33.509197
8549,837,-111.78376,33.334938
8550,837,-112.08318,33.495403
8551,1962,-112.18358,33.611847
8552,1963,-112.0037,33.49516
8553,837,-112.01535,33.51002
8554,837,-111.930336,33.624638
8555,837,-111.88672,33.57047
8556,1964,-111.89255,33.69917
8557,1965,-111.92535,33.633804
8558,2499,-112.02897,33.50945
8559,837,-111.742744,33.29706
8560,837,-111.92255,33.63534
8561,837,-112.16552,33.53812
8562,4,-112.35561,33.495285
8563,837,-111.92505,33.625366
8564,837,-111.920616,33.565098
8565,837,-111.87605,33.3627
8566,2499,-115.17249,36.105267
8567,1966,-111.809586,33.31991
8568,837,-111.9936,33.26905
8569,1967,-112.135056,33.612087
8570,1968,-111.929985,33.496662
8571,2499,-111.925575,33.564854
8572,837,-112.022194,33.48049
8573,837,-112.06453,33.537617
8574,837,-112.04398,33.06986
8575,1969,-111.97928,33.49588
8576,837,-112.388405,33.46402
8577,837,-112.06488,33.47426
8578,837,-111.95392,33.40789
8579,837,-111.91266,33.362053
8580,837,-111.99411,33.479755
8581,837,-111.858025,33.264072
8582,837,-111.922966,33.501312
8583,837,-112.04816,33.640297
8584,837,-112.03202,33.479977
8585,2499,-111.93192,33.50187
8586,1970,-112.12234,33.63971
8587,837,-111.94353,33.62466
8588,1971,-111.926735,33.58314
8589,837,-111.98212,33.331654
8590,837,-112.27078,33.552307
8591,1972,-111.932106,33.50277
8592,837,-111.84248,33.246338
8593,837,-111.879074,33.579002
8594,1973,-112.34079,33.468014
8595,837,-112.06535,33.519577
8596,1974,-112.01917,33.48013
8597,837,-111.68714,33.385166
8598,837,-112.0486,33.523712
8599,837,-112.12435,33.666695
8600,2499,-111.89827,33.29958
8601,1975,-111.928825,33.82903
8602,837,-112.33821,33.461754
8603,1976,-112.07427,33.447517
8604,1977,-112.34503,33.463116
8605,1978,-112.04746,33.465965
8606,837,-111.92574,33.50658
8607,1979,-111.99968,33.43605
8608,1980,-112.15217,33.479485
8609,1981,-112.26036,33.538532
8610,1982,-112.13264,33.53884
8611,837,-112.0143,33.496037
8612,837,-111.99565,33.502758
8613,837,-112.02991,33.50943
8614,2499,-115.167755,36.123943
8615,2499,-115.17462,36.142902
8616,837,-112.38777,33.465282
8617,4421,-115.33513,36.15711
8618,2499,-115.16587,36.126877
8619,4421,-115.153145,36.114834
8620,2499,-115.132935,36.16576
8621,837,-111.92578,33.48153
8622,837,-115.181755,36.111107
8623,1983,-112.06518,33.57531
8624,837,-112.117386,33.641613
8625,1984,-112.170334,33.46561
8626,837,-111.91234,33.634113
8627,837,-112.13459,33.595837
8628,837,-112.01482,33.49574
8629,837,-111.93395,33.49345
8630,837,-111.876915,33.28959
8631,3608,-111.982864,33.637707
8632,837,-111.71336,33.594963
8633,837,-112.22532,33.642204
8634,837,-112.120705,33.667572
8635,1985,-111.97295,33.281567
8636,2499,-80.018005,40.445797
8637,837,-111.926025,33.623665
8638,837,-111.976166,33.4794
8639,837,-112.04079,33.50887
8640,1986,-111.9923,33.480152
8641,837,-112.12574,33.57353
8642,837,-112.05881,33.509678
8643,837,-111.98907,33.59956
8644,1987,-112.016975,33.494736
8645,1988,-111.87926,33.63937
8646,837,-111.91755,33.499786
8647,837,-111.99398,33.479767
8648,1989,-112.016975,33.494736
8649,837,-111.72131,33.366463
8650,1990,-111.97616,33.347683
8651,837,-111.80509,33.384415
8652,2499,-112.03049,33.48954
8653,1991,-115.16587,36.126877
8654,837,-111.74272,33.31082
8655,837,-112.0755,33.495937
8656,837,-112.39314,33.62682
8657,1992,-111.92796,33.49821
8658,837,-112.02418,33.510033
8659,837,-111.687454,33.233463
8660,837,-111.98389,33.348362
8661,837,-111.55314,33.41549
8662,2499,-111.923355,33.50174
8663,837,-112.03884,33.506516
8664,837,-111.906,33.542786
8665,1993,-111.49204,33.456993
8666,1994,-111.7183,33.262623
8667,1995,-111.875755,33.62114
8668,2499,-115.14259,36.142487
8669,1996,-111.72131,33.366463
8670,837,-112.183464,33.61198
8671,1997,-112.13434,33.54151
8672,837,-111.940254,33.425964
8673,1998,-111.77975,33.37889
8674,837,-112.073494,33.491695
8675,1999,-111.97652,33.31724
8676,837,-111.92796,33.490696
8677,2000,-111.89814,33.62055
8678,2001,-112.51287,33.49592
8679,837,-111.99492,33.50903
8680,2002,-112.02418,33.510033
8681,837,-111.9224,33.500626
8682,2003,-111.92606,33.48357
8683,2004,-112.03776,33.507843
8684,2005,-111.75456,33.38172
8685,2006,-112.25507,33.696304
8686,837,-112.07409,33.4975
8687,2007,-111.92589,33.527847
8688,837,-112.00052,33.495766
8689,837,-111.96083,33.487625
8690,837,-111.988075,33.51
8691,837,-111.988716,33.509197
8692,2008,-111.995995,33.50922
8693,837,-112.07377,33.45838
8694,837,-111.94037,33.424194
8695,837,-111.95843,33.31998
8696,837,-112.2205,33.519882
8697,837,-112.01417,33.511307
8698,837,-112.07339,33.513504
8699,837,-112.02418,33.510033
8700,2009,-111.91744,33.69869
8701,2010,-111.78983,33.354767
8702,2011,-111.921684,33.582222
8703,2012,-111.97846,33.598522
8704,2013,-111.95943,33.522007
8705,837,-112.02418,33.510033
8706,837,-111.94032,33.60718
8707,4421,-115.25156,36.14358
8708,837,-111.858604,33.365883
8709,2014,-112.06483,33.457333
8710,2015,-111.97862,33.58383
8711,2016,-111.940414,33.425163
8712,837,-115.1546,36.11997
8713,837,-111.927246,33.499924
8714,837,-111.92318,33.500515
8715,837,-111.940285,33.42472
8716,2017,-111.90713,33.335182
8717,2018,-112.06384,33.517437
8718,2499,-115.17019,36.123886
8719,837,-111.8781,33.62645
8720,837,-112.13908,33.86405
8721,837,-111.928024,33.624035
8722,2019,-112.11067,33.640343
8723,837,-112.36344,33.638203
8724,837,-111.89905,33.556004
8725,837,-111.83895,33.415527
8726,6644,-112.01528,33.510025
8727,2020,-111.978096,33.602394
8728,837,-111.92222,33.482235
8729,837,-111.82936,33.584393
8730,837,-111.78973,33.354954
8731,837,-112.07248,33.448296
8732,2021,-112.02814,33.510223
8733,837,-111.91648,33.64488
8734,2022,-111.93121,33.376648
8735,837,-111.99594,33.509003
8736,837,-111.87385,33.619835
8737,837,-111.93744,33.423515
8738,837,-111.99929,33.43442
8739,837,-112.047104,33.530334
8740,2023,-111.932915,33.830177
8741,2024,-111.99634,33.50211
8742,2499,-115.16401,36.12572
8743,4421,-115.22447,36.047886
8744,837,-112.261375,33.539352
8745,837,-111.86598,33.42286
8746,837,-111.99626,33.510254
8747,837,-111.92542,33.567024
8748,2025,-111.93631,33.422318
8749,837,-112.030495,33.49422
8750,837,-112.05607,33.472855
8751,837,-115.19061,36.042183
8752,837,-111.9245,33.624264
8753,837,-112.07052,33.436832
8754,2026,-111.99565,33.502758
8755,2027,-112.11884,33.48044
8756,837,-111.86321,33.638275
8757,837,-111.91492,33.421413
8758,2028,-111.84164,33.322437
8759,837,-112.011894,33.495636
8760,837,-112.07341,33.5137
8761,2029,-111.92227,33.584015
8762,2030,-112.03514,33.495037
8763,837,-111.96778,33.305794
8764,837,-112.082306,33.465755
8765,837,-111.92595,33.422276
8766,2031,-112.006714,33.435715
8767,2032,-112.08074,33.48002
8768,2033,-112.08282,33.500736
8769,837,-112.00331,33.4787
8770,837,-111.941376,33.423275
8771,837,-112.184875,33.671173
8772,2034,-112.01307,33.610554
8773,837,-111.84031,33.33712
8774,837,-111.92482,33.7001
8775,2499,-111.999664,33.480427
8776,2035,-111.943954,33.42853
8777,2036,-112.07379,33.435524
8778,837,-111.92303,33.63381
8779,2499,-73.5747,45.525303
8780,837,-115.173874,36.109753
8781,837,-112.06723,33.457756
8782,6220,-111.73558,33.43846
8783,837,-111.91345,33.414272
8784,837,-111.88772,33.53841
8785,2037,-112.040085,33.46555
8786,837,-111.789856,33.356342
8787,837,-111.90635,33.49512
8788,837,-112.12034,33.58081
8789,4421,-112.04739,33.4692
8790,2038,-111.93239,33.658146
8791,2039,-112.01974,33.495964
8792,837,-111.85294,33.414787
8793,2040,-111.84111,33.363014
8794,837,-111.97926,33.49592
8795,2041,-111.87605,33.3627
8796,837,-112.26073,33.53095
8797,837,-112.22394,33.637062
8798,837,-111.90991,33.407425
8799,837,-112.17049,33.611523
8800,837,-111.98151,33.638596
8801,2042,-111.997826,33.47987
8802,837,-112.13423,33.389427
8803,2043,-112.06625,33.607708
8804,2044,-111.80885,33.378555
8805,837,-111.789665,33.305748
8806,837,-111.92627,33.637753
8807,837,-111.98909,33.42159
8808,837,-111.75335,33.380646
8809,2045,-111.98137,33.60277
8810,837,-111.92638,33.49853
8811,837,-111.924614,33.63925
8812,2046,-111.631516,33.434883
8813,2047,-111.92625,33.617584
8814,837,-111.85977,33.274754
8815,837,-112.02995,33.488026
8816,2048,-111.72688,33.414944
8817,2499,-3.194447,55.94859
8818,837,-111.963425,33.67557
8819,837,-115.30605,36.113136
8820,2049,-111.8322,33.414814
8821,837,-112.3619,33.63822
8822,837,-112.72856,33.969627
8823,2050,-89.390335,43.074764
8824,837,-111.98407,33.479664
8825,2051,-111.92351,33.62336
8826,837,-112.18295,33.538418
8827,934,-111.96778,33.305794
8828,837,-112.07228,33.45587
8829,2052,-111.99656,33.509785
8830,837,-111.753044,33.392246
8831,2053,-111.754326,33.29045
8832,2499,-111.92405,33.581863
8833,837,-112.073425,33.447334
8834,837,-111.97952,33.6384
8835,2499,-111.995514,33.50243
8836,837,-112.0747,33.449833
8837,837,-111.92592,33.45929
8838,837,-111.98621,33.479797
8839,2049,-111.95936,33.421658
8840,2054,-112.0037,33.49516
8841,837,-112.00525,33.4954
8842,837,-111.98621,33.479797
8843,837,-112.11045,33.689518
8844,2056,-111.9652,33.676052
8845,837,-111.98427,33.480495
8846,2057,-111.93966,33.42373
8847,2058,-112.11045,33.689518
8848,837,-112.0395,33.50987
8849,837,-111.89182,33.62813
8850,837,-112.082825,33.517372
8851,837,-111.92975,33.494247
8852,2059,-115.173706,36.107292
8853,837,-111.94025,33.423023
8854,964,-112.06456,33.522358
8855,2060,-112.36449,33.486088
8856,2061,-112.026474,33.510254
8857,2062,-112.07358,33.448326
8858,837,-112.01069,33.63978
8859,2499,-112.006714,33.435715
8860,837,-111.92826,33.498917
8861,837,-112.11395,33.713455
8862,837,-111.97831,33.598694
8863,2063,-111.92425,33.6249
8864,837,-112.35826,33.638195
8865,2499,-115.175804,36.09531
8866,2499,-73.577415,45.497875
8867,837,-112.03397,33.508984
8868,2064,-80.00645,40.441727
8869,2499,-73.57089,45.513195
8870,2499,-115.174355,36.092293
8871,837,-111.969604,33.318913
8872,2065,-111.88762,33.630013
8873,837,-111.92741,33.496716
8874,837,-111.92803,33.502003
8875,837,-111.987885,33.455326
8876,837,-111.860565,33.364925
8877,837,-112.00361,33.494633
8878,837,-111.948906,33.507557
8879,837,-115.16961,36.121456
8880,837,-111.86473,33.613514
8881,837,-112.07391,33.506207
8882,837,-111.92463,33.526604
8883,4421,-115.167694,36.103054
8884,2066,-111.78376,33.334938
8885,2499,-115.17262,36.12956
8886,2499,-111.92612,33.532578
8887,2067,-111.92595,33.492382
8888,837,-111.91137,33.394413
8889,837,-111.96909,33.50469
8890,4421,-111.93095,33.492477
8891,837,-111.962616,33.3216
8892,2068,-111.99403,33.47977
8893,837,-111.88762,33.630013
8894,837,-111.7195,33.34711
8895,2069,-111.78983,33.354767
8896,837,-111.96113,33.3924
8897,2499,-111.9161,33.419567
8898,2499,-112.03892,33.43178
8899,837,-111.961914,33.33455
8900,2070,-111.944695,33.320206
8901,2071,-111.9855,33.47986
8902,837,-112.04675,33.523613
8903,2072,-111.99402,33.49537
8904,837,-111.9759,33.495018
8905,837,-112.078766,33.50958
8906,837,-111.92239,33.501007
8907,837,-111.94189,33.62496
8908,837,-111.989876,33.49498
8909,2073,-111.976166,33.4794
8910,2074,-111.976166,33.4794
8911,2499,-115.16876,36.12438
8912,2499,-115.17076,36.123367
8913,837,-111.99831,33.30397
8914,837,-111.893005,33.629578
8915,6644,-115.209656,36.127045
8916,2075,-89.37629,43.07975
8917,837,-111.924934,33.6239
8918,2499,-112.0275,33.510235
8919,837,-112.042145,33.50762
8920,837,-111.931244,33.49337
8921,837,-112.083694,33.469143
8922,837,-111.969246,33.504456
8923,837,-112.112274,33.71109
8924,6644,-111.90837,33.464348
8925,4421,-112.079285,33.455036
8926,837,-111.92933,33.583122
8927,837,-111.93485,33.42268
8928,837,-111.92691,33.463375
8929,837,-111.925186,33.578655
8930,4421,-115.17229,36.115147
8931,2499,-115.17306,36.091965
8932,837,-111.969246,33.504456
8933,837,-112.01183,33.509872
8934,6644,-115.17223,36.110733
8935,2499,-112.04794,33.450058
8936,2499,-115.16592,36.127518
8937,2499,-115.17141,36.11752
8938,837,-111.906044,33.43245
8939,837,-111.90998,33.347878
8940,837,-112.08234,33.516464
8941,837,-112.06483,33.457333
8942,837,-111.92053,33.489132
8943,837,-111.951614,33.421223
8944,2076,-111.924065,33.5797
8945,837,-112.011894,33.495636
8946,6644,-115.17253,36.1181
8947,837,-111.92715,33.421734
8948,837,-111.930214,33.49377
8949,6644,-115.17781,36.093067
8950,837,-111.91728,33.465298
8951,837,-111.98837,33.495483
8952,837,-111.90817,33.45781
8953,2499,-111.92796,33.49821
8954,837,-111.939285,33.39397
8955,2077,-111.926575,33.61727
8956,2499,-115.17751,36.117035
8957,2078,-115.11716,36.014626
8958,837,-115.16923,36.121773
8959,837,-112.0722,33.45892
8960,2079,-111.93256,33.625645
8961,837,-111.96468,33.321415
8962,3713,-112.01455,33.58315
8963,6644,-115.10161,35.987434
8964,2080,-111.9142,33.46483
8965,2499,-115.16879,36.122967
8966,837,-111.99559,33.511234
8967,837,-112.00206,33.494934
8968,837,-112.07397,33.513077
8969,6644,-111.787735,33.391663
8970,837,-111.88792,33.601974
8971,837,-111.88075,33.55738
8972,2081,-111.91909,33.500965
8973,837,-111.92992,33.6555
8974,2499,-89.39336,43.07273
8975,837,-112.06899,33.45917
8976,4421,-115.1068,36.071945
8977,837,-111.92655,33.506542
8978,837,-111.99575,33.50231
8979,837,-111.842026,33.302025
8980,837,-111.92632,33.494377
8981,837,-111.90979,33.48124
8982,837,-112.06779,33.458355
8983,837,-112.02907,33.508533
8984,2499,-111.92718,33.499454
8985,837,-111.97988,33.30578
8986,837,-111.926315,33.616474
8987,2082,-112.171936,33.638557
8988,837,-111.716896,33.43614
8989,2499,-115.17106,36.12008
8990,837,-111.9871,33.509827
8991,837,-111.86623,33.436886
8992,837,-111.96778,33.305794
8993,837,-112.00084,33.495724
8994,6644,-112.16724,33.638756
8995,837,-111.793655,33.4159
8996,2083,-111.944756,33.421448
8997,837,-112.35925,33.507866
8998,837,-111.97688,33.583424
8999,2499,-112.065636,33.44916
9000,837,-111.92625,33.617584
9001,1071,-111.74018,33.378
9002,837,-111.789856,33.356342
9003,837,-111.91341,33.408203
9004,2084,-111.960266,33.480305
9005,2085,-111.99865,33.495285
9006,2086,-112.07908,33.49112
9007,837,-111.84763,33.378475
9008,837,-111.92529,33.478733
9009,2087,-112.234535,33.635315
9010,837,-111.99583,33.44388
9011,2088,-111.91585,33.697605
9012,837,-112.07411,33.450554
9013,837,-111.92018,33.636566
9014,837,-112.04673,33.523743
9015,837,-111.929985,33.496662
9016,837,-112.19603,33.63862
9017,837,-111.92645,33.49157
9018,2089,-112.07397,33.513077
9019,837,-111.98934,33.494595
9020,2499,-112.07409,33.4975
9021,837,-111.98028,33.494682
9022,2499,-112.04739,33.4692
9023,837,-111.84203,33.2455
9024,837,-111.98617,33.510483
9025,837,-111.96242,33.335423
9026,837,-111.89905,33.556004
9027,2090,-112.03147,33.48778
9028,837,-111.684975,33.436657
9029,2091,-112.18295,33.538418
9030,837,-111.92944,33.319275
9031,2092,-111.92531,33.526226
9032,837,-111.927216,33.5314
9033,837,-111.92736,33.583176
9034,837,-111.97128,33.6758
9035,2093,-111.99575,33.50231
9036,2094,-111.95149,33.42273
9037,2095,-111.99575,33.50231
9038,837,-111.92753,33.49919
9039,837,-111.89049,33.67213
9040,2096,-115.17652,36.11301
9041,837,-112.11214,33.66497
9042,837,-111.91492,33.421413
9043,837,-111.988716,33.509197
9044,837,-111.92696,33.448082
9045,2097,-112.07991,33.45496
9046,2098,-112.117546,33.79725
9047,4421,-112.02636,33.51076
9048,2499,-111.92039,33.53925
9049,2099,-111.92632,33.494377
9050,2100,-111.983925,33.477665
9051,837,-111.8795,33.581333
9052,837,-112.06877,33.485413
9053,837,-111.9413,33.426643
9054,837,-112.06453,33.531372
9055,837,-111.89497,33.582962
9056,837,-111.99634,33.50211
9057,837,-111.9864,33.5107
9058,837,-111.89771,33.61893
9059,837,-112.72899,33.969063
9060,837,-111.92318,33.699768
9061,837,-115.33383,36.15735
9062,2499,-89.37679,43.083786
9063,2101,-115.19496,36.114685
9064,837,-111.91804,33.69925
9065,837,-111.92968,33.502594
9066,837,-112.078156,33.458477
9067,2102,-115.13609,36.01191
9068,837,-111.74331,33.31029
9069,837,-111.92293,33.492752
9070,837,-111.87536,33.27677
9071,2499,-111.925255,33.508804
9072,837,-111.716896,33.43614
9073,837,-111.920334,33.49871
9074,2103,-111.90577,33.414867
9075,837,-111.92835,33.500664
9076,837,-111.875755,33.62114
9077,2104,-112.01528,33.510025
9078,837,-111.87572,33.27626
9079,837,-111.92902,33.50251
9080,2105,-111.92542,33.567024
9081,837,-111.93998,33.399914
9082,837,-111.92857,33.498913
9083,837,-111.99634,33.50211
9084,837,-112.07285,33.449226
9085,837,-111.682594,33.466854
9086,837,-111.875145,33.39427
9087,837,-111.92555,33.492203
9088,837,-111.83974,33.4261
9089,837,-111.90991,33.407425
9090,837,-112.22554,33.6416
9091,837,-111.9652,33.676052
9092,837,-112.027885,33.377113
9093,2106,-111.911224,33.629837
9094,837,-111.88075,33.55738
9095,2107,-111.92612,33.532578
9096,837,-111.926506,33.496647
9097,837,-112.044914,33.510166
9098,837,-111.93942,33.424335
9099,837,-111.84085,33.28455
9100,837,-111.92476,33.492767
9101,837,-112.006714,33.435715
9102,2108,-112.08337,33.49963
9103,837,-111.85783,33.26396
9104,837,-111.92019,33.466217
9105,837,-111.910545,33.36135
9106,837,-111.978096,33.602394
9107,837,-111.979546,33.640232
9108,837,-112.11021,33.48096
9109,837,-111.91156,33.394314
9110,2109,-111.85843,33.337612
9111,837,-111.88664,33.652416
9112,2499,-112.0404,33.509445
9113,2110,-111.92589,33.586834
9114,2499,-111.91268,33.320995
9115,837,-111.793655,33.4159
9116,2111,-112.07341,33.5137
9117,837,-111.929985,33.496662
9118,837,-111.92239,33.501007
9119,837,-112.11054,33.64068
9120,837,-111.92628,33.528217
9121,837,-112.08227,33.4657
9122,2112,-112.07156,33.457054
9123,2113,-111.930214,33.49377
9124,2114,-112.07086,33.457047
9125,837,-111.74266,33.3004
9126,837,-111.79821,33.422718
9127,2499,-112.07421,33.489048
9128,2115,-111.860214,33.274822
9129,4421,-115.204056,36.12628
9130,837,-112.11092,33.71298
9131,837,-111.92582,33.497734
9132,2116,-112.03514,33.495037
9133,2499,-111.99634,33.50211
9134,837,-112.073875,33.446995
9135,837,-111.89351,33.627815
9136,2117,-111.841156,33.31183
9137,837,-112.07127,33.508995
9138,837,-112.04794,33.525883
9139,837,-111.92657,33.499386
9140,837,-112.0013,33.49514
9141,1534,-112.11762,33.524418
9142,837,-112.074196,33.51354
9143,837,-111.97926,33.49592
9144,837,-111.752716,33.29151
9145,837,-112.21724,33.638668
9146,837,-111.928635,33.495102
9147,2118,-111.91585,33.697605
9148,837,-112.04598,33.430363
9149,2119,-111.9766,33.585606
9150,4421,-115.13808,36.167904
9151,2499,-112.00319,33.317657
9152,837,-112.04708,33.52443
9153,837,-111.92595,33.422276
9154,837,-111.93744,33.423515
9155,837,-111.92448,33.62557
9156,837,-111.75499,33.351376
9157,2120,-115.20955,36.12644
9158,837,-112.135056,33.612087
9159,2121,-111.99634,33.50211
9160,2714,-111.92612,33.532578
9161,837,-112.114784,33.715424
9162,837,-111.995995,33.50922
9163,837,-111.92555,33.564976
9164,2499,-115.17089,36.11006
9165,837,-112.038826,33.506462
9166,837,-111.93321,33.652534
9167,837,-111.87624,33.554436
9168,2122,-111.99634,33.50211
9169,6644,-111.91693,33.42156
9170,2123,-111.9451,33.46208
9171,837,-111.988716,33.509197
9172,837,-111.99492,33.50903
9173,837,-111.84483,33.33605
9174,837,-111.931244,33.49337
9175,837,-111.97842,33.62365
9176,837,-112.07371,33.456326
9177,837,-111.93395,33.49345
9178,2124,-111.88728,33.306297
9179,837,-112.05881,33.509678
9180,2125,-111.962555,33.33564
9181,2126,-111.87743,33.393486
9182,2499,-111.89946,33.557293
9183,837,-111.92796,33.490696
9184,837,-111.98451,33.509106
9185,837,-112.04698,33.524635
9186,2127,-111.97865,33.30709
9187,837,-111.92644,33.529903
9188,2128,-111.99634,33.50211
9189,837,-112.01548,33.542732
9190,2129,-111.92667,33.48332
9191,2130,-112.38717,33.63924
9192,1149,-111.960266,33.480305
9193,837,-111.9692,33.31819
9194,2131,-89.38207,43.07572
9195,2132,-112.18295,33.538418
9196,837,-112.124596,33.666637
9197,837,-111.85499,33.62719
9198,2133,-112.013725,33.585438
9199,2134,-111.98135,33.597363
9200,2499,-112.04086,33.431583
9201,837,-111.97811,33.59784
9202,837,-112.03639,33.605927
9203,2135,-111.99634,33.50211
9204,6644,-111.89333,33.62839
9205,837,-112.26056,33.534855
9206,2136,-112.073395,33.477222
9207,4421,-115.29857,36.07719
9208,2137,-111.88762,33.630013
9209,837,-111.966606,33.67681
9210,837,-111.93192,33.50187
9211,837,-112.073875,33.446995
9212,837,-112.12234,33.63971
9213,837,-111.9796,33.331047
9214,837,-112.07405,33.44995
9215,2138,-112.13265,33.655247
9216,2139,-112.1503,33.523617
9217,2499,-111.99511,33.494488
9218,837,-115.17154,36.048992
9219,837,-112.07358,33.442486
9220,2499,-111.99634,33.50211
9221,837,-111.926735,33.657112
9222,837,-111.923874,33.613426
9223,837,-112.09668,33.67647
9224,837,-111.94996,33.451237
9225,837,-111.96633,33.32061
9226,837,-111.85499,33.62719
9227,2140,-111.98983,33.49462
9228,837,-111.89754,33.621906
9229,837,-111.99634,33.50211
9230,837,-111.93526,33.425156
9231,837,-112.04751,33.52433
9232,2499,-115.16146,36.14413
9233,2499,-79.956856,40.44166
9234,837,-111.988716,33.509197
9235,837,-111.92485,33.700066
9236,837,-111.99565,33.502758
9237,837,-111.980995,33.419838
9238,837,-112.090485,33.458668
9239,837,-80.944466,35.22019
9240,837,-112.33902,33.453484
9241,837,-111.92917,33.36505
9242,2141,-115.333176,36.15008
9243,2142,-111.929794,33.49288
9244,837,-111.94378,33.31869
9245,837,-112.16568,33.611366
9246,837,-111.925545,33.47541
9247,6644,-115.17322,36.109215
9248,837,-111.988716,33.509197
9249,837,-111.930336,33.497192
9250,2143,-111.908585,33.39378
9251,837,-80.86115,35.209026
9252,2144,-111.79096,33.340397
9253,2145,-111.6692,33.30979
9254,837,-111.68464,33.395008
9255,2146,-112.501656,33.60324
9256,837,-111.68264,33.467793
9257,837,-111.93644,33.37779
9258,837,-111.9689,33.317406
9259,837,-115.174545,36.10238
9260,837,-112.08873,33.50919
9261,837,-111.9198,33.375698
9262,2499,-80.80546,35.247375
9263,837,-111.924164,33.539463
9264,2147,-111.831474,33.415382
9265,837,-111.92411,33.49808
9266,837,-112.0664,33.56792
9267,2148,-111.927,33.474373
9268,837,-112.08225,33.516342
9269,837,-111.99243,33.48073
9270,2149,-111.97886,33.508366
9271,837,-112.10023,33.626423
9272,837,-112.073425,33.447334
9273,837,-111.9261,33.611904
9274,837,-115.17234,36.110107
9275,837,-112.09243,33.683323
9276,837,-112.07401,33.45038
9277,2150,-111.9796,33.331047
9278,2151,-112.07127,33.508995
9279,2819,-111.92414,33.6247
9280,2152,-112.01226,33.49492
9281,2153,-112.27332,33.464325
9282,837,-112.01226,33.49492
9283,4421,-111.92725,33.530674
9284,6644,-115.17601,36.104332
9285,2154,-111.789406,33.343132
9286,2155,-111.92575,33.479183
9287,2156,-111.9947,33.494644
9288,837,-111.89122,33.6281
9289,837,-111.89623,33.62662
9290,837,-111.92548,33.50108
9291,2157,-111.86623,33.436886
9292,2158,-115.16597,36.127857
9293,2159,-112.073494,33.491695
9294,837,-111.98613,33.51063
9295,837,-111.92645,33.497555
9296,837,-111.97308,33.52883
9297,2160,-111.93004,33.492516
9298,837,-111.908585,33.39378
9299,2161,-112.03013,33.674347
9300,837,-111.97858,33.677853
9301,837,-112.200554,33.670937
9302,837,-112.07217,33.45746
9303,2162,-111.98983,33.49462
9304,837,-111.92415,33.50155
9305,837,-112.02849,33.510426
9306,837,-112.240456,33.581093
9307,837,-111.928185,33.501774
9308,837,-111.77341,33.29329
9309,2163,-111.93976,33.421757
9310,837,-112.01163,33.480865
9311,837,-111.86569,33.53887
9312,837,-111.68492,33.436592
9313,837,-112.07409,33.4975
9314,837,-111.88572,33.65305
9315,837,-112.008316,33.641834
9316,837,-111.92358,33.491535
9317,837,-112.09243,33.683323
9318,2164,-111.99402,33.49537
9319,837,-115.30428,36.19106
9320,2165,-111.989876,33.49498
9321,2166,-111.75538,33.363773
9322,2167,-111.89827,33.29958
9323,837,-111.78898,33.28172
9324,837,-112.14925,34.048668
9325,2168,-111.97843,33.305737
9326,837,-112.13458,33.627308
9327,837,-111.92592,33.416245
9328,837,-111.83481,33.585255
9329,837,-112.04634,33.510323
9330,2169,-112.00845,33.581757
9331,837,-111.79526,33.32913
9332,6644,-115.17419,36.110485
9333,837,-111.9259,33.4943
9334,837,-111.85788,33.384735
9335,2170,-111.92555,33.564976
9336,837,-112.06628,33.58545
9337,2171,-112.184326,33.539227
9338,837,-111.97926,33.49592
9339,2172,-112.18518,33.611202
9340,837,-112.067,33.508987
9341,837,-111.906586,33.46613
9342,837,-111.978065,33.602856
9343,2499,-115.14624,36.171215
9344,837,-111.94167,33.463852
9345,837,-112.07401,33.505856
9346,837,-111.955215,33.83297
9347,2173,-111.77134,33.33696
9348,837,-112.02123,33.496204
9349,2174,-111.91178,33.364212
9350,837,-112.18295,33.538418
9351,6644,-111.958885,33.34871
9352,2175,-111.92637,33.62349
9353,2176,-111.80768,33.392765
9354,837,-111.87236,33.540802
9355,837,-111.92638,33.49853
9356,2177,-111.98028,33.494682
9357,2499,-111.842255,33.302425
9358,837,-111.85537,33.390446
9359,837,-112.02615,33.439648
9360,837,-111.977776,33.33193
9361,2178,-111.98137,33.60277
9362,837,-111.87686,33.54105
9363,837,-112.1528,33.49591
9364,2179,-112.00749,33.47992
9365,2180,-111.8916,33.627735
9366,2181,-112.12142,33.60954
9367,837,-111.71935,33.450123
9368,837,-111.92367,33.53918
9369,837,-111.926506,33.496647
9370,837,-111.90713,33.432552
9371,2182,-111.988716,33.509197
9372,837,-111.960266,33.480305
9373,2183,-112.01342,33.51104
9374,2184,-112.07134,33.637074
9375,837,-111.92659,33.472366
9376,2185,-112.06877,33.485413
9377,837,-112.06567,33.487747
9378,2186,-111.91382,33.494644
9379,2499,-80.87523,35.15337
9380,2187,-111.99021,33.494743
9381,2188,-112.003845,33.48072
9382,837,-112.01056,33.480934
9383,2189,-111.99911,33.48077
9384,2190,-112.09956,33.53881
9385,837,-111.99911,33.48077
9386,837,-112.10023,33.626423
9387,2191,-112.07379,33.435524
9388,2192,-111.9259,33.585285
9389,837,-111.84169,33.3019
9390,2193,-111.92034,33.49875
9391,2194,-115.28773,36.290314
9392,2195,-111.9947,33.494644
9393,837,-112.00178,33.4948
9394,837,-111.8758,33.41271
9395,837,-111.92512,33.32141
9396,2196,-112.261986,33.534485
9397,2197,-112.03013,33.674347
9398,837,-111.90197,33.306137
9399,837,-112.26047,33.535076
9400,2499,-3.2078898,55.950645
9401,837,-111.92427,33.492287
9402,837,-111.87953,33.581432
9403,837,-111.9223,33.493946
9404,2198,-111.92685,33.48692
9405,837,-111.92433,33.49471
9406,2499,-115.15126,36.1089
9407,837,-111.99129,33.751526
9408,2199,-112.072395,33.448742
9409,2200,-115.17204,36.10654
9410,837,-111.95375,33.407803
9411,837,-111.790016,33.35597
9412,2201,-111.73494,33.322815
9413,2202,-111.92791,33.624466
9414,2499,-111.92857,33.498913
9415,2203,-111.928185,33.501774
9416,837,-111.92857,33.498913
9417,2204,-112.126755,33.79975
9418,837,-112.06281,33.60756
9419,2205,-112.03864,33.59605
9420,2499,-112.006714,33.435715
9421,2206,-111.97608,33.63894
9422,837,-112.11646,33.560856
9423,2207,-111.92621,33.53352
9424,2208,-112.06704,33.641712
9425,2209,-111.9257,33.58142
9426,837,-112.35567,33.607586
9427,2210,-112.36504,33.638195
9428,837,-111.940254,33.424503
9429,837,-112.049126,33.4368
9430,837,-112.029884,33.47132
9431,837,-112.05353,33.552837
9432,837,-111.722404,33.306927
9433,837,-111.63487,33.24821
9434,837,-111.92555,33.492203
9435,2211,-112.12843,33.799152
9436,837,-112.3577,33.537685
9437,837,-112.165565,33.611652
9438,837,-112.17051,33.377495
9439,6644,-112.047264,33.641346
9440,837,-112.365524,33.638176
9441,3826,-112.11618,33.665955
9442,2212,-112.047714,33.449528
9443,837,-112.11618,33.665955
9444,837,-89.457886,43.014973
9445,837,-112.04715,33.524593
9446,837,-112.05806,33.550854
9447,2213,-111.92355,33.623634
9448,837,-111.87708,33.33638
9449,2214,-112.05606,33.472824
9450,837,-112.067,33.508987
9451,2215,-112.19062,33.638363
9452,2216,-112.35913,33.61018
9453,837,-111.98212,33.331654
9454,2217,-111.97,33.45
9455,2218,-111.92471,33.421352
9456,837,-111.97838,33.627045
9457,837,-112.06544,33.595097
9458,837,-111.964485,33.38312
9459,2219,-112.03788,33.509254
9460,837,-111.91341,33.408203
9461,2499,-115.170906,36.103455
9462,2220,-112.06567,33.487747
9463,837,-112.24136,33.581886
9464,837,-111.933624,33.655533
9465,837,-112.37687,33.6589
9466,2221,-111.92615,33.625362
9467,837,-111.98044,33.331882
9468,837,-111.99538,33.44852
9469,837,-111.995926,33.466976
9470,837,-111.85958,33.335857
9471,2222,-111.918686,33.566635
9472,2499,-115.167,36.12617
9473,2223,-112.06544,33.595097
9474,837,-111.88893,33.700867
9475,2224,-112.358826,33.46646
9476,2225,-112.02982,33.376976
9477,2226,-112.260765,33.53295
9478,2227,-111.92445,33.539402
9479,2228,-112.06483,33.457333
9480,837,-112.047966,33.53905
9481,2229,-112.03529,33.596844
9482,6644,-115.17893,36.14386
9483,837,-111.80628,33.384315
9484,2499,-111.79003,33.393818
9485,837,-111.921486,33.6365
9486,837,-111.92566,33.51083
9487,2230,-112.18817,33.662697
9488,837,-112.01307,33.610554
9489,837,-111.908516,33.5381
9490,2231,-111.92656,33.485966
9491,837,-111.97952,33.6384
9492,837,-111.98135,33.597363
9493,2232,-112.06567,33.487747
9494,2233,-111.91088,33.479633
9495,837,-111.97,33.45
9496,2234,-112.07409,33.4975
9497,2235,-111.98048,33.596786
9498,4421,-111.93631,33.422318
9499,837,-111.91906,33.50137
9500,2236,-111.78926,33.355484
9501,2237,-115.1929,36.116634
9502,837,-112.04808,33.538925
9503,4421,-111.87247,33.378014
9504,837,-112.02995,33.488026
9505,2238,-112.05806,33.550854
9506,837,-112.04317,33.54533
9507,837,-112.2877,33.564358
9508,2239,-111.97931,33.675674
9509,2240,-112.239525,33.61008
9510,2241,-112.04317,33.54533
9511,1325,-112.22505,33.634254
9512,837,-112.04317,33.54533
9513,837,-111.92018,33.636566
9514,2242,-112.07747,33.459015
9515,2243,-112.06516,33.519554
9516,4421,-111.929794,33.49288
9517,837,-112.127106,33.581795
9518,837,-111.92586,33.529114
9519,837,-112.179955,33.639374
9520,2499,-112.03855,33.59989
9521,2499,-111.611404,33.54463
9522,2244,-112.355484,33.494
9523,2816,-111.789276,33.355034
9524,837,-112.06096,33.50953
9525,2245,-112.06421,33.594894
9526,2499,-115.172554,36.115673
9527,2499,-112.06421,33.594894
9528,837,-112.12003,33.64044
9529,837,-111.94081,33.42263
9530,837,-111.927,33.474373
9531,2246,-111.92106,33.636818
9532,837,-112.171936,33.638557
9533,837,-111.78966,33.365856
9534,2499,-115.09606,36.00499
9535,837,-111.89933,33.30706
9536,2499,-111.95493,33.407665
9537,837,-115.18939,36.11789
9538,1893,-112.00109,33.495476
9539,2499,-80.010475,40.45343
9540,837,-111.71788,33.62312
9541,2247,-111.92796,33.465588
9542,2248,-112.0482,33.510174
9543,2249,-111.795456,33.280125
9544,837,-111.96613,33.684566
9545,837,-112.03839,33.507893
9546,837,-111.917984,33.565014
9547,4421,-115.10041,36.07238
9548,2250,-111.92993,33.350018
9549,837,-112.22069,33.5948
9550,2251,-112.07228,33.45587
9551,2252,-111.92708,33.508694
9552,837,-111.9245,33.539223
9553,2253,-112.18817,33.662697
9554,2499,-79.984215,40.451656
9555,2254,-112.015465,33.65563
9556,2255,-112.15383,33.567833
9557,837,-111.913475,33.334187
9558,837,-111.92485,33.700066
9559,2256,-111.92644,33.529903
9560,837,-112.21995,33.639614
9561,837,-111.9013,33.349308
9562,837,-111.89351,33.627815
9563,2257,-111.941376,33.423275
9564,837,-112.06544,33.595097
9565,837,-112.273315,33.708637
9566,837,-112.37166,33.465446
9567,837,-112.07565,33.48025
9568,837,-112.127,33.581833
9569,837,-112.17426,33.63955
9570,2258,-112.10115,33.554585
9571,837,-111.99968,33.43605
9572,2259,-112.07714,33.479996
9573,2499,-73.57233,45.50463
9574,2260,-111.92589,33.586834
9575,837,-111.909645,33.40716
9576,2261,-112.00845,33.581757
9577,837,-112.039185,33.59596
9578,837,-112.36525,33.638256
9579,2262,-111.9261,33.611904
9580,837,-112.066925,33.639965
9581,837,-112.0656,33.458927
9582,837,-112.01307,33.610554
9583,2263,-112.14925,34.048668
9584,2264,-112.010895,33.481
9585,837,-112.111664,33.64012
9586,837,-112.11634,33.68425
9587,837,-111.74314,33.30051
9588,837,-111.92578,33.5786
9589,6644,-112.04693,33.54658
9590,837,-112.012,33.655567
9591,837,-112.09298,33.52231
9592,2265,-115.20142,36.12633
9593,837,-111.97678,33.584267
9594,837,-111.97851,33.60259
9595,837,-112.241264,33.63681
9596,837,-111.929985,33.496662
9597,2266,-111.88525,33.580948
9598,2267,-112.05607,33.55307
9599,837,-111.92644,33.529903
9600,2268,-112.12063,33.59619
9601,837,-111.9013,33.349308
9602,837,-111.806076,33.33379
9603,837,-112.04733,33.641117
9604,2269,-112.03788,33.509254
9605,2270,-111.952576,33.44665
9606,2499,-115.11793,36.01752
9607,2271,-111.97952,33.6384
9608,837,-112.156845,33.451126
9609,837,-111.79045,33.27883
9610,1299,-111.90859,33.406624
9611,837,-111.92836,33.362873
9612,2272,-111.87926,33.63937
9613,2273,-111.7212,33.3666
9614,837,-111.877106,33.337326
9615,837,-112.06892,33.640152
9616,2274,-112.0739,33.500202
9617,2275,-112.134186,33.51087
9618,837,-112.13857,33.86563
9619,2276,-115.242714,36.036674
9620,2277,-112.09911,33.612164
9621,2278,-112.07948,33.480724
9622,837,-112.04708,33.52443
9623,837,-111.911224,33.36343
9624,837,-112.0686,33.640186
9625,2279,-111.95392,33.40789
9626,2280,-112.11646,33.560856
9627,2281,-112.0362,33.596832
9628,2282,-112.06947,33.641808
9629,2283,-111.96083,33.487625
9630,2284,-112.06947,33.641808
9631,837,-111.97784,33.678036
9632,2285,-112.10031,33.496075
9633,2286,-112.0482,33.510174
9634,837,-112.06606,33.639057
9635,2287,-111.92106,33.636818
9636,837,-111.9787,33.678043
9637,2288,-112.06696,33.608948
9638,837,-111.87236,33.540802
9639,837,-112.05345,33.55313
9640,2289,-112.00214,33.43737
9641,837,-112.06845,33.637367
9642,837,-112.01189,33.655605
9643,2290,-112.18482,33.65357
9644,837,-111.92591,33.4991
9645,2499,-3.1883864,55.95711
9646,2291,-112.07492,33.483
9647,837,-112.10023,33.626423
9648,2499,-112.073975,33.506508
9649,837,-111.860565,33.364925
9650,837,-112.18469,33.609394
9651,2292,-111.908455,33.481705
9652,2293,-111.976906,33.612934
9653,837,-112.04733,33.641117
9654,2294,-111.944756,33.34875
9655,837,-112.121895,33.670223
9656,2295,-111.997826,33.47987
9657,837,-112.07397,33.513077
9658,837,-112.06947,33.641808
9659,837,-112.18759,33.66274
9660,2296,-111.9272,33.60663
9661,837,-111.93051,33.49245
9662,837,-112.04746,33.465965
9663,837,-112.22413,33.638615
9664,2297,-111.92478,33.68526
9665,2298,-112.07908,33.49112
9666,2299,-111.97119,33.67655
9667,837,-111.92914,33.654854
9668,2300,-112.06563,33.44938
9669,837,-111.92796,33.49821
9670,837,-112.06704,33.641712
9671,837,-112.04733,33.641117
9672,837,-112.06617,33.626057
9673,837,-112.0135,33.583496
9674,837,-111.97678,33.675884
9675,2301,-112.10023,33.626423
9676,2302,-111.97862,33.58383
9677,2303,-111.99851,33.61113
9678,837,-112.011635,33.628117
9679,837,-112.14982,33.640068
9680,2304,-111.84038,33.418816
9681,837,-112.00837,33.418617
9682,837,-112.06638,33.62716
9683,2305,-112.01186,33.46604
9684,837,-111.97608,33.63894
9685,837,-112.06475,33.6402
9686,6644,-112.09927,33.612328
9687,837,-112.0817,33.655106
9688,837,-112.03125,33.649235
9689,837,-112.00845,33.581757
9690,2306,-112.130005,33.800488
9691,837,-111.976555,33.677334
9692,2307,-111.93035,33.62459
9693,837,-111.931946,33.65794
9694,837,-112.26105,33.533955
9695,837,-112.00319,33.317657
9696,837,-112.04715,33.524593
9697,837,-112.07308,33.56747
9698,837,-112.06614,33.639084
9699,2499,-112.06281,33.60756
9700,2308,-112.08199,33.50551
9701,837,-111.924385,33.53924
9702,837,-111.97956,33.742207
9703,837,-112.07127,33.63668
9704,2309,-111.92796,33.465588
9705,2310,-112.06618,33.62766
9706,2311,-111.92641,33.655567
9707,2312,-112.358765,33.507095
9708,2313,-112.21981,33.639004
9709,2314,-112.11054,33.64068
9710,2499,-111.92305,33.501965
9711,2315,-112.153206,33.639908
9712,2316,-112.12234,33.58052
9713,837,-112.06296,33.656124
9714,2317,-112.142,33.698986
9715,837,-111.9923,33.480152
9716,2318,-112.01175,33.62692
9717,837,-111.90898,33.319977
9718,2319,-111.9864,33.5107
9719,2320,-112.082466,33.627567
9720,2321,-112.049126,33.4368
9721,837,-111.92469,33.53949
9722,837,-112.074684,33.509563
9723,837,-111.97811,33.59784
9724,681,-89.27767,43.18911
9725,837,-115.17582,36.11773
9726,837,-112.047264,33.641346
9727,837,-112.08225,33.516342
9728,2322,-112.11092,33.71298
9729,837,-111.98934,33.494595
9730,837,-111.97768,33.44657
9731,2323,-112.07134,33.637074
9732,837,-112.27433,33.637077
9733,837,-111.74095,33.379765
9734,2324,-112.07156,33.457054
9735,2325,-111.92796,33.49821
9736,2499,-115.145645,36.124844
9737,837,-111.88172,33.63924
9738,837,-112.02249,33.40667
9739,837,-111.924065,33.5797
9740,837,-111.90459,33.62201
9741,837,-111.87926,33.63937
9742,837,-111.924385,33.53924
9743,2499,-112.11646,33.560856
9744,6644,-111.97203,33.37641
9745,2326,-112.18721,33.566982
9746,2327,-111.85294,33.414787
9747,2499,-111.8859,33.545685
9748,6644,-115.191826,36.144268
9749,837,-112.047264,33.641346
9750,837,-111.923256,33.58223
9751,2328,-112.25428,33.580444
9752,837,-112.06363,33.6561
9753,2329,-111.92655,33.506542
9754,2330,-112.05956,33.563686
9755,837,-111.925064,33.61855
9756,837,-112.047264,33.641346
9757,837,-111.921936,33.500736
9758,837,-112.16118,33.567795
9759,837,-112.04716,33.524086
9760,6644,-111.908295,33.431396
9761,837,-111.99531,33.596703
9762,837,-111.9326,33.658665
9763,837,-112.06836,33.457863
9764,837,-112.27619,33.71298
9765,2331,-111.95392,33.40789
9766,2332,-112.13486,33.472248
9767,2333,-112.38765,33.464397
9768,837,-111.9309,33.58303
9769,837,-112.0365,33.602707
9770,2334,-112.34554,33.463787
9771,837,-112.15378,33.568226
9772,837,-112.06543,33.56062
9773,837,-111.858604,33.746117
9774,2335,-112.184845,33.652966
9775,2336,-112.01237,33.582172
9776,837,-111.90941,33.454285
9777,2337,-112.13459,33.595837
9778,837,-112.23991,33.68106
9779,837,-111.82907,33.451485
9780,2338,-112.03013,33.674347
9781,837,-112.13369,33.583336
9782,837,-112.152145,33.578148
9783,837,-111.92469,33.53949
9784,837,-111.976555,33.677334
9785,837,-112.04816,33.640297
9786,837,-112.0792,33.49111
9787,837,-112.04816,33.640297
9788,2339,-112.12003,33.64044
9789,837,-112.09668,33.67647
9790,837,-111.92663,33.610058
9791,2340,-112.13487,33.46435
9792,837,-112.06424,33.63899
9793,2341,-111.67886,33.583057
9794,2342,-111.8577,33.388374
9795,837,-111.91341,33.408203
9796,837,-112.07184,33.639156
9797,2343,-111.80885,33.378555
9798,837,-112.22219,33.59478
9799,2499,-111.911125,33.510513
9800,2344,-111.908585,33.39378
9801,837,-112.03015,33.674606
9802,2345,-112.06238,33.637684
9803,837,-111.927124,33.459255
9804,2346,-112.0741,33.506855
9805,2347,-112.01175,33.58193
9806,837,-111.92697,33.462616
9807,837,-111.87686,33.54105
9808,837,-111.92365,33.625546
9809,837,-112.06281,33.60756
9810,837,-111.87686,33.54105
9811,2499,-111.928185,33.58243
9812,837,-111.92604,33.656635
9813,2348,-111.97839,33.303967
9814,4,-115.333855,36.155964
9815,2499,-111.92306,33.50165
9816,2349,-112.04791,33.47893
9817,837,-112.07991,33.45496
9818,2350,-112.03035,33.627975
9819,837,-112.18756,33.62579
9820,2499,-112.04751,33.52433
9821,837,-111.92489,33.62826
9822,837,-112.063774,33.65361
9823,837,-112.18494,33.636703
9824,2351,-115.15387,36.110085
9825,2352,-112.252396,33.639862
9826,4421,-111.90516,33.431896
9827,837,-112.0178,33.64111
9828,2499,-111.551094,33.412388
9829,4421,-111.9766,33.585606
9830,837,-111.92695,33.580814
9831,837,-111.91769,33.49328
9832,2353,-112.07669,33.451775
9833,2354,-111.94097,33.412544
9834,2355,-112.01963,33.640244
9835,6644,-112.01307,33.610554
9836,837,-111.981476,33.599133
9837,837,-115.29794,36.106503
9838,837,-111.92107,33.634945
9839,2356,-111.94167,33.463852
9840,2558,-111.976906,33.612934
9841,837,-111.88892,33.56866
9842,837,-111.978455,33.62746
9843,2357,-112.07449,33.509724
9844,2358,-112.00478,33.63258
9845,837,-111.928185,33.501774
9846,837,-112.411354,33.550407
9847,837,-111.99538,33.44852
9848,837,-111.89859,33.490013
9849,2359,-111.627,33.249195
9850,2360,-111.82382,33.334602
9851,837,-111.99159,33.49524
9852,2361,-111.89698,33.62367
9853,2362,-111.92992,33.6555
9854,2363,-112.01339,33.58001
9855,837,-112.082214,33.495155
9856,837,-111.947525,33.407562
9857,837,-111.855576,33.626987
9858,837,-111.929924,33.349712
9859,2364,-112.0135,33.583496
9860,2365,-112.00717,33.435467
9861,837,-112.27196,33.552067
9862,2366,-111.982765,33.60154
9863,837,-111.98909,33.42159
9864,2499,-111.922424,33.637104
9865,837,-112.03788,33.509254
9866,2367,-111.92663,33.610058
9867,2368,-111.92373,33.635464
9868,837,-111.88603,33.577606
9869,837,-111.89997,33.4276
9870,2369,-112.00845,33.581757
9871,2499,-115.16923,36.121773
9872,837,-112.09156,33.459133
9873,837,-111.94182,33.625153
9874,837,-111.966606,33.67681
9875,2370,-111.97119,33.67655
9876,837,-111.99224,33.30574
9877,2371,-111.883736,33.583702
9878,837,-112.11395,33.713455
9879,2372,-111.989876,33.49498
9880,2373,-112.01175,33.62692
9881,2374,-111.9258,33.49911
9882,2375,-111.98808,33.60215
9883,837,-111.96535,33.67539
9884,2376,-111.92409,33.579124
9885,2377,-112.18902,33.639168
9886,837,-115.20848,36.07308
9887,837,-111.96338,33.675327
9888,837,-111.98954,33.600517
9889,2378,-111.87686,33.54105
9890,837,-112.27248,33.458225
9891,2379,-111.89754,33.621906
9892,2380,-112.064095,33.5219
9893,837,-112.278114,33.465
9894,837,-111.92037,33.500896
9895,2381,-112.0305,33.678318
9896,2382,-115.1613,36.138298
9897,837,-112.06518,33.57531
9898,837,-111.875916,33.276257
9899,2383,-111.95243,33.506767
9900,837,-112.074036,33.448376
9901,837,-112.01449,33.624733
9902,837,-111.91804,33.69925
9903,837,-112.18469,33.639122
9904,2384,-111.97858,33.677853
9905,837,-111.92525,33.618355
9906,837,-112.0275,33.510235
9907,837,-112.07409,33.4975
9908,837,-111.96684,33.305733
9909,2385,-112.013145,33.628334
9910,837,-112.07233,33.456696
9911,837,-111.888374,33.581944
9912,2386,-111.9224,33.500626
9913,837,-111.99566,33.639885
9914,2387,-111.97608,33.63894
9915,2388,-111.9784,33.627247
9916,837,-111.97976,33.58406
9917,2389,-111.8917,33.62489
9918,2390,-111.91851,33.41533
9919,2391,-112.07176,33.44931
9920,837,-111.980064,33.674736
9921,837,-112.06543,33.469967
9922,2392,-111.95768,33.42806
9923,2393,-111.92397,33.634453
9924,837,-112.01493,33.6102
9925,3004,-111.932915,33.830177
9926,2394,-112.151955,33.581566
9927,2395,-112.23757,33.633236
9928,837,-115.17332,36.10583
9929,2396,-111.97826,33.639782
9930,837,-112.06779,33.458355
9931,837,-111.925766,33.623943
9932,837,-111.924286,33.624977
9933,837,-112.06456,33.522358
9934,2397,-112.35902,33.636826
9935,837,-112.114784,33.715424
9936,837,-111.96636,33.676544
9937,2398,-111.97846,33.598522
9938,2499,-111.988,33.60147
9939,2399,-112.22299,33.63776
9940,837,-112.10402,33.68399
9941,2400,-111.74385,33.307648
9942,837,-112.140915,33.69879
9943,837,-111.89814,33.62055
9944,3826,-112.02991,33.5019
9945,837,-112.117386,33.641613
9946,2401,-112.074036,33.448376
9947,837,-112.0135,33.583496
9948,2499,-111.9759,33.62559
9949,837,-115.164635,36.15917
9950,837,-115.13761,36.10351
9951,2402,-112.261375,33.539352
9952,837,-111.98907,33.59956
9953,837,-111.787636,33.36449
9954,837,-112.065636,33.44916
9955,2403,-112.071495,33.458748
9956,2404,-111.976555,33.677334
9957,2405,-111.986916,33.449505
9958,2406,-112.03529,33.596844
9959,837,-111.98907,33.59956
9960,837,-112.07375,33.565098
9961,837,-111.98137,33.60277
9962,4421,-115.1694,35.96543
9963,837,-111.71793,33.43734
9964,837,-111.89904,33.55519
9965,2407,-111.92492,33.62348
9966,837,-111.87236,33.540802
9967,2408,-111.99403,33.47977
9968,2409,-111.97678,33.584267
9969,837,-111.78984,33.3546
9970,2410,-111.995346,33.627346
9971,837,-111.87926,33.63937
9972,837,-112.3355,33.460354
9973,837,-111.925064,33.61855
9974,837,-111.91835,33.636208
9975,837,-112.039185,33.59596
9976,2411,-111.925156,33.623657
9977,2499,-111.928055,33.58307
9978,837,-112.07339,33.513504
9979,837,-111.93152,33.493298
9980,837,-111.97952,33.6384
9981,837,-112.0737,33.44718
9982,837,-111.99566,33.639885
9983,837,-111.97843,33.305737
9984,837,-111.90614,33.671265
9985,837,-111.97686,33.613007
9986,837,-111.9759,33.495018
9987,837,-112.23536,33.6341
9988,837,-112.222336,33.63779
9989,2412,-111.9263,33.654716
9990,2413,-112.07232,33.457657
9991,837,-111.98719,33.599327
9992,2414,-111.98486,33.595367
9993,2415,-115.16522,36.099003
9994,837,-111.98568,33.59621
9995,837,-115.17119,36.12122
9996,2416,-111.925415,33.587128
9997,837,-112.17426,33.63955
9998,837,-112.03639,33.605927
9999,2417,-112.00105,33.64008
10000,837,-111.978226,33.675297
10001,837,-111.91631,33.451744
10002,2418,-112.07432,33.45969
10003,837,-111.925964,33.648922
10004,837,-111.978455,33.62746
10005,837,-112.03776,33.507843
10006,2419,-111.94668,33.421616
10007,2420,-112.01307,33.610554
10008,837,-111.958,33.348164
10009,2499,-115.15323,36.042797
10010,2499,-111.92699,33.363747
10011,837,-111.936,33.41438
10012,2499,-111.91348,33.41466
10013,2421,-111.97913,33.79848
10014,2422,-111.947525,33.407562
10015,4421,-115.145645,36.124844
10016,837,-112.10022,33.641655
10017,837,-111.943306,33.42127
10018,837,-112.012115,33.62723
10019,2423,-111.98137,33.60277
10020,2499,-111.99634,33.61077
10021,837,-112.09243,33.683323
10022,837,-111.988716,33.509197
10023,837,-111.52829,33.43119
10024,837,-111.95036,33.4216
10025,2499,-111.99634,33.61077
10026,837,-111.99634,33.61077
10027,2424,-115.24814,36.195267
10028,837,-111.978355,33.628124
10029,837,-111.98355,33.599277
10030,2425,-112.03595,33.596226
10031,1920,-111.92775,33.492905
10032,837,-111.97811,33.59784
10033,837,-111.9235,33.625095
10034,837,-111.97862,33.58383
10035,837,-112.07686,33.48855
10036,2426,-112.03019,33.67107
10037,2499,-115.1639,36.06017
10038,837,-111.9787,33.678043
10039,837,-112.06836,33.457863
10040,2427,-111.92762,33.493763
10041,837,-111.9254,33.566956
10042,837,-111.97119,33.67655
10043,837,-112.36145,33.658234
10044,3919,-112.073425,33.447334
10045,837,-111.924934,33.6239
10046,2428,-111.891785,33.623486
10047,2499,-115.174355,36.092293
10048,2429,-112.038826,33.506462
10049,837,-112.1183,33.58187
10050,6644,-115.1726,36.101814
10051,837,-112.20105,33.713615
10052,837,-111.76328,33.45083
10053,837,-111.79062,33.333027
10054,2430,-112.00478,33.63258
10055,6644,-111.926056,33.434616
10056,2806,-115.28973,36.1641
10057,2499,-111.91029,33.321354
10058,837,-111.92638,33.49853
10059,837,-115.17259,36.112953
10060,837,-111.98334,33.59918
10061,2431,-111.89195,33.582314
10062,2432,-112.06483,33.457333
10063,2433,-111.875755,33.62114
10064,4421,-112.071434,33.44589
10065,2434,-111.79242,33.33658
10066,2435,-112.120384,33.66752
10067,837,-112.03013,33.674347
10068,2436,-112.03013,33.678993
10069,837,-111.97308,33.52883
10070,837,-111.88741,33.629776
10071,2437,-111.92589,33.586834
10072,837,-111.9168,33.421745
10073,2438,-111.97632,33.612
10074,2439,-112.013855,33.63044
10075,7736,-111.98849,33.45545
10076,837,-111.84253,33.303234
10077,2440,-111.9267,33.581894
10078,2441,-111.925415,33.587128
10079,2442,-111.925156,33.623657
10080,837,-112.03397,33.508984
10081,837,-112.02951,33.39999
10082,837,-111.92448,33.62557
10083,837,-111.906044,33.43245
10084,837,-111.864815,33.614304
10085,837,-111.97998,33.592804
10086,837,-111.97844,33.624424
10087,2443,-112.26204,33.53305
10088,837,-111.937874,33.6769
10089,2444,-111.99478,33.626686
10090,2445,-112.07409,33.512627
10091,2446,-111.922646,33.82522
10092,837,-111.97865,33.60038
10093,2447,-111.9283,33.502007
10094,2448,-111.98907,33.59956
10095,837,-111.9704,33.30582
10096,837,-111.73239,33.258827
10097,6644,-111.978226,33.675297
10098,2411,-111.92351,33.581493
10099,837,-112.044914,33.510166
10100,2499,-111.978226,33.675297
10101,2449,-112.06349,33.60628
10102,837,-111.8802,33.581043
10103,2450,-112.06567,33.487747
10104,2451,-111.74018,33.470615
10105,837,-111.918686,33.566635
10106,2452,-112.014145,33.613106
10107,837,-111.964485,33.38312
10108,837,-111.976906,33.612934
10109,837,-111.92933,33.319374
10110,837,-111.982765,33.60154
10111,2453,-112.36578,33.486824
10112,2454,-112.22394,33.637062
10113,837,-111.90853,33.480732
10114,2455,-111.93512,33.483368
10115,837,-112.01189,33.655605
10116,837,-112.16724,33.638756
10117,837,-111.875755,33.62114
10118,2456,-112.04847,33.52394
10119,2457,-111.85832,33.32686
10120,837,-112.01233,33.612293
10121,2458,-112.340385,33.45372
10122,837,-111.978355,33.628124
10123,837,-111.891396,33.639652
10124,2459,-112.01418,33.596596
10125,2460,-112.09865,33.509674
10126,2461,-112.06551,33.576332
10127,2462,-111.922646,33.82522
10128,837,-111.72131,33.366463
10129,837,-112.07375,33.565098
10130,2463,-112.07427,33.447517
10131,837,-111.925316,33.577934
10132,837,-111.926025,33.623665
10133,2464,-115.15421,36.119675
10134,837,-111.93498,33.480534
10135,2465,-111.95986,33.347137
10136,837,-111.93962,33.42344
10137,2466,-112.20145,33.637093
10138,2467,-111.94858,33.832657
10139,2468,-112.15237,33.570454
10140,2499,-111.94329,33.421608
10141,4421,-115.090195,36.116203
10142,2469,-115.13952,36.169872
10143,2499,-115.16876,36.12438
10144,6644,-111.92559,33.51006
10145,2470,-111.944756,33.421448
10146,837,-115.140465,36.16794
10147,2499,-115.17153,36.117573
10148,4421,-115.11901,36.23865
10149,2471,-111.95176,33.422905
10150,2472,-112.20527,33.459717
10151,2473,-112.11111,33.711292
10152,2474,-112.06899,33.45917
10153,837,-112.07966,33.445744
10154,4421,-112.073425,33.447334
10155,2475,-111.78514,33.334938
10156,837,-111.940254,33.425964
10157,837,-112.07472,33.463173
10158,2476,-112.355965,33.641495
10159,2477,-111.85595,33.725967
10160,2478,-111.88511,33.53767
10161,837,-111.77975,33.37889
10162,2479,-111.752884,33.37769
10163,837,-111.90851,33.486828
10164,837,-111.886246,33.65137
10165,837,-111.89235,33.30773
10166,837,-115.19878,36.099304
10167,837,-111.95375,33.407803
10168,837,-112.04739,33.4692
10169,837,-112.08277,33.45884
10170,837,-111.93395,33.49345
10171,837,-111.94475,33.421658
10172,837,-111.9263,33.497417
10173,837,-111.95895,33.343147
10174,837,-112.222336,33.63779
10175,837,-111.94043,33.42665
10176,837,-112.07565,33.48025
10177,2499,-115.13643,36.108112
10178,837,-112.127106,33.581795
10179,2480,-111.84179,33.415424
10180,2499,-111.842255,33.302425
10181,837,-112.002304,33.694828
10182,837,-111.92697,33.462616
10183,837,-111.89158,33.628574
10184,837,-112.18157,33.539257
10185,2499,-111.92053,33.489132
10186,837,-111.96154,33.31921
10187,837,-111.944756,33.421448
10188,837,-111.756996,33.26218
10189,837,-112.07802,33.46546
10190,837,-111.80594,33.33377
10191,837,-111.63411,33.250214
10192,6644,-115.20247,36.144047
10193,2499,-112.05608,33.431557
10194,837,-111.899925,33.297394
10195,837,-112.05608,33.431557
10196,837,-111.7567,33.291313
10197,837,-112.05608,33.431557
10198,4421,-115.30971,36.11463
10199,837,-111.91612,33.4083
10200,2481,-111.92637,33.500492
10201,837,-111.86773,33.43473
10202,837,-112.05608,33.431557
10203,2482,-111.96894,33.420433
10204,2483,-111.84179,33.415424
10205,837,-111.8905,33.320286
10206,837,-111.88658,33.421803
10207,837,-111.685936,33.465904
10208,837,-112.0404,33.509445
10209,837,-112.019775,33.495438
10210,837,-111.922775,33.50169
10211,837,-111.77165,33.406406
10212,837,-112.391754,33.62338
10213,2484,-111.752594,33.39309
10214,837,-115.17618,36.115856
10215,837,-112.07476,33.50723
10216,2485,-112.05694,33.436794
10217,4421,-112.06476,33.4713
10218,837,-112.07248,33.448296
10219,2486,-112.06555,33.488495
10220,837,-111.90788,33.522945
10221,2487,-111.92706,33.30481
10222,2488,-111.790245,33.279526
10223,837,-112.14925,34.048668
10224,837,-111.86092,33.336273
10225,837,-112.04716,33.524086
10226,2489,-111.63411,33.250214
10227,2490,-111.88332,33.583534
10228,837,-111.928185,33.501774
10229,837,-111.92482,33.7001
10230,837,-111.98769,33.449287
10231,837,-115.1568,36.10315
10232,837,-111.92555,33.492203
10233,837,-112.09909,33.552475
10234,837,-111.97988,33.30578
10235,837,-111.93685,33.42355
10236,2491,-111.90811,33.406574
10237,2492,-111.74318,33.383457
10238,837,-111.84763,33.378475
10239,837,-111.6692,33.30979
10240,837,-111.790115,33.356728
10241,837,-111.75614,33.36745
10242,837,-111.75604,33.37859
10243,837,-111.97681,33.378315
10244,2493,-111.842354,33.302902
10245,2494,-111.940254,33.424503
10246,837,-111.96778,33.305794
10247,2499,-115.17375,36.103863
10248,2499,-112.23156,33.63774
10249,2499,-115.17581,36.08995
10250,2499,-115.17618,36.115856
10251,2499,-112.04086,33.431583
10252,837,-111.89219,33.62283
10253,2495,-112.24006,33.611202
10254,2496,-111.92796,33.490696
10255,837,-112.27959,33.464706
10256,837,-112.18452,33.569023
10257,837,-111.85926,33.319534
10258,837,-111.8859,33.545685
10259,837,-112.07291,33.44691
10260,2499,-112.072395,33.448742
10261,837,-111.89853,33.301712
10262,837,-112.012634,33.448505
10263,837,-111.949,33.3781
10264,2497,-112.012634,33.448505
10265,837,-112.170334,33.46561
10266,2499,-73.56912,45.496006
10267,2499,-115.17781,36.093067
10268,4421,-115.280014,36.056793
10269,2499,-115.173515,36.103
10270,2499,-112.098,33.4482
10271,2499,-115.164345,36.06004
10272,2499,-111.949165,33.34961
10273,837,-111.75256,33.28687
10274,2499,-115.172554,36.115673
10275,6644,-112.036964,33.60594
10276,6644,-115.17106,36.11242
10277,837,-111.92226,33.379604
10278,2499,-112.02814,33.510223
10279,2499,-115.15112,36.086338
10280,2499,-115.14214,36.17187
10281,837,-111.79094,33.379986
10282,2499,-115.13759,36.14262
10283,837,-111.68624,33.34225
10284,2499,-111.93881,33.426064
10285,2499,-112.073425,33.447334
10286,2499,-115.17784,36.092987
10287,837,-111.86027,33.262383
10288,837,-111.68492,33.436592
10289,2499,-115.17253,36.10185
10290,2499,-115.13567,36.176983
10291,837,-112.26275,33.527668
10292,2499,-115.148766,36.0867
10293,2499,-111.92857,33.498913
10294,2499,-112.006714,33.435715
10295,2499,-73.558716,45.500843
10296,2499,-112.006714,33.435715
10297,2499,-115.15421,36.119675
10298,681,-89.36402,43.111313
10299,2498,-115.14556,36.172424
10300,2499,-81.0058,35.272568
10301,2499,-112.036964,33.60594
10302,2499,-80.944466,35.22019
10303,6644,-115.176704,36.09028
10304,837,-112.20449,33.49598
10305,2499,-115.15112,36.086338
10306,2499,-115.17581,36.08995
10307,2499,-115.17103,36.099377
10308,837,-112.07669,33.451775
10309,837,-111.924286,33.624977
10310,837,-111.85726,33.409737
10311,2499,-111.9276,33.498474
10312,2499,-115.17315,36.10988
10313,2499,-115.17413,36.109634
10314,4421,-115.20888,36.09506
10315,2499,-111.93395,33.49345
10316,2499,-80.86122,35.21396
10317,2499,-115.175804,36.09531
10318,2499,-73.607735,45.53625
10319,6644,-115.17435,36.113964
10320,2500,-3.1824346,55.950832
10321,6644,-112.04086,33.431583
10322,2499,-115.17179,36.1112
10323,837,-111.90967,33.37872
10324,837,-115.15387,36.110085
10325,837,-111.940254,33.425964
10326,837,-112.26605,33.53391
10327,2499,-115.173004,36.08616
10328,837,-112.41492,33.62566
10329,6644,-115.17086,36.10993
10330,2499,-115.137505,36.08225
10331,837,-112.006714,33.435715
10332,2499,-111.78669,33.392567
10333,837,-111.89814,33.62055
10334,837,-112.362564,33.63822
10335,2499,-115.17704,36.10762
10336,837,-111.92566,33.51083
10337,837,-111.87502,33.276276
10338,2499,-111.99783,33.437214
10339,2499,-115.16961,36.121456
10340,4421,-115.16363,36.13698
10341,4421,-115.242485,36.146217
10342,2499,-115.17483,36.13367
10343,837,-111.96063,33.64
10344,2499,-111.91064,33.37077
10345,2501,-111.923294,33.50128
10346,6644,-115.17593,36.068153
10347,6644,-115.17538,36.09194
10348,837,-115.11803,36.02843
10349,2502,-111.99783,33.437214
10350,2499,-111.991516,33.26663
10351,4421,-115.224075,36.12743
10352,2499,-115.15112,36.086338
10353,837,-111.85686,33.423595
10354,2499,-112.006714,33.435715
10355,2499,-115.1359,36.133198
10356,837,-112.115364,33.552773
10357,2499,-112.006714,33.435715
10358,2499,-112.07275,33.447258
10359,2499,-115.21254,36.074673
10360,837,-111.9104,33.361336
10361,2499,-115.17601,36.104332
10362,6644,-115.16456,36.131496
10363,837,-112.23695,33.627163
10364,2499,-111.92398,33.550922
10365,6644,-115.17143,36.110447
10366,837,-111.72112,33.36568
10367,837,-112.07232,33.457657
10368,2499,-115.17087,36.10242
10369,837,-111.92585,33.31924
10370,2499,-115.177,36.11199
10371,837,-111.91026,33.39371
10372,2499,-112.006714,33.435715
10373,837,-112.04086,33.431583
10374,4421,-115.293,36.160576
10375,837,-111.75335,33.380646
10376,837,-111.7212,33.3666
10377,4421,-115.280426,36.056282
10378,2499,-115.17234,36.110107
10379,2499,-80.832275,35.155388
10380,837,-111.93828,33.392776
10381,4421,-115.136215,36.103954
10382,6644,-115.15475,36.12697
10383,4421,-115.180664,36.291985
10384,2499,-115.17087,36.10242
10385,2499,-111.99899,33.436527
10386,6644,-115.186485,36.1187
10387,6644,-115.17613,36.092182
10388,2499,-112.006714,33.435715
10389,837,-111.944046,33.436962
10390,2499,-115.17259,36.112953
10391,4421,-115.07972,36.180275
10392,4421,-115.2924,36.157043
10393,2499,-115.20974,36.114937
10394,2499,-80.002335,40.4438
10395,2499,-111.918686,33.566635
10396,2499,-112.006714,33.435715
10397,6644,-111.92942,33.50284
10398,4421,-115.25931,36.191574
10399,4421,-115.297485,36.11145
10400,837,-115.176315,36.109913
10401,837,-111.841156,33.31183
10402,837,-111.97839,33.303967
10403,2499,-115.17306,36.091965
10404,2499,-115.17459,36.112022
10405,837,-111.90998,33.347878
10406,2499,-115.17849,36.10924
10407,837,-115.19528,36.11444
10408,837,-111.96635,33.31977
10409,4421,-115.20575,36.279865
10410,4421,-115.17641,36.11316
10411,6644,-111.88846,33.70003
10412,2499,-115.13902,36.088516
10413,2499,-111.91728,33.465336
10414,837,-115.15112,36.086338
10415,2499,-89.452484,43.074177
10416,2499,-115.17089,36.11006
10417,2499,-115.164635,36.15917
10418,837,-115.17333,36.119556
10419,2503,-112.116196,33.575203
10420,681,-89.361435,43.085674
10421,2499,-115.17602,36.094254
10422,4421,-115.1873,36.11812
10423,2499,-112.006714,33.435715
10424,2504,-111.953674,33.42176
10425,2499,-115.172295,36.127068
10426,837,-111.790375,33.260693
10427,837,-115.31454,36.10593
10428,837,-111.941376,33.423275
10429,2499,-115.17516,36.091866
10430,2505,-111.68714,33.385166
10431,2506,-111.91763,33.494164
10432,2499,-115.13567,36.176983
10433,2499,-112.006714,33.435715
10434,6644,-115.17618,36.115856
10435,2507,-112.13178,33.626698
10436,2499,-115.17496,36.121323
10437,2499,-115.19397,36.12618
10438,837,-111.78678,33.450356
10439,2499,-115.15421,36.118145
10440,8193,-3.20841,55.93657
10441,837,-111.92177,33.636818
10442,6644,-115.176315,36.109913
10443,837,-111.92942,33.50284
10444,4421,-111.90513,33.41494
10445,2499,-112.006714,33.435715
10446,6644,-111.9409,33.424564
10447,837,-111.924446,33.526966
10448,2508,-115.1779,36.11717
10449,4421,-111.891785,33.623486
10450,2499,-111.87686,33.54105
10451,2499,-112.35612,33.636974
10452,837,-111.922874,33.463078
10453,2499,-111.99434,33.43419
10454,2499,-111.93881,33.426064
10455,6644,-115.15112,36.086338
10456,837,-111.75252,33.30684
10457,837,-111.91717,33.63596
10458,2499,-89.36432,43.083252
10459,2499,-115.19397,36.12618
10460,2499,-115.176155,36.09279
10461,2499,-115.17593,36.068153
10462,837,-112.23345,33.634666
10463,837,-112.04001,33.505775
10464,4421,-115.2858,36.158028
10465,2509,-111.892395,33.582485
10466,2499,-115.171776,36.102093
10467,2499,-80.839645,35.15207
10468,837,-111.918205,33.501457
10469,2499,-115.15112,36.086338
10470,837,-112.36344,33.638203
10471,837,-112.02123,33.496204
10472,6644,-115.240265,36.19804
10473,6644,-115.17684,36.1206
10474,837,-111.63555,33.377388
10475,2499,-115.17234,36.110107
10476,837,-112.114784,33.715424
10477,2510,-112.01307,33.610554
10478,837,-112.07379,33.435524
10479,2511,-111.841156,33.29266
10480,837,-111.92448,33.62557
10481,4421,-115.05399,36.036213
10482,2499,-112.006714,33.435715
10483,2499,-115.16363,36.13698
10484,837,-111.89652,33.305275
10485,2499,-115.20198,36.10272
10486,837,-112.18518,33.611202
10487,2512,-111.9267,33.413124
10488,6644,-115.14639,36.081303
10489,6644,-112.006714,33.435715
10490,837,-112.18789,33.666695
10491,837,-111.892395,33.582485
10492,2513,-111.92621,33.53352
10493,2499,-115.17275,36.106205
10494,837,-111.92589,33.586834
10495,2499,-111.87926,33.63937
10496,837,-111.7922,33.276756
10497,837,-112.336426,33.61057
10498,6644,-112.000565,33.433685
10499,2499,-111.90545,33.432915
10500,2514,-111.7922,33.276756
10501,2499,-89.34674,43.134033
10502,2499,-111.99968,33.43605
10503,6644,-115.172424,36.101204
10504,2515,-111.89253,33.69909
10505,6644,-115.11952,36.01592
10506,837,-111.92562,33.493855
10507,837,-111.88075,33.55738
10508,837,-111.791626,33.235634
10509,6644,-112.006714,33.435715
10510,837,-111.99411,33.479755
10511,6644,-115.167755,36.123943
10512,2499,-111.9259,33.585285
10513,2499,-115.18646,36.11876
10514,2499,-112.006714,33.435715
10515,2499,-115.16427,36.059887
10516,2499,-115.17829,36.119133
10517,2499,-115.169754,36.102917
10518,2516,-115.33387,36.152832
10519,4421,-112.006714,33.435715
10520,837,-112.07285,33.449226
10521,2499,-112.11646,33.560856
10522,2499,-112.006714,33.435715
10523,2499,-115.16858,36.123478
10524,2499,-73.575935,45.5022
10525,2499,-111.995705,33.63991
10526,2499,-115.16818,36.117462
10527,2499,-89.36432,43.083252
10528,837,-111.96597,33.380142
10529,837,-112.135994,33.56674
10530,837,-111.90446,33.433537
10531,4421,-115.176414,36.092564
10532,837,-112.136734,33.391064
10533,837,-111.957985,33.40045
10534,837,-112.10023,33.626423
10535,4421,-112.006714,33.435715
10536,2517,-111.868645,33.393227
10537,4421,-115.28992,36.160503
10538,837,-112.006714,33.435715
10539,2499,-112.006714,33.435715
10540,2499,-111.92454,33.530727
10541,2499,-111.99899,33.436527
10542,2499,-112.006714,33.435715
10543,837,-115.16923,36.121773
10544,2499,-115.17089,36.114025
10545,2499,-112.006714,33.435715
10546,837,-111.88343,33.305298
10547,2499,-111.84298,33.60665
10548,2518,-112.006714,33.435715
10549,837,-111.97838,33.627045
10550,2499,-115.16938,36.12179
10551,2519,-112.16333,33.318974
10552,2499,-115.174416,36.127724
10553,837,-111.91804,33.69925
10554,2499,-111.997826,33.43523
10555,2499,-112.006714,33.435715
10556,6644,-112.006714,33.435715
10557,4421,-115.17858,36.106277
10558,837,-111.92707,33.43693
10559,837,-111.78991,33.355118
10560,837,-112.080894,33.47994
10561,2520,-111.63411,33.250214
10562,837,-111.97858,33.677853
10563,2521,-111.874146,33.31923
10564,837,-111.96338,33.675327
10565,2523,-111.858406,33.320225
10566,2524,-111.93121,33.376648
10567,837,-111.92651,33.47167
10568,2525,-112.10129,33.678238
10569,837,-111.932274,33.65684
10570,2526,-111.99583,33.44388
10571,837,-111.76328,33.45083
10572,837,-112.20556,33.66659
10573,2527,-111.94031,33.423107
10574,2528,-111.9288,33.49526
10575,837,-111.87572,33.27626
10576,2499,-73.6028,45.47854
10577,4421,-115.17712,36.13198
10578,6644,-115.17557,36.118473
10579,837,-111.92579,33.42361
10580,837,-111.875916,33.276257
10581,4421,-115.13664,36.11486
10582,837,-111.874825,33.3346
10583,2529,-111.9075,33.421463
10584,837,-112.15278,33.655704
10585,837,-111.97094,33.403538
10586,837,-111.84253,33.303234
10587,837,-111.68691,33.232372
10588,4421,-115.24186,36.062195
10589,2530,-111.96175,33.40655
10590,837,-111.859726,33.339962
10591,2531,-111.936615,33.37798
10592,2532,-111.98597,33.44858
10593,2533,-112.03147,33.48778
10594,2499,-112.04096,33.431335
10595,2499,-111.96897,33.378757
10596,837,-111.93472,33.42403
10597,837,-111.92495,33.492466
10598,2534,-111.66938,33.388798
10599,837,-111.89312,33.306385
10600,6260,-115.17086,36.10993
10601,837,-111.92445,33.539402
10602,837,-111.95943,33.522007
10603,837,-111.75418,33.385548
10604,2558,-111.92535,33.633804
10605,837,-112.06498,33.524887
10606,837,-111.86972,33.5409
10607,837,-111.92269,33.500526
10608,837,-111.9011,33.34931
10609,837,-111.909775,33.41427
10610,6644,-112.02884,33.447506
10611,837,-112.08711,33.45496
10612,837,-115.13637,36.145214
10613,2535,-111.742386,33.301224
10614,6644,-112.23156,33.63774
10615,6644,-111.89016,33.56907
10616,2536,-111.927,33.474373
10617,2499,-111.98476,33.44567
10618,837,-111.888626,33.675133
10619,2499,-115.13567,36.176983
10620,4421,-111.90296,33.43214
10621,837,-111.943146,33.38021
10622,6644,-111.99446,33.434063
10623,2537,-111.97988,33.30578
10624,2538,-112.10483,33.712284
10625,837,-111.831474,33.415382
10626,2499,-111.92584,33.49162
10627,837,-111.88324,33.583565
10628,837,-111.874306,33.31953
10629,837,-112.09457,33.636158
10630,837,-111.93966,33.42373
10631,2499,-115.16146,36.14413
10632,2539,-111.90999,33.350185
10633,837,-115.173775,36.090916
10634,837,-112.26605,33.53391
10635,4421,-111.742516,33.31984
10636,2540,-111.926025,33.623665
10637,2541,-111.9198,33.375698
10638,2542,-112.03558,33.509747
10639,2543,-112.115814,33.56101
10640,2544,-112.118774,33.572517
10641,2545,-111.96473,33.340286
10642,2546,-111.78991,33.355118
10643,837,-111.91622,33.49664
10644,2547,-111.93145,33.494205
10645,837,-112.261795,33.53378
10646,2548,-112.122604,33.581367
10647,837,-111.80486,33.33455
10648,837,-112.011116,33.378845
10649,837,-111.87581,33.321728
10650,2549,-111.917816,33.49919
10651,837,-111.938225,33.378216
10652,2550,-111.888626,33.675133
10653,837,-111.88911,33.30665
10654,837,-112.056656,33.30509
10655,837,-111.943306,33.42127
10656,837,-111.96644,33.37798
10657,837,-111.93621,33.378216
10658,837,-111.842514,33.300156
10659,837,-111.94031,33.423107
10660,837,-111.94026,33.83301
10661,2551,-111.92555,33.492203
10662,2552,-111.92328,33.676228
10663,2553,-112.23992,33.595974
10664,837,-112.07409,33.512627
10665,837,-111.97,33.45
10666,2554,-111.96375,33.31742
10667,837,-111.99478,33.337704
10668,837,-112.119194,33.60981
10669,2555,-111.754906,33.3078
10670,2556,-111.717804,33.234596
10671,2557,-111.91175,33.366447
10672,2558,-112.0135,33.583496
10673,2559,-111.923134,33.825676
10674,837,-111.97,33.45
10675,2560,-111.97,33.45
10676,837,-111.875786,33.36281
10677,837,-111.743095,33.301903
10678,837,-111.689964,33.385593
10679,837,-111.92688,33.500206
10680,2561,-112.16784,33.61331
10681,6644,-111.807144,33.333275
10682,837,-111.93084,33.439484
10683,837,-112.28051,33.46678
10684,837,-111.92857,33.498913
10685,2562,-112.2494,33.388824
10686,837,-112.01323,33.47383
10687,837,-111.91631,33.451744
10688,837,-112.09144,33.45804
10689,2563,-112.044304,33.40682
10690,837,-115.171776,36.102093
10691,2564,-112.0536,33.426933
10692,837,-112.02401,33.392956
10693,837,-112.06535,33.519577
10694,2499,-115.16841,36.12458
10695,2565,-112.09614,33.510094
10696,837,-112.03918,33.494343
10697,837,-112.12949,33.48345
10698,837,-111.92239,33.501007
10699,837,-111.92563,33.49171
10700,837,-112.232635,33.63769
10701,837,-111.85414,33.40779
10702,2566,-112.20235,33.481304
10703,2567,-111.9759,33.495018
10704,837,-111.859726,33.339962
10705,4421,-111.78979,33.357132
10706,2568,-111.93643,33.422665
10707,837,-111.85794,33.27528
10708,4421,-115.33276,36.15119
10709,2569,-111.92742,33.499
10710,2570,-111.8598,33.32111
10711,837,-111.874176,33.362934
10712,2499,-111.97389,33.317898
10713,837,-112.02222,33.3782
10714,2571,-111.90812,33.393623
10715,4421,-115.11703,36.02034
10716,2572,-112.0706,33.3791
10717,837,-112.27196,33.552067
10718,4421,-115.241516,36.064106
10719,2499,-80.84366,35.223915
10720,2499,-112.07379,33.435524
10721,4421,-111.9759,33.495018
10722,6644,-115.17726,36.094547
10723,2499,-115.28143,36.055153
10724,2573,-115.14636,36.171658
10725,837,-111.74079,33.377853
10726,837,-112.07285,33.449226
10727,837,-111.98363,33.30443
10728,837,-112.11672,33.53954
10729,837,-111.900154,33.522736
10730,837,-112.15217,33.479485
10731,2574,-111.97839,33.303967
10732,2575,-112.23629,33.633305
10733,2576,-111.86032,33.314144
10734,837,-111.99458,33.30467
10735,2577,-111.95117,33.421658
10736,837,-111.916046,33.696815
10737,837,-111.9107,33.362858
10738,837,-112.0739,33.500202
10739,4421,-111.92503,33.565964
10740,2578,-111.925255,33.508804
10741,837,-112.07373,33.381145
10742,2353,-112.17335,33.377586
10743,2579,-112.170334,33.46561
10744,837,-112.07327,33.479782
10745,2580,-111.896645,33.625317
10746,837,-112.02123,33.496204
10747,2499,-112.027016,33.377003
10748,2499,-111.99559,33.511234
10749,837,-115.170906,36.103455
10750,837,-111.88557,33.306805
10751,2581,-111.85714,33.26121
10752,837,-112.07802,33.46546
10753,2582,-111.90225,33.349472
10754,837,-112.04244,33.471443
10755,2499,-115.17318,36.110085
10756,837,-111.929596,33.414406
10757,2499,-111.84085,33.28455
10758,2583,-111.69835,33.39345
10759,837,-111.71847,33.43645
10760,6644,-112.000565,33.433685
10761,837,-111.871216,33.433098
10762,2584,-111.875916,33.276257
10763,2499,-115.15112,36.086338
10764,2585,-111.94684,33.30385
10765,837,-112.395386,33.638645
10766,2586,-111.96165,33.391808
10767,837,-111.979904,33.306664
10768,837,-111.93256,33.625645
10769,837,-111.93744,33.423515
10770,2587,-115.176414,36.092564
10771,837,-111.98909,33.42159
10772,837,-111.96717,33.421413
10773,837,-112.01291,33.39068
10774,837,-112.046555,33.50925
10775,837,-115.13803,36.11883
10776,837,-112.22137,33.467903
10777,2588,-111.93744,33.423515
10778,2589,-112.26056,33.534855
10779,2590,-111.841866,33.30207
10780,837,-112.04677,33.50889
10781,837,-111.871216,33.433098
10782,2591,-111.7253,32.879917
10783,837,-111.958885,33.34871
10784,2592,-111.95709,33.377953
10785,837,-111.91002,33.481018
10786,2593,-112.27418,33.464333
10787,837,-112.07802,33.46546
10788,837,-111.85977,33.274754
10789,2594,-111.877106,33.337326
10790,6644,-115.135,36.1155
10791,837,-115.15401,36.1169
10792,2595,-115.16967,36.11949
10793,837,-111.72063,33.23511
10794,2499,-111.92496,33.498177
10795,837,-111.821304,33.349445
10796,837,-111.94684,33.30385
10797,2596,-112.0846,33.34697
10798,837,-111.71934,33.292027
10799,837,-111.84258,33.299873
10800,2597,-111.84253,33.303234
10801,837,-112.0846,33.34697
10802,837,-111.73239,33.258827
10803,837,-112.0846,33.34697
10804,2598,-111.96016,33.421318
10805,837,-111.9224,33.500626
10806,837,-111.84253,33.303234
10807,837,-111.955025,33.348557
10808,2599,-111.92563,33.49171
10809,2600,-111.9258,33.477177
10810,837,-89.51837,43.07617
10811,837,-111.841,33.33083
10812,2601,-112.07484,33.447174
10813,2602,-111.975815,33.321735
10814,837,-111.91261,33.363747
10815,837,-115.17437,36.10206
10816,837,-111.92699,33.363747
10817,837,-111.899635,33.554825
10818,837,-111.84111,33.363014
10819,837,-111.938385,33.39157
10820,837,-111.975815,33.321735
10821,2603,-111.92595,33.422276
10822,2604,-111.96943,33.32127
10823,837,-111.94353,33.62466
10824,2605,-111.97982,33.49482
10825,837,-112.07339,33.513504
10826,837,-115.17306,36.091965
10827,837,-112.09243,33.683323
10828,1539,-112.0275,33.510235
10829,2606,-111.9754,33.32041
10830,837,-112.07064,33.44898
10831,837,-111.94975,33.349735
10832,837,-111.82591,33.29265
10833,837,-111.977715,33.317287
10834,837,-111.77229,33.415154
10835,837,-111.87594,33.337257
10836,837,-112.072014,33.455708
10837,4421,-111.90888,33.395096
10838,1445,-111.924065,33.580276
10839,837,-111.87567,33.321564
10840,837,-112.04461,33.069534
10841,2607,-111.8902,33.319973
10842,837,-111.97616,33.347683
10843,2608,-112.07908,33.49112
10844,837,-111.964966,33.501846
10845,837,-111.84253,33.33787
10846,837,-111.886635,33.57124
10847,837,-111.86027,33.262383
10848,837,-111.72101,33.43516
10849,837,-111.904366,33.49285
10850,837,-112.07469,33.484142
10851,2499,-115.17217,36.11089
10852,837,-111.977776,33.33193
10853,837,-111.75614,33.36745
10854,837,-111.91341,33.408203
10855,837,-111.9397,33.423706
10856,2644,-112.073425,33.447334
10857,837,-115.17305,36.118965
10858,6644,-111.85977,33.274754
10859,2609,-111.92589,33.586834
10860,837,-111.925766,33.319527
10861,2610,-111.89841,33.30477
10862,2611,-112.23287,33.47082
10863,4421,-112.07371,33.456326
10864,837,-111.87757,33.333683
10865,837,-112.11054,33.64068
10866,8193,-3.1827185,55.949398
10867,837,-111.874146,33.31923
10868,2612,-111.79526,33.32913
10869,2191,-111.955025,33.348557
10870,837,-111.967804,33.320557
10871,2613,-112.099915,33.503017
10872,837,-111.94983,33.3496
10873,2614,-111.925896,33.5025
10874,837,-111.85983,33.36073
10875,837,-111.96935,33.305843
10876,837,-111.90197,33.306137
10877,837,-115.14124,36.172813
10878,837,-111.98137,33.60277
10879,2499,-112.03218,33.377945
10880,2615,-111.57222,33.170277
10881,2616,-115.17818,36.10713
10882,837,-111.92365,33.625546
10883,837,-111.993385,33.408028
10884,2617,-111.927,33.474373
10885,837,-112.04471,33.070225
10886,2618,-111.982285,33.32033
10887,2619,-111.962555,33.33564
10888,2620,-111.9796,33.331047
10889,837,-115.173836,36.117283
10890,837,-111.969185,33.319244
10891,837,-112.27215,33.42205
10892,2621,-111.97988,33.30578
10893,2622,-111.8591,33.377247
10894,837,-115.15097,36.085175
10895,837,-111.87757,33.333683
10896,2623,-111.92563,33.49171
10897,2624,-111.842735,33.334564
10898,837,-111.78781,33.37842
10899,2625,-111.8902,33.319973
10900,837,-111.9796,33.331047
10901,837,-112.06836,33.457863
10902,837,-111.9796,33.331047
10903,837,-112.116264,33.576405
10904,837,-111.97964,33.329365
10905,837,-111.98044,33.331882
10906,2626,-111.92782,33.362946
10907,6644,-115.17413,36.121143
10908,837,-111.93744,33.423515
10909,837,-112.048454,33.061577
10910,837,-112.07379,33.435524
10911,2627,-111.966354,33.30606
10912,837,-111.949165,33.34961
10913,837,-111.92782,33.362946
10914,2628,-111.92248,33.49433
10915,2629,-111.9498,33.349556
10916,4421,-115.22625,36.086525
10917,837,-111.79008,33.36018
10918,837,-111.686104,33.38569
10919,2630,-111.91197,33.335354
10920,837,-111.75561,33.345997
10921,837,-111.92665,33.609993
10922,837,-112.00424,33.316216
10923,2631,-111.9819,33.348164
10924,837,-111.91029,33.321354
10925,837,-112.036964,33.60594
10926,837,-111.92659,33.349117
10927,837,-111.75276,33.395096
10928,837,-111.9253,33.685688
10929,3795,-111.983345,33.319447
10930,837,-111.92655,33.506542
10931,837,-111.84763,33.378475
10932,837,-111.962555,33.33564
10933,837,-111.98212,33.331654
10934,837,-111.82165,33.372013
10935,837,-111.97786,33.33392
10936,837,-111.908516,33.5381
10937,2632,-111.742516,33.31984
10938,2633,-111.842255,33.302425
10939,2634,-111.9198,33.375698
10940,837,-111.87564,33.336
10941,2635,-112.10023,33.626423
10942,2636,-111.92683,33.37916
10943,2637,-111.95134,33.33953
10944,837,-112.35909,33.608376
10945,2638,-112.03082,33.37865
10946,837,-111.97652,33.31724
10947,837,-111.85966,33.337532
10948,837,-111.75855,33.307358
10949,837,-111.93841,33.391586
10950,837,-111.85791,33.235134
10951,2499,-115.17205,36.11012
10952,837,-111.790085,33.35524
10953,837,-112.13459,33.595837
10954,837,-111.99131,33.305824
10955,837,-111.71776,33.436073
10956,2639,-115.295586,36.114517
10957,837,-111.925,33.508865
10958,837,-112.05627,33.472767
10959,837,-111.789856,33.356342
10960,2640,-111.93356,33.492912
10961,2641,-111.92902,33.50251
10962,2642,-111.73717,33.384033
10963,2643,-111.86569,33.53887
10964,2644,-111.9168,33.421745
10965,2645,-111.68421,33.389267
10966,2645,-111.89915,33.556744
10967,2646,-111.68976,33.37799
10968,837,-111.686104,33.38569
10969,2647,-111.747284,33.29401
10970,837,-111.92902,33.50251
10971,2648,-111.627,33.249195
10972,2649,-111.757416,33.34818
10973,837,-111.99224,33.30566
10974,681,-112.28032,33.465923
10975,2650,-111.789276,33.355034
10976,837,-111.907875,33.377914
10977,837,-111.97039,33.319077
10978,2499,-111.68562,33.385014
10979,2651,-111.8879,33.407997
10980,837,-111.92397,33.634453
10981,837,-111.80894,33.335884
10982,837,-111.789856,33.356342
10983,837,-111.969185,33.319244
10984,2652,-111.977715,33.317287
10985,2653,-111.92696,33.448082
10986,837,-112.00424,33.316216
10987,837,-112.00424,33.316216
10988,837,-111.67527,33.212574
10989,837,-111.85832,33.32686
10990,4421,-111.98224,33.319267
10991,837,-111.98224,33.319267
10992,837,-111.87605,33.3627
10993,837,-112.073685,33.396343
10994,2654,-111.9405,33.4272
10995,837,-112.10402,33.68399
10996,837,-111.92917,33.36505
10997,837,-111.90998,33.347878
10998,837,-111.692986,33.37994
10999,2655,-111.72537,33.609688
11000,837,-111.96481,33.378925
11001,2656,-111.833115,33.41547
11002,837,-111.9708,33.32128
11003,837,-111.88343,33.305298
11004,837,-111.83941,33.42292
11005,2657,-111.977356,33.320473
11006,2658,-111.98352,33.33092
11007,2659,-112.36449,33.486088
11008,837,-111.969604,33.318913
11009,837,-111.98006,33.31898
11010,837,-111.90426,33.433044
11011,837,-111.92563,33.49171
11012,4421,-111.82497,33.363434
11013,2660,-111.969185,33.319244
11014,837,-111.92133,33.636242
11015,837,-111.93022,33.321712
11016,837,-111.96382,33.44613
11017,2661,-111.92615,33.625362
11018,837,-111.91851,33.41533
11019,837,-111.96912,33.32136
11020,837,-111.97575,33.31931
11021,2662,-111.937614,33.377888
11022,2663,-111.90998,33.347878
11023,837,-111.92737,33.50323
11024,837,-111.858116,33.363865
11025,2664,-111.84253,33.303234
11026,2665,-111.92707,33.43693
11027,837,-111.89279,33.31844
11028,2499,-111.92766,33.363224
11029,2666,-115.17465,36.10597
11030,837,-111.89338,33.618755
11031,2667,-111.95213,33.399364
11032,2668,-111.80548,33.378067
11033,2669,-111.96487,33.356773
11034,837,-111.93152,33.493298
11035,2670,-111.90133,33.297695
11036,2671,-111.83933,33.246418
11037,837,-111.86019,33.306553
11038,2672,-111.7567,33.291313
11039,2673,-111.982285,33.32033
11040,837,-111.98909,33.42159
11041,2499,-111.97652,33.31724
11042,2674,-111.96372,33.34416
11043,837,-112.07052,33.436832
11044,2675,-111.92761,33.36419
11045,837,-111.94087,33.421497
11046,6644,-115.16559,36.12689
11047,837,-111.90991,33.407425
11048,837,-112.08225,33.516342
11049,837,-111.8905,33.320286
11050,837,-112.073425,33.447334
11051,837,-111.894196,33.583138
11052,2676,-112.08282,33.500736
11053,837,-111.927124,33.459255
11054,2677,-111.89234,33.582268
11055,2678,-111.875244,33.40565
11056,837,-111.74358,33.30868
11057,837,-111.98333,33.34819
11058,2679,-111.90545,33.432915
11059,837,-111.75499,33.351376
11060,2680,-111.92769,33.499382
11061,2681,-111.9161,33.419567
11062,837,-111.8741,33.31915
11063,837,-111.88815,33.56837
11064,837,-111.82242,33.349316
11065,2682,-111.78979,33.357132
11066,837,-111.943954,33.42853
11067,837,-111.90968,33.407425
11068,2683,-111.96246,33.32168
11069,837,-112.11762,33.524418
11070,837,-111.90914,33.3927
11071,837,-112.073395,33.477222
11072,2684,-80.81488,35.22101
11073,837,-111.583275,33.220783
11074,4421,-112.04767,33.483723
11075,837,-111.78973,33.354954
11076,2685,-111.97484,33.306046
11077,2686,-111.842514,33.300156
11078,2687,-111.85983,33.36073
11079,837,-112.02839,33.510456
11080,2055,-111.88407,33.261177
11081,837,-111.94684,33.30385
11082,2688,-111.94049,33.423412
11083,837,-111.958885,33.34871
11084,6644,-115.17497,36.095417
11085,2499,-80.93391,35.075474
11086,837,-111.52429,32.97815
11087,2689,-111.878235,33.375183
11088,837,-111.84111,33.363014
11089,837,-111.87436,33.336075
11090,2690,-111.803024,33.384624
11091,837,-111.892334,33.421642
11092,2691,-111.955025,33.348557
11093,4421,-115.138504,36.117256
11094,2499,-111.92415,33.50155
11095,2692,-111.98374,33.31973
11096,837,-112.07391,33.506207
11097,2693,-112.10129,33.678238
11098,2694,-111.96869,33.344906
11099,837,-111.627,33.249195
11100,2695,-111.6387,33.255863
11101,2696,-112.22263,33.609577
11102,2697,-112.073616,33.47703
11103,2499,-111.97565,33.31796
11104,837,-111.98212,33.331654
11105,2698,-111.97389,33.317898
11106,837,-111.83743,33.415432
11107,837,-111.92754,33.480732
11108,837,-111.97995,33.347176
11109,837,-112.26063,33.534527
11110,837,-111.993385,33.408028
11111,837,-111.91015,33.36143
11112,837,-111.976974,33.347782
11113,837,-111.85843,33.337612
11114,837,-112.03082,33.37865
11115,837,-111.982025,33.34806
11116,2699,-111.92575,33.406265
11117,2499,-115.17076,36.123367
11118,837,-111.968,33.31929
11119,837,-111.78603,33.30524
11120,837,-111.90884,33.34826
11121,837,-111.87757,33.333683
11122,2700,-111.92922,33.497566
11123,2701,-111.93985,33.424675
11124,2702,-111.908585,33.39378
11125,2703,-112.00319,33.317657
11126,2704,-111.99131,33.305824
11127,837,-111.94457,33.335052
11128,2499,-80.68446,35.138348
11129,2705,-112.073395,33.477222
11130,2706,-111.99242,33.304897
11131,837,-111.97904,33.33236
11132,2707,-111.98212,33.331654
11133,837,-111.9263,33.320377
11134,837,-112.126114,33.47456
11135,2708,-111.97698,33.34888
11136,2709,-112.18295,33.538418
11137,2710,-111.89652,33.305275
11138,2711,-111.99242,33.304897
11139,837,-111.982635,33.33124
11140,2712,-111.92645,33.497555
11141,2713,-111.806725,33.37938
11142,2714,-111.743095,33.301903
11143,837,-111.986916,33.449505
11144,837,-111.78777,33.379498
11145,837,-111.944405,33.319756
11146,837,-111.97565,33.31796
11147,2715,-111.927505,33.58317
11148,2716,-111.80705,33.38158
11149,2717,-111.96528,33.675354
11150,2718,-112.10967,33.712368
11151,2499,-111.982635,33.33124
11152,2719,-111.89853,33.301712
11153,837,-111.97964,33.329365
11154,837,-111.8915,33.31989
11155,837,-111.842514,33.300156
11156,837,-111.84253,33.303234
11157,837,-111.96242,33.335423
11158,837,-111.93936,33.394043
11159,837,-111.93051,33.64885
11160,837,-111.90133,33.297695
11161,837,-111.92644,33.529903
11162,2720,-111.80768,33.392765
11163,837,-111.85603,33.264694
11164,837,-112.09868,33.46693
11165,837,-111.944756,33.421448
11166,2721,-111.94718,33.30594
11167,837,-111.899864,33.305237
11168,837,-111.88343,33.305298
11169,837,-111.91065,33.361435
11170,837,-111.87782,33.306465
11171,837,-111.92638,33.49853
11172,2722,-115.16961,36.121452
11173,2723,-112.04466,33.07018
11174,2724,-111.720535,33.323475
11175,837,-111.9224,33.500626
11176,837,-111.747284,33.29401
11177,2725,-111.79045,33.27883
11178,2726,-112.23992,33.611088
11179,2727,-112.06484,33.43726
11180,837,-111.842354,33.302765
11181,2728,-111.81804,33.415565
11182,4421,-115.28344,36.055058
11183,2499,-111.99421,33.434666
11184,2499,-115.14528,36.17145
11185,2499,-115.19777,36.126934
11186,2499,-111.856964,33.235027
11187,2499,-115.174355,36.092293
11188,2499,-115.053116,36.047115
11189,4421,-115.28533,36.15953
11190,2499,-115.16084,36.139904
11191,837,-111.923065,33.49915
11192,837,-111.90849,33.430023
11193,2729,-111.8954,33.30398
11194,6644,-115.17321,36.10679
11195,2730,-111.8326,33.589123
11196,837,-111.7427,33.308807
11197,837,-111.874146,33.31923
11198,6644,-115.19189,36.126472
11199,6644,-115.144745,36.17295
11200,2731,-115.29103,36.17573
11201,837,-111.91078,33.445614
11202,2732,-112.13472,33.843456
11203,837,-111.85832,33.32686
11204,2733,-111.84253,33.33787
11205,837,-111.90998,33.347878
11206,2734,-111.97203,33.37641
11207,6644,-115.17659,36.091938
11208,2499,-115.14998,36.1055
11209,837,-111.97385,33.465874
11210,837,-111.84192,33.302013
11211,837,-112.06497,33.522144
11212,2735,-111.9258,33.477177
11213,837,-112.18482,33.65357
11214,837,-111.85576,33.39053
11215,837,-111.63351,33.25473
11216,2499,-111.87236,33.540802
11217,837,-115.14963,36.16695
11218,837,-111.585884,33.17787
11219,837,-112.35823,33.462337
11220,2736,-111.90258,33.305656
11221,2737,-111.85708,33.34842
11222,837,-111.7212,33.3666
11223,2738,-111.69662,33.384483
11224,837,-111.743195,33.303925
11225,837,-112.047104,33.530334
11226,2739,-111.90945,33.349525
11227,837,-111.93472,33.42403
11228,837,-111.923294,33.50128
11229,837,-111.973885,33.679356
11230,2740,-111.96797,33.317436
11231,837,-115.13567,36.176983
11232,837,-112.12435,33.666695
11233,837,-111.937614,33.377888
11234,837,-111.93037,33.32117
11235,2499,-111.90197,33.306137
11236,837,-111.791626,33.235634
11237,837,-111.97403,33.371136
11238,2741,-112.26852,33.55204
11239,2742,-111.906,33.542786
11240,4421,-112.09668,33.67647
11241,837,-112.11133,33.712105
11242,837,-111.741394,33.37802
11243,2743,-111.85926,33.31953
11244,837,-111.97865,33.30709
11245,2744,-111.88856,33.30633
11246,837,-111.84114,33.29091
11247,837,-111.83527,33.414715
11248,837,-111.875175,33.298653
11249,2745,-115.17496,36.121323
11250,2746,-111.85652,33.28284
11251,2747,-111.97913,33.305798
11252,837,-112.18803,33.538708
11253,837,-111.940346,33.425938
11254,2748,-112.06394,33.53876
11255,2749,-111.859726,33.339962
11256,2750,-112.15128,33.64083
11257,2751,-111.93637,33.366753
11258,837,-111.861885,33.334667
11259,3203,-111.969604,33.318913
11260,837,-112.04466,33.07018
11261,2752,-111.842514,33.300156
11262,2753,-111.89865,33.29834
11263,837,-111.94741,33.3045
11264,837,-111.97681,33.378315
11265,2754,-111.90753,33.392403
11266,2755,-112.085724,33.451614
11267,837,-112.119,33.63949
11268,2756,-112.18334,33.53896
11269,2757,-112.07461,33.474236
11270,2758,-111.807495,33.334015
11271,2759,-111.99458,33.30467
11272,2760,-111.913475,33.334187
11273,837,-111.909645,33.40716
11274,4421,-115.17538,36.09194
11275,837,-111.790375,33.260693
11276,2761,-111.9775,33.332317
11277,837,-111.91728,33.465336
11278,837,-111.969604,33.318913
11279,837,-111.97768,33.304264
11280,837,-111.89279,33.31844
11281,2762,-111.88934,33.696556
11282,837,-112.07192,33.448586
11283,837,-111.96199,33.33498
11284,2763,-111.97652,33.31724
11285,837,-111.99032,33.494995
11286,837,-111.93744,33.423515
11287,837,-111.7443,33.307983
11288,2764,-111.91693,33.42156
11289,837,-111.9748,33.280956
11290,837,-112.07397,33.513077
11291,837,-111.85966,33.313675
11292,2765,-115.17575,36.108307
11293,2766,-111.9245,33.624264
11294,837,-111.7922,33.276756
11295,2767,-111.877106,33.337326
11296,2768,-111.94513,33.34795
11297,837,-111.88172,33.63924
11298,837,-112.06296,33.656124
11299,6644,-115.17012,36.122276
11300,2769,-111.97562,33.675236
11301,2770,-111.87578,33.41316
11302,2771,-111.7903,33.329292
11303,2772,-111.96778,33.305794
11304,837,-111.994576,33.304462
11305,2773,-111.9245,33.624264
11306,2774,-111.93946,33.424164
11307,837,-111.860916,33.336426
11308,837,-111.87782,33.306465
11309,2775,-111.860565,33.364925
11310,2499,-111.93051,33.64885
11311,837,-112.06476,33.4713
11312,837,-111.87436,33.336075
11313,2776,-111.97565,33.31796
11314,2777,-111.80894,33.335884
11315,837,-112.17335,33.377586
11316,837,-111.900154,33.522736
11317,2778,-111.75614,33.36745
11318,837,-111.94718,33.30594
11319,837,-112.06466,33.476845
11320,2499,-115.14998,36.1055
11321,2779,-112.02814,33.510223
11322,837,-111.970184,33.340645
11323,2780,-111.6326,33.20059
11324,2781,-111.875336,33.277004
11325,2782,-112.0536,33.426933
11326,2783,-111.92796,33.465588
11327,2784,-111.757416,33.30427
11328,2785,-115.13056,36.10134
11329,837,-111.92531,33.526226
11330,2786,-112.22394,33.637062
11331,2787,-111.934494,33.831127
11332,837,-111.92595,33.422276
11333,837,-111.92835,33.500664
11334,2788,-111.97622,33.676357
11335,2558,-111.976555,33.677334
11336,4421,-115.25111,36.21987
11337,837,-111.97461,33.678616
11338,837,-111.931625,33.581924
11339,837,-111.8437,33.384083
11340,837,-111.97461,33.678616
11341,2499,-115.17259,36.112953
11342,837,-111.921455,33.466137
11343,837,-111.72926,33.60943
11344,837,-111.90941,33.454285
11345,837,-111.96613,33.684566
11346,837,-111.97562,33.675236
11347,2499,-115.17259,36.112953
11348,2789,-111.92432,33.499275
11349,2790,-112.201866,33.669647
11350,837,-112.068504,33.452827
11351,2791,-111.896324,33.620564
11352,837,-112.1159,33.587765
11353,2792,-111.86944,33.540287
11354,837,-112.1128,33.712425
11355,837,-111.899635,33.554825
11356,837,-112.153206,33.639908
11357,2793,-80.0176,40.439865
11358,2794,-111.92483,33.63489
11359,837,-111.97886,33.59828
11360,837,-112.26204,33.53305
11361,837,-111.92351,33.62336
11362,837,-112.111786,33.687145
11363,837,-111.901985,33.433716
11364,837,-111.99784,33.693115
11365,2795,-112.11307,33.715134
11366,837,-112.26275,33.527668
11367,837,-111.92646,33.798073
11368,837,-111.9264,33.493057
11369,837,-111.92535,33.633804
11370,837,-112.00845,33.581757
11371,4421,-111.72968,33.60833
11372,837,-111.9104,33.510536
11373,837,-111.963425,33.67557
11374,837,-111.9258,33.76929
11375,2796,-111.926735,33.657112
11376,837,-112.11395,33.713455
11377,2499,-73.57677,45.49772
11378,837,-111.921455,33.466137
11379,965,-111.90046,33.55521
11380,2797,-111.891785,33.623486
11381,837,-112.201866,33.669647
11382,837,-111.9405,33.4272
11383,837,-111.9309,33.58303
11384,837,-111.92492,33.62348
11385,837,-112.13472,33.843456
11386,837,-112.11248,33.710102
11387,2798,-111.79821,33.422718
11388,2799,-111.92672,33.48804
11389,2800,-111.891815,33.62075
11390,2801,-112.251175,33.638596
11391,837,-112.18157,33.539257
11392,837,-111.95943,33.522007
11393,6644,-115.14637,36.124424
11394,837,-111.89338,33.618755
11395,837,-111.92792,33.499535
11396,2499,-111.91804,33.69925
11397,837,-111.978226,33.675297
11398,2499,-115.17781,36.093067
11399,2802,-111.96778,33.305794
11400,837,-111.91804,33.69925
11401,2803,-115.17306,36.091965
11402,2804,-111.978516,33.66773
11403,837,-111.929985,33.496662
11404,837,-111.92861,33.581665
11405,2805,-111.89049,33.672104
11406,2806,-111.92796,33.49821
11407,6644,-115.1563,36.142338
11408,837,-111.82936,33.584393
11409,837,-111.92942,33.50284
11410,837,-111.92589,33.586834
11411,837,-112.00837,33.418617
11412,837,-111.924934,33.6239
11413,837,-111.94004,33.391876
11414,837,-111.9257,33.58142
11415,837,-111.71935,33.450123
11416,837,-111.91088,33.479633
11417,837,-112.22614,33.642326
11418,2807,-111.91712,33.64562
11419,2808,-111.91994,33.50182
11420,2809,-111.92293,33.492752
11421,837,-111.89221,33.61961
11422,2810,-111.83632,33.587124
11423,837,-111.966736,33.675854
11424,837,-111.97877,33.58394
11425,2499,-112.065636,33.44916
11426,2811,-112.152145,33.578148
11427,837,-111.87686,33.54105
11428,837,-111.94718,33.30594
11429,837,-111.928635,33.495102
11430,837,-111.93897,33.392853
11431,837,-111.94182,33.625153
11432,2812,-111.92625,33.617584
11433,837,-111.92665,33.609993
11434,2813,-112.04673,33.523743
11435,837,-111.89904,33.55519
11436,837,-112.09167,33.48015
11437,2814,-111.89221,33.61961
11438,837,-111.96444,33.67591
11439,837,-111.92492,33.62348
11440,2815,-111.99844,33.611675
11441,2499,-111.9326,33.658665
11442,2816,-111.91932,33.494606
11443,837,-111.92414,33.6247
11444,2817,-111.92644,33.44929
11445,837,-111.9326,33.658665
11446,837,-111.9326,33.658665
11447,2818,-111.88672,33.57047
11448,837,-111.88951,33.629192
11449,837,-111.9253,33.685688
11450,2499,-111.85969,33.3402
11451,2819,-111.92463,33.526604
11452,837,-111.93239,33.658146
11453,837,-112.222885,33.596703
11454,837,-111.97678,33.675884
11455,837,-111.89333,33.62839
11456,2820,-111.924675,33.676567
11457,2821,-111.93239,33.658146
11458,837,-111.92414,33.6247
11459,2822,-111.92446,33.67366
11460,837,-111.79376,33.585575
11461,2823,-111.88627,33.537872
11462,837,-111.938194,33.377796
11463,3372,-111.78953,33.354343
11464,837,-111.92339,33.5815
11465,2499,-111.79821,33.422718
11466,837,-111.88177,33.639107
11467,837,-112.260765,33.53295
11468,837,-112.04791,33.47893
11469,2824,-112.19603,33.63862
11470,2825,-112.11058,33.71298
11471,837,-111.97831,33.598694
11472,837,-112.18602,33.639835
11473,2826,-112.13472,33.843456
11474,2827,-112.14681,33.866108
11475,837,-111.90614,33.671265
11476,2828,-112.13857,33.86563
11477,4421,-112.0305,33.678318
11478,2829,-112.23536,33.6341
11479,2830,-112.114784,33.715424
11480,837,-111.89832,33.299843
11481,2831,-111.888374,33.581944
11482,837,-111.97679,33.379124
11483,2499,-115.24239,36.0542
11484,837,-111.96175,33.391743
11485,837,-112.12437,33.66669
11486,837,-112.25197,33.596226
11487,837,-111.922646,33.82522
11488,2832,-112.06892,33.640152
11489,837,-112.06096,33.50953
11490,2833,-111.87564,33.336
11491,837,-111.867714,33.4341
11492,837,-111.75276,33.395096
11493,2834,-111.85966,33.313675
11494,837,-111.81804,33.415565
11495,1066,-111.947525,33.407562
11496,2835,-111.77365,33.293755
11497,2836,-111.88407,33.261177
11498,837,-112.18333,33.53888
11499,837,-111.742386,33.301224
11500,2837,-111.80456,33.388237
11501,2856,-111.79821,33.422718
11502,2838,-111.93897,33.392853
11503,2839,-112.089836,33.457226
11504,2840,-112.01296,33.390827
11505,2841,-115.14624,36.171215
11506,837,-111.97303,33.466007
11507,837,-112.03612,33.37785
11508,837,-111.908585,33.39378
11509,2842,-111.860565,33.364925
11510,837,-111.74323,33.30842
11511,837,-111.877106,33.337326
11512,2843,-111.897804,33.31968
11513,837,-111.97359,33.281574
11514,2844,-111.906044,33.43245
11515,2845,-111.84164,33.322445
11516,2846,-111.75622,33.379227
11517,2846,-112.06516,33.519554
11518,837,-111.93685,33.42355
11519,837,-112.040794,33.68793
11520,837,-111.87205,33.391644
11521,2847,-112.11836,33.58035
11522,4421,-111.79526,33.32913
11523,837,-111.96483,33.349598
11524,4421,-111.75459,33.38057
11525,2848,-111.69727,33.393524
11526,837,-111.89477,33.627304
11527,837,-112.031555,33.37941
11528,837,-111.68451,33.285202
11529,2849,-111.8063,33.379913
11530,837,-111.88741,33.629776
11531,2850,-111.95036,33.4216
11532,2851,-111.94031,33.423107
11533,2852,-111.89997,33.4276
11534,2853,-111.87247,33.378014
11535,2854,-111.92502,33.421772
11536,2855,-111.92826,33.363983
11537,2856,-111.78953,33.354343
11538,837,-111.89827,33.29958
11539,2857,-111.6387,33.255863
11540,837,-111.62122,33.250507
11541,837,-111.96246,33.32168
11542,2858,-111.939766,33.42518
11543,2859,-115.174644,36.109913
11544,837,-111.89353,33.39242
11545,2860,-111.75614,33.36745
11546,837,-111.743416,33.307533
11547,837,-111.69276,33.393444
11548,837,-112.074036,33.448376
11549,837,-111.9651,33.676926
11550,837,-111.80885,33.378555
11551,837,-111.716736,33.262703
11552,837,-112.06543,33.56062
11553,2480,-111.79821,33.422718
11554,837,-111.78678,33.450356
11555,837,-112.18721,33.566982
11556,2861,-115.262474,36.219177
11557,837,-111.91967,33.41524
11558,2862,-111.99559,33.511234
11559,837,-111.93985,33.424675
11560,837,-111.92635,33.496613
11561,2863,-111.92303,33.49946
11562,837,-111.83527,33.414715
11563,837,-111.860565,33.364925
11564,2864,-111.9013,33.349308
11565,2865,-111.92861,33.638184
11566,2866,-111.8664,33.436615
11567,2867,-111.86292,33.39466
11568,2868,-111.98617,33.510483
11569,837,-111.87471,33.307434
11570,837,-115.1755,36.11685
11571,837,-111.868645,33.393227
11572,837,-111.85983,33.36073
11573,837,-111.96778,33.305794
11574,837,-111.84114,33.29091
11575,837,-111.87543,33.394417
11576,837,-111.87379,33.412354
11577,2869,-111.80274,33.384647
11578,2870,-112.073875,33.446995
11579,2871,-111.86092,33.336273
11580,4421,-111.87511,33.394802
11581,837,-111.87379,33.412354
11582,6644,-111.66622,33.380424
11583,837,-111.85818,33.327183
11584,837,-115.14637,36.124424
11585,837,-111.934975,33.422768
11586,2872,-111.93962,33.42344
11587,837,-111.684975,33.436657
11588,837,-111.97681,33.378315
11589,837,-111.8754,33.337067
11590,837,-111.789505,33.452507
11591,837,-111.686104,33.38569
11592,837,-111.87605,33.3627
11593,4421,-115.28637,36.157627
11594,837,-111.909386,33.485096
11595,837,-111.85926,33.31953
11596,837,-111.86267,33.32013
11597,2873,-111.75667,33.383705
11598,837,-111.90862,33.377403
11599,837,-111.85414,33.40779
11600,837,-111.93644,33.422863
11601,2874,-111.77165,33.406406
11602,2875,-111.90011,33.306244
11603,2876,-111.77365,33.293755
11604,2877,-111.94025,33.423023
11605,837,-111.858406,33.320225
11606,837,-112.07551,33.449596
11607,837,-111.997696,33.435596
11608,2878,-111.968025,33.318443
11609,2879,-111.92685,33.48692
11610,837,-115.17641,36.11316
11611,837,-111.92373,33.635464
11612,837,-111.788925,33.344063
11613,837,-111.89776,33.320126
11614,837,-112.07275,33.46677
11615,4421,-111.94668,33.421616
11616,837,-111.79242,33.378643
11617,2499,-115.20974,36.114937
11618,837,-111.87594,33.337257
11619,837,-111.789505,33.452507
11620,2880,-111.874825,33.3346
11621,837,-111.91002,33.395737
11622,837,-111.68719,33.375053
11623,2881,-115.176,36.119038
11624,837,-111.92559,33.564953
11625,837,-111.98909,33.42159
11626,2264,-112.068504,33.452827
11627,837,-111.74272,33.31082
11628,2882,-111.92716,33.45379
11629,2883,-111.87543,33.394417
11630,2884,-111.925934,33.409798
11631,1485,-111.87543,33.394417
11632,837,-111.87511,33.394802
11633,837,-111.84582,33.334644
11634,837,-111.74266,33.3004
11635,837,-111.87543,33.394417
11636,837,-115.13534,36.028603
11637,837,-111.92828,33.36344
11638,2885,-111.87543,33.394417
11639,837,-111.868805,33.393803
11640,2499,-111.929924,33.349712
11641,2886,-112.39387,33.452614
11642,837,-111.79001,33.23642
11643,837,-111.634476,33.249775
11644,837,-111.79821,33.422718
11645,837,-111.84253,33.303234
11646,837,-111.859726,33.339962
11647,2887,-111.87543,33.394417
11648,2499,-115.17012,36.122276
11649,837,-111.90862,33.377403
11650,837,-111.92782,33.362946
11651,837,-111.68387,33.3926
11652,837,-111.82584,33.41346
11653,2888,-111.88407,33.261177
11654,837,-111.97295,33.281567
11655,837,-111.84292,33.351166
11656,837,-111.88066,33.36436
11657,837,-111.9161,33.419567
11658,837,-111.873955,33.276634
11659,837,-111.941376,33.423275
11660,2499,-111.83125,33.43753
11661,837,-111.87372,33.379093
11662,837,-111.87594,33.337257
11663,2889,-111.92638,33.49853
11664,837,-111.87372,33.379093
11665,2499,-111.873634,33.304493
11666,837,-111.70649,33.36442
11667,2890,-111.96154,33.31921
11668,2891,-111.89307,33.3633
11669,2892,-111.8664,33.436615
11670,837,-111.90046,33.55521
11671,2499,-111.926765,33.501877
11672,837,-111.74394,33.29779
11673,837,-112.07401,33.45038
11674,837,-112.273315,33.708637
11675,837,-111.78953,33.354343
11676,2893,-80.00245,40.440094
11677,837,-111.83481,33.585255
11678,837,-111.98909,33.42159
11679,837,-111.91348,33.41466
11680,2894,-111.90383,33.433975
11681,837,-111.757416,33.30427
11682,837,-111.94024,33.425488
11683,837,-112.073425,33.447334
11684,837,-111.90979,33.48124
11685,837,-111.77586,33.336002
11686,2895,-111.63411,33.250214
11687,837,-88.24355,40.11822
11688,2896,-111.846344,33.334545
11689,2897,-111.90811,33.406574
11690,837,-111.85407,33.39349
11691,837,-111.90186,33.433514
11692,837,-111.87511,33.394802
11693,837,-111.83941,33.42292
11694,837,-112.07371,33.456326
11695,837,-111.874176,33.393314
11696,837,-111.90871,33.421734
11697,837,-111.86011,33.341
11698,2499,-111.92571,33.493233
11699,837,-112.22069,33.5948
11700,2898,-111.75614,33.36745
11701,2899,-111.70649,33.36442
11702,2900,-111.964485,33.38312
11703,837,-111.77975,33.37889
11704,2901,-111.686104,33.38569
11705,837,-111.756966,33.381126
11706,837,-111.9405,33.42791
11707,837,-111.789856,33.356342
11708,2902,-111.858406,33.320225
11709,837,-111.75456,33.38172
11710,2903,-111.686104,33.38569
11711,2904,-111.90133,33.297695
11712,837,-112.082344,33.46532
11713,837,-112.07161,33.458847
11714,837,-111.85913,33.3926
11715,2905,-111.85913,33.3926
11716,837,-111.77204,33.418068
11717,837,-111.88573,33.56917
11718,837,-115.17457,36.11622
11719,837,-111.8879,33.407997
11720,2906,-112.072266,33.458782
11721,837,-112.085464,33.44743
11722,837,-111.89853,33.301712
11723,837,-111.78983,33.354767
11724,2907,-111.90752,33.4066
11725,837,-111.83632,33.587124
11726,2908,-111.98451,33.509106
11727,2909,-111.90545,33.432915
11728,837,-111.68445,33.40964
11729,837,-112.01175,33.509346
11730,2910,-111.8664,33.436615
11731,2911,-111.68226,33.46673
11732,2912,-111.8879,33.407997
11733,2913,-111.8879,33.407997
11734,2914,-111.936,33.41438
11735,2915,-111.84111,33.363014
11736,2916,-111.88407,33.261177
11737,2917,-111.716896,33.43614
11738,837,-111.87605,33.3627
11739,2918,-111.926895,33.445057
11740,2919,-111.9759,33.495018
11741,2920,-111.968124,33.336864
11742,2921,-111.85686,33.423595
11743,837,-111.73575,33.439777
11744,837,-111.90436,33.670033
11745,2922,-111.77341,33.29329
11746,2923,-112.06899,33.45917
11747,2924,-111.85926,33.319534
11748,2925,-111.88076,33.574825
11749,837,-111.94457,33.335052
11750,2499,-111.94741,33.3045
11751,2926,-115.13808,36.167904
11752,837,-111.83645,33.586655
11753,837,-112.0696,33.4492
11754,837,-111.87926,33.63937
11755,2927,-112.0772,33.44919
11756,837,-111.71838,33.43691
11757,837,-111.968025,33.318443
11758,2928,-111.93897,33.392853
11759,2929,-111.907524,33.421535
11760,837,-111.90849,33.430023
11761,837,-111.91124,33.362206
11762,837,-111.59897,33.379505
11763,837,-111.79014,33.36119
11764,837,-79.913895,40.45003
11765,837,-111.860565,33.364925
11766,837,-111.92427,33.492287
11767,2930,-111.78899,33.28166
11768,837,-111.74184,33.307846
11769,2931,-111.7534,33.3807
11770,837,-112.01186,33.46604
11771,2932,-111.8678,33.43389
11772,837,-111.72112,33.36568
11773,2933,-111.97952,33.6384
11774,2934,-111.78676,33.397243
11775,837,-111.935684,33.377502
11776,837,-111.90545,33.432915
11777,2935,-111.74313,33.301888
11778,837,-111.970184,33.340645
11779,2936,-111.8905,33.320286
11780,2937,-112.013855,33.63044
11781,4421,-111.771774,33.336906
11782,837,-111.93257,33.4957
11783,837,-111.790115,33.356728
11784,837,-111.78441,33.379513
11785,837,-111.67527,33.212574
11786,837,-111.73684,33.381355
11787,2938,-111.75447,33.278015
11788,837,-111.874306,33.31953
11789,837,-111.84111,33.363014
11790,837,-111.789055,33.35924
11791,4421,-115.16363,36.13698
11792,2499,-111.90812,33.393623
11793,837,-111.673195,33.415466
11794,837,-115.17849,36.10924
11795,837,-111.6002,33.39488
11796,2939,-111.88343,33.305298
11797,837,-111.75855,33.307465
11798,837,-111.98095,33.304028
11799,837,-111.78984,33.3546
11800,837,-111.74079,33.377853
11801,2940,-111.8323,33.378372
11802,837,-111.95392,33.40789
11803,2941,-111.8063,33.379913
11804,2942,-111.875786,33.36281
11805,2943,-112.20527,33.459717
11806,2944,-111.78603,33.30524
11807,837,-115.1684,36.124554
11808,837,-111.71935,33.450123
11809,837,-111.821304,33.349445
11810,2945,-111.87605,33.3627
11811,2946,-111.752884,33.37769
11812,2947,-111.755745,33.366947
11813,2948,-112.01307,33.610554
11814,2949,-111.74394,33.29779
11815,1642,-111.84237,33.303696
11816,2950,-111.754395,33.38372
11817,2951,-111.858406,33.320225
11818,2952,-111.633095,33.24912
11819,2953,-111.754395,33.38372
11820,837,-111.88353,33.58348
11821,1729,-111.979546,33.640232
11822,837,-111.76795,33.38265
11823,837,-112.10967,33.712368
11824,837,-112.09243,33.683323
11825,2954,-111.92074,33.414455
11826,837,-112.20063,33.58138
11827,2955,-111.79045,33.27883
11828,2956,-111.93608,33.480637
11829,2957,-111.99402,33.49537
11830,2958,-111.756096,33.366714
11831,837,-111.75574,33.367744
11832,837,-111.7534,33.3807
11833,2959,-111.752884,33.37769
11834,837,-112.01317,33.59627
11835,837,-111.83196,33.415424
11836,2960,-111.804855,33.385117
11837,837,-111.684425,33.4669
11838,2961,-115.17322,36.10419
11839,1071,-111.74367,33.29674
11840,2962,-111.81534,33.436394
11841,837,-111.804855,33.385117
11842,837,-111.878716,33.58142
11843,2963,-111.78777,33.379498
11844,2964,-111.59897,33.379505
11845,2499,-111.9515,33.304844
11846,2965,-111.79094,33.379986
11847,2966,-112.073425,33.447334
11848,837,-111.83145,33.42036
11849,2967,-111.80468,33.387955
11850,837,-111.92595,33.422276
11851,837,-111.721886,33.29381
11852,2968,-111.87834,33.379646
11853,2969,-112.10023,33.626423
11854,2970,-111.790016,33.35597
11855,837,-111.78777,33.379498
11856,837,-111.77165,33.406406
11857,2971,-111.720535,33.323475
11858,4421,-115.09903,36.072247
11859,2972,-111.85407,33.39349
11860,2973,-111.789505,33.452507
11861,2974,-111.790115,33.356728
11862,837,-111.71877,33.435844
11863,2975,-112.06481,33.5617
11864,837,-111.74355,33.307823
11865,837,-112.14982,33.640068
11866,2976,-111.80274,33.384647
11867,2977,-111.90545,33.432915
11868,2978,-111.78727,33.393917
11869,2979,-111.78514,33.334938
11870,837,-111.86175,33.38956
11871,837,-111.74564,33.296097
11872,837,-111.79164,33.270878
11873,837,-111.89853,33.301712
11874,837,-111.75732,33.30725
11875,837,-111.94329,33.421608
11876,2980,-111.8664,33.436615
11877,2981,-111.86598,33.42286
11878,2982,-111.633095,33.24912
11879,6644,-115.17493,36.10478
11880,2983,-111.80594,33.33377
11881,837,-115.16912,36.103695
11882,837,-111.72392,33.32106
11883,2984,-111.82608,33.434383
11884,837,-111.78968,33.361633
11885,2985,-111.886246,33.30637
11886,837,-111.80518,33.38179
11887,2986,-111.72392,33.32106
11888,837,-111.96717,33.421413
11889,2987,-111.63411,33.250214
11890,2988,-112.00319,33.317657
11891,837,-111.789276,33.355034
11892,2989,-112.036964,33.60594
11893,837,-111.80823,33.379463
11894,4421,-115.17618,36.115856
11895,2990,-112.0404,33.509445
11896,837,-111.68288,33.468143
11897,837,-111.87757,33.333683
11898,452,-111.80509,33.384415
11899,2991,-115.17375,36.103863
11900,837,-111.85966,33.313675
11901,2992,-111.75456,33.38172
11902,2993,-111.88343,33.305298
11903,837,-115.16918,36.10844
11904,2994,-111.842636,33.32724
11905,6644,-112.000565,33.433685
11906,2499,-111.791824,33.234974
11907,837,-111.91462,33.393013
11908,837,-111.78991,33.355118
11909,837,-111.721756,33.381763
11910,837,-112.07397,33.513077
11911,2995,-111.72394,33.379185
11912,2998,-111.79821,33.422718
11913,2996,-111.76328,33.45083
11914,2997,-111.789505,33.452507
11915,2998,-111.77165,33.406406
11916,837,-111.79163,33.23606
11917,837,-111.84105,33.396664
11918,837,-111.789276,33.355034
11919,837,-111.89913,33.524178
11920,837,-111.806725,33.37938
11921,2999,-111.741394,33.37802
11922,3000,-111.717384,33.39318
11923,837,-111.752884,33.37769
11924,837,-111.89351,33.627815
11925,2499,-111.7427,33.308807
11926,837,-112.00837,33.418617
11927,3001,-111.68976,33.37799
11928,837,-111.76795,33.38265
11929,837,-111.727486,33.415222
11930,837,-111.78678,33.450356
11931,3002,-111.924385,33.53924
11932,3003,-111.80628,33.384315
11933,837,-111.789505,33.452507
11934,837,-111.74256,33.37828
11935,837,-112.11886,33.47985
11936,837,-111.74355,33.307823
11937,837,-111.78861,33.43749
11938,837,-111.92555,33.564976
11939,3005,-111.81804,33.415565
11940,3006,-111.87138,33.43566
11941,837,-111.7212,33.3666
11942,3007,-111.68464,33.395008
11943,837,-111.83937,33.419865
11944,837,-111.75931,33.3063
11945,837,-111.77165,33.406406
11946,837,-111.77165,33.406406
11947,837,-111.871216,33.433098
11948,837,-112.10023,33.626423
11949,837,-111.714134,33.320774
11950,3008,-111.841194,33.395535
11951,837,-112.13265,33.655247
11952,3009,-111.969185,33.319244
11953,3010,-111.80768,33.392765
11954,4421,-115.24487,36.17133
11955,3011,-111.80768,33.392765
11956,3012,-111.72394,33.379185
11957,837,-111.908745,33.335804
11958,837,-111.90892,33.48611
11959,4421,-115.14124,36.172813
11960,837,-111.68719,33.375053
11961,3013,-115.163124,36.133614
11962,3014,-111.80768,33.392765
11963,3015,-111.80274,33.384647
11964,837,-115.17577,36.011356
11965,837,-111.929794,33.49288
11966,837,-111.74266,33.3004
11967,837,-111.79129,33.33169
11968,3016,-111.91241,33.39337
11969,837,-111.7882,33.38706
11970,3017,-111.83527,33.414715
11971,3018,-111.78983,33.354767
11972,837,-111.7882,33.38706
11973,837,-111.953125,33.42159
11974,3019,-112.05403,33.306946
11975,837,-111.90948,33.394966
11976,837,-111.6831,33.46828
11977,3020,-112.072395,33.448742
11978,2921,-111.6343,33.248665
11979,3021,-111.93816,33.464462
11980,837,-111.74097,33.37795
11981,837,-111.78979,33.357132
11982,3022,-111.75599,33.379623
11983,837,-111.69498,33.39242
11984,837,-112.073425,33.447334
11985,3023,-111.9405,33.4272
11986,837,-111.91967,33.41524
11987,3024,-111.90133,33.297695
11988,837,-111.92588,33.61741
11989,3025,-111.724396,33.380516
11990,3026,-111.741394,33.37802
11991,837,-111.806335,33.383766
11992,837,-111.75483,33.308563
11993,837,-111.74268,33.381622
11994,837,-111.68856,33.38023
11995,3027,-111.69806,33.354465
11996,6644,-111.87718,33.378845
11997,837,-111.6887,33.39367
11998,837,-111.888016,33.307858
11999,837,-111.85818,33.327183
12000,3028,-111.69801,33.385525
12001,3029,-111.69801,33.385525
12002,837,-112.18295,33.538418
12003,837,-111.75701,33.383377
12004,3030,-115.17818,36.106815
12005,3031,-111.684975,33.436657
12006,837,-111.8437,33.384083
12007,837,-111.69439,33.392826
12008,3032,-111.68389,33.413578
12009,3033,-111.872856,33.30671
12010,837,-111.95392,33.40789
12011,3034,-111.929535,33.502132
12012,3035,-111.80629,33.38337
12013,837,-111.790115,33.356728
12014,837,-111.753044,33.392246
12015,837,-111.831474,33.415382
12016,3036,-111.96797,33.32236
12017,3037,-111.584785,33.179802
12018,837,-111.68464,33.395008
12019,3038,-111.73684,33.381355
12020,837,-112.065636,33.44916
12021,3185,-111.96185,33.34713
12022,3039,-111.77204,33.418068
12023,3040,-111.6387,33.255863
12024,3041,-111.92318,33.500515
12025,837,-111.8678,33.43389
12026,837,-111.68562,33.385014
12027,837,-111.78991,33.355118
12028,3042,-111.68507,33.423904
12029,837,-111.926445,33.3832
12030,837,-111.6692,33.30979
12031,3044,-111.8063,33.379913
12032,837,-111.742516,33.31984
12033,3045,-111.899666,33.307087
12034,3046,-111.83196,33.415424
12035,837,-111.68421,33.389267
12036,3047,-111.80705,33.38158
12037,837,-111.80445,33.37847
12038,837,-111.68421,33.389267
12039,837,-111.78968,33.361633
12040,2499,-111.74272,33.31082
12041,3048,-111.91002,33.395737
12042,837,-111.75866,33.305325
12043,3049,-111.99224,33.30566
12044,788,-111.97988,33.30578
12045,837,-111.92606,33.48357
12046,3050,-115.1726,36.118793
12047,3051,-111.88407,33.261177
12048,6644,-111.90545,33.432915
12049,3052,-111.87572,33.27626
12050,3053,-111.752594,33.39309
12051,837,-111.789505,33.452507
12052,837,-111.69572,33.393536
12053,837,-111.77204,33.418068
12054,837,-111.687454,33.325714
12055,3054,-111.80411,33.38449
12056,2499,-115.17143,36.109825
12057,2499,-115.17509,36.143238
12058,6644,-115.17453,36.112377
12059,837,-111.67955,33.38468
12060,837,-111.69477,33.416233
12061,837,-112.0741,33.506855
12062,3055,-111.75667,33.383705
12063,2499,-111.94687,33.33361
12064,837,-111.76014,33.30625
12065,837,-111.68502,33.46734
12066,3056,-111.746376,33.309944
12067,3057,-111.86142,33.37831
12068,2499,-111.72392,33.32106
12069,3058,-111.916115,33.54898
12070,3059,-111.87138,33.43566
12071,3060,-111.98352,33.33092
12072,837,-111.97437,33.521954
12073,3191,-111.73575,33.439777
12074,837,-112.17962,33.638466
12075,2499,-111.98909,33.42159
12076,3061,-111.97678,33.675884
12077,3288,-111.75918,33.306633
12078,6644,-111.87236,33.540802
12079,837,-111.78749,33.376934
12080,837,-111.87782,33.306465
12081,3062,-111.757675,33.307476
12082,837,-111.90513,33.41494
12083,3063,-111.755455,33.379627
12084,3064,-115.17234,36.110107
12085,3065,-111.842026,33.302025
12086,3066,-111.75667,33.383705
12087,3067,-111.67911,33.38563
12088,837,-111.66622,33.380424
12089,3068,-115.11901,36.23865
12090,3069,-111.74188,33.311485
12091,3070,-111.77341,33.29329
12092,3071,-111.67955,33.38468
12093,837,-111.9007,33.305264
12094,3072,-111.91492,33.421413
12095,837,-111.79017,33.232506
12096,3073,-111.84763,33.378475
12097,6644,-115.333855,36.155964
12098,3074,-115.15112,36.086338
12099,4421,-111.90231,33.466187
12100,837,-111.88407,33.261177
12101,3075,-111.68464,33.395008
12102,837,-111.90225,33.349472
12103,5881,-80.85288,35.21601
12104,3076,-111.80274,33.384647
12105,837,-111.969185,33.33752
12106,837,-111.77134,33.33696
12107,3077,-111.87434,33.33615
12108,837,-111.92239,33.501007
12109,837,-112.03218,33.377945
12110,837,-115.1613,36.138298
12111,837,-111.8323,33.378372
12112,837,-111.90983,33.48084
12113,3078,-111.66622,33.380424
12114,3079,-115.25931,36.191574
12115,3080,-111.8512,33.393814
12116,837,-111.8512,33.393814
12117,3081,-111.8512,33.393814
12118,3082,-115.178215,36.068935
12119,3083,-111.859055,33.34164
12120,3084,-115.1873,36.11812
12121,837,-111.899635,33.554825
12122,3085,-112.08227,33.4657
12123,6644,-115.141884,36.16918
12124,3086,-111.840355,33.418373
12125,837,-111.90979,33.48124
12126,837,-111.925064,33.61855
12127,837,-111.79151,33.365788
12128,837,-111.93966,33.42373
12129,3088,-111.877014,33.37755
12130,1443,-115.17712,36.13198
12131,3681,-111.84114,33.29091
12132,3089,-112.261986,33.534485
12133,3090,-111.790115,33.356728
12134,837,-111.84996,33.379585
12135,837,-112.339,33.4801
12136,3091,-112.13459,33.595837
12137,3092,-111.92691,33.463375
12138,837,-111.9258,33.477177
12139,837,-111.78979,33.35617
12140,837,-111.92241,33.49182
12141,837,-111.86027,33.262383
12142,3093,-111.790085,33.35524
12143,3094,-111.82394,33.348804
12144,837,-111.842026,33.302025
12145,837,-111.909645,33.40716
12146,837,-111.6875,33.313904
12147,837,-111.9265,33.49973
12148,3095,-111.85983,33.36073
12149,837,-111.89337,33.32015
12150,6644,-111.85983,33.36073
12151,3096,-111.8954,33.30398
12152,837,-112.01189,33.655605
12153,837,-111.84085,33.28455
12154,837,-112.08452,33.49523
12155,3097,-111.92613,33.481922
12156,837,-111.92756,33.38369
12157,3098,-111.936104,33.378223
12158,837,-112.23968,33.609863
12159,837,-111.93644,33.37779
12160,3225,-111.92639,33.320343
12161,837,-112.06555,33.488495
12162,837,-111.68566,33.436775
12163,3099,-112.04086,33.431583
12164,2499,-115.18918,36.117443
12165,3100,-112.119316,33.492138
12166,3101,-111.72101,33.43516
12167,837,-111.627,33.249195
12168,837,-111.8437,33.384083
12169,837,-111.96016,33.421318
12170,837,-111.9013,33.349308
12171,3102,-111.72392,33.32106
12172,837,-111.89946,33.557293
12173,837,-111.79046,33.322083
12174,837,-111.9864,33.5107
12175,3103,-111.79046,33.322083
12176,3104,-111.83956,33.380013
12177,837,-111.79094,33.379986
12178,837,-111.8437,33.384083
12179,837,-111.88343,33.305298
12180,837,-111.790085,33.35524
12181,3105,-111.787025,33.27578
12182,837,-111.92471,33.421352
12183,837,-111.873634,33.304493
12184,837,-111.92534,33.4944
12185,3106,-112.07421,33.448036
12186,837,-111.926445,33.490032
12187,837,-111.78888,33.276566
12188,6644,-111.938385,33.39157
12189,837,-111.78645,33.30592
12190,3107,-111.790085,33.35524
12191,837,-111.84253,33.303234
12192,837,-111.92993,33.350018
12193,837,-112.189316,33.640514
12194,3108,-111.90998,33.347878
12195,2499,-111.95375,33.407803
12196,3109,-111.858246,33.26385
12197,837,-111.85983,33.36073
12198,3110,-111.88441,33.261173
12199,2499,-115.17684,36.1206
12200,6279,-111.85983,33.36073
12201,3111,-111.79008,33.360817
12202,3112,-111.790085,33.35524
12203,837,-111.98212,33.331654
12204,837,-111.860565,33.364925
12205,837,-111.94378,33.31869
12206,837,-111.79821,33.422718
12207,3113,-111.79019,33.361027
12208,837,-111.91769,33.49328
12209,3114,-111.92502,33.421772
12210,837,-111.94049,33.423412
12211,3115,-111.90991,33.407425
12212,837,-111.92933,33.319374
12213,3116,-111.85983,33.36073
12214,3117,-111.941124,33.394775
12215,3118,-111.98909,33.42159
12216,3119,-111.85983,33.36073
12217,837,-111.85983,33.36073
12218,837,-111.741394,33.37802
12219,837,-111.92708,33.335384
12220,837,-89.38695,43.07489
12221,837,-111.63411,33.250214
12222,837,-111.86598,33.42286
12223,837,-111.868286,33.47269
12224,837,-111.842735,33.334564
12225,3120,-115.159805,36.113083
12226,837,-111.92632,33.494377
12227,837,-111.84261,33.302094
12228,3121,-111.78979,33.357132
12229,837,-111.87594,33.337257
12230,837,-111.92683,33.37916
12231,8096,-111.685936,33.465904
12232,837,-111.92239,33.501007
12233,3122,-111.68719,33.375053
12234,3123,-111.83974,33.4261
12235,3124,-115.17202,36.09012
12236,837,-111.947716,33.304634
12237,3125,-111.668945,33.30716
12238,837,-111.789444,33.3702
12239,837,-111.789856,33.356342
12240,3126,-111.88488,33.26122
12241,3127,-111.94668,33.421616
12242,3128,-112.06476,33.471985
12243,837,-112.11821,33.578693
12244,3129,-111.687454,33.233463
12245,3130,-111.840744,33.380833
12246,837,-111.94012,33.426956
12247,837,-111.940254,33.425964
12248,837,-111.84248,33.246338
12249,837,-111.634476,33.249775
12250,837,-111.9276,33.498474
12251,3131,-111.91033,33.486916
12252,4421,-115.20942,36.12682
12253,3132,-111.8758,33.41271
12254,837,-111.75338,33.38142
12255,837,-111.73494,33.322815
12256,837,-111.858246,33.26385
12257,3133,-111.787224,33.38144
12258,837,-111.78968,33.361633
12259,3134,-111.943954,33.42853
12260,837,-111.787735,33.391663
12261,3135,-111.8557,33.39083
12262,837,-111.899666,33.307087
12263,3136,-111.63302,33.37818
12264,837,-111.92255,33.63534
12265,837,-111.875336,33.277004
12266,3137,-115.17767,36.10741
12267,837,-111.86569,33.538586
12268,3138,-111.66622,33.380424
12269,837,-111.752884,33.37769
12270,3139,-111.636986,33.251755
12271,3140,-111.92898,33.494953
12272,837,-111.92562,33.493855
12273,3141,-112.073425,33.447334
12274,3142,-111.78984,33.3546
12275,3143,-111.939285,33.39397
12276,837,-112.37166,33.465446
12277,837,-111.89283,33.58325
12278,837,-111.89477,33.627304
12279,3144,-111.68507,33.423904
12280,2103,-111.78898,33.28172
12281,2499,-115.2948,36.166573
12282,2499,-111.89853,33.301712
12283,2499,-115.17234,36.110107
12284,837,-112.06723,33.457756
12285,837,-111.83481,33.585255
12286,837,-111.68428,33.265472
12287,3145,-111.63486,33.249313
12288,3146,-111.55244,33.41555
12289,837,-111.90228,33.43014
12290,3147,-111.68492,33.436592
12291,3148,-112.23992,33.611088
12292,3149,-115.1639,36.06017
12293,2499,-111.48097,33.458023
12294,837,-112.06096,33.50953
12295,3150,-112.073494,33.491695
12296,4421,-115.09279,36.1296
12297,837,-112.07377,33.45838
12298,4421,-115.287285,36.28381
12299,3151,-111.84133,33.285023
12300,837,-111.87702,33.377583
12301,837,-111.73956,32.887573
12302,837,-112.42678,33.448696
12303,3152,-111.68897,32.87905
12304,6644,-112.07425,33.50949
12305,837,-115.0849,36.133053
12306,837,-111.7922,33.276756
12307,4421,-115.333855,36.155964
12308,3153,-111.92948,33.319237
12309,837,-111.8905,33.320286
12310,837,-111.99458,33.30467
12311,837,-111.929375,33.622887
12312,837,-111.9635,33.35114
12313,3154,-111.78991,33.355118
12314,837,-111.874146,33.31923
12315,3155,-111.94819,33.393543
12316,837,-111.99511,33.494488
12317,837,-112.34139,33.438656
12318,837,-111.840355,33.418373
12319,837,-111.85414,33.40779
12320,837,-111.92993,33.49451
12321,837,-111.90802,33.422424
12322,837,-112.00319,33.317657
12323,837,-111.993256,33.30576
12324,3156,-111.90804,33.31944
12325,837,-111.94858,33.832657
12326,3157,-111.87471,33.307434
12327,837,-111.9161,33.419567
12328,3158,-115.249084,36.21561
12329,3159,-111.841064,33.302135
12330,3160,-111.92481,33.421085
12331,837,-111.90577,33.414867
12332,837,-111.7091,33.587894
12333,837,-111.755875,33.303925
12334,837,-111.71935,33.450123
12335,6644,-115.112,36.10026
12336,3161,-111.85966,33.337532
12337,3162,-111.88728,33.306297
12338,2499,-111.94996,33.451237
12339,837,-112.13004,33.451138
12340,837,-111.90804,33.33591
12341,837,-111.860954,33.3336
12342,3163,-111.97698,33.34888
12343,837,-111.84248,33.246338
12344,4421,-111.87922,33.581512
12345,837,-111.909355,33.485703
12346,3164,-111.79242,33.378643
12347,3165,-111.85977,33.274754
12348,837,-111.9011,33.34931
12349,837,-111.96676,33.317368
12350,3166,-111.92591,33.654182
12351,837,-111.88343,33.305298
12352,837,-112.38777,33.465282
12353,837,-111.84252,33.33954
12354,837,-111.756966,33.381126
12355,837,-111.84229,33.33884
12356,837,-111.75447,33.278015
12357,837,-111.96262,33.348618
12358,837,-111.91169,33.321255
12359,837,-111.87601,33.304413
12360,837,-111.861885,33.334667
12361,3167,-111.92716,33.45379
12362,837,-112.03218,33.377945
12363,3168,-111.84179,33.415424
12364,837,-111.926765,33.49844
12365,3169,-111.85494,33.335728
12366,837,-111.84085,33.28455
12367,837,-111.85969,33.336014
12368,837,-111.85926,33.319534
12369,837,-111.72392,33.32106
12370,837,-111.960075,33.349594
12371,3170,-111.925766,33.319527
12372,3171,-111.927734,33.348675
12373,837,-111.908585,33.39378
12374,3172,-111.83835,33.289387
12375,837,-111.82591,33.29265
12376,837,-111.85825,33.326923
12377,837,-111.92659,33.472366
12378,837,-111.87471,33.307434
12379,837,-111.68566,33.436775
12380,3173,-111.925896,33.5025
12381,3174,-111.93145,33.494205
12382,837,-112.390396,33.429005
12383,837,-112.01417,33.511307
12384,2836,-111.87588,33.33712
12385,3087,-112.07233,33.456696
12386,837,-111.924286,33.624977
12387,837,-111.94037,33.425762
12388,837,-111.8905,33.320286
12389,3175,-111.99492,33.50903
12390,3225,-111.875916,33.276257
12391,3176,-111.727486,33.415222
12392,837,-111.74079,33.377853
12393,837,-112.07327,33.479782
12394,837,-111.878075,33.305508
12395,3177,-111.92697,33.462616
12396,837,-111.95564,33.442375
12397,3178,-111.911224,33.36343
12398,837,-111.874146,33.31923
12399,3179,-111.8598,33.32111
12400,837,-111.995705,33.63991
12401,837,-111.873634,33.304493
12402,837,-111.85926,33.31953
12403,3180,-111.85818,33.327183
12404,837,-111.90065,33.30459
12405,2499,-111.87436,33.336075
12406,4421,-115.24221,36.073807
12407,2499,-111.89591,33.30572
12408,3181,-111.87757,33.333683
12409,837,-112.073425,33.447334
12410,2499,-112.000565,33.433685
12411,3182,-111.78925,33.364708
12412,3183,-111.88815,33.56837
12413,837,-111.80629,33.38337
12414,3184,-111.88488,33.26122
12415,2980,-111.89832,33.299843
12416,3185,-111.90817,33.45781
12417,3186,-111.90974,33.363396
12418,3187,-111.90817,33.45781
12419,4421,-115.17279,36.11766
12420,837,-111.90752,33.4066
12421,837,-111.875916,33.276257
12422,3188,-111.755875,33.303925
12423,4421,-115.266174,36.144306
12424,837,-111.78926,33.355484
12425,837,-111.68428,33.265472
12426,3189,-112.06549,33.474407
12427,3190,-111.876335,33.33654
12428,837,-111.92559,33.478718
12429,2499,-111.841156,33.31183
12430,3191,-111.87502,33.276276
12431,6644,-111.85818,33.327183
12432,837,-111.922005,33.416733
12433,837,-111.74045,33.38434
12434,837,-115.2426,36.06395
12435,837,-115.27994,36.052994
12436,837,-111.87757,33.333683
12437,837,-111.860565,33.319473
12438,837,-112.340294,33.465492
12439,3192,-111.899506,33.293697
12440,2499,-115.20641,36.17994
12441,837,-111.716896,33.43614
12442,837,-111.78979,33.35617
12443,3193,-111.85977,33.274754
12444,3194,-111.84253,33.303234
12445,837,-111.842026,33.302025
12446,3195,-111.9704,33.30582
12447,990,-111.92563,33.49171
12448,3196,-111.84582,33.334644
12449,3197,-111.92569,33.581585
12450,837,-111.89049,33.67213
12451,3198,-111.798515,33.415585
12452,3199,-111.97464,33.31927
12453,837,-111.80894,33.335884
12454,3200,-112.0705,33.44784
12455,837,-111.91124,33.362373
12456,837,-88.240685,40.11742
12457,3201,-111.859604,33.311382
12458,6644,-111.859604,33.311382
12459,3202,-111.859604,33.311382
12460,837,-111.82584,33.41346
12461,837,-111.98909,33.42159
12462,837,-112.074196,33.51354
12463,837,-111.944695,33.320206
12464,837,-111.87708,33.33638
12465,837,-111.97565,33.31796
12466,837,-111.89828,33.52388
12467,837,-111.97917,33.4046
12468,3204,-111.78669,33.392567
12469,3205,-112.06484,33.43726
12470,3206,-112.07359,33.476837
12471,837,-111.84253,33.303234
12472,3207,-111.85944,33.260887
12473,3208,-111.927536,33.32154
12474,837,-111.75213,32.878742
12475,837,-111.79091,33.33001
12476,837,-111.97814,33.348564
12477,837,-111.76014,33.30625
12478,837,-112.10129,33.678238
12479,837,-111.80486,33.33455
12480,3209,-111.84202,33.31653
12481,837,-111.9233,33.500515
12482,837,-111.92993,33.350018
12483,2499,-115.167694,36.103054
12484,837,-112.082855,33.465343
12485,837,-111.67527,33.212574
12486,837,-111.91462,33.393013
12487,837,-112.0675,33.445362
12488,3210,-111.85661,33.261356
12489,837,-111.891785,33.623486
12490,837,-112.02123,33.496204
12491,837,-111.93497,33.425446
12492,3211,-111.84253,33.303234
12493,3212,-111.72392,33.32106
12494,837,-111.8226,33.32033
12495,837,-111.952965,33.422237
12496,837,-115.17143,36.135014
12497,837,-111.95943,33.522007
12498,837,-111.790085,33.35524
12499,3213,-111.75456,33.38172
12500,4421,-111.90811,33.406574
12501,3214,-111.85944,33.260887
12502,3215,-111.89841,33.30477
12503,3216,-112.12093,33.638924
12504,837,-111.84114,33.29091
12505,837,-111.84121,33.30213
12506,4421,-115.08318,36.022083
12507,3217,-112.19062,33.638363
12508,3218,-111.84031,33.33712
12509,837,-115.1726,36.118793
12510,3219,-111.84235,33.302635
12511,3220,-111.842354,33.302765
12512,3221,-111.85958,33.335857
12513,837,-111.75685,33.38168
12514,3222,-111.9949,33.303696
12515,3223,-115.119255,36.02623
12516,837,-115.17087,36.10242
12517,837,-111.68398,33.49412
12518,837,-111.93037,33.32117
12519,3224,-111.85822,33.326595
12520,3225,-112.02839,33.510456
12521,837,-112.0675,33.445362
12522,3226,-111.721756,33.381763
12523,3227,-112.073425,33.447334
12524,837,-111.908585,33.39378
12525,837,-111.93037,33.32117
12526,837,-111.84191,33.2996
12527,837,-111.88815,33.56837
12528,837,-111.89776,33.320126
12529,837,-111.84169,33.3019
12530,837,-112.09698,33.538143
12531,837,-112.074196,33.51354
12532,837,-111.846344,33.334545
12533,837,-111.9251,33.42234
12534,3228,-111.78991,33.355118
12535,3229,-111.8742,33.31996
12536,3230,-111.84169,33.3019
12537,3231,-111.99439,33.612354
12538,837,-111.90197,33.306137
12539,837,-111.74331,33.31029
12540,837,-111.967865,33.321472
12541,837,-111.842514,33.300156
12542,2499,-111.80777,33.373795
12543,3232,-112.181595,33.552624
12544,3233,-111.97698,33.34888
12545,837,-111.86478,33.432087
12546,3234,-79.98357,40.45203
12547,837,-111.582794,33.180485
12548,3235,-115.164345,36.06004
12549,3236,-111.88503,33.306114
12550,3237,-111.85977,33.274754
12551,3238,-115.17601,36.104332
12552,3239,-111.943146,33.38021
12553,837,-111.860535,33.261147
12554,837,-111.85977,33.274754
12555,837,-111.789856,33.356342
12556,3240,-111.78984,33.26112
12557,3241,-111.789276,33.355034
12558,837,-111.75561,33.345997
12559,837,-111.925255,33.508804
12560,837,-111.88407,33.261177
12561,3242,-111.87436,33.336075
12562,3243,-111.78999,33.236313
12563,6644,-111.91712,33.64557
12564,837,-111.995705,33.63991
12565,3244,-88.23837,40.114132
12566,2499,-111.85842,33.33744
12567,3245,-111.82275,33.224022
12568,837,-111.55314,33.41549
12569,3246,-111.90884,33.34826
12570,3247,-111.85969,33.3402
12571,837,-111.875244,33.40565
12572,3248,-111.90692,33.377434
12573,837,-111.91026,33.39371
12574,837,-111.757416,33.30427
12575,3249,-111.92708,33.335384
12576,3250,-111.7902,33.28016
12577,837,-111.92775,33.492905
12578,3251,-112.00285,33.448383
12579,837,-111.90912,33.391857
12580,837,-111.977036,33.61302
12581,837,-111.90768,33.43246
12582,2499,-115.17124,36.11788
12583,837,-111.78973,33.354954
12584,837,-111.8733,33.622467
12585,3252,-111.9251,33.42234
12586,3253,-111.80274,33.384647
12587,837,-112.02951,33.39999
12588,4421,-111.92828,33.36344
12589,3254,-111.8411,33.308956
12590,837,-111.92764,33.31837
12591,837,-112.0404,33.509445
12592,3255,-111.84114,33.29091
12593,3256,-111.91155,33.40709
12594,3257,-111.9263,33.320377
12595,837,-111.75607,33.304905
12596,837,-111.8746,33.27634
12597,3258,-111.859535,33.33992
12598,837,-111.92547,33.566807
12599,837,-111.97998,33.592804
12600,837,-89.38401,43.07263
12601,837,-112.03788,33.509254
12602,837,-112.01307,33.610554
12603,837,-111.865425,33.2477
12604,3259,-111.95392,33.40789
12605,3260,-111.96635,33.31977
12606,837,-111.82591,33.29265
12607,837,-111.91345,33.414272
12608,837,-112.0739,33.500202
12609,3261,-111.90837,33.377415
12610,3262,-111.8921,33.29809
12611,837,-112.26495,33.535923
12612,837,-111.85664,33.233788
12613,3263,-111.85664,33.233788
12614,3264,-111.98909,33.42159
12615,3265,-111.97846,33.598522
12616,3266,-112.0037,33.49516
12617,837,-111.90692,33.377434
12618,3267,-111.92563,33.49171
12619,3268,-111.90979,33.48124
12620,3269,-111.75418,33.385548
12621,837,-111.94099,33.423275
12622,837,-111.75967,33.420654
12623,3270,-111.82234,33.349255
12624,837,-111.63411,33.250214
12625,837,-111.74394,33.29779
12626,837,-111.63393,33.242718
12627,837,-111.75966,33.33531
12628,837,-111.93621,33.378216
12629,837,-111.78925,33.3542
12630,837,-111.925545,33.47541
12631,837,-115.1613,36.138298
12632,3271,-111.84253,33.303234
12633,837,-111.91029,33.321354
12634,6375,-111.92589,33.49292
12635,837,-111.71209,33.57115
12636,2499,-111.789856,33.356342
12637,837,-112.128685,33.799694
12638,837,-111.90752,33.4066
12639,3272,-111.856964,33.235027
12640,837,-111.72084,33.306175
12641,837,-111.84258,33.299873
12642,2499,-115.172295,36.127068
12643,837,-112.22877,33.63978
12644,837,-111.91245,33.33531
12645,3273,-112.073425,33.447334
12646,837,-112.11646,33.560856
12647,2499,-111.991516,33.26663
12648,837,-111.92875,33.623993
12649,3274,-111.9255,33.50109
12650,2499,-115.17306,36.091965
12651,3275,-112.14925,34.048668
12652,4,-80.00111,40.443146
12653,837,-111.74184,33.307846
12654,3276,-111.97308,33.52883
12655,837,-111.926765,33.49844
12656,837,-111.842255,33.302425
12657,837,-111.875916,33.276257
12658,837,-112.033966,33.465523
12659,3277,-111.991516,33.26663
12660,837,-111.83941,33.24506
12661,837,-115.17581,36.08995
12662,837,-111.9618,33.304676
12663,3278,-111.74321,33.303173
12664,837,-111.96592,33.318157
12665,837,-111.90884,33.34826
12666,837,-111.96083,33.487625
12667,3279,-115.24818,36.195312
12668,3280,-112.23897,33.611496
12669,3288,-111.72265,33.23494
12670,3203,-111.87434,33.33615
12671,3252,-111.96592,33.318157
12672,837,-111.71266,33.594563
12673,3281,-111.86279,33.62802
12674,837,-111.928825,33.37905
12675,837,-111.92351,33.581493
12676,6644,-115.17395,36.11303
12677,3282,-111.743095,33.301903
12678,837,-111.92948,33.319237
12679,837,-111.91124,33.362373
12680,3283,-111.90261,33.305233
12681,3284,-111.92639,33.320343
12682,3285,-111.860565,33.364925
12683,837,-111.72624,33.321865
12684,837,-111.994576,33.304462
12685,837,-111.970146,33.313572
12686,3286,-111.742744,33.29706
12687,3287,-111.94043,33.42665
12688,837,-111.78883,33.30419
12689,837,-111.96246,33.32168
12690,3288,-111.74097,33.30888
12691,837,-112.00319,33.317657
12692,837,-112.072266,33.458782
12693,837,-112.03147,33.48778
12694,3289,-111.938385,33.39157
12695,837,-111.91267,33.362457
12696,3290,-111.78973,33.354954
12697,837,-111.84169,33.3019
12698,2499,-111.92944,33.319275
12699,3291,-111.92917,33.36505
12700,2499,-111.6387,33.255863
12701,3292,-111.84248,33.246338
12702,3293,-111.92944,33.319275
12703,3294,-111.92706,33.30486
12704,8193,-3.1918488,55.94984
12705,837,-111.92565,33.494263
12706,837,-112.23166,33.638668
12707,3295,-111.98636,33.453197
12708,8194,-111.92272,33.493565
12709,3296,-111.96135,33.351013
12710,3297,-111.787735,33.391663
12711,3298,-111.9233,33.500515
12712,837,-111.87594,33.337257
12713,1422,-111.8693,33.435463
12714,837,-111.858246,33.26385
12715,837,-111.94758,33.422165
12716,837,-112.237854,33.63042
12717,837,-112.11045,33.689518
12718,837,-115.16907,36.124435
12719,2499,-115.167694,36.103054
12720,3299,-111.83527,33.414715
12721,2499,-111.90065,33.30459
12722,837,-111.92695,33.580814
12723,3300,-111.86027,33.262383
12724,3301,-111.85806,33.23327
12725,3302,-111.743675,33.306835
12726,3303,-111.78514,33.334938
12727,837,-111.790375,33.260693
12728,3304,-112.07217,33.455864
12729,3305,-111.921455,33.466137
12730,3306,-111.890686,33.546608
12731,837,-111.89827,33.29958
12732,3307,-111.791214,33.219017
12733,837,-111.92019,33.466217
12734,837,-112.073425,33.447334
12735,837,-111.909645,33.40716
12736,2499,-111.74266,33.3004
12737,3308,-111.872856,33.30671
12738,837,-111.755424,33.3781
12739,3309,-111.79526,33.32913
12740,3310,-111.91065,33.361435
12741,837,-111.93052,33.364914
12742,3311,-111.85965,33.322746
12743,3312,-111.925766,33.319527
12744,837,-111.78973,33.354954
12745,3313,-111.87601,33.304413
12746,3314,-111.90197,33.306137
12747,3315,-111.842354,33.302902
12748,3316,-111.96684,33.305733
12749,3317,-111.926865,33.453278
12750,837,-111.9179,33.415222
12751,3318,-111.8413,33.30139
12752,2499,-111.90197,33.306137
12753,3319,-111.92948,33.319237
12754,837,-111.98589,33.511272
12755,837,-111.913185,33.32099
12756,837,-111.988716,33.509197
12757,3320,-111.6387,33.255863
12758,2499,-112.07275,33.447258
12759,837,-111.85969,33.336014
12760,837,-111.79029,33.276333
12761,3321,-111.90802,33.422424
12762,3322,-111.72069,33.26494
12763,837,-112.24642,33.6103
12764,837,-111.8557,33.39083
12765,3323,-111.9348,33.42384
12766,837,-115.17503,36.118713
12767,837,-112.187416,33.553055
12768,6644,-111.90079,33.298786
12769,3324,-111.875916,33.276257
12770,3325,-111.74627,33.298714
12771,837,-111.91268,33.320995
12772,837,-111.90065,33.30459
12773,3326,-111.91064,33.37077
12774,2499,-111.791626,33.235634
12775,3327,-111.858246,33.26385
12776,837,-111.94718,33.30594
12777,837,-111.90065,33.30459
12778,3328,-111.87686,33.54105
12779,837,-112.07228,33.45587
12780,4421,-115.20689,36.072517
12781,6644,-115.119125,36.02624
12782,837,-111.71877,33.435844
12783,837,-111.9198,33.375698
12784,837,-111.91341,33.408203
12785,3329,-111.97982,33.49482
12786,837,-111.92451,33.567146
12787,3330,-112.07896,33.639652
12788,837,-112.05658,33.50833
12789,837,-111.84582,33.334644
12790,3331,-111.66622,33.380424
12791,837,-111.8917,33.62489
12792,3332,-111.742516,33.31984
12793,6644,-115.167755,36.123978
12794,837,-111.88441,33.261173
12795,3333,-111.906944,33.49487
12796,3334,-112.054276,33.552692
12797,3335,-112.359474,33.4629
12798,837,-111.92621,33.53352
12799,3336,-111.9265,33.478615
12800,6644,-111.92425,33.494312
12801,3337,-112.120346,33.64042
12802,837,-111.968025,33.318443
12803,837,-111.72392,33.32106
12804,3338,-111.92796,33.49821
12805,2499,-115.15112,36.086338
12806,837,-112.03698,33.37835
12807,837,-112.07397,33.513077
12808,837,-111.89105,33.6271
12809,837,-111.82128,33.335915
12810,837,-111.75561,33.345997
12811,3339,-111.80267,33.41502
12812,837,-111.94461,33.319756
12813,2499,-111.8795,33.581333
12814,837,-112.140915,33.69879
12815,837,-111.79061,33.329014
12816,3340,-111.84483,33.33605
12817,4246,-111.68651,33.214146
12818,837,-112.07461,33.474236
12819,3341,-112.15108,33.45727
12820,837,-111.74119,33.379124
12821,837,-111.93498,33.480534
12822,837,-111.7852,33.335064
12823,837,-111.787735,33.391663
12824,837,-115.29794,36.106503
12825,3342,-111.7716,33.33517
12826,837,-115.1763,36.11227
12827,837,-111.87599,33.41335
12828,837,-111.94298,33.421413
12829,837,-115.17406,36.107925
12830,3343,-111.82242,33.349316
12831,837,-111.716896,33.43614
12832,837,-112.06483,33.477
12833,837,-111.8063,33.379913
12834,3344,-111.92769,33.499382
12835,4421,-115.135,36.1155
12836,3345,-111.896805,33.39323
12837,837,-111.757416,33.30427
12838,3346,-111.95392,33.40789
12839,837,-111.90853,33.480732
12840,3347,-111.80894,33.335884
12841,3348,-111.7716,33.33517
12842,837,-112.26056,33.534855
12843,3349,-111.9602,33.42121
12844,837,-111.75614,33.36745
12845,837,-111.78441,33.379513
12846,837,-111.75855,33.307465
12847,837,-111.926735,33.58314
12848,3350,-111.85825,33.326923
12849,837,-111.63393,33.242718
12850,837,-111.87247,33.378014
12851,3351,-111.68445,33.40964
12852,837,-111.859726,33.339962
12853,2499,-111.66622,33.380424
12854,837,-111.90545,33.432915
12855,3352,-111.90506,33.672047
12856,837,-111.82591,33.29265
12857,837,-115.30757,36.113693
12858,837,-111.873634,33.304493
12859,837,-111.74331,33.31029
12860,837,-111.78979,33.357132
12861,837,-111.790115,33.356728
12862,4246,-111.99131,33.305824
12863,837,-111.790016,33.35597
12864,3353,-111.75638,33.385082
12865,3354,-111.83955,33.420338
12866,3355,-111.78723,33.378468
12867,3356,-111.859726,33.339962
12868,3357,-111.790665,33.329014
12869,3358,-111.949165,33.34961
12870,3359,-111.789314,33.32073
12871,837,-111.78926,33.354126
12872,837,-111.789856,33.356342
12873,837,-111.758255,33.378983
12874,837,-111.83323,33.4154
12875,3360,-111.78983,33.354767
12876,837,-111.911095,33.39264
12877,837,-111.92796,33.49821
12878,837,-111.97698,33.34888
12879,837,-111.685936,33.465904
12880,3361,-111.860565,33.364925
12881,3362,-111.860214,33.274822
12882,3363,-112.11646,33.560856
12883,837,-111.755424,33.3781
12884,837,-112.073425,33.447334
12885,837,-111.84026,33.41485
12886,3364,-111.78678,33.450356
12887,3365,-111.86142,33.37831
12888,837,-111.9161,33.419567
12889,837,-111.941376,33.423275
12890,837,-111.755424,33.3781
12891,837,-111.79242,33.378643
12892,6644,-115.173874,36.109753
12893,3366,-111.789276,33.355034
12894,837,-111.73821,33.41594
12895,837,-111.93152,33.493298
12896,837,-112.03776,33.507843
12897,837,-111.75992,33.290676
12898,837,-111.99559,33.511234
12899,837,-112.03918,33.494343
12900,3367,-111.78977,33.356873
12901,3368,-112.08388,33.49745
12902,837,-111.87385,33.619835
12903,837,-111.842064,33.30211
12904,837,-111.68719,33.375053
12905,3369,-111.9283,33.502007
12906,3370,-111.94051,33.424126
12907,837,-111.97811,33.59784
12908,837,-111.84121,33.30213
12909,837,-112.03397,33.508984
12910,837,-111.88704,33.58017
12911,3371,-111.635124,33.36576
12912,837,-111.789314,33.32073
12913,837,-111.75499,33.351376
12914,837,-111.96528,33.675354
12915,3372,-111.93051,33.64885
12916,837,-111.97018,33.410862
12917,837,-111.90765,33.394054
12918,3373,-111.92598,33.476994
12919,837,-111.929924,33.349712
12920,3374,-111.78953,33.354343
12921,3375,-115.17229,36.115147
12922,3376,-111.92627,33.637753
12923,3377,-111.74256,33.37828
12924,837,-111.95036,33.4216
12925,837,-111.9923,33.480152
12926,3378,-111.821304,33.349445
12927,837,-111.7212,33.3666
12928,3379,-111.836136,33.416798
12929,3380,-111.685936,33.465904
12930,3381,-115.1613,36.138298
12931,837,-111.84164,33.322636
12932,3382,-111.72084,33.306175
12933,3026,-111.75704,33.37962
12934,837,-111.875336,33.277004
12935,3383,-111.85926,33.31953
12936,837,-111.86606,33.435165
12937,3384,-111.79821,33.422718
12938,837,-112.13486,33.472248
12939,3385,-111.68771,33.322468
12940,3386,-111.84111,33.363014
12941,3387,-111.7396,33.33497
12942,6644,-111.790115,33.356728
12943,3388,-111.68502,33.46734
12944,2499,-111.742516,33.31984
12945,837,-112.02849,33.510426
12946,837,-111.883514,33.421463
12947,3389,-111.753044,33.392246
12948,3390,-111.77975,33.37889
12949,837,-111.789024,33.352825
12950,837,-111.68226,33.46673
12951,3391,-111.934784,33.42461
12952,837,-111.90133,33.297695
12953,3392,-111.94167,33.463852
12954,3393,-111.78983,33.354767
12955,4421,-111.90998,33.347878
12956,837,-111.72392,33.32106
12957,3394,-111.90998,33.347878
12958,837,-112.34188,33.463543
12959,837,-111.840355,33.418373
12960,837,-111.73239,33.258827
12961,3395,-111.756966,33.381126
12962,837,-111.89333,33.62839
12963,837,-111.87436,33.336075
12964,3396,-111.78973,33.354954
12965,3397,-111.860275,33.2618
12966,3398,-111.94378,33.31869
12967,2499,-111.82272,33.322662
12968,3399,-111.68428,33.265472
12969,837,-112.171936,33.638557
12970,837,-111.821304,33.349445
12971,3400,-111.71806,33.39371
12972,3401,-111.79242,33.378643
12973,837,-111.99559,33.511234
12974,837,-111.98451,33.509106
12975,1484,-112.18585,33.51119
12976,837,-115.20749,35.999523
12977,837,-111.756035,33.30083
12978,3402,-111.790115,33.356728
12979,4020,-111.75704,33.37962
12980,837,-111.757416,33.30427
12981,837,-111.85576,33.39053
12982,837,-111.75602,33.30485
12983,837,-111.87599,33.413055
12984,837,-112.11646,33.560856
12985,837,-111.907875,33.377914
12986,837,-111.68464,33.395008
12987,837,-111.940254,33.425964
12988,3403,-111.97565,33.31796
12989,3404,-111.74394,33.29779
12990,3405,-111.757416,33.30427
12991,837,-111.72069,33.26494
12992,837,-111.68641,33.312725
12993,837,-111.99159,33.49524
12994,837,-111.84258,33.299873
12995,3406,-111.63411,33.250214
12996,837,-111.98909,33.42159
12997,3407,-111.565,33.16141
12998,837,-111.638664,33.25568
12999,837,-112.09746,33.463364
13000,4421,-115.26182,36.11304
13001,837,-111.84111,33.363014
13002,837,-112.06539,33.466686
13003,837,-115.17143,36.135014
13004,837,-111.90849,33.430023
13005,3408,-111.92922,33.497566
13006,837,-111.91178,33.364212
13007,3409,-111.897644,33.319763
13008,837,-111.80894,33.335884
13009,3410,-111.68715,33.325325
13010,6644,-111.583275,33.220783
13011,3411,-111.92566,33.51083
13012,3412,-111.928185,33.501774
13013,3413,-111.59601,33.22378
13014,3414,-111.63411,33.250214
13015,837,-111.63351,33.25473
13016,3415,-111.91462,33.393013
13017,837,-111.68727,33.26523
13018,3416,-111.87511,33.394802
13019,837,-111.75213,32.878742
13020,837,-111.786835,33.305935
13021,3417,-111.83933,33.246418
13022,3418,-111.82272,33.322662
13023,2499,-73.571556,45.500553
13024,837,-111.98934,33.494595
13025,3419,-111.927,33.474373
13026,837,-111.86339,33.23444
13027,837,-112.073204,33.449593
13028,837,-111.87502,33.276276
13029,3420,-111.904175,33.622288
13030,3421,-111.93953,33.42387
13031,837,-112.06401,33.538994
13032,837,-111.842514,33.300156
13033,837,-112.24182,33.796684
13034,3422,-111.87502,33.276276
13035,837,-111.80616,33.33455
13036,837,-111.791626,33.235634
13037,3423,-111.857704,33.262707
13038,3424,-111.84114,33.24765
13039,837,-111.7195,33.34711
13040,3425,-111.842255,33.302425
13041,837,-111.85944,33.260887
13042,3138,-111.861015,33.27541
13043,3426,-111.86036,33.233692
13044,837,-112.184616,33.538345
13045,3427,-111.72417,33.38128
13046,3428,-111.860535,33.261147
13047,3429,-115.176674,36.090755
13048,2499,-111.874886,33.276276
13049,837,-115.15354,36.11416
13050,3430,-112.28917,33.563953
13051,837,-111.87393,33.622734
13052,837,-112.07896,33.639652
13053,4421,-115.175186,36.098766
13054,837,-111.87922,33.581512
13055,837,-111.68719,33.375053
13056,837,-111.833664,33.416603
13057,837,-111.924484,33.56611
13058,837,-111.90663,33.43274
13059,837,-111.926506,33.496647
13060,837,-111.9265,33.49973
13061,3431,-111.92328,33.676228
13062,837,-111.973175,33.52877
13063,3432,-111.92427,33.492287
13064,837,-111.91693,33.42156
13065,837,-111.83657,33.586987
13066,3433,-111.95183,33.50222
13067,3434,-111.98983,33.49462
13068,837,-111.90739,33.53704
13069,3435,-115.17306,36.091965
13070,837,-111.89016,33.540356
13071,837,-112.02123,33.496204
13072,6644,-115.17167,36.11025
13073,837,-111.92222,33.482235
13074,837,-112.089836,33.457226
13075,3436,-111.92534,33.4944
13076,837,-111.95183,33.50222
13077,3437,-112.51287,33.49592
13078,3438,-112.261795,33.53378
13079,837,-111.92293,33.492752
13080,837,-111.89627,33.620598
13081,3439,-111.94096,33.832527
13082,837,-112.073425,33.447334
13083,3440,-111.977776,33.33193
13084,837,-111.926575,33.61727
13085,3441,-111.86321,33.638275
13086,837,-111.92463,33.526604
13087,1359,-111.89221,33.61961
13088,3442,-115.17127,36.11288
13089,837,-111.89912,33.522816
13090,837,-111.90851,33.486828
13091,837,-111.72392,33.32106
13092,3443,-111.941376,33.423275
13093,837,-111.72392,33.32106
13094,3444,-111.89928,33.524242
13095,3445,-111.93152,33.493298
13096,3446,-112.054276,33.552692
13097,3447,-111.92483,33.581875
13098,3448,-111.89928,33.524242
13099,837,-111.92646,33.494736
13100,3449,-111.98135,33.597363
13101,3450,-111.92427,33.58329
13102,837,-111.918236,33.634583
13103,837,-112.11052,33.611786
13104,837,-111.94468,33.439945
13105,3451,-111.90578,33.671642
13106,837,-111.928894,33.49311
13107,837,-111.889915,33.56908
13108,837,-111.85822,33.378353
13109,837,-111.96636,33.676544
13110,837,-111.88762,33.630013
13111,837,-111.92713,33.57968
13112,3452,-111.89793,33.523876
13113,837,-112.06281,33.60756
13114,837,-111.90604,33.53795
13115,837,-111.89802,33.523876
13116,837,-111.948906,33.507557
13117,837,-111.78441,33.379513
13118,837,-111.89839,33.619488
13119,3453,-111.904175,33.544373
13120,3454,-111.89814,33.62055
13121,837,-111.9161,33.419567
13122,3455,-111.93029,33.624203
13123,837,-111.925415,33.587128
13124,837,-112.07444,33.447647
13125,837,-111.88781,33.48067
13126,837,-111.925575,33.564854
13127,837,-111.928185,33.501774
13128,837,-111.87926,33.63937
13129,3456,-111.875244,33.40565
13130,837,-111.91906,33.50137
13131,3457,-111.92227,33.584015
13132,837,-111.98909,33.42159
13133,837,-111.89351,33.627815
13134,837,-111.922195,33.500523
13135,6273,-111.887825,33.537743
13136,837,-112.07127,33.508995
13137,837,-111.88573,33.56917
13138,3458,-111.92358,33.491535
13139,3459,-111.90604,33.53795
13140,3460,-111.95997,33.587887
13141,3461,-111.92628,33.528217
13142,2499,-111.8802,33.581043
13143,6644,-115.174644,36.109913
13144,3462,-111.8802,33.581043
13145,3463,-111.67014,33.415684
13146,837,-111.687454,33.325714
13147,837,-111.88877,33.696724
13148,3464,-111.84111,33.363014
13149,2499,-111.8624,33.573444
13150,2499,-115.17259,36.112953
13151,837,-111.978355,33.628124
13152,837,-112.222336,33.63779
13153,837,-111.9864,33.5107
13154,837,-111.945366,33.8322
13155,4421,-112.02105,33.64032
13156,3465,-112.065636,33.44916
13157,3466,-115.13871,36.169216
13158,3467,-111.92505,33.625366
13159,3468,-111.88911,33.57022
13160,2499,-111.92975,33.494247
13161,837,-111.896645,33.625317
13162,3469,-115.16938,36.10251
13163,3470,-111.89351,33.627815
13164,837,-111.90788,33.522945
13165,3471,-111.92584,33.49162
13166,3472,-111.924934,33.6239
13167,3473,-111.97811,33.59784
13168,837,-112.23968,33.609863
13169,837,-111.92133,33.636242
13170,3474,-111.878845,33.55517
13171,837,-111.944046,33.436962
13172,837,-111.92584,33.49162
13173,837,-111.93308,33.65803
13174,6644,-111.9259,33.585285
13175,837,-111.93103,33.493267
13176,837,-111.924095,33.492203
13177,837,-111.909386,33.485096
13178,2499,-115.16587,36.126877
13179,6644,-115.185196,36.12566
13180,2499,-115.19906,36.114304
13181,2499,-111.86569,33.53887
13182,2499,-115.176704,36.09028
13183,4421,-115.2682,36.207485
13184,6644,-115.17259,36.112953
13185,837,-111.9265,33.49973
13186,3475,-111.831474,33.415356
13187,837,-111.93084,33.496696
13188,3476,-111.92448,33.62557
13189,837,-111.92857,33.498913
13190,4421,-115.193504,36.038464
13191,6644,-111.940346,33.62533
13192,837,-111.92531,33.526226
13193,3477,-112.39657,33.6385
13194,837,-111.99511,33.494488
13195,2499,-115.173874,36.109753
13196,4421,-111.923,33.5015
13197,3478,-112.06453,33.537617
13198,2499,-115.1563,36.142338
13199,3479,-111.91088,33.479633
13200,3101,-111.82445,33.382034
13201,837,-111.886665,33.536114
13202,837,-112.0675,33.445362
13203,837,-111.89904,33.55519
13204,837,-111.92594,33.497276
13205,3480,-111.92632,33.494377
13206,837,-112.04791,33.47893
13207,3481,-112.340294,33.510586
13208,3482,-112.02769,33.510315
13209,3483,-111.98837,33.47994
13210,837,-111.91153,33.509792
13211,837,-112.082855,33.465343
13212,3484,-115.17153,36.117573
13213,3485,-111.924644,33.497574
13214,2499,-115.1696,36.121452
13215,837,-89.4077,43.067436
13216,6644,-115.15387,36.110085
13217,2499,-115.1746,36.116764
13218,837,-112.07603,33.375362
13219,6644,-115.20247,36.144047
13220,3486,-115.17618,36.115856
13221,837,-111.92796,33.49821
13222,4421,-115.13576,36.035084
13223,3487,-115.12269,36.057693
13224,837,-111.864815,33.614304
13225,837,-111.87686,33.54105
13226,2499,-111.92541,33.515713
13227,6644,-112.06096,33.50953
13228,837,-111.918,33.50232
13229,3488,-111.87624,33.554436
13230,2499,-111.92033,33.54949
13231,3489,-111.92454,33.530727
13232,2499,-111.92454,33.530727
13233,4421,-115.206345,35.994972
13234,2499,-112.065636,33.44916
13235,2499,-115.17124,36.11788
13236,3490,-111.90516,33.431896
13237,3491,-115.17332,36.11567
13238,837,-111.924904,33.510914
13239,837,-111.995514,33.50243
13240,2499,-115.14528,36.1616
13241,837,-111.9233,33.500515
13242,3492,-111.88075,33.55738
13243,837,-111.88503,33.53814
13244,3493,-111.7903,33.329292
13245,837,-89.35532,43.092377
13246,3494,-111.72084,33.306175
13247,1353,-111.921135,33.499172
13248,3495,-111.887695,33.538803
13249,3496,-111.92648,33.474552
13250,837,-112.11519,33.56719
13251,837,-111.86569,33.53887
13252,4421,-115.28703,36.166676
13253,837,-112.00837,33.418617
13254,3497,-111.93095,33.492477
13255,837,-111.93621,33.378216
13256,837,-111.85926,33.31954
13257,837,-111.94457,33.335052
13258,837,-115.22587,36.055244
13259,2499,-115.17258,36.117775
13260,3498,-111.900154,33.522736
13261,2499,-3.2078898,55.950645
13262,837,-112.14925,34.048668
13263,3499,-115.14277,36.16997
13264,837,-111.97846,33.598522
13265,3500,-111.92562,33.493855
13266,837,-112.04739,33.4692
13267,3501,-112.079155,33.462337
13268,3185,-115.180565,36.14486
13269,3502,-111.9265,33.49973
13270,837,-115.1763,36.11227
13271,837,-111.95478,33.827812
13272,2499,-111.92605,33.49417
13273,837,-111.899925,33.297394
13274,3503,-111.88882,33.536194
13275,3504,-112.07669,33.451775
13276,3505,-111.7212,33.3666
13277,6324,-111.9259,33.4943
13278,3506,-112.03594,33.508713
13279,837,-111.9104,33.510536
13280,6246,-111.92568,33.50306
13281,837,-112.07085,33.45184
13282,837,-111.909294,33.480995
13283,837,-111.92718,33.499454
13284,837,-115.1696,36.121452
13285,2499,-111.92796,33.49821
13286,3507,-112.17907,33.639347
13287,3225,-112.082306,33.465755
13288,3508,-112.35873,33.459194
13289,837,-112.35789,33.49642
13290,4421,-115.14879,36.167496
13291,3509,-111.925766,33.778988
13292,3510,-80.85149,35.05261
13293,3511,-112.07461,33.474236
13294,837,-112.099625,33.611423
13295,3495,-111.78603,33.30524
13296,3512,-111.92373,33.635464
13297,3513,-112.06343,33.44752
13298,3514,-112.134315,33.59905
13299,837,-111.91699,33.495335
13300,837,-111.92351,33.62336
13301,837,-111.83741,33.58735
13302,837,-111.94043,33.42665
13303,837,-111.96637,33.37875
13304,3515,-111.99844,33.611675
13305,837,-111.925835,33.621162
13306,3516,-111.9267,33.581894
13307,837,-115.17524,36.116566
13308,3517,-111.986916,33.449505
13309,2499,-111.921234,33.428543
13310,3518,-111.93953,33.42387
13311,3519,-112.179596,33.609203
13312,837,-112.23567,33.56168
13313,3520,-111.927216,33.5314
13314,3521,-112.10124,33.69889
13315,3522,-112.08777,33.474533
13316,3523,-111.97976,33.58406
13317,837,-111.89228,33.62004
13318,2499,-115.17106,36.11242
13319,3524,-112.13908,33.86405
13320,837,-112.09086,33.68786
13321,837,-112.06096,33.50953
13322,3525,-112.361534,33.61106
13323,837,-111.86466,33.62588
13324,3526,-111.86066,33.410545
13325,3527,-111.890274,33.56924
13326,837,-111.84261,33.302094
13327,837,-111.88892,33.56866
13328,2499,-115.152756,36.04253
13329,837,-111.89623,33.62662
13330,3528,-111.89105,33.6271
13331,3529,-111.88846,33.70003
13332,837,-115.209915,36.126427
13333,3530,-111.9257,33.58142
13334,837,-112.26204,33.53305
13335,3531,-111.99559,33.511234
13336,837,-112.341606,33.456554
13337,837,-111.889786,33.700935
13338,837,-111.88807,33.630234
13339,3532,-111.92922,33.497566
13340,837,-111.87475,33.32603
13341,3533,-111.92986,33.62345
13342,3534,-111.94819,33.393543
13343,837,-111.92595,33.492382
13344,837,-111.97827,33.742886
13345,2499,-115.17086,36.10993
13346,837,-111.92691,33.463375
13347,3535,-112.06551,33.576332
13348,837,-111.97119,33.67655
13349,837,-111.968124,33.336864
13350,3536,-111.941315,33.625683
13351,2499,-111.9348,33.42384
13352,837,-111.899635,33.554825
13353,3537,-111.92505,33.625366
13354,3538,-112.0737,33.44718
13355,3539,-111.92569,33.581585
13356,3540,-111.988716,33.509197
13357,3541,-111.92303,33.63381
13358,2499,-115.16879,36.122967
13359,3542,-112.23371,33.652077
13360,837,-115.16296,36.12714
13361,4421,-111.92255,33.63534
13362,3543,-111.926285,33.624992
13363,3544,-111.85306,33.72681
13364,3545,-111.9245,33.624264
13365,3546,-112.06892,33.640152
13366,3547,-115.15458,36.119186
13367,837,-111.91648,33.64488
13368,4421,-115.19083,36.13164
13369,4421,-115.106995,36.001556
13370,3548,-111.92413,33.6343
13371,3549,-111.98907,33.59956
13372,837,-111.92555,33.564976
13373,837,-115.333855,36.155964
13374,837,-115.17516,36.109875
13375,837,-111.93308,33.65803
13376,837,-111.92524,33.640568
13377,837,-111.89747,33.622242
13378,2499,-111.88353,33.58348
13379,837,-115.1613,36.138298
13380,837,-111.899635,33.554825
13381,837,-111.94082,33.423077
13382,3550,-111.75427,33.37781
13383,837,-111.8871,33.547974
13384,837,-111.97359,33.281574
13385,837,-111.92535,33.633804
13386,4421,-111.86267,33.32013
13387,837,-111.88893,33.700867
13388,837,-112.02636,33.50909
13389,6644,-115.139915,36.169243
13390,837,-112.11373,33.715096
13391,837,-111.922005,33.416733
13392,3551,-111.90923,33.590168
13393,837,-111.83618,33.72979
13394,837,-111.74095,33.379765
13395,837,-111.92133,33.636242
13396,4421,-115.27853,36.057846
13397,3552,-111.92133,33.636242
13398,2499,-115.20888,36.09506
13399,2499,-115.167725,36.103397
13400,6644,-115.17669,36.117455
13401,2499,-111.93256,33.625645
13402,3553,-112.354836,33.640923
13403,2499,-115.1702,36.12269
13404,2499,-111.93256,33.625645
13405,2499,-3.2080517,55.94347
13406,3554,-115.170975,36.114277
13407,2499,-111.878845,33.55517
13408,6644,-115.286835,36.16732
13409,837,-111.93256,33.625645
13410,4421,-115.28672,36.167316
13411,837,-80.82462,35.20136
13412,837,-111.92589,33.586834
13413,837,-111.93498,33.480534
13414,837,-111.80616,33.33455
13415,837,-111.92555,33.492203
13416,837,-111.87393,33.622734
13417,3555,-111.97308,33.52883
13418,837,-111.97852,33.583923
13419,837,-112.073875,33.446995
13420,2499,-111.899635,33.554825
13421,6644,-115.15531,36.11022
13422,3556,-112.07486,33.448936
13423,3557,-111.92427,33.492287
13424,4421,-115.10661,36.176548
13425,837,-112.03701,33.50547
13426,6644,-115.17203,36.11494
13427,3558,-111.92765,33.61101
13428,3559,-111.89497,33.582962
13429,837,-111.924065,33.5797
13430,3560,-111.92503,33.565964
13431,3561,-111.88332,33.583534
13432,837,-111.94438,33.6397
13433,837,-111.91585,33.697605
13434,837,-112.08164,33.465992
13435,837,-112.35826,33.638195
13436,837,-111.91033,33.486916
13437,837,-111.92796,33.49821
13438,837,-111.92657,33.499386
13439,837,-111.92719,33.61297
13440,3562,-112.07991,33.45496
13441,837,-111.928825,33.82903
13442,3563,-112.07308,33.56747
13443,3564,-111.94353,33.62466
13444,837,-111.92586,33.52929
13445,837,-111.8557,33.39083
13446,6644,-115.30628,36.114822
13447,3565,-111.97461,33.678616
13448,2499,-115.17618,36.115856
13449,837,-111.92555,33.564976
13450,3566,-115.1177,36.017395
13451,3567,-111.92365,33.625546
13452,3568,-112.06483,33.457333
13453,837,-111.927666,33.579617
13454,2558,-111.92663,33.475277
13455,837,-111.97931,33.675674
13456,837,-112.18689,33.662468
13457,837,-111.9272,33.60663
13458,3569,-111.88812,33.576557
13459,3570,-115.164345,36.06004
13460,3571,-111.88905,33.628826
13461,837,-111.92405,33.581863
13462,837,-111.92794,33.58294
13463,837,-112.02123,33.496204
13464,3572,-112.028336,33.480034
13465,3573,-115.172226,36.11094
13466,837,-111.92269,33.500526
13467,837,-111.879074,33.579002
13468,3574,-115.27639,36.129875
13469,837,-111.96635,33.31977
13470,3575,-112.00717,33.435467
13471,837,-112.05806,33.550854
13472,2499,-111.921486,33.6365
13473,837,-112.05858,33.800053
13474,3576,-111.91994,33.50182
13475,3577,-112.35939,33.611492
13476,837,-111.90859,33.406624
13477,3578,-111.90551,33.573765
13478,6644,-115.16591,36.127686
13479,3579,-111.92612,33.532578
13480,837,-111.92637,33.62349
13481,837,-111.929245,33.65774
13482,837,-115.15126,36.10913
13483,837,-115.174355,36.092293
13484,837,-111.96063,33.64
13485,6644,-111.92245,33.634277
13486,837,-111.92796,33.49821
13487,3580,-115.27943,36.19797
13488,6644,-115.04282,36.067123
13489,3581,-111.92713,33.57968
13490,2499,-111.8795,33.581333
13491,3582,-111.97952,33.6384
13492,3583,-111.92427,33.539143
13493,837,-111.92713,33.57968
13494,2499,-111.9283,33.502007
13495,837,-111.88672,33.57047
13496,3584,-112.04751,33.52433
13497,2499,-115.20631,36.12659
13498,837,-111.93072,33.363735
13499,3585,-115.16559,36.12689
13500,837,-111.98048,33.596786
13501,3586,-112.120705,33.667572
13502,3587,-112.02581,33.441082
13503,837,-111.89145,33.62742
13504,3588,-112.10023,33.626423
13505,3589,-112.06544,33.595097
13506,3590,-111.89832,33.299843
13507,837,-111.89839,33.619488
13508,6644,-115.28559,36.16719
13509,837,-115.17262,36.12956
13510,3591,-111.954414,33.449184
13511,3592,-111.90713,33.39263
13512,837,-112.35912,33.638172
13513,837,-111.978775,33.60077
13514,837,-111.970184,33.340645
13515,3593,-115.14164,36.169453
13516,837,-111.92405,33.581863
13517,837,-111.89105,33.6271
13518,3594,-112.07908,33.49112
13519,837,-112.02814,33.510223
13520,3595,-111.9784,33.59783
13521,3596,-111.88672,33.57047
13522,6644,-115.19791,36.125908
13523,837,-111.92589,33.586834
13524,837,-111.91382,33.494644
13525,837,-111.89946,33.557293
13526,837,-115.17259,36.112953
13527,837,-111.93644,33.422863
13528,837,-111.89122,33.6281
13529,837,-111.923256,33.58223
13530,3597,-111.92514,33.542786
13531,2499,-115.16901,35.965446
13532,837,-111.931244,33.49337
13533,837,-112.049126,33.4368
13534,837,-111.873436,33.413322
13535,3598,-112.15217,33.479485
13536,837,-111.87385,33.619835
13537,3599,-112.15222,33.596447
13538,837,-111.93961,33.42608
13539,837,-112.00361,33.494633
13540,837,-111.924065,33.5797
13541,2499,-111.88672,33.57047
13542,3600,-112.00845,33.581757
13543,837,-111.9348,33.42384
13544,6644,-111.88672,33.57047
13545,3601,-115.21632,36.143684
13546,6644,-111.92589,33.586834
13547,3602,-111.883736,33.583702
13548,3603,-112.056564,33.550343
13549,2499,-111.88672,33.57047
13550,6644,-115.17249,36.105267
13551,837,-111.92453,33.626465
13552,837,-111.92858,33.507435
13553,3604,-115.1952,36.11531
13554,837,-111.89978,33.523556
13555,837,-111.97784,33.678036
13556,3605,-111.8864,33.581165
13557,3606,-111.91699,33.495335
13558,837,-112.07908,33.49112
13559,6644,-115.17462,36.11694
13560,837,-111.87953,33.581432
13561,3607,-115.17516,36.109875
13562,3608,-111.926476,33.497753
13563,837,-111.71668,33.604015
13564,837,-111.93972,33.42531
13565,1149,-111.89497,33.582962
13566,3609,-111.8802,33.581043
13567,837,-111.925316,33.577934
13568,3610,-112.040794,33.68793
13569,3611,-111.92227,33.584015
13570,3612,-111.715385,33.60149
13571,964,-111.78678,33.450356
13572,3613,-112.3355,33.460354
13573,837,-111.87599,33.41335
13574,3614,-112.03017,33.671425
13575,837,-111.89915,33.556744
13576,3615,-112.35909,33.608376
13577,837,-111.77289,33.423706
13578,837,-111.8859,33.545685
13579,837,-112.255974,33.572426
13580,837,-111.92432,33.499275
13581,3616,-111.90713,33.432552
13582,837,-111.92414,33.6247
13583,837,-112.1159,33.587765
13584,3617,-111.918,33.50232
13585,837,-112.0404,33.509445
13586,837,-115.16348,36.113026
13587,2499,-115.17425,36.102516
13588,837,-111.92933,33.583122
13589,837,-111.88627,33.57712
13590,4421,-115.22431,36.049065
13591,837,-111.865005,33.730907
13592,3618,-111.9787,33.678043
13593,3619,-111.92387,33.539803
13594,6644,-115.15259,36.108295
13595,837,-115.173874,36.109753
13596,3620,-112.02814,33.510223
13597,3621,-111.88815,33.56837
13598,837,-111.92239,33.501007
13599,3622,-111.89351,33.627815
13600,837,-111.79169,33.36009
13601,3623,-111.92066,33.48725
13602,5076,-115.1725,36.110065
13603,837,-111.889626,33.56953
13604,3624,-111.89904,33.620514
13605,3625,-111.89205,33.622887
13606,6644,-111.90547,33.544228
13607,837,-111.92325,33.499825
13608,837,-111.92068,33.497047
13609,2499,-111.92427,33.492287
13610,3626,-115.13952,36.169872
13611,3627,-111.90547,33.544228
13612,837,-111.85414,33.40779
13613,837,-111.890686,33.546608
13614,4421,-115.14879,36.167496
13615,3628,-111.92559,33.564953
13616,2499,-79.981895,40.42913
13617,837,-111.92351,33.4998
13618,4,-112.07427,33.447517
13619,3629,-80.00245,40.440094
13620,2499,-115.17105,36.12595
13621,2499,-111.95935,33.521988
13622,837,-112.082855,33.465343
13623,837,-111.91234,33.634113
13624,3630,-111.92427,33.492287
13625,2499,-115.16821,36.127586
13626,3631,-115.17277,36.10408
13627,3632,-111.875984,33.413902
13628,2499,-115.17105,36.12595
13629,837,-112.065346,33.511677
13630,3633,-111.92933,33.583122
13631,2499,-115.00943,36.27326
13632,837,-111.92477,33.637135
13633,3634,-111.94324,33.42773
13634,6644,-115.176674,36.090755
13635,2499,-115.17305,36.118965
13636,837,-111.73239,33.258827
13637,2499,-73.55351,45.505966
13638,2499,-115.17141,36.099007
13639,837,-112.073425,33.447334
13640,2499,-111.92427,33.492287
13641,2499,-111.918686,33.566635
13642,3635,-111.918686,33.566635
13643,837,-112.22394,33.637062
13644,837,-111.951614,33.421337
13645,837,-111.906,33.542786
13646,3636,-111.892105,33.622715
13647,837,-111.78991,33.355118
13648,6644,-111.90435,33.543568
13649,3637,-111.87138,33.43566
13650,837,-112.0395,33.50987
13651,837,-111.930336,33.624638
13652,2499,-111.99497,33.43605
13653,3638,-111.83645,33.586655
13654,837,-111.99492,33.50903
13655,837,-111.916115,33.54898
13656,837,-111.916115,33.54898
13657,837,-111.92222,33.482235
13658,837,-111.92473,33.626343
13659,4421,-115.243866,36.086548
13660,837,-111.924614,33.63925
13661,3639,-111.97862,33.58383
13662,837,-112.75274,33.96392
13663,6644,-115.152214,36.238003
13664,4421,-115.17229,36.115147
13665,837,-115.15078,36.238735
13666,3640,-112.11067,33.640343
13667,2499,-115.04833,36.05661
13668,3641,-111.88664,33.652416
13669,6644,-115.17459,36.112022
13670,2499,-112.23166,33.638668
13671,3642,-111.864914,33.612568
13672,6644,-115.209656,36.127045
13673,3643,-111.76157,33.5782
13674,3644,-111.92381,33.630455
13675,3645,-111.855576,33.626987
13676,837,-115.1696,36.121452
13677,837,-111.89145,33.62742
13678,2499,-115.16908,36.123558
13679,2499,-115.17704,36.10762
13680,3646,-112.00975,33.652214
13681,2499,-115.17076,36.123367
13682,837,-111.92448,33.62557
13683,837,-112.00525,33.4954
13684,3647,-111.92898,33.494953
13685,3648,-111.92463,33.526604
13686,837,-111.70334,33.450253
13687,837,-112.219315,33.597385
13688,3649,-111.92414,33.6247
13689,837,-111.9309,33.58303
13690,3650,-112.07421,33.448036
13691,4421,-112.26073,33.53095
13692,3651,-115.23067,36.145134
13693,3652,-115.20169,36.103138
13694,6644,-111.924934,33.6239
13695,837,-111.95117,33.421658
13696,837,-111.95709,33.377953
13697,837,-111.88573,33.56917
13698,837,-111.96461,33.34455
13699,837,-111.92384,33.635555
13700,837,-112.078766,33.50958
13701,837,-111.86059,33.32102
13702,837,-112.126114,33.47456
13703,3653,-111.89814,33.62055
13704,837,-111.92589,33.586834
13705,3654,-111.97128,33.6758
13706,837,-111.86594,33.656197
13707,6644,-115.17345,36.10306
13708,837,-112.078766,33.50958
13709,837,-111.93356,33.492912
13710,837,-111.89891,33.583294
13711,837,-111.922264,33.636967
13712,3655,-111.9309,33.58303
13713,3656,-111.94537,33.63992
13714,837,-111.97858,33.677853
13715,3657,-112.070465,33.452625
13716,3658,-112.06535,33.519577
13717,837,-111.893005,33.629578
13718,837,-111.93508,33.48131
13719,2499,-115.11905,36.06513
13720,837,-111.89477,33.627304
13721,3659,-89.39336,43.07273
13722,3660,-111.85499,33.62719
13723,837,-111.905495,33.43018
13724,837,-111.982765,33.60154
13725,3661,-111.89741,33.639843
13726,4421,-115.279594,36.084366
13727,837,-112.221115,33.467304
13728,6644,-115.17261,36.109623
13729,6644,-112.07346,33.566128
13730,837,-111.89623,33.62662
13731,837,-111.642784,33.27908
13732,837,-112.07449,33.509724
13733,837,-112.27923,33.680916
13734,3662,-112.35909,33.608376
13735,3663,-111.90483,33.57417
13736,3664,-112.15434,33.63888
13737,3665,-111.80486,33.33455
13738,837,-111.891525,33.627163
13739,3666,-111.90578,33.671642
13740,3667,-111.92588,33.61741
13741,3668,-111.925575,33.564854
13742,3669,-111.92106,33.636818
13743,3670,-111.92429,33.480343
13744,837,-112.02636,33.50909
13745,3671,-111.89477,33.627304
13746,837,-111.83741,33.58735
13747,3672,-111.92389,33.63416
13748,3673,-112.13489,33.653374
13749,3674,-111.97565,33.31796
13750,3675,-111.92473,33.626343
13751,3676,-112.18759,33.66274
13752,3677,-111.99566,33.626667
13753,3678,-111.84582,33.334644
13754,837,-112.06567,33.487747
13755,3679,-111.78977,33.356873
13756,837,-112.35909,33.608376
13757,3680,-111.92635,33.46439
13758,837,-111.92415,33.50155
13759,3681,-111.715546,33.6058
13760,2525,-112.14925,34.048668
13761,837,-111.8957,33.628017
13762,837,-111.90865,33.42681
13763,837,-115.17818,36.10713
13764,3682,-112.127106,33.581795
13765,837,-111.86321,33.638275
13766,837,-111.94167,33.463852
13767,837,-111.92716,33.45379
13768,6644,-111.91804,33.69925
13769,837,-111.923874,33.613426
13770,6246,-115.270836,36.115585
13771,3683,-112.201744,33.67057
13772,3684,-112.07228,33.45587
13773,3685,-111.92106,33.636818
13774,3686,-111.860954,33.3336
13775,2499,-111.92255,33.63534
13776,4421,-115.172554,36.115673
13777,3687,-112.04673,33.523743
13778,3688,-111.929985,33.496662
13779,6644,-115.13441,36.166664
13780,3689,-111.96778,33.305794
13781,3690,-111.8921,33.29809
13782,837,-111.97705,33.62529
13783,4421,-115.242485,36.146217
13784,837,-111.83422,33.585438
13785,837,-111.92663,33.65241
13786,837,-111.926575,33.61727
13787,837,-111.9863,33.60374
13788,2499,-111.93946,33.424164
13789,3691,-115.17204,36.10654
13790,837,-112.0037,33.49516
13791,2499,-115.17849,36.10924
13792,3692,-111.9309,33.58303
13793,837,-111.9254,33.43438
13794,3693,-111.932915,33.830177
13795,3694,-111.924515,33.497276
13796,837,-111.92589,33.586834
13797,3695,-111.937874,33.6769
13798,1798,-111.92681,33.655525
13799,837,-111.95564,33.442375
13800,3696,-111.92589,33.586834
13801,3697,-111.926735,33.657112
13802,3698,-111.88693,33.578854
13803,3699,-112.08303,33.487476
13804,837,-111.925156,33.623657
13805,3700,-112.08679,33.45524
13806,837,-112.406685,33.638386
13807,837,-111.92529,33.478733
13808,3701,-115.04282,36.067123
13809,3702,-111.86656,33.656647
13810,837,-111.93228,33.496403
13811,3703,-111.924675,33.676567
13812,3704,-112.082504,33.44052
13813,2499,-115.17435,36.113964
13814,3705,-111.92485,33.700066
13815,837,-111.8916,33.627735
13816,2499,-115.17345,36.10306
13817,3706,-111.926445,33.490032
13818,3707,-112.01307,33.610554
13819,3708,-112.165565,33.611652
13820,3709,-111.92477,33.64053
13821,2499,-111.92746,33.442947
13822,2499,-115.239815,36.247677
13823,2499,-115.16876,36.12438
13824,4421,-115.29539,36.072163
13825,4421,-115.209366,36.11818
13826,2499,-111.84298,33.60665
13827,2499,-115.17264,36.11758
13828,6644,-112.3355,33.460354
13829,2499,-115.17375,36.103863
13830,2499,-115.16904,36.124878
13831,2499,-111.85296,33.731174
13832,837,-111.85296,33.731174
13833,3710,-112.07285,33.449226
13834,2499,-111.87588,33.33712
13835,3711,-115.124886,36.046875
13836,6644,-111.92492,33.62348
13837,3712,-112.38717,33.63924
13838,3713,-111.88703,33.58109
13839,3714,-115.194374,36.11659
13840,837,-112.07377,33.45838
13841,837,-112.359474,33.4629
13842,4421,-111.953125,33.42159
13843,837,-115.09928,36.1158
13844,837,-111.97956,33.742207
13845,3715,-111.89859,33.490013
13846,837,-111.94858,33.832657
13847,3716,-111.92993,33.379704
13848,3717,-111.92697,33.462616
13849,837,-111.71406,33.573933
13850,837,-112.0362,33.596832
13851,837,-111.93644,33.422863
13852,837,-111.88807,33.630234
13853,837,-112.01427,33.530174
13854,837,-112.068504,33.452827
13855,837,-111.89049,33.67213
13856,3718,-111.72926,33.60943
13857,3719,-111.92555,33.49208
13858,837,-111.7157,33.603813
13859,3720,-112.18542,33.5525
13860,2499,-115.17106,36.11242
13861,837,-112.51256,33.495914
13862,3721,-111.95183,33.50222
13863,3722,-111.9235,33.625095
13864,2499,-115.17618,36.115856
13865,4421,-115.2782,36.04246
13866,2499,-115.20247,36.144047
13867,6644,-111.944756,33.421448
13868,6644,-115.15822,36.161972
13869,6644,-111.97041,33.40094
13870,837,-111.874886,33.276276
13871,837,-112.07269,33.447872
13872,837,-112.12633,33.581448
13873,837,-111.90802,33.422424
13874,837,-111.95392,33.40789
13875,3723,-112.358376,33.638565
13876,837,-111.90979,33.48124
13877,837,-111.92074,33.414455
13878,837,-111.92645,33.497555
13879,3724,-112.01307,33.610554
13880,3725,-111.83955,33.420338
13881,837,-112.09964,33.48989
13882,3726,-111.938385,33.39157
13883,837,-115.10161,35.987434
13884,837,-112.07228,33.45587
13885,837,-111.92697,33.52771
13886,837,-112.003395,33.495155
13887,3727,-111.88627,33.537872
13888,3728,-111.90913,33.305134
13889,3729,-111.91262,33.362465
13890,837,-112.06783,33.458065
13891,2499,-115.17469,36.160713
13892,3730,-111.92796,33.465588
13893,3731,-111.93942,33.424335
13894,3732,-111.909775,33.41427
13895,837,-112.22394,33.637062
13896,837,-115.20741,36.123623
13897,837,-111.84114,33.29091
13898,837,-111.90998,33.347878
13899,837,-111.89997,33.4276
13900,837,-111.93966,33.42373
13901,837,-111.79081,33.27119
13902,837,-111.91017,33.48699
13903,6644,-115.17462,36.142902
13904,837,-112.278114,33.465
13905,6103,-111.84065,33.395973
13906,2499,-115.17203,36.11494
13907,3733,-111.92906,33.35001
13908,6644,-111.96597,33.380142
13909,837,-111.9429,33.421566
13910,3734,-111.90812,33.393623
13911,837,-112.06773,33.458202
13912,837,-111.752884,33.37769
13913,3735,-111.98451,33.509106
13914,837,-111.93966,33.42373
13915,837,-111.97702,33.583447
13916,837,-112.06518,33.57531
13917,3736,-112.09144,33.45804
13918,837,-112.07232,33.457657
13919,2591,-111.95077,33.407825
13920,3737,-111.77341,33.29329
13921,837,-111.91124,33.362206
13922,3738,-115.17659,36.091938
13923,3739,-112.39657,33.6385
13924,3740,-111.86944,33.540287
13925,4421,-115.11909,36.02112
13926,3741,-111.90713,33.39263
13927,837,-111.90753,33.392403
13928,4421,-115.29494,36.144653
13929,837,-111.936485,33.422974
13930,6644,-115.173004,36.08616
13931,837,-111.90193,33.433937
13932,837,-111.99402,33.49537
13933,3742,-112.06783,33.458065
13934,3743,-111.95785,33.407825
13935,837,-111.940056,33.37929
13936,837,-111.9102,33.48628
13937,837,-111.75701,33.383377
13938,898,-111.86142,33.37831
13939,837,-111.84235,33.303055
13940,837,-111.926895,33.445057
13941,837,-111.90577,33.414867
13942,3744,-111.91991,33.422413
13943,837,-111.90752,33.4066
13944,837,-111.842026,33.302025
13945,837,-111.91188,33.449238
13946,837,-111.94298,33.421413
13947,837,-112.0739,33.500202
13948,837,-111.94513,33.34795
13949,3745,-112.071434,33.44589
13950,837,-112.26853,33.581406
13951,3746,-112.35738,33.60866
13952,3747,-111.62122,33.250507
13953,837,-111.69228,33.39339
13954,3748,-111.94087,33.421497
13955,837,-111.9429,33.421566
13956,837,-111.9348,33.42384
13957,837,-111.925095,33.408787
13958,3749,-111.9348,33.42384
13959,4421,-115.11066,36.002857
13960,3750,-111.90765,33.394054
13961,3751,-111.938385,33.39157
13962,837,-115.14963,36.16695
13963,2499,-115.333855,36.155964
13964,1353,-111.907875,33.377914
13965,3752,-111.939285,33.39397
13966,837,-88.20769,40.11382
13967,837,-111.936,33.41438
13968,837,-111.926796,33.39335
13969,837,-112.069435,33.455498
13970,837,-111.910835,33.391663
13971,837,-111.90634,33.432297
13972,837,-111.842354,33.302765
13973,2499,-111.945045,33.3702
13974,6644,-111.957985,33.40045
13975,3753,-111.84253,33.303234
13976,3754,-111.91612,33.4083
13977,3755,-111.95189,33.421677
13978,3756,-111.964485,33.38312
13979,837,-111.94457,33.335052
13980,837,-111.926056,33.434616
13981,837,-115.17087,36.10242
13982,837,-111.93772,33.391724
13983,837,-111.9348,33.42384
13984,837,-111.94025,33.423023
13985,837,-111.86058,33.33606
13986,837,-111.98852,33.44883
13987,3757,-111.94457,33.335052
13988,3758,-112.34913,33.442703
13989,4421,-115.101585,35.99378
13990,3759,-111.93966,33.42373
13991,3760,-112.08241,33.5027
13992,837,-111.93897,33.392853
13993,837,-111.92575,33.479183
13994,3761,-111.922005,33.416733
13995,3762,-111.92623,33.487377
13996,837,-111.93953,33.42387
13997,837,-111.92288,33.407772
13998,3763,-112.15222,33.596447
13999,837,-111.9198,33.375698
14000,3764,-111.908585,33.39378
14001,2499,-79.956856,40.44166
14002,837,-112.36116,33.463722
14003,3765,-111.898705,33.556156
14004,2499,-111.92621,33.53352
14005,837,-111.910545,33.36135
14006,837,-111.873436,33.413322
14007,837,-111.87926,33.63937
14008,3766,-111.92621,33.53352
14009,3767,-112.10129,33.678238
14010,837,-111.757416,33.30427
14011,3768,-115.16342,36.112488
14012,837,-111.75459,33.38057
14013,837,-115.178215,36.068935
14014,837,-112.064095,33.5219
14015,837,-111.91967,33.41524
14016,3769,-111.875336,33.277004
14017,3770,-112.06567,33.487747
14018,3771,-115.17223,36.110733
14019,3772,-111.75614,33.36745
14020,3797,-111.94031,33.423107
14021,3773,-111.927536,33.32154
14022,3774,-111.926476,33.497753
14023,837,-111.943954,33.42853
14024,837,-111.909645,33.40716
14025,837,-111.92857,33.498913
14026,837,-111.90768,33.43246
14027,3775,-111.85407,33.39349
14028,837,-115.164635,36.15917
14029,3776,-111.92667,33.48332
14030,837,-111.928185,33.501774
14031,837,-112.23992,33.611088
14032,3777,-111.91991,33.422413
14033,837,-111.995926,33.466976
14034,837,-112.26038,33.533157
14035,837,-111.938385,33.39157
14036,837,-111.96481,33.378925
14037,3778,-111.94298,33.421413
14038,837,-111.92793,33.489388
14039,837,-111.936104,33.378216
14040,2499,-112.071495,33.458748
14041,2499,-115.117386,36.019474
14042,4421,-115.257774,36.197437
14043,3779,-111.995514,33.50243
14044,837,-111.80543,33.280136
14045,3780,-112.05343,33.305244
14046,3781,-111.95375,33.407803
14047,3782,-112.00525,33.4954
14048,3783,-112.03524,33.464256
14049,837,-112.08214,33.50671
14050,837,-111.92365,33.625546
14051,3784,-111.92595,33.422276
14052,4421,-111.63997,33.28187
14053,837,-112.07379,33.435524
14054,837,-111.941376,33.423275
14055,3785,-111.98909,33.42159
14056,837,-111.90545,33.432915
14057,3786,-115.22625,36.086525
14058,3787,-111.842514,33.300156
14059,837,-115.1563,36.142338
14060,837,-111.877106,33.337326
14061,837,-112.23991,33.68106
14062,6644,-115.17496,36.121323
14063,3788,-115.12194,36.239635
14064,837,-111.9075,33.421463
14065,3789,-111.95149,33.42273
14066,837,-111.757416,33.30427
14067,3790,-112.111946,33.714478
14068,3791,-111.92568,33.422756
14069,3792,-111.948746,33.34968
14070,837,-111.909645,33.40716
14071,837,-112.07669,33.451775
14072,837,-112.08227,33.4657
14073,837,-111.82584,33.41346
14074,6644,-115.30272,36.144875
14075,3793,-115.174225,36.106884
14076,4421,-115.11838,36.02763
14077,2499,-111.97094,33.403538
14078,3794,-112.217834,33.49427
14079,3795,-111.97094,33.403538
14080,2499,-115.17315,36.10988
14081,2499,-111.638664,33.25568
14082,2499,-111.98156,33.304703
14083,2499,-115.15421,36.119675
14084,3796,-89.37943,43.081955
14085,837,-111.743256,33.29787
14086,4421,-115.123695,36.16971
14087,837,-111.92566,33.48609
14088,3797,-111.938225,33.378216
14089,3798,-112.119194,33.60981
14090,3799,-111.7565,33.307278
14091,3800,-112.024,33.50923
14092,837,-111.94037,33.425762
14093,3801,-111.72063,33.23511
14094,3802,-111.96473,33.340286
14095,837,-111.9288,33.49526
14096,837,-111.842354,33.302902
14097,837,-111.91153,33.34884
14098,837,-111.93007,33.378265
14099,837,-112.07991,33.45496
14100,837,-111.99629,33.50219
14101,837,-111.940285,33.4239
14102,2499,-111.74272,33.31082
14103,3803,-111.8411,33.308956
14104,837,-111.889854,33.56891
14105,837,-111.913475,33.334187
14106,3804,-112.26038,33.533157
14107,2499,-112.07714,33.479996
14108,837,-111.91015,33.36143
14109,837,-111.74018,33.378
14110,3805,-111.86773,33.43473
14111,6644,-115.17179,36.12469
14112,3806,-111.96536,33.348595
14113,837,-112.08345,33.511223
14114,837,-111.806076,33.33379
14115,3807,-111.9309,33.58303
14116,3808,-112.042145,33.50762
14117,837,-111.940834,33.426746
14118,2499,-112.233604,33.631218
14119,3809,-111.789406,33.343132
14120,837,-111.583275,33.220783
14121,3810,-111.79001,33.23642
14122,3811,-111.89477,33.627304
14123,837,-111.90133,33.297695
14124,3812,-111.786835,33.305935
14125,3813,-111.79526,33.32913
14126,837,-111.79019,33.361027
14127,837,-111.7922,33.276756
14128,3814,-111.7716,33.33517
14129,837,-111.93984,33.42521
14130,3815,-115.17659,36.091938
14131,837,-111.79091,33.33001
14132,4421,-111.94457,33.335052
14133,837,-111.96481,33.378925
14134,837,-112.07397,33.513077
14135,3816,-111.84169,33.3019
14136,837,-111.89843,33.30038
14137,3817,-111.78979,33.35617
14138,3818,-111.85944,33.260887
14139,3819,-112.35779,33.638268
14140,3820,-112.11836,33.58035
14141,837,-112.20085,33.610016
14142,837,-112.11634,33.68425
14143,837,-111.978355,33.628124
14144,837,-111.874825,33.3346
14145,3821,-112.34119,33.46296
14146,3822,-112.20063,33.58138
14147,837,-112.15237,33.570454
14148,837,-112.261375,33.539352
14149,3823,-112.19021,33.639206
14150,3824,-112.10182,33.64176
14151,3825,-112.10012,33.576057
14152,3826,-112.15374,33.578506
14153,3827,-112.23536,33.6341
14154,837,-115.2503,36.26133
14155,3828,-112.23345,33.634666
14156,2499,-112.092094,33.495777
14157,3829,-112.236946,33.582
14158,837,-112.26852,33.55204
14159,3830,-112.23569,33.637604
14160,3831,-112.306465,33.456245
14161,837,-112.073616,33.47703
14162,837,-111.99943,33.434166
14163,837,-111.87436,33.336075
14164,837,-112.10831,33.538857
14165,3832,-112.261986,33.534485
14166,3833,-112.1547,33.582264
14167,4027,-112.393166,33.45401
14168,3834,-112.169464,33.596962
14169,3835,-112.179955,33.639374
14170,837,-112.21995,33.639614
14171,837,-112.15249,33.595848
14172,837,-112.16651,33.53807
14173,837,-112.273056,33.46414
14174,837,-112.099625,33.611423
14175,4421,-115.14471,36.17297
14176,837,-111.83024,33.58468
14177,3836,-111.97956,33.742207
14178,3837,-111.92555,33.564976
14179,942,-112.15249,33.595848
14180,3838,-112.27733,33.465477
14181,3839,-112.03918,33.494343
14182,3840,-88.20945,40.11271
14183,837,-112.20145,33.637093
14184,3841,-112.24855,33.638035
14185,837,-112.18553,33.611176
14186,3842,-112.17426,33.63955
14187,837,-112.124596,33.666637
14188,837,-115.17264,36.11758
14189,3843,-112.07421,33.448036
14190,837,-112.358765,33.507095
14191,3844,-112.389984,33.465
14192,3845,-111.908585,33.39378
14193,3846,-112.20413,33.611145
14194,837,-112.26056,33.534855
14195,837,-112.01307,33.610554
14196,6644,-115.20198,36.10272
14197,3847,-112.179596,33.609203
14198,3708,-115.0849,36.133053
14199,2499,-111.99641,33.433895
14200,3848,-111.80274,33.384647
14201,3849,-112.23696,33.62722
14202,3826,-112.10023,33.626423
14203,3850,-112.14868,33.60927
14204,837,-112.00525,33.4954
14205,837,-111.945366,33.422176
14206,837,-112.20237,33.63953
14207,837,-112.18495,33.62666
14208,3851,-112.14989,33.582363
14209,3852,-112.17426,33.63955
14210,837,-112.119,33.63949
14211,3853,-112.380104,33.49272
14212,837,-112.127,33.581833
14213,837,-112.13459,33.595837
14214,2499,-115.17516,36.109875
14215,837,-112.27315,33.711445
14216,3854,-111.92811,33.655914
14217,837,-112.42459,33.622913
14218,837,-111.97562,33.675262
14219,3855,-112.26123,33.53409
14220,837,-112.083374,33.49749
14221,837,-112.21981,33.639004
14222,3856,-112.255974,33.572426
14223,3857,-112.35909,33.608376
14224,837,-112.16848,33.611618
14225,837,-111.92306,33.49227
14226,3858,-112.23371,33.652077
14227,837,-111.43695,33.325783
14228,3859,-112.23827,33.63088
14229,3860,-112.07486,33.448936
14230,3861,-112.11395,33.713455
14231,3862,-112.07486,33.448936
14232,837,-112.23827,33.63088
14233,3863,-112.18652,33.639526
14234,837,-112.15017,33.639275
14235,837,-112.07127,33.508995
14236,3864,-112.20224,33.71069
14237,3865,-112.17962,33.638466
14238,837,-112.17049,33.611523
14239,837,-112.19261,33.53826
14240,3866,-112.13981,33.713345
14241,837,-112.18482,33.65357
14242,837,-112.35621,33.637142
14243,837,-112.200554,33.670937
14244,3867,-112.18652,33.639526
14245,837,-112.22666,33.637676
14246,3868,-112.07427,33.447517
14247,837,-112.26495,33.535923
14248,3869,-112.18393,33.53842
14249,837,-112.22337,33.638668
14250,3870,-112.25282,33.65265
14251,837,-112.06516,33.519554
14252,3871,-112.11646,33.560856
14253,837,-112.34428,33.461773
14254,3872,-112.15303,33.507313
14255,3873,-115.17382,36.107162
14256,3874,-115.20631,36.12659
14257,3875,-112.18393,33.53842
14258,3876,-112.23827,33.63088
14259,837,-112.42533,33.639748
14260,837,-112.05003,33.46554
14261,3877,-111.939766,33.42518
14262,6644,-112.1159,33.587765
14263,837,-112.236786,33.63244
14264,3878,-112.24642,33.6103
14265,837,-112.18089,33.6393
14266,6644,-115.17641,36.11316
14267,837,-89.38136,43.073986
14268,3879,-115.17582,36.11773
14269,3880,-111.91345,33.414272
14270,837,-112.237564,33.632164
14271,837,-112.02123,33.496204
14272,837,-112.1853,33.652706
14273,3881,-112.065636,33.44916
14274,837,-112.07358,33.442486
14275,837,-112.06551,33.576332
14276,3882,-111.92803,33.502003
14277,837,-111.94741,33.3045
14278,3883,-112.38717,33.639236
14279,3884,-112.186844,33.669155
14280,837,-111.99411,33.479755
14281,6644,-112.07379,33.435524
14282,3885,-112.09661,33.640316
14283,837,-112.07341,33.5137
14284,837,-111.982864,33.637707
14285,837,-112.240456,33.581093
14286,3886,-111.92514,33.542786
14287,837,-115.04282,36.067123
14288,3887,-112.124596,33.666637
14289,3888,-112.277504,33.598698
14290,837,-112.075294,33.68302
14291,3889,-112.05003,33.46554
14292,3890,-112.232635,33.63769
14293,3891,-111.87599,33.41335
14294,837,-112.26091,33.531467
14295,3892,-111.92318,33.699768
14296,3893,-112.18817,33.662697
14297,3894,-112.02995,33.488026
14298,837,-112.237854,33.63042
14299,837,-111.93051,33.49245
14300,837,-112.0648,33.47468
14301,6644,-115.11687,36.072422
14302,6644,-115.19232,36.124928
14303,837,-112.12003,33.64044
14304,3895,-112.33905,33.494873
14305,3896,-115.28673,36.30208
14306,3897,-111.63411,33.250214
14307,837,-112.13459,33.595837
14308,837,-112.065636,33.44916
14309,3898,-112.17907,33.639347
14310,837,-112.12201,33.57997
14311,837,-112.09938,33.65325
14312,3899,-112.38765,33.464397
14313,3900,-112.3659,33.638557
14314,3901,-112.273315,33.708637
14315,3902,-112.21995,33.639614
14316,837,-111.922,33.50141
14317,837,-112.219315,33.597385
14318,3903,-112.261986,33.534485
14319,837,-111.92796,33.49821
14320,3904,-112.07491,33.449474
14321,3905,-112.3355,33.460354
14322,3906,-112.184875,33.671173
14323,3907,-112.11026,33.712284
14324,837,-112.239525,33.61008
14325,837,-111.96444,33.67591
14326,837,-112.0404,33.509445
14327,837,-112.11054,33.64068
14328,837,-111.92428,33.639065
14329,3908,-112.22832,33.634636
14330,837,-112.20363,33.666588
14331,3909,-112.424706,33.62366
14332,837,-112.07551,33.449596
14333,3910,-112.20485,33.681496
14334,837,-112.23696,33.62722
14335,837,-112.16568,33.611366
14336,837,-112.07409,33.4975
14337,2499,-112.0739,33.500202
14338,3911,-112.17426,33.63955
14339,3912,-112.07232,33.457657
14340,837,-112.16629,33.53872
14341,3865,-112.20556,33.66659
14342,837,-111.970184,33.340645
14343,6644,-111.908585,33.39378
14344,3913,-111.955215,33.83297
14345,2499,-112.09243,33.683323
14346,837,-111.874825,33.3346
14347,3914,-112.07492,33.483
14348,837,-112.15301,33.639202
14349,837,-111.9864,33.5107
14350,837,-112.23827,33.63088
14351,837,-112.273315,33.708637
14352,837,-112.13153,33.640965
14353,837,-112.00717,33.435467
14354,3915,-112.15278,33.655704
14355,837,-112.18625,33.67218
14356,3916,-111.89477,33.627304
14357,837,-112.114044,33.68167
14358,2499,-112.201866,33.669647
14359,837,-111.89351,33.627815
14360,3917,-112.22263,33.609577
14361,837,-112.03788,33.509254
14362,3918,-112.23695,33.627163
14363,3919,-112.06799,33.640053
14364,837,-112.064644,33.450397
14365,3920,-112.201866,33.669647
14366,837,-112.201866,33.669647
14367,837,-112.42134,33.437656
14368,837,-111.92976,33.49328
14369,3921,-112.39554,33.45657
14370,3922,-112.22666,33.637676
14371,3923,-112.357574,33.45569
14372,3924,-112.20006,33.637154
14373,837,-112.07,33.45
14374,3925,-112.12042,33.5694
14375,3926,-115.11797,36.01842
14376,3926,-112.20006,33.637154
14377,837,-112.311424,33.638252
14378,837,-112.16848,33.611618
14379,3927,-112.17049,33.611523
14380,837,-111.94182,33.625153
14381,3928,-112.20006,33.637154
14382,837,-111.92621,33.53352
14383,3929,-112.41438,33.62518
14384,837,-112.34056,33.467358
14385,4421,-115.26451,36.27111
14386,3930,-112.411354,33.550407
14387,3931,-112.22085,33.634846
14388,6390,-112.22938,33.640213
14389,837,-112.306465,33.456245
14390,3932,-112.222885,33.596703
14391,2499,-115.17305,36.118965
14392,3933,-112.2732,33.708668
14393,2499,-115.04762,36.043396
14394,837,-112.165565,33.611652
14395,837,-111.92559,33.478718
14396,837,-111.97417,33.4133
14397,837,-112.15378,33.568226
14398,837,-112.22643,33.644157
14399,3826,-112.380104,33.49272
14400,3934,-115.1613,36.138298
14401,3935,-112.20032,33.710823
14402,3936,-111.92589,33.527847
14403,6644,-112.2349,33.654285
14404,837,-112.16867,33.545204
14405,837,-112.35577,33.64142
14406,3937,-112.22532,33.642204
14407,3938,-111.926445,33.490032
14408,837,-112.35873,33.459194
14409,837,-112.18625,33.67218
14410,3939,-112.183876,33.538338
14411,3940,-112.15075,33.59817
14412,1325,-112.3589,33.64478
14413,837,-112.13153,33.640965
14414,3941,-112.26852,33.55204
14415,837,-112.237564,33.632164
14416,3942,-115.175896,36.097015
14417,2499,-112.35747,33.461906
14418,837,-111.995995,33.50922
14419,7554,-115.17581,36.112846
14420,3943,-112.18716,33.669304
14421,837,-111.929924,33.349712
14422,837,-112.390724,33.638966
14423,3944,-111.52829,33.43119
14424,837,-111.95176,33.422905
14425,2499,-115.17712,36.13198
14426,837,-112.06483,33.457333
14427,4421,-115.17676,36.10449
14428,837,-111.94969,33.40756
14429,837,-111.96901,33.315628
14430,837,-112.14925,34.048668
14431,3945,-112.11634,33.68425
14432,3946,-111.95936,33.421658
14433,837,-112.357574,33.45569
14434,837,-112.358925,33.494473
14435,3947,-112.27418,33.464333
14436,837,-112.35561,33.495285
14437,837,-111.9251,33.42234
14438,3948,-111.92359,33.70057
14439,3949,-112.39554,33.45657
14440,837,-112.06483,33.457333
14441,837,-112.39554,33.45657
14442,3950,-112.388405,33.46402
14443,3951,-112.340225,33.465664
14444,837,-112.065346,33.51108
14445,3952,-112.065636,33.44916
14446,837,-112.23696,33.62722
14447,837,-112.27196,33.552067
14448,3953,-112.273056,33.46414
14449,837,-112.391945,33.462597
14450,837,-112.27444,33.467335
14451,837,-112.42678,33.448696
14452,3954,-112.38765,33.464397
14453,3955,-112.34188,33.463543
14454,3956,-115.298615,36.115734
14455,3957,-112.22119,33.477585
14456,3958,-112.34036,33.45522
14457,837,-112.34503,33.463116
14458,1325,-111.85926,33.31954
14459,3959,-112.35883,33.467022
14460,837,-112.23926,33.608532
14461,4421,-112.26105,33.533955
14462,3960,-111.82407,33.423416
14463,4421,-112.0037,33.49516
14464,3961,-115.16821,36.127586
14465,3962,-112.391945,33.462597
14466,3963,-115.13988,36.1688
14467,6644,-115.16919,36.105984
14468,837,-112.339,33.4801
14469,3964,-115.12652,36.15846
14470,837,-112.27275,33.46457
14471,3965,-115.1613,36.138298
14472,3966,-112.34261,33.450146
14473,837,-112.23287,33.47082
14474,837,-112.06516,33.519554
14475,3967,-112.10023,33.626423
14476,837,-112.366554,33.64949
14477,837,-111.924805,33.52681
14478,3968,-112.39554,33.45657
14479,6644,-115.32429,36.12181
14480,6644,-115.15261,36.151554
14481,837,-112.18157,33.539257
14482,837,-112.25756,33.480137
14483,837,-112.341606,33.456554
14484,3969,-112.38777,33.465282
14485,837,-112.35514,33.463253
14486,837,-112.393776,33.62668
14487,837,-112.05104,33.477036
14488,3970,-112.349045,33.489315
14489,837,-112.28943,33.493145
14490,3971,-112.34056,33.467358
14491,2499,-115.17143,36.135014
14492,4421,-115.298325,36.112583
14493,3972,-112.34079,33.468014
14494,3973,-112.28586,33.49289
14495,2499,-115.17103,36.099377
14496,837,-111.94082,33.423077
14497,837,-112.30401,33.63989
14498,3974,-112.3564,33.465137
14499,3975,-111.90847,33.47997
14500,837,-112.26204,33.53305
14501,3976,-112.04791,33.47893
14502,3977,-112.18318,33.538486
14503,837,-112.35899,33.494404
14504,837,-112.064644,33.450397
14505,2499,-115.17117,36.112244
14506,4421,-115.129555,36.15899
14507,3978,-112.261604,33.534298
14508,3979,-112.06892,33.640152
14509,4421,-115.11622,36.042686
14510,3980,-112.35254,33.638336
14511,3981,-112.424706,33.62366
14512,3982,-111.9309,33.58303
14513,4421,-115.20888,36.09506
14514,3983,-112.235085,33.654278
14515,837,-111.94996,33.451237
14516,3984,-111.91667,33.451714
14517,3985,-112.19062,33.638363
14518,3986,-112.08711,33.45496
14519,3987,-112.3928,33.638638
14520,837,-112.42433,33.623653
14521,837,-112.359604,33.60966
14522,837,-111.9309,33.58303
14523,3988,-112.357574,33.45569
14524,3989,-115.17177,36.11934
14525,3990,-112.35528,33.638565
14526,837,-112.35738,33.60866
14527,3991,-115.17105,36.12595
14528,3992,-112.35087,33.638256
14529,2499,-115.1746,36.116764
14530,3993,-112.339,33.4801
14531,3994,-112.23968,33.609863
14532,3995,-111.9864,33.5107
14533,3996,-112.311424,33.638252
14534,3997,-112.36344,33.638203
14535,837,-112.35909,33.608498
14536,3998,-112.07444,33.447647
14537,837,-112.07405,33.44995
14538,837,-111.94451,33.42969
14539,837,-112.04739,33.4692
14540,6644,-115.11839,36.01761
14541,3999,-115.16901,35.965446
14542,4000,-112.30007,33.594315
14543,4001,-111.89905,33.556004
14544,837,-111.999565,33.495495
14545,837,-112.42459,33.622913
14546,837,-112.236946,33.582
14547,4002,-115.14683,36.172176
14548,4003,-112.09187,33.64056
14549,2499,-80.83551,35.209496
14550,2499,-112.23624,33.637596
14551,2499,-111.997696,33.435596
14552,837,-112.3598,33.452316
14553,837,-112.13726,33.50915
14554,4004,-111.92775,33.492905
14555,4005,-111.71668,33.604015
14556,4006,-112.35838,33.641026
14557,4007,-111.92645,33.497555
14558,4008,-112.18469,33.609394
14559,4009,-112.239525,33.61008
14560,4010,-112.18803,33.538708
14561,2499,-112.34913,33.442703
14562,837,-112.235,33.634686
14563,837,-112.55654,33.4429
14564,4011,-115.242485,36.146217
14565,837,-112.356064,33.464493
14566,4012,-112.0741,33.506855
14567,837,-111.92566,33.47535
14568,4013,-112.237564,33.632164
14569,4014,-112.359604,33.60966
14570,3826,-112.099625,33.611423
14571,4015,-111.742744,33.29706
14572,837,-112.124596,33.666637
14573,837,-112.22098,33.641773
14574,4016,-112.06551,33.576332
14575,837,-112.23775,33.673027
14576,837,-112.23657,33.64641
14577,4017,-112.25282,33.65265
14578,4018,-112.13472,33.843456
14579,4421,-115.243195,36.062325
14580,837,-112.2732,33.708668
14581,4019,-89.34394,43.103706
14582,4020,-111.82275,33.224022
14583,837,-112.36406,33.63846
14584,837,-112.011635,33.628117
14585,4021,-112.23827,33.63088
14586,837,-115.14525,36.08316
14587,4022,-112.152214,33.595585
14588,837,-112.127106,33.581795
14589,837,-112.12435,33.666695
14590,4023,-112.26003,33.552128
14591,837,-112.11141,33.71098
14592,898,-112.23077,33.636528
14593,2499,-112.0792,33.49111
14594,837,-112.26123,33.53409
14595,837,-112.23757,33.633236
14596,4024,-115.1736,36.104923
14597,2499,-112.27315,33.711445
14598,4025,-115.1976,36.125965
14599,4026,-112.239044,33.669716
14600,4027,-112.21744,33.637657
14601,837,-112.18817,33.662697
14602,4028,-112.183464,33.61198
14603,4029,-111.90436,33.670033
14604,837,-112.18595,33.64035
14605,4030,-112.273315,33.708637
14606,5079,-112.33277,33.491962
14607,837,-111.84065,33.395973
14608,837,-112.18158,33.64012
14609,4031,-112.18393,33.53842
14610,4032,-115.04124,36.0614
14611,4033,-112.082504,33.44052
14612,4034,-112.099625,33.611423
14613,4035,-112.14982,33.640068
14614,837,-111.941376,33.423275
14615,4036,-115.20717,36.14959
14616,4037,-112.339,33.4801
14617,837,-112.23757,33.633236
14618,4038,-112.37402,33.65579
14619,4039,-112.252396,33.639862
14620,2499,-112.23696,33.62722
14621,4421,-115.20658,36.17168
14622,4421,-115.12092,36.240192
14623,4421,-115.12092,36.240192
14624,837,-112.07359,33.476837
14625,2499,-111.943954,33.42853
14626,2499,-111.92336,33.495514
14627,4421,-115.33553,36.14631
14628,6644,-115.144745,36.17295
14629,4421,-115.04209,36.06827
14630,4421,-115.02772,36.048725
14631,4040,-115.08496,36.00635
14632,4421,-115.03808,36.064583
14633,4421,-115.27853,36.057846
14634,4421,-115.241516,36.064106
14635,4421,-115.11716,36.014626
14636,4041,-115.13913,36.168243
14637,4421,-115.114,36.02573
14638,4421,-115.0452,36.063137
14639,4421,-115.333496,36.15076
14640,4042,-115.162964,36.189293
14641,4421,-115.173416,36.161705
14642,4421,-115.0845,36.056213
14643,4421,-115.03324,36.060707
14644,4421,-115.33317,36.15002
14645,4043,-115.07661,36.070503
14646,4044,-115.166954,36.106236
14647,4421,-115.0457,36.058296
14648,4045,-115.243866,36.086548
14649,4692,-115.11734,36.022045
14650,4421,-115.15098,36.106007
14651,4421,-115.17025,36.1238
14652,6644,-115.20703,36.126266
14653,4421,-115.225945,36.239635
14654,4421,-115.04508,36.068527
14655,4421,-115.04604,36.040398
14656,4421,-115.135,36.1155
14657,4046,-115.040665,36.106735
14658,4421,-115.10561,36.00054
14659,4421,-115.11876,36.0545
14660,6644,-115.04664,36.02288
14661,4421,-115.107475,36.00292
14662,4421,-115.246254,36.064285
14663,4421,-115.11617,36.00676
14664,4421,-115.157875,36.142757
14665,4421,-115.168846,36.122505
14666,2499,-115.15822,36.161972
14667,4421,-115.241554,36.064533
14668,4421,-115.28009,36.298874
14669,4421,-115.0324,36.083195
14670,4421,-115.05508,36.01792
14671,4421,-115.043594,36.063164
14672,4421,-115.33272,36.148514
14673,4421,-115.04124,36.0614
14674,2499,-115.13224,36.193233
14675,4421,-115.11793,36.021038
14676,4421,-115.08509,36.029533
14677,4421,-115.14511,36.1741
14678,4421,-115.04628,36.060772
14679,4421,-115.22587,36.055244
14680,4047,-115.04762,36.043396
14681,4421,-115.049446,36.028194
14682,4048,-115.19448,36.126213
14683,4421,-115.12637,35.997757
14684,4421,-115.04912,36.020336
14685,4421,-115.10691,35.999065
14686,4421,-115.334816,36.155132
14687,4421,-115.11941,36.016144
14688,4421,-115.146904,36.171864
14689,4421,-115.10288,35.99202
14690,4421,-115.17684,36.06878
14691,4049,-115.120026,36.055832
14692,4421,-115.22625,36.086525
14693,4421,-115.17225,36.05647
14694,4421,-115.209915,36.126427
14695,4421,-115.117096,36.016495
14696,4421,-115.17279,36.11766
14697,4421,-115.17743,36.067726
14698,4421,-115.20638,36.006573
14699,4421,-115.04282,36.067123
14700,4050,-115.08227,36.07001
14701,4421,-115.17155,36.05199
14702,4421,-115.08284,36.074104
14703,4051,-115.101204,35.99359
14704,4052,-115.287155,36.278053
14705,6644,-115.06298,36.02416
14706,4421,-115.06298,36.02416
14707,4421,-115.170975,36.114277
14708,4421,-115.1892,36.1472
14709,4421,-115.193,36.15938
14710,4421,-115.24882,36.195763
14711,4421,-115.24189,36.112988
14712,4421,-115.137085,36.106686
14713,4053,-115.29179,36.113693
14714,4054,-115.1087,36.14329
14715,4421,-115.21197,36.12554
14716,4421,-115.26066,36.188366
14717,4055,-115.17087,36.10242
14718,4421,-115.048256,36.058395
14719,4421,-115.087364,36.029713
14720,4421,-115.09903,36.072247
14721,4056,-115.09916,36.04198
14722,4057,-115.20848,36.07308
14723,4421,-115.10561,36.00054
14724,4058,-111.96792,33.336803
14725,4421,-115.08588,36.02942
14726,4421,-115.17593,36.068153
14727,4421,-115.171265,36.01484
14728,4421,-115.17186,36.11744
14729,4421,-115.20388,36.087532
14730,4421,-115.22638,36.1432
14731,4059,-115.11687,36.072422
14732,4421,-115.242485,36.146217
14733,4060,-115.04146,36.05681
14734,4421,-115.04774,36.065594
14735,4061,-115.24316,36.077072
14736,4062,-115.04574,36.060097
14737,4063,-115.04574,36.060097
14738,4421,-115.04574,36.060097
14739,2499,-111.90928,33.50101
14740,4421,-115.100044,36.099277
14741,4421,-115.13913,36.168243
14742,4421,-115.29798,36.097534
14743,4421,-115.22343,36.115295
14744,4064,-115.15098,36.106007
14745,4421,-115.04003,36.06485
14746,4421,-115.1976,36.125965
14747,4421,-115.20888,36.09506
14748,4421,-115.110466,36.071354
14749,4421,-115.03597,36.06237
14750,4421,-115.17283,36.132774
14751,4421,-115.08498,36.03524
14752,4065,-115.170616,36.124756
14753,4066,-115.14007,36.167534
14754,4067,-115.08003,36.069836
14755,4421,-115.17352,36.10309
14756,4421,-115.15797,36.158264
14757,2499,-114.979904,36.02931
14758,4421,-115.102486,36.09906
14759,4421,-115.29434,36.095753
14760,4421,-115.04282,36.067123
14761,4421,-115.194626,36.172672
14762,4421,-115.21405,36.220078
14763,4421,-115.23096,36.1148
14764,4068,-115.21148,36.227207
14765,4069,-115.04664,36.02288
14766,4063,-115.04664,36.02288
14767,4070,-115.05218,36.0197
14768,4421,-115.13894,36.16672
14769,4071,-115.04664,36.02288
14770,4421,-115.02765,36.04114
14771,4421,-115.22062,36.144825
14772,2499,-115.01827,36.048473
14773,4421,-115.302826,36.14494
14774,4421,-115.15126,36.1089
14775,4421,-115.2916,36.053307
14776,4421,-115.047714,36.026855
14777,4421,-115.08234,36.070396
14778,4072,-115.04282,36.067123
14779,4073,-114.987305,36.036503
14780,2499,-115.20887,36.094456
14781,4074,-115.13684,36.105747
14782,4421,-115.21987,36.125305
14783,4421,-115.11839,36.01761
14784,4421,-115.175285,36.06618
14785,4421,-114.96364,36.013103
14786,2499,-115.1765,36.116962
14787,6644,-115.17131,36.11928
14788,4421,-115.30234,36.100346
14789,4421,-115.10187,36.170284
14790,4075,-115.17196,36.120907
14791,4421,-115.242096,36.041706
14792,4076,-115.17698,36.111977
14793,4077,-115.177,36.11199
14794,4421,-115.20743,36.163544
14795,4078,-115.22526,36.159985
14796,2499,-115.19203,36.126144
14797,4421,-115.142006,36.17183
14798,4421,-115.11619,36.240265
14799,4421,-115.29987,36.147263
14800,2499,-115.166954,36.106236
14801,4421,-115.09606,36.00499
14802,4421,-115.15548,36.238903
14803,4421,-115.27994,36.127228
14804,4421,-115.04675,36.043884
14805,4421,-115.11167,36.100384
14806,4079,-115.04358,36.06423
14807,4421,-115.157875,36.142757
14808,4421,-115.257416,36.142918
14809,4421,-115.04124,36.0614
14810,4421,-115.17127,36.11288
14811,2499,-115.333595,36.156967
14812,4421,-115.072075,36.07385
14813,2499,-115.25775,36.19565
14814,4421,-115.16146,36.14413
14815,2499,-115.334816,36.15839
14816,2499,-115.20198,36.10272
14817,4421,-115.04803,36.043564
14818,2499,-115.04141,36.061325
14819,4421,-115.28773,36.290314
14820,4421,-115.2439,36.044876
14821,4421,-115.1359,36.133198
14822,6644,-3.195602,55.9491
14823,4421,-115.04762,36.043396
14824,4421,-115.14064,36.167877
14825,4421,-115.141846,36.17241
14826,6644,-115.17437,36.10206
14827,4421,-115.09543,36.07111
14828,4421,-115.33387,36.152832
14829,4080,-115.14096,36.143673
14830,2499,-115.17087,36.10242
14831,2499,-115.17686,36.11768
14832,4421,-115.1952,36.11531
14833,4421,-115.11687,36.072422
14834,4081,-115.17058,35.96511
14835,4421,-115.11862,36.115192
14836,4421,-115.04141,36.061325
14837,4082,-115.04282,36.067123
14838,4421,-115.13871,36.169216
14839,4421,-115.173996,36.12161
14840,4421,-115.20628,36.12662
14841,837,-115.029915,36.030262
14842,4083,-115.04282,36.067123
14843,2499,-115.243866,36.086548
14844,4421,-115.17647,36.14513
14845,2499,-115.17618,36.115856
14846,4084,-115.17535,36.070137
14847,4421,-115.14741,36.114876
14848,4421,-115.11772,36.099663
14849,4421,-115.13714,36.010777
14850,2499,-115.04141,36.061325
14851,4085,-115.08348,36.003994
14852,4421,-115.180664,36.291985
14853,4421,-115.13913,36.168243
14854,2499,-115.17143,36.109825
14855,4086,-115.04141,36.061325
14856,4087,-115.04141,36.061325
14857,4088,-115.04282,36.067123
14858,4421,-115.17143,36.135014
14859,4421,-115.04003,36.06485
14860,4421,-115.04141,36.061325
14861,4421,-115.04553,36.061695
14862,7486,-115.08998,36.020554
14863,4421,-115.17462,36.142902
14864,4089,-115.04141,36.061325
14865,4421,-115.22349,36.125526
14866,6644,-115.1563,36.142338
14867,4421,-115.04548,36.060318
14868,2499,-115.15458,36.119186
14869,4421,-115.28331,36.05509
14870,4421,-115.30617,36.113316
14871,4090,-115.11949,36.01578
14872,4421,-115.19263,36.03985
14873,4091,-115.029915,36.030262
14874,4421,-115.11157,36.00645
14875,4421,-115.13792,36.168026
14876,4421,-115.2072,36.271782
14877,4421,-115.13838,36.11365
14878,4421,-115.14528,36.1616
14879,4092,-115.12009,36.03372
14880,4421,-115.02463,36.04688
14881,4421,-115.278175,36.041817
14882,4093,-115.112274,36.0682
14883,4421,-115.02463,36.04688
14884,4421,-115.02463,36.04688
14885,4421,-115.11698,36.009254
14886,4421,-112.06518,33.57531
14887,4421,-115.24404,36.04547
14888,4421,-114.98345,36.03831
14889,4094,-115.17155,36.05199
14890,4095,-115.10044,35.979927
14891,4421,-115.281075,36.05369
14892,4421,-115.33276,36.15119
14893,4421,-115.053116,36.047115
14894,4421,-115.29072,36.16293
14895,4421,-115.28685,36.289684
14896,4096,-115.252,36.063618
14897,4421,-115.26318,36.271908
14898,4421,-115.333855,36.155964
14899,4097,-115.243385,36.062267
14900,4421,-115.24166,36.194546
14901,4098,-115.19317,36.16677
14902,4421,-115.17223,36.067635
14903,4099,-115.24878,36.21115
14904,4421,-115.090195,36.116203
14905,4421,-115.12047,36.026196
14906,4421,-115.22343,36.115295
14907,4421,-115.19242,36.12601
14908,4421,-115.15323,36.042797
14909,4421,-115.20198,36.10272
14910,4100,-115.03997,36.040295
14911,4421,-115.21327,36.12656
14912,4421,-115.20671,36.145184
14913,4421,-115.225876,36.126358
14914,2499,-115.0411,36.0563
14915,4101,-115.03688,36.060844
14916,4421,-115.04282,36.067123
14917,4421,-115.26776,36.271168
14918,4421,-115.07779,36.07372
14919,4421,-115.04282,36.067123
14920,4112,-115.19397,36.12618
14921,4421,-115.16587,36.126877
14922,4421,-115.03721,36.06575
14923,4421,-115.17516,36.109875
14924,6644,-115.0864,36.02079
14925,4421,-114.96489,36.026684
14926,4421,-115.19094,36.126175
14927,4421,-115.19233,36.12587
14928,4421,-115.118416,36.025414
14929,4421,-115.121376,36.010296
14930,4421,-115.102486,36.09906
14931,6644,-115.33276,36.15119
14932,4421,-115.23664,36.115025
14933,4421,-115.10107,35.989494
14934,3185,-115.090195,36.116203
14935,4421,-115.04883,36.02805
14936,4102,-115.11616,36.006657
14937,4103,-114.992676,36.013332
14938,4421,-115.025375,36.04886
14939,4421,-115.08384,36.022102
14940,4421,-115.26318,36.271908
14941,6644,-115.207146,36.07245
14942,4104,-115.04273,36.06695
14943,4105,-115.11793,36.09981
14944,4106,-115.03819,36.065517
14945,4107,-115.02826,36.045822
14946,4421,-115.311,36.113472
14947,4108,-115.10386,35.998825
14948,4421,-114.98361,36.03274
14949,4421,-115.298065,36.147495
14950,4109,-115.298325,36.112583
14951,4421,-115.09916,36.04198
14952,4421,-115.09903,36.072247
14953,4421,-115.25231,36.063236
14954,4421,-115.29998,36.147152
14955,4421,-115.09358,36.130005
14956,4421,-115.19496,36.101418
14957,4421,-115.08955,36.02054
14958,4421,-115.04165,36.05552
14959,4421,-115.17229,36.115147
14960,4421,-115.08231,36.069843
14961,4421,-115.10561,36.00054
14962,4421,-115.24373,36.08461
14963,4421,-115.19496,36.114685
14964,4421,-115.11279,36.005222
14965,4421,-115.14277,36.16997
14966,4421,-115.120316,36.057457
14967,4421,-115.2008,36.114964
14968,2499,-111.72063,33.23511
14969,4421,-115.100845,35.993855
14970,4110,-115.20847,36.033684
14971,4111,-115.1725,36.110065
14972,4421,-115.134964,36.013805
14973,4421,-115.11876,36.0545
14974,4112,-115.157036,36.165985
14975,4421,-115.15333,36.10952
14976,4113,-115.24133,36.055412
14977,4421,-115.10142,36.08595
14978,4114,-115.01699,36.054703
14979,4421,-115.17504,36.144676
14980,4421,-115.112,36.10026
14981,4115,-115.10715,36.09965
14982,837,-115.030464,36.03026
14983,4421,-115.11243,36.006176
14984,4421,-115.04883,36.02805
14985,4421,-115.10143,36.04214
14986,4116,-115.062546,36.029587
14987,4421,-114.99299,36.014114
14988,4117,-115.04142,36.055454
14989,4421,-111.999176,33.442745
14990,4118,-115.05648,36.015625
14991,4421,-115.02351,36.063915
14992,4421,-115.30971,36.11463
14993,4421,-115.22406,36.12772
14994,4421,-115.08573,36.029755
14995,4119,-115.11819,36.003147
14996,4421,-115.101204,35.99359
14997,4421,-115.24322,36.18759
14998,4120,-115.08353,36.055374
14999,4421,-115.295586,36.114517
15000,4121,-115.037834,36.063442
15001,4421,-115.14289,36.143345
15002,4421,-115.04282,36.067123
15003,4421,-115.13526,36.012794
15004,4122,-115.06298,36.02416
15005,4421,-115.02097,36.047676
15006,4123,-115.20741,36.123623
15007,4124,-115.02468,36.070908
15008,4125,-115.00884,36.034294
15009,4126,-115.11066,36.002857
15010,4127,-115.30186,36.145638
15011,4421,-115.27943,36.142227
15012,4421,-115.138504,36.117256
15013,4421,-115.23847,36.246967
15014,4421,-115.123695,36.16971
15015,6644,-115.291306,36.16911
15016,4421,-115.10386,35.998825
15017,4421,-115.10773,36.002964
15018,4128,-115.04508,36.068527
15019,4421,-115.10313,36.001965
15020,4130,-115.33276,36.15119
15021,4421,-114.93324,35.993443
15022,2499,-112.0739,33.500202
15023,4421,-115.07723,36.071445
15024,4131,-115.04225,36.066628
15025,4132,-115.11866,36.01004
15026,4421,-115.09063,36.115353
15027,6644,-115.17371,36.109867
15028,4421,-115.18287,36.027077
15029,4133,-115.04548,36.060318
15030,4421,-115.209366,36.11818
15031,4421,-115.04658,36.06558
15032,4421,-115.21258,36.15882
15033,4421,-115.11793,36.09981
15034,4421,-115.225,36.069855
15035,4421,-115.197075,36.12586
15036,4421,-115.13617,36.011944
15037,4421,-115.35053,36.16064
15038,4421,-115.17527,36.120514
15039,4134,-115.03649,36.067413
15040,4421,-115.16555,36.11523
15041,2499,-115.138756,36.11665
15042,4421,-115.16269,36.144295
15043,4421,-115.176,36.119038
15044,4421,-115.04708,36.15808
15045,4421,-115.086914,36.019207
15046,4421,-115.20778,36.03378
15047,4135,-115.118126,36.015793
15048,4421,-115.148346,36.15669
15049,4421,-115.21124,36.125538
15050,4421,-115.10165,35.995304
15051,2499,-115.081116,36.069817
15052,4136,-115.16373,36.056416
15053,4421,-115.241806,36.199173
15054,4421,-115.117836,36.028442
15055,4421,-115.11698,36.009254
15056,4421,-115.01699,36.054703
15057,4421,-115.025375,36.04886
15058,4137,-115.02453,36.03521
15059,4421,-115.204956,36.0942
15060,2499,-111.99497,33.43605
15061,4421,-115.243546,36.04771
15062,4421,-115.16915,36.054928
15063,4138,-115.084076,36.056026
15064,4421,-115.26378,36.0842
15065,2499,-115.059395,36.107304
15066,4421,-115.286575,36.277733
15067,4421,-115.178215,36.068935
15068,4421,-115.12269,36.057693
15069,4421,-115.08686,36.02104
15070,4421,-115.119385,36.026558
15071,4421,-115.16153,36.132683
15072,2499,-114.98115,36.0414
15073,4139,-115.08253,36.02307
15074,4421,-115.298294,36.077114
15075,4421,-115.1068,36.071945
15076,4421,-114.987305,36.036503
15077,4421,-115.177536,36.06837
15078,4140,-115.15304,36.150703
15079,4421,-115.2256,36.14364
15080,4421,-115.035706,36.086338
15081,4421,-115.11428,36.00516
15082,4421,-115.16174,36.149128
15083,4421,-115.283875,36.282036
15084,4421,-115.04282,36.067123
15085,4141,-115.173996,36.01219
15086,4421,-115.081116,36.069817
15087,4421,-115.14471,36.17297
15088,4142,-115.02606,36.044388
15089,4421,-115.07271,36.070415
15090,4143,-115.17618,36.115856
15091,4421,-115.33271,36.15179
15092,4421,-115.10142,36.08595
15093,2499,-115.15123,36.162724
15094,4421,-115.13574,36.03067
15095,4421,-115.08218,36.15933
15096,4421,-115.25242,36.195633
15097,4421,-115.1721,36.160328
15098,4421,-115.08231,36.070026
15099,4421,-115.16963,36.117516
15100,4144,-115.1068,36.071945
15101,4421,-115.25766,36.27585
15102,4421,-115.07271,36.070415
15103,4145,-115.281075,36.15764
15104,4421,-115.11812,36.01612
15105,4421,-115.173874,36.109753
15106,4146,-115.14255,36.142525
15107,4421,-115.17273,36.108913
15108,4147,-115.334816,36.155132
15109,4148,-115.083755,36.07296
15110,4421,-115.115364,36.007637
15111,4149,-115.118416,36.025414
15112,4150,-115.155495,36.012794
15113,4151,-115.27217,36.057384
15114,4421,-115.241516,36.064106
15115,4421,-115.03709,36.062363
15116,4421,-115.04728,36.06657
15117,4421,-115.16331,36.13711
15118,4421,-115.164894,36.129868
15119,4421,-115.22412,36.127884
15120,4421,-115.20959,36.12621
15121,4152,-115.157875,36.142757
15122,4421,-115.17628,36.02245
15123,4421,-115.17234,36.110107
15124,2499,-115.24227,36.144756
15125,4421,-115.11866,36.01004
15126,4421,-115.24136,36.0845
15127,4421,-115.265976,36.168346
15128,4421,-115.17093,36.110065
15129,4421,-115.10773,36.002964
15130,4421,-115.19482,36.114483
15131,4421,-115.11866,36.01004
15132,4421,-115.23168,36.152233
15133,4421,-115.04796,36.06549
15134,6644,-115.17849,36.10924
15135,4421,-115.17688,36.091255
15136,4421,-115.19138,36.19741
15137,2499,-115.037926,36.05781
15138,4153,-115.12081,36.04105
15139,2499,-115.15448,36.11884
15140,4421,-115.16849,35.96477
15141,4421,-115.24799,36.262856
15142,4421,-115.178215,36.068935
15143,4421,-115.19761,36.14399
15144,4421,-115.28963,36.16418
15145,4421,-115.17229,36.115147
15146,4421,-115.17557,36.05726
15147,4421,-115.2317,36.23775
15148,2499,-115.173775,36.090916
15149,4421,-115.16357,36.06084
15150,4421,-115.13962,36.170086
15151,4154,-115.26218,36.19653
15152,4421,-115.209816,36.14866
15153,4421,-115.19094,36.126175
15154,4155,-115.02772,36.048725
15155,4421,-115.171844,36.12083
15156,4421,-115.180664,36.291985
15157,4421,-115.20698,36.099552
15158,4421,-115.08639,36.0206
15159,2499,-115.1736,36.101585
15160,4421,-115.164,36.131218
15161,4421,-115.04282,36.067123
15162,4421,-115.05253,36.049995
15163,4421,-115.332954,36.152374
15164,4421,-115.33268,36.14496
15165,2499,-115.05626,36.107853
15166,4156,-115.17484,36.068127
15167,4157,-115.1149,36.142403
15168,4421,-115.29808,36.14341
15169,4421,-115.19075,36.069
15170,4158,-115.083534,36.026
15171,4421,-115.17143,36.135014
15172,4421,-115.106,35.99912
15173,4421,-115.11698,36.009254
15174,4159,-115.103355,36.00042
15175,4160,-115.246315,36.042377
15176,4421,-115.17712,36.13198
15177,4421,-115.29864,36.076557
15178,4421,-115.17134,35.96494
15179,4421,-115.17593,36.068153
15180,4421,-115.04282,36.067123
15181,4421,-115.17214,36.10866
15182,4161,-115.2317,36.23775
15183,4162,-115.04282,36.067123
15184,4421,-115.10143,36.04214
15185,4421,-115.138664,36.10018
15186,4421,-115.06262,36.02959
15187,4421,-115.20547,35.99621
15188,4421,-114.92317,36.10016
15189,837,-115.17858,36.106277
15190,4163,-115.22406,36.12772
15191,6644,-115.15097,36.085175
15192,6644,-115.163124,36.133614
15193,4164,-115.206345,35.994972
15194,4421,-115.04797,36.025887
15195,4165,-115.16345,36.112988
15196,4166,-115.04146,36.05681
15197,4421,-115.100845,35.993855
15198,4421,-115.147224,36.239025
15199,2499,-115.17684,36.1206
15200,4421,-115.090195,36.116203
15201,4167,-115.124886,36.046875
15202,4168,-115.142586,36.14457
15203,4169,-115.102516,36.07862
15204,4421,-115.117096,36.016495
15205,4421,-115.208176,36.115437
15206,4421,-115.04358,36.06423
15207,4421,-115.04815,36.0588
15208,2499,-115.28705,36.277615
15209,4170,-115.24536,36.161877
15210,2499,-115.16901,35.965446
15211,4421,-115.17099,36.114353
15212,4171,-115.17229,36.115147
15213,4421,-115.15078,36.238735
15214,4421,-115.17625,36.092876
15215,4421,-115.13661,36.10305
15216,4421,-115.25983,36.197533
15217,4546,-115.17155,36.127342
15218,4421,-115.174934,36.065132
15219,4421,-115.04282,36.067123
15220,4421,-115.21327,36.12656
15221,4421,-115.1401,36.169327
15222,4421,-115.17286,36.127224
15223,4421,-115.230415,36.257675
15224,4421,-115.20888,36.09506
15225,4172,-115.25924,36.263817
15226,4421,-115.168846,36.122505
15227,4421,-115.259766,36.19505
15228,4421,-115.22547,36.14299
15229,2499,-115.16105,36.107574
15230,4421,-115.119385,36.026558
15231,4173,-115.13833,36.141514
15232,6644,-115.17493,36.10478
15233,6644,-115.14289,36.143345
15234,4421,-115.04282,36.067123
15235,6644,-115.35068,36.159378
15236,4421,-115.13894,36.16672
15237,4421,-115.15458,36.119186
15238,4421,-115.30752,36.08616
15239,4174,-115.16938,36.12179
15240,4421,-115.28257,36.198036
15241,4421,-115.24243,36.198135
15242,4421,-115.085266,36.02177
15243,4421,-115.15126,36.1089
15244,4421,-115.190506,36.08786
15245,4421,-115.27777,36.130028
15246,4421,-115.11869,36.01635
15247,4421,-115.173996,36.01219
15248,4421,-115.15418,36.01399
15249,4421,-115.22466,36.127693
15250,4175,-115.18291,35.972897
15251,4421,-115.13767,36.124825
15252,4421,-115.17229,36.115147
15253,4421,-115.30971,36.11463
15254,4421,-114.987305,36.036503
15255,4421,-115.33276,36.15119
15256,4421,-115.28703,36.166676
15257,4421,-115.18159,36.107388
15258,4421,-115.117096,36.016495
15259,4421,-115.093315,36.005344
15260,4421,-115.04282,36.067123
15261,4421,-115.351524,36.159336
15262,4176,-115.08588,36.02942
15263,4177,-115.047195,36.05532
15264,4421,-115.059525,36.064236
15265,4421,-115.24255,36.148113
15266,4421,-115.16456,36.131496
15267,4421,-115.20741,36.123623
15268,4421,-115.072266,36.071365
15269,4178,-114.98115,36.0414
15270,4421,-115.07661,36.070503
15271,4421,-115.11716,36.014626
15272,4179,-115.07723,36.071445
15273,4421,-115.1912,36.126503
15274,6644,-115.15254,36.151268
15275,4180,-115.08998,36.020554
15276,4421,-115.29321,36.084576
15277,4421,-115.19388,36.144024
15278,4421,-115.101685,35.997723
15279,4421,-115.17698,36.107407
15280,6644,-115.15323,36.042797
15281,4181,-115.16522,36.099003
15282,4182,-115.2782,36.108463
15283,4183,-115.136406,36.106606
15284,4421,-115.11493,36.114117
15285,4421,-115.04379,36.033794
15286,4421,-115.20964,36.12702
15287,4184,-115.152336,36.11395
15288,4421,-115.15078,36.238735
15289,4421,-115.120026,36.055832
15290,4185,-115.25884,36.190624
15291,4421,-115.11909,36.018726
15292,4421,-115.10123,36.018024
15293,4421,-115.22456,36.128075
15294,4421,-115.11772,36.099663
15295,4421,-115.08348,36.003994
15296,4186,-115.13714,36.010777
15297,4421,-115.1988,36.11421
15298,4421,-115.27853,36.057182
15299,4421,-115.17593,36.068153
15300,4421,-115.01699,36.054703
15301,4421,-115.28703,36.166676
15302,4187,-115.19388,36.144024
15303,4421,-115.2966,36.0958
15304,4188,-115.30664,36.188248
15305,4421,-115.17647,36.14513
15306,4189,-115.17395,36.11303
15307,2499,-115.01699,36.054703
15308,4190,-115.072266,36.071365
15309,4421,-115.11716,36.014626
15310,4421,-115.20628,36.12662
15311,4421,-115.072266,36.071365
15312,4421,-115.04282,36.067123
15313,4421,-115.17578,36.109585
15314,4421,-115.062546,36.029587
15315,4421,-115.16937,36.121815
15316,4421,-115.046844,36.05945
15317,4191,-115.23108,36.143196
15318,4421,-115.04741,36.04008
15319,4421,-115.04003,36.06485
15320,4192,-115.242714,36.036674
15321,4193,-115.087364,36.029713
15322,4421,-115.11719,36.028934
15323,4421,-115.101585,35.99378
15324,4421,-115.17155,36.05243
15325,2499,-115.18191,36.09612
15326,4421,-115.13804,36.10086
15327,4421,-115.1068,36.071945
15328,4194,-115.17496,36.121323
15329,2499,-115.13637,36.129395
15330,4421,-115.205574,36.150757
15331,4421,-115.02097,36.047676
15332,4421,-115.08998,36.020554
15333,4421,-115.08011,36.167046
15334,4421,-115.31442,36.12195
15335,4195,-115.12269,36.057693
15336,4421,-111.97119,33.67655
15337,4421,-115.084076,36.056026
15338,4421,-115.04124,36.0614
15339,4421,-115.172714,36.11888
15340,4421,-115.1393,36.158985
15341,4421,-115.1786,36.06816
15342,4421,-115.11157,36.00645
15343,4421,-115.23096,36.1148
15344,4421,-115.13894,36.16672
15345,4421,-115.15126,36.1089
15346,4421,-115.13615,36.013145
15347,4421,-115.184906,36.11118
15348,4421,-115.13987,36.168903
15349,4421,-115.11869,36.01635
15350,4421,-115.33276,36.15119
15351,4421,-115.09935,36.100647
15352,2499,-115.20685,36.11581
15353,4421,-115.11866,36.01004
15354,2499,-115.27553,36.129856
15355,4196,-115.11735,36.10072
15356,4197,-115.08003,36.069836
15357,4198,-115.17618,36.115856
15358,4421,-115.33344,36.150024
15359,4421,-115.178,36.068428
15360,4421,-115.04003,36.06485
15361,4199,-115.118126,36.015793
15362,4200,-115.04003,36.06485
15363,6644,-115.118965,36.01231
15364,4421,-115.0853,36.021717
15365,4421,-115.17751,36.117035
15366,4421,-115.04282,36.067123
15367,4421,-115.20849,36.129417
15368,4421,-115.1912,36.126503
15369,4421,-115.1952,36.11531
15370,4421,-115.20741,36.123623
15371,4421,-115.24339,36.062386
15372,4421,-115.04883,36.02805
15373,4421,-115.262474,36.219177
15374,4421,-115.11793,36.01752
15375,4421,-115.306274,36.115807
15376,4201,-115.334816,36.155132
15377,4421,-115.04685,36.059486
15378,4202,-115.24928,36.159676
15379,4421,-115.2911,36.08381
15380,4421,-115.15271,36.108807
15381,4421,-115.28637,36.157627
15382,6644,-115.191086,36.197346
15383,4421,-115.173874,36.109753
15384,4421,-115.02748,36.040417
15385,4203,-115.04829,36.056885
15386,4204,-115.04508,36.068527
15387,4421,-115.30402,36.100548
15388,4421,-115.134964,36.013805
15389,4421,-115.11716,36.014626
15390,4421,-115.17601,36.104332
15391,4421,-115.200645,36.115417
15392,2499,-115.23525,36.05661
15393,4421,-115.209915,36.126427
15394,4205,-112.06401,33.538994
15395,4206,-115.17503,36.143192
15396,4421,-115.21148,36.227207
15397,4421,-115.20853,36.11553
15398,4207,-115.119896,36.113
15399,4421,-115.14259,36.142487
15400,4421,-115.08304,36.071857
15401,4208,-115.07656,36.071907
15402,4421,-115.0833,36.00489
15403,4421,-115.20722,36.03344
15404,4209,-114.99158,36.0092
15405,2499,-115.11167,36.100384
15406,4421,-115.119194,36.02536
15407,4421,-115.135,36.1155
15408,4421,-115.137085,36.106686
15409,4421,-115.10254,35.997574
15410,4421,-115.17516,36.091866
15411,4421,-115.31747,36.180336
15412,4421,-115.20705,36.096886
15413,4421,-115.110344,36.002796
15414,6531,-115.03568,36.0642
15415,4421,-115.27432,36.144367
15416,4210,-115.10205,36.098873
15417,4421,-115.30882,36.183144
15418,4421,-115.03742,36.065792
15419,4211,-115.07723,36.071445
15420,4421,-115.11712,36.01646
15421,4421,-115.0845,36.056213
15422,4421,-115.04282,36.067123
15423,4212,-115.02425,36.044903
15424,4421,-115.101204,35.99359
15425,4421,-115.03803,36.080364
15426,4421,-115.11736,36.014675
15427,4213,-115.10165,35.995304
15428,4421,-115.15427,36.1187
15429,6644,-115.17277,36.10465
15430,4421,-115.13987,36.168903
15431,4421,-115.16879,36.122967
15432,2499,-115.20929,36.117195
15433,4214,-115.10157,35.99044
15434,4421,-115.16592,36.127502
15435,4421,-115.24193,36.143177
15436,4421,-115.10161,35.987434
15437,4421,-115.14027,36.171307
15438,4421,-115.152214,36.238003
15439,4421,-115.01699,36.054703
15440,4421,-115.16269,36.144295
15441,4421,-115.20635,35.995155
15442,4421,-115.20959,36.12621
15443,4215,-115.24927,36.23926
15444,4216,-115.22638,36.1432
15445,4421,-115.33513,36.15711
15446,4421,-115.045074,36.06824
15447,4421,-115.18343,36.041916
15448,4421,-115.13576,36.035084
15449,4421,-115.045074,36.06824
15450,4421,-115.28412,36.138985
15451,4421,-115.06837,36.115532
15452,2499,-115.17647,36.14513
15453,4421,-80.944016,35.220257
15454,4217,-115.04929,36.158897
15455,4218,-115.19223,36.1681
15456,4421,-115.17165,36.04078
15457,4421,-115.02987,36.039547
15458,4219,-115.045074,36.06824
15459,4220,-115.045074,36.06824
15460,837,-115.124886,36.046875
15461,4421,-115.04282,36.067123
15462,4421,-115.153885,36.13335
15463,4421,-115.13907,36.10017
15464,4421,-115.16915,36.054928
15465,4221,-115.15448,36.11884
15466,4421,-115.15271,36.108807
15467,4421,-115.280426,36.056282
15468,4222,-115.19177,36.12637
15469,2499,-115.172295,36.127068
15470,4421,-115.17644,36.116367
15471,837,-115.241806,36.199173
15472,4223,-115.14259,36.142487
15473,4421,-115.2064,36.089012
15474,4421,-115.15323,36.042797
15475,4421,-115.241516,36.064106
15476,4224,-115.172424,36.10882
15477,4421,-115.24239,36.0542
15478,4421,-115.16963,36.117516
15479,4225,-115.0884,36.071453
15480,4421,-115.1401,36.168667
15481,4421,-115.11704,36.01736
15482,4421,-115.334236,36.145416
15483,4421,-115.09124,36.07067
15484,4421,-115.09996,36.100533
15485,4421,-115.10186,35.99837
15486,4226,-115.33513,36.15711
15487,4421,-115.02468,36.070908
15488,4421,-115.20644,35.99523
15489,4421,-115.19049,35.98293
15490,4227,-115.101585,35.99378
15491,4228,-115.071754,36.070538
15492,4421,-115.04282,36.067123
15493,4421,-115.04147,36.061275
15494,4421,-115.08384,36.022102
15495,4229,-115.28482,36.291054
15496,6644,-115.13648,36.01165
15497,4421,-115.06262,36.02959
15498,4421,-115.16242,36.131897
15499,4421,-115.132935,36.16576
15500,2499,-115.07645,36.069553
15501,4230,-115.08384,36.022102
15502,4421,-115.151,36.15851
15503,4421,-115.28366,36.201637
15504,4421,-115.0379,36.06996
15505,4231,-115.109314,36.128593
15506,4232,-114.95325,36.01422
15507,4421,-115.248184,36.238476
15508,4421,-115.12315,36.042107
15509,2499,-115.119125,36.02624
15510,4421,-115.0969,36.005417
15511,4421,-115.1068,36.071945
15512,4421,-115.16591,36.127495
15513,4234,-115.0969,36.005417
15514,4421,-114.962135,36.013103
15515,4421,-79.964424,40.462208
15516,4233,-115.31554,36.291206
15517,4234,-115.06955,36.068676
15518,4421,-115.08955,36.02054
15519,4421,-115.27944,36.123875
15520,2499,-115.29717,36.143997
15521,2499,-115.11047,36.0034
15522,4235,-115.04225,36.066628
15523,4236,-115.13575,36.028713
15524,4421,-115.309296,36.108513
15525,6644,-115.17012,36.122276
15526,4421,-115.152336,36.136433
15527,4421,-115.12802,35.999496
15528,4421,-115.04282,36.067123
15529,4421,-115.04675,36.043884
15530,4421,-115.27998,36.298416
15531,4421,-115.13413,36.011982
15532,4421,-115.11734,36.022045
15533,4237,-115.14945,36.05745
15534,4421,-115.2833,36.05521
15535,4421,-115.2032,36.092003
15536,4238,-115.242485,36.146217
15537,4421,-115.332,36.151814
15538,4421,-115.17274,36.11424
15539,4421,-115.17144,36.05287
15540,4421,-115.16591,36.127495
15541,4421,-115.30076,36.145542
15542,4421,-115.11716,36.014626
15543,4421,-115.13987,36.168903
15544,4421,-115.24239,36.0542
15545,2499,-115.242615,36.112545
15546,4421,-115.225,36.069855
15547,4421,-115.17712,36.13198
15548,4421,-115.04152,36.05673
15549,4421,-115.04282,36.067123
15550,4421,-115.17177,36.01076
15551,2499,-115.28165,36.200096
15552,4421,-115.04282,36.067123
15553,4421,-115.21124,36.125538
15554,4421,-115.33338,36.145733
15555,4239,-115.17087,36.10242
15556,4421,-115.20571,35.997555
15557,4421,-115.20899,36.09942
15558,4240,-115.07723,36.071445
15559,4421,-115.03709,36.062363
15560,4421,-115.207306,36.131718
15561,4421,-115.243004,36.098354
15562,4241,-115.22434,36.062725
15563,4242,-115.297585,36.09778
15564,4421,-115.17196,36.120907
15565,4421,-115.20728,36.15881
15566,4421,-115.29822,36.09571
15567,4421,-115.08639,36.0206
15568,4243,-115.22045,36.099846
15569,4421,-115.20851,36.117317
15570,4244,-115.07723,36.071445
15571,4421,-115.13792,36.168026
15572,4421,-115.117744,36.010067
15573,4421,-115.17435,36.106205
15574,4245,-115.1414,36.169987
15575,4421,-115.26048,36.17591
15576,4421,-115.17581,36.112846
15577,4247,-115.046295,36.06055
15578,4248,-115.22854,36.145
15579,4421,-115.16818,36.117462
15580,4421,-115.16769,36.10302
15581,4421,-115.1394,36.181416
15582,4421,-115.2274,36.100925
15583,4421,-115.11814,36.017586
15584,4249,-115.173996,36.01219
15585,2499,-115.143135,36.171062
15586,4421,-115.04553,36.061695
15587,4250,-115.13678,36.10622
15588,4421,-115.224075,36.12743
15589,837,-115.33271,36.15179
15590,4421,-115.08384,36.022102
15591,4251,-115.047195,36.05532
15592,4421,-115.190506,36.08786
15593,4421,-115.046844,36.05945
15594,4421,-115.2418,36.078686
15595,4421,-115.22625,36.086525
15596,837,-115.2431,36.124302
15597,4421,-115.046844,36.05945
15598,4252,-115.14572,36.168118
15599,4421,-115.17223,36.06783
15600,4421,-115.100845,35.993855
15601,4421,-115.296776,36.09508
15602,4253,-115.0391,36.06487
15603,4254,-115.0325,36.05747
15604,4421,-115.24882,36.195763
15605,4255,-115.046814,36.0576
15606,4256,-115.046814,36.0576
15607,4421,-115.046814,36.0576
15608,4421,-115.13871,36.169216
15609,4421,-115.18159,36.107388
15610,4421,-115.17223,36.110733
15611,4421,-115.08348,36.003994
15612,4257,-115.24495,36.07086
15613,4421,-115.16963,36.117516
15614,4421,-115.205574,36.150757
15615,4421,-115.03914,36.064686
15616,837,-115.30971,36.11463
15617,4421,-115.28212,36.302612
15618,4421,-115.119385,36.026558
15619,4421,-115.08266,36.15512
15620,4258,-115.18331,36.041283
15621,4421,-115.17815,36.06713
15622,4421,-115.24362,36.202663
15623,4421,-115.11979,36.238106
15624,4421,-115.12009,36.03372
15625,4421,-115.20959,36.12621
15626,4421,-115.09903,36.072247
15627,4259,-115.27853,36.057846
15628,4421,-115.17647,36.14513
15629,4421,-115.176,36.119038
15630,4421,-115.10041,36.07238
15631,4260,-115.31731,36.160122
15632,4421,-115.062546,36.029587
15633,4421,-115.14741,36.114876
15634,2499,-115.117096,36.016495
15635,4421,-115.16591,36.127495
15636,4421,-115.11698,36.009254
15637,4421,-115.20631,36.12659
15638,4421,-115.28703,36.166676
15639,2499,-115.1613,36.138298
15640,4421,-115.262764,36.143272
15641,4421,-114.98724,36.036552
15642,4261,-114.98589,36.03594
15643,4421,-115.30428,36.19106
15644,4262,-115.14124,36.172813
15645,4421,-115.17028,36.12229
15646,4421,-115.15427,36.1187
15647,837,-115.1206,36.0114
15648,4421,-115.17524,36.09232
15649,4421,-115.20959,36.12621
15650,4263,-115.08566,36.02736
15651,4421,-115.13567,36.176983
15652,4421,-115.116585,36.18794
15653,4847,-115.22625,36.086525
15654,4421,-115.306274,36.115807
15655,4421,-115.15448,36.11884
15656,4421,-115.24239,36.0542
15657,4264,-115.14056,36.16785
15658,4421,-115.116974,36.020264
15659,4265,-115.04165,36.05552
15660,4421,-115.21156,36.125397
15661,4421,-115.15202,36.159885
15662,4421,-115.15123,36.162724
15663,4421,-115.172554,36.111877
15664,7226,-115.11047,36.0034
15665,4421,-115.24246,36.09864
15666,4421,-115.17698,36.111977
15667,4266,-115.146866,36.159966
15668,4421,-115.09916,36.04198
15669,2499,-115.16769,36.10302
15670,4421,-115.142006,36.17183
15671,4421,-115.147255,36.15942
15672,4421,-115.17406,36.107925
15673,4421,-115.15126,36.1089
15674,4421,-115.27994,36.122913
15675,4267,-115.13575,36.028713
15676,4268,-115.089966,36.020554
15677,4421,-114.984924,36.034855
15678,4421,-115.17712,36.13198
15679,4421,-115.21148,36.227207
15680,4421,-115.19189,36.126472
15681,4421,-115.240555,36.197216
15682,4421,-115.0391,36.06487
15683,4269,-115.24386,36.047413
15684,4421,-115.11793,36.01752
15685,6644,-115.11046,36.003387
15686,4421,-115.10386,35.998825
15687,4421,-115.08588,36.02942
15688,4270,-115.19575,36.126385
15689,4271,-115.08003,36.069836
15690,4421,-115.15686,36.10225
15691,4358,-115.173706,36.107292
15692,4421,-115.23752,36.14488
15693,4272,-115.19,36.23888
15694,4421,-115.13785,36.116135
15695,4421,-115.17169,36.055344
15696,4273,-115.13713,36.01069
15697,6644,-115.22438,36.048576
15698,4274,-115.11157,36.00645
15699,4421,-115.11668,36.187164
15700,4421,-115.061554,36.112236
15701,4421,-115.046844,36.05945
15702,4421,-115.20149,36.101982
15703,4275,-115.11921,36.03455
15704,4421,-115.13576,36.035084
15705,4421,-115.25156,36.14358
15706,4276,-115.1466,36.171837
15707,837,-115.333496,36.15076
15708,4277,-115.33276,36.15119
15709,4278,-115.112,36.10026
15710,4421,-115.22582,36.145847
15711,4279,-115.135,36.1155
15712,4421,-115.24536,36.16115
15713,4421,-115.2991,36.145622
15714,4421,-115.15797,36.158264
15715,4421,-115.188034,36.09308
15716,4280,-115.2782,36.108463
15717,4421,-115.20955,36.12644
15718,4421,-115.08485,36.004303
15719,4421,-115.20741,36.123623
15720,4421,-115.08003,36.069836
15721,4421,-115.16908,36.116745
15722,4281,-115.102715,35.99111
15723,4421,-115.17647,36.14513
15724,4421,-115.27973,36.119114
15725,4282,-115.04146,36.05681
15726,4421,-115.08003,36.069836
15727,4283,-115.05336,36.01981
15728,4284,-115.17491,36.01144
15729,4285,-115.08003,36.069836
15730,4421,-115.1414,36.169987
15731,4286,-115.17712,36.13198
15732,4421,-115.253624,36.14308
15733,4421,-115.31443,36.101513
15734,4421,-115.17389,36.10978
15735,4421,-115.2531,36.274574
15736,4421,-115.13576,36.035084
15737,4421,-115.043175,36.06358
15738,4287,-115.04345,36.055702
15739,4421,-115.21156,36.125397
15740,4288,-115.1714,36.117455
15741,4289,-115.03668,36.06621
15742,4290,-115.046844,36.05945
15743,837,-111.883736,33.583702
15744,4421,-115.03668,36.06621
15745,2499,-115.27694,36.020416
15746,6644,-115.1969,36.12608
15747,4421,-115.09615,36.240704
15748,4421,-115.14064,36.167877
15749,4291,-115.24157,36.144634
15750,4421,-115.242485,36.146217
15751,4421,-114.96386,36.02525
15752,4421,-115.08218,36.15933
15753,4421,-115.21733,36.223446
15754,4292,-115.169556,36.10338
15755,2499,-115.172455,36.111073
15756,4293,-115.207245,36.124905
15757,4421,-115.30644,36.114285
15758,4294,-115.1068,36.071945
15759,4421,-115.11793,36.01752
15760,4421,-115.13694,36.11391
15761,4421,-115.11931,36.020374
15762,4421,-115.08639,36.0206
15763,4421,-115.30882,36.183144
15764,4421,-115.123695,36.16971
15765,4295,-115.24309,36.21847
15766,4421,-115.33513,36.15711
15767,837,-115.100845,35.993855
15768,2499,-115.04661,36.02556
15769,4421,-115.2835,36.14013
15770,4421,-115.29946,36.145557
15771,4421,-115.19812,36.197575
15772,4421,-115.11894,36.020554
15773,4421,-115.20722,36.03344
15774,4421,-115.06381,36.167458
15775,4421,-115.06165,36.160526
15776,4421,-115.252426,36.062756
15777,4421,-115.17466,36.02949
15778,4421,-115.243004,36.03598
15779,4421,-115.08588,36.02942
15780,4296,-115.13576,36.035084
15781,6644,-115.03324,36.060707
15782,4297,-115.03789,36.055847
15783,4421,-115.17144,36.05287
15784,4421,-115.14963,36.16695
15785,4421,-115.244095,36.0458
15786,4421,-115.11757,36.080364
15787,4421,-115.15458,36.119186
15788,4421,-115.08639,36.0206
15789,4421,-115.02987,36.039547
15790,4421,-115.17234,36.055244
15791,4421,-115.17093,36.110065
15792,4298,-115.17481,36.10987
15793,4421,-115.31403,36.218792
15794,4421,-115.11822,36.017567
15795,4421,-115.14471,36.17297
15796,4421,-115.030464,36.03026
15797,4299,-115.227455,36.10028
15798,4421,-115.207695,36.15643
15799,4421,-115.04142,36.055454
15800,4300,-115.125404,36.21865
15801,4301,-115.17294,36.118397
15802,4421,-115.04142,36.055454
15803,4302,-114.99218,36.01148
15804,4303,-115.046875,36.055714
15805,4304,-115.261665,36.107723
15806,4421,-115.10188,36.10076
15807,4421,-115.0334,36.08369
15808,4421,-115.11716,36.014626
15809,6644,-115.10773,36.002964
15810,4421,-115.08566,36.02736
15811,4421,-115.17262,36.12956
15812,4421,-115.04131,36.05594
15813,4649,-115.246254,36.064285
15814,4421,-115.04165,36.05552
15815,4421,-115.172424,36.10882
15816,4305,-115.050644,36.056293
15817,4421,-115.18609,36.27883
15818,4421,-115.269745,36.020267
15819,4421,-115.15557,36.135155
15820,6644,-115.04282,36.067123
15821,4306,-115.08231,36.069843
15822,4307,-115.112,36.10026
15823,4421,-115.14032,36.169064
15824,4421,-115.11833,36.013557
15825,4421,-115.33198,36.151814
15826,4421,-115.061554,36.112236
15827,4308,-115.17535,36.070137
15828,4309,-115.08485,36.004303
15829,4421,-115.134926,36.01409
15830,4421,-115.15342,36.01457
15831,4421,-115.17294,36.118397
15832,4421,-115.20964,36.12702
15833,4310,-115.20848,36.07308
15834,4311,-115.00329,36.057842
15835,4421,-115.072784,36.07703
15836,4312,-115.178,36.068428
15837,2499,-115.2858,36.158028
15838,4421,-115.17914,36.27604
15839,4421,-115.038345,36.06321
15840,4313,-115.17712,36.13198
15841,4421,-115.11779,36.013794
15842,4421,-115.14255,36.142525
15843,4421,-115.24239,36.0542
15844,4421,-115.281296,36.05612
15845,4421,-115.102715,35.99111
15846,4421,-115.333084,36.15087
15847,4421,-115.08955,36.02054
15848,4421,-115.17484,36.068127
15849,4314,-115.11803,36.02843
15850,4421,-115.20848,36.07308
15851,4421,-115.07943,36.019363
15852,4421,-115.24367,36.0793
15853,4315,-115.2439,36.044876
15854,4421,-115.17155,36.05199
15855,4421,-115.048035,36.023315
15856,4421,-115.227455,36.10028
15857,4316,-115.11719,36.028934
15858,4421,-115.24418,36.04813
15859,4317,-115.12658,36.100414
15860,4421,-115.27777,36.130028
15861,4421,-115.0819,36.069767
15862,2499,-115.0833,36.00489
15863,4421,-115.1187,36.01658
15864,837,-115.056305,36.056038
15865,2499,-115.17259,36.112953
15866,4421,-115.190506,36.08786
15867,4421,-115.14572,36.168118
15868,4421,-115.209656,36.127045
15869,4421,-115.17101,36.12469
15870,4421,-115.29149,36.085815
15871,4318,-115.019066,36.052845
15872,4421,-115.18995,36.12553
15873,4421,-115.13931,36.167286
15874,4319,-115.15265,36.012516
15875,6644,-79.985535,40.45074
15876,4320,-115.153404,36.027
15877,2499,-115.08639,36.0206
15878,4421,-115.15662,36.14225
15879,4321,-115.11772,36.099663
15880,4421,-115.08814,36.070644
15881,4421,-115.17462,36.142902
15882,4421,-115.117165,36.016724
15883,4421,-115.241516,36.064106
15884,4322,-115.05954,36.064503
15885,4421,-115.33192,36.159554
15886,4421,-115.19448,36.126213
15887,4421,-115.1191,36.040413
15888,4421,-115.14096,36.16953
15889,4421,-115.20954,36.099316
15890,4323,-115.1414,36.169987
15891,4421,-115.31348,36.157883
15892,4421,-115.17593,36.068153
15893,4421,-115.17542,36.012497
15894,4421,-115.20964,36.12702
15895,4324,-115.27994,36.052994
15896,4421,-115.2782,36.108463
15897,4325,-115.16348,36.113026
15898,4421,-115.198975,36.130802
15899,4421,-115.0833,36.00489
15900,4421,-115.29776,36.097992
15901,4326,-115.195984,36.12538
15902,4421,-115.04675,36.043884
15903,4421,-88.20769,40.11382
15904,4421,-115.04146,36.05681
15905,4327,-115.153595,36.011986
15906,4328,-115.18949,36.10455
15907,2499,-115.13882,36.16736
15908,4421,-115.15323,36.042797
15909,837,-115.12009,36.03372
15910,4421,-111.85335,33.393387
15911,4329,-115.07661,36.070503
15912,1071,-115.3158,36.29146
15913,4421,-115.078415,36.07147
15914,4330,-115.11047,36.002903
15915,4331,-115.11822,36.017567
15916,4421,-115.24359,36.04637
15917,2499,-115.17139,35.964874
15918,6644,-115.17407,36.121197
15919,2499,-115.14214,36.17187
15920,4421,-115.19611,36.201637
15921,4421,-115.333084,36.15087
15922,4421,-115.05399,36.036213
15923,4332,-115.21327,36.12656
15924,4333,-115.09973,36.036064
15925,4421,-115.06448,36.099808
15926,4421,-115.298485,36.078434
15927,4334,-115.27977,36.298897
15928,4335,-115.02772,36.048725
15929,4421,-115.11793,36.01752
15930,6644,-115.132225,36.101387
15931,4336,-115.112,36.10026
15932,4337,-115.11839,36.01761
15933,4338,-115.21327,36.12656
15934,4421,-115.16961,36.121452
15935,4421,-115.08399,36.07271
15936,4421,-115.13785,36.116135
15937,4421,-115.10561,36.00054
15938,4421,-115.14891,36.08587
15939,2499,-115.117165,36.016724
15940,4339,-115.137955,36.138744
15941,4421,-115.14513,36.17488
15942,4340,-115.03642,36.06336
15943,4421,-115.19397,36.12618
15944,4341,-115.17625,36.092876
15945,4421,-115.200645,36.115417
15946,4342,-115.17159,36.05579
15947,4421,-115.17889,36.067535
15948,4421,-115.14252,36.142284
15949,2499,-115.19307,36.12646
15950,4421,-115.33295,36.146164
15951,4343,-115.15323,36.042797
15952,4421,-115.04508,36.068527
15953,4421,-115.218315,36.125317
15954,2499,-115.20685,36.11581
15955,4344,-115.118126,36.015793
15956,4421,-115.08336,36.022465
15957,4421,-115.174355,36.109806
15958,4421,-115.155594,36.11496
15959,4345,-115.208176,36.115437
15960,4421,-115.117386,36.019474
15961,4421,-115.33325,36.149357
15962,6644,-115.118416,36.025414
15963,4421,-115.30353,36.19177
15964,4421,-115.244,36.05142
15965,4421,-115.1068,36.071945
15966,4421,-115.26447,36.27155
15967,4346,-115.08566,36.025993
15968,4421,-115.138954,36.11575
15969,2499,-115.04797,36.025887
15970,4421,-115.05262,36.100742
15971,4421,-115.10386,35.998825
15972,4347,-115.116776,36.020107
15973,4421,-115.10165,36.0795
15974,4348,-115.04508,36.068527
15975,4421,-115.132126,36.04201
15976,4421,-115.243515,36.072624
15977,4421,-115.15271,36.108807
15978,2499,-115.16788,36.099346
15979,4421,-115.163124,36.133614
15980,4349,-115.29141,36.160778
15981,4350,-115.11944,36.085712
15982,4351,-115.151955,36.114975
15983,4352,-115.12573,36.173634
15984,4421,-115.20641,36.17994
15985,4421,-115.1912,36.126503
15986,4421,-115.20741,36.123623
15987,4421,-115.127,36.100117
15988,4421,-115.10177,35.998737
15989,4421,-115.02097,36.047676
15990,4421,-115.243546,36.04771
15991,4353,-115.04508,36.068527
15992,4421,-115.11687,36.072422
15993,4421,-115.20555,36.125256
15994,4421,-115.16901,35.965446
15995,4421,-115.138756,36.11665
15996,4421,-115.05508,36.01792
15997,2499,-114.92394,35.992123
15998,2499,-114.92266,36.11394
15999,4421,-115.01699,36.054703
16000,4421,-115.13637,36.108074
16001,4421,-115.14253,36.169502
16002,2499,-115.17669,36.117455
16003,4421,-115.02988,36.040874
16004,4354,-115.10142,36.08595
16005,4355,-115.05253,36.049995
16006,4421,-115.08566,36.02736
16007,6644,-115.19287,36.126762
16008,4421,-115.33268,36.14496
16009,6644,-115.046684,36.025402
16010,4421,-115.04147,36.061275
16011,4356,-115.204926,36.17127
16012,4421,-115.04165,36.05552
16013,4357,-115.1563,36.142338
16014,6644,-79.98588,40.45011
16015,4421,-115.17669,36.117455
16016,4421,-115.191086,36.197346
16017,4421,-115.14788,36.161
16018,4421,-115.17544,36.09935
16019,4421,-114.92317,36.10016
16020,4359,-115.17577,36.011356
16021,4421,-115.16904,36.124878
16022,4360,-114.99369,36.03624
16023,6644,-115.171776,36.102093
16024,4421,-115.22431,36.049065
16025,4361,-114.967,36.024372
16026,4421,-111.97583,33.626015
16027,4362,-115.11862,36.115192
16028,4136,-115.13574,36.03067
16029,4363,-115.03406,36.03624
16030,4421,-115.281876,36.200466
16031,4421,-115.04068,36.06382
16032,4421,-115.185074,36.11716
16033,4421,-112.25756,33.480137
16034,4421,-115.09048,36.11702
16035,4421,-115.334236,36.145416
16036,4364,-115.29649,36.113503
16037,2499,-115.17223,36.110733
16038,4421,-115.334236,36.145416
16039,4421,-115.20689,36.072517
16040,4421,-115.15373,36.08406
16041,4421,-115.19094,36.126175
16042,4421,-115.05397,36.08003
16043,4421,-115.18644,36.11881
16044,4365,-115.060974,36.111828
16045,4421,-115.02826,36.045822
16046,4421,-115.06298,36.02416
16047,4421,-115.27777,36.130028
16048,4421,-115.07337,36.21706
16049,4421,-115.16899,36.124603
16050,4366,-115.10846,36.130527
16051,4421,-115.132935,36.16576
16052,4847,-115.11909,36.06513
16053,4421,-115.176414,36.092564
16054,4421,-115.10773,36.002964
16055,4421,-115.176575,36.091194
16056,4421,-115.13987,36.168903
16057,4421,-115.244255,36.145123
16058,4421,-115.29998,36.147152
16059,4421,-115.133606,36.20977
16060,4421,-115.118126,36.015793
16061,4367,-115.1752,36.091843
16062,4421,-115.18085,36.292507
16063,4421,-115.10691,35.999065
16064,4421,-115.24246,36.09864
16065,4421,-115.0853,36.021717
16066,4421,-115.11687,36.072422
16067,4421,-115.24407,36.047813
16068,4421,-115.17743,36.067726
16069,4421,-115.2411,36.19917
16070,4368,-115.17406,36.107925
16071,4421,-115.24239,36.0542
16072,4421,-115.331406,36.15959
16073,6644,-115.332794,36.156055
16074,4421,-115.02739,36.044228
16075,4421,-115.02739,36.044228
16076,4421,-115.101685,35.997723
16077,4421,-115.11929,36.081306
16078,4369,-115.08771,36.035824
16079,4370,-115.12155,36.04155
16080,837,-115.02772,36.048725
16081,4421,-115.11959,36.09969
16082,4421,-115.12861,36.057144
16083,4421,-115.267746,36.020947
16084,4421,-115.11351,36.12936
16085,4421,-115.120316,36.057457
16086,4371,-115.25156,36.14358
16087,4421,-115.16642,36.069885
16088,4421,-115.136215,36.099274
16089,4421,-115.126816,36.021282
16090,4421,-115.31348,36.157883
16091,4421,-115.181786,36.054447
16092,4421,-115.101585,35.99378
16093,4372,-115.13574,36.03067
16094,4421,-115.155685,36.013283
16095,4421,-115.29408,36.14382
16096,4421,-115.33143,36.15486
16097,4373,-115.18939,36.11789
16098,4421,-115.02606,36.044388
16099,4421,-115.10846,36.130527
16100,4374,-115.17875,36.284214
16101,4421,-115.2792,36.025677
16102,8233,-115.06381,36.167458
16103,4421,-115.21327,36.12656
16104,4375,-115.13648,36.01165
16105,4376,-115.09543,36.07111
16106,4377,-115.17466,36.02949
16107,4421,-115.299644,36.11574
16108,4421,-115.20755,36.143238
16109,4421,-115.30016,36.115658
16110,4421,-115.13609,36.01191
16111,4378,-115.22577,36.101196
16112,4421,-115.10561,36.00054
16113,4379,-115.3115,36.158897
16114,837,-115.20207,36.090256
16115,4380,-115.02097,36.047676
16116,4381,-115.1401,36.169327
16117,4421,-115.101585,35.99378
16118,4421,-115.277664,36.02164
16119,4421,-115.15323,36.042797
16120,4421,-115.108116,36.00007
16121,4421,-115.220406,36.0995
16122,4421,-115.174706,36.01131
16123,4421,-115.253624,36.274426
16124,4421,-115.10889,36.00196
16125,4421,-115.15126,36.1089
16126,4421,-115.17815,36.06713
16127,837,-112.09069,33.480274
16128,4421,-115.04599,36.060104
16129,4421,-115.09037,36.02096
16130,4421,-114.99299,36.014114
16131,4421,-115.24303,36.149204
16132,4421,-115.08639,36.0206
16133,4421,-115.17143,36.135014
16134,4421,-115.24341,36.130524
16135,4382,-115.17535,36.070137
16136,4421,-115.04282,36.067123
16137,6644,-115.04759,36.040302
16138,4383,-115.17113,36.12856
16139,4421,-115.15458,36.119186
16140,4384,-115.13056,36.10134
16141,4421,-115.04131,36.05594
16142,4385,-115.04131,36.05594
16143,4386,-115.17815,36.06713
16144,4421,-115.16586,36.14785
16145,4387,-115.17676,36.10449
16146,4421,-115.17143,36.135014
16147,4421,-115.22625,36.086525
16148,4421,-115.17041,36.110847
16149,4421,-112.030495,33.49422
16150,4421,-115.28685,36.289684
16151,4421,-115.13938,36.168507
16152,4421,-115.00884,36.034294
16153,4421,-115.13648,36.01165
16154,4421,-115.20233,36.14488
16155,4421,-115.17509,36.143238
16156,4421,-115.14055,36.169167
16157,4421,-115.089264,36.070396
16158,4421,-115.16904,36.124878
16159,4421,-115.17157,36.051224
16160,4421,-115.28992,36.160503
16161,4421,-115.04282,36.067123
16162,4421,-115.20388,36.087532
16163,4388,-115.04282,36.067123
16164,4421,-115.043594,36.06316
16165,4421,-115.19094,36.126175
16166,4758,-115.10377,36.130226
16167,4421,-115.117096,36.016495
16168,837,-115.174324,36.067642
16169,4421,-115.09935,36.100647
16170,4389,-115.21148,36.227207
16171,4421,-115.17277,36.082066
16172,6644,-115.14124,36.172813
16173,4390,-115.17712,36.13198
16174,4421,-114.8582,35.969296
16175,4421,-115.01699,36.054703
16176,4391,-115.20888,36.09506
16177,4392,-115.15323,36.042797
16178,4421,-115.210464,36.23675
16179,4286,-115.13904,36.16885
16180,4421,-115.08955,36.02054
16181,4421,-111.97244,33.68464
16182,4393,-115.08336,36.022465
16183,4394,-115.13833,36.141514
16184,4421,-115.28299,36.070362
16185,2499,-115.23664,36.115025
16186,4421,-115.04415,36.063168
16187,4421,-115.1283,36.0573
16188,4421,-115.04728,36.06657
16189,2499,-115.08335,36.071888
16190,4421,-115.25142,36.067112
16191,4421,-115.04625,36.0659
16192,4421,-115.04883,36.02805
16193,4421,-115.02986,36.04018
16194,4421,-115.119255,36.02623
16195,4421,-115.04671,36.026028
16196,4395,-115.2682,36.207485
16197,4421,-115.15427,36.1187
16198,4421,-115.04625,36.0659
16199,4421,-115.118965,36.01231
16200,4421,-115.046684,36.025402
16201,4421,-115.20766,36.124832
16202,4421,-115.11793,36.021038
16203,4421,-115.35168,36.159485
16204,4421,-115.20886,36.122192
16205,4396,-115.08362,36.07416
16206,4421,-115.17397,36.10626
16207,4421,-115.04282,36.067123
16208,2499,-115.15387,36.110085
16209,4421,-115.258965,36.180824
16210,4421,-115.17712,36.13198
16211,4421,-115.299835,36.147236
16212,4421,-115.35095,36.15929
16213,4421,-115.17647,36.14513
16214,4421,-115.23168,36.152233
16215,4421,-115.176765,36.14523
16216,4421,-115.11297,36.00433
16217,4421,-115.29321,36.084576
16218,4421,-115.08955,36.02054
16219,4397,-115.046875,36.055714
16220,4421,-115.1191,36.040413
16221,4421,-115.04358,36.06423
16222,4421,-115.17582,36.11773
16223,4421,-115.24359,36.045593
16224,4398,-115.19213,36.124943
16225,4421,-115.12253,36.04208
16226,4399,-115.20413,36.0348
16227,4421,-115.11645,36.239567
16228,4421,-115.261665,36.107723
16229,4400,-115.18908,36.07802
16230,4421,-115.275795,36.143433
16231,2499,-115.144745,36.173252
16232,4421,-89.39177,43.075077
16233,4421,-115.13609,36.01191
16234,4421,-115.15414,36.012283
16235,4421,-115.1392,36.14452
16236,4401,-115.243904,36.090073
16237,4402,-115.12191,36.02072
16238,4403,-115.29713,36.143776
16239,4421,-115.242615,36.112545
16240,4404,-115.08963,36.020706
16241,4421,-115.17186,36.11744
16242,4421,-115.15254,36.151268
16243,4405,-115.10229,36.1156
16244,4406,-115.04797,36.025887
16245,2499,-115.17012,36.122276
16246,4421,-114.992676,36.013332
16247,4421,-115.12047,36.026196
16248,4407,-115.10471,36.115803
16249,2499,-80.94362,35.219006
16250,4421,-115.101585,35.98974
16251,4421,-115.29805,36.070038
16252,4421,-115.17493,36.10478
16253,4408,-114.987305,36.036503
16254,4421,-115.14556,36.172424
16255,4421,-115.06167,36.15957
16256,4409,-115.29135,36.16915
16257,4410,-115.15822,36.161972
16258,4421,-115.132935,36.16576
16259,4411,-115.24373,36.08461
16260,4421,-114.9647,36.026493
16261,4412,-115.27973,36.119114
16262,4413,-115.06312,36.173996
16263,4421,-115.16866,36.117542
16264,4421,-115.08076,36.07135
16265,2499,-115.17504,36.144676
16266,4421,-115.17274,36.11424
16267,4414,-115.24201,36.042435
16268,4421,-115.15126,36.1089
16269,4415,-115.24562,36.1436
16270,4416,-115.24359,36.045593
16271,4421,-115.20388,36.087532
16272,2499,-111.97308,33.52883
16273,4421,-115.308495,36.11394
16274,4421,-115.22412,36.127884
16275,4421,-114.98343,36.031956
16276,4421,-115.08509,36.029533
16277,4417,-115.11793,36.01752
16278,4418,-115.17234,36.110107
16279,4419,-115.096466,36.006683
16280,4421,-115.145645,36.124844
16281,4421,-115.08955,36.02054
16282,4420,-115.31348,36.157883
16283,2499,-115.186485,36.1187
16284,2499,-115.16997,36.11293
16285,6644,-115.17457,36.11622
16286,6644,-115.20723,36.163433
16287,4421,-115.207245,36.124905
16288,8186,-3.1795256,55.951454
16289,4421,-115.33344,36.150024
16290,4421,-115.16792,36.11547
16291,4421,-115.100464,36.086742
16292,4421,-115.18219,36.10132
16293,4421,-115.038345,36.06321
16294,4421,-115.27943,36.19797
16295,2499,-115.201775,36.126526
16296,4421,-115.062614,36.161926
16297,4421,-115.17332,36.11567
16298,2499,-115.16309,36.136738
16299,837,-115.0849,36.133053
16300,4422,-115.08218,36.15933
16301,4423,-115.188644,36.126087
16302,4424,-115.15797,36.158264
16303,4421,-115.244194,36.045704
16304,4421,-115.190506,36.08786
16305,4421,-115.17041,36.110847
16306,2499,-115.1929,36.116634
16307,6644,-115.175804,36.09531
16308,4421,-115.100845,35.993855
16309,4421,-115.15155,36.151466
16310,4421,-115.14255,36.142525
16311,4421,-115.0849,36.133053
16312,4425,-115.180664,36.291985
16313,4426,-115.17395,36.11303
16314,4421,-115.13482,36.11362
16315,4427,-115.11772,36.099663
16316,4428,-115.10359,36.116684
16317,4421,-115.17143,36.135014
16318,4421,-115.3352,36.15803
16319,4429,-115.0849,36.133053
16320,2499,-115.20955,36.12644
16321,2499,-115.14513,36.17488
16322,4421,-115.284874,36.29139
16323,6644,-115.17279,36.11766
16324,4421,-115.15427,36.1187
16325,4430,-115.15112,36.086338
16326,4431,-115.138435,36.167526
16327,2499,-115.13233,36.193367
16328,4432,-115.195984,36.12538
16329,5114,-115.24271,36.219223
16330,2499,-115.13907,36.17015
16331,2499,-115.186104,36.11628
16332,2499,-115.28165,36.200096
16333,4421,-115.00147,36.271496
16334,4421,-115.176765,36.14523
16335,4421,-115.00147,36.271496
16336,4421,-115.27853,36.057846
16337,4433,-115.11585,36.240154
16338,4421,-115.17146,36.10095
16339,4421,-115.14406,36.171234
16340,4434,-115.18995,36.12553
16341,4421,-115.242546,36.098583
16342,2499,-115.24227,36.144756
16343,4421,-115.20667,36.114872
16344,4435,-115.26318,36.271908
16345,4421,-115.13618,36.10516
16346,4421,-115.29076,36.15755
16347,4421,-115.16918,36.10844
16348,4421,-115.244156,36.047306
16349,2499,-115.134575,36.101467
16350,4421,-115.30428,36.19106
16351,4421,-115.153946,36.26045
16352,4421,-115.17177,36.01076
16353,837,-112.00845,33.581757
16354,4421,-115.27989,36.124878
16355,4436,-115.17712,36.13198
16356,4421,-115.19265,36.132973
16357,4437,-115.17419,36.110485
16358,4438,-115.2696,36.270027
16359,4421,-114.979904,36.02931
16360,4421,-115.17229,36.115147
16361,4421,-115.15112,36.086338
16362,4421,-115.29939,36.145184
16363,4421,-115.124794,36.220394
16364,4421,-115.17457,36.11622
16365,2499,-115.15716,36.114746
16366,4421,-115.120384,36.27603
16367,4439,-115.14224,36.240005
16368,4421,-115.17223,36.105675
16369,4421,-115.19283,36.144253
16370,4440,-115.28655,36.28842
16371,4421,-115.20513,36.27028
16372,4441,-115.29656,36.0931
16373,4421,-111.97982,33.49482
16374,2499,-115.23995,36.14467
16375,4421,-115.286575,36.277733
16376,4421,-115.13894,36.16672
16377,4421,-115.17712,36.13198
16378,4421,-111.92741,33.496716
16379,4421,-115.203186,36.09046
16380,4442,-115.17462,36.142902
16381,4421,-115.170975,36.114277
16382,4443,-115.20513,36.27028
16383,4421,-115.19242,36.12601
16384,4421,-115.266174,36.144306
16385,4421,-115.244255,36.145123
16386,4421,-115.21733,36.223446
16387,4421,-115.206375,36.27993
16388,4444,-115.163124,36.133614
16389,4421,-111.899635,33.554825
16390,4421,-115.17572,36.009
16391,4445,-115.19622,36.205273
16392,4421,-115.24271,36.219223
16393,4446,-115.29434,36.095753
16394,4421,-115.241516,36.064106
16395,6644,-115.169655,36.12119
16396,4421,-115.33344,36.150024
16397,4447,-115.234955,36.243893
16398,4421,-115.28819,36.291035
16399,2499,-115.14639,36.081303
16400,4421,-115.16114,36.144093
16401,4448,-115.24362,36.202663
16402,4449,-115.11635,36.2778
16403,4421,-115.200645,36.115417
16404,4421,-115.242905,36.152386
16405,4421,-115.116295,36.240383
16406,4421,-114.98926,36.202255
16407,4450,-115.15472,36.115124
16408,4421,-115.09303,36.218987
16409,4451,-115.22455,36.238483
16410,4421,-115.24354,36.073208
16411,4452,-115.13637,36.108074
16412,4453,-115.20645,36.279408
16413,4421,-115.11736,36.014675
16414,4454,-115.27849,36.13345
16415,4421,-115.05501,36.015766
16416,4421,-115.15096,36.15308
16417,4455,-115.28217,36.302864
16418,4421,-115.233406,36.23862
16419,4456,-115.14055,36.169167
16420,4457,-115.17123,36.15944
16421,4458,-115.09615,36.240704
16422,4421,-115.12652,36.15846
16423,4421,-115.09615,36.240704
16424,4459,-115.334236,36.145416
16425,4421,-115.27832,36.056545
16426,4460,-115.23975,36.14317
16427,4421,-115.28703,36.166676
16428,4461,-115.16296,36.12714
16429,4421,-115.225876,36.055565
16430,4421,-115.14055,36.169167
16431,6644,-115.207245,36.124905
16432,4462,-115.09615,36.240704
16433,4421,-115.119385,36.026558
16434,4463,-115.2072,36.271782
16435,4421,-115.23168,36.152233
16436,4421,-115.17211,36.159092
16437,4464,-115.27721,36.306732
16438,4421,-115.22406,36.12772
16439,4421,-115.17153,36.054417
16440,4465,-115.227615,36.129646
16441,4421,-115.24415,36.05087
16442,4421,-115.14027,36.171307
16443,2499,-115.172455,36.106503
16444,4421,-115.12652,36.15846
16445,4421,-115.20695,35.99532
16446,4421,-115.168144,36.110283
16447,4421,-115.173904,36.110092
16448,4421,-115.15323,36.042797
16449,4421,-115.27777,36.130028
16450,4421,-115.20741,36.123623
16451,4466,-115.17201,36.159367
16452,4421,-115.138435,36.167526
16453,6644,-115.16769,36.10302
16454,4421,-115.22227,36.099506
16455,4467,-115.141846,36.17241
16456,7354,-115.14333,36.19606
16457,4468,-115.17143,36.135014
16458,4469,-115.243546,36.064587
16459,4421,-115.17652,36.11303
16460,4470,-115.11707,36.204414
16461,4421,-115.11707,36.204414
16462,4421,-115.24303,36.062855
16463,4421,-115.334816,36.15839
16464,4471,-115.24946,36.242676
16465,4421,-115.21917,36.126225
16466,4421,-115.29755,36.112892
16467,4421,-115.17625,36.092876
16468,4421,-115.17259,36.112953
16469,4421,-115.177,36.11199
16470,4421,-115.15126,36.10913
16471,4421,-115.29926,36.098995
16472,4421,-115.2858,36.158028
16473,6644,-115.28774,36.15778
16474,4421,-115.14656,36.23896
16475,4472,-115.13639,36.175
16476,4421,-115.1795,36.286583
16477,4421,-115.21359,36.12667
16478,4421,-115.24508,36.159706
16479,4421,-115.24536,36.16115
16480,4421,-115.14156,36.27635
16481,4421,-114.98345,36.03831
16482,4421,-115.100845,35.993855
16483,4421,-115.15411,36.107388
16484,4473,-115.29402,36.093773
16485,4421,-115.16081,36.237892
16486,2499,-115.27846,36.134956
16487,2499,-115.20198,36.10272
16488,4421,-115.209656,36.127045
16489,6644,-115.26988,36.2835
16490,5193,-115.24588,36.16519
16491,4474,-115.281105,36.05382
16492,6644,-115.2411,36.114986
16493,4475,-115.16255,36.147816
16494,4421,-115.24367,36.0793
16495,2499,-115.2503,36.26133
16496,4421,-115.175804,36.096684
16497,6644,-115.17601,36.104332
16498,2499,-111.89714,33.67805
16499,4421,-115.15383,36.157158
16500,4421,-115.286644,36.277836
16501,2499,-115.31363,36.157314
16502,6644,-115.252,36.063618
16503,4476,-115.170906,36.103455
16504,4421,-115.17618,36.115856
16505,4421,-115.2092,36.246758
16506,4477,-115.265656,36.273514
16507,4421,-115.17582,36.11773
16508,4421,-115.24362,36.202663
16509,4478,-115.244255,36.145123
16510,4421,-115.17457,36.102413
16511,4479,-115.287155,36.282867
16512,4421,-115.161804,36.144165
16513,4480,-115.20513,36.27028
16514,4481,-115.250565,36.14357
16515,4421,-115.335365,36.15747
16516,4421,-115.2414,36.197395
16517,4421,-115.33192,36.159554
16518,6021,-115.19138,36.19741
16519,4482,-115.19443,36.12589
16520,4421,-115.2983,36.147083
16521,4483,-115.11758,36.264038
16522,4421,-115.28217,36.302864
16523,4421,-115.15594,36.10788
16524,4421,-115.19812,36.197575
16525,4421,-115.06262,36.02959
16526,5723,-115.133606,36.20977
16527,4484,-115.206375,36.2394
16528,4421,-115.2032,36.092003
16529,4421,-115.081985,36.14379
16530,4421,-115.26378,36.0842
16531,4421,-115.28009,36.298874
16532,4485,-115.174706,36.01131
16533,4421,-115.206375,36.2394
16534,2499,-115.17577,36.011356
16535,4421,-115.17229,36.115147
16536,4421,-115.13916,36.085407
16537,4421,-115.13774,36.157787
16538,2499,-115.174706,36.01131
16539,4421,-115.29966,36.14726
16540,4486,-115.25734,36.195675
16541,4487,-115.16282,36.230705
16542,4488,-115.274574,36.130314
16543,4421,-115.177536,36.06837
16544,4421,-115.24227,36.144756
16545,4421,-115.31348,36.157883
16546,4421,-112.27332,33.464325
16547,4489,-115.201775,36.126526
16548,2499,-115.20247,36.144047
16549,4421,-115.17358,36.1601
16550,4421,-115.17563,36.144997
16551,4421,-115.124176,36.23902
16552,4490,-115.241974,36.17968
16553,4491,-115.15979,36.11516
16554,4492,-115.15496,35.978703
16555,4421,-115.17535,36.070137
16556,4421,-115.11942,36.05963
16557,4421,-115.12092,36.240192
16558,4421,-115.21733,36.223446
16559,4493,-115.24628,36.27423
16560,4494,-115.20636,36.27776
16561,4421,-115.302826,36.14494
16562,4421,-115.1712,36.11172
16563,4495,-115.17087,36.10242
16564,4421,-115.186104,36.11628
16565,4421,-112.07232,33.457657
16566,4421,-115.178696,36.17993
16567,4421,-115.13809,36.010376
16568,4421,-115.141304,36.169323
16569,4421,-115.31554,36.291206
16570,4421,-115.19478,36.126404
16571,4421,-115.2317,36.23775
16572,4421,-115.25017,36.19709
16573,4496,-115.29939,36.145184
16574,4421,-115.14741,36.114876
16575,4421,-115.2092,36.246758
16576,4497,-115.14289,36.143345
16577,4498,-115.25018,36.197487
16578,4499,-115.25014,36.24172
16579,4500,-115.14827,36.276245
16580,4501,-115.21733,36.223446
16581,4421,-115.153595,36.011986
16582,4421,-115.30121,36.115658
16583,4421,-115.08284,36.074104
16584,4421,-115.16918,36.10844
16585,4502,-115.20422,36.126564
16586,4503,-115.28078,36.11531
16587,4421,-114.97707,36.04322
16588,4421,-115.15383,36.157158
16589,4421,-115.27989,36.124878
16590,4421,-115.26148,36.113655
16591,4421,-115.27997,36.078644
16592,4421,-115.1726,36.118793
16593,4421,-115.25998,36.143147
16594,4504,-115.24309,36.21847
16595,4421,-115.27923,36.05208
16596,4421,-115.2782,36.108463
16597,4421,-115.24166,36.194546
16598,4421,-115.135,36.1155
16599,4505,-115.286095,36.167023
16600,4506,-115.13987,36.168903
16601,4421,-115.2092,36.246758
16602,4421,-115.20707,36.271137
16603,4421,-115.179146,36.145535
16604,4507,-115.152336,36.136433
16605,4508,-115.168846,36.122505
16606,4421,-115.15391,36.255234
16607,4509,-115.257774,36.197437
16608,4421,-115.17756,36.23901
16609,4510,-115.17756,36.23901
16610,4421,-115.17143,36.135014
16611,4421,-115.14683,36.172176
16612,4421,-115.24322,36.18759
16613,4421,-111.76795,33.38265
16614,4511,-115.306694,36.111958
16615,4512,-115.1783,36.23889
16616,4421,-115.17177,36.11931
16617,6644,-115.18286,36.0408
16618,2499,-115.36672,36.171062
16619,4513,-115.2682,36.207485
16620,2499,-115.17278,36.11766
16621,4421,-115.29765,36.09471
16622,4514,-115.14624,36.171215
16623,4421,-115.25826,36.195614
16624,4515,-115.24287,36.044266
16625,4516,-115.29833,36.211716
16626,4517,-115.155594,36.11496
16627,4421,-115.24721,36.04437
16628,4421,-115.2096,36.15876
16629,4518,-115.17224,36.041023
16630,4421,-115.25111,36.21987
16631,4519,-115.2757,36.14452
16632,4421,-115.13813,36.011578
16633,4421,-115.16525,36.239037
16634,4520,-115.22455,36.238483
16635,4421,-115.17875,36.284214
16636,4521,-115.10084,36.03525
16637,4421,-115.24374,36.047146
16638,4421,-80.94421,35.223606
16639,4522,-115.10165,35.995304
16640,2499,-115.11932,36.011078
16641,4421,-115.30459,36.11395
16642,4421,-115.11279,36.005222
16643,837,-115.26203,36.070213
16644,4421,-115.11717,36.005936
16645,4523,-115.179085,36.11224
16646,4421,-115.10186,35.99837
16647,4524,-115.10561,36.00054
16648,4421,-115.08955,36.02054
16649,2499,-73.560295,45.50761
16650,6644,-115.17345,36.10306
16651,4421,-115.324776,36.107853
16652,4421,-115.15074,36.169456
16653,4421,-115.07656,36.071907
16654,4421,-115.09702,36.072758
16655,4421,-115.23975,36.14317
16656,4421,-115.04432,36.079037
16657,4525,-115.100845,35.993855
16658,4421,-115.25077,36.0635
16659,4421,-115.209656,36.126728
16660,4526,-115.113014,36.003452
16661,2499,-115.201775,36.126526
16662,4421,-115.168106,36.103798
16663,4527,-115.18342,36.04206
16664,4421,-115.24186,36.062195
16665,4421,-115.046844,36.05945
16666,4421,-115.134,36.0131
16667,4528,-115.10294,36.100693
16668,2499,-115.17481,36.10987
16669,4421,-115.201775,36.126526
16670,6644,-115.1563,36.142338
16671,4421,-115.25077,36.0635
16672,4421,-115.16269,36.144295
16673,4421,-115.267235,36.020664
16674,4529,-115.117966,36.013836
16675,4421,-115.10773,36.002964
16676,4421,-115.17618,36.115856
16677,4421,-115.298294,36.077114
16678,4421,-115.11275,36.005646
16679,4421,-115.13637,36.108074
16680,4421,-115.21327,36.12656
16681,4530,-115.117775,36.009586
16682,4421,-115.1765,36.10758
16683,4531,-115.153595,36.011986
16684,4421,-115.08566,36.02736
16685,4421,-115.11488,36.02915
16686,4421,-115.119385,36.026558
16687,4421,-115.3115,36.158897
16688,4421,-115.20738,36.0329
16689,4421,-115.111275,36.006683
16690,4421,-115.11795,36.09959
16691,4532,-115.30731,36.086033
16692,4421,-115.15401,36.238834
16693,2499,-80.88002,35.17877
16694,4533,-115.133606,36.20977
16695,4534,-115.047104,36.040707
16696,4421,-115.17065,36.04064
16697,4535,-115.12658,36.100414
16698,4421,-115.2792,36.025677
16699,4421,-115.119385,36.026558
16700,4421,-115.10117,36.01859
16701,4421,-115.246185,36.12342
16702,4421,-115.15097,36.085175
16703,4421,-115.2087,36.043213
16704,4129,-115.02425,36.044903
16705,4421,-115.10574,36.072323
16706,4421,-115.18219,36.10132
16707,4421,-115.135,36.1155
16708,4536,-115.1193,36.02074
16709,4537,-115.24352,36.07097
16710,4421,-115.15427,36.1187
16711,4538,-115.1969,36.143887
16712,4421,-115.16587,36.126877
16713,4539,-115.10313,36.001965
16714,4421,-115.11066,36.002857
16715,4540,-115.15126,36.1089
16716,4649,-115.08384,36.022102
16717,4541,-115.298294,36.077114
16718,4542,-115.11066,36.002857
16719,4543,-115.07943,36.019363
16720,4544,-115.11872,36.035313
16721,4421,-115.28894,36.16201
16722,4421,-115.1206,36.0114
16723,4421,-89.49799,43.032223
16724,4421,-115.24626,36.0646
16725,3201,-115.11822,36.01443
16726,4421,-115.29939,36.145184
16727,4421,-115.13576,36.035084
16728,4545,-115.11997,36.01099
16729,4421,-115.173775,36.090916
16730,4421,-115.165276,36.122143
16731,4421,-115.08955,36.02054
16732,2499,-115.101585,35.99378
16733,4421,-115.17829,36.067524
16734,4421,-115.17146,36.10095
16735,4421,-115.17123,36.15944
16736,4421,-115.11428,36.00516
16737,4421,-115.11869,36.01635
16738,4421,-115.18163,36.075855
16739,4421,-115.19373,36.114956
16740,4421,-115.062614,36.161926
16741,4547,-115.15271,36.13732
16742,4421,-115.17155,36.05243
16743,4548,-115.11771,36.017265
16744,4421,-115.1195,36.015434
16745,4549,-115.24498,36.061962
16746,4550,-115.29103,36.17573
16747,4421,-115.33276,36.15119
16748,4421,-115.11157,36.00645
16749,4551,-115.12464,35.996723
16750,4552,-115.14528,36.1616
16751,4421,-115.22531,36.05553
16752,4553,-115.308495,36.11394
16753,4421,-115.099884,35.99529
16754,4421,-115.11793,36.01752
16755,4421,-115.10889,36.00196
16756,4421,-115.04358,36.06423
16757,4554,-115.0884,36.071453
16758,4421,-115.15323,36.042797
16759,4555,-111.92796,33.49821
16760,4421,-115.233406,36.23862
16761,4556,-115.101204,35.99359
16762,4421,-115.118256,36.054462
16763,4421,-115.117165,36.016342
16764,4421,-115.30866,36.11444
16765,4421,-115.12652,36.15846
16766,4557,-115.197014,36.12641
16767,4558,-115.24079,36.19914
16768,4559,-115.08771,36.035824
16769,4421,-115.2112,36.125587
16770,4560,-115.08998,36.020554
16771,4421,-115.10234,36.001747
16772,4421,-115.08096,36.076263
16773,4561,-115.24302,36.036034
16774,4421,-115.24344,36.247814
16775,4421,-115.241455,36.062717
16776,4562,-115.15265,36.012516
16777,4421,-115.18507,36.102978
16778,4421,-115.07974,36.072388
16779,4563,-115.09916,36.100334
16780,4421,-115.33321,36.152905
16781,4421,-115.265976,36.168346
16782,4564,-114.99288,36.01392
16783,4421,-115.241554,36.064533
16784,4421,-115.28129,36.055817
16785,4565,-115.10561,36.00054
16786,4566,-115.101585,35.99378
16787,4421,-115.142006,36.17183
16788,4421,-115.20959,36.12621
16789,4421,-115.0863,36.02131
16790,4421,-115.22487,36.06982
16791,837,-112.04094,33.46563
16792,4567,-115.10165,35.995304
16793,4568,-115.10313,36.001965
16794,4421,-115.209236,36.10027
16795,4421,-115.333084,36.15087
16796,4421,-115.19242,36.12601
16797,4649,-115.11869,36.01635
16798,4421,-115.08227,36.07001
16799,4421,-115.17143,36.135014
16800,4569,-115.288,36.159424
16801,4421,-115.11819,36.003147
16802,4570,-115.103134,35.99997
16803,4571,-115.30882,36.183144
16804,4421,-115.17669,36.117455
16805,4421,-115.11243,36.006176
16806,837,-115.24882,36.06497
16807,4572,-115.118126,36.015793
16808,4573,-115.11243,36.006176
16809,4421,-115.13574,36.03067
16810,4421,-114.96562,36.026855
16811,4421,-115.11243,36.006176
16812,4421,-115.27892,36.038082
16813,4421,-115.225876,36.126358
16814,4421,-115.06411,36.02573
16815,4421,-115.15271,36.108807
16816,4421,-115.14418,36.122654
16817,4421,-115.17581,36.08995
16818,4421,-115.13463,36.161926
16819,6644,-115.173775,36.090916
16820,4574,-115.18449,36.093613
16821,4421,-115.33279,36.148457
16822,4575,-115.178,36.068428
16823,4576,-115.23664,36.115025
16824,4577,-115.11797,36.01842
16825,4421,-115.14085,36.170055
16826,6644,-115.11822,36.01443
16827,4578,-115.14214,36.17187
16828,4579,-115.31403,36.115417
16829,4580,-115.11961,36.070183
16830,4581,-115.297844,36.07753
16831,4582,-115.175865,36.010883
16832,4421,-115.064064,36.14582
16833,4421,-115.17179,36.014614
16834,4421,-115.15342,36.01457
16835,2499,-115.11351,36.12936
16836,4421,-115.17165,36.04078
16837,4583,-115.16869,36.127796
16838,4421,-115.08588,36.02203
16839,4584,-115.13609,36.116165
16840,4421,-115.21449,36.143353
16841,4585,-115.11997,36.01099
16842,4421,-115.100845,35.993855
16843,4421,-115.158325,36.05773
16844,4421,-115.149734,36.11512
16845,4421,-115.30226,36.19719
16846,4421,-115.11066,36.002857
16847,4421,-115.135925,36.11814
16848,4421,-115.24371,36.05824
16849,4586,-115.08639,36.0206
16850,2499,-115.19142,36.126163
16851,4587,-115.25494,36.195427
16852,837,-115.29179,36.113693
16853,4588,-115.20964,36.12702
16854,4589,-115.10044,35.979927
16855,4590,-115.20818,36.149048
16856,4813,-115.22456,36.128075
16857,4421,-115.17318,36.110085
16858,4421,-115.2786,36.307632
16859,4591,-115.10157,35.99044
16860,4592,-115.04282,36.067123
16861,2499,-115.119385,36.026558
16862,4593,-115.17491,36.01144
16863,4421,-115.100845,35.993855
16864,5232,-115.08556,36.003056
16865,4421,-115.20347,36.27606
16866,4421,-115.19094,36.126175
16867,4421,-115.19287,36.126762
16868,4594,-115.11799,36.014458
16869,4421,-115.100845,35.993855
16870,4421,-115.10399,35.99897
16871,4421,-115.10142,36.08595
16872,4421,-115.10399,35.99897
16873,4421,-115.11504,36.00442
16874,4421,-115.24214,36.078087
16875,4,-115.11047,36.002903
16876,2499,-115.280396,36.113922
16877,2499,-115.107544,36.00268
16878,4595,-115.11617,36.00676
16879,4421,-115.138504,36.117256
16880,4596,-115.11931,36.01597
16881,4597,-115.15323,36.042797
16882,4421,-115.18507,36.102978
16883,4598,-115.17224,36.041023
16884,4421,-115.241516,36.064106
16885,4421,-115.16457,36.147957
16886,4421,-115.24127,36.084476
16887,4421,-115.29494,36.144653
16888,4421,-115.102715,35.99111
16889,4421,-115.18048,36.275616
16890,4421,-115.153595,36.011986
16891,4421,-115.08266,36.021996
16892,4421,-115.31087,36.15766
16893,4599,-115.11944,36.085712
16894,4421,-115.22492,36.048195
16895,4421,-115.153595,36.011986
16896,4421,-115.20142,36.12633
16897,4421,-115.10866,36.001587
16898,4600,-115.11793,36.01752
16899,4601,-115.17474,36.115932
16900,4421,-115.17224,36.041023
16901,4421,-115.1563,36.142338
16902,4421,-115.13694,36.11391
16903,4421,-115.29855,36.078938
16904,4602,-115.29874,36.06994
16905,4421,-115.13677,36.104446
16906,4421,-115.17457,36.11622
16907,4421,-115.1546,36.11997
16908,2499,-115.1725,36.127174
16909,4421,-115.121086,36.02073
16910,4421,-115.2983,36.147083
16911,4421,-115.13713,36.01069
16912,4603,-115.30076,36.145542
16913,4421,-115.06262,36.02959
16914,4421,-115.08284,36.074104
16915,4421,-115.27997,36.078644
16916,4421,-115.11186,36.0059
16917,2499,-115.186485,36.1187
16918,6644,-115.17618,36.115856
16919,4421,-115.16907,36.124435
16920,6644,-115.17601,36.104332
16921,2499,-115.071304,36.071278
16922,2499,-115.09138,36.021954
16923,4421,-115.13717,36.082092
16924,4421,-115.19868,36.12749
16925,4421,-115.13677,36.104446
16926,4421,-115.173874,36.109753
16927,4421,-114.97673,36.036606
16928,4421,-115.19819,36.125896
16929,4421,-115.28091,36.143623
16930,6644,-115.176346,36.117317
16931,4421,-115.185265,36.125122
16932,4974,-115.08348,36.003994
16933,4421,-115.18163,36.075855
16934,4421,-115.105194,36.001156
16935,2499,-115.105194,36.001156
16936,4421,-115.16821,36.127586
16937,4421,-115.119255,36.02623
16938,4421,-115.11931,36.01597
16939,4421,-115.178215,36.068935
16940,4421,-115.11107,36.005146
16941,4604,-115.118416,36.025414
16942,4605,-115.105194,36.001156
16943,4421,-115.08588,36.02942
16944,4606,-115.119194,36.02536
16945,4421,-115.04115,36.060524
16946,4421,-115.33354,36.148144
16947,4607,-115.171616,36.041164
16948,4421,-115.11428,36.00516
16949,4421,-115.11311,35.986782
16950,6644,-115.15979,36.11516
16951,2499,-115.21984,36.12607
16952,4421,-115.04282,36.067123
16953,4421,-115.24374,36.047146
16954,2499,-115.17849,36.10924
16955,4421,-115.13988,36.1688
16956,4421,-115.29713,36.143776
16957,4421,-115.18449,36.093613
16958,4421,-115.14007,36.167534
16959,4421,-115.32508,36.124886
16960,4608,-115.14777,36.115116
16961,4421,-115.10917,36.000813
16962,4609,-115.048035,36.023315
16963,4421,-115.1197,36.012512
16964,4421,-115.23284,36.145054
16965,4421,-115.17625,36.092876
16966,4610,-115.11935,36.011665
16967,4421,-115.2069,36.07251
16968,2499,-115.15112,36.086338
16969,4611,-115.12637,35.997757
16970,4421,-115.17875,36.284214
16971,4421,-115.104004,35.999252
16972,4612,-115.25659,36.1972
16973,4613,-115.20744,36.113472
16974,4421,-115.04869,36.021805
16975,4421,-115.119385,36.026558
16976,4421,-115.05336,36.01981
16977,4614,-115.10142,36.08595
16978,4421,-115.332954,36.152374
16979,4615,-115.17113,36.134106
16980,837,-115.167694,36.103054
16981,4421,-115.298294,36.077114
16982,4421,-115.22343,36.115295
16983,4616,-115.16937,36.121815
16984,4421,-115.17593,36.068153
16985,4617,-115.278114,36.042046
16986,4421,-115.11703,36.02034
16987,4618,-115.14347,36.06351
16988,4619,-115.118126,36.015793
16989,4421,-115.083374,36.071457
16990,4620,-115.20698,36.099552
16991,4421,-115.085266,36.02177
16992,4421,-115.111275,36.006683
16993,4621,-115.206345,35.994972
16994,4421,-115.111786,36.00694
16995,4622,-115.08231,36.069843
16996,4421,-115.26802,36.055946
16997,4623,-115.15323,36.042797
16998,4421,-115.278625,36.110703
16999,4624,-115.25151,36.23309
17000,4421,-115.170975,36.114277
17001,4421,-115.1761,36.21468
17002,4421,-115.11107,36.005146
17003,4421,-115.29494,36.144653
17004,4625,-115.24352,36.07097
17005,837,-115.13574,36.03067
17006,4421,-115.13813,36.011578
17007,2499,-115.11107,36.005146
17008,4626,-115.14289,36.143345
17009,4421,-115.13573,36.118217
17010,4421,-115.11839,36.01761
17011,4421,-115.19,36.23888
17012,4421,-115.11107,36.005146
17013,4627,-115.273575,36.275772
17014,4421,-115.13688,36.11789
17015,4421,-115.11107,36.005146
17016,4421,-115.28965,36.159534
17017,4421,-115.19906,36.114304
17018,4421,-115.16456,36.131496
17019,4421,-115.33513,36.15711
17020,4628,-115.243004,36.098354
17021,4629,-115.121376,36.010296
17022,4421,-115.20848,36.07308
17023,4630,-115.17143,36.135014
17024,4421,-115.173904,36.110092
17025,4631,-115.086464,36.02119
17026,4421,-115.20964,36.12702
17027,4421,-115.12155,36.04155
17028,4421,-115.16879,36.122967
17029,4421,-115.17089,36.114025
17030,4632,-115.101685,35.997723
17031,4421,-115.17382,36.107162
17032,4633,-115.172554,36.115673
17033,4421,-115.20764,36.10508
17034,6644,-115.167694,36.103054
17035,4421,-115.11891,36.016483
17036,2499,-115.17028,36.12229
17037,4421,-115.15228,36.113487
17038,2499,-115.173515,36.103
17039,4421,-115.11703,36.02034
17040,4421,-115.176575,36.091194
17041,6644,-115.17105,36.12595
17042,6644,-115.241974,36.1434
17043,4634,-115.23108,36.143196
17044,4421,-115.21002,36.126923
17045,4421,-115.25736,36.19518
17046,4421,-115.19408,36.12642
17047,6644,-115.173874,36.109753
17048,4421,-115.293,36.160576
17049,4421,-115.17618,36.115856
17050,4421,-115.11698,36.009254
17051,4421,-115.25953,36.26515
17052,4421,-115.13792,36.168026
17053,2499,-80.84573,35.231762
17054,4421,-115.17298,36.161358
17055,6644,-115.17229,36.115147
17056,4421,-114.92228,36.11427
17057,6644,-115.1725,36.110065
17058,4421,-115.176704,36.09028
17059,4421,-115.22056,36.04819
17060,4421,-115.13694,36.11391
17061,4421,-115.173996,36.12161
17062,4635,-115.10824,36.001453
17063,4421,-115.177864,36.06759
17064,4421,-115.18953,36.1257
17065,4421,-115.12045,36.041096
17066,2499,-115.01837,36.04717
17067,2499,-73.57553,45.515884
17068,4421,-115.27777,36.130028
17069,4421,-115.15531,36.11022
17070,4636,-115.08496,36.00635
17071,4421,-115.32523,36.161198
17072,4421,-115.17688,36.091255
17073,2499,-115.13808,36.167904
17074,6644,-115.167755,36.123978
17075,4421,-115.13988,36.1688
17076,4637,-115.12861,36.057144
17077,4421,-115.272675,36.144188
17078,2499,-115.15265,36.012516
17079,4421,-115.048035,36.023315
17080,4421,-115.13962,36.170086
17081,4421,-115.15797,36.158264
17082,4421,-115.20942,36.12682
17083,4421,-115.11783,36.005405
17084,4421,-115.117836,36.028442
17085,4421,-115.275795,36.143433
17086,4421,-115.0863,36.02131
17087,4421,-115.17684,36.06878
17088,4421,-115.185265,36.125122
17089,4421,-115.24326,36.08205
17090,6644,-115.173874,36.109753
17091,4421,-115.23011,36.143112
17092,4421,-115.11599,36.027836
17093,4421,-115.286095,36.167023
17094,4421,-115.33272,36.148514
17095,2499,-115.102715,35.99111
17096,4638,-115.15323,36.042797
17097,4421,-115.11734,36.022045
17098,6644,-115.17278,36.11766
17099,4639,-115.24169,36.064114
17100,4421,-115.33198,36.151814
17101,4421,-115.14253,36.169502
17102,4421,-114.92317,36.10016
17103,4421,-115.0863,36.02131
17104,4421,-114.992935,36.01152
17105,6021,-115.17524,36.09232
17106,4640,-115.11599,36.027836
17107,4421,-115.17367,36.107143
17108,4421,-115.13723,36.108643
17109,4421,-115.29864,36.076557
17110,2499,-115.16965,36.121178
17111,4421,-115.33351,36.149036
17112,4641,-115.084946,36.005207
17113,4421,-115.11909,36.06513
17114,4642,-115.19397,36.12618
17115,4421,-115.25659,36.1972
17116,4643,-115.11779,36.013794
17117,4421,-115.17552,36.112335
17118,4752,-115.20635,35.995155
17119,4421,-115.181656,36.074207
17120,4644,-115.11808,36.021404
17121,4645,-115.03742,36.063168
17122,4646,-115.19822,36.12595
17123,4647,-115.139595,36.168007
17124,4421,-115.11704,36.01736
17125,4421,-115.17143,36.135014
17126,4648,-115.04282,36.067123
17127,4421,-115.134926,36.01411
17128,2499,-115.116776,36.020107
17129,4421,-115.22406,36.12772
17130,4649,-115.08231,36.069843
17131,4650,-115.14056,36.16785
17132,4651,-80.9438,35.221424
17133,4652,-115.27973,36.119114
17134,4421,-115.16801,35.965363
17135,837,-115.17693,36.068497
17136,2499,-115.14055,36.169167
17137,4653,-115.14056,36.16785
17138,4421,-115.242714,36.036674
17139,4654,-115.102715,35.99111
17140,6644,-115.21823,36.15882
17141,4421,-115.118965,36.01231
17142,4655,-115.06269,36.011925
17143,2499,-115.178,36.068428
17144,837,-115.17556,36.11377
17145,4656,-115.17143,36.135014
17146,6644,-115.17234,36.110107
17147,4421,-115.117096,36.016495
17148,4657,-115.13838,36.11365
17149,4421,-115.17516,36.109875
17150,4421,-114.9926,36.01306
17151,4421,-115.02351,36.063915
17152,4421,-115.174324,36.067642
17153,4421,-115.11921,36.03455
17154,4421,-115.27994,36.122913
17155,4658,-115.10561,36.00054
17156,4421,-115.102715,35.99111
17157,4659,-115.102715,35.99111
17158,4421,-115.102715,35.99111
17159,4660,-115.102715,35.99111
17160,4421,-115.17503,36.143192
17161,4421,-115.291916,36.15935
17162,4421,-115.11779,36.013794
17163,4421,-115.30428,36.19106
17164,4661,-115.10889,36.00196
17165,4421,-115.046844,36.05945
17166,4421,-115.1912,36.039337
17167,4421,-115.15323,36.042797
17168,4421,-115.11808,36.021404
17169,4662,-115.040665,36.106735
17170,4421,-115.12515,36.10026
17171,4663,-115.162964,36.189293
17172,4421,-115.1954,36.040794
17173,4421,-115.1344,36.03022
17174,4664,-115.09916,36.04198
17175,4421,-115.1404,36.16785
17176,4421,-115.08096,36.076263
17177,4421,-115.185265,36.125122
17178,4421,-115.05262,36.100742
17179,4421,-115.24381,36.061695
17180,4421,-115.10084,36.03525
17181,4421,-115.150215,36.043182
17182,4421,-115.170616,36.124756
17183,4421,-115.17516,36.091866
17184,4421,-115.20863,36.1587
17185,4421,-115.11617,36.00676
17186,4665,-115.191826,36.144268
17187,4666,-115.11687,36.072422
17188,4421,-115.17618,36.067936
17189,4421,-115.120605,36.025345
17190,4421,-115.104416,36.042297
17191,4667,-115.10143,36.04214
17192,4421,-115.243546,36.04771
17193,4421,-115.22461,36.05132
17194,4421,-115.279,36.0605
17195,4421,-115.18609,36.27883
17196,4421,-115.13761,36.10351
17197,4421,-115.302826,36.14494
17198,4668,-115.1267,36.0571
17199,4669,-115.19388,36.144024
17200,4421,-115.09925,36.04168
17201,4421,-115.24279,36.198753
17202,4421,-115.141846,36.17241
17203,4421,-115.09925,36.04168
17204,4421,-115.12081,36.04105
17205,837,-115.05648,36.015625
17206,4421,-115.20198,36.10272
17207,4421,-115.11783,36.034397
17208,4670,-115.05456,36.101704
17209,4671,-115.14289,36.143345
17210,4421,-115.200645,36.115417
17211,4421,-115.10949,36.007076
17212,4421,-115.136406,36.106606
17213,4421,-115.08231,36.069843
17214,4672,-115.30952,36.114628
17215,4421,-115.2053,36.12517
17216,4421,-115.16242,36.131897
17217,4421,-115.308495,36.11394
17218,4673,-115.08588,36.02942
17219,4421,-115.35092,36.159397
17220,4674,-115.15622,36.167824
17221,4675,-115.11622,36.042686
17222,4676,-115.17593,36.068153
17223,4677,-115.10129,36.042088
17224,4421,-115.14055,36.169167
17225,4678,-115.11814,36.017586
17226,4679,-115.2411,36.114986
17227,4421,-115.33276,36.15119
17228,4680,-115.036026,36.061783
17229,4421,-115.13056,36.10134
17230,4681,-115.11687,36.072422
17231,4421,-115.17869,36.06815
17232,4421,-115.08566,36.02736
17233,4421,-115.1726,36.118793
17234,4421,-115.086464,36.02119
17235,4421,-115.04146,36.05681
17236,4421,-115.10815,36.129353
17237,8233,-115.260666,36.014347
17238,6644,-115.11695,36.00863
17239,2499,-115.17615,36.093422
17240,4682,-115.17615,36.093422
17241,4421,-115.04345,36.055702
17242,4683,-115.20379,36.156246
17243,4684,-115.10773,36.002964
17244,4421,-115.09923,36.03674
17245,4421,-115.17178,36.120705
17246,4685,-115.246185,36.12342
17247,4421,-115.17144,36.05287
17248,6644,-115.169624,36.068302
17249,6644,-115.15458,36.119186
17250,2499,-115.23284,36.145054
17251,4421,-115.1068,36.071945
17252,4421,-115.09996,36.100533
17253,4421,-115.20371,36.12588
17254,4421,-115.08218,36.15933
17255,4421,-115.12155,36.04155
17256,4421,-115.241806,36.1122
17257,4421,-115.134926,36.01411
17258,4421,-115.15342,36.01457
17259,4421,-114.93191,36.10195
17260,837,-115.17815,36.06713
17261,4686,-115.206535,36.116776
17262,4687,-115.11157,36.00645
17263,6644,-115.176704,36.09028
17264,4688,-115.1563,36.142338
17265,4421,-115.17382,36.107162
17266,4421,-115.17684,36.1206
17267,4421,-115.3352,36.15803
17268,4421,-115.134926,36.01411
17269,4421,-115.234955,36.243893
17270,4421,-115.03709,36.062363
17271,4689,-115.17647,36.14513
17272,4421,-115.08231,36.069843
17273,2499,-115.08531,36.021725
17274,4690,-115.11167,36.100384
17275,4691,-115.04601,36.061684
17276,4421,-115.24157,36.144634
17277,4421,-115.17669,36.117455
17278,4421,-115.20738,36.071205
17279,4421,-115.19213,36.124943
17280,4692,-115.09037,36.02096
17281,4421,-115.21327,36.12656
17282,4421,-115.1741,36.121082
17283,4421,-115.117744,36.010067
17284,4693,-114.992676,36.013332
17285,6644,-115.12092,36.240192
17286,4421,-115.29442,36.116028
17287,4421,-115.28559,36.16719
17288,4421,-115.14683,36.172176
17289,4421,-115.25775,36.19565
17290,2499,-115.18098,36.114388
17291,837,-115.24304,36.036724
17292,2499,-115.197014,36.12641
17293,2499,-115.15448,36.11884
17294,6644,-115.28973,36.1641
17295,6644,-115.17618,36.115856
17296,6644,-115.17457,36.10259
17297,4694,-115.17637,36.06801
17298,4421,-115.157875,36.142757
17299,2499,-115.2435,36.08808
17300,2499,-115.17333,36.119556
17301,6644,-115.154106,36.107456
17302,4421,-115.262115,36.196945
17303,4695,-115.257774,36.197437
17304,6644,-112.07285,33.449226
17305,6644,-115.14715,36.15981
17306,4421,-115.20631,36.12659
17307,2499,-115.174225,36.121616
17308,4421,-115.29634,36.07794
17309,2499,-115.16979,36.143673
17310,2499,-115.175896,36.093586
17311,4421,-115.29864,36.076557
17312,4421,-115.0249,36.10016
17313,4421,-115.1398,36.16868
17314,6644,-115.19777,36.126934
17315,2499,-115.191826,36.144268
17316,4696,-115.124886,36.046875
17317,4421,-115.17663,36.145187
17318,4421,-115.101204,35.99359
17319,4421,-115.241455,36.062717
17320,6644,-115.16961,36.121452
17321,2499,-115.14335,36.171127
17322,6644,-115.15254,36.151268
17323,6644,-111.925995,33.5276
17324,4421,-115.04155,36.063816
17325,4697,-115.27867,36.110104
17326,4421,-115.208694,36.125504
17327,2499,-115.24374,36.047146
17328,4421,-115.3115,36.158897
17329,6644,-115.16796,36.127712
17330,4698,-115.05508,36.01792
17331,4421,-115.17223,36.06783
17332,4421,-115.14339,36.169838
17333,4421,-115.225945,36.239635
17334,4421,-115.15389,36.156593
17335,4421,-115.306496,36.192513
17336,6644,-115.16979,36.143673
17337,2499,-115.20754,36.126827
17338,4421,-115.16979,36.143673
17339,4421,-115.14683,36.172176
17340,4421,-115.15265,36.012516
17341,6644,-115.20379,36.156246
17342,4421,-115.14059,36.169098
17343,4699,-115.17575,36.108307
17344,4700,-115.157875,36.142757
17345,4421,-115.17229,36.115147
17346,4421,-115.17435,36.106205
17347,4421,-115.19822,36.12595
17348,6644,-115.02017,36.27962
17349,4421,-115.13663,36.14112
17350,2499,-115.17087,36.10242
17351,2499,-115.173904,36.110092
17352,4421,-115.29426,36.14384
17353,4421,-115.11793,36.01752
17354,4421,-115.157875,36.142757
17355,2499,-80.80948,35.24555
17356,4701,-115.29414,36.084427
17357,4421,-115.334816,36.155132
17358,4421,-115.17279,36.11766
17359,4421,-115.047195,36.05532
17360,4702,-115.12464,35.996723
17361,2499,-115.174644,36.109913
17362,4421,-115.22538,36.217148
17363,4421,-115.163124,36.133614
17364,4421,-115.15248,36.11378
17365,4421,-115.117966,36.013836
17366,4421,-115.24514,36.160145
17367,4703,-115.22581,36.055252
17368,4421,-115.17831,36.12849
17369,2499,-115.19706,36.12636
17370,4421,-115.13955,36.16874
17371,2499,-115.155594,36.11496
17372,4421,-115.142395,36.142128
17373,2499,-115.23995,36.14467
17374,2499,-115.20764,36.10508
17375,6644,-115.1613,36.138298
17376,2499,-115.17205,36.11012
17377,4421,-115.21057,36.126152
17378,4421,-115.20888,36.09506
17379,4421,-115.27962,36.054382
17380,4421,-115.063515,36.165894
17381,4421,-115.29828,36.10132
17382,2499,-115.173874,36.10978
17383,4421,-115.155594,36.11496
17384,4421,-115.17324,36.109814
17385,4421,-115.14471,36.17297
17386,4421,-115.18507,36.102978
17387,4704,-115.29321,36.084576
17388,2499,-115.2067,36.110413
17389,4421,-115.17869,36.06815
17390,4421,-115.119385,36.100418
17391,6644,-115.17618,36.115856
17392,6644,-115.16904,36.124878
17393,4421,-115.29747,36.059624
17394,4421,-115.15342,36.01457
17395,4705,-115.15126,36.1089
17396,2499,-115.197014,36.12641
17397,2499,-115.16591,36.127686
17398,6644,-115.20888,36.09506
17399,2499,-115.1613,36.138298
17400,4421,-115.24179,36.11222
17401,4706,-115.277405,36.05442
17402,4421,-115.24239,36.0542
17403,4974,-115.18331,36.041283
17404,4421,-115.204056,36.12628
17405,4421,-115.26048,36.17591
17406,6644,-115.16242,36.131897
17407,4421,-115.243996,36.1615
17408,4421,-115.27961,36.125526
17409,6021,-115.16818,36.117462
17410,4421,-115.200645,36.115417
17411,4421,-115.155594,36.11496
17412,4421,-115.20643,36.124985
17413,4421,-115.20995,36.12662
17414,4707,-115.29823,36.095207
17415,4708,-115.29827,36.101395
17416,4421,-115.20568,36.158234
17417,4421,-115.19287,36.126762
17418,4421,-115.28672,36.167316
17419,4421,-115.26749,36.02092
17420,4421,-115.17234,36.110107
17421,2499,-115.18163,36.075855
17422,4421,-115.138435,36.167526
17423,4421,-115.13916,36.085407
17424,2499,-115.17669,36.117455
17425,4709,-115.28963,36.16418
17426,6644,-115.16931,36.102528
17427,2499,-115.17422,36.109562
17428,4421,-115.15078,36.238735
17429,2499,-115.176674,36.090755
17430,4421,-115.05508,36.01792
17431,2499,-115.17028,36.12433
17432,2499,-115.29151,36.160225
17433,2499,-115.17575,36.108307
17434,6644,-115.173996,36.01219
17435,6644,-115.13609,36.01191
17436,6644,-115.16573,36.126507
17437,2499,-115.167015,36.126884
17438,2499,-115.177,36.11199
17439,4710,-115.292,36.156925
17440,6644,-115.17234,36.110107
17441,2499,-115.19791,36.125908
17442,2499,-111.9307,33.493748
17443,4421,-115.20955,36.12644
17444,4421,-115.28994,36.16387
17445,2499,-111.925896,33.5025
17446,2499,-115.173515,36.103
17447,4711,-115.14289,36.143345
17448,4421,-115.17259,36.112953
17449,6644,-115.20663,36.27714
17450,4421,-115.21327,36.12656
17451,6644,-115.19695,36.126366
17452,6644,-115.16296,36.12714
17453,6644,-115.186485,36.1187
17454,6644,-115.17022,36.11236
17455,4421,-115.19177,36.12637
17456,6644,-115.17459,36.112022
17457,2499,-115.14085,36.170055
17458,6644,-115.138466,36.14267
17459,2499,-115.177,36.11199
17460,6644,-115.1725,36.110065
17461,2499,-115.21921,36.126545
17462,6644,-115.30234,36.100346
17463,4421,-115.17332,36.11567
17464,2499,-115.17413,36.109634
17465,2499,-115.16997,36.11293
17466,2499,-115.1725,36.127174
17467,2499,-115.14471,36.17297
17468,4421,-115.261665,36.107723
17469,2499,-115.14259,36.142487
17470,4421,-115.20685,36.11581
17471,5042,-115.16801,35.965363
17472,2499,-115.16923,36.121773
17473,2499,-115.17011,36.12751
17474,4421,-115.23995,36.14467
17475,4421,-115.11888,36.028095
17476,6644,-115.1752,36.091843
17477,4712,-115.29072,36.16293
17478,4421,-115.2492,36.19677
17479,6644,-115.20142,36.12633
17480,4421,-115.24136,36.0845
17481,6644,-115.29794,36.106503
17482,6644,-115.20964,36.12702
17483,6644,-115.17618,36.115856
17484,6644,-115.17462,36.142902
17485,6644,-115.19777,36.126934
17486,6644,-115.20741,36.123623
17487,6644,-112.12086,33.576492
17488,837,-115.19397,36.12618
17489,6644,-115.17106,36.12008
17490,4421,-115.33337,36.152176
17491,2499,-115.17493,36.10478
17492,2499,-115.17106,36.12008
17493,6644,-115.14631,36.164467
17494,2499,-115.17028,36.12229
17495,6644,-73.596985,45.518787
17496,2499,-115.17011,36.12751
17497,6644,-115.10161,35.987434
17498,7241,-115.30971,36.11463
17499,2499,-115.15448,36.11884
17500,4421,-115.17751,36.117035
17501,6644,-115.21232,36.12605
17502,6644,-115.1752,36.091843
17503,4421,-115.25734,36.195675
17504,6644,-115.17483,36.13367
17505,2499,-115.16559,36.12689
17506,4421,-115.163124,36.133614
17507,5042,-115.18961,36.125954
17508,4421,-115.207146,36.07245
17509,4421,-115.28715,36.27809
17510,4421,-115.13641,36.142178
17511,4421,-115.16901,35.965446
17512,4713,-115.19791,36.125908
17513,4421,-115.241455,36.12706
17514,4421,-115.140305,36.168964
17515,2499,-115.28644,36.15855
17516,4421,-115.11599,36.027836
17517,4421,-115.19408,36.12642
17518,4421,-115.242485,36.146217
17519,6644,-115.197075,36.12586
17520,2499,-115.17259,36.112953
17521,4421,-115.19397,36.12618
17522,4421,-115.14027,36.171307
17523,6644,-115.16559,36.12689
17524,4421,-115.13962,36.170086
17525,2499,-115.186485,36.1187
17526,2499,-115.17725,36.119125
17527,6644,-115.110344,36.002796
17528,2499,-115.17234,36.110107
17529,4421,-115.24314,36.083588
17530,6644,-115.172714,36.118225
17531,6644,-115.140854,36.130314
17532,2499,-115.173874,36.10978
17533,4421,-115.17501,36.117245
17534,2499,-115.17618,36.115856
17535,4421,-115.17229,36.115147
17536,2499,-115.17462,36.1098
17537,4421,-115.177864,36.06759
17538,6644,-115.174644,36.109913
17539,2499,-115.1696,36.121452
17540,6644,-115.19528,36.11444
17541,6644,-115.176346,36.117317
17542,6644,-115.15112,36.086338
17543,2499,-115.16592,36.127518
17544,6644,-115.24288,36.072594
17545,4714,-115.30272,36.144875
17546,2499,-115.15078,36.238735
17547,6644,-115.146866,36.14323
17548,2499,-115.174355,36.109806
17549,4421,-115.142494,36.12942
17550,4421,-115.252686,36.207165
17551,4421,-115.198,36.127663
17552,4421,-115.177536,36.06837
17553,6644,-115.15323,36.042797
17554,2499,-115.17516,36.109875
17555,2499,-115.17262,36.12956
17556,4421,-115.10182,35.987423
17557,4421,-115.13792,36.168026
17558,2499,-115.173706,36.14001
17559,6644,-115.17106,36.12008
17560,4421,-115.273125,36.06686
17561,6644,-115.17577,36.10771
17562,4421,-115.33896,36.151318
17563,4421,-115.17464,36.1021
17564,4421,-112.02814,33.510223
17565,2499,-115.17345,36.10306
17566,4421,-115.15254,36.151268
17567,4421,-115.30226,36.19719
17568,6644,-115.19397,36.12618
17569,6644,-115.176315,36.109913
17570,6644,-115.298294,36.077114
17571,4715,-115.20734,36.088776
17572,6644,-115.1752,36.091843
17573,2499,-115.17389,36.109882
17574,6644,-115.1746,36.116764
17575,2499,-115.17419,36.110485
17576,6644,-115.17457,36.11622
17577,4421,-115.24457,36.158695
17578,6644,-115.17012,36.122276
17579,6644,-115.17124,36.11788
17580,2499,-115.20371,36.12588
17581,2499,-115.17322,36.11784
17582,2499,-115.16578,36.128788
17583,4421,-115.16918,36.10844
17584,4421,-115.20722,36.03344
17585,6644,-115.22547,36.14299
17586,4421,-115.30866,36.11444
17587,6644,-115.195984,36.12538
17588,2499,-115.176704,36.09028
17589,4421,-115.25981,36.068604
17590,2499,-115.17704,36.10762
17591,2499,-115.16996,36.10984
17592,4421,-115.16963,36.117516
17593,6644,-115.17601,36.104332
17594,6644,-115.18995,36.12553
17595,4421,-115.29809,36.14342
17596,4716,-115.243454,36.08235
17597,6644,-115.16456,36.131496
17598,2499,-115.17516,36.109875
17599,4421,-115.21984,36.12607
17600,6644,-115.17534,36.11709
17601,2499,-115.1952,36.11531
17602,4421,-115.11909,36.02112
17603,4421,-115.17607,35.952827
17604,6644,-115.224075,36.12743
17605,4421,-115.09039,36.071842
17606,6644,-115.16348,36.113026
17607,6644,-115.20371,36.12588
17608,4421,-115.20974,36.114937
17609,4421,-115.24378,36.087482
17610,6644,-115.16084,36.139904
17611,6644,-115.17618,36.115856
17612,4421,-115.30081,36.14653
17613,2499,-115.17618,36.115856
17614,6644,-115.18986,36.125668
17615,4717,-115.20754,36.126827
17616,4421,-115.19777,36.126934
17617,4421,-115.03619,36.062096
17618,2499,-115.24239,36.0542
17619,6644,-115.19447,36.126015
17620,4421,-115.25078,36.064754
17621,6644,-115.17618,36.115856
17622,4421,-115.06262,36.02959
17623,4421,-115.242714,36.036674
17624,2499,-115.1676,36.103294
17625,6644,-115.17196,36.120907
17626,4421,-115.33322,36.161266
17627,4421,-115.2068,35.99513
17628,4421,-115.23303,36.15962
17629,6644,-115.29823,36.095207
17630,4421,-115.22406,36.12772
17631,4421,-115.19822,36.12595
17632,4421,-115.13578,36.12074
17633,6644,-115.20643,36.124985
17634,4421,-115.17818,36.10713
17635,2499,-115.17578,36.109585
17636,837,-112.05359,33.49485
17637,2499,-115.12255,36.012333
17638,4718,-115.17086,36.10993
17639,4421,-115.239815,36.247677
17640,4421,-115.1804,36.293068
17641,4421,-115.14069,36.169037
17642,4421,-115.19203,36.126144
17643,4719,-115.14259,36.142487
17644,2499,-115.19397,36.12618
17645,4421,-115.24428,36.173233
17646,6644,-115.17345,36.10306
17647,4421,-115.207085,36.159557
17648,6644,-115.1563,36.142338
17649,4421,-115.14253,36.169502
17650,837,-115.17737,36.107616
17651,4421,-115.19075,36.069
17652,4421,-115.25156,36.14358
17653,4720,-115.3352,36.15803
17654,4421,-115.22487,36.06982
17655,4421,-115.14064,36.167877
17656,4421,-112.02849,33.510426
17657,6644,-115.157875,36.142757
17658,6644,-115.17669,36.117455
17659,4421,-115.2811,36.114468
17660,4421,-115.243866,36.086548
17661,4421,-115.15123,36.162724
17662,6644,-115.16559,36.12689
17663,2499,-115.17516,36.109875
17664,4421,-115.167694,36.103054
17665,4421,-115.16961,36.121452
17666,4421,-115.19397,36.12618
17667,4421,-115.226,36.05534
17668,2499,-115.17516,36.109875
17669,4421,-115.11779,36.013794
17670,2499,-115.19478,36.125835
17671,6644,-111.99434,33.43419
17672,4421,-115.293,36.160576
17673,4421,-115.18085,36.292507
17674,4421,-115.167015,36.126884
17675,6644,-115.167,36.12617
17676,2499,-115.17106,36.11242
17677,4421,-115.101204,35.99359
17678,6644,-112.04788,33.525127
17679,4421,-115.17119,36.11476
17680,6644,-115.2811,36.114468
17681,4421,-115.180664,36.291985
17682,4721,-115.28973,36.1641
17683,4421,-115.17712,36.13198
17684,4421,-115.07656,36.071907
17685,2499,-115.04282,36.067123
17686,4421,-115.19373,36.114956
17687,2499,-115.16907,36.124435
17688,4421,-115.11952,36.01592
17689,2499,-115.17106,36.11242
17690,4421,-115.29653,36.09671
17691,6644,-80.8191,35.212875
17692,4421,-115.21327,36.12656
17693,4421,-115.136406,36.106606
17694,2499,-115.146866,36.14323
17695,4421,-115.22589,36.098877
17696,4722,-115.2503,36.26133
17697,4421,-115.15568,36.14763
17698,4723,-115.22455,36.238483
17699,4421,-115.2135,36.12623
17700,4421,-115.15427,36.1187
17701,4421,-115.17613,36.092182
17702,4421,-115.286644,36.277836
17703,4724,-114.96489,36.026684
17704,4421,-115.174355,36.109806
17705,4725,-115.25922,36.265022
17706,4421,-115.24314,36.083588
17707,2499,-115.174355,36.109806
17708,2499,-115.17534,36.11709
17709,4726,-115.17196,36.120907
17710,4421,-115.22481,36.12775
17711,4421,-115.134346,36.10037
17712,6644,-115.16963,36.117516
17713,4421,-115.224075,36.12743
17714,4421,-115.138504,36.117256
17715,2499,-115.1684,36.124554
17716,4421,-115.13609,36.01191
17717,6644,-115.17516,36.109875
17718,4421,-115.1779,36.11717
17719,4727,-115.09039,36.071842
17720,4421,-115.23303,36.15962
17721,4421,-115.2053,36.12517
17722,4421,-115.2782,36.108463
17723,4421,-115.24239,36.0542
17724,4728,-115.17505,36.098984
17725,4729,-115.27867,36.110104
17726,4421,-115.27307,36.103046
17727,4730,-115.209785,36.117493
17728,4731,-115.20207,36.090256
17729,4421,-115.24185,36.043034
17730,6644,-115.14289,36.143345
17731,6644,-115.173874,36.10978
17732,4421,-115.151855,36.12124
17733,4421,-115.14157,36.1716
17734,4421,-115.2433,36.07272
17735,4421,-115.31481,36.121902
17736,4421,-115.245514,36.1714
17737,4421,-115.17712,36.13198
17738,4421,-115.293,36.160576
17739,4421,-115.14096,36.16953
17740,4732,-115.2069,36.07251
17741,4421,-115.29776,36.097992
17742,4421,-115.18299,36.146267
17743,2499,-115.16379,36.13299
17744,4421,-115.175804,36.09531
17745,6644,-115.18918,36.117443
17746,4421,-115.17063,36.12298
17747,4421,-115.19166,36.13237
17748,4421,-115.141846,36.17241
17749,4421,-115.17047,36.11775
17750,6644,-115.19397,36.12618
17751,4421,-115.25093,36.055206
17752,6644,-115.13894,36.16672
17753,6644,-115.16788,36.099346
17754,4421,-115.137085,36.106686
17755,4421,-115.22456,36.128075
17756,4733,-115.29857,36.07719
17757,4734,-115.13987,36.168903
17758,2499,-115.17086,36.10993
17759,4421,-115.17849,36.10924
17760,4421,-115.278114,36.042046
17761,4421,-115.17618,36.115856
17762,4421,-115.169754,36.102917
17763,2499,-115.16427,36.059887
17764,4735,-115.17484,36.102894
17765,4736,-115.28963,36.16418
17766,4421,-115.209785,36.117493
17767,4421,-115.2424,36.098923
17768,6644,-115.04282,36.067123
17769,4421,-115.24283,36.249153
17770,4421,-115.2682,36.207485
17771,6644,-115.17641,36.11316
17772,4421,-115.20651,35.999195
17773,4421,-115.332,36.151814
17774,4421,-115.27962,36.053238
17775,4421,-115.17243,36.119926
17776,6644,-115.17406,36.107925
17777,4421,-115.1912,36.126503
17778,6644,-115.174416,36.1097
17779,4421,-115.173515,36.103
17780,4737,-115.19397,36.12618
17781,4421,-115.14683,36.172176
17782,4738,-115.17481,36.10987
17783,2499,-115.16847,36.124283
17784,4421,-115.21728,36.143658
17785,4739,-115.301636,36.112377
17786,6644,-115.17167,36.11025
17787,6644,-115.17712,36.13198
17788,4740,-115.17516,36.109875
17789,4421,-115.2685,36.142845
17790,2499,-80.97096,35.17005
17791,4421,-115.174706,36.01131
17792,2499,-115.209656,36.127045
17793,4741,-115.22663,36.143787
17794,4742,-115.17577,36.10771
17795,2499,-115.14551,36.12177
17796,4421,-115.24186,36.062195
17797,4421,-115.17473,36.098732
17798,4743,-115.21156,36.125397
17799,4421,-115.17264,36.11758
17800,4744,-115.27307,36.103046
17801,4421,-115.13539,36.010048
17802,6644,-115.20959,36.12621
17803,4421,-115.26182,36.11304
17804,4745,-115.15126,36.1089
17805,4421,-115.12081,36.04105
17806,4421,-115.23664,36.115025
17807,4421,-115.10165,35.995304
17808,4421,-115.16266,36.17171
17809,4746,-115.17535,36.070137
17810,4421,-115.08266,36.021996
17811,2499,-115.15979,36.11516
17812,4421,-115.28413,36.30063
17813,4747,-115.20775,36.142937
17814,4421,-115.174934,36.065132
17815,4421,-115.16269,36.144295
17816,6644,-115.15401,36.238834
17817,4421,-115.15432,36.12187
17818,4421,-115.14741,36.114876
17819,4748,-115.18982,36.143955
17820,4421,-115.14059,36.169098
17821,4749,-115.19397,36.12618
17822,4421,-115.22581,36.055252
17823,4421,-115.30428,36.19106
17824,4421,-115.11565,36.169872
17825,4421,-115.10041,36.07238
17826,4750,-115.134346,36.10037
17827,4751,-115.1952,36.11531
17828,4421,-115.24378,36.087482
17829,4421,-115.19397,36.12618
17830,4752,-115.19397,36.12618
17831,4753,-115.27943,36.142227
17832,2499,-115.17516,36.109875
17833,4754,-115.13618,36.10516
17834,4421,-115.142006,36.17183
17835,6644,-115.163124,36.133614
17836,4755,-115.30644,36.114285
17837,4421,-115.278725,36.07141
17838,4421,-115.17712,36.13198
17839,2499,-115.19397,36.12618
17840,4756,-115.11935,36.011665
17841,6644,-115.25988,36.203743
17842,4421,-115.27853,36.057846
17843,4757,-115.30406,36.193325
17844,4421,-115.15098,36.106007
17845,4421,-115.19397,36.12618
17846,4758,-115.15427,36.1187
17847,4759,-115.25988,36.203743
17848,4421,-115.19203,36.126144
17849,4421,-115.0863,36.02131
17850,4421,-115.174644,36.109913
17851,4760,-115.15323,36.042797
17852,4761,-115.1741,36.12124
17853,6644,-115.19397,36.12618
17854,4421,-115.17154,36.048992
17855,6644,-115.15198,36.152504
17856,4421,-115.20888,36.09506
17857,2499,-115.17106,36.12008
17858,6644,-115.167755,36.123943
17859,4762,-115.19397,36.12618
17860,4421,-115.13792,36.168026
17861,2499,-115.28854,36.163086
17862,4421,-115.25199,36.063637
17863,4763,-115.19397,36.12618
17864,6644,-115.20371,36.12588
17865,4421,-115.22501,36.127186
17866,4421,-115.17154,36.0512
17867,2499,-115.177536,36.06837
17868,4421,-115.207535,36.114986
17869,4421,-115.22456,36.128075
17870,4764,-115.1912,36.126503
17871,4421,-115.17535,36.070137
17872,4765,-115.19336,36.15855
17873,6644,-115.19397,36.12618
17874,4766,-115.209656,36.127045
17875,4767,-115.1986,36.038704
17876,6644,-115.17141,36.11752
17877,4421,-115.314316,36.112083
17878,4421,-115.298615,36.115734
17879,4421,-115.19094,36.126175
17880,4421,-115.06381,36.167458
17881,4421,-115.14637,36.124424
17882,4421,-115.19397,36.12618
17883,2499,-115.1752,36.091843
17884,4421,-115.19397,36.12618
17885,4421,-115.206116,36.1717
17886,4421,-115.19397,36.12618
17887,4421,-115.19397,36.12618
17888,4421,-115.24127,36.084476
17889,4768,-115.19397,36.12618
17890,4769,-115.206535,36.116776
17891,4421,-115.172295,36.127068
17892,4421,-115.2072,36.271782
17893,6644,-115.19203,36.126144
17894,6644,-115.17028,36.12433
17895,4770,-115.298615,36.115734
17896,4771,-115.201775,36.126526
17897,4772,-115.27777,36.130028
17898,4421,-115.24536,36.161877
17899,4421,-115.17457,36.11622
17900,4773,-115.11622,36.042686
17901,4421,-115.27846,36.134956
17902,4421,-115.17875,36.284214
17903,4421,-115.19389,36.13063
17904,2499,-115.151634,36.153503
17905,4774,-115.15112,36.086338
17906,4421,-115.26378,36.0842
17907,4421,-115.209915,36.126427
17908,4421,-115.28129,36.055817
17909,4421,-115.29801,36.125645
17910,4421,-115.24721,36.04437
17911,4421,-111.97698,33.34888
17912,4421,-115.24293,36.071194
17913,6644,-115.143524,36.170765
17914,4421,-115.27839,36.058018
17915,4421,-115.29857,36.07719
17916,4421,-115.26279,36.157238
17917,4421,-115.13506,36.100624
17918,4775,-115.293,36.160576
17919,4421,-115.21391,36.12671
17920,4776,-115.17283,36.132774
17921,4421,-115.11793,36.018227
17922,4421,-115.11997,36.01099
17923,4421,-115.20899,36.09942
17924,4421,-115.22456,36.128075
17925,4421,-115.24271,36.219223
17926,4421,-115.280266,36.14286
17927,4421,-115.22577,36.101196
17928,2499,-115.143524,36.170765
17929,4421,-115.241356,36.11492
17930,4421,-115.096375,36.23609
17931,4777,-115.25647,36.26279
17932,4421,-115.23272,36.159634
17933,4421,-115.17712,36.13198
17934,4421,-115.14393,36.170383
17935,6644,-111.99831,33.436054
17936,6644,-115.17253,36.112015
17937,6644,-115.17406,36.107925
17938,6644,-115.174644,36.109913
17939,6644,-115.17618,36.115856
17940,6644,-115.174355,36.092293
17941,4421,-115.13573,36.118217
17942,6644,-115.17245,36.10503
17943,4421,-115.17611,36.067753
17944,6644,-115.16591,36.127495
17945,2499,-115.22429,36.122986
17946,6644,-115.16578,36.128788
17947,2499,-115.17406,36.107925
17948,2499,-115.17503,36.143192
17949,4421,-115.205574,36.150757
17950,4421,-115.243385,36.06256
17951,4778,-115.15396,36.157898
17952,4421,-115.31169,36.14568
17953,4421,-115.298294,36.077114
17954,4421,-115.24535,36.162655
17955,4421,-115.17153,36.054417
17956,4421,-115.30409,36.19329
17957,4421,-115.27432,36.144367
17958,4421,-115.273575,36.275772
17959,4421,-115.20728,36.15881
17960,4421,-115.244255,36.145123
17961,4421,-115.17141,36.099007
17962,4421,-115.15924,36.162983
17963,4421,-115.25892,36.195686
17964,4779,-115.13573,36.118217
17965,4421,-115.27217,36.057384
17966,4421,-115.278625,36.110703
17967,6644,-115.172195,36.119576
17968,4421,-115.048035,36.023315
17969,4421,-115.206116,36.1717
17970,4421,-115.29874,36.06994
17971,4421,-115.25687,36.26381
17972,4421,-115.24193,36.143177
17973,4421,-115.24046,36.114086
17974,4421,-115.19139,36.131706
17975,4421,-115.30971,36.11463
17976,2499,-115.15777,36.154083
17977,4421,-115.138504,36.117256
17978,4780,-115.13463,36.161926
17979,4421,-115.33439,36.156796
17980,4421,-115.175285,36.06618
17981,4421,-115.197685,36.125946
17982,4781,-115.15818,36.16374
17983,4421,-115.184265,36.143974
17984,4421,-115.17425,36.102516
17985,4421,-115.1978,36.1269
17986,4421,-115.225,36.069855
17987,4421,-115.24373,36.08461
17988,4421,-115.22492,36.048195
17989,4421,-115.28559,36.16719
17990,6644,-115.15389,36.11355
17991,4782,-115.18095,36.292473
17992,4421,-115.17504,36.144676
17993,4421,-115.19577,36.10505
17994,4421,-115.19822,36.12595
17995,4421,-115.242714,36.036674
17996,4421,-115.27777,36.130028
17997,4421,-115.20886,36.122192
17998,4421,-115.1779,36.11717
17999,4421,-115.175285,36.06618
18000,4421,-115.270966,36.019173
18001,4421,-115.21987,36.125305
18002,4421,-115.143524,36.170765
18003,4783,-80.85876,35.211227
18004,4421,-115.20743,36.163544
18005,4421,-115.209656,36.127045
18006,837,-115.152214,36.238003
18007,6644,-115.21632,36.143684
18008,4784,-115.30871,36.114124
18009,4421,-115.19761,36.14399
18010,4421,-115.289116,36.158028
18011,4785,-115.192665,36.11576
18012,4786,-115.291214,36.168724
18013,4787,-115.09903,36.072247
18014,4421,-115.124794,36.220394
18015,4421,-115.188286,36.145744
18016,837,-115.298325,36.112583
18017,4788,-115.174225,36.106884
18018,4789,-115.305954,36.112957
18019,4421,-115.23108,36.143196
18020,4421,-115.16875,36.11044
18021,4421,-115.27994,36.127228
18022,4790,-115.29792,36.11212
18023,6644,-115.17362,36.10557
18024,4421,-115.16792,36.11547
18025,4421,-115.29302,36.157192
18026,4791,-115.157875,36.142757
18027,2499,-80.81488,35.22101
18028,4792,-115.15979,36.11516
18029,4421,-115.28576,36.15842
18030,4421,-115.33387,36.152832
18031,4421,-115.12194,36.239635
18032,4421,-115.13821,36.167797
18033,4421,-115.2431,36.124302
18034,4421,-115.332825,36.14505
18035,2499,-115.17647,36.14513
18036,4421,-115.206345,35.994972
18037,4421,-115.046814,36.056797
18038,4421,-115.02564,36.050434
18039,4793,-115.153595,36.011986
18040,4421,-115.17644,36.116367
18041,4421,-115.33268,36.14496
18042,2499,-73.59317,45.52248
18043,6644,-115.17086,36.10993
18044,2499,-115.20643,36.124985
18045,4794,-115.1976,36.125965
18046,6644,-115.17368,36.12316
18047,6644,-115.17253,36.112015
18048,2499,-115.16997,36.11293
18049,6644,-115.15271,36.108807
18050,6644,-115.20247,36.144047
18051,4421,-115.20888,36.09506
18052,4421,-115.30081,36.14653
18053,2499,-115.176025,36.10461
18054,6644,-115.1726,36.112434
18055,2499,-115.17618,36.115856
18056,6644,-115.17601,36.104332
18057,2499,-115.138504,36.117256
18058,2499,-115.17253,36.112015
18059,4421,-115.06269,36.011925
18060,4421,-115.29158,36.158367
18061,4421,-115.29823,36.095207
18062,4421,-115.21002,36.126923
18063,4795,-115.16449,36.193768
18064,2499,-115.17544,36.09935
18065,4421,-115.20114,36.14425
18066,4421,-115.22547,36.14299
18067,2499,-115.166954,36.106236
18068,4421,-115.188286,36.145744
18069,2499,-115.166954,36.106236
18070,4796,-115.21869,36.15956
18071,4421,-115.07656,36.071907
18072,4421,-115.170975,36.114277
18073,4421,-115.24508,36.159706
18074,4421,-115.27994,36.127228
18075,4421,-115.289116,36.158028
18076,2499,-115.18986,36.125668
18077,4421,-115.13714,36.010777
18078,4421,-115.258965,36.180824
18079,2499,-115.17262,36.12956
18080,4421,-115.29987,36.147263
18081,4421,-115.08811,36.11655
18082,4421,-115.25494,36.195427
18083,2499,-115.08384,36.022102
18084,6644,-115.2053,36.12517
18085,6644,-73.57688,45.479656
18086,6644,-115.17516,36.109875
18087,4797,-115.308624,36.11392
18088,4421,-115.191826,36.144268
18089,4421,-115.248405,36.124184
18090,6644,-115.1726,36.118793
18091,2499,-115.175026,36.121967
18092,4798,-115.17582,36.11773
18093,4421,-115.13617,36.011944
18094,4421,-115.11735,36.10072
18095,4421,-115.17797,36.067535
18096,4799,-115.17618,36.115856
18097,4421,-115.22412,36.127884
18098,4421,-115.27553,36.129856
18099,4421,-115.243546,36.04771
18100,4421,-115.15458,36.119186
18101,2499,-115.20762,36.125244
18102,4800,-115.22481,36.12775
18103,4421,-115.21327,36.12656
18104,4801,-115.17624,36.092644
18105,4421,-115.135925,36.11814
18106,6644,-115.22432,36.127754
18107,4421,-115.14027,36.171307
18108,4421,-115.25093,36.055206
18109,6644,-115.16559,36.12689
18110,6644,-115.20942,36.12682
18111,4421,-115.17141,36.034245
18112,6644,-115.08516,36.13109
18113,4421,-115.28559,36.16719
18114,4421,-115.17641,36.11316
18115,6644,-115.17457,36.127308
18116,6644,-115.18163,36.075855
18117,6644,-115.17028,36.12229
18118,2499,-115.16876,36.12438
18119,4421,-115.23581,36.24242
18120,6644,-115.08266,36.15512
18121,4421,-115.333084,36.15087
18122,4802,-115.11047,36.002903
18123,6644,-115.17277,36.082066
18124,4421,-115.20995,36.12662
18125,4421,-115.17618,36.115856
18126,4421,-115.297585,36.09778
18127,4421,-115.22466,36.127693
18128,2499,-115.17089,36.114025
18129,2499,-115.242905,36.152386
18130,4421,-115.10041,36.07238
18131,2499,-115.20643,36.124985
18132,4803,-115.2435,36.08808
18133,4421,-115.17264,36.11758
18134,4421,-115.24239,36.0542
18135,4804,-115.16997,36.11293
18136,2499,-115.19283,36.144253
18137,4421,-115.11932,36.011078
18138,6644,-115.21327,36.12656
18139,6644,-115.168106,36.103798
18140,4805,-115.15126,36.10913
18141,4421,-115.22432,36.127754
18142,4421,-115.117836,36.028442
18143,4421,-115.17217,36.108135
18144,4421,-115.267365,36.270584
18145,6644,-115.15323,36.042797
18146,4421,-115.27785,36.135544
18147,4421,-115.19189,36.126472
18148,4421,-115.04282,36.067123
18149,4421,-115.296776,36.09508
18150,4421,-115.27994,36.127228
18151,6644,-115.139786,36.114964
18152,4421,-115.22422,36.12766
18153,4421,-115.280426,36.056282
18154,4421,-115.20643,36.124985
18155,4421,-115.17637,36.06801
18156,4421,-115.15349,36.11522
18157,4421,-115.25912,36.219067
18158,4421,-115.16788,36.099346
18159,4806,-115.24818,36.195312
18160,6644,-115.209656,36.127045
18161,4421,-115.24359,36.152584
18162,4421,-115.09935,36.100647
18163,2499,-115.22422,36.12766
18164,4807,-115.15126,36.1089
18165,4421,-115.20279,36.158993
18166,4421,-115.20643,36.124985
18167,4808,-115.218285,36.126507
18168,4421,-115.26186,36.11331
18169,4809,-115.29634,36.07794
18170,4421,-115.17647,36.14513
18171,2499,-115.16818,36.117462
18172,4810,-115.13648,36.01165
18173,4811,-115.20847,36.033684
18174,4421,-115.241516,36.064106
18175,4812,-115.22412,36.127884
18176,4813,-115.21327,36.12656
18177,6644,-115.16962,36.121437
18178,6644,-115.24882,36.195763
18179,4421,-115.174194,36.011425
18180,4421,-115.22555,36.101685
18181,4421,-115.13441,36.166664
18182,4421,-115.25231,36.063236
18183,4421,-115.254234,36.273678
18184,2499,-115.17459,36.112022
18185,2499,-115.155174,36.1447
18186,2499,-115.1873,36.11812
18187,2499,-115.15152,36.10749
18188,4421,-115.194405,36.1442
18189,4814,-115.188644,36.126087
18190,4421,-115.22555,36.101685
18191,4421,-115.29448,36.11463
18192,4421,-115.28206,36.302727
18193,4421,-115.21984,36.12607
18194,2499,-80.76364,35.29284
18195,4421,-115.21351,36.12623
18196,4815,-115.22343,36.115295
18197,4421,-115.28931,36.164562
18198,4421,-115.17618,36.115856
18199,2499,-115.19831,36.12634
18200,4421,-115.30797,36.11343
18201,4421,-115.224075,36.12743
18202,4421,-115.146866,36.14323
18203,6644,-115.14259,36.142487
18204,4421,-115.22431,36.049065
18205,4421,-115.30081,36.14653
18206,4421,-115.1396,36.169117
18207,4421,-115.183846,36.0417
18208,4421,-115.135,36.1155
18209,4421,-115.182556,36.261932
18210,4421,-115.29939,36.145184
18211,2499,-115.17011,36.12751
18212,4421,-115.1457,36.144318
18213,4816,-115.20142,36.12633
18214,4421,-115.173904,36.110092
18215,4421,-115.209915,36.126427
18216,4817,-115.24374,36.047146
18217,6644,-115.16901,35.965446
18218,4421,-115.20714,36.034924
18219,4421,-115.185875,36.126682
18220,4421,-115.24219,36.054207
18221,4421,-115.24371,36.05824
18222,4818,-115.25085,36.062187
18223,4421,-115.198975,36.130802
18224,4819,-115.209236,36.10027
18225,4820,-115.240944,36.126812
18226,4421,-115.29815,36.10169
18227,4421,-115.13576,36.118237
18228,4421,-115.25219,36.195995
18229,4421,-115.32144,36.160416
18230,4421,-115.2435,36.072044
18231,4421,-115.27553,36.129856
18232,4421,-115.28703,36.166676
18233,4421,-115.116776,36.020107
18234,4421,-111.68464,33.395008
18235,4421,-115.20959,36.12621
18236,4421,-115.22522,36.127533
18237,4421,-115.20964,36.12702
18238,4421,-115.17258,36.117775
18239,4421,-115.136406,36.106606
18240,4421,-115.27989,36.124878
18241,4421,-115.11952,36.01592
18242,4421,-115.25025,36.158573
18243,4421,-115.27839,36.058018
18244,4421,-115.200645,36.115417
18245,4421,-115.11869,36.01635
18246,4421,-115.24269,36.04463
18247,4821,-115.284256,36.13842
18248,4421,-115.2053,36.12517
18249,4421,-115.23124,36.237267
18250,4421,-115.297585,36.09778
18251,4421,-115.244156,36.047306
18252,4421,-115.20685,36.11581
18253,4421,-115.19203,36.126144
18254,4421,-115.332,36.151814
18255,4421,-115.209656,36.127045
18256,4421,-115.139854,36.145847
18257,4421,-115.24364,36.10032
18258,4421,-115.28257,36.198036
18259,4421,-115.25093,36.055206
18260,4421,-115.100845,35.993855
18261,4822,-115.225296,36.126614
18262,4421,-115.03997,36.040295
18263,4421,-115.15126,36.1089
18264,4421,-115.176735,36.136032
18265,4421,-115.23027,36.159695
18266,4823,-115.250565,36.14357
18267,4421,-115.259735,36.19451
18268,4421,-115.138504,36.117256
18269,2499,-115.16876,36.12438
18270,4421,-115.19242,36.12601
18271,4421,-115.14085,36.170055
18272,2499,-115.17086,36.10993
18273,4824,-115.19233,36.12587
18274,4421,-115.17869,36.06815
18275,4825,-115.26148,36.113655
18276,4421,-115.20764,36.10508
18277,2499,-115.24079,36.19914
18278,4421,-115.206406,35.998116
18279,4421,-115.17647,36.14513
18280,4826,-115.201775,36.126526
18281,4421,-115.155594,36.11496
18282,4421,-115.14252,36.142284
18283,2499,-115.262115,36.196945
18284,4421,-115.21327,36.12656
18285,4827,-115.332,36.151814
18286,4421,-115.17484,36.102894
18287,4421,-115.22625,36.086525
18288,4828,-115.19287,36.126762
18289,4421,-115.19993,36.11499
18290,4421,-115.32508,36.124886
18291,4421,-115.15585,36.259933
18292,4421,-115.289375,36.163605
18293,4829,-115.10386,35.998825
18294,4421,-115.04155,36.063816
18295,4830,-115.17462,36.067844
18296,4831,-115.17795,36.069214
18297,4421,-114.98343,36.031956
18298,4421,-115.134346,36.10037
18299,4421,-115.127,36.100117
18300,4832,-115.19845,36.158646
18301,4833,-115.2439,36.160797
18302,4421,-115.22581,36.055252
18303,4421,-115.15427,36.1187
18304,4421,-115.2757,36.14452
18305,4421,-115.20379,36.156246
18306,6644,-115.167,36.12617
18307,4421,-115.27777,36.130028
18308,2499,-115.17462,36.142902
18309,4421,-115.157875,36.142757
18310,4421,-115.27777,36.130028
18311,4421,-115.13609,36.116165
18312,4421,-115.13962,36.170086
18313,4421,-115.15254,36.151268
18314,4421,-115.332954,36.163654
18315,4421,-115.2256,36.14364
18316,4421,-115.17815,36.06713
18317,4834,-115.257416,36.142918
18318,4835,-112.151276,33.48189
18319,4421,-115.2068,35.99513
18320,4421,-115.20422,36.126564
18321,4421,-115.17144,36.05287
18322,2499,-115.20636,36.149452
18323,2499,-115.17283,36.132774
18324,4421,-115.14451,36.17035
18325,4421,-115.19791,36.125908
18326,4836,-115.25093,36.055206
18327,4837,-115.14551,36.12177
18328,4421,-115.27777,36.130028
18329,2499,-115.10165,35.995304
18330,4421,-115.17481,36.10987
18331,4838,-115.245514,36.1714
18332,4421,-115.2983,36.147083
18333,4421,-115.20974,36.114937
18334,4421,-115.17669,36.117455
18335,4839,-115.24367,36.084496
18336,4840,-115.29998,36.147152
18337,4841,-115.118256,36.054462
18338,4421,-115.24371,36.05824
18339,4842,-115.33322,36.161266
18340,4649,-115.19283,36.144253
18341,4843,-115.13894,36.16672
18342,4421,-115.24562,36.1436
18343,4421,-115.25093,36.055206
18344,4421,-115.20207,36.090256
18345,4421,-115.26182,36.11304
18346,2499,-115.17516,36.091866
18347,4844,-115.25988,36.203743
18348,4421,-115.04282,36.067123
18349,4845,-115.29794,36.106503
18350,4846,-115.08397,36.006344
18351,4421,-115.2431,36.124302
18352,4848,-115.16801,35.965363
18353,4849,-115.168846,36.122505
18354,4421,-115.14277,36.16997
18355,4421,-115.093315,36.005344
18356,4421,-115.173874,36.109753
18357,4421,-115.15662,36.14225
18358,4421,-115.27994,36.122913
18359,4421,-115.174416,36.1097
18360,4421,-115.28613,36.15764
18361,4421,-115.20651,35.999195
18362,4421,-115.27994,36.127228
18363,2499,-115.04091,36.06197
18364,4421,-115.13615,36.013145
18365,4421,-115.20899,36.09942
18366,4850,-115.22581,36.055252
18367,4421,-115.279465,36.21045
18368,4421,-115.14294,36.16929
18369,4421,-115.116776,36.020107
18370,4851,-115.25736,36.19518
18371,6644,-115.15387,36.110085
18372,4421,-115.138504,36.117256
18373,4852,-115.17496,36.121323
18374,4421,-115.28703,36.166676
18375,4853,-115.1873,36.11812
18376,4421,-115.24157,36.144634
18377,4421,-115.20705,36.096886
18378,4854,-115.22482,36.14874
18379,4421,-115.18908,36.07802
18380,4421,-115.18908,36.07802
18381,2499,-115.17234,36.110107
18382,2499,-115.20942,36.12682
18383,4421,-115.1912,36.039337
18384,4421,-115.20523,36.1256
18385,4421,-115.20635,35.995155
18386,6644,-115.17613,36.107327
18387,4421,-115.1445,36.16321
18388,4421,-115.20523,36.1256
18389,4421,-115.152016,36.163563
18390,4421,-115.33544,36.16104
18391,6644,-115.174614,36.130066
18392,4855,-115.155556,36.14742
18393,4421,-115.174644,36.109913
18394,2499,-115.075806,36.1242
18395,4421,-115.20741,36.123623
18396,4421,-115.15689,36.113342
18397,4421,-115.306274,36.115807
18398,4421,-115.152016,36.163563
18399,4421,-115.20899,36.09942
18400,6644,-115.13278,36.11422
18401,4421,-115.07877,36.24086
18402,4421,-115.09037,36.02096
18403,4421,-115.33317,36.15002
18404,4421,-115.27856,36.058853
18405,4421,-115.22406,36.12772
18406,4856,-115.22625,36.086525
18407,6553,-115.20888,36.09506
18408,4421,-115.1726,36.101814
18409,4421,-115.18949,36.10455
18410,4421,-115.18211,36.144463
18411,4421,-115.15123,36.162724
18412,4421,-115.175385,36.093647
18413,4857,-115.1912,36.126503
18414,4421,-115.273964,36.1448
18415,4421,-115.117096,36.016495
18416,4421,-115.332,36.151814
18417,2499,-115.21149,36.126072
18418,2499,-115.278175,36.041817
18419,6644,-111.92656,33.485966
18420,2499,-115.27923,36.05208
18421,2499,-115.174515,36.121548
18422,4421,-115.17306,36.091965
18423,4421,-115.19861,36.0394
18424,6644,-115.17199,36.12483
18425,2499,-115.27897,36.1599
18426,6644,-115.17086,36.10993
18427,4421,-115.17279,36.11766
18428,4858,-115.159805,36.113083
18429,2499,-115.17669,36.117455
18430,4421,-115.24362,36.049652
18431,4421,-115.24359,36.045593
18432,6644,-111.87599,33.41335
18433,6644,-115.17124,36.11788
18434,2499,-115.17033,36.12362
18435,4421,-115.209816,36.14866
18436,4859,-115.15126,36.1089
18437,4421,-115.14064,36.167877
18438,6644,-115.20974,36.114937
18439,4421,-115.26186,36.11331
18440,2499,-115.17618,36.115856
18441,2499,-115.24996,36.12515
18442,4421,-115.173515,36.103
18443,4421,-115.19822,36.12595
18444,4421,-115.144745,36.17295
18445,4421,-115.11703,36.02034
18446,4421,-115.24721,36.04437
18447,4421,-115.17389,36.109882
18448,4421,-115.13513,36.142536
18449,6644,-115.17196,36.120907
18450,4421,-115.242485,36.146217
18451,4860,-115.31454,36.10593
18452,4421,-115.29646,36.101376
18453,6644,-115.11735,36.10072
18454,4421,-115.01837,36.04717
18455,4421,-115.19482,36.114483
18456,4421,-115.302826,36.14494
18457,4861,-115.22227,36.099506
18458,4421,-115.14252,36.142284
18459,2499,-115.112,36.10026
18460,2499,-111.856606,33.39399
18461,4421,-115.19861,36.0394
18462,4421,-115.17158,36.05367
18463,4421,-115.19094,36.126175
18464,4421,-115.04282,36.067123
18465,4421,-115.14442,36.10476
18466,4421,-115.20935,36.14297
18467,4421,-115.16908,36.123558
18468,4421,-115.20764,36.10508
18469,4421,-115.24536,36.16115
18470,4421,-115.26279,36.157238
18471,4862,-115.33295,36.146164
18472,4421,-115.14564,36.172935
18473,4863,-115.29822,36.09571
18474,4864,-115.30644,36.114285
18475,4865,-115.2008,36.114964
18476,4421,-115.19242,36.12601
18477,4866,-115.165794,36.15853
18478,4421,-115.27463,36.21889
18479,4421,-115.06592,36.240154
18480,2499,-115.17435,36.113964
18481,4421,-115.11698,36.009254
18482,4421,-115.27986,36.05459
18483,4421,-115.10188,36.10076
18484,4867,-115.177666,36.107014
18485,4868,-115.29794,36.106503
18486,4869,-115.21482,36.1262
18487,4870,-115.24363,36.123173
18488,4871,-115.26918,36.273994
18489,4421,-115.13567,36.176983
18490,4421,-115.260765,36.266853
18491,4872,-115.25175,36.21913
18492,2499,-115.20347,36.27606
18493,4873,-115.14056,36.16785
18494,4421,-115.29653,36.102016
18495,4421,-115.30121,36.099983
18496,4421,-115.27977,36.298897
18497,4421,-115.33513,36.15711
18498,4421,-115.27553,36.129856
18499,2499,-115.24239,36.0542
18500,4874,-115.29868,36.06897
18501,4875,-115.18982,36.143955
18502,4421,-115.22625,36.086525
18503,4421,-115.298485,36.078434
18504,4876,-115.20567,36.16626
18505,4877,-115.292,36.156925
18506,4421,-115.17111,35.96575
18507,4421,-115.20849,36.129417
18508,4421,-115.17315,36.10988
18509,4421,-115.16935,35.965126
18510,4878,-115.19489,36.126404
18511,4421,-115.17425,36.102516
18512,4421,-115.20476,36.158623
18513,4879,-115.13714,36.11791
18514,4421,-115.132225,36.101387
18515,6644,-115.17345,36.10306
18516,4421,-115.2796,36.12396
18517,4421,-115.170975,36.114277
18518,4421,-115.20887,36.094456
18519,4421,-115.2085,36.143112
18520,4880,-115.071304,36.071278
18521,4421,-115.253624,36.14308
18522,4881,-115.19388,36.144024
18523,4421,-115.27994,36.122913
18524,4421,-115.249435,36.301983
18525,4421,-115.300606,36.145565
18526,4421,-115.207306,36.131718
18527,4882,-115.155174,36.1447
18528,4883,-115.119194,36.02536
18529,4421,-115.30752,36.08616
18530,4421,-115.155594,36.11496
18531,4421,-115.05262,36.100742
18532,4421,-115.05218,36.0197
18533,6644,-115.13838,36.11365
18534,4884,-115.1912,36.126503
18535,4885,-115.14741,36.114876
18536,4886,-115.101585,35.99378
18537,4421,-115.155174,36.1447
18538,4421,-115.142006,36.17183
18539,4887,-115.16242,36.131897
18540,4888,-115.25827,36.21899
18541,4421,-115.14252,36.142284
18542,4421,-115.31634,36.218384
18543,4421,-115.1404,36.16785
18544,2499,-115.172005,36.15967
18545,2499,-115.16744,36.127686
18546,4421,-115.244095,36.0458
18547,4421,-115.13639,36.175
18548,4421,-115.207664,36.13174
18549,4421,-115.02468,36.070908
18550,2499,-115.14568,36.125534
18551,4889,-115.26186,36.11331
18552,4890,-115.2811,36.114468
18553,4421,-115.243416,36.191948
18554,2499,-115.307526,36.086044
18555,4421,-115.20247,36.144047
18556,4421,-115.08336,36.022465
18557,4421,-115.24407,36.047813
18558,4421,-115.17688,36.111946
18559,2499,-115.291916,36.15935
18560,6644,-115.19831,36.12634
18561,4891,-115.16242,36.131897
18562,4421,-115.24322,36.18759
18563,4421,-115.2682,36.207485
18564,2499,-115.15125,36.136257
18565,2499,-115.164345,36.06004
18566,2499,-115.15112,36.086338
18567,4421,-115.132935,36.16576
18568,4421,-115.26186,36.11331
18569,4421,-115.332,36.151814
18570,4421,-115.1445,36.16321
18571,2499,-112.07379,33.435524
18572,4421,-115.17815,36.06713
18573,4421,-115.17143,36.135014
18574,4421,-115.243546,36.064587
18575,4421,-115.17663,36.145187
18576,4421,-115.207344,36.15485
18577,4421,-115.24169,36.064114
18578,2499,-115.17278,36.11766
18579,4421,-115.33308,36.14901
18580,4892,-115.209816,36.14866
18581,4893,-115.209816,36.14866
18582,4421,-115.038345,36.06321
18583,4894,-115.17283,36.132774
18584,4895,-115.23303,36.15962
18585,4421,-115.29135,36.07459
18586,4421,-115.20886,36.122192
18587,4421,-115.19151,36.136303
18588,4421,-115.28009,36.298874
18589,4421,-115.26133,36.28005
18590,6644,-115.25988,36.203743
18591,4421,-115.12047,36.026196
18592,4421,-115.30428,36.19106
18593,4896,-115.30549,36.190956
18594,4421,-115.2059,36.167915
18595,4897,-115.116585,36.18794
18596,4898,-115.254234,36.273678
18597,4421,-115.139854,36.145847
18598,4421,-115.02823,36.044483
18599,4421,-115.14007,36.167534
18600,4899,-115.32508,36.124886
18601,4421,-115.24374,36.047146
18602,4421,-115.14255,36.142525
18603,2499,-115.28109,36.114536
18604,4900,-115.17326,36.127693
18605,2499,-115.17179,36.12469
18606,6644,-115.179146,36.145535
18607,4421,-115.17196,36.120907
18608,4901,-112.23287,33.47082
18609,4421,-115.112,36.10026
18610,6644,-115.227455,36.10028
18611,4421,-115.30428,36.19106
18612,4421,-115.2435,36.08808
18613,6644,-115.13056,36.10134
18614,4902,-115.334236,36.145416
18615,4421,-115.20959,36.12621
18616,4421,-115.20482,36.144962
18617,4421,-115.17712,36.13198
18618,4421,-115.35168,36.159485
18619,4421,-115.11687,36.072422
18620,4421,-115.119385,36.026558
18621,4421,-115.13705,36.106594
18622,4421,-115.25988,36.203743
18623,4421,-115.195984,36.12538
18624,4421,-115.179146,36.145535
18625,4421,-115.33267,36.151546
18626,4421,-115.14055,36.169167
18627,4903,-115.179146,36.145535
18628,2499,-115.201775,36.126526
18629,4421,-115.18644,36.1187
18630,4421,-115.16841,36.12458
18631,4904,-115.14637,36.124424
18632,4421,-115.2435,36.08808
18633,4905,-115.17516,36.091866
18634,4421,-115.14479,36.170017
18635,4421,-115.1404,36.16785
18636,4906,-115.1726,36.118793
18637,6644,-115.17712,36.13198
18638,2499,-115.17625,36.092876
18639,6644,-115.28703,36.166676
18640,2499,-115.15112,36.086338
18641,6644,-115.16788,36.099346
18642,2499,-115.17503,36.143192
18643,2499,-115.17688,36.111946
18644,4907,-115.1702,36.12269
18645,2499,-115.16919,36.105984
18646,2499,-89.36432,43.083252
18647,4421,-115.334816,36.155132
18648,6644,-115.16907,36.124435
18649,4908,-115.16296,36.12714
18650,6644,-115.15248,36.11378
18651,2499,-115.18646,36.11876
18652,2499,-115.17503,36.143192
18653,6644,-115.145004,36.173058
18654,4909,-111.94741,33.3045
18655,6644,-115.1752,36.091843
18656,6644,-115.160965,36.09982
18657,2499,-115.170364,36.127617
18658,2499,-115.15448,36.11884
18659,2499,-115.16818,36.117462
18660,4421,-115.15706,36.163692
18661,2499,-115.16967,36.11949
18662,4910,-115.154015,36.12784
18663,6644,-115.17618,36.115856
18664,2499,-115.17364,36.121155
18665,4421,-115.17106,36.11242
18666,2499,-111.90558,33.432926
18667,4911,-115.16813,36.11106
18668,4421,-115.17264,36.11758
18669,2499,-115.17124,36.11788
18670,2499,-115.119644,36.082012
18671,6644,-115.17345,36.10306
18672,4421,-115.142006,36.17183
18673,6644,-115.17503,36.143192
18674,4912,-115.253624,36.14308
18675,2499,-115.163155,36.118034
18676,4421,-115.14513,36.17488
18677,2499,-115.17103,36.099377
18678,4913,-115.24126,36.055508
18679,6644,-115.209915,36.126427
18680,4914,-115.16348,36.113026
18681,4421,-115.177,36.11199
18682,4915,-115.28066,36.101215
18683,4916,-115.18817,36.110867
18684,4917,-115.175804,36.09531
18685,4421,-115.33338,36.145733
18686,4918,-115.15711,36.14422
18687,4421,-115.25687,36.26381
18688,4919,-115.17086,36.10993
18689,2499,-115.20955,36.12644
18690,2499,-115.19791,36.125908
18691,2499,-115.17028,36.12229
18692,6644,-115.14564,36.172935
18693,2499,-89.38087,43.07401
18694,2499,-73.572044,45.528114
18695,4421,-115.167755,36.123978
18696,4421,-115.1741,36.121082
18697,6644,-115.173706,36.107292
18698,2499,-115.1873,36.11812
18699,2499,-115.17234,36.110107
18700,4920,-115.17099,36.114353
18701,4421,-115.15323,36.042797
18702,2499,-115.176414,36.092564
18703,2499,-115.170906,36.103455
18704,2499,-115.16899,36.124603
18705,6644,-115.174355,36.109806
18706,4421,-115.265976,36.198853
18707,2499,-115.16296,36.12714
18708,6644,-115.17516,36.109875
18709,6644,-115.16935,35.965126
18710,2499,-115.2991,36.145622
18711,2499,-115.17167,36.11025
18712,6644,-115.19791,36.125908
18713,2499,-115.17299,36.128223
18714,6644,-115.17652,36.11303
18715,4921,-115.12269,36.057693
18716,4421,-115.241516,36.064106
18717,6644,-115.175125,36.11013
18718,6644,-115.2983,36.147083
18719,4421,-115.134964,36.013805
18720,2499,-115.11931,36.01597
18721,2499,-115.14289,36.143345
18722,4421,-115.17259,36.112953
18723,4421,-115.20145,36.114807
18724,4922,-115.27989,36.143597
18725,4923,-115.17688,36.091255
18726,6644,-115.17704,36.10762
18727,4421,-115.17625,36.092876
18728,6644,-115.135,36.1155
18729,2499,-115.04548,36.060318
18730,4421,-115.20888,36.09506
18731,4421,-115.17358,36.1601
18732,2499,-115.17028,36.12229
18733,6644,-115.17577,36.011356
18734,2499,-115.17618,36.115856
18735,4924,-115.242485,36.146217
18736,2499,-115.17229,36.115147
18737,6644,-115.17496,36.121323
18738,6644,-115.1529,36.13159
18739,2499,-115.173195,36.10871
18740,2499,-115.17625,36.092876
18741,6644,-115.180565,36.14486
18742,4421,-115.22045,36.099846
18743,6644,-115.17345,36.10306
18744,4421,-115.17669,36.117455
18745,6644,-115.17535,36.070137
18746,2499,-115.15155,36.151466
18747,4421,-115.22487,36.06982
18748,4421,-115.28091,36.143623
18749,2499,-115.281105,36.05382
18750,4421,-115.209656,36.127045
18751,2499,-73.5745,45.52199
18752,4421,-115.29459,36.115944
18753,2499,-115.17466,36.02949
18754,6644,-115.33343,36.155937
18755,6644,-115.17156,36.11732
18756,4421,-115.19791,36.125908
18757,6644,-115.16592,36.127502
18758,6644,-115.136215,36.103954
18759,4421,-114.992455,36.009563
18760,4421,-115.20413,36.0348
18761,4421,-115.14998,36.1055
18762,4925,-115.22308,36.125862
18763,4926,-115.17259,36.112953
18764,4421,-115.311,36.113472
18765,2499,-115.17593,36.068153
18766,4927,-115.19791,36.125908
18767,4421,-115.344696,36.169044
18768,6644,-115.17556,36.098907
18769,837,-111.92909,33.58254
18770,4928,-115.1763,36.11227
18771,4421,-115.117096,36.016495
18772,6644,-115.27989,36.12319
18773,4421,-115.08588,36.02942
18774,4929,-115.20658,36.17168
18775,6644,-115.224075,36.12743
18776,6644,-115.17295,36.10156
18777,4421,-115.19791,36.125908
18778,6644,-115.17618,36.115856
18779,4421,-115.189606,36.125645
18780,6644,-115.175125,36.11013
18781,2499,-115.24177,36.111794
18782,4930,-115.15448,36.11884
18783,4421,-115.153595,36.011986
18784,4931,-115.227455,36.10028
18785,4421,-115.16636,36.158684
18786,4421,-115.278175,36.041817
18787,4421,-111.69477,33.416233
18788,2499,-115.19203,36.126144
18789,2499,-115.16961,36.121452
18790,4421,-115.157875,36.142757
18791,4932,-115.17462,36.142902
18792,2499,-115.172554,36.111877
18793,2499,-115.20955,36.12644
18794,4421,-115.200645,36.115417
18795,2499,-115.17505,36.098984
18796,4421,-115.24818,36.195312
18797,6644,-115.209656,36.127045
18798,4421,-115.11703,36.02034
18799,4421,-115.28471,36.186348
18800,2499,-115.15109,36.084923
18801,6644,-115.20964,36.12702
18802,4933,-115.1401,36.169327
18803,4421,-115.11942,36.028084
18804,4934,-115.213745,36.145252
18805,4421,-115.2418,36.078686
18806,2499,-115.17541,36.093304
18807,6644,-115.145645,36.124844
18808,6644,-115.21391,36.12671
18809,4935,-115.201775,36.126526
18810,4421,-115.21124,36.125538
18811,4421,-115.22663,36.143787
18812,6644,-115.174355,36.109806
18813,4421,-115.02564,36.050434
18814,2499,-115.204056,36.12628
18815,4421,-115.2111,36.15877
18816,4936,-115.07974,36.072388
18817,4421,-115.11993,36.112522
18818,4937,-115.11771,36.017265
18819,4421,-115.28994,36.16387
18820,4421,-115.13576,36.035084
18821,4421,-115.308624,36.11392
18822,6644,-115.14289,36.143345
18823,4421,-115.188644,36.126087
18824,6644,-115.17516,36.109875
18825,2499,-115.15421,36.118145
18826,2499,-115.21883,36.125946
18827,2499,-115.17262,36.12956
18828,2499,-115.225006,36.126816
18829,2499,-115.17306,36.091965
18830,4421,-115.17473,36.098732
18831,4421,-115.24288,36.072594
18832,4421,-115.20207,36.090256
18833,4421,-115.152214,36.238003
18834,4421,-115.242935,36.044125
18835,2499,-115.16929,36.122322
18836,4421,-115.20959,36.12621
18837,4421,-115.27989,36.124878
18838,2499,-115.17262,36.12956
18839,6644,-115.172455,36.12073
18840,2499,-115.16923,36.121773
18841,4938,-115.20567,36.16626
18842,2499,-115.209656,36.127045
18843,6644,-115.1546,36.11997
18844,4421,-115.21156,36.125397
18845,2499,-115.20888,36.09506
18846,2499,-115.19791,36.125908
18847,2499,-115.153496,36.109165
18848,6644,-115.19791,36.125908
18849,2499,-115.169266,36.102703
18850,2499,-115.18646,36.11876
18851,4939,-115.155235,36.144604
18852,2499,-115.173874,36.109753
18853,4421,-115.22581,36.055252
18854,4421,-115.22349,36.125526
18855,6644,-115.17462,36.067844
18856,4421,-115.13931,36.167286
18857,4421,-115.22522,36.114616
18858,2499,-115.17618,36.115856
18859,6644,-115.17299,36.128223
18860,4421,-115.241516,36.064106
18861,4940,-115.25154,36.159424
18862,4941,-115.2112,36.125587
18863,4421,-115.22353,36.11528
18864,4421,-115.0969,36.005417
18865,4421,-115.22625,36.086525
18866,6644,-115.19791,36.125908
18867,4421,-115.17105,36.12595
18868,4421,-115.117165,36.016342
18869,6644,-115.209656,36.127045
18870,4421,-115.334236,36.145416
18871,4942,-115.207664,36.13174
18872,6644,-115.21002,36.126923
18873,4421,-115.13441,36.166664
18874,4421,-115.13576,36.035084
18875,4421,-115.29939,36.145184
18876,4421,-115.278175,36.041817
18877,2499,-115.16591,36.127495
18878,4421,-115.2075,36.1462
18879,2499,-115.17259,36.112953
18880,4421,-115.29939,36.145184
18881,5580,-115.25988,36.203743
18882,4421,-115.2431,36.124302
18883,4421,-115.17767,36.10741
18884,4421,-115.31443,36.101513
18885,4421,-115.242935,36.044125
18886,4421,-115.11942,36.028084
18887,6644,-115.141884,36.16918
18888,6644,-115.17618,36.115856
18889,2499,-115.207664,36.13174
18890,4421,-115.29442,36.116028
18891,4421,-115.22587,36.055244
18892,4421,-115.33553,36.14631
18893,2499,-115.04675,36.043884
18894,6644,-111.997826,33.43523
18895,6644,-115.167,36.12617
18896,2499,-115.17075,36.101788
18897,4943,-115.08253,36.02307
18898,4421,-115.25093,36.055206
18899,4944,-115.167725,36.103397
18900,837,-115.224075,36.12743
18901,4421,-115.24131,36.115414
18902,4421,-115.12652,36.15846
18903,6644,-115.15261,36.151554
18904,2499,-115.19791,36.125908
18905,2499,-115.17306,36.091965
18906,4421,-115.13441,36.166664
18907,4421,-115.04282,36.067123
18908,4421,-115.141884,36.16918
18909,4945,-115.1726,36.118793
18910,4421,-115.27917,36.124897
18911,4421,-115.17203,36.11494
18912,6644,-115.209656,36.127045
18913,4421,-115.20685,36.11581
18914,4421,-115.17101,36.12469
18915,4421,-115.13014,36.07145
18916,4421,-115.15126,36.1089
18917,4421,-115.29402,36.093773
18918,4421,-115.19791,36.125908
18919,4946,-115.19791,36.125908
18920,6644,-115.24362,36.202663
18921,2499,-115.203316,36.125885
18922,4947,-115.17282,36.161526
18923,4421,-115.29862,36.077145
18924,2499,-115.18357,36.133995
18925,4421,-115.118515,36.019787
18926,4421,-115.137085,36.106686
18927,4421,-115.333855,36.155964
18928,4421,-115.30234,36.100346
18929,4421,-115.09787,35.979855
18930,6644,-115.1714,36.1207
18931,2499,-115.19575,36.126385
18932,2499,-115.14289,36.143345
18933,4421,-115.241455,36.12706
18934,4948,-115.22422,36.12766
18935,2499,-115.174355,36.092293
18936,4421,-115.14064,36.167877
18937,4949,-115.20929,36.117195
18938,2499,-115.17332,36.11567
18939,4421,-115.19697,36.12543
18940,4950,-115.241974,36.17968
18941,4421,-115.146904,36.171864
18942,2499,-112.07445,33.449436
18943,4951,-115.12637,35.997757
18944,6644,-115.17603,36.11833
18945,4952,-115.17141,36.034245
18946,4421,-115.271,36.019787
18947,4421,-115.24362,36.202663
18948,4421,-115.11952,36.0125
18949,7161,-112.073105,33.449383
18950,2499,-79.98048,40.453846
18951,2499,-115.195984,36.12538
18952,6644,-115.15689,36.113342
18953,2499,-115.314476,36.12843
18954,6644,-115.11135,36.100388
18955,2499,-115.17028,36.12229
18956,2499,-115.21921,36.126545
18957,2499,-115.17033,36.12362
18958,2499,-115.13609,36.01191
18959,6644,-115.1613,36.138298
18960,2499,-115.19648,36.125454
18961,7486,-115.17341,36.118275
18962,6644,-115.173874,36.109753
18963,2499,-115.172295,36.127068
18964,2499,-115.17086,36.10993
18965,4421,-115.25605,36.143414
18966,4421,-115.17259,36.112953
18967,4953,-115.19826,36.11444
18968,4421,-115.306274,36.115807
18969,2499,-115.20764,36.10508
18970,2499,-115.185196,36.12566
18971,2499,-111.88593,33.454037
18972,6644,-115.24239,36.0542
18973,2499,-115.17028,36.12229
18974,4421,-115.11477,36.239555
18975,4421,-115.17143,36.135014
18976,4421,-115.1195,36.015434
18977,2499,-115.19559,36.114346
18978,4954,-115.197075,36.12586
18979,4955,-115.28992,36.160503
18980,4421,-115.28685,36.289684
18981,4421,-115.17282,36.161526
18982,4956,-115.18095,36.292473
18983,6644,-115.28921,36.164627
18984,4421,-115.063515,36.165894
18985,6644,-115.08231,36.069843
18986,4421,-115.107475,36.00292
18987,4421,-115.14513,36.17488
18988,4957,-115.11047,36.0034
18989,4421,-115.112,36.10026
18990,4421,-115.20899,36.09942
18991,4421,-115.254234,36.273678
18992,4958,-115.261406,36.15655
18993,2499,-115.15448,36.11884
18994,4959,-115.28703,36.166676
18995,2499,-115.13637,36.145214
18996,4421,-115.27785,36.135544
18997,4960,-115.17223,36.105675
18998,4421,-115.22345,36.125664
18999,4421,-115.05508,36.01792
19000,4961,-115.146904,36.171864
19001,4421,-115.29743,36.089565
19002,2499,-115.16296,36.12714
19003,2499,-115.17781,36.093067
19004,4421,-115.30406,36.193325
19005,2499,-115.14277,36.16997
19006,2499,-115.166954,36.106236
19007,4421,-115.24232,36.0562
19008,4421,-115.136406,36.106606
19009,4962,-115.22562,36.12503
19010,4421,-115.176735,36.136032
19011,4963,-115.270966,36.019173
19012,4421,-115.25033,36.21986
19013,4421,-115.19726,36.17253
19014,4421,-115.10472,36.14335
19015,4964,-115.20762,36.125244
19016,6644,-115.187065,36.03707
19017,4421,-115.17128,36.11289
19018,4965,-115.19791,36.125908
19019,4421,-115.04282,36.067123
19020,4421,-115.05262,36.100742
19021,4421,-115.20635,35.995155
19022,4966,-115.03914,36.064686
19023,4967,-115.19791,36.125908
19024,4421,-115.28992,36.160503
19025,4421,-115.19791,36.125908
19026,4421,-115.05022,36.02248
19027,4421,-115.23788,36.11488
19028,4421,-112.135994,33.56674
19029,4421,-115.28533,36.15953
19030,4421,-115.30617,36.113316
19031,4968,-115.13838,36.11365
19032,4421,-115.25093,36.055206
19033,6644,-115.14224,36.170544
19034,2499,-115.13639,36.173893
19035,4421,-115.16587,36.126877
19036,2499,-115.16586,36.14785
19037,4421,-115.08955,36.02054
19038,4969,-115.16586,36.14785
19039,2499,-115.17692,36.106705
19040,4970,-115.171555,36.127224
19041,4421,-115.14255,36.142525
19042,6644,-115.14479,36.170017
19043,4421,-115.2983,36.147083
19044,2499,-115.1702,36.12269
19045,2499,-115.23581,36.24242
19046,2499,-115.15323,36.042797
19047,4421,-115.17143,36.135014
19048,4421,-115.20198,36.10272
19049,6644,-111.95149,33.42273
19050,4971,-115.110344,36.002796
19051,4972,-115.155754,36.14755
19052,6644,-115.17367,36.107143
19053,4973,-115.17272,36.135555
19054,4421,-115.19622,36.205273
19055,2499,-115.15531,36.11022
19056,4421,-115.24237,36.152786
19057,4421,-115.30234,36.100346
19058,2499,-115.167725,36.103397
19059,4421,-115.242714,36.036674
19060,4421,-115.243904,36.090073
19061,837,-115.15271,36.108807
19062,4421,-79.99823,40.44394
19063,4421,-115.101204,35.99359
19064,4975,-115.243004,36.098354
19065,4421,-115.178215,36.068935
19066,4421,-115.22349,36.125526
19067,4421,-115.137764,36.10344
19068,4976,-115.14064,36.167877
19069,4421,-115.18949,36.10455
19070,2499,-115.17382,36.107162
19071,4977,-115.173706,36.104473
19072,4978,-115.142006,36.17183
19073,4421,-115.13838,36.11365
19074,4421,-115.197014,36.12641
19075,4421,-115.17875,36.284214
19076,4421,-115.13417,36.071465
19077,4979,-115.17127,36.11288
19078,4421,-115.23672,36.158604
19079,2499,-80.853,35.19803
19080,4980,-115.136406,36.106606
19081,4421,-115.243904,36.12834
19082,4421,-115.351524,36.159336
19083,4981,-115.17457,36.11622
19084,4982,-115.11167,36.100384
19085,4421,-115.17911,36.285877
19086,4421,-115.29765,36.09471
19087,4983,-112.04791,33.47893
19088,4421,-115.16114,36.144093
19089,4421,-115.207245,36.124905
19090,4421,-115.16114,36.144093
19091,4984,-115.14294,36.16929
19092,4421,-115.11383,36.240646
19093,4421,-115.25093,36.055206
19094,4421,-115.271904,36.2331
19095,4985,-115.13278,36.11422
19096,4421,-115.209274,36.24819
19097,4986,-115.26541,36.26369
19098,4421,-115.18995,36.12553
19099,4421,-115.15259,36.108295
19100,4987,-115.209915,36.126427
19101,4988,-115.11951,36.113743
19102,4989,-115.17712,36.13198
19103,4421,-115.1445,36.16321
19104,4990,-115.11754,36.01826
19105,4421,-115.16114,36.144093
19106,4421,-115.302826,36.14494
19107,4991,-115.1741,36.12124
19108,4992,-115.1149,36.142403
19109,4421,-115.28412,36.138985
19110,4421,-115.33192,36.159554
19111,6644,-115.20247,36.144047
19112,6644,-115.08266,36.15512
19113,2499,-115.33192,36.159554
19114,6644,-115.11634,36.24045
19115,2499,-115.141884,36.16918
19116,4993,-73.5747,45.525303
19117,4421,-115.08335,36.071888
19118,4421,-115.1748,36.116924
19119,4994,-115.16961,36.121452
19120,6644,-115.17516,36.109875
19121,4421,-115.20689,36.072517
19122,6644,-112.07285,33.449226
19123,4421,-115.2691,36.056004
19124,6644,-79.98314,40.429054
19125,4421,-115.18411,36.261887
19126,4995,-115.33145,36.160034
19127,4996,-115.31597,36.158623
19128,4421,-115.14085,36.170055
19129,2499,-115.17167,36.11025
19130,6644,-115.11793,36.018227
19131,4421,-115.138756,36.11665
19132,6644,-115.17012,36.122276
19133,6644,-115.171524,36.05969
19134,6644,-115.244095,36.0458
19135,2499,-115.17386,36.102005
19136,4421,-115.17123,36.15944
19137,6644,-115.16938,36.10251
19138,6644,-115.13894,36.16672
19139,4997,-115.12652,36.15846
19140,4998,-80.85876,35.211227
19141,4999,-115.28715,36.27809
19142,6644,-115.14289,36.143345
19143,6644,-115.1752,36.091843
19144,5000,-115.176315,36.109913
19145,2499,-115.15822,36.161972
19146,4421,-115.144745,36.17295
19147,2499,-115.20942,36.12682
19148,2499,-114.98724,36.036552
19149,4397,-115.2098,36.146904
19150,2499,-115.17712,36.13198
19151,6644,-115.17425,36.102516
19152,4421,-115.19046,36.12615
19153,2499,-115.15979,36.11516
19154,5001,-115.194405,36.1442
19155,4421,-115.14124,36.172813
19156,5002,-115.12529,36.10026
19157,4421,-115.21148,36.227207
19158,4421,-115.14055,36.169167
19159,4421,-115.02418,36.063175
19160,4421,-115.12658,36.100414
19161,4421,-115.1283,36.0573
19162,4421,-115.14064,36.167877
19163,5003,-115.11932,36.011078
19164,6644,-115.141884,36.16918
19165,5004,-115.15304,36.150703
19166,5005,-115.157875,36.142757
19167,6644,-115.138504,36.117256
19168,6644,-115.08686,36.02104
19169,4421,-115.17087,36.10242
19170,5006,-115.244026,36.045532
19171,2499,-115.17264,36.11758
19172,4421,-115.17123,36.15944
19173,5007,-115.13506,36.010784
19174,2499,-115.15427,36.1187
19175,5008,-115.233086,36.159576
19176,5009,-115.15602,36.145348
19177,4421,-115.26218,36.19653
19178,5010,-115.250565,36.14357
19179,2499,-115.17359,36.10352
19180,4421,-115.19763,36.12593
19181,2499,-115.179184,36.275158
19182,4421,-115.27611,36.142998
19183,837,-115.24675,36.144825
19184,5011,-111.97678,33.675884
19185,5012,-115.197075,36.12586
19186,4421,-115.13713,36.01069
19187,5013,-115.121086,36.02073
19188,4421,-115.13463,36.161926
19189,5014,-111.9787,33.59762
19190,4421,-115.17484,36.068127
19191,2499,-112.04086,33.431583
19192,2499,-115.3317,36.16127
19193,2499,-115.15716,36.114746
19194,4421,-115.17632,36.113846
19195,2499,-115.17113,36.12856
19196,2499,-115.15112,36.086338
19197,2499,-115.17652,36.11301
19198,2499,-115.333855,36.155964
19199,4421,-115.120575,36.010967
19200,2499,-115.17575,36.108307
19201,2499,-115.174225,36.106884
19202,2499,-115.16961,36.121452
19203,2499,-115.17413,36.121143
19204,2499,-115.144745,36.17295
19205,5015,-115.2983,36.11527
19206,2499,-80.90446,35.234165
19207,4421,-114.96625,36.024345
19208,2499,-115.16174,36.149128
19209,4421,-115.16174,36.149128
19210,6644,-115.170975,36.114277
19211,5016,-115.30406,36.193325
19212,6644,-115.17264,36.11758
19213,4421,-115.16841,36.12458
19214,5017,-115.26048,36.17591
19215,4421,-115.33354,36.148144
19216,4421,-115.156845,36.16383
19217,4421,-115.175026,36.090862
19218,4421,-115.17283,36.132774
19219,4421,-115.13609,36.116165
19220,4421,-115.306496,36.192513
19221,4421,-115.13962,36.170086
19222,4421,-115.207794,36.276955
19223,4421,-115.27432,36.144367
19224,4421,-115.24246,36.09864
19225,4421,-115.17234,36.055244
19226,4421,-115.22456,36.128075
19227,2499,-115.17019,36.123405
19228,4421,-115.272705,36.144665
19229,4421,-115.29857,36.07719
19230,4421,-115.14624,36.171215
19231,2499,-115.16636,36.158684
19232,4421,-115.04282,36.067123
19233,6644,-115.173515,36.10301
19234,4421,-115.1398,36.16868
19235,4421,-115.278175,36.041817
19236,6644,-115.16938,36.12179
19237,2499,-115.17234,36.110107
19238,4421,-115.20513,36.27028
19239,5018,-115.08588,36.02942
19240,4421,-115.11894,36.196198
19241,5019,-115.08231,36.069843
19242,4421,-115.334816,36.155132
19243,4421,-115.186485,36.1187
19244,2499,-115.1725,36.110065
19245,6644,-115.17105,36.12595
19246,5020,-115.15126,36.10913
19247,6644,-115.11931,36.01597
19248,2499,-115.13954,36.085697
19249,2499,-115.13894,36.16672
19250,6644,-115.14998,36.1055
19251,4421,-115.204056,36.12628
19252,6644,-115.16788,36.099346
19253,6644,-73.596985,45.518787
19254,2499,-115.29939,36.145184
19255,2499,-115.16363,36.13698
19256,6644,-73.561226,45.560333
19257,2499,-115.15191,36.108463
19258,6644,-115.17516,36.109875
19259,4421,-115.09541,36.115875
19260,4421,-115.280426,36.056282
19261,4421,-115.19083,36.13164
19262,4421,-115.15126,36.1089
19263,2499,-115.26144,36.112984
19264,4421,-115.24193,36.143177
19265,4421,-115.16587,36.126877
19266,6644,-115.15539,36.11793
19267,4421,-115.24349,36.05007
19268,2499,-115.176926,36.115837
19269,6644,-115.20744,36.113472
19270,2499,-112.42678,33.448696
19271,5021,-115.143135,36.171062
19272,4421,-115.04165,36.05552
19273,4421,-115.19743,36.039803
19274,5022,-115.19575,36.126385
19275,4421,-115.17143,36.135014
19276,5023,-115.13452,36.165707
19277,4421,-115.17234,36.10353
19278,2499,-115.146904,36.171864
19279,4421,-115.15152,36.156292
19280,4421,-115.170364,36.127617
19281,4421,-115.20636,36.149452
19282,4421,-111.92796,33.490696
19283,4421,-115.30076,36.145542
19284,2499,-115.139786,36.169167
19285,2499,-115.14637,36.124424
19286,2499,-115.16255,36.147816
19287,2499,-115.15427,36.1187
19288,2499,-115.17139,36.135098
19289,5024,-115.17105,36.12595
19290,2499,-115.172195,36.119576
19291,2499,-115.16255,36.147816
19292,2499,-115.24279,36.151924
19293,6644,-115.14548,36.16939
19294,2499,-115.15475,36.12697
19295,2499,-115.14556,36.172424
19296,2499,-115.32429,36.12181
19297,2499,-115.173874,36.109753
19298,2499,-115.16255,36.147816
19299,4421,-115.17481,36.10987
19300,6644,-115.16255,36.147816
19301,2499,-115.17421,36.106213
19302,5025,-115.33321,36.152905
19303,6644,-115.16918,36.10844
19304,2499,-115.16961,36.121452
19305,5026,-115.17524,36.116566
19306,5027,-115.20247,36.144047
19307,2499,-115.17674,36.10449
19308,4421,-115.14451,36.17035
19309,2499,-115.16744,36.127686
19310,2499,-115.17179,36.1112
19311,2499,-115.203186,36.09046
19312,2499,-115.16255,36.147816
19313,2499,-115.142006,36.17183
19314,2499,-115.17849,36.10924
19315,4421,-115.17253,36.10185
19316,6644,-115.17575,36.108307
19317,5028,-115.17684,36.1206
19318,5029,-115.189125,36.145893
19319,4421,-115.25988,36.203743
19320,4421,-115.17155,36.05243
19321,5030,-115.173515,36.103
19322,4421,-115.17535,36.070137
19323,5031,-115.17278,36.11766
19324,4421,-115.14007,36.167534
19325,4421,-115.16255,36.147816
19326,4421,-115.14007,36.167534
19327,5032,-115.2682,36.207485
19328,4421,-115.1546,36.11997
19329,5033,-115.174416,36.127724
19330,4421,-115.18939,36.11789
19331,7064,-115.19336,36.15855
19332,4421,-115.1726,36.118793
19333,5034,-115.236664,36.144512
19334,4421,-115.30752,36.08616
19335,5035,-115.243996,36.1615
19336,5036,-115.173996,36.01219
19337,2499,-89.380646,43.072697
19338,5037,-115.272705,36.144665
19339,4421,-115.3158,36.29146
19340,5038,-115.28165,36.200096
19341,4421,-115.25826,36.195614
19342,2499,-115.17641,36.11316
19343,2499,-115.172554,36.111877
19344,5039,-115.17618,36.115856
19345,6644,-115.2435,36.08808
19346,5040,-115.08253,36.02307
19347,4421,-115.278175,36.041817
19348,4421,-115.26147,36.269814
19349,5041,-115.061554,36.112236
19350,2499,-115.332794,36.156055
19351,4421,-115.33338,36.145733
19352,4421,-115.22496,36.069824
19353,4421,-115.2858,36.158028
19354,4421,-115.197685,36.125946
19355,4421,-115.25827,36.21899
19356,4421,-115.22467,36.159973
19357,4421,-115.17025,36.1238
19358,4421,-115.30121,36.099983
19359,5043,-111.92255,33.63534
19360,4421,-115.21984,36.12607
19361,4421,-115.21124,36.125538
19362,4421,-115.207596,36.149788
19363,4421,-115.20279,36.158993
19364,5044,-115.3158,36.29146
19365,4421,-115.33325,36.150074
19366,4421,-115.28559,36.16719
19367,4421,-115.25912,36.219067
19368,4421,-115.17286,36.127224
19369,2499,-115.28973,36.1641
19370,4421,-115.33143,36.15486
19371,4421,-115.29995,36.08368
19372,4421,-115.17214,36.110973
19373,6644,-115.17113,36.12856
19374,6644,-115.17618,36.067936
19375,4421,-115.12464,35.996723
19376,5045,-115.23995,36.14467
19377,4421,-115.243546,36.04771
19378,6644,-115.15126,36.1089
19379,6644,-115.20169,36.103138
19380,6644,-115.177666,36.107014
19381,4421,-115.278175,36.041817
19382,4421,-115.20685,36.11581
19383,4421,-115.290825,36.1634
19384,4421,-115.22638,36.1432
19385,5046,-115.19388,36.144024
19386,2499,-115.17382,36.107162
19387,6644,-115.17462,36.142902
19388,4421,-115.1892,36.1472
19389,2499,-115.20142,36.12633
19390,5047,-115.20888,36.09506
19391,5048,-115.28567,36.28986
19392,6644,-115.14467,36.17062
19393,4421,-115.20517,35.99558
19394,6644,-115.17127,36.11288
19395,6644,-115.17345,36.10306
19396,4421,-115.14406,36.171234
19397,4421,-115.27785,36.135544
19398,4421,-115.234955,36.243893
19399,4421,-115.26148,36.113655
19400,6644,-115.16456,36.131496
19401,4421,-115.24407,36.047813
19402,4421,-115.08227,36.07001
19403,4421,-115.20942,36.142094
19404,6644,-115.206345,35.994972
19405,4421,-115.29321,36.084576
19406,5049,-115.28637,36.157627
19407,5050,-111.978836,33.67586
19408,4421,-115.19388,36.144024
19409,4421,-115.24316,36.076504
19410,4421,-115.29747,36.059624
19411,6644,-115.1696,36.121452
19412,4421,-115.22555,36.101685
19413,4421,-115.19228,36.144
19414,5051,-115.15036,36.01979
19415,2499,-115.16833,36.127647
19416,4421,-115.151,36.15851
19417,4421,-115.15203,36.14401
19418,5052,-115.19388,36.144024
19419,4421,-115.31403,36.218792
19420,5053,-115.1912,36.126503
19421,5054,-115.16269,36.144295
19422,4421,-115.157875,36.142757
19423,4421,-115.26148,36.113655
19424,6644,-115.17105,36.12595
19425,4421,-115.33338,36.145733
19426,5055,-115.21327,36.12656
19427,6644,-115.21246,36.101505
19428,4421,-115.22625,36.086525
19429,5056,-115.10378,36.085686
19430,5057,-115.333855,36.155964
19431,6644,-115.21733,36.223446
19432,5058,-115.20247,36.144047
19433,5059,-115.26955,36.1435
19434,5060,-115.20142,36.12633
19435,4421,-115.24127,36.084476
19436,5061,-115.11797,36.01842
19437,4421,-112.073425,33.447334
19438,4421,-115.24185,36.043034
19439,4421,-115.281075,36.15764
19440,4421,-115.23664,36.115025
19441,4421,-115.33276,36.15119
19442,5062,-115.17665,36.145218
19443,5063,-115.33513,36.15711
19444,4421,-115.278465,36.1428
19445,2499,-115.2048,36.03419
19446,2499,-115.22343,36.115295
19447,2499,-115.173874,36.10978
19448,4421,-115.102104,36.1792
19449,4421,-115.11048,36.002815
19450,4421,-115.19594,36.12541
19451,4421,-115.16588,36.126873
19452,5064,-115.13615,36.013145
19453,4421,-115.293,36.160576
19454,837,-115.17223,36.105675
19455,4421,-115.1892,36.1472
19456,4421,-115.1969,36.12608
19457,4421,-115.21984,36.12607
19458,4421,-115.117386,36.019474
19459,2499,-115.17462,36.142902
19460,4421,-115.137024,36.174553
19461,5065,-115.30081,36.14653
19462,4421,-115.28992,36.160503
19463,4421,-115.24205,36.11356
19464,6644,-111.976906,33.612934
19465,5066,-115.21728,36.143658
19466,2499,-115.17264,36.11758
19467,5067,-115.17659,36.091938
19468,4421,-115.241516,36.064106
19469,4421,-115.15126,36.1089
19470,4421,-115.19479,36.114464
19471,4421,-115.30186,36.145638
19472,4421,-115.278175,36.041817
19473,4421,-115.24378,36.087482
19474,4421,-115.210464,36.23675
19475,2499,-115.29442,36.116028
19476,5068,-115.22487,36.06982
19477,2499,-115.167755,36.123943
19478,5069,-115.139786,36.114964
19479,4421,-115.19594,36.12541
19480,5070,-115.17484,36.068127
19481,5071,-115.21883,36.125946
19482,2499,-115.17269,36.11025
19483,4421,-115.242905,36.152386
19484,4421,-115.19594,36.12541
19485,6644,-115.16555,36.11523
19486,2499,-115.17516,36.109875
19487,2499,-115.25988,36.203743
19488,2499,-115.17179,36.1112
19489,2499,-79.9645,40.42877
19490,2499,-73.57907,45.493977
19491,4421,-115.15622,36.167824
19492,6644,-115.163536,36.126423
19493,6644,-115.17361,36.109997
19494,4421,-115.11932,36.011078
19495,4421,-115.176315,36.109913
19496,2499,-115.186485,36.1187
19497,5072,-115.286194,36.166782
19498,6644,-115.17345,36.10306
19499,4421,-115.297585,36.09778
19500,5073,-115.29646,36.101376
19501,5074,-115.046684,36.025402
19502,5075,-115.30114,36.09934
19503,4421,-115.30186,36.145638
19504,4421,-115.30105,36.146008
19505,4421,-79.94961,40.427044
19506,6644,-115.15539,36.11793
19507,6644,-115.24127,36.084476
19508,2499,-115.17234,36.10353
19509,5076,-115.17089,36.11006
19510,6644,-115.15226,36.10708
19511,6644,-115.169655,36.12119
19512,4421,-115.152725,36.159145
19513,4421,-115.24365,36.05732
19514,2499,-115.15509,36.129982
19515,4421,-115.27973,36.119114
19516,4421,-115.27777,36.130028
19517,4421,-115.28129,36.055817
19518,4421,-115.17548,36.023438
19519,4421,-115.19,36.23888
19520,4421,-115.17712,36.13198
19521,2499,-115.17124,36.11788
19522,4421,-115.10235,35.992874
19523,2499,-115.11698,36.009254
19524,4421,-115.26182,36.11304
19525,4421,-115.284355,36.138515
19526,2499,-115.176,36.119038
19527,4421,-115.14963,36.16695
19528,4421,-115.176346,36.117317
19529,5077,-115.175896,36.097015
19530,4421,-115.21728,36.143658
19531,5078,-115.20959,36.12621
19532,4421,-115.24378,36.087482
19533,4421,-115.1563,36.142338
19534,2499,-115.17106,36.11242
19535,4421,-115.180565,36.14486
19536,4421,-115.243324,36.058723
19537,4421,-115.112,36.10026
19538,7837,-115.1543,36.014694
19539,4421,-115.285164,36.16857
19540,5079,-115.14289,36.143345
19541,4421,-115.086464,36.02119
19542,4421,-115.20635,35.995155
19543,4421,-115.20722,36.03344
19544,4421,-114.962135,36.013103
19545,6644,-115.171524,36.05969
19546,5080,-115.28963,36.16055
19547,5081,-115.2435,36.072044
19548,2499,-115.173874,36.109753
19549,2499,-115.13931,36.167286
19550,4421,-115.15383,36.157158
19551,4421,-115.05336,36.01981
19552,4421,-115.13759,36.14262
19553,5082,-115.17234,36.110107
19554,4421,-115.265976,36.168346
19555,4421,-115.10561,36.00054
19556,4421,-115.243546,36.04771
19557,5083,-115.3241,36.1221
19558,5084,-115.22625,36.086525
19559,4421,-115.16591,36.127686
19560,5085,-112.281944,33.493916
19561,2499,-115.17457,36.11622
19562,4,-115.20247,36.144047
19563,5086,-115.243515,36.072624
19564,4421,-115.24868,36.06216
19565,5087,-115.24508,36.159706
19566,4421,-115.31481,36.121902
19567,4421,-115.16849,35.96477
19568,4421,-115.20422,36.126564
19569,4421,-115.21327,36.12656
19570,5088,-115.25931,36.191574
19571,4421,-115.24816,36.195286
19572,5089,-115.19062,36.126125
19573,4421,-115.2418,36.078686
19574,5090,-115.17262,36.118378
19575,6644,-115.17105,36.12595
19576,4421,-111.98678,33.495716
19577,4421,-115.207085,36.159557
19578,5091,-115.17647,36.14513
19579,5092,-115.30076,36.145542
19580,4421,-115.19388,36.144024
19581,2499,-115.19388,36.144024
19582,5093,-115.19388,36.144024
19583,4421,-115.13463,36.161926
19584,5094,-115.29103,36.17573
19585,4421,-115.207306,36.131718
19586,5095,-115.284355,36.138515
19587,5096,-115.22538,36.217148
19588,4421,-115.153496,36.109165
19589,2499,-115.16296,36.12714
19590,5097,-115.17096,36.09936
19591,5098,-115.29857,36.07719
19592,4421,-115.312225,36.158894
19593,4421,-115.17501,36.11692
19594,4421,-115.119385,36.03086
19595,5099,-115.28672,36.167316
19596,4421,-115.251564,36.06299
19597,4421,-115.243904,36.12834
19598,5100,-115.134346,36.10037
19599,2499,-115.11812,36.01612
19600,5101,-115.2032,36.092003
19601,4421,-115.179184,36.275158
19602,4421,-115.24814,36.195267
19603,4421,-115.24536,36.161877
19604,2499,-115.17361,36.109997
19605,4421,-115.142006,36.17183
19606,5102,-115.15254,36.151268
19607,2499,-115.24269,36.04463
19608,4421,-115.28331,36.05509
19609,2499,-115.17245,36.10503
19610,5103,-115.17577,36.011356
19611,5104,-115.25199,36.05545
19612,2499,-111.9348,33.42384
19613,4421,-115.2075,36.16593
19614,5105,-115.14711,36.08609
19615,4421,-115.242386,36.112858
19616,4421,-115.2983,36.147083
19617,4421,-115.30121,36.115658
19618,4421,-115.13962,36.170086
19619,4421,-115.17676,36.10449
19620,5106,-115.17367,36.107143
19621,5107,-115.15126,36.1089
19622,4421,-115.306274,36.115807
19623,4421,-115.135445,36.119934
19624,837,-115.24314,36.083588
19625,4421,-115.1969,36.143887
19626,6644,-115.29776,36.097992
19627,4421,-115.20855,36.142483
19628,5108,-115.24775,36.19531
19629,5109,-115.17483,36.13367
19630,5110,-115.294365,36.115223
19631,5111,-115.333084,36.15087
19632,2499,-115.19875,36.10376
19633,4421,-115.12047,36.026196
19634,4421,-112.114044,33.68167
19635,6644,-115.17086,36.10993
19636,4421,-115.30971,36.11463
19637,6644,-73.596985,45.518787
19638,4421,-115.1398,36.16868
19639,5112,-115.14479,36.170017
19640,2499,-115.27777,36.130028
19641,2499,-115.17582,36.11773
19642,4421,-115.19448,36.126213
19643,4421,-115.205345,36.158405
19644,5113,-115.24214,36.078087
19645,4421,-115.3007,36.14558
19646,4421,-115.20848,36.07308
19647,4421,-115.18666,36.130444
19648,5114,-115.28257,36.198036
19649,4421,-115.172424,36.101204
19650,4421,-115.33439,36.156796
19651,5115,-115.175865,36.092865
19652,4421,-115.23995,36.14467
19653,4421,-115.33159,36.160686
19654,4421,-115.1087,36.14329
19655,4421,-115.1558,35.968914
19656,4421,-115.17259,36.112953
19657,6644,-115.14511,36.1741
19658,5116,-115.24186,36.062195
19659,4421,-115.25033,36.21986
19660,4421,-115.28622,36.281162
19661,4421,-115.17815,36.06713
19662,4421,-115.1563,36.142338
19663,4421,-115.26764,36.28149
19664,4421,-115.17345,36.10306
19665,4421,-115.24266,36.21786
19666,5117,-115.25142,36.067112
19667,4421,-115.17195,36.12104
19668,5118,-115.17086,36.10993
19669,4421,-115.12009,36.03372
19670,5119,-115.28702,36.291435
19671,4905,-115.2796,36.05317
19672,4421,-115.16879,36.122967
19673,4421,-115.22625,36.086525
19674,4421,-115.27777,36.130028
19675,4421,-115.280426,36.056282
19676,4421,-115.3352,36.15803
19677,5120,-115.23672,36.158604
19678,4421,-115.13578,36.100525
19679,4421,-115.28992,36.160503
19680,5121,-115.13637,36.129395
19681,6644,-115.06245,36.112835
19682,4421,-115.14963,36.16695
19683,5122,-115.28992,36.160503
19684,4421,-115.306274,36.115807
19685,4421,-115.16845,36.123913
19686,4421,-114.994995,36.05215
19687,4421,-115.26318,36.271908
19688,6644,-115.17332,36.11567
19689,4421,-115.21327,36.12656
19690,4421,-115.17712,36.13198
19691,2499,-115.173874,36.10978
19692,4421,-115.16559,36.12689
19693,2499,-115.17178,36.115017
19694,5123,-115.174515,36.121548
19695,2499,-80.001625,40.430992
19696,6644,-115.17028,36.12229
19697,6644,-115.17345,36.10306
19698,5124,-115.22308,36.125862
19699,4421,-115.259766,36.19505
19700,5125,-115.138435,36.167526
19701,2499,-115.16908,36.124203
19702,2499,-115.20343,36.125954
19703,5126,-115.17259,36.112953
19704,4421,-115.25892,36.195686
19705,6644,-115.15259,36.108295
19706,4633,-115.20343,36.125954
19707,2499,-115.17688,36.111946
19708,6021,-115.15383,36.157158
19709,4421,-115.26048,36.17591
19710,4421,-115.14255,36.142525
19711,4421,-115.24239,36.0542
19712,5127,-115.17229,36.115147
19713,4421,-115.15427,36.1187
19714,5128,-115.23975,36.14317
19715,4421,-115.2916,36.053307
19716,2499,-115.17618,36.115856
19717,5129,-115.29683,36.095818
19718,5130,-115.334816,36.155132
19719,4421,-115.28672,36.167316
19720,4421,-115.28553,36.166573
19721,5131,-115.27845,36.130943
19722,6021,-73.60077,45.523613
19723,4421,-115.27923,36.05208
19724,6644,-112.26091,33.531467
19725,4421,-115.24814,36.195267
19726,4421,-115.19478,36.126404
19727,5132,-115.1912,36.126503
19728,5133,-115.3158,36.29146
19729,5134,-115.26674,36.272594
19730,4421,-115.177956,36.12037
19731,4421,-115.20343,36.125954
19732,4421,-115.306274,36.115807
19733,4421,-115.11952,36.01592
19734,2499,-115.17177,36.11931
19735,2499,-115.172554,36.111877
19736,4421,-115.15389,36.11355
19737,6644,-115.20631,36.12659
19738,4421,-115.048035,36.023315
19739,4421,-115.27989,36.143597
19740,4421,-115.14844,36.16738
19741,4421,-115.33387,36.152832
19742,5135,-115.17692,36.106655
19743,4421,-115.17345,36.10306
19744,2499,-115.1976,36.125965
19745,4421,-115.20571,35.997555
19746,4421,-115.21327,36.12656
19747,2499,-79.93266,40.451252
19748,5136,-115.27853,36.057846
19749,2499,-115.30752,36.08616
19750,4421,-115.3087,36.183765
19751,6644,-115.16901,35.965446
19752,4421,-115.119125,36.02624
19753,5137,-115.20888,36.09506
19754,4421,-115.257416,36.142918
19755,6644,-115.1917,36.12644
19756,4421,-115.241455,36.062717
19757,6644,-115.17704,36.10762
19758,2499,-115.15097,36.085175
19759,2499,-115.17582,36.09558
19760,4421,-115.14289,36.143345
19761,4421,-115.1068,36.071945
19762,4421,-115.22625,36.086525
19763,4421,-115.23096,36.1148
19764,4421,-115.138504,36.117256
19765,6644,-115.173874,36.10978
19766,4421,-115.13576,36.118237
19767,4421,-115.29794,36.106503
19768,4421,-115.08336,36.022465
19769,5138,-115.17435,36.106205
19770,4421,-115.14064,36.167877
19771,5139,-115.2811,36.114468
19772,4421,-115.35078,36.16032
19773,4421,-115.15152,36.10749
19774,4421,-115.24302,36.036034
19775,4421,-115.17154,36.048992
19776,5140,-115.188644,36.126087
19777,6644,-115.17457,36.11622
19778,6644,-115.17818,36.10713
19779,4421,-115.2796,36.12396
19780,5141,-115.20738,36.071205
19781,4421,-115.19791,36.125908
19782,4421,-115.171616,36.041164
19783,5142,-115.132935,36.16576
19784,5143,-115.26359,36.15867
19785,2499,-115.1917,36.12644
19786,5144,-115.19822,36.12595
19787,5145,-115.14064,36.167877
19788,2499,-115.13567,36.176983
19789,5146,-115.33896,36.151318
19790,4421,-115.31947,36.15959
19791,4421,-115.207535,36.114986
19792,4421,-115.2858,36.158028
19793,4421,-115.1976,36.125965
19794,4421,-115.28109,36.114536
19795,4421,-115.198,36.127663
19796,6644,-115.12652,36.15846
19797,4421,-115.19189,36.126472
19798,2499,-111.92239,33.501007
19799,5147,-115.2092,36.246758
19800,2499,-115.20888,36.09506
19801,4421,-115.243004,36.03598
19802,4421,-115.15254,36.151268
19803,4421,-115.11984,36.069088
19804,4421,-115.22406,36.12772
19805,4421,-115.17113,36.12856
19806,5148,-115.287,36.166702
19807,4421,-115.267365,36.270584
19808,4421,-115.25766,36.27585
19809,4421,-115.20741,36.123623
19810,4421,-3.214468,55.959152
19811,6644,-115.2439,36.160797
19812,4421,-115.11952,36.01592
19813,4421,-115.22547,36.14299
19814,4421,-115.20567,36.16626
19815,4421,-115.24239,36.0542
19816,5149,-115.03154,36.08272
19817,4421,-115.16906,36.054974
19818,5150,-115.13777,36.103626
19819,4421,-115.055786,36.017376
19820,4421,-115.1268,36.145287
19821,2499,-115.186104,36.11628
19822,4421,-115.31462,36.12889
19823,4421,-115.14626,36.17125
19824,4421,-115.15154,36.12109
19825,5151,-115.213844,36.14502
19826,2499,-3.1879406,55.949512
19827,4421,-115.17462,36.142902
19828,4421,-115.20667,36.114872
19829,2499,-115.14998,36.1055
19830,4421,-115.22551,36.17232
19831,2499,-115.152725,36.159145
19832,4421,-115.23581,36.24242
19833,5152,-114.93191,36.10195
19834,4421,-115.15349,36.11522
19835,2499,-115.13952,36.169872
19836,4421,-115.334816,36.15839
19837,4421,-115.14572,36.168118
19838,4421,-115.19189,36.126472
19839,5153,-115.1404,36.16785
19840,6644,-111.92477,33.637135
19841,2499,-115.141884,36.16918
19842,2499,-115.17361,36.109997
19843,6644,-115.17457,36.10259
19844,4421,-115.17022,36.11236
19845,6644,-73.56346,45.515118
19846,2499,-115.14954,36.155178
19847,6644,-115.14954,36.155178
19848,5154,-115.174355,36.092293
19849,2499,-115.173515,36.103
19850,2499,-115.164345,36.06004
19851,2499,-115.17618,36.115856
19852,2499,-115.144554,36.170265
19853,2499,-115.11874,36.084557
19854,6644,-115.1725,36.110065
19855,6644,-115.17704,36.10762
19856,2499,-115.15603,36.147247
19857,2499,-115.17524,36.116566
19858,6644,-115.163155,36.118034
19859,5155,-115.172455,36.111073
19860,5156,-115.08815,36.07073
19861,5157,-115.171776,36.102093
19862,6644,-115.170975,36.114277
19863,2499,-115.14099,36.169754
19864,2499,-115.147255,36.15942
19865,2499,-115.18939,36.11789
19866,2499,-115.17028,36.12433
19867,6644,-115.16879,36.122967
19868,6644,-115.17669,36.117455
19869,2499,-115.17354,36.109516
19870,2499,-115.137596,36.104164
19871,2499,-73.553116,45.506275
19872,5158,-115.17524,36.09232
19873,2499,-115.155205,36.14771
19874,6644,-115.16938,36.12179
19875,2499,-115.17439,36.14444
19876,2499,-115.17141,36.11752
19877,837,-112.11054,33.64068
19878,6021,-73.57707,45.49807
19879,4421,-115.295586,36.114517
19880,2499,-115.16841,36.113533
19881,2499,-115.173515,36.103
19882,2499,-115.17496,36.121323
19883,4421,-115.334816,36.155132
19884,4421,-115.17274,36.11424
19885,4421,-115.226295,36.239178
19886,2499,-115.17582,36.11773
19887,2499,-115.08944,36.220097
19888,5159,-115.163124,36.133614
19889,2499,-115.15126,36.1089
19890,5160,-115.25312,36.19598
19891,4421,-115.169624,36.068302
19892,2499,-73.585266,45.488544
19893,5161,-115.138435,36.167526
19894,5162,-115.15152,36.156292
19895,4421,-115.17177,36.120094
19896,6644,-115.17501,36.117245
19897,4421,-115.26147,36.269814
19898,4421,-115.20959,36.12621
19899,5163,-111.86773,33.43473
19900,837,-115.15822,36.161972
19901,4421,-115.21002,36.126923
19902,2499,-115.13639,36.175
19903,5164,-115.2071,36.110973
19904,2499,-115.17516,36.109875
19905,2499,-115.20247,36.144047
19906,4421,-115.27844,36.056824
19907,6644,-115.145004,36.173058
19908,6644,-115.20247,36.144047
19909,5165,-115.17704,36.10762
19910,4421,-115.332794,36.156055
19911,4421,-115.15323,36.042797
19912,4421,-115.28129,36.055817
19913,4421,-115.14289,36.143345
19914,5166,-115.19,36.23888
19915,4692,-115.15126,36.1089
19916,6644,-115.17858,36.106277
19917,4421,-115.101685,35.997723
19918,4421,-115.13804,36.10086
19919,4421,-115.302345,36.207073
19920,2499,-115.169655,36.12119
19921,2499,-115.17216,36.126064
19922,5167,-115.16996,36.10984
19923,4421,-115.12046,36.0411
19924,2499,-115.06262,36.02959
19925,4421,-115.167725,36.103397
19926,4421,-112.050545,33.024113
19927,5168,-115.09606,36.00499
19928,6644,-115.17618,36.115856
19929,4421,-115.20616,36.144
19930,5169,-115.15258,36.150463
19931,4421,-115.27856,36.058853
19932,2499,-115.2782,36.04246
19933,2499,-115.14124,36.172813
19934,4421,-115.22492,36.048195
19935,2499,-115.16961,36.121452
19936,6644,-115.01003,36.272373
19937,6644,-3.1873095,55.94987
19938,4421,-115.286644,36.277836
19939,2499,-115.333595,36.156967
19940,2499,-115.15155,36.151466
19941,2499,-115.15152,36.10749
19942,2499,-3.2097902,55.951057
19943,5170,-115.30882,36.183144
19944,5171,-115.2075,36.1462
19945,4421,-115.20169,36.103138
19946,2499,-115.167694,36.103054
19947,4421,-115.1363,36.102707
19948,4421,-115.04548,36.060318
19949,4421,-115.17397,36.10626
19950,5172,-115.17469,36.160713
19951,4421,-115.287,36.166702
19952,5173,-115.278175,36.041817
19953,5174,-115.06381,36.167458
19954,4421,-115.21258,36.15882
19955,4421,-115.14525,36.08316
19956,5175,-115.142006,36.17183
19957,5176,-115.28553,36.166573
19958,4421,-115.137024,36.174553
19959,6644,-115.17516,36.109875
19960,6644,-115.17712,36.13198
19961,4421,-115.24495,36.07086
19962,2499,-115.15822,36.161972
19963,4421,-115.06383,36.174416
19964,4421,-115.332,36.151814
19965,4421,-115.16923,36.102325
19966,5177,-115.20717,36.14959
19967,4421,-115.225,36.069855
19968,4421,-115.333084,36.15087
19969,4421,-115.16296,36.12714
19970,6644,-115.17462,36.142902
19971,4421,-115.19242,36.12601
19972,4421,-115.20954,36.099316
19973,5178,-115.28703,36.166676
19974,4421,-115.2317,36.23775
19975,4421,-115.13716,35.996834
19976,4421,-115.28872,36.277596
19977,4421,-115.15126,36.1089
19978,4421,-115.15155,36.151466
19979,6644,-115.15155,36.151466
19980,5179,-115.14551,36.12177
19981,4421,-115.152596,36.15112
19982,4421,-115.19283,36.144253
19983,4421,-115.27973,36.119114
19984,2499,-115.14255,36.142525
19985,6644,-115.17299,36.128223
19986,4421,-115.04829,36.056885
19987,5180,-115.27943,36.142227
19988,4421,-115.298744,36.115807
19989,5181,-115.24348,36.03135
19990,5182,-115.20567,36.16626
19991,5183,-115.17322,36.127586
19992,4421,-115.20846,36.0989
19993,5184,-115.207466,36.03409
19994,4421,-115.31462,36.12889
19995,4421,-115.15096,36.15308
19996,5185,-115.17535,36.070137
19997,837,-115.17425,36.102516
19998,4421,-115.29634,36.07794
19999,4421,-115.29982,36.115826
20000,6644,-115.1613,36.138298
20001,2499,-115.174416,36.1097
20002,5186,-115.204926,36.17127
20003,5187,-115.11869,36.01635
20004,4421,-115.12225,36.100002
20005,4421,-115.18995,36.12553
20006,2499,-115.139915,36.169243
20007,5188,-115.170616,36.124756
20008,4421,-115.261024,36.17444
20009,4421,-115.23124,36.237267
20010,4421,-115.135445,36.119934
20011,4421,-115.27973,36.119114
20012,5189,-112.08212,33.505096
20013,4421,-115.28009,36.298874
20014,4421,-115.243904,36.090073
20015,5190,-115.04553,36.061695
20016,5191,-114.8582,35.969296
20017,5192,-115.206635,36.2769
20018,4421,-115.33192,36.159554
20019,2499,-115.15126,36.1089
20020,2499,-115.20974,36.114937
20021,5193,-115.17234,36.10353
20022,2499,-115.17358,36.10267
20023,2499,-115.1741,36.12124
20024,2499,-115.17466,36.02949
20025,6644,-115.13792,36.168026
20026,6644,-115.19826,36.11444
20027,6644,-115.174515,36.121548
20028,2499,-115.16296,36.12714
20029,2499,-115.29103,36.17573
20030,5194,-115.09935,36.100647
20031,2499,-115.15711,36.14422
20032,5195,-115.17214,36.10866
20033,4421,-115.270004,36.297714
20034,2499,-115.174355,36.092293
20035,2499,-115.17582,36.11773
20036,2499,-115.17618,36.115856
20037,2499,-115.15711,36.14422
20038,6644,-115.17407,36.121197
20039,2499,-115.17698,36.107407
20040,2499,-111.790016,33.35597
20041,2499,-115.17022,36.11236
20042,2499,-115.17781,36.093067
20043,6644,-115.17089,36.11006
20044,2499,-115.17106,36.11242
20045,2499,-115.1765,36.116962
20046,2499,-115.17054,36.10259
20047,6644,-115.17572,36.009
20048,2499,-115.17127,36.11288
20049,6644,-115.1725,36.110065
20050,6644,-115.17332,36.11567
20051,2499,-111.92975,33.494247
20052,5196,-115.16348,36.113026
20053,6644,-115.20848,36.07308
20054,5197,-115.151344,36.152264
20055,2499,-115.16296,36.12714
20056,6644,-115.17223,36.110733
20057,6644,-115.173874,36.10978
20058,5198,-114.99299,36.014114
20059,6644,-115.22587,36.055244
20060,4421,-115.17124,36.11788
20061,5199,-115.175865,36.092865
20062,5200,-115.17613,36.092182
20063,837,-115.24508,36.159706
20064,2499,-115.17615,36.093422
20065,2499,-115.151344,36.152264
20066,5201,-115.17119,36.12122
20067,2499,-115.17516,36.091866
20068,4421,-115.17457,36.11622
20069,6644,-115.17258,36.117775
20070,6644,-115.13894,36.16672
20071,6644,-115.151344,36.152264
20072,5202,-115.17582,36.09558
20073,2499,-115.1392,36.14452
20074,5203,-115.33276,36.15119
20075,4421,-115.29302,36.157192
20076,4421,-115.297485,36.11145
20077,4421,-115.22509,36.15942
20078,5204,-115.29743,36.089565
20079,4421,-115.271736,36.276844
20080,4421,-115.28703,36.166676
20081,4421,-115.33308,36.14901
20082,4421,-115.117966,36.013836
20083,5205,-115.19893,36.238926
20084,4421,-115.19242,36.12601
20085,5206,-115.298035,36.123745
20086,6644,-115.1753,36.09208
20087,2499,-115.173874,36.109753
20088,6644,-115.20247,36.144047
20089,4421,-80.842155,35.22921
20090,4421,-115.244194,36.045704
20091,4421,-115.10613,36.099968
20092,2499,-115.18159,36.107388
20093,6644,-115.17124,36.11788
20094,4421,-115.1401,36.169327
20095,4421,-115.22227,36.099506
20096,4421,-115.24239,36.0542
20097,6644,-115.138504,36.117256
20098,2499,-115.20964,36.12702
20099,4421,-115.148346,36.15669
20100,4421,-115.19831,36.12634
20101,5207,-115.14055,36.169167
20102,4421,-115.13952,36.169872
20103,4421,-115.14255,36.142525
20104,5208,-115.117386,36.019466
20105,5209,-115.17582,36.11773
20106,4421,-115.206345,35.994972
20107,5210,-115.09138,36.021954
20108,3201,-111.8741,33.31915
20109,681,-80.8585,35.211533
20110,4421,-115.2064,36.089012
20111,4421,-115.26929,36.14277
20112,6644,-115.10512,36.144268
20113,6644,-115.135925,36.11814
20114,4421,-115.28703,36.166676
20115,4421,-115.11157,36.00645
20116,4421,-115.17234,36.110107
20117,4421,-115.2782,36.108463
20118,2499,-115.16876,36.12438
20119,5211,-115.15123,36.162724
20120,4421,-115.11493,36.114117
20121,2499,-111.9704,33.30582
20122,4421,-115.273125,36.06686
20123,5212,-115.08396,36.027554
20124,5213,-115.12652,36.15846
20125,2499,-115.17406,36.107925
20126,5214,-115.23284,36.145054
20127,4421,-115.14252,36.142284
20128,4421,-115.27863,36.112865
20129,4421,-115.14259,36.142487
20130,4421,-115.18953,36.1257
20131,4421,-115.06474,36.121418
20132,4421,-115.09935,36.100647
20133,4421,-115.24816,36.195286
20134,4421,-115.26148,36.113655
20135,4421,-115.04789,36.1453
20136,5215,-115.19893,36.238926
20137,4421,-115.16694,36.126575
20138,5216,-115.30406,36.193325
20139,4421,-115.13952,36.169872
20140,4421,-115.20638,36.006573
20141,6644,-115.12756,36.158455
20142,5217,-115.17581,36.08995
20143,4421,-115.12756,36.158455
20144,5218,-115.164635,36.15917
20145,4421,-115.227455,36.10028
20146,4421,-115.18186,36.10503
20147,5219,-115.082146,36.143776
20148,4421,-115.153564,36.157665
20149,4421,-115.15254,36.151268
20150,4847,-115.191826,36.144268
20151,4421,-115.100845,35.993855
20152,5220,-115.29797,36.12315
20153,5221,-115.177864,36.068176
20154,4421,-115.15389,36.11355
20155,2499,-115.1988,36.11421
20156,5222,-115.1726,36.118793
20157,4421,-115.20764,36.10508
20158,4421,-114.98542,36.033108
20159,5223,-115.11799,36.014458
20160,4421,-115.308624,36.11392
20161,4421,-115.241325,36.195393
20162,6644,-115.08426,36.134216
20163,6644,-115.30076,36.145542
20164,4421,-115.04601,36.061684
20165,4421,-115.14259,36.142487
20166,4421,-115.31462,36.12889
20167,2499,-115.15202,36.159885
20168,4421,-115.280426,36.056282
20169,4421,-115.14007,36.167534
20170,5224,-115.29747,36.059624
20171,6644,-115.19777,36.126934
20172,5225,-115.2911,36.08381
20173,5226,-115.178474,36.28633
20174,5227,-115.305016,36.191784
20175,4421,-115.225,36.069855
20176,5228,-115.26359,36.15867
20177,4421,-115.28078,36.11531
20178,4421,-115.13931,36.167286
20179,5229,-115.25014,36.24172
20180,6644,-115.17229,36.115147
20181,4421,-115.17667,36.12681
20182,4421,-115.31947,36.15959
20183,4421,-115.19242,36.12601
20184,4421,-115.239815,36.247677
20185,4421,-115.17785,36.276077
20186,4421,-115.11958,36.01292
20187,4421,-115.23011,36.143112
20188,5230,-115.17516,36.109875
20189,2499,-115.209656,36.127045
20190,4421,-115.26228,36.21913
20191,4421,-115.14259,36.142487
20192,4421,-115.333084,36.15087
20193,4421,-115.14259,36.142487
20194,4421,-115.13916,36.085407
20195,4421,-115.24224,36.180805
20196,5231,-115.167755,36.123978
20197,4421,-115.185196,36.12566
20198,4421,-115.30757,36.113693
20199,4421,-115.14056,36.16785
20200,5232,-115.04766,36.040375
20201,4421,-115.332,36.151814
20202,5233,-115.24221,36.073807
20203,4421,-115.17371,36.109867
20204,5234,-115.146866,36.14323
20205,4421,-115.09541,36.115875
20206,4421,-115.15323,36.042797
20207,4421,-115.12529,36.10026
20208,4421,-115.15074,36.169456
20209,2499,-115.17106,36.11242
20210,5235,-115.16904,36.124878
20211,4421,-115.13463,36.161926
20212,4421,-115.20959,36.12621
20213,5236,-115.14569,36.14431
20214,4421,-115.18291,35.972897
20215,2499,-115.176704,36.09028
20216,4421,-115.274574,36.130314
20217,4421,-115.17914,36.27604
20218,4421,-115.334816,36.155132
20219,4421,-115.28788,36.055676
20220,4421,-112.08219,33.466106
20221,2499,-115.15387,36.110085
20222,5237,-115.14096,36.143673
20223,4421,-115.14064,36.167877
20224,5238,-115.17484,36.069973
20225,6644,-115.16867,36.123558
20226,5239,-115.142006,36.17183
20227,2499,-115.174355,36.092293
20228,5240,-115.171524,36.119305
20229,4421,-115.17593,36.068153
20230,4421,-115.15258,36.150463
20231,837,-112.03612,33.37785
20232,4421,-115.17041,36.110847
20233,4421,-115.132935,36.16576
20234,4421,-115.08253,36.02307
20235,4421,-115.14007,36.167534
20236,5241,-115.06245,36.112835
20237,4421,-115.22538,36.217148
20238,5242,-115.17128,36.11289
20239,5243,-115.20717,36.14959
20240,2499,-89.37374,43.047718
20241,2499,-111.98909,33.42159
20242,5244,-115.20998,36.126503
20243,2499,-115.17818,36.106815
20244,6644,-115.17306,36.091965
20245,2499,-115.201775,36.126526
20246,4421,-115.241516,36.064106
20247,4421,-115.16427,36.059887
20248,2499,-115.179085,36.11224
20249,2499,-115.29103,36.17573
20250,2499,-115.172455,36.106503
20251,2499,-115.17022,36.123844
20252,6644,-115.17818,36.106815
20253,2499,-115.13761,36.12612
20254,5245,-115.17155,36.05243
20255,4421,-115.27994,36.052994
20256,4421,-115.252686,36.207165
20257,6644,-115.16573,36.163803
20258,5246,-115.20667,36.114872
20259,4421,-115.279755,36.056583
20260,4421,-115.16578,36.128788
20261,4421,-115.18609,36.27883
20262,4421,-115.307304,36.113556
20263,4421,-115.173416,36.161705
20264,4421,-115.14624,36.171215
20265,4421,-115.11793,36.01752
20266,4421,-115.16963,36.117516
20267,4421,-115.19817,36.126373
20268,4421,-115.278175,36.041817
20269,4421,-115.20767,36.152702
20270,4421,-115.241455,36.062717
20271,837,-111.79061,33.329014
20272,5247,-115.14255,36.142525
20273,4421,-115.201775,36.126526
20274,5248,-115.25242,36.195633
20275,5249,-115.26182,36.11304
20276,5250,-115.27114,36.11428
20277,5251,-115.18163,36.075855
20278,5252,-115.08011,36.167046
20279,4421,-115.328674,36.221024
20280,4421,-115.264595,36.218834
20281,4421,-115.142006,36.17183
20282,5253,-115.24407,36.047813
20283,4421,-115.1954,36.040794
20284,6644,-115.14289,36.143345
20285,4421,-115.24224,36.180805
20286,4421,-115.16266,36.17171
20287,4421,-115.24457,36.158695
20288,2499,-115.13916,36.085407
20289,2499,-115.17704,36.10762
20290,6644,-115.209656,36.126728
20291,4421,-115.163124,36.133614
20292,6644,-115.22593,36.12658
20293,6644,-115.14467,36.17062
20294,6644,-115.17124,36.11788
20295,6644,-115.157936,36.162094
20296,6644,-115.169655,36.12119
20297,4421,-115.28973,36.1641
20298,4421,-115.24431,36.10102
20299,4421,-115.13894,36.16672
20300,4421,-115.11927,36.02517
20301,4421,-115.21148,36.227207
20302,4421,-115.14408,36.16905
20303,6644,-115.172424,36.10882
20304,4421,-115.14614,36.167233
20305,5254,-115.26048,36.17591
20306,5255,-115.11952,36.0125
20307,4421,-115.30971,36.11463
20308,5256,-115.29857,36.07719
20309,4421,-115.280426,36.056282
20310,4421,-115.11047,36.0034
20311,5257,-115.08384,36.022102
20312,5258,-115.11687,36.072422
20313,5259,-115.08227,36.07001
20314,5260,-115.30727,36.08632
20315,5261,-115.152336,36.136433
20316,4421,-115.11167,36.100384
20317,5262,-115.07642,36.145386
20318,5263,-115.257744,36.180607
20319,5264,-115.292046,36.15843
20320,4421,-115.152336,36.11395
20321,5265,-115.11795,36.09959
20322,4421,-115.225006,36.126816
20323,4421,-115.30206,36.10069
20324,4421,-115.162964,36.189293
20325,5266,-115.1514,36.1208
20326,5267,-115.28703,36.166676
20327,4421,-115.162964,36.189293
20328,5268,-115.162964,36.189293
20329,4421,-115.04282,36.067123
20330,5269,-115.11779,36.013794
20331,5270,-115.22374,36.06325
20332,5271,-115.26318,36.271908
20333,4421,-115.15472,36.115124
20334,2499,-115.30521,36.193584
20335,5272,-115.289116,36.158028
20336,4421,-115.16064,36.170902
20337,4421,-115.334236,36.145416
20338,4546,-115.10544,35.999233
20339,4421,-115.13452,36.165707
20340,4421,-115.2092,36.246758
20341,4421,-115.15458,36.119186
20342,4421,-115.332794,36.156055
20343,6644,-115.17581,36.08995
20344,2499,-115.176315,36.109913
20345,6644,-115.13362,36.114254
20346,2499,-115.11351,36.12936
20347,5273,-115.31747,36.180336
20348,6644,-115.17393,36.122036
20349,4421,-115.1354,36.04166
20350,5274,-115.23168,36.152233
20351,5275,-115.15832,36.16293
20352,4421,-115.3352,36.15803
20353,4421,-115.1528,36.156246
20354,2499,-115.171265,36.01484
20355,4421,-115.16856,36.133137
20356,4421,-115.23096,36.1148
20357,5276,-115.20848,36.07308
20358,5277,-115.16069,36.194885
20359,5278,-115.2411,36.114986
20360,4421,-115.152054,36.04286
20361,4421,-115.24362,36.202663
20362,4421,-115.102516,35.99787
20363,4421,-115.24182,36.218525
20364,2499,-115.18286,36.0408
20365,4421,-115.13894,36.16672
20366,4421,-115.13417,36.071465
20367,4421,-115.14064,36.167877
20368,2499,-115.188286,36.145744
20369,6644,-115.17234,36.10353
20370,5279,-115.145004,36.173058
20371,4421,-115.25685,36.263187
20372,4421,-115.17358,36.1601
20373,4421,-115.25025,36.158573
20374,5280,-115.242096,36.041706
20375,4421,-115.27952,36.02197
20376,4421,-115.2096,36.053562
20377,5281,-115.06398,36.025986
20378,4421,-115.142006,36.17183
20379,2499,-115.17618,36.115856
20380,4421,-115.24385,36.04967
20381,2499,-115.14528,36.17145
20382,2499,-115.24322,36.18759
20383,4421,-115.177536,36.06837
20384,4421,-115.13882,36.16736
20385,4421,-115.11909,36.018726
20386,4421,-115.16269,36.144295
20387,4421,-115.24279,36.198753
20388,5282,-115.265915,36.263878
20389,4421,-115.15123,36.162724
20390,5283,-115.17251,36.110764
20391,4421,-115.24344,36.247814
20392,4421,-115.175026,36.090862
20393,5284,-115.17243,36.118168
20394,4421,-115.10925,36.000908
20395,4421,-115.24334,36.04716
20396,5285,-115.2794,36.123833
20397,4421,-115.244156,35.998432
20398,5286,-115.20741,36.123623
20399,4421,-115.174706,36.01131
20400,4421,-115.20836,36.099403
20401,4421,-115.11616,36.006657
20402,4421,-115.24367,36.084496
20403,4421,-115.11813,36.00921
20404,5287,-115.111275,36.006683
20405,5288,-115.02468,36.070908
20406,5289,-115.13813,36.011578
20407,2499,-115.14124,36.172813
20408,5290,-115.11855,36.010452
20409,5291,-115.08266,36.021996
20410,4421,-115.172714,36.118225
20411,5292,-115.24185,36.2022
20412,4421,-115.22322,36.20224
20413,4421,-115.23272,36.159634
20414,4421,-115.264595,36.218834
20415,5293,-115.22322,36.20224
20416,4421,-115.25151,36.23309
20417,4421,-111.92349,33.49741
20418,5294,-115.11793,36.01752
20419,4421,-115.15716,36.114746
20420,5295,-115.22326,36.175903
20421,4421,-115.24414,36.172318
20422,4421,-115.26599,36.26386
20423,5296,-115.33279,36.148457
20424,4421,-115.1804,36.293068
20425,4421,-115.27939,36.219063
20426,4421,-115.24122,36.217167
20427,5297,-115.31207,36.15775
20428,4421,-115.176315,36.109913
20429,5298,-115.24414,36.172318
20430,4421,-115.23839,36.19757
20431,4421,-115.2068,35.99513
20432,4421,-115.334236,36.145416
20433,4421,-114.93191,36.10195
20434,4421,-115.12116,36.071136
20435,5299,-115.15391,36.255234
20436,4421,-115.25156,36.14358
20437,4421,-115.302345,36.207073
20438,4421,-115.240555,36.197216
20439,4421,-115.18939,36.11789
20440,5300,-115.07661,36.070503
20441,4421,-115.12363,36.06645
20442,4421,-115.31731,36.160122
20443,2499,-115.172455,36.111073
20444,5301,-115.22412,36.127884
20445,4421,-115.13962,36.170086
20446,5302,-115.25827,36.21899
20447,4421,-115.23852,36.196472
20448,5303,-115.302826,36.14494
20449,4421,-115.27553,36.129856
20450,4421,-115.15553,36.151997
20451,4421,-115.20758,36.18557
20452,5304,-115.30459,36.11395
20453,4421,-115.12294,35.9991
20454,4421,-115.1394,36.181416
20455,4421,-115.20247,36.144047
20456,4421,-115.30234,36.206795
20457,5305,-115.11493,36.114117
20458,4421,-115.24508,36.159706
20459,6644,-115.18908,36.07802
20460,4421,-115.21869,36.15956
20461,4421,-115.17647,36.14513
20462,4421,-115.209656,36.127045
20463,4421,-115.08227,36.07001
20464,4421,-115.31462,36.12889
20465,4421,-115.27841,36.112347
20466,5306,-115.24362,36.202663
20467,4421,-115.2427,36.2017
20468,5307,-115.11514,36.10021
20469,4421,-115.14156,36.27635
20470,5308,-115.2446,36.215084
20471,4421,-115.286644,36.277836
20472,4421,-115.25988,36.203743
20473,4421,-115.10866,36.001587
20474,2499,-79.98202,40.45236
20475,2499,-112.04086,33.431583
20476,6644,-115.16269,36.144295
20477,2499,-115.15152,36.10749
20478,4421,-115.25175,36.21913
20479,4421,-115.25091,36.19628
20480,4421,-115.2345,36.24181
20481,5309,-115.24349,36.124844
20482,4421,-115.07237,36.071304
20483,4421,-115.29178,36.143696
20484,4421,-115.28921,36.164627
20485,5310,-115.28929,36.16367
20486,4421,-115.243004,36.098354
20487,4421,-115.30272,36.144875
20488,4421,-115.22551,36.17232
20489,5311,-115.29141,36.160778
20490,5312,-115.29857,36.07719
20491,4421,-115.20942,36.12682
20492,5313,-115.24279,36.198753
20493,4421,-115.218315,36.125317
20494,6644,-115.244194,36.218292
20495,4421,-115.2682,36.207485
20496,5314,-115.1401,36.168667
20497,4421,-115.15112,36.086338
20498,4421,-115.119385,36.026558
20499,4421,-115.13615,36.013145
20500,5315,-115.15427,36.1187
20501,4421,-115.12652,36.15846
20502,4421,-115.243416,36.191948
20503,4421,-115.13894,36.16672
20504,4421,-115.31947,36.15959
20505,4421,-115.13955,36.16874
20506,4421,-115.20575,36.279873
20507,5316,-115.11869,36.01635
20508,4421,-115.132935,36.16576
20509,5317,-115.241516,36.064106
20510,4421,-115.22119,36.144196
20511,4421,-115.257744,36.26483
20512,2499,-115.0863,36.02131
20513,5318,-115.29966,36.14726
20514,5319,-115.11805,36.01824
20515,4421,-115.24133,36.055412
20516,5320,-115.21232,36.12605
20517,5321,-115.10561,36.00054
20518,5322,-115.25175,36.21913
20519,4421,-115.17447,36.068455
20520,5323,-115.17143,36.135014
20521,5324,-115.241325,36.195393
20522,4421,-115.16671,36.126022
20523,5325,-115.24961,36.239956
20524,4813,-115.24818,36.195312
20525,4421,-115.178215,36.068935
20526,5326,-115.31887,36.160553
20527,4421,-115.28257,36.198036
20528,4421,-115.191826,36.144268
20529,4421,-115.20964,36.12702
20530,5327,-115.28114,36.300446
20531,5328,-115.21148,36.227207
20532,5329,-115.17127,36.11288
20533,5330,-115.176704,36.09028
20534,5331,-115.28921,36.164627
20535,5332,-115.25827,36.21899
20536,4421,-115.31458,36.128937
20537,4421,-115.25156,36.14358
20538,5333,-115.17582,36.011875
20539,5334,-115.24487,36.17133
20540,4421,-115.305016,36.191784
20541,4421,-115.17134,35.96494
20542,5335,-115.302345,36.207073
20543,5336,-115.17178,36.120705
20544,5337,-115.16879,36.122967
20545,5338,-115.33337,36.152176
20546,4421,-115.17054,36.10259
20547,4421,-115.19822,36.12595
20548,4421,-115.20758,36.18557
20549,5339,-115.26066,36.188366
20550,6644,-73.5552,45.49941
20551,5340,-115.11909,36.02112
20552,5341,-115.31169,36.14568
20553,4421,-115.13945,36.1674
20554,4421,-115.23581,36.24242
20555,5342,-115.27944,36.123875
20556,4421,-115.096466,36.006683
20557,4421,-115.16923,36.102325
20558,4421,-115.17577,36.10771
20559,5343,-115.208176,36.115437
20560,2499,-115.20758,36.18557
20561,4421,-112.13882,33.864964
20562,5344,-115.27432,36.144367
20563,4421,-115.24271,36.219223
20564,6644,-115.174644,36.109913
20565,4421,-115.1725,36.110065
20566,4166,-115.15585,36.259933
20567,6644,-115.15259,36.108295
20568,4421,-115.29833,36.211716
20569,4421,-115.14157,36.1716
20570,837,-115.16901,35.965446
20571,4421,-115.11619,36.240265
20572,4421,-115.06262,36.02959
20573,4421,-115.12816,36.100746
20574,4421,-115.100845,35.993855
20575,4421,-115.28994,36.16387
20576,4421,-115.33271,36.15179
20577,4421,-115.28921,36.164627
20578,5345,-115.35078,36.16032
20579,5346,-115.02823,36.044483
20580,4421,-115.29961,36.145576
20581,6644,-115.334236,36.145416
20582,5347,-115.24166,36.194546
20583,4421,-115.25827,36.21899
20584,4421,-115.16879,36.122967
20585,2499,-115.29782,36.097614
20586,4421,-115.172455,36.111073
20587,6644,-115.297485,36.11145
20588,5348,-115.28366,36.201637
20589,4421,-115.15472,36.115124
20590,4421,-115.13952,36.169872
20591,4421,-115.11878,36.14522
20592,4421,-115.24309,36.21847
20593,4421,-111.74018,33.378
20594,4421,-115.21047,36.158558
20595,4421,-115.20388,36.087532
20596,4421,-115.334236,36.145416
20597,5349,-115.20743,36.163544
20598,4421,-115.262474,36.219177
20599,5350,-115.244194,36.045704
20600,4421,-115.28165,36.200096
20601,4421,-115.17815,36.06713
20602,4421,-115.24243,36.198135
20603,5351,-115.243904,36.090073
20604,4421,-115.24243,36.198135
20605,5352,-115.24243,36.198135
20606,2499,-115.224655,36.12339
20607,4421,-115.243256,36.203842
20608,5353,-115.225945,36.239635
20609,5354,-115.207146,36.07245
20610,6644,-115.19528,36.11444
20611,5355,-115.24227,36.144756
20612,4421,-115.249435,36.301983
20613,4421,-115.24259,36.216095
20614,5356,-115.24259,36.216095
20615,4421,-115.157875,36.142757
20616,5357,-115.17636,36.117344
20617,4421,-115.25931,36.191574
20618,5358,-115.24969,36.211124
20619,4421,-115.19697,36.239685
20620,4421,-115.262115,36.196945
20621,4421,-115.33276,36.15119
20622,5359,-115.22538,36.217148
20623,5360,-115.207146,36.07245
20624,4421,-115.26228,36.21913
20625,5361,-115.29112,36.16154
20626,5362,-115.264595,36.218834
20627,5363,-115.15126,36.1089
20628,4421,-115.240974,36.12461
20629,4421,-115.14085,36.170055
20630,5364,-115.2317,36.23775
20631,4421,-115.09903,36.072247
20632,4421,-115.04548,36.060318
20633,4421,-115.048775,36.245132
20634,5365,-115.334236,36.145416
20635,4421,-115.076256,36.14975
20636,4421,-115.11943,36.0855
20637,5366,-115.206345,35.994972
20638,4421,-115.11757,36.073105
20639,4421,-115.06332,36.164787
20640,4421,-115.155556,36.14742
20641,5367,-115.09092,36.11396
20642,4421,-115.184906,36.11118
20643,4421,-115.132225,36.101387
20644,4421,-115.13931,36.167286
20645,4421,-115.28613,36.15764
20646,4421,-115.22374,36.06325
20647,4421,-115.17841,36.06958
20648,4421,-115.05918,36.107094
20649,4421,-115.14252,36.142284
20650,6644,-115.145004,36.173058
20651,5368,-115.112,36.10026
20652,4421,-115.20388,36.087532
20653,2499,-115.26148,36.113655
20654,4421,-115.25111,36.21987
20655,4421,-115.297585,36.09778
20656,4421,-115.252846,36.19609
20657,5369,-115.27903,36.117447
20658,4421,-115.244026,36.045532
20659,5370,-115.2682,36.207485
20660,681,-115.16591,36.127686
20661,5371,-115.24297,36.078796
20662,5372,-115.22587,36.055244
20663,5373,-115.18163,36.075855
20664,5374,-115.24378,36.087482
20665,4421,-115.04282,36.067123
20666,4421,-115.334236,36.145416
20667,4421,-115.17644,36.116367
20668,4421,-115.17229,36.115147
20669,4421,-115.207535,36.114986
20670,5375,-115.17652,36.11303
20671,2499,-115.18191,36.09612
20672,6644,-115.30081,36.14653
20673,4421,-115.28331,36.05509
20674,5376,-115.209366,36.11818
20675,5377,-115.17019,36.123405
20676,2499,-115.17275,36.106205
20677,2499,-115.17437,36.10206
20678,6644,-115.17251,36.11073
20679,4421,-111.908165,33.457745
20680,4421,-115.280426,36.056282
20681,5378,-115.11141,36.239677
20682,4421,-115.17193,36.127487
20683,6644,-115.17784,36.092987
20684,2499,-115.16796,36.127712
20685,837,-111.94678,33.40739
20686,6644,-115.16009,36.113396
20687,5379,-115.17278,36.0908
20688,4421,-115.18219,36.10132
20689,5380,-115.15401,36.1169
20690,4421,-115.17283,36.132774
20691,4421,-115.244,36.05142
20692,6644,-115.17345,36.10306
20693,4421,-115.205574,36.150757
20694,4421,-115.30732,36.086037
20695,4421,-115.29864,36.076557
20696,5381,-115.142006,36.17183
20697,5382,-115.28518,36.158504
20698,4421,-115.29857,36.07719
20699,5383,-115.17226,36.0696
20700,4421,-115.13988,36.1688
20701,4421,-115.206345,35.994972
20702,4421,-115.17652,36.11301
20703,5384,-115.173775,36.090916
20704,4421,-115.2164,36.02983
20705,5385,-115.17223,36.110733
20706,4421,-114.9838,36.042046
20707,4421,-115.23752,36.14488
20708,4421,-115.24359,36.04637
20709,4421,-115.30664,36.188248
20710,4421,-115.28703,36.166676
20711,4421,-115.046684,36.064075
20712,6819,-115.27956,36.053383
20713,4421,-115.24365,36.05732
20714,4421,-115.267235,36.020664
20715,4421,-115.05262,36.100742
20716,5386,-115.273575,36.275772
20717,5387,-115.08336,36.022465
20718,4421,-115.18508,36.083508
20719,2499,-115.17625,36.092876
20720,4421,-115.17382,36.107162
20721,4421,-115.24316,36.077072
20722,4421,-115.2966,36.0958
20723,4421,-115.14553,36.16981
20724,4421,-115.183846,36.0417
20725,5388,-115.22548,36.10077
20726,5389,-115.24219,36.091194
20727,4421,-115.24219,36.091194
20728,4421,-115.24378,36.087482
20729,6644,-115.134346,36.10037
20730,5390,-115.163124,36.133614
20731,4421,-115.27998,36.298416
20732,5391,-115.18174,36.291164
20733,4421,-115.17493,36.10478
20734,5392,-115.11351,36.12936
20735,4421,-115.33356,36.160988
20736,5393,-115.28518,36.158504
20737,6644,-115.14636,36.171658
20738,4421,-115.17466,36.02949
20739,5394,-115.04282,36.067123
20740,4421,-115.33354,36.148144
20741,4421,-115.281075,36.15764
20742,4421,-115.246254,36.064285
20743,4421,-115.26318,36.271908
20744,2499,-115.17601,36.104332
20745,4421,-115.18085,36.292507
20746,4421,-115.14479,36.170017
20747,4421,-115.16963,36.117516
20748,4421,-115.280945,36.057842
20749,4421,-115.153496,36.109165
20750,4421,-115.24378,36.087482
20751,4421,-115.11719,36.028934
20752,5395,-115.24316,36.06159
20753,5396,-115.1726,36.118793
20754,2499,-115.17179,36.12469
20755,5397,-115.17089,36.11006
20756,5398,-73.56351,45.515137
20757,5399,-115.17332,36.11567
20758,2499,-115.17406,36.107925
20759,5400,-115.17618,36.115856
20760,5401,-115.176094,36.10822
20761,5402,-115.1741,36.12134
20762,6644,-115.175095,36.095818
20763,4421,-115.16904,36.124878
20764,5403,-115.30866,36.11444
20765,4421,-115.13014,36.07145
20766,4421,-115.27777,36.130028
20767,4421,-115.11994,36.130054
20768,4421,-115.292,36.156925
20769,4421,-115.17038,36.119
20770,4421,-115.17105,36.12595
20771,4421,-115.16875,36.11044
20772,5404,-115.242935,36.044125
20773,4421,-115.20641,36.17994
20774,5405,-115.29649,36.113503
20775,4421,-115.29649,36.113503
20776,4421,-115.13553,36.166763
20777,5406,-115.137085,36.106686
20778,4421,-115.24293,36.071194
20779,5407,-115.30114,36.09934
20780,4421,-115.10561,36.00054
20781,4421,-115.17618,36.115856
20782,4421,-115.28703,36.166676
20783,4421,-115.33321,36.152905
20784,4421,-115.24325,36.076553
20785,5408,-115.29076,36.15755
20786,4421,-115.28009,36.298874
20787,4421,-115.08955,36.02054
20788,4421,-115.332825,36.14505
20789,4421,-115.155365,36.14737
20790,4659,-115.292,36.156925
20791,5409,-115.29857,36.07719
20792,6644,-115.17503,36.118713
20793,5410,-115.15254,36.151268
20794,6644,-115.06245,36.112835
20795,4421,-115.192894,36.086323
20796,4421,-115.298485,36.078434
20797,5411,-115.307304,36.113556
20798,4421,-115.10866,36.001587
20799,4421,-115.15315,36.013393
20800,5412,-115.17076,36.123367
20801,4421,-115.19478,36.126404
20802,5413,-115.17636,36.117344
20803,4421,-115.220566,36.228363
20804,4421,-115.13987,36.168903
20805,4421,-115.11716,36.014626
20806,5414,-115.230415,36.257675
20807,5415,-115.11997,36.01099
20808,4421,-114.90861,35.969086
20809,4421,-111.970184,33.340645
20810,5416,-115.27217,36.057384
20811,4421,-115.13767,36.124825
20812,4421,-115.24237,36.152786
20813,4421,-115.185265,36.125122
20814,5417,-115.061554,36.112236
20815,6644,-114.9856,36.03308
20816,5418,-115.252426,36.062756
20817,4421,-115.17266,36.068363
20818,4421,-115.119385,36.026558
20819,4421,-115.11196,36.075684
20820,4421,-115.17753,36.10671
20821,5419,-115.12009,36.03372
20822,5420,-115.151955,36.114975
20823,5421,-115.244095,36.049805
20824,4421,-115.08227,36.07001
20825,5422,-115.1183,36.274784
20826,5423,-115.04282,36.067123
20827,5424,-115.17177,36.11931
20828,4421,-115.19124,36.119446
20829,4421,-115.168526,35.96478
20830,4421,-115.2785,36.05658
20831,4421,-115.16965,36.121864
20832,5425,-115.17712,36.13198
20833,6644,-111.842606,33.304005
20834,5426,-115.102516,36.07862
20835,5427,-115.101585,36.078705
20836,5428,-115.075806,36.1242
20837,5429,-114.96007,36.01326
20838,4421,-115.10359,36.116684
20839,5430,-115.187065,36.03707
20840,4421,-111.92555,33.492203
20841,5431,-115.16068,36.175575
20842,4421,-115.29805,36.070038
20843,5432,-115.22447,36.047886
20844,5433,-115.17647,36.14513
20845,2499,-112.28586,33.49289
20846,5582,-115.13575,36.028713
20847,4421,-115.17167,36.11025
20848,5434,-115.11814,36.017586
20849,6644,-115.174355,36.109806
20850,4421,-115.07974,36.072388
20851,5435,-115.08384,36.022102
20852,4421,-115.12043,36.010056
20853,4421,-115.17113,36.12856
20854,5436,-115.10842,36.078125
20855,5437,-112.20237,33.63953
20856,5438,-115.08815,36.07073
20857,2499,-115.10842,36.078125
20858,5439,-115.03126,36.08413
20859,4421,-114.97707,36.04322
20860,5440,-114.98471,36.032623
20861,4421,-115.26008,36.14331
20862,5441,-115.14556,36.172424
20863,4421,-115.16218,36.135162
20864,4421,-115.207405,36.129993
20865,5442,-111.909615,33.348724
20866,5443,-115.14528,36.17145
20867,837,-115.173874,36.109753
20868,6644,-115.061554,36.112236
20869,4421,-115.17279,36.11766
20870,6644,-115.13792,36.168026
20871,4421,-115.25875,36.19565
20872,681,-115.2032,36.092003
20873,4421,-115.33338,36.145733
20874,5444,-115.16587,36.126877
20875,4421,-115.16631,36.12757
20876,5445,-115.168846,36.122505
20877,5446,-115.061554,36.112236
20878,5447,-115.24547,36.165813
20879,6644,-112.07551,33.449596
20880,5448,-115.227455,36.10028
20881,4421,-115.061554,36.112236
20882,5449,-115.1726,36.118793
20883,4421,-115.05253,36.049995
20884,6644,-115.138504,36.117256
20885,6644,-115.09037,36.02096
20886,2499,-115.28553,36.166573
20887,4421,-115.17096,36.09936
20888,6644,-115.046844,36.1084
20889,4421,-115.135445,36.119934
20890,4421,-115.17548,36.098915
20891,5450,-115.201775,36.126526
20892,4421,-115.12638,36.22162
20893,4421,-115.17224,36.041023
20894,4421,-115.15226,36.10708
20895,5451,-115.14637,36.124424
20896,5452,-115.17306,36.091965
20897,837,-111.99899,33.436527
20898,837,-115.273964,36.1448
20899,4421,-115.23995,36.14467
20900,4421,-115.22062,36.144825
20901,4421,-115.141846,36.17241
20902,4421,-115.31455,36.12843
20903,4421,-115.18174,36.291164
20904,5453,-115.167755,36.123943
20905,5454,-115.243126,36.089718
20906,5455,-115.28994,36.16387
20907,4421,-115.170975,36.114277
20908,4421,-115.28559,36.16719
20909,4421,-115.314476,36.12843
20910,5456,-115.17273,36.1108
20911,4421,-115.15202,36.159885
20912,5457,-115.293,36.160576
20913,4421,-115.25775,36.19565
20914,4421,-115.28685,36.289684
20915,4421,-115.2531,36.274574
20916,4421,-115.15123,36.162724
20917,4421,-115.09442,36.005512
20918,4421,-115.297585,36.09778
20919,4421,-115.334816,36.155132
20920,4421,-115.28257,36.198036
20921,5458,-115.24341,36.130524
20922,4421,-115.207794,36.276955
20923,5459,-115.28203,36.302856
20924,5460,-115.29946,36.145557
20925,5461,-115.33271,36.15179
20926,4421,-115.19577,36.10505
20927,5462,-115.33387,36.152832
20928,4421,-115.27994,36.122913
20929,5463,-115.15354,36.11416
20930,2499,-115.22587,36.055244
20931,4421,-115.17328,36.111885
20932,4421,-115.33276,36.15119
20933,5464,-115.27461,36.129803
20934,4421,-115.31481,36.121902
20935,4421,-115.297485,36.11145
20936,4421,-115.30076,36.145542
20937,5465,-115.1401,36.169327
20938,4421,-115.17012,36.122276
20939,4421,-115.28655,36.28842
20940,4421,-115.29679,36.10063
20941,2499,-115.17698,36.111977
20942,4421,-115.27461,36.129803
20943,4421,-115.132225,36.101387
20944,4421,-115.22487,36.06982
20945,4421,-115.12652,36.15846
20946,5466,-115.29809,36.14342
20947,2499,-115.154015,36.12784
20948,4421,-115.13656,36.104473
20949,5467,-115.172554,36.115673
20950,5468,-115.19519,36.20157
20951,5469,-115.16427,36.059887
20952,4421,-115.23581,36.24242
20953,4421,-115.24246,36.09864
20954,5470,-115.27939,36.30072
20955,4421,-115.155754,36.14755
20956,2499,-115.14224,36.170544
20957,4421,-115.33267,36.151546
20958,4421,-115.16904,36.124878
20959,2499,-115.1765,36.10758
20960,5471,-115.29749,36.084473
20961,4421,-115.16792,36.11547
20962,4421,-115.17457,36.127308
20963,5472,-115.196434,36.04008
20964,5473,-115.25231,36.063236
20965,4421,-115.30617,36.113316
20966,4421,-115.25615,36.19697
20967,4421,-115.24333,36.252598
20968,4421,-115.334816,36.155132
20969,5474,-115.298325,36.112583
20970,4421,-115.145584,36.172745
20971,4421,-115.35053,36.16064
20972,4421,-115.181656,36.074207
20973,5475,-115.28794,36.287823
20974,4421,-115.20638,36.006573
20975,5476,-115.117775,36.009586
20976,5477,-115.29656,36.0931
20977,5478,-115.271736,36.276844
20978,4421,-115.29103,36.17573
20979,4421,-115.25931,36.191574
20980,4421,-115.09903,36.072247
20981,4421,-115.115486,36.268105
20982,5479,-115.14214,36.17187
20983,4421,-115.29639,36.114094
20984,5480,-115.260666,36.014347
20985,4421,-115.27998,36.298416
20986,5481,-115.333496,36.15076
20987,4421,-115.287285,36.28381
20988,4421,-115.33276,36.15119
20989,4421,-115.134926,36.01411
20990,5482,-115.302345,36.207073
20991,5483,-115.25931,36.191574
20992,4421,-115.17299,36.128223
20993,5484,-115.332825,36.14505
20994,5485,-115.180664,36.291985
20995,4421,-115.24257,36.199387
20996,5486,-115.11351,36.12936
20997,5487,-114.92394,35.992123
20998,4421,-115.243126,36.089718
20999,4421,-115.15226,36.10708
21000,5488,-115.236664,36.144512
21001,2499,-115.297806,36.101395
21002,5489,-115.17105,36.12595
21003,5490,-115.287285,36.28381
21004,5491,-115.13595,36.159363
21005,5492,-115.25988,36.203743
21006,4421,-115.26148,36.113655
21007,5493,-115.31363,36.157314
21008,2499,-115.33356,36.160988
21009,5494,-115.24271,36.219223
21010,4421,-115.29426,36.14384
21011,4421,-115.259735,36.19451
21012,5495,-111.95149,33.42273
21013,5496,-115.29998,36.147152
21014,4421,-115.24814,36.195267
21015,4421,-115.289116,36.158028
21016,4421,-115.332,36.151814
21017,5497,-115.30882,36.183144
21018,5498,-115.25199,36.05545
21019,5499,-115.25474,36.17893
21020,5500,-115.24628,36.27423
21021,4421,-115.148315,36.11412
21022,5501,-115.32508,36.124886
21023,5502,-115.26048,36.17591
21024,4421,-115.257416,36.142918
21025,4421,-115.3158,36.29146
21026,5503,-115.33276,36.15119
21027,4421,-115.29998,36.147152
21028,5504,-115.284424,36.13854
21029,5505,-115.20145,36.114807
21030,4421,-115.296715,36.09575
21031,4421,-115.31462,36.12889
21032,4421,-115.25931,36.191574
21033,4421,-115.17647,36.14513
21034,4421,-115.29302,36.157192
21035,4421,-115.19051,36.125626
21036,5506,-115.25988,36.203743
21037,5507,-115.25884,36.190624
21038,4421,-115.33338,36.145733
21039,4421,-115.27943,36.142227
21040,4421,-115.17704,36.06895
21041,2499,-115.33241,36.15822
21042,4421,-115.17684,36.1206
21043,5508,-115.281876,36.200466
21044,5509,-115.19263,36.03985
21045,5510,-115.10691,35.999065
21046,4421,-115.191826,36.144268
21047,4421,-115.30882,36.183144
21048,4421,-115.291824,36.158566
21049,4421,-115.32508,36.124886
21050,4421,-115.17453,36.104614
21051,4421,-115.24628,36.27423
21052,4421,-115.110466,36.071354
21053,4421,-114.92888,36.102833
21054,5511,-115.302345,36.207073
21055,4421,-115.096375,36.23609
21056,4421,-115.06474,36.121418
21057,4421,-115.262474,36.219177
21058,4421,-115.2757,36.14452
21059,2499,-115.15152,36.10749
21060,4421,-115.17028,36.12229
21061,4421,-80.005325,40.447388
21062,5512,-115.14096,36.16953
21063,2499,-115.30971,36.11463
21064,4421,-115.2435,36.072044
21065,4421,-115.286934,36.168594
21066,5513,-115.16788,36.099346
21067,6644,-115.33439,36.156796
21068,6692,-115.26147,36.269814
21069,5514,-115.24185,36.043034
21070,4421,-115.24362,36.202663
21071,4421,-115.27639,36.129875
21072,4421,-115.243324,36.08245
21073,4421,-115.173416,36.161705
21074,5515,-115.26494,36.14309
21075,6644,-115.25736,36.19518
21076,4421,-115.287155,36.278053
21077,5516,-115.23672,36.158604
21078,4421,-115.32032,36.159416
21079,5517,-115.1726,36.118793
21080,4421,-115.11942,36.028084
21081,5518,-115.24473,36.064617
21082,4421,-115.209366,36.11818
21083,6644,-115.152054,36.042896
21084,4421,-115.2643,36.142757
21085,5519,-115.27846,36.134956
21086,4421,-115.31455,36.12843
21087,5520,-115.33334,36.16098
21088,5521,-115.04883,36.02805
21089,5522,-115.2682,36.207485
21090,5523,-115.33387,36.152832
21091,5524,-115.168144,36.110283
21092,4421,-115.30664,36.188248
21093,5525,-115.21148,36.227207
21094,4421,-115.17462,36.067844
21095,5526,-115.334236,36.145416
21096,5527,-114.96395,36.01146
21097,4421,-115.288,36.159424
21098,4421,-115.152756,36.04253
21099,4421,-115.30402,36.100548
21100,4421,-115.21327,36.12656
21101,4421,-115.24816,36.195286
21102,4421,-115.178,36.068428
21103,837,-115.22625,36.086525
21104,5528,-115.26228,36.21913
21105,5529,-79.94959,40.44351
21106,4421,-115.281075,36.05369
21107,5530,-115.25033,36.21986
21108,4421,-115.16965,36.121864
21109,4421,-115.3158,36.29146
21110,4421,-115.150055,36.239807
21111,4421,-115.25988,36.203743
21112,5531,-115.230415,36.257675
21113,4421,-115.28963,36.16418
21114,4421,-115.24816,36.195286
21115,4421,-115.271904,36.2331
21116,6644,-115.12652,36.15846
21117,4421,-115.13809,36.010376
21118,5532,-115.15458,36.119186
21119,4421,-115.29987,36.147263
21120,4421,-115.15123,36.162724
21121,5533,-115.20929,36.117195
21122,4813,-115.19822,36.12595
21123,5534,-115.224655,36.12339
21124,4421,-115.2531,36.274574
21125,4421,-115.147995,36.239197
21126,5535,-115.30406,36.193325
21127,5536,-115.142944,36.27507
21128,5537,-115.25659,36.1972
21129,4421,-115.25066,36.19562
21130,2499,-115.12652,36.15846
21131,4421,-115.31169,36.14568
21132,5538,-115.16901,35.965446
21133,2499,-112.29537,33.511894
21134,4421,-115.15126,36.1089
21135,4421,-115.17223,36.067635
21136,4421,-115.10457,36.130226
21137,4421,-115.19263,36.03985
21138,4421,-115.1721,36.160328
21139,5539,-115.20964,36.12702
21140,4421,-115.17111,35.96575
21141,5540,-115.095665,35.955563
21142,4421,-115.20641,36.17994
21143,4421,-115.17561,36.09244
21144,4421,-115.13894,36.16672
21145,2499,-115.33513,36.15711
21146,4421,-115.2782,36.04246
21147,4421,-115.30664,36.188248
21148,5541,-115.22587,36.055244
21149,6644,-115.15387,36.110085
21150,7285,-115.35168,36.159485
21151,4421,-80.83798,35.227764
21152,5542,-115.29656,36.0931
21153,4421,-115.150055,36.239807
21154,4421,-115.26048,36.17591
21155,5543,-115.27841,36.112347
21156,4421,-115.179085,36.11224
21157,5544,-115.1068,36.071945
21158,5545,-115.15126,36.1089
21159,4421,-115.30459,36.11395
21160,5546,-115.17698,36.107407
21161,4421,-115.33241,36.15822
21162,5547,-115.20635,35.995155
21163,4421,-115.13962,36.170086
21164,4421,-115.33321,36.152905
21165,4421,-115.28921,36.164627
21166,4421,-115.33308,36.14901
21167,5548,-115.13894,36.16672
21168,5549,-115.14007,36.167534
21169,2499,-115.26318,36.271908
21170,4421,-115.14064,36.167877
21171,4421,-115.17086,36.10993
21172,4421,-115.29855,36.078938
21173,4421,-115.23734,36.143967
21174,5550,-115.2682,36.207485
21175,5551,-115.20942,36.12682
21176,4421,-115.17143,36.135014
21177,5552,-115.25988,36.203743
21178,4421,-115.17375,36.103863
21179,4421,-115.31403,36.115417
21180,5553,-115.28009,36.298874
21181,5554,-115.24127,36.084476
21182,4421,-115.289375,36.163605
21183,4421,-115.13792,36.168026
21184,5555,-115.30234,36.100346
21185,4421,-115.273125,36.06686
21186,4421,-115.2682,36.207485
21187,5556,-115.2682,36.207485
21188,2499,-115.28703,36.166676
21189,5557,-115.25875,36.19565
21190,4421,-115.27838,36.058094
21191,5558,-115.24999,36.240395
21192,4421,-115.27989,36.12319
21193,4421,-115.14224,36.240005
21194,4421,-115.21496,36.158863
21195,4421,-115.2092,36.246758
21196,4421,-115.2116,36.12568
21197,4421,-115.18035,36.261158
21198,5559,-115.17457,36.11622
21199,5560,-115.26451,36.27111
21200,5561,-115.225945,36.239635
21201,4421,-115.13894,36.16672
21202,4421,-115.138435,36.167526
21203,4421,-115.27691,36.219048
21204,5562,-115.24271,36.219223
21205,4421,-115.135925,36.11814
21206,4421,-115.19822,36.12595
21207,4421,-115.234955,36.243893
21208,4421,-115.29776,36.097992
21209,5563,-115.21165,36.23838
21210,4421,-115.22056,36.04819
21211,5564,-115.23011,36.143112
21212,5565,-115.3115,36.158897
21213,5566,-115.21165,36.23838
21214,837,-115.25988,36.203743
21215,4421,-115.28642,36.220387
21216,4421,-115.13639,36.175
21217,5567,-115.28009,36.298874
21218,4421,-115.207794,36.276955
21219,4421,-115.17712,36.13198
21220,6644,-115.15265,36.012516
21221,4421,-115.225,36.069855
21222,4421,-115.17337,36.104424
21223,4421,-115.24271,36.219223
21224,4421,-115.101585,35.99378
21225,4421,-115.15265,36.012516
21226,4421,-115.11935,36.011665
21227,4421,-115.17593,36.068153
21228,5568,-115.15458,36.119186
21229,4421,-115.11952,36.0125
21230,4421,-115.17582,36.11773
21231,5569,-115.04146,36.05681
21232,5570,-115.28703,36.166676
21233,6644,-115.209656,36.127045
21234,5571,-115.174644,36.109913
21235,5572,-115.257774,36.197437
21236,5573,-115.117096,36.016495
21237,4421,-115.18366,36.04195
21238,5574,-115.20955,36.12644
21239,2499,-114.90861,35.969086
21240,4421,-115.11491,36.02818
21241,5575,-115.17684,36.1206
21242,5576,-115.24293,36.071194
21243,837,-115.27986,36.05459
21244,4421,-115.28559,36.16719
21245,4421,-115.19822,36.12595
21246,5577,-115.27854,36.04236
21247,6644,-115.14289,36.143345
21248,5578,-115.17618,36.115856
21249,4421,-115.20207,36.090256
21250,5579,-115.16792,36.11547
21251,6644,-115.16915,36.054928
21252,4421,-115.03417,36.06388
21253,2499,-115.1765,36.10758
21254,5580,-115.26148,36.113655
21255,5581,-115.17382,36.107162
21256,4421,-115.11873,36.02791
21257,5582,-115.11157,36.00645
21258,4421,-115.298325,36.112583
21259,5583,-115.19046,36.12615
21260,4421,-115.21148,36.227207
21261,5584,-115.25033,36.21986
21262,2499,-115.20955,36.12644
21263,4421,-115.21148,36.227207
21264,5585,-112.30007,33.594315
21265,4421,-115.21148,36.227207
21266,4421,-115.172455,36.106503
21267,5586,-115.244095,36.0458
21268,5587,-115.243546,36.04771
21269,5588,-115.17818,36.106815
21270,7880,-115.21148,36.227207
21271,4421,-115.21148,36.227207
21272,4421,-115.298256,36.09195
21273,4421,-115.298325,36.112583
21274,4421,-115.128525,36.100018
21275,4421,-115.30727,36.08632
21276,5589,-115.23581,36.24242
21277,4421,-115.15342,36.16589
21278,4421,-115.13988,36.1688
21279,4421,-115.17435,36.106205
21280,5590,-115.23581,36.24242
21281,5591,-115.17143,36.135014
21282,4421,-115.16901,35.965446
21283,4421,-115.225,36.069855
21284,5592,-115.308624,36.11392
21285,4421,-115.325775,36.219326
21286,5593,-115.274605,36.286705
21287,5594,-115.14007,36.167534
21288,4421,-115.24359,36.152584
21289,5595,-115.04358,36.06423
21290,4421,-115.334236,36.145416
21291,4421,-115.32462,36.21867
21292,4421,-115.33276,36.15119
21293,5596,-115.17603,36.11833
21294,5597,-115.13573,36.118217
21295,4421,-115.2274,36.100925
21296,5598,-115.29689,36.095848
21297,5599,-115.17105,36.12595
21298,4421,-115.167725,36.103397
21299,2499,-115.17131,36.11928
21300,5600,-115.27721,36.306732
21301,5601,-115.1726,36.118793
21302,5602,-115.220406,36.0995
21303,5603,-115.17234,36.11635
21304,5604,-115.19812,36.197575
21305,4421,-115.333466,36.14836
21306,4421,-115.275795,36.143433
21307,4421,-115.23664,36.115025
21308,4421,-115.24257,36.199387
21309,4379,-115.28009,36.298874
21310,4421,-115.33276,36.15119
21311,4421,-115.273964,36.1448
21312,4421,-115.13808,36.167904
21313,5605,-115.33276,36.15119
21314,4421,-115.24279,36.198753
21315,5606,-115.22326,36.175903
21316,4421,-115.28553,36.166573
21317,5607,-115.15389,36.11355
21318,4421,-115.253624,36.274426
21319,4421,-115.230415,36.257675
21320,5608,-115.23581,36.24242
21321,4421,-115.15432,36.12187
21322,4421,-115.30521,36.193584
21323,4421,-115.19622,36.205273
21324,4421,-115.24547,36.165813
21325,4421,-115.171005,36.099377
21326,4421,-115.33276,36.15119
21327,4421,-115.23734,36.143967
21328,5609,-115.153404,36.150333
21329,4421,-115.22522,36.127533
21330,5610,-115.229675,36.159576
21331,4421,-115.17193,36.127487
21332,6644,-115.28994,36.16387
21333,5611,-115.25033,36.21986
21334,4421,-115.287254,36.281345
21335,4421,-115.13987,36.168903
21336,5612,-115.286575,36.277733
21337,2499,-115.234184,36.24042
21338,4421,-115.31339,36.178013
21339,5613,-115.286766,36.282753
21340,5614,-115.0864,36.02079
21341,4421,-115.22447,36.047886
21342,5615,-115.28008,36.057022
21343,5616,-115.20899,36.141186
21344,4421,-115.14002,36.16929
21345,4421,-115.23531,36.241806
21346,5617,-115.334236,36.145416
21347,4421,-115.153946,36.26045
21348,2499,-115.17659,36.091938
21349,4421,-115.26802,36.055946
21350,4421,-115.180664,36.291985
21351,5618,-115.174095,36.09128
21352,6644,-115.14788,36.161
21353,4421,-115.175835,36.117725
21354,4758,-115.27027,36.29733
21355,4421,-115.271736,36.276844
21356,5619,-115.24284,36.24908
21357,4421,-115.24284,36.24908
21358,5620,-111.92172,33.49726
21359,4421,-115.30549,36.190956
21360,4421,-115.13962,36.170086
21361,4421,-115.275085,36.056904
21362,4421,-115.20741,36.123623
21363,5621,-115.331406,36.15959
21364,5622,-115.17496,36.121323
21365,4421,-115.29833,36.211716
21366,4421,-115.33151,36.161934
21367,4685,-115.30234,36.100346
21368,5623,-115.33539,36.160652
21369,4421,-115.27785,36.135544
21370,6644,-115.244156,36.047306
21371,5624,-115.33295,36.146164
21372,4421,-115.249435,36.301983
21373,4421,-115.27962,36.054382
21374,5625,-115.28817,36.29043
21375,4421,-115.30406,36.193325
21376,5626,-115.29835,36.077435
21377,4421,-115.14096,36.143673
21378,4421,-115.209915,36.126427
21379,5627,-115.178215,36.068935
21380,5628,-115.11917,36.03546
21381,5629,-115.30353,36.19177
21382,4421,-115.209015,36.276863
21383,4421,-115.176895,36.23922
21384,2499,-115.2876,36.114456
21385,4421,-115.206345,35.994972
21386,4421,-115.294365,36.115223
21387,5630,-115.27957,36.124172
21388,5631,-115.246185,36.12342
21389,4421,-115.29646,36.101376
21390,4421,-115.260765,36.266853
21391,4421,-115.177536,36.06837
21392,4421,-115.30549,36.190956
21393,7064,-115.30234,36.100346
21394,4421,-115.30409,36.19329
21395,5632,-115.2876,36.159523
21396,4421,-115.25154,36.159424
21397,5633,-115.2691,36.056004
21398,4421,-115.27811,36.114395
21399,4421,-115.28829,36.278114
21400,5634,-115.243576,36.140995
21401,4421,-115.25093,36.055206
21402,4421,-115.123695,36.16971
21403,5635,-115.306274,36.115807
21404,4421,-114.945274,36.010345
21405,4421,-115.05954,36.064503
21406,4421,-115.25216,36.30513
21407,4421,-115.04623,36.158062
21408,4421,-115.07913,36.17244
21409,5636,-115.048004,36.135414
21410,2499,-115.1702,36.12269
21411,4421,-115.17196,36.120907
21412,2499,-115.16931,36.102528
21413,4421,-115.30722,36.09957
21414,4421,-115.271736,36.276844
21415,5637,-115.15383,36.157158
21416,4421,-115.309296,36.108513
21417,4421,-115.20848,36.083973
21418,6644,-115.17259,36.112953
21419,4421,-115.33387,36.152832
21420,5638,-115.280014,36.056793
21421,4421,-115.32163,36.160423
21422,4421,-115.30459,36.11395
21423,5639,-115.19582,36.17244
21424,4421,-115.12529,36.10026
21425,4421,-115.334816,36.155132
21426,4421,-115.1795,36.286583
21427,4421,-115.3058,36.10064
21428,5640,-115.29135,36.07459
21429,5641,-115.27989,36.12319
21430,4421,-115.16841,36.12458
21431,4421,-115.04797,36.025887
21432,5642,-115.3083,36.183617
21433,5643,-115.333855,36.155964
21434,4421,-115.33276,36.15119
21435,4421,-115.24407,36.047813
21436,4421,-115.29743,36.09684
21437,4421,-115.278114,36.042046
21438,5644,-115.334236,36.145416
21439,5645,-115.243866,36.086548
21440,4421,-115.25206,36.063076
21441,2499,-115.213745,36.145252
21442,2499,-115.1726,36.118793
21443,4421,-115.20974,36.114937
21444,5646,-111.68752,33.32716
21445,5647,-115.19034,36.09584
21446,4421,-115.17156,36.11732
21447,4421,-115.28257,36.198036
21448,4421,-115.24352,36.07097
21449,6644,-115.11763,36.016068
21450,4421,-115.17516,36.109875
21451,4421,-115.27303,36.14479
21452,2499,-115.09037,36.02096
21453,4421,-115.22625,36.086525
21454,5648,-115.14224,36.170544
21455,4421,-115.241516,36.064106
21456,6644,-115.16935,35.965126
21457,5649,-115.13805,36.121098
21458,4421,-115.30076,36.145542
21459,6644,-115.14479,36.170017
21460,4421,-115.15472,36.115124
21461,5650,-115.22308,36.125862
21462,4421,-115.26203,36.070213
21463,5651,-73.55787,45.50043
21464,4421,-115.17582,36.11773
21465,6644,-112.10023,33.626423
21466,5652,-115.33271,36.15179
21467,6644,-115.17618,36.115856
21468,4421,-115.20638,36.006573
21469,5653,-115.2418,36.078686
21470,4421,-115.110466,36.071354
21471,4421,-115.207306,36.131718
21472,6644,-115.154816,36.124176
21473,5654,-115.13573,36.118217
21474,4421,-115.28992,36.160503
21475,4421,-115.119125,36.02624
21476,4421,-115.100845,35.993855
21477,4421,-115.2811,36.114468
21478,4421,-115.20527,35.995117
21479,4421,-115.25093,36.055206
21480,4421,-115.29776,36.097992
21481,4421,-115.21196,36.143814
21482,4421,-115.314476,36.116676
21483,5655,-115.24235,36.146244
21484,5656,-115.16762,36.126415
21485,5657,-115.25826,36.195614
21486,4421,-115.17196,36.120907
21487,5658,-115.201775,36.126526
21488,4421,-115.138435,36.167526
21489,4421,-115.27553,36.129856
21490,5659,-115.15448,36.11884
21491,5660,-112.35819,33.494293
21492,6644,-115.236664,36.144512
21493,4421,-115.256714,36.195576
21494,4421,-115.27777,36.130028
21495,5661,-115.33387,36.152832
21496,2499,-115.236664,36.144512
21497,4421,-115.2231,36.143227
21498,2499,-115.18299,36.146267
21499,2499,-115.14289,36.143345
21500,6644,-115.17535,36.070137
21501,2499,-115.16842,36.124947
21502,4358,-115.19247,36.157032
21503,4421,-115.2439,36.021667
21504,4421,-115.138504,36.117256
21505,4421,-115.22551,36.17232
21506,4421,-115.29998,36.147152
21507,4421,-115.101585,35.99378
21508,5662,-115.28214,36.201843
21509,2499,-73.55591,45.5014
21510,5663,-115.14406,36.171234
21511,6644,-115.17167,36.11025
21512,2499,-115.17262,36.12956
21513,2499,-115.17644,36.116367
21514,2499,-115.13567,36.176983
21515,2499,-115.17075,36.101788
21516,6644,-115.15097,36.085175
21517,6644,-115.24814,36.195267
21518,6644,-115.17552,36.112335
21519,6644,-115.1728,36.112175
21520,2499,-115.17086,36.10993
21521,2499,-115.14637,36.124424
21522,2499,-115.174355,36.109806
21523,2499,-115.13056,36.10134
21524,5664,-115.17127,36.11288
21525,2499,-115.20114,36.14425
21526,2499,-115.17437,36.10206
21527,2499,-115.16788,36.099346
21528,2499,-115.1732,36.104378
21529,4421,-115.10294,36.100693
21530,2499,-111.96372,33.34416
21531,2499,-115.17307,36.123154
21532,2499,-73.750114,45.456585
21533,2499,-115.209656,36.127045
21534,6644,-115.16587,36.126877
21535,2499,-115.16788,36.099346
21536,2499,-115.17262,36.118378
21537,6644,-111.95117,33.421658
21538,2499,-115.17063,36.12298
21539,6644,-115.155556,36.14742
21540,6644,-115.17577,36.011356
21541,2499,-73.57752,45.516
21542,2499,-115.16342,36.112488
21543,6644,-115.174644,36.109913
21544,5665,-115.1736,36.101585
21545,6644,-115.17493,36.10478
21546,6644,-115.173874,36.109753
21547,6644,-115.176315,36.109913
21548,6644,-115.19448,36.126213
21549,6644,-115.17124,36.11788
21550,6644,-115.16929,36.122322
21551,2499,-115.14406,36.171234
21552,2499,-115.17181,36.12074
21553,5666,-115.201775,36.126526
21554,6644,-115.17704,36.10762
21555,2499,-115.14844,36.16738
21556,2499,-115.16296,36.12714
21557,4421,-115.20685,36.11581
21558,6644,-115.174355,36.092293
21559,2499,-115.19489,36.126404
21560,6644,-115.20741,36.123623
21561,2499,-115.17087,36.10242
21562,2499,-115.17179,36.12469
21563,5667,-115.17473,36.098732
21564,6644,-115.17818,36.10713
21565,6644,-115.1726,36.118793
21566,4421,-115.17437,36.10206
21567,6644,-115.17395,36.11303
21568,2499,-115.16449,36.193768
21569,2499,-115.172714,36.11888
21570,2499,-115.167694,36.103054
21571,4421,-115.16309,36.136738
21572,5668,-115.169395,36.103374
21573,4421,-115.11736,36.014675
21574,2499,-115.16788,36.099346
21575,5669,-115.17345,36.10306
21576,2499,-3.1872525,55.957165
21577,2499,-115.163124,36.133614
21578,4421,-115.172455,36.106503
21579,4421,-115.192665,36.11576
21580,2499,-115.18233,36.112045
21581,4421,-115.16818,36.117462
21582,5670,-115.16788,36.099346
21583,2499,-115.17087,36.10242
21584,2499,-115.186485,36.1187
21585,6644,-115.17345,36.10306
21586,2499,-115.17482,36.095684
21587,8193,-3.1827185,55.949398
21588,4421,-115.257774,36.197437
21589,2499,-115.17601,36.104332
21590,2499,-115.141884,36.16918
21591,2499,-115.171165,36.117874
21592,5671,-115.17698,36.107407
21593,4421,-115.28649,36.29152
21594,5672,-115.20567,36.16626
21595,2499,-115.15152,36.10749
21596,5673,-115.16788,36.099346
21597,2499,-115.17348,36.037968
21598,6644,-115.224655,36.12339
21599,2499,-115.155556,36.14742
21600,2499,-115.17295,36.10156
21601,4421,-115.186485,36.1187
21602,6644,-115.17113,36.12856
21603,5674,-115.175385,36.093647
21604,6644,-115.17139,36.135098
21605,4421,-115.273125,36.06686
21606,4421,-115.15585,36.259933
21607,4421,-115.169624,36.068302
21608,5675,-115.200645,36.115417
21609,2499,-115.18331,36.041283
21610,6644,-115.21883,36.125946
21611,2499,-115.17534,36.11709
21612,6644,-115.23664,36.115025
21613,2499,-115.17669,36.117455
21614,4421,-115.15154,36.13614
21615,6644,-115.17437,36.10206
21616,4421,-115.22562,36.12503
21617,4421,-115.20959,36.12621
21618,4421,-115.224075,36.12743
21619,5676,-115.14289,36.143345
21620,2499,-115.14289,36.143345
21621,6644,-115.16938,36.12179
21622,5677,-115.297585,36.09778
21623,2499,-115.17253,36.1181
21624,2499,-115.17382,36.107162
21625,2499,-115.19443,36.12589
21626,4421,-115.157875,36.142757
21627,6644,-115.16597,36.125782
21628,6644,-115.21883,36.125946
21629,4421,-115.14206,36.10715
21630,4421,-112.073395,33.477222
21631,6644,-115.21883,36.125946
21632,4421,-115.30624,36.192863
21633,4421,-115.286644,36.277836
21634,4421,-115.286934,36.168594
21635,4806,-115.22487,36.06982
21636,4421,-115.062546,36.029587
21637,4421,-115.14252,36.142284
21638,4421,-115.11493,36.02905
21639,4421,-115.24562,36.1436
21640,2499,-115.17086,36.10993
21641,4421,-115.204056,36.12628
21642,6644,-115.21883,36.125946
21643,4421,-115.33387,36.152832
21644,5678,-115.132126,36.04201
21645,2499,-115.17158,36.05367
21646,5679,-115.22433,36.12833
21647,4421,-115.27853,36.057846
21648,4421,-115.18724,36.11537
21649,4421,-115.19,36.23888
21650,4421,-115.31458,36.128937
21651,6726,-115.281296,36.05612
21652,4421,-115.242714,36.036674
21653,4421,-115.306274,36.115807
21654,4421,-115.286766,36.282753
21655,2499,-115.28703,36.166676
21656,5680,-115.17259,36.112953
21657,5681,-115.21391,36.12671
21658,4421,-115.27846,36.134956
21659,2499,-115.27927,36.055016
21660,5682,-115.29656,36.0931
21661,4421,-115.292,36.156925
21662,4421,-115.314476,36.12843
21663,4421,-115.30114,36.09934
21664,4421,-115.222206,36.15993
21665,5683,-115.29794,36.106503
21666,4421,-115.17582,36.11773
21667,5684,-115.20685,36.11581
21668,4421,-115.046585,36.066486
21669,6644,-115.16997,36.11293
21670,5685,-115.16466,36.13767
21671,5686,-115.17535,36.070137
21672,5687,-115.24365,36.05732
21673,4421,-115.22501,36.127296
21674,6644,-115.20169,36.103138
21675,4421,-115.26657,36.021244
21676,4421,-115.19394,36.126083
21677,6644,-115.1563,36.142338
21678,5688,-115.29801,36.125645
21679,5689,-115.24133,36.055412
21680,5690,-115.06383,36.174416
21681,5691,-114.8582,35.969296
21682,2499,-115.21391,36.12671
21683,4421,-115.29653,36.09671
21684,5692,-115.13931,36.167286
21685,4421,-115.22582,36.145847
21686,4421,-115.243546,36.04771
21687,4421,-115.21391,36.12671
21688,4421,-115.19761,36.14399
21689,4421,-115.25659,36.114704
21690,4421,-115.1068,36.071945
21691,5693,-115.07823,36.159264
21692,4421,-115.1752,36.091843
21693,5694,-115.298485,36.078434
21694,4421,-115.24277,36.17973
21695,5695,-115.175285,36.06618
21696,2499,-115.30081,36.14653
21697,2499,-115.172554,36.111877
21698,2499,-115.164635,36.15917
21699,5696,-115.22501,36.127445
21700,4421,-115.251236,36.06695
21701,4421,-115.29646,36.101376
21702,4421,-115.27973,36.119114
21703,5697,-115.17223,36.110733
21704,5740,-115.24359,36.12527
21705,4421,-115.29864,36.076557
21706,4421,-115.24508,36.159706
21707,4421,-115.28559,36.16719
21708,4421,-115.23093,36.154648
21709,5698,-115.20227,36.10571
21710,2499,-115.07974,36.072388
21711,4421,-115.16869,36.127796
21712,5699,-115.27777,36.130028
21713,4421,-115.253624,36.14308
21714,6644,-115.17087,36.10242
21715,4421,-115.29426,36.14384
21716,4421,-115.178,36.068428
21717,4421,-115.29823,36.095207
21718,837,-115.251495,36.143406
21719,5700,-115.1183,36.274784
21720,4421,-115.30617,36.113316
21721,5701,-115.13811,36.11562
21722,5702,-115.262115,36.196945
21723,4421,-115.29792,36.11229
21724,5703,-115.118515,36.019787
21725,2499,-115.1912,36.126503
21726,4421,-115.163124,36.133614
21727,4421,-115.20741,36.123623
21728,4421,-115.26148,36.113655
21729,4421,-115.186485,36.1187
21730,4421,-115.17259,36.112953
21731,4421,-115.20964,36.12702
21732,4421,-115.23664,36.115025
21733,4421,-115.33896,36.151318
21734,5704,-115.1741,36.12124
21735,4421,-115.20942,36.12682
21736,5705,-115.31392,36.14581
21737,5706,-115.0391,36.06487
21738,4421,-115.23067,36.145134
21739,4421,-115.24189,36.112988
21740,5707,-115.248405,36.124184
21741,5708,-115.23067,36.145134
21742,4421,-115.16762,36.126415
21743,4421,-115.29191,36.0708
21744,4421,-115.27944,36.123875
21745,4421,-115.27989,36.12319
21746,2499,-115.201775,36.126526
21747,4421,-115.20722,36.03344
21748,4421,-115.2249,36.047733
21749,4421,-115.242714,36.036674
21750,5709,-115.244,36.05142
21751,4421,-115.33344,36.150024
21752,5710,-115.13955,36.16874
21753,5711,-115.24186,36.062195
21754,6644,-115.20964,36.12702
21755,5712,-115.29178,36.143696
21756,4421,-115.17223,36.06783
21757,4421,-115.15396,36.157898
21758,4421,-115.223816,36.237503
21759,5713,-115.33302,36.159527
21760,4421,-115.04282,36.067123
21761,4421,-115.18211,36.144463
21762,4421,-115.1087,36.14329
21763,4421,-115.20848,36.07308
21764,5714,-115.08266,36.15512
21765,5715,-115.1396,36.169117
21766,4421,-115.22625,36.086525
21767,5716,-115.24293,36.071194
21768,5717,-115.02765,36.04114
21769,5718,-115.27944,36.123875
21770,5719,-115.24212,36.075893
21771,4421,-115.25199,36.05545
21772,6644,-115.177,36.11199
21773,837,-115.17229,36.115147
21774,6644,-115.17406,36.107925
21775,5720,-115.21391,36.12671
21776,2499,-115.17106,36.11242
21777,4421,-115.04282,36.067123
21778,6644,-115.167,36.12617
21779,2499,-115.1779,36.11717
21780,6644,-115.181755,36.111107
21781,6644,-115.17345,36.10306
21782,5721,-115.28134,36.167
21783,2499,-115.33159,36.160686
21784,6644,-115.15112,36.086338
21785,4421,-115.17224,36.041023
21786,4421,-115.17234,36.110107
21787,5722,-115.24487,36.17133
21788,5723,-115.20693,36.195778
21789,5724,-115.08955,36.02054
21790,4421,-115.17283,36.132774
21791,4421,-115.2782,36.108463
21792,4421,-115.11599,36.027836
21793,4421,-115.10117,36.01859
21794,4421,-115.33314,36.156986
21795,4421,-115.17262,36.118378
21796,5725,-115.273125,36.06686
21797,4421,-115.10691,35.999065
21798,5726,-115.17785,36.276077
21799,5727,-115.253624,36.14308
21800,4421,-115.180664,36.291985
21801,5728,-115.20818,36.149048
21802,4421,-115.258965,36.180824
21803,6644,-115.20734,36.088776
21804,4421,-115.251495,36.143406
21805,4421,-115.22467,36.159973
21806,5729,-115.112,36.10026
21807,4421,-115.17264,36.11758
21808,5730,-115.20728,36.15881
21809,5731,-115.179085,36.11224
21810,4421,-115.15126,36.1089
21811,4421,-115.17196,36.120907
21812,4421,-115.138504,36.117256
21813,5732,-115.26921,36.159355
21814,5733,-115.17534,36.11709
21815,4421,-115.14027,36.171307
21816,4421,-115.298065,36.147495
21817,4421,-115.26286,36.143204
21818,2499,-115.171005,36.099377
21819,5734,-115.27532,36.054115
21820,5735,-115.15427,36.1187
21821,4421,-115.1978,36.1269
21822,4421,-115.14101,36.16948
21823,4421,-115.28386,36.114388
21824,4421,-115.27853,36.057846
21825,4421,-115.11687,36.072422
21826,5736,-115.26749,36.02092
21827,2499,-114.987305,36.036503
21828,4421,-115.174416,36.1097
21829,4421,-115.225624,36.113327
21830,4421,-115.08136,36.019154
21831,4421,-115.14064,36.167877
21832,4421,-115.22663,36.143787
21833,6644,-115.22663,36.143787
21834,4421,-115.04155,36.063816
21835,4421,-115.2439,36.044876
21836,4421,-115.33278,36.150646
21837,4421,-115.11944,36.085712
21838,4421,-115.26147,36.269814
21839,4421,-115.27973,36.119114
21840,4421,-115.270966,36.019173
21841,5737,-115.20818,36.149048
21842,5738,-115.33511,36.16059
21843,6644,-115.29678,36.09923
21844,4421,-115.246254,36.064285
21845,4421,-115.2782,36.108463
21846,4421,-115.167755,36.123943
21847,5739,-115.29667,36.09778
21848,6644,-115.17274,36.11424
21849,5740,-115.29689,36.095848
21850,4421,-115.17301,36.12827
21851,4421,-115.173874,36.109753
21852,5741,-115.200645,36.115417
21853,5742,-115.279755,36.056583
21854,5743,-115.25093,36.055206
21855,4421,-115.33338,36.145733
21856,5744,-115.27912,36.12602
21857,5745,-115.14096,36.16953
21858,5746,-115.101685,35.997723
21859,5747,-115.16961,36.121452
21860,4421,-115.08096,36.076263
21861,4421,-115.142006,36.17183
21862,5748,-115.209656,36.126728
21863,4421,-115.22461,36.05132
21864,4421,-115.242714,36.036674
21865,5749,-115.17223,36.06783
21866,4421,-115.15323,36.042797
21867,4421,-115.332535,36.116005
21868,2499,-115.242165,36.05671
21869,5750,-115.29822,36.09571
21870,4421,-115.273125,36.06686
21871,5751,-115.30615,36.114666
21872,4421,-115.164894,36.129868
21873,4421,-115.2858,36.158028
21874,4421,-115.045975,36.026535
21875,4421,-115.33439,36.156796
21876,4266,-115.12455,35.996838
21877,5752,-115.29797,36.12315
21878,4421,-115.22381,36.115894
21879,4421,-115.17322,36.119038
21880,4421,-115.117775,36.009586
21881,4421,-115.27553,36.129856
21882,4421,-115.2833,36.05521
21883,7057,-115.28331,36.05509
21884,4421,-115.2966,36.0958
21885,4421,-115.2966,36.0958
21886,4421,-115.17278,36.0908
21887,6644,-115.172424,36.101196
21888,2499,-115.1677,36.125965
21889,6644,-115.141884,36.16918
21890,2499,-115.17465,36.10597
21891,5753,-115.1741,36.12124
21892,2499,-115.16879,36.122967
21893,5754,-115.16792,36.11547
21894,2499,-115.1684,36.124554
21895,2499,-115.1702,36.12269
21896,6644,-80.842155,35.22921
21897,6644,-115.173874,36.10978
21898,4421,-115.16866,36.117542
21899,4421,-115.14294,36.16929
21900,5755,-115.145004,36.173058
21901,6644,-115.21345,36.099895
21902,4421,-115.138016,36.276897
21903,4421,-115.04623,36.158062
21904,4421,-115.23011,36.143112
21905,5756,-115.19636,36.125397
21906,5757,-115.19697,36.239685
21907,5758,-80.841095,35.222584
21908,4421,-115.132935,36.16576
21909,5759,-115.15074,36.169456
21910,5760,-115.20152,36.115112
21911,4421,-115.14637,36.124424
21912,5761,-115.1466,36.171837
21913,5762,-115.25078,36.064754
21914,5763,-115.17234,36.110107
21915,4421,-115.11712,36.01646
21916,5764,-115.17234,36.110107
21917,4421,-115.209816,36.14866
21918,4421,-115.117195,36.101982
21919,4421,-80.944466,35.22019
21920,4421,-115.242775,36.05562
21921,4421,-115.25199,36.05545
21922,4421,-115.17768,36.06848
21923,5765,-79.97875,40.42839
21924,4,-80.001076,40.454426
21925,4,-79.94432,40.499287
21926,4,-80.01507,40.432384
21927,5766,-79.973724,40.458508
21928,4,-79.90444,40.490192
21929,4,-79.983826,40.42946
21930,4,-79.92136,40.437847
21931,4421,-115.169655,36.12119
21932,2499,-115.17264,36.11758
21933,2499,-115.17435,36.106205
21934,5767,-79.95081,40.462925
21935,4,-79.957695,40.441357
21936,2499,-79.97547,40.457336
21937,2499,-79.94862,40.44485
21938,4,-79.95889,40.47313
21939,5768,-115.16619,36.062668
21940,4,-80.00198,40.442326
21941,5769,-80.01645,40.452095
21942,5770,-115.17659,36.091938
21943,2499,-79.98665,40.448902
21944,2499,-80.85876,35.211227
21945,4,-80.01085,40.445976
21946,2499,-89.32574,43.126083
21947,4,-79.98332,40.451687
21948,4,-79.97682,40.428272
21949,5771,-80.00456,40.433006
21950,4421,-115.14406,36.171234
21951,5772,-115.18492,36.126205
21952,4,-79.95289,40.46396
21953,5773,-79.913895,40.45003
21954,5774,-79.94882,40.44453
21955,5775,-3.195602,55.9491
21956,4,-79.982544,40.45203
21957,837,-115.15259,36.108295
21958,5776,-80.0353,40.396107
21959,4,-80.030235,40.40527
21960,6644,-79.99148,40.457184
21961,2499,-79.964424,40.462208
21962,4,-79.964424,40.462208
21963,5777,-79.98423,40.45088
21964,5778,-79.95574,40.465664
21965,4,-79.92535,40.45992
21966,4,-79.97939,40.428425
21967,681,-115.13902,36.088516
21968,4,-79.9645,40.42877
21969,4,-79.94274,40.458626
21970,2499,-79.98444,40.451694
21971,5779,-79.948975,40.444817
21972,4,-80.080826,40.440277
21973,6644,-80.00618,40.44055
21974,6021,-79.97943,40.42843
21975,2499,-79.9645,40.42877
21976,5780,-79.97806,40.428833
21977,4,-79.982285,40.453495
21978,5781,-79.95674,40.441223
21979,5782,-115.17382,36.107162
21980,5783,-79.983086,40.429043
21981,2499,-111.93356,33.492912
21982,5784,-73.571625,45.500557
21983,2499,-115.16961,36.121452
21984,2499,-79.91776,40.407154
21985,4,-79.99732,40.442425
21986,2499,-115.137596,36.104164
21987,2499,-79.965904,40.426647
21988,4,-79.94854,40.461113
21989,837,-111.982285,33.32033
21990,4,-79.99823,40.44394
21991,5785,-79.972244,40.428
21992,4,-80.005325,40.447388
21993,2499,-79.95315,40.442776
21994,4,-79.9935,40.446003
21995,4,-79.92274,40.43773
21996,4,-79.95116,40.482693
21997,4,-79.9693,40.42785
21998,5786,-79.92326,40.433186
21999,2499,-79.95085,40.450356
22000,5787,-79.982285,40.453495
22001,5788,-80.01768,40.437695
22002,4,-79.961075,40.46995
22003,2499,-115.17179,36.12469
22004,5789,-79.90987,40.40733
22005,4,-80.001785,40.44048
22006,4,-79.986626,40.428585
22007,5790,-79.94864,40.446068
22008,5791,-79.950005,40.462513
22009,4,-79.957184,40.441933
22010,5792,-79.913895,40.45003
22011,2499,-79.92284,40.43771
22012,2499,-73.57003,45.516933
22013,2499,-115.17368,36.12316
22014,4421,-73.574356,45.51462
22015,2499,-115.16833,36.127647
22016,2499,-115.17818,36.106815
22017,4,-79.920425,40.475708
22018,2499,-115.173874,36.10978
22019,5793,-115.17086,36.10993
22020,4,-79.95194,40.482704
22021,5794,-79.95116,40.482693
22022,5795,-79.95116,40.482693
22023,4,-79.99644,40.44395
22024,5796,-79.92006,40.437824
22025,2499,-115.174644,36.109913
22026,4,-79.91953,40.437683
22027,4,-79.984215,40.451656
22028,837,-79.94959,40.44351
22029,5797,-79.99644,40.44395
22030,4,-79.92316,40.433384
22031,2499,-115.15112,36.086338
22032,4,-79.94918,40.462025
22033,2499,-73.556335,45.501198
22034,2499,-79.95783,40.44077
22035,4,-79.965004,40.46577
22036,5798,-79.91949,40.437904
22037,2499,-79.920105,40.43814
22038,5799,-79.957146,40.441902
22039,4,-79.921364,40.43821
22040,2499,-115.17262,36.12956
22041,5800,-79.98332,40.451687
22042,4,-79.897575,40.43961
22043,4,-79.9693,40.42785
22044,2499,-79.956604,40.441246
22045,6021,-73.577415,45.497875
22046,4,-79.96438,40.46668
22047,4,-80.02943,40.451973
22048,2499,-115.17054,36.10259
22049,2499,-79.98202,40.45236
22050,2499,-79.95752,40.441025
22051,4,-79.95074,40.449978
22052,2499,-79.956604,40.441246
22053,5801,-79.99621,40.441677
22054,5802,-80.002045,40.440422
22055,5803,-79.91957,40.475876
22056,5804,-79.921555,40.43789
22057,4421,-115.17229,36.115147
22058,5805,-79.882835,40.488335
22059,2499,-79.89309,40.489143
22060,5806,-79.92522,40.460045
22061,2499,-80.812,35.220078
22062,5807,-79.948975,40.444817
22063,5808,-79.92512,40.458206
22064,4,-79.92326,40.433186
22065,5809,-115.30882,36.183144
22066,5810,-79.98332,40.451687
22067,5811,-79.921555,40.43789
22068,62,-79.982285,40.453495
22069,2499,-89.39218,43.06907
22070,5812,-73.5747,45.525303
22071,5813,-79.97118,40.428535
22072,5814,-80.00288,40.44139
22073,2499,-79.96413,40.46707
22074,837,-89.38154,43.074726
22075,4,-79.979324,40.42888
22076,4,-79.99644,40.44395
22077,5815,-80.016235,40.452145
22078,2499,-115.16951,36.102448
22079,4421,-115.332726,36.148315
22080,2499,-80.74955,35.30387
22081,5816,-79.99704,40.444035
22082,2499,-115.174355,36.109806
22083,5817,-80.07382,40.391167
22084,5818,-79.94854,40.461113
22085,5819,-115.17131,36.11928
22086,4,-79.98017,40.428875
22087,4,-80.01087,40.44597
22088,5820,-79.96025,40.470783
22089,5821,-80.00288,40.44139
22090,2499,-73.60262,45.531963
22091,2499,-115.16818,36.117462
22092,2499,-80.83004,35.151665
22093,2499,-112.26167,33.531483
22094,2499,-80.81393,35.05862
22095,2499,-80.78621,35.384346
22096,2499,-80.839516,35.152435
22097,5822,-115.172424,36.10882
22098,2499,-80.86248,35.206676
22099,5823,-80.71199,35.36839
22100,2499,-80.00471,40.44087
22101,355,-80.807144,35.17182
22102,5824,-80.7174,35.36955
22103,837,-80.94419,35.007748
22104,2499,-80.715256,35.37053
22105,5825,-80.78296,35.372112
22106,2499,-80.85326,35.348793
22107,5826,-80.71177,35.1338
22108,2499,-80.816574,35.07778
22109,5827,-80.73764,35.140625
22110,2499,-80.84946,35.17059
22111,837,-111.73545,33.450935
22112,2499,-80.84309,35.22877
22113,5828,-80.67756,35.06786
22114,5829,-80.72495,35.146072
22115,5830,-80.719315,35.11679
22116,5831,-80.807144,35.17182
22117,2499,-80.84119,35.228916
22118,2499,-80.81488,35.22101
22119,2499,-80.729324,35.125607
22120,2499,-80.72597,35.3747
22121,5833,-80.8582,35.089745
22122,5834,-80.86714,35.094
22123,2499,-80.83889,35.227463
22124,2499,-80.81426,35.060837
22125,5835,-80.81021,35.220684
22126,5836,-80.86737,35.229053
22127,2499,-80.77147,35.061897
22128,2499,-80.83482,35.055447
22129,2499,-80.710075,35.12335
22130,5837,-80.852196,35.2195
22131,2499,-80.84854,35.22547
22132,2499,-80.84487,35.226196
22133,2499,-80.84382,35.200817
22134,2499,-115.17028,36.12433
22135,2499,-80.81579,35.22064
22136,2499,-80.80712,35.171127
22137,5838,-80.823685,35.156307
22138,5839,-80.80948,35.24555
22139,5840,-80.85876,35.211227
22140,2499,-80.85654,35.215023
22141,2499,-80.841965,35.225376
22142,2499,-115.17259,36.112953
22143,5841,-80.80948,35.24555
22144,2499,-80.737816,35.296696
22145,2499,-80.85588,35.21002
22146,2499,-80.93589,35.093864
22147,2499,-80.824425,35.203094
22148,2499,-80.83493,35.055386
22149,2499,-80.805824,35.24725
22150,2499,-80.84168,35.15213
22151,5842,-80.86957,35.201088
22152,5843,-80.85154,35.057957
22153,5844,-80.8677,35.09378
22154,5845,-80.83519,35.213108
22155,2499,-80.86067,35.208225
22156,2499,-80.859634,35.21071
22157,2499,-80.81716,35.21237
22158,2499,-80.84202,35.225437
22159,5846,-112.06466,33.486187
22160,5847,-80.805695,35.034657
22161,5848,-80.844475,35.070496
22162,2499,-80.856674,35.210552
22163,2499,-80.81716,35.21237
22164,5849,-80.81579,35.22064
22165,2499,-80.80712,35.171127
22166,413,-80.8478,35.173786
22167,5850,-80.80948,35.24555
22168,5851,-80.84046,35.15285
22169,5852,-80.83791,35.22758
22170,5981,-80.84826,35.174286
22171,5853,-80.855446,35.215378
22172,2499,-80.83176,35.15394
22173,2499,-115.17262,36.118378
22174,5854,-80.84309,35.22877
22175,2499,-80.75586,35.307903
22176,2499,-80.8138,35.059113
22177,5855,-80.805824,35.24725
22178,2499,-80.93228,35.143982
22179,5856,-80.84687,35.172817
22180,2499,-80.81337,35.220215
22181,5857,-80.85654,35.215023
22182,2499,-80.85204,35.34832
22183,2499,-80.84681,35.022648
22184,2499,-80.80712,35.171127
22185,5858,-80.86004,35.207157
22186,2499,-80.855446,35.215378
22187,5859,-80.8572,35.210094
22188,2499,-80.83967,35.228985
22189,2499,-80.82635,35.213825
22190,2499,-80.86098,35.20925
22191,2499,-80.84143,35.068653
22192,2499,-80.855446,35.215378
22193,5860,-115.174644,36.109913
22194,2499,-80.87657,35.15385
22195,837,-115.175064,36.107677
22196,2499,-80.85757,35.214363
22197,2499,-80.838974,35.15051
22198,5861,-80.82861,35.152634
22199,2499,-80.825935,35.213448
22200,2499,-80.84651,35.224644
22201,2499,-80.791985,35.256
22202,2499,-80.799644,35.176636
22203,5862,-80.77111,35.06428
22204,2499,-80.84402,35.070816
22205,2499,-80.79979,35.17564
22206,2499,-80.85757,35.214363
22207,5863,-80.84442,35.202625
22208,2499,-80.8,35.219612
22209,2499,-80.841965,35.225376
22210,2499,-80.82659,35.214073
22211,2499,-80.84485,35.202366
22212,2499,-80.814415,35.240734
22213,5864,-80.82169,35.216213
22214,2499,-111.92655,33.506542
22215,5865,-80.80948,35.24555
22216,2499,-80.844475,35.070496
22217,2499,-80.8,35.219612
22218,2499,-80.86769,35.205338
22219,2499,-80.861565,35.20874
22220,2499,-80.850105,35.17086
22221,5866,-80.84482,35.199852
22222,2499,-80.85251,35.200462
22223,2499,-80.87516,35.154495
22224,5867,-80.823685,35.156307
22225,2499,-80.80591,35.246723
22226,2499,-80.8258,35.1527
22227,2499,-80.94416,35.007816
22228,5868,-80.84446,35.202034
22229,2499,-80.84499,35.239048
22230,2499,-80.85667,35.215706
22231,2499,-80.85149,35.05261
22232,5869,-80.857635,35.21252
22233,5870,-80.861,35.210987
22234,2499,-80.846344,35.225323
22235,2499,-80.841965,35.225376
22236,2499,-80.79715,35.218998
22237,5871,-80.85465,35.216576
22238,2499,-115.16792,36.11547
22239,2499,-80.81043,35.220932
22240,5872,-80.82453,35.202103
22241,2499,-80.84713,35.053158
22242,2499,-80.94503,35.322533
22243,2499,-80.747345,35.29738
22244,5873,-80.85488,35.21698
22245,2499,-112.04853,33.43353
22246,2499,-80.749275,35.310623
22247,2499,-80.81579,35.22064
22248,2499,-80.84422,35.232487
22249,2499,-80.85989,35.207863
22250,5874,-80.84046,35.15285
22251,5875,-80.84382,35.200817
22252,2499,-80.84794,35.17045
22253,5876,-80.83188,35.156338
22254,2499,-80.85876,35.211227
22255,5877,-80.80482,35.03408
22256,5878,-80.84831,35.17095
22257,2499,-80.85452,35.215023
22258,5879,-89.37962,43.07393
22259,2499,-80.750046,35.30302
22260,2499,-80.820076,35.21439
22261,5880,-80.65617,35.171875
22262,2499,-80.84573,35.231762
22263,2499,-80.80948,35.24555
22264,2499,-80.839516,35.152435
22265,5881,-80.84468,35.226433
22266,5882,-80.84932,35.16113
22267,5883,-80.84446,35.202034
22268,5884,-80.729324,35.125607
22269,2499,-80.84831,35.17095
22270,5885,-80.82171,35.222187
22271,5886,-80.826164,35.213642
22272,2499,-80.80546,35.247375
22273,5887,-80.87523,35.15337
22274,5888,-80.85174,35.0535
22275,2499,-80.77451,35.23672
22276,2499,-80.82169,35.216213
22277,2499,-80.842514,35.228577
22278,2499,-80.850105,35.160545
22279,837,-80.814545,35.061256
22280,2499,-80.84077,35.226875
22281,2499,-80.83629,35.225216
22282,5889,-80.83493,35.055386
22283,2499,-80.98457,35.102345
22284,2499,-80.81426,35.060837
22285,2499,-80.8138,35.2191
22286,5890,-80.826164,35.213642
22287,5891,-80.81337,35.220215
22288,2499,-80.75586,35.307903
22289,2499,-80.804146,35.247776
22290,2499,-80.81716,35.21237
22291,5892,-80.73913,35.317215
22292,2499,-80.81337,35.220215
22293,5893,-80.81924,35.22178
22294,2499,-80.80712,35.171127
22295,5894,-80.83592,35.212738
22296,2499,-80.94015,35.13591
22297,2499,-80.85676,35.219975
22298,2499,-115.17333,36.119556
22299,2499,-80.853714,35.21609
22300,2499,-80.79713,35.176
22301,5895,-80.81924,35.22178
22302,5896,-115.1765,36.10758
22303,5897,-80.72136,35.114677
22304,5898,-80.882774,35.083984
22305,5899,-80.84446,35.202034
22306,5900,-80.762535,35.211277
22307,4421,-115.16456,36.131496
22308,5901,-80.849,35.171814
22309,2499,-80.84831,35.17095
22310,2499,-80.70758,35.1265
22311,5902,-80.813225,35.219067
22312,5903,-80.85024,35.170532
22313,5904,-80.81488,35.22101
22314,2499,-80.83041,35.151836
22315,2499,-80.84422,35.232487
22316,2499,-73.57754,45.516373
22317,2499,-80.7223,35.14344
22318,2499,-80.76181,35.21186
22319,537,-80.80773,35.106407
22320,5905,-80.84866,35.17097
22321,5906,-80.79116,35.256294
22322,2499,-80.88197,35.187443
22323,2499,-80.86769,35.205338
22324,5907,-80.80712,35.171127
22325,2499,-80.944695,35.12989
22326,2499,-80.84378,35.227528
22327,2499,-80.80695,35.170803
22328,2499,-80.84241,35.22867
22329,4421,-80.8354,35.34113
22330,5908,-80.82453,35.202103
22331,2499,-80.81328,35.240536
22332,2499,-80.926285,35.149902
22333,2499,-80.84875,35.174877
22334,2499,-80.83901,35.17464
22335,2499,-80.83592,35.212738
22336,5909,-80.81328,35.240536
22337,5832,-80.94419,35.007748
22338,329,-80.80948,35.24555
22339,2499,-80.84442,35.202625
22340,5910,-80.83883,35.026386
22341,2499,-80.84278,35.22283
22342,5911,-80.94416,35.007816
22343,2499,-80.849625,35.17086
22344,2499,-80.841965,35.225376
22345,5912,-80.88263,35.178288
22346,5913,-80.81696,35.078243
22347,2499,-80.81587,35.2208
22348,5914,-80.81488,35.22101
22349,5915,-80.83041,35.151836
22350,5916,-80.84446,35.202034
22351,5917,-80.73985,35.140774
22352,5918,-80.83889,35.227463
22353,341,-80.82586,35.196793
22354,5919,-80.81488,35.22101
22355,5920,-80.88822,35.351395
22356,5921,-80.84741,35.05277
22357,5922,-80.81351,35.334774
22358,2499,-80.86563,35.22945
22359,2499,-80.822556,35.216587
22360,5923,-80.88263,35.178288
22361,2499,-80.85005,35.16047
22362,2499,-80.83332,35.148026
22363,2499,-80.82802,35.154266
22364,2499,-80.84979,35.173267
22365,2499,-80.836845,35.15475
22366,5924,-80.77908,35.095238
22367,2499,-115.168106,36.103798
22368,2499,-80.77361,35.063187
22369,2499,-80.84687,35.172817
22370,2499,-80.84687,35.172817
22371,5925,-80.66063,35.17145
22372,5926,-80.81782,35.061104
22373,2499,-80.855835,35.210754
22374,5927,-80.84839,35.022457
22375,2499,-115.17618,36.115856
22376,5928,-80.844315,35.226254
22377,5929,-80.83458,35.213352
22378,5930,-80.86414,35.095043
22379,2499,-115.17526,36.113125
22380,2499,-80.8408,35.226482
22381,2499,-81.03794,35.24141
22382,2499,-80.96351,35.06221
22383,5931,-89.37928,43.074512
22384,2499,-80.839516,35.152435
22385,2499,-80.91943,35.183266
22386,2499,-80.81043,35.220932
22387,2499,-80.841095,35.222584
22388,2499,-80.8465,35.225826
22389,5932,-80.9656,35.030884
22390,5933,-80.8122,35.053814
22391,2499,-80.83946,35.026176
22392,2499,-115.15387,36.110085
22393,5934,-80.83791,35.22758
22394,5935,-80.87687,35.1954
22395,2499,-115.1765,36.10758
22396,2499,-80.89106,35.18008
22397,2499,-80.73985,35.140774
22398,5936,-80.828545,35.15261
22399,5937,-80.8677,35.09378
22400,5938,-80.854935,35.216297
22401,2499,-80.72319,35.374184
22402,5939,-80.737595,35.297573
22403,5940,-80.944695,35.12989
22404,2499,-80.845085,35.240665
22405,5941,-80.98988,35.10504
22406,5942,-80.96739,35.028484
22407,5943,-80.84809,35.056435
22408,2499,-80.82169,35.216213
22409,2499,-80.82185,35.221504
22410,5944,-80.82469,35.20043
22411,5945,-80.81782,35.061104
22412,2499,-80.84115,35.22782
22413,5946,-115.161514,36.135643
22414,5947,-80.95791,35.116432
22415,5948,-115.28992,36.160503
22416,837,-115.22343,36.115295
22417,2499,-80.80893,35.034092
22418,5949,-80.72226,35.116573
22419,2499,-80.855446,35.215378
22420,5950,-80.879974,35.199474
22421,5951,-80.78237,35.096684
22422,2499,-80.74978,35.307415
22423,5952,-80.814545,35.061256
22424,2499,-80.80798,35.22033
22425,2499,-80.8529,35.19824
22426,5953,-80.83187,35.153908
22427,2499,-80.844475,35.070496
22428,5954,-80.80893,35.034092
22429,5955,-80.84757,35.085434
22430,2499,-115.17028,36.12229
22431,2499,-80.857635,35.21252
22432,2499,-80.804146,35.247776
22433,2499,-80.96744,35.02865
22434,5956,-80.96499,35.00512
22435,5957,-89.39412,43.04097
22436,681,-89.38353,43.076923
22437,2499,-115.17124,36.11788
22438,681,-89.383064,43.070717
22439,5958,-89.51057,43.095184
22440,5959,-89.40432,43.067554
22441,681,-89.51367,43.09613
22442,2499,-89.39362,43.074387
22443,5960,-89.46667,43.075516
22444,681,-89.52669,43.0733
22445,5961,-89.39177,43.075077
22446,681,-89.4301,43.072556
22447,681,-89.51896,43.05774
22448,681,-89.45083,43.05428
22449,5962,-89.40417,43.1502
22450,2499,-89.39576,43.074894
22451,5963,-89.39042,43.075478
22452,681,-89.42853,43.057552
22453,5964,-89.3759,43.084892
22454,5965,-89.379906,43.077324
22455,2499,-89.39576,43.074894
22456,2499,-89.384125,43.07445
22457,5966,-89.4,43.076355
22458,2499,-89.40123,43.07305
22459,5985,-89.38511,43.07416
22460,2499,-89.372475,43.08332
22461,681,-89.361435,43.085674
22462,5967,-89.452324,43.07114
22463,681,-89.35705,43.098232
22464,5968,-89.38511,43.07416
22465,2499,-89.36498,43.083164
22466,2499,-89.39048,43.074963
22467,2499,-89.37225,43.078793
22468,5997,-89.34248,43.093643
22469,5969,-89.38353,43.076923
22470,681,-89.36072,43.085545
22471,2499,-89.39618,43.075157
22472,681,-89.3862,43.074203
22473,2499,-115.17259,36.112953
22474,681,-89.397644,43.073074
22475,5970,-89.38354,43.07628
22476,681,-89.39741,43.055573
22477,681,-89.36459,43.101673
22478,2499,-89.41643,43.06517
22479,2499,-89.41891,43.063972
22480,2499,-89.39334,43.075264
22481,2499,-89.38236,43.07529
22482,837,-89.36857,43.0805
22483,2499,-115.16461,36.13704
22484,5971,-89.396255,43.07487
22485,2499,-89.36427,43.08367
22486,2499,-89.37095,43.07842
22487,5972,-89.38101,43.074238
22488,5973,-115.174416,36.1097
22489,837,-111.987785,33.455418
22490,2499,-115.17704,36.10762
22491,681,-89.39618,43.075157
22492,2499,-89.423325,43.01809
22493,5974,-89.38207,43.07572
22494,5975,-89.38401,43.07263
22495,681,-89.39556,43.07282
22496,5976,-89.4301,43.072556
22497,681,-89.389015,43.056244
22498,681,-89.38236,43.07529
22499,681,-80.8758,35.159824
22500,681,-89.374084,43.076233
22501,681,-89.37947,43.075554
22502,5977,-89.38511,43.07416
22503,2499,-89.407394,43.07264
22504,2499,-89.38738,43.075043
22505,681,-89.38463,43.072426
22506,2499,-89.38511,43.07416
22507,681,-89.35532,43.092377
22508,681,-89.38354,43.07628
22509,5978,-89.376755,43.076054
22510,681,-89.42256,43.034737
22511,5997,-89.38156,43.077374
22512,681,-89.375595,43.085125
22513,5979,-89.38101,43.074238
22514,681,-89.3721,43.078094
22515,5980,-89.38207,43.07572
22516,2499,-112.00837,33.418617
22517,2499,-89.38912,43.071915
22518,6644,-115.191826,36.144268
22519,2499,-89.381035,43.075104
22520,681,-89.383064,43.070717
22521,681,-89.51922,43.097805
22522,5981,-80.75538,35.29709
22523,681,-89.40181,43.06787
22524,5982,-88.24417,40.111145
22525,681,-89.51867,43.075775
22526,2499,-115.351524,36.159336
22527,5983,-89.41684,43.064793
22528,2499,-89.526726,43.073486
22529,2499,-89.392136,43.075005
22530,5984,-89.38323,43.076836
22531,5985,-89.32646,43.07151
22532,2499,-89.380875,43.074425
22533,5986,-89.40039,43.067833
22534,681,-89.39177,43.075077
22535,5987,-89.380875,43.074776
22536,5988,-89.39336,43.07273
22537,681,-89.42887,43.072083
22538,5989,-89.393196,43.074104
22539,2499,-89.35473,43.0921
22540,681,-89.38511,43.07416
22541,2499,-89.38156,43.074345
22542,2499,-89.39556,43.07282
22543,5990,-115.17726,36.094547
22544,2499,-89.51057,43.095184
22545,2499,-89.27136,43.168533
22546,681,-89.394714,43.074917
22547,681,-89.388336,43.07488
22548,681,-89.21093,43.19582
22549,6644,-89.44463,43.075634
22550,5991,-115.174355,36.092293
22551,2499,-115.170975,36.114277
22552,681,-89.407394,43.07264
22553,681,-89.39492,43.07482
22554,5992,-89.39556,43.07282
22555,837,-89.396385,43.07487
22556,5993,-89.45202,43.038074
22557,2499,-89.394714,43.074917
22558,5994,-89.3759,43.084892
22559,681,-89.39618,43.075157
22560,681,-89.38434,43.07243
22561,2499,-89.41891,43.063972
22562,2499,-115.15321,36.10895
22563,5997,-89.36152,43.085617
22564,5995,-89.3908,43.075417
22565,5996,-89.38101,43.074238
22566,2499,-89.39069,43.074802
22567,2499,-89.49952,43.057144
22568,6644,-115.16591,36.127686
22569,681,-89.38695,43.07489
22570,2499,-115.17181,36.12074
22571,5997,-89.38101,43.074238
22572,681,-89.4301,43.072556
22573,837,-89.389015,43.056244
22574,681,-89.374084,43.076233
22575,5998,-89.42853,43.057552
22576,5999,-89.39741,43.055573
22577,6000,-89.34248,43.093643
22578,6001,-89.374084,43.076233
22579,681,-89.38389,43.07915
22580,681,-115.24334,36.04716
22581,681,-89.38323,43.076836
22582,2499,-89.392136,43.075005
22583,6002,-89.39177,43.075077
22584,681,-89.40119,43.06117
22585,681,-89.4811,43.01489
22586,2499,-115.17089,36.11006
22587,681,-80.86122,35.21396
22588,2499,-89.39336,43.07273
22589,837,-115.09115,36.117073
22590,681,-111.88877,33.696724
22591,2499,-111.756035,33.30083
22592,6003,-115.17259,36.112953
22593,6004,-89.38207,43.07572
22594,6644,-115.16348,36.113026
22595,681,-89.392944,43.074833
22596,2499,-115.1765,36.116962
22597,2499,-115.17688,36.111946
22598,6005,-115.17421,36.106213
22599,2499,-89.38431,43.076805
22600,6006,-89.34132,43.094032
22601,6007,-89.39576,43.074894
22602,681,-89.38101,43.074238
22603,2499,-89.39595,43.074776
22604,6008,-89.383316,43.076622
22605,681,-89.45238,43.07147
22606,681,-89.37064,43.082573
22607,681,-89.36498,43.083164
22608,6009,-89.503044,43.065376
22609,6010,-89.44463,43.075634
22610,6011,-89.38305,43.07591
22611,681,-89.401085,43.060616
22612,681,-89.42897,43.072254
22613,2499,-89.374565,43.076603
22614,6012,-89.382126,43.07474
22615,681,-89.45303,43.07335
22616,6013,-89.38705,43.07429
22617,6014,-89.39414,43.07484
22618,681,-89.40005,43.05786
22619,6015,-89.52305,43.086346
22620,2499,-73.5747,45.525303
22621,2499,-89.38628,43.075214
22622,6016,-89.38845,43.074776
22623,2499,-89.395615,43.07181
22624,2499,-89.3956,43.074142
22625,2499,-73.57538,45.482975
22626,6644,-89.38992,43.074516
22627,6017,-89.5013,43.059402
22628,681,-89.477135,43.011986
22629,681,-89.39177,43.075077
22630,2499,-89.38434,43.07243
22631,681,-89.4301,43.072556
22632,6018,-89.38658,43.07561
22633,6019,-112.04791,33.47893
22634,6020,-89.47949,43.00865
22635,681,-89.38154,43.074726
22636,6021,-73.559555,45.507782
22637,681,-89.3838,43.07744
22638,2499,-111.94818,33.505783
22639,681,-89.32814,43.046417
22640,681,-89.374084,43.076233
22641,681,-89.41861,43.02335
22642,2499,-115.14289,36.143345
22643,6022,-89.38761,43.071693
22644,2499,-80.00034,40.4436
22645,681,-89.477135,43.011986
22646,681,-89.35532,43.092377
22647,681,-89.36083,43.08603
22648,2499,-89.38761,43.071693
22649,2499,-73.58146,45.51805
22650,2499,-79.985535,40.45074
22651,2499,-89.387115,43.074738
22652,4421,-89.36867,43.079823
22653,2499,-115.15152,36.10749
22654,6023,-73.55496,45.50348
22655,2499,-89.38658,43.07561
22656,2499,-89.4,43.076355
22657,2499,-89.37935,43.07414
22658,681,-89.42885,43.05668
22659,6024,-89.32856,43.114677
22660,681,-89.50679,43.060757
22661,681,-89.4301,43.072556
22662,6025,-89.39336,43.07273
22663,2499,-89.39423,43.074593
22664,681,-89.457634,43.014973
22665,681,-89.27986,43.085346
22666,681,-89.38123,43.074745
22667,6026,-89.382256,43.073795
22668,681,-89.374084,43.076233
22669,681,-89.37587,43.08149
22670,6027,-88.219406,40.105736
22671,681,-89.4301,43.072556
22672,681,-89.5113,43.06069
22673,2499,-115.17127,36.11288
22674,681,-89.390335,43.074764
22675,681,-89.38354,43.07628
22676,6028,-89.45303,43.07335
22677,2499,-89.5113,43.06069
22678,7396,-89.47705,43.04692
22679,6029,-89.51173,43.095787
22680,681,-89.51744,43.075317
22681,6030,-89.4811,43.01489
22682,6031,-89.486176,43.052937
22683,681,-89.361435,43.085674
22684,6644,-115.17869,36.06815
22685,6032,-89.220314,43.18294
22686,681,-89.39768,43.055992
22687,2499,-115.14867,36.08358
22688,6033,-89.42092,43.034473
22689,2499,-89.38379,43.07604
22690,681,-89.34394,43.103706
22691,681,-89.494194,43.056038
22692,681,-89.452484,43.074177
22693,6034,-89.49766,43.05608
22694,6035,-89.452324,43.07114
22695,2499,-89.41643,43.06517
22696,6036,-89.379616,43.082268
22697,681,-89.35353,43.092144
22698,6037,-89.382256,43.073795
22699,6644,-89.39987,43.07648
22700,6038,-115.17496,36.121323
22701,2499,-89.34248,43.093643
22702,2499,-89.37679,43.083786
22703,681,-89.381355,43.074852
22704,6039,-89.38401,43.07263
22705,6040,-89.38323,43.076836
22706,681,-89.42853,43.057552
22707,5997,-89.42788,43.05801
22708,6042,-89.32575,43.05365
22709,681,-89.453026,43.07333
22710,681,-89.29875,43.133747
22711,6043,-89.38737,43.074337
22712,6044,-89.51387,43.06016
22713,681,-89.35865,43.087383
22714,681,-89.502304,43.05897
22715,681,-89.38353,43.076923
22716,681,-89.317665,43.08356
22717,681,-89.45145,43.07474
22718,6045,-111.94652,33.422188
22719,681,-89.52916,43.09116
22720,6046,-89.374084,43.076233
22721,2499,-89.395935,43.053226
22722,6047,-89.39616,43.073444
22723,6644,-115.17652,36.11301
22724,6048,-89.37928,43.074512
22725,6049,-89.52932,43.075336
22726,681,-89.51367,43.09613
22727,5997,-89.407394,43.07264
22728,681,-89.452484,43.074177
22729,681,-89.452484,43.074177
22730,6050,-89.309074,43.129593
22731,681,-89.498955,43.05663
22732,6051,-88.238914,40.110374
22733,2499,-88.20279,40.11339
22734,2499,-115.1068,36.071945
22735,837,-111.940254,33.425964
22736,6052,-88.20902,40.112823
22737,2499,-88.23319,40.110554
22738,2499,-88.20769,40.11382
22739,6053,-88.22911,40.109997
22740,2499,-88.24289,40.1106
22741,2499,-88.20829,40.1132
22742,6054,-115.16587,36.126877
22743,837,-112.06456,33.522358
22744,6055,-111.97702,33.583447
22745,2499,-115.1726,36.118793
22746,6056,-115.17277,36.10465
22747,6057,-111.71336,33.594963
22748,6058,-115.145645,36.124844
22749,6644,-115.17581,36.08995
22750,6059,-111.90624,33.37797
22751,2499,-111.99497,33.43605
22752,2499,-115.17033,36.12362
22753,2499,-115.15689,36.113342
22754,2499,-115.17028,36.12433
22755,2499,-115.17481,36.10987
22756,2499,-115.19528,36.11444
22757,2499,-111.99497,33.43605
22758,2499,-112.07127,33.508995
22759,6644,-115.17234,36.110107
22760,6060,-111.936485,33.422974
22761,837,-111.78973,33.354954
22762,6061,-112.06845,33.637367
22763,6062,-115.225945,36.239635
22764,837,-111.98156,33.304703
22765,2499,-115.134346,36.10037
22766,6644,-115.16818,36.117462
22767,6063,-115.17223,36.110733
22768,4421,-115.091934,36.02
22769,837,-111.92722,33.3482
22770,837,-111.93962,33.42344
22771,6064,-115.17332,36.10583
22772,2499,-3.194447,55.94859
22773,837,-79.91165,40.407955
22774,6644,-112.07401,33.45038
22775,4421,-115.16845,36.123913
22776,837,-112.065636,33.44916
22777,2499,-115.14637,36.124424
22778,837,-111.919815,33.500168
22779,837,-112.07409,33.4975
22780,6065,-112.26047,33.535076
22781,6066,-111.84203,33.2455
22782,837,-111.936,33.41438
22783,6067,-112.014595,33.48145
22784,6068,-112.07787,33.448128
22785,2499,-112.11646,33.560856
22786,2499,-115.17332,36.11567
22787,6069,-112.04791,33.47893
22788,6070,-111.93472,33.42403
22789,2499,-89.34981,43.102962
22790,837,-111.89497,33.582962
22791,6071,-111.910515,33.46885
22792,837,-111.92356,33.6249
22793,837,-111.7534,33.3807
22794,6072,-111.99899,33.436527
22795,2499,-111.92053,33.489132
22796,2499,-115.14164,36.169453
22797,6644,-115.1741,36.12124
22798,837,-111.94099,33.423275
22799,837,-112.22264,33.595802
22800,2499,-115.173874,36.109753
22801,837,-112.03612,33.37785
22802,2499,-79.913895,40.45003
22803,2499,-111.99224,33.30574
22804,6644,-115.171524,36.119305
22805,6073,-112.06968,33.445976
22806,2499,-115.17234,36.110107
22807,2499,-112.07908,33.49112
22808,6074,-111.92293,33.492752
22809,6075,-112.03558,33.509747
22810,837,-112.07401,33.505856
22811,6644,-115.17435,36.113964
22812,6076,-112.11985,33.58239
22813,6644,-112.06238,33.637684
22814,837,-112.07379,33.435524
22815,6077,-112.07714,33.479996
22816,6644,-115.1726,36.118793
22817,6078,-111.93051,33.49245
22818,837,-112.07551,33.449596
22819,6079,-111.91078,33.445614
22820,6080,-111.92627,33.637753
22821,837,-112.07379,33.435524
22822,4421,-115.2087,36.043213
22823,6081,-112.07421,33.448036
22824,837,-112.357994,33.461502
22825,6644,-112.07379,33.435524
22826,6082,-112.187355,33.53877
22827,837,-112.099915,33.503017
22828,6083,-112.047455,33.547836
22829,837,-111.9007,33.554337
22830,837,-111.92605,33.479523
22831,6084,-112.0741,33.506855
22832,837,-112.04733,33.641117
22833,837,-112.25456,33.478016
22834,837,-112.16722,33.639576
22835,2499,-112.271225,33.63774
22836,6085,-112.16848,33.611618
22837,837,-112.273056,33.46414
22838,837,-111.97688,33.583424
22839,837,-112.073875,33.446995
22840,6086,-112.16722,33.639576
22841,837,-112.121895,33.670223
22842,837,-111.90624,33.37797
22843,837,-111.976555,33.677334
22844,837,-111.936,33.41438
22845,6644,-112.065636,33.44916
22846,837,-80.83188,35.156338
22847,6087,-111.92637,33.500492
22848,4421,-111.89904,33.55519
22849,6088,-112.075264,33.45975
22850,6089,-112.08227,33.4657
22851,6090,-111.94796,33.30443
22852,6091,-112.07341,33.5137
22853,837,-112.13109,33.52452
22854,6092,-112.02636,33.50909
22855,6093,-111.75614,33.36745
22856,6094,-111.77975,33.37889
22857,837,-111.87605,33.3627
22858,6095,-112.13908,33.86405
22859,6096,-112.07232,33.457657
22860,837,-112.26047,33.535076
22861,6097,-112.23592,33.65222
22862,837,-112.12349,33.579052
22863,6098,-111.97678,33.675884
22864,837,-111.84169,33.3019
22865,6099,-111.88268,33.326157
22866,837,-111.89378,33.63978
22867,837,-111.98909,33.42159
22868,6100,-111.790016,33.35597
22869,6101,-112.18803,33.538708
22870,837,-112.22782,33.479523
22871,6102,-112.35845,33.494408
22872,1224,-112.30588,33.457275
22873,837,-112.15156,33.41697
22874,2499,-111.93981,33.426044
22875,837,-111.90888,33.395096
22876,837,-112.22163,33.582138
22877,6103,-112.15705,33.538116
22878,6104,-115.15458,36.119186
22879,6105,-112.359604,33.60966
22880,837,-112.08282,33.500736
22881,837,-112.38765,33.464397
22882,6106,-112.04831,33.508953
22883,6107,-115.175804,36.096684
22884,2499,-111.928185,33.501774
22885,6108,-111.9864,33.5107
22886,6109,-112.08225,33.516342
22887,6110,-112.0791,33.454967
22888,837,-111.85407,33.39349
22889,7053,-115.13792,36.168026
22890,837,-111.926605,33.476547
22891,837,-112.11646,33.560856
22892,6111,-111.97562,33.675262
22893,837,-111.74367,33.29674
22894,837,-112.06551,33.576332
22895,837,-112.065506,33.46645
22896,837,-112.08001,33.48002
22897,837,-111.92595,33.422276
22898,837,-111.92529,33.478733
22899,837,-112.04779,33.52229
22900,837,-112.02988,33.47868
22901,837,-111.97844,33.624424
22902,6112,-111.99538,33.44852
22903,837,-112.06476,33.4713
22904,6113,-111.80274,33.384647
22905,6114,-112.02814,33.510223
22906,837,-111.995514,33.50243
22907,837,-112.152145,33.578148
22908,837,-111.68865,33.379803
22909,6115,-111.875336,33.277004
22910,2499,-3.1915004,55.946846
22911,2499,-115.16559,36.12689
22912,837,-111.9348,33.42384
22913,837,-111.59897,33.379505
22914,837,-111.98451,33.509106
22915,6116,-112.13396,33.84433
22916,6117,-112.07195,33.447033
22917,6118,-115.17179,36.12469
22918,6119,-112.10039,33.488403
22919,837,-112.11621,33.525635
22920,837,-111.98755,33.479286
22921,837,-111.92655,33.506542
22922,837,-111.87379,33.412354
22923,837,-112.010605,33.465714
22924,837,-112.05828,33.466064
22925,837,-112.05359,33.49485
22926,6644,-111.742226,33.307808
22927,837,-111.92444,33.40723
22928,837,-112.08388,33.49745
22929,6120,-112.1648,33.611237
22930,6121,-112.07127,33.508995
22931,4421,-115.31392,36.14581
22932,837,-112.13472,33.843456
22933,6122,-112.1105,33.71445
22934,837,-112.04639,33.5075
22935,6123,-111.95117,33.421658
22936,6124,-111.92659,33.349102
22937,837,-115.209755,36.06937
22938,837,-111.91699,33.495335
22939,3203,-111.90513,33.41494
22940,6125,-111.940254,33.425964
22941,6126,-111.92644,33.529903
22942,837,-112.217834,33.49427
22943,2499,-112.26123,33.53409
22944,6127,-111.9179,33.415222
22945,6128,-112.273056,33.46414
22946,837,-111.82234,33.349255
22947,837,-112.10967,33.712368
22948,837,-111.684975,33.436657
22949,837,-112.134186,33.51087
22950,6129,-112.184326,33.539227
22951,6130,-112.09819,33.55385
22952,837,-112.1159,33.587765
22953,6644,-114.92266,36.11394
22954,837,-112.39167,33.45223
22955,837,-112.26056,33.534855
22956,837,-111.89591,33.30572
22957,837,-111.747284,33.29401
22958,6131,-112.116264,33.576405
22959,837,-112.09203,33.571507
22960,4421,-115.13539,36.010048
22961,6132,-112.12501,33.581825
22962,837,-111.94818,33.505783
22963,6133,-112.11836,33.58035
22964,837,-112.1231,33.58131
22965,837,-111.958885,33.34871
22966,4421,-115.173515,36.103
22967,6644,-115.17062,36.122112
22968,6134,-111.80445,33.37847
22969,6135,-112.39201,33.47209
22970,837,-112.09909,33.552475
22971,6136,-111.94451,33.42969
22972,6137,-112.21724,33.638668
22973,837,-111.92695,33.580814
22974,837,-112.11762,33.524418
22975,6138,-112.11519,33.56719
22976,6139,-112.07232,33.457657
22977,837,-112.152214,33.595585
22978,6140,-111.90553,33.618706
22979,6141,-111.998886,33.435684
22980,837,-112.01323,33.47383
22981,837,-111.87938,33.364536
22982,837,-112.51256,33.495914
22983,6142,-111.92641,33.655567
22984,2499,-112.073074,33.462406
22985,837,-111.93293,33.624756
22986,6143,-112.11629,33.683403
22987,6144,-112.11646,33.560856
22988,6145,-115.15951,36.113438
22989,6146,-112.06551,33.576332
22990,6147,-112.0817,33.655106
22991,6148,-112.02951,33.39999
22992,837,-115.14511,36.1741
22993,6149,-112.10967,33.712368
22994,837,-111.973885,33.679356
22995,837,-112.0739,33.500202
22996,837,-112.12288,33.667747
22997,6150,-112.114044,33.68167
22998,837,-112.07409,33.512627
22999,837,-112.09579,33.68413
23000,6151,-112.26105,33.533955
23001,6152,-111.88892,33.56866
23002,6153,-111.85407,33.39349
23003,6154,-111.95077,33.407825
23004,6155,-112.11359,33.452225
23005,837,-111.91693,33.42156
23006,6156,-112.127,33.581833
23007,6157,-111.93897,33.39407
23008,837,-115.159805,36.1511
23009,837,-111.96778,33.305794
23010,837,-112.122055,33.58155
23011,837,-111.97846,33.598522
23012,837,-112.06516,33.519554
23013,2499,-115.172714,36.11888
23014,837,-112.181595,33.552624
23015,6158,-112.13356,33.583717
23016,6159,-112.13264,33.53884
23017,837,-112.06892,33.639256
23018,837,-112.16888,33.378666
23019,837,-112.36504,33.638195
23020,837,-111.89828,33.52388
23021,837,-112.01427,33.530174
23022,6644,-111.7195,33.34711
23023,6160,-112.34139,33.438656
23024,6161,-112.07382,33.44826
23025,6162,-112.220604,33.475075
23026,6163,-112.09698,33.538143
23027,6164,-111.95117,33.421658
23028,837,-111.92746,33.442947
23029,6165,-112.25791,33.55219
23030,6166,-112.34913,33.442703
23031,837,-112.02849,33.510426
23032,837,-111.995026,33.494835
23033,6167,-112.09266,33.362442
23034,837,-112.06483,33.457333
23035,6168,-112.12928,33.799435
23036,837,-112.18589,33.462093
23037,6169,-112.166214,33.611237
23038,6170,-112.13259,33.552723
23039,6171,-112.111664,33.64012
23040,6172,-112.51256,33.495914
23041,6173,-111.97976,33.58406
23042,6174,-112.27315,33.711445
23043,6175,-112.10039,33.354465
23044,837,-112.127,33.581833
23045,4421,-111.97811,33.59784
23046,6176,-112.118805,33.57948
23047,6177,-112.36504,33.638195
23048,837,-111.92796,33.49821
23049,6178,-112.043816,33.465923
23050,6179,-111.88925,33.673668
23051,6180,-111.97846,33.598522
23052,6181,-112.12003,33.64044
23053,6182,-111.914,33.39301
23054,837,-112.18475,33.612614
23055,6183,-112.06456,33.522358
23056,6184,-112.12093,33.638924
23057,6185,-111.92753,33.49919
23058,6186,-112.02123,33.496204
23059,837,-112.135994,33.56674
23060,837,-111.86837,33.4339
23061,837,-111.78645,33.30592
23062,6187,-111.85407,33.39349
23063,2499,-111.93526,33.425156
23064,837,-111.563995,33.407337
23065,837,-111.99129,33.751526
23066,837,-111.78973,33.354954
23067,6188,-111.834526,33.414837
23068,6189,-111.94451,33.42969
23069,6190,-111.789635,33.279415
23070,837,-112.39379,33.45045
23071,837,-111.97956,33.742207
23072,6191,-111.91197,33.335354
23073,837,-80.94504,35.21938
23074,837,-111.92298,33.492252
23075,837,-111.73575,33.439777
23076,837,-111.634,33.24185
23077,837,-112.02951,33.39999
23078,837,-111.89698,33.62367
23079,837,-111.995995,33.50922
23080,837,-111.83505,33.415474
23081,837,-111.82584,33.41346
23082,837,-111.746376,33.309944
23083,6353,-111.84292,33.351166
23084,837,-111.860565,33.364925
23085,837,-111.92922,33.497566
23086,1443,-111.95768,33.42806
23087,837,-111.888626,33.675133
23088,6192,-111.72392,33.32106
23089,6193,-111.83591,33.415443
23090,6194,-112.077576,33.458744
23091,6195,-111.997826,33.43523
23092,837,-111.860565,33.364925
23093,6196,-111.84111,33.363014
23094,6197,-89.38323,43.076836
23095,6198,-111.89497,33.582962
23096,6199,-111.92423,33.67549
23097,837,-112.03788,33.509254
23098,837,-111.90752,33.4066
23099,837,-111.84111,33.363014
23100,837,-111.943306,33.42127
23101,6200,-111.93007,33.378265
23102,837,-111.82407,33.423416
23103,6201,-111.6876,33.325577
23104,6644,-111.842766,33.302315
23105,2499,-111.537415,33.57461
23106,6202,-111.90941,33.454285
23107,6203,-111.89477,33.627304
23108,837,-111.80705,33.38158
23109,837,-112.04791,33.47893
23110,837,-111.935265,33.833332
23111,837,-111.925865,33.64129
23112,837,-111.78678,33.450356
23113,837,-111.860565,33.364925
23114,6204,-112.06456,33.522358
23115,6205,-111.80628,33.384315
23116,837,-111.789505,33.452507
23117,837,-111.72392,33.32106
23118,837,-111.91341,33.408203
23119,6206,-111.790085,33.35524
23120,6207,-111.75418,33.385548
23121,837,-111.926445,33.490032
23122,2975,-111.93649,33.833767
23123,837,-111.68809,33.385452
23124,6208,-115.17582,36.09558
23125,837,-111.73215,33.451237
23126,837,-111.68375,33.383224
23127,837,-111.91155,33.40709
23128,837,-111.753044,33.392246
23129,6209,-111.72047,33.451294
23130,837,-111.716896,33.43614
23131,837,-111.906586,33.46613
23132,837,-111.77134,33.33696
23133,6210,-115.175804,36.096684
23134,6211,-112.39314,33.62682
23135,837,-111.83591,33.415443
23136,6212,-111.72688,33.414944
23137,837,-111.686104,33.38569
23138,6213,-111.68718,33.375057
23139,837,-111.92293,33.492752
23140,837,-111.86491,33.435246
23141,837,-111.8758,33.41271
23142,837,-111.93897,33.39407
23143,1071,-111.78441,33.379513
23144,837,-111.91824,33.501984
23145,6214,-111.92568,33.422756
23146,6215,-112.07354,33.456055
23147,6216,-111.92589,33.49292
23148,6217,-111.757675,33.307476
23149,837,-111.92644,33.529903
23150,6218,-111.905556,33.433037
23151,6219,-111.836136,33.416798
23152,7838,-111.73886,33.381153
23153,837,-111.80705,33.38158
23154,837,-111.61947,33.479176
23155,6220,-112.3619,33.63822
23156,6221,-111.90752,33.4066
23157,6222,-111.55314,33.41549
23158,837,-112.273315,33.708637
23159,837,-111.583275,33.220783
23160,6223,-111.684685,33.21179
23161,4421,-115.19826,36.11444
23162,681,-111.9198,33.375698
23163,837,-112.030266,33.67905
23164,837,-112.02636,33.50909
23165,6224,-111.84763,33.378475
23166,837,-111.932106,33.493336
23167,837,-111.7183,33.262623
23168,6225,-115.17435,36.113964
23169,837,-111.755875,33.303925
23170,837,-111.790085,33.35524
23171,837,-111.89859,33.490013
23172,837,-111.85849,33.348263
23173,837,-111.92635,33.489796
23174,837,-111.94049,33.423412
23175,6226,-112.07358,33.442486
23176,6644,-115.142006,36.17183
23177,6227,-111.88503,33.306114
23178,6228,-111.8902,33.319973
23179,837,-111.789856,33.356342
23180,837,-111.74355,33.307823
23181,837,-111.92463,33.526604
23182,837,-111.91861,33.500355
23183,6229,-111.92749,33.49697
23184,6230,-111.898415,33.297104
23185,837,-111.70326,33.46858
23186,837,-111.92754,33.480732
23187,837,-111.841156,33.29266
23188,6231,-111.9405,33.4272
23189,837,-111.78376,33.334938
23190,6232,-111.89859,33.490013
23191,837,-111.903336,33.433212
23192,837,-111.82394,33.348804
23193,837,-111.74385,33.307648
23194,837,-111.91268,33.320995
23195,837,-111.79081,33.27119
23196,6233,-111.791214,33.219017
23197,837,-111.858246,33.26385
23198,837,-111.747284,33.29401
23199,837,-111.63411,33.250214
23200,837,-111.789406,33.343132
23201,837,-111.716736,33.262703
23202,837,-111.8902,33.319973
23203,837,-112.07127,33.508995
23204,837,-112.0792,33.49111
23205,837,-111.92655,33.506542
23206,837,-112.07317,33.509285
23207,2499,-115.16349,36.132664
23208,2499,-112.0049,33.518227
23209,2499,-112.04751,33.52433
23210,6644,-111.92427,33.492287
23211,2499,-111.92427,33.492287
23212,6234,-111.92902,33.50251
23213,2499,-115.1765,36.10758
23214,6644,-111.9192,33.500023
23215,837,-111.85832,33.32686
23216,6235,-111.92582,33.497734
23217,837,-112.03397,33.508984
23218,837,-111.94026,33.83301
23219,2499,-115.17332,36.10583
23220,2499,-111.93395,33.49345
23221,2499,-115.17484,36.102894
23222,6236,-111.92477,33.64053
23223,2499,-111.91712,33.64557
23224,6237,-112.06997,33.451385
23225,6238,-111.92638,33.49853
23226,6239,-115.175385,36.093647
23227,6240,-112.04096,33.431335
23228,6241,-111.93356,33.492912
23229,6242,-111.9276,33.498474
23230,6243,-111.8856,33.454426
23231,6244,-115.17496,36.121323
23232,837,-111.955215,33.83297
23233,4421,-115.17407,36.121197
23234,2499,-115.17405,36.109875
23235,2499,-111.92083,33.50102
23236,6644,-115.14479,36.170017
23237,6245,-115.172714,36.11888
23238,6156,-112.23992,33.595974
23239,6246,-111.9283,33.502007
23240,6247,-111.97976,33.58406
23241,837,-111.91728,33.465336
23242,837,-111.92529,33.478733
23243,6248,-111.92305,33.501965
23244,837,-111.92529,33.478733
23245,2499,-115.176155,36.09279
23246,2499,-115.17306,36.091965
23247,2499,-111.92427,33.492287
23248,6249,-111.90849,33.430023
23249,2499,-111.92306,33.49227
23250,2499,-115.20836,36.099403
23251,837,-111.95462,33.615543
23252,2499,-73.575485,45.48277
23253,6250,-111.94042,33.429222
23254,837,-112.026474,33.510254
23255,837,-111.93646,33.42296
23256,6644,-115.17203,36.11494
23257,837,-111.931244,33.49337
23258,2499,-115.16961,36.121452
23259,6251,-111.92645,33.49031
23260,6252,-111.92565,33.494263
23261,6253,-115.15152,36.10749
23262,6254,-111.75614,33.36745
23263,6644,-115.1726,36.118793
23264,837,-111.98617,33.510483
23265,837,-111.75599,33.379623
23266,6255,-112.06518,33.57531
23267,837,-112.044914,33.510166
23268,837,-111.92582,33.497734
23269,6256,-112.04785,33.47196
23270,2499,-115.173515,36.103
23271,837,-111.926674,33.489574
23272,6257,-111.92582,33.461185
23273,6258,-111.92237,33.501263
23274,2499,-115.176704,36.09028
23275,2499,-115.174706,36.01131
23276,2499,-111.924095,33.493233
23277,2499,-115.17493,36.10478
23278,837,-111.92951,33.322136
23279,6259,-111.92993,33.49451
23280,2499,-115.16348,36.113026
23281,2499,-115.17737,36.107616
23282,6260,-111.926445,33.490032
23283,6220,-111.9161,33.419567
23284,6261,-115.11687,36.072422
23285,6262,-111.92716,33.499565
23286,837,-111.92775,33.492905
23287,6263,-111.92552,33.43438
23288,6644,-73.55817,45.500553
23289,6264,-111.92942,33.50284
23290,6644,-115.280624,36.113846
23291,837,-111.90133,33.297695
23292,6265,-111.91492,33.421413
23293,6266,-115.16714,36.126476
23294,6644,-115.15112,36.086338
23295,837,-111.89477,33.627304
23296,6267,-111.92645,33.49157
23297,837,-111.9975,33.510815
23298,6268,-111.889854,33.56891
23299,837,-111.88753,33.62979
23300,837,-111.96083,33.487644
23301,6269,-111.924644,33.497574
23302,837,-112.033966,33.465523
23303,2499,-111.92958,33.493736
23304,6270,-111.926254,33.609715
23305,6644,-115.17075,36.101788
23306,837,-111.92427,33.492287
23307,837,-111.87434,33.33615
23308,6271,-111.92485,33.496483
23309,837,-111.94115,33.42319
23310,837,-111.922966,33.501312
23311,6272,-111.89497,33.582962
23312,6273,-111.927,33.474373
23313,2499,-115.16242,36.131897
23314,6274,-111.96444,33.67591
23315,6275,-111.924484,33.56611
23316,837,-111.92749,33.49549
23317,2499,-115.17306,36.091965
23318,6276,-73.5612,45.50295
23319,2499,-115.1763,36.11227
23320,837,-111.92444,33.40723
23321,837,-111.92433,33.49471
23322,2499,-115.13902,36.088516
23323,2499,-115.17012,36.122276
23324,6644,-115.16597,36.127857
23325,837,-111.92898,33.494953
23326,6277,-111.9377,33.39286
23327,6278,-115.16961,36.121456
23328,2499,-115.142006,36.17183
23329,4421,-115.17341,36.118275
23330,2499,-111.92769,33.499382
23331,2499,-115.174644,36.109913
23332,2499,-111.92796,33.490696
23333,6279,-111.92686,33.585636
23334,6280,-111.84085,33.28455
23335,837,-111.92611,33.41472
23336,837,-112.000854,33.44884
23337,6281,-112.067,33.508987
23338,837,-112.036606,33.509274
23339,837,-111.92558,33.566383
23340,4421,-115.167725,36.103397
23341,837,-111.76328,33.45083
23342,837,-111.964966,33.501846
23343,6282,-111.92531,33.473274
23344,6283,-111.8758,33.41271
23345,6284,-111.90979,33.48124
23346,6285,-112.03788,33.509254
23347,837,-111.90837,33.464348
23348,6286,-111.76157,33.5782
23349,837,-111.95392,33.40789
23350,2499,-73.56134,45.523285
23351,837,-111.7443,33.307983
23352,2499,-73.5765,45.53093
23353,6287,-111.937614,33.377888
23354,837,-112.149605,33.56798
23355,837,-111.927124,33.459255
23356,837,-111.78991,33.355118
23357,6288,-111.85576,33.39053
23358,6289,-111.9255,33.434334
23359,6644,-111.9276,33.498474
23360,837,-115.172554,36.10907
23361,6290,-112.06063,33.49443
23362,6291,-115.284355,36.138515
23363,2499,-115.17019,36.123405
23364,837,-111.92593,33.493774
23365,6292,-111.92718,33.499454
23366,6293,-111.93051,33.49245
23367,837,-111.87502,33.276276
23368,6294,-111.898346,33.621647
23369,2499,-115.17322,36.11784
23370,6295,-112.072014,33.455708
23371,6296,-111.91909,33.50095
23372,2499,-115.174225,36.106884
23373,837,-111.99651,33.509785
23374,837,-111.85537,33.390446
23375,2499,-115.17106,36.12008
23376,6297,-111.93159,33.830368
23377,837,-111.92542,33.567024
23378,6298,-112.082855,33.465343
23379,837,-111.92448,33.62557
23380,2499,-73.567375,45.498024
23381,2499,-3.1837537,55.949978
23382,6644,-115.15126,36.1089
23383,6299,-111.9309,33.58303
23384,2499,-111.92727,33.49783
23385,2499,-111.92415,33.50155
23386,837,-115.175804,36.09531
23387,2499,-115.174355,36.092293
23388,2499,-115.181755,36.111107
23389,837,-111.93356,33.492912
23390,6300,-115.20955,36.12644
23391,4421,-115.14339,36.169838
23392,6301,-112.07377,33.45838
23393,837,-112.07371,33.456326
23394,6302,-111.85664,33.233788
23395,837,-112.065636,33.44916
23396,7736,-111.92355,33.623634
23397,837,-111.92563,33.49171
23398,2499,-111.92612,33.532578
23399,6303,-111.92514,33.542786
23400,6304,-111.928185,33.501774
23401,6305,-111.92753,33.49919
23402,837,-111.92462,33.49879
23403,837,-111.92572,33.526047
23404,2499,-112.02814,33.510223
23405,6306,-111.92463,33.526604
23406,837,-112.073395,33.477222
23407,837,-115.17124,36.11788
23408,2499,-115.22329,36.125538
23409,837,-111.966606,33.67681
23410,837,-111.96561,33.676094
23411,837,-111.93962,33.42344
23412,6307,-111.92481,33.421085
23413,837,-112.011284,33.640278
23414,4,-111.92716,33.499565
23415,2499,-115.14085,36.170055
23416,837,-112.04928,33.523098
23417,837,-115.16587,36.126877
23418,837,-111.97688,33.583424
23419,6308,-111.92427,33.492287
23420,2499,-115.16879,36.122967
23421,6309,-112.10129,33.678238
23422,837,-115.15539,36.11793
23423,837,-111.92708,33.508694
23424,6310,-111.92708,33.508694
23425,6311,-115.17107,36.112522
23426,837,-111.92603,33.37827
23427,2499,-115.20888,36.09506
23428,837,-111.92708,33.508694
23429,6312,-111.9283,33.502007
23430,2499,-111.92708,33.508694
23431,6313,-111.92793,33.489388
23432,837,-111.92432,33.499275
23433,6314,-111.99398,33.479767
23434,837,-111.9263,33.320377
23435,837,-111.79115,33.3323
23436,837,-115.10691,35.999065
23437,6644,-111.92612,33.532578
23438,6315,-111.93004,33.492516
23439,837,-111.926445,33.490032
23440,6316,-111.92775,33.492905
23441,837,-111.92857,33.498913
23442,2499,-111.92775,33.492905
23443,837,-112.082825,33.517372
23444,6317,-111.89283,33.58325
23445,837,-115.17012,36.122276
23446,6644,-115.167755,36.123943
23447,6318,-111.92227,33.584015
23448,837,-112.027016,33.50802
23449,6319,-112.065475,33.47014
23450,837,-111.92745,33.498722
23451,837,-111.93512,33.483368
23452,6320,-111.801056,33.69663
23453,6321,-111.939285,33.39397
23454,6322,-111.92942,33.50284
23455,837,-112.26989,33.553776
23456,6323,-111.97678,33.584267
23457,837,-111.923096,33.49217
23458,837,-112.11672,33.53954
23459,837,-111.8859,33.545685
23460,2499,-111.918205,33.501457
23461,837,-111.91348,33.41466
23462,6322,-111.92563,33.49171
23463,837,-111.91124,33.362206
23464,837,-111.92942,33.50284
23465,837,-111.98255,33.48009
23466,837,-111.90851,33.486828
23467,837,-111.74018,33.378
23468,2499,-115.16762,36.126415
23469,837,-111.97678,33.584267
23470,837,-112.07669,33.451775
23471,4421,-115.191826,36.144268
23472,6324,-111.90851,33.486828
23473,837,-112.0013,33.49514
23474,6325,-111.890274,33.56924
23475,837,-111.928894,33.49311
23476,6326,-111.95392,33.40789
23477,837,-111.91824,33.501984
23478,6327,-111.924675,33.676567
23479,2499,-115.17022,36.12299
23480,837,-112.072014,33.455708
23481,837,-115.1779,36.11717
23482,837,-112.01464,33.510056
23483,837,-112.064926,33.4743
23484,837,-111.68428,33.265472
23485,837,-112.07339,33.513504
23486,6328,-112.02123,33.496204
23487,6329,-111.93631,33.422318
23488,6330,-111.91017,33.48699
23489,6331,-111.91066,33.362846
23490,837,-111.93304,33.495667
23491,6332,-111.92534,33.4944
23492,6333,-111.9235,33.625095
23493,837,-111.789505,33.452507
23494,837,-111.9251,33.42234
23495,6334,-111.91492,33.421413
23496,6335,-115.177,36.11199
23497,2499,-111.9259,33.491978
23498,6336,-111.90506,33.672047
23499,4421,-115.287,36.166702
23500,2499,-111.906,33.542786
23501,837,-111.94099,33.423275
23502,6337,-111.930336,33.624638
23503,6338,-111.93458,33.582195
23504,6339,-115.180565,36.14486
23505,6340,-111.91419,33.466423
23506,837,-112.01417,33.511307
23507,6341,-111.91861,33.500355
23508,1740,-111.988716,33.509197
23509,837,-111.91861,33.500355
23510,6342,-115.17259,36.112953
23511,6343,-112.01186,33.572582
23512,6344,-111.924385,33.53924
23513,6345,-111.943954,33.42853
23514,6346,-111.908585,33.39378
23515,837,-111.99865,33.495285
23516,6347,-111.92365,33.625546
23517,6644,-115.15387,36.110085
23518,6348,-111.9241,33.827328
23519,2499,-115.169655,36.12119
23520,6349,-111.92932,33.655735
23521,6644,-115.16456,36.131496
23522,837,-111.93395,33.49345
23523,6350,-111.92566,33.51083
23524,837,-111.927216,33.5314
23525,2499,-115.16269,36.144295
23526,837,-111.97461,33.678616
23527,4421,-111.92255,33.63534
23528,6351,-111.92758,33.578156
23529,6352,-111.91155,33.40709
23530,6353,-111.98909,33.42159
23531,6354,-111.978455,33.62746
23532,6355,-112.06516,33.519554
23533,6356,-111.978645,33.742893
23534,2499,-3.195602,55.9491
23535,2499,-111.92727,33.49783
23536,6357,-111.90517,33.466003
23537,2499,-115.174355,36.109806
23538,4421,-115.31481,36.121902
23539,837,-112.03569,33.50815
23540,4421,-111.9224,33.500626
23541,837,-111.97308,33.52883
23542,837,-111.92343,33.499702
23543,837,-112.06783,33.458065
23544,6358,-115.29321,36.084576
23545,837,-112.35945,33.639774
23546,6359,-115.174706,36.01131
23547,837,-112.23505,33.633667
23548,6360,-112.06773,33.458202
23549,837,-111.92628,33.528217
23550,837,-111.9249,33.566227
23551,6361,-111.988716,33.509197
23552,6362,-111.8915,33.629436
23553,837,-111.91033,33.486916
23554,6363,-112.04244,33.471443
23555,6364,-112.03397,33.508984
23556,837,-111.8678,33.43389
23557,6365,-112.04791,33.47893
23558,2499,-115.17096,36.09936
23559,6366,-111.960075,33.349594
23560,6367,-111.88905,33.628826
23561,837,-112.35845,33.494408
23562,837,-111.928795,33.502323
23563,2499,-89.452324,43.07114
23564,837,-111.995514,33.50243
23565,6368,-111.924614,33.63925
23566,837,-111.88929,33.674316
23567,2499,-115.17155,36.05243
23568,6369,-111.928825,33.82903
23569,6370,-111.928825,33.82903
23570,837,-111.90614,33.671265
23571,6371,-112.11634,33.68425
23572,6372,-111.97952,33.6384
23573,6373,-115.28963,36.16418
23574,6374,-111.87385,33.619835
23575,6375,-111.95183,33.50222
23576,837,-111.92627,33.637753
23577,837,-111.922195,33.500523
23578,6376,-111.88451,33.636524
23579,6377,-111.92492,33.62348
23580,837,-111.907524,33.421535
23581,6378,-111.92645,33.49031
23582,2499,-115.15716,36.114746
23583,6379,-112.065475,33.47014
23584,6380,-111.98934,33.494595
23585,6644,-115.17462,36.142902
23586,6381,-111.84253,33.303234
23587,6382,-115.298294,36.077114
23588,6644,-111.92632,33.494377
23589,837,-111.92635,33.489796
23590,6383,-111.940254,33.425964
23591,6384,-111.9258,33.49911
23592,6385,-111.86899,33.540825
23593,2499,-115.15161,36.134583
23594,6386,-111.38711,33.508118
23595,837,-111.91492,33.421413
23596,6387,-111.91835,33.636208
23597,6388,-111.92737,33.50323
23598,837,-111.91778,33.466396
23599,837,-112.012505,33.390793
23600,837,-111.90383,33.433975
23601,6389,-111.936,33.41438
23602,6390,-111.964966,33.501846
23603,3203,-111.752884,33.37769
23604,837,-111.94026,33.392635
23605,6391,-111.9245,33.624264
23606,6644,-111.92606,33.453285
23607,6392,-115.174644,36.109913
23608,837,-111.92255,33.63534
23609,837,-111.84253,33.303234
23610,6393,-112.07127,33.508995
23611,6394,-111.83933,33.246418
23612,6395,-111.92414,33.6247
23613,837,-111.74338,33.30437
23614,837,-111.927,33.474373
23615,6396,-111.97644,33.610348
23616,6397,-111.93003,33.655685
23617,6398,-112.098526,33.451073
23618,837,-111.92851,33.50097
23619,6399,-115.16818,36.117462
23620,2499,-115.17601,36.104332
23621,6400,-114.92888,36.102833
23622,837,-112.07409,33.512627
23623,2499,-73.5655,45.5003
23624,2499,-111.93472,33.42403
23625,6401,-111.84111,33.363014
23626,6402,-111.94082,33.423077
23627,6644,-111.875755,33.62114
23628,2499,-73.61065,45.53131
23629,6644,-115.08566,36.02736
23630,6644,-111.94457,33.335052
23631,837,-111.92716,33.45379
23632,837,-112.06483,33.457333
23633,6403,-111.754906,33.3078
23634,6404,-111.78514,33.334938
23635,837,-111.94758,33.42153
23636,837,-112.04729,33.546448
23637,2499,-111.9283,33.502007
23638,837,-111.89255,33.69917
23639,6405,-112.0013,33.49514
23640,837,-112.06877,33.485413
23641,6406,-112.082504,33.44052
23642,6407,-111.939445,33.407463
23643,837,-111.99899,33.436527
23644,837,-111.941376,33.423275
23645,2499,-111.7212,33.3666
23646,6644,-115.16876,36.12438
23647,837,-111.9161,33.419567
23648,837,-112.078156,33.458477
23649,837,-112.04702,33.546608
23650,6408,-111.93472,33.42403
23651,837,-111.92645,33.497555
23652,6409,-111.9161,33.419567
23653,837,-111.92409,33.424282
23654,2499,-111.86491,33.435246
23655,837,-111.91178,33.364212
23656,3185,-111.943306,33.42127
23657,837,-112.083176,33.451736
23658,6410,-111.93472,33.42403
23659,837,-111.9348,33.42384
23660,6411,-111.95056,33.42161
23661,837,-112.07397,33.513077
23662,837,-111.92869,33.467358
23663,837,-111.889534,33.41505
23664,837,-111.91492,33.421413
23665,837,-112.03839,33.507893
23666,6412,-111.90516,33.431896
23667,6413,-111.94037,33.424194
23668,6414,-111.92432,33.499275
23669,6415,-111.97982,33.49482
23670,837,-111.93644,33.422863
23671,6416,-111.85414,33.40779
23672,6417,-111.90871,33.421734
23673,6418,-111.9255,33.434334
23674,6419,-111.98837,33.47994
23675,837,-115.20641,36.17994
23676,837,-111.85576,33.39053
23677,2499,-111.927635,33.57769
23678,2499,-115.13056,36.10134
23679,2499,-73.57851,45.49469
23680,6420,-111.90859,33.406624
23681,837,-111.90513,33.41494
23682,837,-111.89878,33.302162
23683,837,-111.98909,33.42159
23684,6421,-111.940254,33.425964
23685,837,-111.91462,33.393013
23686,6644,-115.13894,36.16672
23687,837,-111.96592,33.318157
23688,6422,-111.92764,33.31837
23689,4421,-111.944046,33.436962
23690,837,-112.18295,33.538418
23691,837,-111.87599,33.41335
23692,6423,-111.951614,33.421337
23693,6424,-111.85407,33.39349
23694,837,-111.88703,33.58109
23695,6644,-111.92555,33.564976
23696,2499,-3.1893704,55.9484
23697,6425,-111.92853,33.497345
23698,837,-112.07634,33.46553
23699,6426,-112.013855,33.63044
23700,6427,-111.74385,33.307648
23701,1071,-111.77975,33.37889
23702,837,-112.06543,33.469967
23703,6428,-111.937614,33.377888
23704,837,-112.02123,33.496204
23705,837,-111.93485,33.42268
23706,837,-115.16997,36.11293
23707,837,-111.978546,33.330902
23708,837,-111.86831,33.393795
23709,6429,-112.07009,33.44771
23710,837,-111.953125,33.42159
23711,837,-111.947525,33.407562
23712,2499,-112.26192,33.534935
23713,6430,-115.176315,36.109913
23714,6431,-111.94051,33.424126
23715,837,-112.00525,33.4954
23716,6644,-111.93744,33.423515
23717,6432,-115.17364,36.121155
23718,2499,-115.17318,36.110085
23719,6433,-111.99224,33.30574
23720,837,-111.922,33.50141
23721,2499,-115.157875,36.142757
23722,6434,-112.07358,33.442486
23723,2499,-115.16938,36.10251
23724,6435,-112.01238,33.59742
23725,837,-111.928795,33.502323
23726,2499,-115.15126,36.1089
23727,837,-115.13037,36.179367
23728,6644,-111.87686,33.54105
23729,837,-112.07289,33.51061
23730,837,-111.8902,33.319973
23731,837,-111.78514,33.334938
23732,837,-112.06543,33.469967
23733,837,-115.167015,36.126884
23734,2499,-73.61492,45.536034
23735,837,-111.93508,33.424995
23736,6644,-112.071884,33.44986
23737,837,-3.1786451,55.937122
23738,6644,-111.913055,33.36342
23739,6436,-115.22487,36.06982
23740,6437,-111.90713,33.335182
23741,6438,-111.875916,33.276257
23742,837,-111.9265,33.49973
23743,837,-111.92644,33.44929
23744,6439,-111.995995,33.50922
23745,837,-111.926025,33.623665
23746,837,-111.95717,33.303223
23747,837,-111.927574,33.39089
23748,837,-111.92563,33.49171
23749,837,-112.065346,33.519466
23750,837,-112.043816,33.465923
23751,837,-111.95149,33.42273
23752,837,-111.916046,33.696815
23753,6440,-111.88846,33.70003
23754,837,-111.91998,33.41531
23755,6441,-112.51256,33.495914
23756,6442,-111.924675,33.676567
23757,837,-111.940834,33.426746
23758,2499,-115.172554,36.111877
23759,6443,-111.68764,33.324013
23760,837,-112.120346,33.64042
23761,6444,-111.864815,33.611557
23762,837,-111.72101,33.43516
23763,837,-111.94652,33.422188
23764,6644,-115.143524,36.170765
23765,837,-112.06567,33.487747
23766,837,-111.877106,33.337326
23767,837,-112.01186,33.572582
23768,837,-111.84237,33.303696
23769,837,-111.90847,33.47997
23770,837,-112.07405,33.44995
23771,6445,-115.17406,36.107925
23772,6644,-111.97018,33.410862
23773,4421,-115.178,36.068428
23774,837,-111.95392,33.40789
23775,6446,-111.90849,33.430023
23776,837,-111.790016,33.35597
23777,837,-111.89497,33.582962
23778,6447,-112.079285,33.455036
23779,837,-111.897285,33.52323
23780,6448,-111.92294,33.50128
23781,6449,-111.926605,33.476547
23782,6450,-115.17134,35.96494
23783,6644,-115.16918,36.10844
23784,837,-112.07391,33.506207
23785,837,-111.940254,33.425964
23786,6644,-115.16948,35.96504
23787,2249,-111.99878,33.303734
23788,837,-112.05403,33.306946
23789,837,-112.00005,33.495453
23790,6451,-111.929115,33.582672
23791,837,-111.922424,33.637104
23792,837,-112.06773,33.458202
23793,837,-111.633095,33.24912
23794,837,-111.94082,33.423077
23795,837,-111.98633,33.60024
23796,837,-115.15112,36.086338
23797,837,-112.07427,33.447517
23798,837,-111.92632,33.494377
23799,837,-111.6692,33.30979
23800,6883,-115.17143,36.135014
23801,837,-112.02814,33.510223
23802,837,-111.87578,33.41316
23803,6452,-112.277504,33.598698
23804,6453,-112.013145,33.656208
23805,837,-111.938225,33.378216
23806,6454,-111.938194,33.377796
23807,6455,-111.90998,33.347878
23808,837,-111.72392,33.32106
23809,837,-111.90871,33.421734
23810,6456,-111.938225,33.378216
23811,837,-111.59864,33.38231
23812,6457,-111.85813,33.320015
23813,837,-112.04244,33.471443
23814,837,-111.92588,33.61741
23815,4421,-115.16363,36.13698
23816,2499,-111.90974,33.363396
23817,3087,-111.908585,33.39378
23818,837,-112.06543,33.56062
23819,837,-111.92239,33.501007
23820,837,-111.8754,33.337067
23821,837,-111.907875,33.377914
23822,6458,-111.930984,33.79885
23823,6459,-111.78953,33.354343
23824,6460,-112.06783,33.458065
23825,6461,-112.18393,33.53842
23826,837,-112.010605,33.465714
23827,6462,-112.33852,33.449104
23828,6463,-112.18157,33.539257
23829,837,-112.18803,33.538708
23830,6464,-112.15203,33.55381
23831,837,-112.42459,33.622913
23832,837,-112.20145,33.637093
23833,6465,-112.27275,33.46457
23834,4421,-112.16552,33.53812
23835,6466,-111.98451,33.509106
23836,837,-112.0305,33.678318
23837,2499,-112.357735,33.609158
23838,837,-112.33321,33.492413
23839,6467,-112.028336,33.480034
23840,6644,-111.923256,33.58223
23841,6468,-112.3355,33.460354
23842,6469,-112.39382,33.45773
23843,6470,-112.06476,33.471985
23844,6471,-111.92378,33.824936
23845,6472,-112.06296,33.656124
23846,6473,-111.86569,33.53887
23847,837,-112.135994,33.56674
23848,6474,-112.171936,33.638557
23849,6475,-112.06516,33.519554
23850,837,-111.93321,33.652534
23851,837,-112.07484,33.447174
23852,837,-111.979454,33.77117
23853,837,-112.74282,33.96623
23854,6476,-112.04791,33.47893
23855,6477,-112.390724,33.638966
23856,6478,-112.39544,33.63827
23857,837,-112.127,33.581833
23858,837,-112.42551,33.43777
23859,837,-112.359604,33.60966
23860,837,-112.26056,33.534855
23861,837,-112.18537,33.610764
23862,6479,-112.30007,33.594315
23863,6480,-112.277504,33.598698
23864,4421,-115.32508,36.124886
23865,837,-112.06516,33.519554
23866,6644,-111.887695,33.538803
23867,6481,-115.20635,35.995155
23868,6482,-111.90897,33.82203
23869,837,-112.261604,33.534298
23870,837,-112.261986,33.534485
23871,837,-115.14479,36.170017
23872,6483,-115.172455,36.106503
23873,2499,-115.15627,36.14684
23874,2499,-115.17119,36.12122
23875,6484,-115.17124,36.11788
23876,2499,-115.167694,36.103054
23877,2499,-114.984634,36.04278
23878,6644,-115.172714,36.118225
23879,837,-115.14055,36.169167
23880,6485,-115.13688,36.11789
23881,2499,-115.072075,36.07385
23882,6486,-115.071754,36.070538
23883,6487,-115.175064,36.107677
23884,2499,-115.009346,36.03198
23885,6488,-115.20848,36.083973
23886,4421,-115.13221,36.114044
23887,6644,-115.159805,36.1511
23888,6489,-115.28346,36.201614
23889,6490,-115.11668,36.187164
23890,4421,-115.04282,36.067123
23891,4421,-115.17227,36.11837
23892,4421,-115.12155,36.04155
23893,4421,-114.98361,36.03274
23894,4421,-115.17154,36.0512
23895,6491,-115.117096,36.016495
23896,4421,-115.096146,36.072655
23897,4421,-115.17345,36.10306
23898,6492,-115.173706,36.107292
23899,4421,-115.13609,36.01191
23900,4421,-115.17419,36.1212
23901,6493,-115.20685,36.11581
23902,6494,-115.04675,36.043884
23903,4421,-115.04165,36.05552
23904,837,-115.33383,36.15735
23905,6495,-114.985695,36.03497
23906,4421,-115.08336,36.022465
23907,6496,-115.27839,36.058018
23908,6497,-115.07656,36.071907
23909,6498,-115.15716,36.114746
23910,4421,-115.177536,36.06837
23911,4421,-115.334236,36.145416
23912,6499,-115.236496,36.24345
23913,6500,-115.04155,36.063816
23914,4421,-115.1187,36.01658
23915,2499,-115.14528,36.17145
23916,4421,-115.18949,36.10455
23917,6501,-115.139915,36.169243
23918,6502,-115.1396,36.169117
23919,4421,-115.13463,36.161926
23920,6503,-115.07974,36.072388
23921,4421,-115.10377,36.130226
23922,6504,-115.29826,36.07897
23923,4421,-115.17636,36.117344
23924,6505,-115.08267,36.069874
23925,2499,-115.25826,36.195614
23926,6506,-115.1912,36.039337
23927,6507,-115.16296,36.12714
23928,6644,-115.17581,36.08995
23929,6508,-114.96395,36.01146
23930,4421,-115.1068,36.071945
23931,6021,-115.190506,36.08786
23932,4421,-115.07974,36.072388
23933,4421,-115.14253,36.169502
23934,6509,-115.175285,36.06618
23935,4421,-115.152336,36.11395
23936,6510,-115.24406,36.085598
23937,6644,-114.96364,36.013103
23938,4421,-115.13694,36.11391
23939,4421,-115.0833,36.00489
23940,4421,-114.98542,36.033108
23941,6511,-115.244194,36.045704
23942,4421,-115.10044,35.979927
23943,6512,-115.17223,36.06783
23944,4421,-115.1613,36.138298
23945,4421,-115.28672,36.167316
23946,2499,-115.19228,36.144
23947,4421,-115.18343,36.041916
23948,4421,-115.226974,36.11462
23949,4421,-115.20026,36.03485
23950,6644,-115.25988,36.203743
23951,6513,-115.24157,36.144634
23952,6514,-115.17864,36.287773
23953,4421,-115.24211,36.24991
23954,4421,-115.11279,36.005222
23955,4421,-115.22455,36.238483
23956,4421,-115.297585,36.09778
23957,4421,-115.29776,36.097992
23958,4421,-115.207794,36.276955
23959,4421,-115.17876,36.285034
23960,4421,-115.2317,36.23775
23961,4421,-115.265976,36.168346
23962,6644,-111.92627,33.637753
23963,6515,-115.19215,36.042213
23964,4421,-114.962135,36.013103
23965,4421,-115.163124,36.133614
23966,2499,-115.19534,36.114998
23967,2499,-115.17603,36.11833
23968,2499,-115.06262,36.02959
23969,6516,-115.1746,36.116764
23970,2499,-115.19528,36.11444
23971,2499,-111.92177,33.636818
23972,2499,-115.17698,36.111977
23973,2499,-115.14844,36.16738
23974,2499,-115.16474,36.069073
23975,6644,-115.172295,36.127068
23976,2499,-112.07232,33.457657
23977,6644,-115.17124,36.11788
23978,2499,-115.1732,36.104378
23979,2499,-115.17124,36.11788
23980,2499,-115.16965,36.121864
23981,837,-115.17089,36.114025
23982,2499,-115.17205,36.11012
23983,6517,-115.1529,36.13159
23984,6518,-115.17199,36.12483
23985,2499,-115.17106,36.11242
23986,6644,-115.16929,36.122322
23987,2499,-115.15112,36.086338
23988,2499,-115.139175,36.116707
23989,2499,-115.17028,36.12433
23990,6644,-115.173904,36.110092
23991,2499,-115.13567,36.176983
23992,6644,-115.15387,36.110085
23993,2499,-115.17249,36.105267
23994,2499,-115.17421,36.106213
23995,4421,-115.17457,36.127308
23996,2499,-115.17577,36.10771
23997,2499,-115.17096,36.112534
23998,6519,-115.16309,36.136738
23999,2499,-115.17223,36.110733
24000,2499,-115.14626,36.17125
24001,2499,-115.17688,36.111946
24002,6644,-115.17167,36.11025
24003,2499,-115.16961,36.121456
24004,2499,-115.1696,36.121452
24005,2499,-115.16907,36.124435
24006,6644,-115.173874,36.109753
24007,6644,-115.17407,36.121197
24008,2499,-115.169655,36.12119
24009,6644,-115.17223,36.105675
24010,2499,-115.167015,36.126884
24011,2499,-115.17437,36.10206
24012,2499,-115.209816,36.14866
24013,2499,-111.922,33.50141
24014,2499,-115.17516,36.109875
24015,2499,-115.17503,36.118713
24016,2499,-115.17637,36.06801
24017,4421,-115.18231,36.140705
24018,837,-73.57754,45.516373
24019,2499,-115.14479,36.170017
24020,2499,-115.166954,36.106236
24021,2499,-115.17103,36.099377
24022,2499,-115.17786,36.117294
24023,2499,-115.17131,36.115993
24024,2499,-115.28482,36.291054
24025,2499,-115.06245,36.112835
24026,2499,-115.17086,36.10993
24027,2499,-115.172554,36.115673
24028,2499,-115.17277,36.10408
24029,6644,-115.16961,36.121452
24030,2499,-115.14479,36.170017
24031,2499,-115.15126,36.10913
24032,2499,-80.838196,35.22776
24033,2499,-115.17601,36.104332
24034,2499,-115.17113,36.12856
24035,6644,-115.176575,36.091194
24036,6644,-115.169655,36.12119
24037,2499,-115.17022,36.123844
24038,2499,-115.17575,36.108307
24039,2499,-115.17625,36.092876
24040,6644,-115.172295,36.127068
24041,2499,-115.18219,36.10132
24042,2499,-115.17831,36.12849
24043,2499,-115.17712,36.13198
24044,6520,-115.174644,36.109913
24045,2499,-115.1725,36.110065
24046,2499,-115.139915,36.169243
24047,2499,-115.17459,36.112022
24048,2499,-115.1546,36.11997
24049,6521,-111.99783,33.437214
24050,2499,-73.55761,45.50377
24051,2499,-115.180664,36.291985
24052,2499,-115.1695,36.10743
24053,2499,-115.19822,36.12595
24054,6644,-115.18697,36.115337
24055,2499,-115.169914,36.14376
24056,6644,-115.16009,36.113396
24057,2499,-115.17575,36.108307
24058,6644,-115.17818,36.10713
24059,2499,-112.073425,33.447334
24060,4421,-115.05253,36.049995
24061,6522,-115.18219,36.10132
24062,6644,-115.17087,36.10242
24063,2499,-115.15112,36.086338
24064,2499,-115.15112,36.086338
24065,2499,-115.17299,36.128223
24066,2499,-115.17259,36.112953
24067,6644,-115.12652,36.15846
24068,2499,-115.170906,36.103455
24069,4421,-115.14511,36.1741
24070,2499,-115.172714,36.11888
24071,6644,-115.17563,36.082973
24072,2499,-89.502594,43.04894
24073,2499,-115.14639,36.081303
24074,2499,-115.209366,36.11818
24075,2499,-115.179085,36.11224
24076,2499,-115.16559,36.12689
24077,2499,-80.84341,35.221325
24078,2499,-115.177,36.11199
24079,4421,-115.172554,36.111877
24080,2499,-115.17087,36.10242
24081,2499,-115.174644,36.109913
24082,6523,-115.16591,36.127495
24083,6644,-115.17179,36.12469
24084,2499,-115.17086,36.10993
24085,2499,-115.15112,36.086338
24086,6524,-115.180626,36.29249
24087,2499,-115.16929,36.122322
24088,2499,-115.17106,36.11242
24089,2499,-115.15112,36.086338
24090,6525,-115.17516,36.109875
24091,4,-79.92427,40.459957
24092,2499,-115.17262,36.12956
24093,4421,-115.1725,36.110065
24094,2499,-115.16587,36.126877
24095,2499,-115.117096,36.016495
24096,2499,-115.15261,36.151554
24097,2499,-115.17459,36.112022
24098,2499,-112.06836,33.457863
24099,4421,-115.155754,36.14755
24100,4421,-115.18231,36.140705
24101,6526,-115.16363,36.13698
24102,6644,-115.16915,36.054928
24103,6527,-3.161845,55.94409
24104,2499,-115.15112,36.086338
24105,2499,-115.1398,36.16868
24106,837,-115.17753,36.10671
24107,2499,-115.17688,36.111946
24108,4421,-111.92667,33.48332
24109,2499,-115.17156,36.10262
24110,2499,-115.17135,36.112526
24111,2499,-115.17119,36.12122
24112,6644,-80.94362,35.219006
24113,6644,-115.17259,36.112953
24114,2499,-115.17234,36.110107
24115,2499,-115.1775,36.112507
24116,2499,-112.00699,33.435463
24117,6644,-115.1613,36.138298
24118,2499,-89.38087,43.07401
24119,6644,-115.174644,36.109913
24120,2499,-115.17641,36.11316
24121,4421,-112.11646,33.560856
24122,2499,-115.1725,36.110065
24123,2499,-73.61492,45.536034
24124,2499,-73.56646,45.49992
24125,2499,-80.005325,40.447388
24126,2499,-115.17419,36.110485
24127,2499,-115.1684,36.124554
24128,2499,-115.17625,36.092876
24129,2499,-115.1726,36.115604
24130,6644,-115.17787,36.11706
24131,2499,-115.149414,36.085884
24132,2499,-115.1765,36.10758
24133,2499,-115.15112,36.086338
24134,2499,-115.14479,36.170017
24135,4421,-115.333855,36.155964
24136,6644,-115.15125,36.136257
24137,2499,-115.16885,36.1231
24138,2499,-115.172455,36.106503
24139,2499,-115.17273,36.108913
24140,2499,-115.15112,36.086338
24141,6644,-115.15112,36.086338
24142,837,-112.07331,33.45167
24143,2499,-115.17849,36.10924
24144,2499,-115.13639,36.173893
24145,2499,-115.17341,36.118275
24146,2499,-115.20888,36.09506
24147,6528,-115.1741,36.12124
24148,2499,-115.19819,36.125896
24149,2499,-115.171524,36.119305
24150,2499,-115.174644,36.109913
24151,2499,-115.15568,36.14763
24152,2499,-73.57754,45.516373
24153,6644,-115.1952,36.11531
24154,6529,-115.15114,36.08499
24155,6644,-115.17818,36.106815
24156,6530,-115.14085,36.170055
24157,2499,-115.17315,36.10988
24158,2499,-115.17259,36.112953
24159,2499,-115.17726,36.094547
24160,2499,-115.176315,36.109913
24161,2499,-115.167755,36.123943
24162,4421,-115.17669,36.117455
24163,6644,-115.16901,35.965446
24164,6021,-115.17234,36.110107
24165,2499,-115.175804,36.09531
24166,2499,-115.173874,36.109753
24167,2499,-115.17582,36.09558
24168,2499,-115.17223,36.110733
24169,4421,-115.17422,36.109562
24170,2499,-115.17234,36.10353
24171,6644,-115.16908,36.124203
24172,4421,-115.17785,36.276077
24173,837,-115.16427,36.059887
24174,6531,-115.141884,36.16918
24175,2499,-115.1726,36.112434
24176,2499,-115.15112,36.086338
24177,2499,-115.14637,36.124424
24178,2499,-115.17234,36.110107
24179,6644,-115.17105,36.12595
24180,2499,-115.175385,36.09326
24181,2499,-115.1725,36.110065
24182,2499,-115.14224,36.170544
24183,2499,-115.17322,36.109215
24184,2499,-115.33439,36.156796
24185,2499,-115.17177,36.11931
24186,6644,-115.29302,36.157192
24187,2499,-115.174416,36.1097
24188,6021,-73.60211,45.522434
24189,2499,-73.56646,45.49992
24190,2499,-115.16963,36.117516
24191,2499,-111.790115,33.356728
24192,2499,-115.15097,36.085175
24193,2499,-115.1682,36.087383
24194,2499,-115.17364,36.121155
24195,2499,-115.141884,36.16918
24196,2499,-115.17575,36.108307
24197,2499,-115.17688,36.091255
24198,2499,-111.92796,33.49821
24199,2499,-115.17306,36.091965
24200,2499,-115.17516,36.109875
24201,6644,-115.17278,36.0908
24202,2499,-115.17382,36.107162
24203,2499,-115.176575,36.091194
24204,2499,-115.174355,36.109806
24205,6644,-115.17179,36.12469
24206,2499,-115.17818,36.106815
24207,2499,-115.167755,36.123943
24208,2499,-115.121475,36.1005
24209,2499,-112.261375,33.539352
24210,2499,-115.17516,36.109875
24211,6532,-115.169754,36.102917
24212,2499,-115.17818,36.106815
24213,2499,-115.16578,36.128788
24214,2499,-115.164345,36.06004
24215,6644,-115.23995,36.14467
24216,4421,-115.26203,36.070213
24217,4421,-115.16559,36.12689
24218,6644,-115.072075,36.07385
24219,6644,-115.1741,36.12124
24220,2499,-115.16591,36.127495
24221,2499,-115.174644,36.109913
24222,2499,-115.17119,36.12122
24223,2499,-115.16587,36.126877
24224,2499,-115.17674,36.10449
24225,2499,-115.14556,36.172424
24226,6644,-115.175804,36.096684
24227,4421,-115.19189,36.126472
24228,2499,-115.16994,36.109863
24229,2499,-115.15112,36.086338
24230,2499,-115.17405,36.109875
24231,2499,-115.15185,36.084736
24232,6644,-115.17279,36.11766
24233,4421,-115.15112,36.086338
24234,2499,-115.172554,36.115673
24235,6644,-115.17641,36.11316
24236,2499,-115.16427,36.059887
24237,2499,-115.17131,36.11928
24238,2499,-115.17322,36.109215
24239,6644,-115.16456,36.131496
24240,6644,-115.17019,36.123405
24241,6644,-111.997986,33.435844
24242,2499,-115.17618,36.115856
24243,2499,-115.17618,36.115856
24244,2499,-115.17652,36.11301
24245,2499,-115.17613,36.107327
24246,4421,-115.15112,36.086338
24247,2499,-115.15112,36.086338
24248,2499,-115.15112,36.086338
24249,6644,-115.169266,36.102703
24250,6644,-115.17652,36.11303
24251,6644,-115.17105,36.12595
24252,6644,-115.15323,36.042797
24253,6644,-115.1726,36.118793
24254,2499,-115.17131,36.11928
24255,2499,-115.175804,36.096684
24256,4421,-115.300064,36.100872
24257,4421,-115.17143,36.135014
24258,2499,-115.15112,36.086338
24259,2499,-115.1694,36.103397
24260,6644,-115.17234,36.110107
24261,2499,-115.15112,36.086338
24262,4421,-115.17459,36.112022
24263,4421,-115.17473,36.098732
24264,2499,-115.17087,36.10242
24265,6644,-115.17234,36.11635
24266,2499,-115.16591,36.127686
24267,2499,-115.16996,36.10984
24268,2499,-115.13987,36.168903
24269,2499,-115.15401,36.1169
24270,6644,-115.17086,36.10993
24271,6644,-115.14528,36.17145
24272,2499,-115.164345,36.06004
24273,2499,-115.15112,36.086338
24274,4421,-115.30981,36.221638
24275,6644,-73.59721,45.518276
24276,6533,-115.15112,36.086338
24277,2499,-115.171776,36.102093
24278,2499,-115.17503,36.118713
24279,6644,-115.13792,36.168026
24280,4421,-115.04147,36.061275
24281,2499,-115.17374,36.10743
24282,6644,-115.15112,36.086338
24283,2499,-115.17395,36.11303
24284,2499,-115.14489,36.168705
24285,6644,-115.167755,36.123943
24286,837,-115.33241,36.15822
24287,6534,-115.15112,36.086338
24288,4421,-115.1469,36.11501
24289,2499,-115.17253,36.10185
24290,2499,-115.176315,36.109913
24291,2499,-115.176315,36.109913
24292,6644,-115.17229,36.115147
24293,2499,-115.18286,36.0408
24294,2499,-115.17684,36.1206
24295,2499,-115.17354,36.109516
24296,4421,-115.17457,36.11622
24297,2499,-115.169655,36.12119
24298,2499,-111.842255,33.302425
24299,6644,-115.167755,36.123943
24300,2499,-115.172325,36.12454
24301,6644,-115.17481,36.10987
24302,4421,-115.224075,36.12743
24303,2499,-115.179085,36.11224
24304,2499,-115.175896,36.097015
24305,4421,-115.06262,36.02959
24306,6644,-115.16961,36.121456
24307,4421,-115.16587,36.126877
24308,2499,-115.17641,36.11316
24309,2499,-115.166954,36.106236
24310,2499,-115.174644,36.109913
24311,2499,-115.17688,36.091255
24312,6535,-115.169655,36.12119
24313,6536,-115.17457,36.102413
24314,2499,-115.17395,36.11303
24315,6644,-115.14639,36.081303
24316,2499,-115.19534,36.114998
24317,6537,-115.1563,36.142338
24318,6644,-115.17127,36.11288
24319,6644,-115.1988,36.11421
24320,2499,-115.175804,36.09531
24321,2499,-115.174355,36.109806
24322,4421,-115.175385,36.093647
24323,681,-115.15112,36.086338
24324,2499,-115.13573,36.118217
24325,2499,-115.24255,36.148113
24326,2499,-115.167755,36.123943
24327,6538,-115.18644,36.11881
24328,2499,-115.14224,36.170544
24329,2499,-115.15054,36.083168
24330,2499,-115.1746,36.116764
24331,2499,-73.57578,45.50141
24332,2499,-115.1726,36.101814
24333,6644,-115.17337,36.104424
24334,2499,-115.172455,36.12073
24335,6539,-115.142006,36.17183
24336,2499,-115.17086,36.10993
24337,6540,-115.1736,36.104923
24338,2499,-115.17516,36.109875
24339,2499,-115.17413,36.109634
24340,4421,-115.224075,36.12743
24341,2499,-115.17497,36.095417
24342,6541,-115.15112,36.086338
24343,4421,-115.1684,36.124554
24344,2499,-115.15374,36.084
24345,2499,-115.17503,36.118713
24346,837,-115.17075,36.101788
24347,4421,-115.3115,36.158897
24348,4421,-115.20888,36.09506
24349,4421,-115.332726,36.148315
24350,6644,-115.15112,36.086338
24351,2499,-115.17575,36.108307
24352,4421,-115.27973,36.119114
24353,2499,-115.172455,36.106503
24354,4,-115.15069,36.088383
24355,2499,-115.15112,36.086338
24356,4421,-115.15112,36.086338
24357,6542,-115.171135,36.117336
24358,2499,-115.15112,36.086338
24359,2499,-115.176346,36.117317
24360,4421,-115.15112,36.086338
24361,4421,-115.17841,36.06958
24362,2499,-115.15112,36.086338
24363,6644,-115.175804,36.09531
24364,6644,-115.209915,36.126427
24365,2499,-115.15112,36.086338
24366,2499,-115.209656,36.126728
24367,2499,-115.167725,36.103397
24368,2499,-115.171524,36.05969
24369,6543,-115.172554,36.115673
24370,6644,-115.17473,36.098732
24371,4421,-115.15435,36.143963
24372,2499,-115.14639,36.081303
24373,2499,-115.175804,36.096684
24374,2499,-115.14639,36.081303
24375,4421,-115.13056,36.10134
24376,6644,-115.17516,36.109875
24377,4421,-115.14639,36.081303
24378,4421,-115.03808,36.064583
24379,6544,-80.00198,40.442326
24380,2499,-115.13967,36.168945
24381,2499,-115.17089,36.114025
24382,6545,-115.16818,36.117462
24383,2499,-115.15539,36.11793
24384,4421,-115.14639,36.081303
24385,4421,-115.14639,36.081303
24386,4421,-115.26203,36.070213
24387,6546,-115.118126,36.015793
24388,6644,-115.17435,36.113964
24389,2499,-115.14085,36.170055
24390,6644,-115.17641,36.11316
24391,6644,-115.174644,36.109913
24392,6547,-115.14639,36.081303
24393,2499,-115.14639,36.081303
24394,2499,-115.17093,36.110065
24395,4421,-115.27994,36.122913
24396,2499,-89.38101,43.074238
24397,6548,-115.292046,36.15843
24398,2499,-115.167755,36.123943
24399,4421,-115.11874,36.084557
24400,2499,-111.68719,33.375053
24401,2499,-115.21197,36.12554
24402,2499,-115.33439,36.156796
24403,4421,-115.04797,36.025887
24404,4421,-115.30234,36.206795
24405,4421,-115.167755,36.123943
24406,4421,-115.20959,36.12621
24407,6549,-115.1837,36.071865
24408,6550,-115.29539,36.072163
24409,6644,-115.22587,36.055244
24410,2499,-115.17516,36.109875
24411,6644,-115.17698,36.107407
24412,6644,-115.16901,35.965446
24413,2499,-115.167,36.12617
24414,6551,-115.278175,36.041817
24415,6644,-115.15152,36.10749
24416,6644,-115.1379,36.13884
24417,2499,-115.17556,36.098907
24418,6552,-115.17712,36.13198
24419,6644,-115.17332,36.11567
24420,6644,-115.17259,36.112953
24421,6644,-115.17028,36.12433
24422,2499,-115.17259,36.112953
24423,6644,-115.13902,36.088516
24424,2499,-115.168106,36.103798
24425,2499,-115.1563,36.142338
24426,6644,-115.17582,36.11773
24427,2499,-115.17156,36.10262
24428,6644,-115.16962,36.121437
24429,6644,-115.173996,36.01219
24430,837,-115.176575,36.091194
24431,6644,-115.167755,36.123943
24432,4421,-115.18035,36.261158
24433,6644,-115.17196,36.120907
24434,6553,-115.2531,36.274574
24435,6554,-88.20279,40.11339
24436,2499,-115.144745,36.17295
24437,2499,-115.144745,36.17295
24438,4421,-115.242615,36.112545
24439,6644,-115.1726,36.101814
24440,6644,-115.17262,36.12956
24441,4421,-115.20995,36.12662
24442,6555,-115.17106,36.12008
24443,6644,-115.17641,36.11316
24444,2499,-115.1455,36.17223
24445,6644,-115.135,36.1155
24446,4421,-115.29747,36.059624
24447,2499,-115.17259,36.112953
24448,2499,-115.172424,36.101204
24449,6644,-115.174416,36.1097
24450,4421,-115.17457,36.102413
24451,4421,-115.20848,36.07308
24452,2499,-115.1728,36.112175
24453,4421,-115.180664,36.291985
24454,6556,-115.14553,36.16981
24455,4421,-115.20899,36.09942
24456,6644,-115.17223,36.06783
24457,6557,-115.04147,36.061275
24458,6558,-115.132935,36.16576
24459,6644,-115.172325,36.12454
24460,6644,-115.144745,36.17295
24461,2499,-115.13913,36.168243
24462,2499,-115.17215,36.10529
24463,2499,-115.14585,36.17115
24464,6559,-115.14308,36.16939
24465,4421,-115.1396,36.169117
24466,2499,-115.16744,36.127686
24467,6644,-115.17556,36.091885
24468,6560,-115.1726,36.118793
24469,6561,-115.14569,36.172077
24470,2499,-115.17278,36.0908
24471,6562,-115.15226,36.10708
24472,2499,-89.32574,43.126083
24473,2499,-115.17106,36.11242
24474,4421,-115.17101,36.12469
24475,6644,-115.14626,36.17125
24476,2499,-115.17516,36.109875
24477,6563,-115.17113,36.12856
24478,2499,-115.16009,36.113396
24479,6644,-115.17028,36.12229
24480,6564,-115.17205,35.965473
24481,6565,-115.12092,36.240192
24482,6644,-115.01672,36.086227
24483,6566,-115.266525,36.272766
24484,4421,-111.92269,33.500526
24485,6567,-115.14788,36.161
24486,6568,-115.14788,36.161
24487,4421,-115.14788,36.161
24488,6569,-115.14467,36.17062
24489,4421,-115.174416,36.1097
24490,2499,-115.174644,36.109913
24491,4421,-115.16559,36.12689
24492,6644,-115.17737,36.107616
24493,4421,-115.20722,36.03344
24494,6570,-115.19878,36.099304
24495,6571,-115.08336,36.022465
24496,4421,-115.17516,36.091866
24497,4421,-115.147255,36.15942
24498,4421,-115.16269,36.144295
24499,4421,-115.20738,36.071205
24500,6572,-115.15254,36.151268
24501,6573,-115.209656,36.127045
24502,2499,-73.56016,45.508232
24503,2499,-111.899635,33.554825
24504,6644,-115.19482,36.114483
24505,2499,-115.17652,36.07
24506,6644,-115.14626,36.17125
24507,6644,-115.17849,36.10924
24508,6644,-115.16559,36.12689
24509,2499,-115.17106,36.11242
24510,6644,-115.17712,36.13198
24511,6644,-115.28255,36.17358
24512,2499,-115.14337,36.170143
24513,2499,-115.14626,36.17125
24514,4421,-115.17496,36.121323
24515,6574,-115.14626,36.17125
24516,6575,-115.176414,36.092564
24517,6021,-73.750114,45.456585
24518,6576,-115.33295,36.146164
24519,6577,-115.14624,36.171215
24520,4421,-115.19094,36.126175
24521,6578,-115.24008,36.09863
24522,4421,-115.26041,36.143772
24523,2499,-115.11774,36.01748
24524,4421,-115.26182,36.11304
24525,6579,-115.17277,36.10465
24526,4421,-115.20887,36.094456
24527,4421,-115.28299,36.070362
24528,4421,-115.2983,36.11527
24529,4421,-115.19577,36.10505
24530,4421,-115.202896,36.143837
24531,6580,-115.298485,36.078434
24532,6581,-115.17556,36.098907
24533,4421,-115.11528,36.2796
24534,6644,-115.133804,36.179955
24535,4421,-115.133804,36.179955
24536,2499,-115.137505,36.08225
24537,6582,-115.13056,36.10134
24538,4421,-115.133804,36.179955
24539,4421,-115.13962,36.170086
24540,4421,-115.17864,36.287773
24541,4421,-115.11157,36.00645
24542,4421,-115.13452,36.165707
24543,4421,-115.250565,36.14357
24544,6583,-115.142006,36.17183
24545,4421,-115.08566,36.025993
24546,4421,-115.16242,36.131897
24547,6584,-115.16963,36.117516
24548,4421,-115.13553,36.166763
24549,4421,-115.14479,36.170017
24550,6585,-115.1401,36.169327
24551,4421,-115.14055,36.169167
24552,2499,-115.14064,36.167877
24553,2499,-115.15822,36.161972
24554,2499,-115.1741,36.121082
24555,2499,-89.38354,43.07628
24556,6586,-115.17332,36.10583
24557,6644,-80.00217,40.44336
24558,4421,-115.17131,36.11928
24559,4421,-115.17087,36.10242
24560,2499,-115.17103,36.099377
24561,6644,-115.278175,36.041817
24562,2499,-115.17578,36.109585
24563,4421,-115.127,36.100117
24564,2499,-115.14289,36.143345
24565,2499,-115.244156,36.047306
24566,2499,-115.172714,36.10941
24567,6644,-111.87735,33.30606
24568,6644,-115.185875,36.126682
24569,4421,-115.207535,36.114986
24570,2499,-89.38354,43.07628
24571,2499,-115.17274,36.11424
24572,7162,-115.278175,36.041817
24573,2499,-115.16792,36.11547
24574,2499,-115.15716,36.114746
24575,6644,-115.17406,36.107925
24576,6644,-115.141846,36.17241
24577,837,-111.92968,33.502594
24578,2499,-115.13808,36.167904
24579,837,-115.174934,36.065132
24580,6644,-115.14556,36.172424
24581,4421,-115.04282,36.067123
24582,6644,-115.17087,36.10242
24583,2499,-115.20698,36.099552
24584,4421,-115.173874,36.121906
24585,2499,-115.167404,36.126812
24586,6644,-115.17688,36.091255
24587,2499,-80.88002,35.17877
24588,2499,-112.261795,33.53378
24589,6644,-115.13056,36.10134
24590,5193,-115.141975,36.170124
24591,6644,-115.1952,36.11531
24592,2499,-115.17382,36.107162
24593,6644,-112.106575,33.683804
24594,6644,-115.173874,36.10978
24595,2499,-115.143524,36.170765
24596,6587,-115.14513,36.17488
24597,2499,-115.140305,36.168964
24598,6588,-115.16961,36.121452
24599,2496,-115.186485,36.1187
24600,2499,-115.16908,36.124203
24601,2499,-115.191826,36.144268
24602,6589,-115.14253,36.169502
24603,6590,-115.163124,36.133614
24604,2499,-115.17395,36.11303
24605,6644,-115.20734,36.088776
24606,4421,-115.174416,36.1097
24607,2499,-115.155556,36.14742
24608,4421,-115.14479,36.170017
24609,2499,-115.179085,36.11224
24610,4421,-115.13792,36.168026
24611,6591,-115.17751,36.117035
24612,6592,-115.186485,36.1187
24613,6593,-115.16961,36.121452
24614,6594,-115.17669,36.117455
24615,4421,-115.15202,36.159885
24616,6595,-115.1752,36.09869
24617,2499,-115.17437,36.10206
24618,2499,-115.14253,36.169502
24619,6644,-115.176315,36.109913
24620,6596,-115.33387,36.152832
24621,4421,-111.92427,33.492287
24622,6597,-79.98155,40.452496
24623,6598,-115.142006,36.17183
24624,6644,-115.17038,36.119
24625,2499,-115.17484,36.102894
24626,4421,-115.14253,36.169502
24627,6644,-115.18982,36.143955
24628,2499,-115.1753,36.09208
24629,6599,-115.22724,36.240677
24630,4421,-115.13656,36.10259
24631,4421,-115.17279,36.11766
24632,4421,-115.14253,36.169502
24633,4421,-115.15254,36.151268
24634,4421,-115.138504,36.117256
24635,6600,-115.16997,36.11293
24636,6644,-115.18331,36.041283
24637,2499,-115.14528,36.17145
24638,2499,-115.153496,36.109165
24639,837,-115.17541,36.093304
24640,2499,-115.17356,36.127514
24641,6644,-115.17516,36.109875
24642,6601,-115.15627,36.14684
24643,6644,-115.17141,36.121983
24644,2499,-111.78883,33.30419
24645,4421,-115.172325,36.12454
24646,6644,-115.14339,36.169838
24647,6644,-115.16591,36.127495
24648,6644,-115.16348,36.113026
24649,4421,-115.15427,36.1187
24650,6602,-115.14528,36.17145
24651,6603,-115.1741,36.12124
24652,6644,-115.17128,36.11289
24653,2499,-115.11779,36.013794
24654,2499,-115.167694,36.103054
24655,6644,-115.1873,36.11812
24656,6644,-115.17641,36.11316
24657,6604,-115.17089,36.114025
24658,6644,-115.17259,36.112953
24659,6605,-115.142006,36.17183
24660,2499,-115.17421,36.106213
24661,6606,-115.14511,36.1741
24662,6607,-115.20734,36.088776
24663,6644,-112.135994,33.56674
24664,6608,-115.17022,36.123844
24665,6609,-115.17364,36.121155
24666,4421,-115.31363,36.157314
24667,2499,-115.176315,36.109913
24668,4421,-115.26085,36.174595
24669,6610,-115.179085,36.11224
24670,6611,-115.15427,36.1187
24671,4421,-115.17601,36.104332
24672,4421,-115.17636,36.117344
24673,2499,-115.13792,36.168026
24674,6644,-115.01003,36.272373
24675,6644,-115.17516,36.091866
24676,6612,-115.173515,36.10301
24677,2499,-115.20247,36.144047
24678,6644,-115.17582,36.09558
24679,6644,-115.163124,36.133614
24680,6613,-115.17652,36.11301
24681,6644,-115.14124,36.172813
24682,2499,-115.175255,36.098423
24683,6614,-115.17124,36.11788
24684,2499,-3.1969974,55.947517
24685,6644,-115.12367,36.168644
24686,6644,-115.172455,36.106503
24687,2499,-112.07248,33.448296
24688,2499,-115.172554,36.115673
24689,2499,-115.17425,36.091328
24690,2499,-115.173874,36.10978
24691,6644,-115.167755,36.123943
24692,2499,-115.141846,36.17241
24693,6644,-115.17054,36.10259
24694,6615,-112.34012,33.46477
24695,2499,-115.17644,36.116367
24696,2499,-79.98314,40.429054
24697,4421,-115.141846,36.17241
24698,2499,-115.17407,36.121197
24699,2499,-115.26144,36.112984
24700,6616,-115.1725,36.110065
24701,6617,-115.17096,36.09936
24702,6618,-115.17582,36.11773
24703,6619,-115.17019,36.123405
24704,2499,-115.175316,36.09186
24705,6644,-115.17012,36.122276
24706,2499,-115.1774,36.113766
24707,2499,-115.16591,36.127686
24708,6644,-115.14479,36.170017
24709,6620,-115.17473,36.098732
24710,6621,-115.14528,36.1616
24711,6622,-115.186485,36.1187
24712,6623,-115.280426,36.056282
24713,2499,-115.16908,36.124203
24714,2499,-115.176704,36.09028
24715,6644,-115.17259,36.112953
24716,6624,-115.14471,36.17297
24717,2499,-115.17601,36.104332
24718,6644,-115.16456,36.131496
24719,6625,-115.17105,36.12595
24720,4421,-115.17063,36.12298
24721,4,-79.99644,40.44395
24722,6644,-115.1702,36.12269
24723,2499,-115.164635,36.15917
24724,6626,-115.20998,36.126503
24725,6627,-111.94718,33.30594
24726,6644,-115.138435,36.167526
24727,4421,-115.14614,36.167233
24728,6644,-115.20272,36.10089
24729,4421,-115.16865,36.128723
24730,6644,-115.138145,36.167904
24731,2499,-115.17345,36.10306
24732,2499,-115.17089,36.114025
24733,6628,-115.17869,36.06815
24734,2499,-115.173874,36.109753
24735,6644,-115.2056,36.115074
24736,4421,-115.17165,36.04078
24737,4421,-115.142006,36.17183
24738,6629,-115.175385,36.093647
24739,6630,-115.306274,36.115807
24740,837,-111.994545,33.43402
24741,6631,-115.19577,36.10505
24742,6644,-115.17234,36.10353
24743,2499,-115.17325,36.03351
24744,6632,-115.144264,36.170635
24745,6633,-115.144554,36.170265
24746,6634,-115.16818,36.117462
24747,6644,-115.12652,36.15846
24748,2499,-115.13717,36.082092
24749,6635,-115.17544,36.09935
24750,4421,-115.20848,36.07308
24751,2499,-115.17019,36.123405
24752,6644,-115.16841,36.12458
24753,6644,-115.195435,36.115135
24754,6636,-115.15979,36.11516
24755,4421,-115.14585,36.17115
24756,2499,-115.176674,36.090755
24757,6637,-115.17332,36.11567
24758,2499,-115.17556,36.098907
24759,2499,-115.17806,36.104206
24760,2499,-115.170364,36.12401
24761,6638,-115.195435,36.115135
24762,6644,-115.17028,36.12229
24763,2499,-115.17459,36.112022
24764,4421,-115.15354,36.11416
24765,2499,-115.176544,36.116646
24766,2499,-115.14528,36.1616
24767,6644,-115.17578,36.109585
24768,6644,-115.184906,36.11118
24769,6644,-115.176315,36.109913
24770,2499,-115.17457,36.10259
24771,6644,-115.17516,36.109875
24772,6644,-115.15374,36.084
24773,2499,-115.17306,36.091965
24774,2499,-115.155754,36.14755
24775,6644,-115.17581,36.08995
24776,2499,-115.16591,36.127686
24777,6644,-115.163155,36.118034
24778,6639,-115.17277,36.082066
24779,2499,-115.17087,36.10242
24780,4421,-115.21534,36.030518
24781,6640,-115.17229,36.115147
24782,4421,-115.28214,36.201843
24783,2499,-115.17364,36.121155
24784,6641,-115.18219,36.10132
24785,6644,-115.167755,36.123943
24786,2499,-115.16997,36.11293
24787,2499,-115.14528,36.1616
24788,6644,-115.14277,36.16997
24789,2499,-115.14528,36.1616
24790,2499,-115.17704,36.10762
24791,6642,-115.16642,36.069885
24792,6644,-115.17028,36.12229
24793,6643,-115.170975,36.114277
24794,4421,-115.24359,36.045593
24795,6644,-115.14528,36.1616
24796,2499,-115.20734,36.088776
24797,6645,-115.29864,36.076557
24798,6646,-115.17516,36.109875
24799,4421,-115.17223,36.110733
24800,6644,-115.172554,36.115673
24801,6647,-115.14624,36.171215
24802,4421,-115.28129,36.055817
24803,2499,-115.174644,36.109913
24804,4421,-115.172325,36.12454
24805,2499,-115.175865,36.092865
24806,4421,-115.20631,36.12659
24807,2499,-115.14214,36.17187
24808,2499,-115.19801,36.03971
24809,6648,-112.1159,33.587765
24810,2499,-115.13056,36.10134
24811,6644,-115.17345,36.10306
24812,2499,-115.16961,36.121452
24813,6649,-115.17149,36.054756
24814,6650,-114.92266,36.11394
24815,6651,-115.14511,36.1741
24816,6644,-115.13792,36.168026
24817,2499,-115.176704,36.09028
24818,837,-115.14511,36.1741
24819,6652,-115.1396,36.169117
24820,6653,-115.14511,36.1741
24821,6654,-115.167755,36.123978
24822,2499,-115.18646,36.11876
24823,2499,-115.17601,36.104332
24824,4421,-115.21156,36.125397
24825,2499,-115.16591,36.127495
24826,2499,-115.13567,36.176983
24827,6655,-115.33325,36.149357
24828,2499,-115.16841,36.12458
24829,837,-115.17234,36.110107
24830,6656,-115.17459,36.112022
24831,6644,-115.17698,36.111977
24832,6657,-115.18982,36.143955
24833,2499,-115.16935,35.965126
24834,6644,-112.05956,33.563686
24835,6644,-115.15475,36.12697
24836,4421,-115.11839,36.01761
24837,2499,-115.072075,36.07385
24838,6644,-115.173515,36.103
24839,6644,-115.17481,36.10987
24840,6644,-115.13567,36.176983
24841,6644,-115.169655,36.12119
24842,6644,-115.17406,36.107925
24843,2499,-115.17457,36.127308
24844,4421,-115.242935,36.044125
24845,4421,-115.18697,36.115337
24846,2499,-115.14998,36.1055
24847,4421,-115.22581,36.055252
24848,6658,-73.56558,45.50691
24849,6644,-115.17345,36.10306
24850,2499,-73.59317,45.52248
24851,6644,-115.174644,36.109913
24852,2499,-115.13567,36.176983
24853,6644,-115.17223,36.110733
24854,4421,-115.27977,36.298897
24855,4421,-115.16912,36.103695
24856,2499,-115.163124,36.133614
24857,6659,-115.13567,36.176983
24858,2499,-115.15321,36.10895
24859,2499,-115.169754,36.102917
24860,6644,-115.185196,36.12566
24861,6660,-115.27994,36.052994
24862,2499,-115.15315,36.013393
24863,2499,-73.554985,45.50311
24864,2499,-115.172714,36.11888
24865,4421,-115.163124,36.133614
24866,6644,-115.243324,36.058723
24867,2499,-115.171616,36.124584
24868,4421,-115.25998,36.143147
24869,6661,-115.16833,36.127647
24870,4421,-115.11493,36.114117
24871,4421,-115.31554,36.291206
24872,6662,-115.18609,36.27883
24873,4421,-115.30615,36.114666
24874,6663,-115.11351,36.12936
24875,4421,-115.14252,36.142284
24876,6644,-115.174706,36.01131
24877,6644,-115.16997,36.11293
24878,6664,-115.14513,36.17488
24879,6644,-115.02573,36.070625
24880,6665,-115.17419,36.119408
24881,2499,-115.16874,35.96533
24882,4421,-115.29868,36.06897
24883,7054,-115.1746,36.116764
24884,6666,-115.16363,36.13698
24885,837,-111.790115,33.356728
24886,4421,-115.12225,36.161324
24887,6667,-115.13792,36.168026
24888,4421,-115.29826,36.07897
24889,2499,-115.239494,36.14474
24890,6644,-115.17087,36.10242
24891,2499,-115.24209,36.09185
24892,6668,-115.13945,36.1674
24893,6669,-115.17332,36.10583
24894,4421,-115.24341,36.130524
24895,4421,-115.06262,36.02959
24896,4421,-115.138504,36.117256
24897,4421,-115.31403,36.218792
24898,2499,-89.45233,43.072243
24899,4421,-115.143845,36.16723
24900,4421,-115.1398,36.16868
24901,2499,-115.17058,36.1125
24902,2499,-115.17099,36.114353
24903,6670,-115.177795,36.1191
24904,2499,-115.16996,36.10984
24905,2499,-115.17582,36.11773
24906,4421,-115.17022,36.11236
24907,6671,-115.24371,36.05824
24908,4421,-115.138145,36.167904
24909,6644,-115.332,36.151814
24910,6644,-115.175186,36.098766
24911,4421,-115.17159,36.05579
24912,6672,-115.22451,36.115353
24913,6673,-115.16597,36.127857
24914,6674,-115.14289,36.143345
24915,4421,-115.16289,36.070827
24916,4421,-115.24378,36.087482
24917,2499,-73.56077,45.508335
24918,6675,-115.25988,36.203743
24919,6676,-115.22625,36.086525
24920,4421,-115.157875,36.142757
24921,2499,-115.170906,36.103455
24922,4421,-115.331406,36.15959
24923,4421,-115.27746,36.056244
24924,2499,-115.17191,36.11496
24925,4421,-115.17259,36.112953
24926,6644,-115.16937,36.121815
24927,4421,-115.20942,36.142094
24928,6644,-115.16296,36.12714
24929,4421,-115.271736,36.276844
24930,4421,-115.241035,36.126793
24931,6677,-115.141846,36.17241
24932,4421,-115.14037,36.169018
24933,4421,-115.20227,36.10571
24934,6678,-115.17453,36.112377
24935,6679,-115.30459,36.11395
24936,4421,-115.118515,36.019787
24937,2499,-115.15421,36.119675
24938,4421,-115.183846,36.0417
24939,4421,-115.17435,36.113964
24940,4421,-115.29828,36.10132
24941,6680,-115.171524,36.05969
24942,4421,-115.16956,36.05396
24943,6681,-115.14214,36.17187
24944,6682,-115.15202,36.159885
24945,2499,-115.17669,36.117455
24946,6644,-115.20888,36.09506
24947,6683,-115.01827,36.048473
24948,6644,-115.17787,36.11706
24949,6644,-115.28703,36.166676
24950,4421,-115.08475,36.02955
24951,2499,-115.24602,36.12568
24952,6684,-115.24365,36.05732
24953,6685,-115.04282,36.067123
24954,6686,-115.1727,36.109695
24955,6687,-115.19039,35.98294
24956,4421,-115.29874,36.06994
24957,4421,-115.19046,36.12615
24958,4421,-115.17356,36.127514
24959,4421,-115.170364,36.127617
24960,4421,-115.224075,36.12743
24961,4421,-115.10325,36.13028
24962,6688,-115.24417,36.143
24963,4421,-115.243576,36.135666
24964,4421,-115.21197,36.12554
24965,6689,-115.17275,36.106205
24966,4421,-115.35168,36.159485
24967,4421,-115.24354,36.073208
24968,6644,-115.17858,36.106277
24969,6690,-115.24816,36.195286
24970,4421,-115.17262,36.118378
24971,6691,-115.190475,36.17123
24972,2499,-112.0792,33.49111
24973,4421,-115.14741,36.114876
24974,4421,-115.2056,36.115074
24975,6692,-115.11901,36.23865
24976,4421,-115.31442,36.121193
24977,4421,-115.18163,36.075855
24978,4421,-115.17712,36.13198
24979,6693,-115.273125,36.06686
24980,4421,-115.24186,36.062195
24981,6694,-115.29656,36.0931
24982,4421,-115.17143,36.110447
24983,6695,-115.25033,36.21986
24984,2499,-115.17141,36.099007
24985,4421,-115.17109,36.038357
24986,4421,-115.13931,36.167286
24987,2499,-115.1775,36.112507
24988,6696,-115.29818,36.09476
24989,4421,-115.132225,36.101387
24990,4421,-115.25142,36.067112
24991,6697,-115.20332,36.12623
24992,6698,-115.28672,36.167316
24993,4421,-115.11888,36.028095
24994,4371,-115.13931,36.167286
24995,4421,-115.29656,36.0931
24996,4421,-115.280426,36.056282
24997,4421,-115.224335,36.060425
24998,4421,-115.17469,36.160713
24999,4421,-115.168106,36.103798
25000,4421,-115.24354,36.073208
25001,2499,-73.573166,45.49965
25002,4421,-115.28644,36.15855
25003,6699,-115.23995,36.14467
25004,4421,-115.333084,36.15087
25005,6700,-115.103004,35.99809
25006,4421,-115.297585,36.09778
25007,4421,-115.25988,36.203743
25008,4421,-115.225,36.069855
25009,4421,-115.10121,35.997097
25010,6701,-115.20635,35.995155
25011,4421,-115.163124,36.133614
25012,4421,-115.225945,36.239635
25013,4421,-115.20886,36.122192
25014,6702,-115.1191,36.040413
25015,6703,-115.17406,36.107925
25016,4421,-115.22045,36.099846
25017,4421,-115.03417,36.06388
25018,4421,-115.289116,36.158028
25019,6704,-115.19094,36.126175
25020,4421,-115.1873,36.11812
25021,837,-115.14637,36.124424
25022,2499,-115.273125,36.06686
25023,2499,-115.17075,36.101788
25024,2499,-73.616425,45.53643
25025,6644,-115.17625,36.092876
25026,6021,-73.56842,45.49305
25027,6644,-115.177,36.11199
25028,6705,-115.174225,36.121616
25029,6644,-115.177,36.11199
25030,4421,-115.29408,36.14382
25031,4421,-115.24375,36.08624
25032,2499,-115.17457,36.11622
25033,6706,-115.17641,36.11316
25034,4421,-115.20964,36.12702
25035,4421,-115.209816,36.14866
25036,6707,-115.244095,36.0458
25037,6708,-115.208176,36.115437
25038,4421,-115.15539,36.147408
25039,4421,-115.244095,36.0458
25040,6709,-115.17712,36.13198
25041,4421,-115.17155,36.05199
25042,837,-115.27994,36.052994
25043,4421,-115.2098,36.11828
25044,4421,-115.27846,36.13553
25045,6710,-115.267746,36.020943
25046,4421,-115.334236,36.145416
25047,6644,-112.065636,33.44916
25048,6644,-115.1746,36.116764
25049,6711,-115.17575,36.108307
25050,2499,-115.167694,36.103054
25051,2499,-73.56678,45.507553
25052,2499,-115.17295,36.10156
25053,4421,-115.12861,36.057144
25054,2499,-88.24212,40.11682
25055,4421,-115.17103,36.099377
25056,4421,-115.15387,36.110085
25057,6712,-115.15126,36.10913
25058,4421,-115.33387,36.152832
25059,6713,-115.233086,36.159576
25060,2499,-115.16363,36.13698
25061,4421,-115.28559,36.16719
25062,6714,-115.15716,36.114746
25063,2499,-115.17419,36.110485
25064,5662,-115.047714,36.026855
25065,6715,-115.09935,36.100647
25066,4421,-115.17497,36.095417
25067,6716,-115.308624,36.11392
25068,6717,-115.30644,36.114285
25069,5718,-115.28854,36.163086
25070,4421,-115.15126,36.10913
25071,2499,-111.8575,33.26346
25072,6718,-115.17698,36.111977
25073,6719,-115.17229,36.115147
25074,4421,-115.15126,36.10913
25075,4586,-115.15126,36.10913
25076,4421,-115.05648,36.015625
25077,4421,-115.22447,36.047886
25078,4421,-115.12659,36.02356
25079,4421,-115.09985,35.99411
25080,2499,-115.17534,36.11709
25081,6720,-115.10377,36.130226
25082,6644,-115.14085,36.170055
25083,2499,-115.17575,36.108307
25084,2499,-115.19203,36.126144
25085,4421,-115.15627,36.14684
25086,4421,-115.16821,36.127586
25087,6721,-115.09985,35.99411
25088,4421,-115.142006,36.17183
25089,4421,-115.13955,36.16874
25090,6722,-115.18953,36.1257
25091,4421,-115.17462,36.142902
25092,6723,-115.22343,36.115295
25093,4421,-115.16818,36.117462
25094,6724,-115.24375,36.08624
25095,4421,-115.19569,36.11454
25096,6725,-115.16963,36.117516
25097,4421,-115.30428,36.19106
25098,4421,-115.21327,36.12656
25099,6726,-115.17229,36.115147
25100,6727,-115.14294,36.16929
25101,4421,-115.17295,36.10156
25102,4421,-115.22343,36.115295
25103,4421,-115.24279,36.198753
25104,4421,-115.21246,36.101505
25105,6728,-115.17484,36.102894
25106,6729,-115.20741,36.123623
25107,4421,-115.2249,36.047733
25108,6730,-115.0884,36.071453
25109,6731,-115.284355,36.138515
25110,4421,-115.22443,36.1131
25111,4421,-115.209656,36.127045
25112,4421,-115.24407,36.047813
25113,4421,-115.11698,36.009254
25114,6732,-115.15323,36.042797
25115,6733,-115.29998,36.147152
25116,4421,-115.241516,36.064106
25117,4421,-115.33295,36.146164
25118,4421,-115.11839,36.01761
25119,4421,-115.24417,36.143
25120,6734,-115.134926,36.01411
25121,6735,-115.30409,36.19329
25122,4421,-115.17647,36.14513
25123,6736,-115.298744,36.115807
25124,6644,-115.16744,36.127686
25125,4421,-115.30644,36.114285
25126,2499,-115.30234,36.100346
25127,6737,-115.22343,36.115295
25128,6738,-115.308624,36.11392
25129,6644,-115.2983,36.11527
25130,4421,-115.27994,36.122913
25131,6739,-115.224945,36.07039
25132,4421,-115.11872,36.035313
25133,6740,-115.351524,36.159336
25134,4421,-115.22343,36.115295
25135,6741,-115.22343,36.115295
25136,6742,-115.292046,36.15843
25137,4421,-115.22343,36.115295
25138,6743,-115.11735,36.10072
25139,6744,-115.289375,36.163605
25140,2499,-115.17644,36.116367
25141,2499,-115.173706,36.14001
25142,6644,-115.17012,36.122276
25143,2499,-115.22522,36.127533
25144,6644,-115.04146,36.05681
25145,837,-115.17641,36.11316
25146,2499,-115.176,36.119038
25147,4710,-115.15092,36.106915
25148,2499,-115.16619,36.062668
25149,6745,-115.16818,36.117462
25150,4421,-115.16559,36.12689
25151,6644,-115.1929,36.116634
25152,6746,-115.17395,36.11303
25153,2499,-115.17618,36.115856
25154,6644,-115.169754,36.102917
25155,6644,-115.154015,36.12784
25156,7523,-115.17435,36.113964
25157,6021,-73.57907,45.493977
25158,6747,-115.17618,36.115856
25159,6644,-115.17103,36.099377
25160,6644,-115.17234,36.110107
25161,6644,-115.17106,36.11242
25162,2499,-115.1954,36.040794
25163,2499,-115.1929,36.116634
25164,4421,-115.243515,36.072624
25165,4421,-115.17063,36.12298
25166,6748,-115.1183,36.274784
25167,4421,-115.20667,36.114872
25168,837,-112.073074,33.462406
25169,4421,-115.04708,36.15808
25170,4421,-115.11687,36.072422
25171,4421,-115.241035,36.126793
25172,2499,-115.17641,36.11316
25173,2499,-115.24186,36.062195
25174,4421,-115.1068,36.071945
25175,6749,-115.243385,36.06256
25176,4421,-112.07232,33.457657
25177,6750,-115.32508,36.124886
25178,6021,-73.57505,45.52038
25179,4421,-115.35168,36.159485
25180,4421,-115.31363,36.157314
25181,6751,-115.16856,36.133137
25182,4421,-115.13595,36.159363
25183,4421,-115.26186,36.11331
25184,6752,-115.17234,36.110107
25185,6644,-115.2983,36.147083
25186,6753,-115.242485,36.146217
25187,6754,-115.17857,36.19712
25188,4421,-115.26186,36.11331
25189,4421,-115.298615,36.115734
25190,6644,-115.224075,36.12743
25191,6755,-115.24373,36.08461
25192,4421,-115.21327,36.12656
25193,4421,-115.271286,36.018726
25194,4421,-115.29743,36.09684
25195,4421,-115.24287,36.044266
25196,4421,-115.12782,35.996685
25197,4421,-115.29862,36.077145
25198,4421,-115.17674,36.10449
25199,4421,-115.22374,36.06325
25200,6756,-115.11047,36.0034
25201,6757,-115.31443,36.101513
25202,6644,-115.15323,36.042797
25203,4421,-115.17795,36.069214
25204,2499,-115.25093,36.055206
25205,4421,-115.1873,36.11812
25206,6758,-115.17767,36.10741
25207,4421,-115.17358,36.10267
25208,6759,-115.16769,36.10302
25209,6760,-115.273125,36.06686
25210,4421,-115.31251,36.11545
25211,4421,-115.22349,36.125526
25212,6644,-115.168106,36.103798
25213,2499,-115.227455,36.10028
25214,4421,-115.2112,36.125587
25215,4421,-115.35134,36.159016
25216,4421,-115.1183,36.274784
25217,6644,-115.26148,36.113655
25218,6761,-115.093315,36.005344
25219,4421,-115.24219,36.054207
25220,6762,-115.17143,36.135014
25221,4421,-115.1702,36.12269
25222,6763,-115.16591,36.127686
25223,2499,-80.848145,35.17423
25224,6764,-115.19819,36.125896
25225,6765,-115.17829,36.119133
25226,4421,-115.20744,36.113472
25227,6766,-115.17618,36.115856
25228,4421,-115.295586,36.114517
25229,4421,-115.15396,36.157898
25230,4421,-115.16879,36.122967
25231,6767,-115.25988,36.203743
25232,6644,-115.175804,36.09531
25233,4421,-115.26601,36.14423
25234,2499,-115.17348,36.074455
25235,4421,-115.04282,36.067123
25236,4421,-115.26148,36.113655
25237,2499,-115.1068,36.071945
25238,6768,-115.138756,36.11665
25239,2499,-115.17259,36.112953
25240,2499,-115.173874,36.10978
25241,6644,-115.219246,36.143974
25242,6644,-115.16876,36.12438
25243,2499,-115.17457,36.11622
25244,6644,-115.13576,36.136635
25245,2499,-115.1696,36.121452
25246,2499,-115.172554,36.111877
25247,6644,-115.14157,36.1716
25248,6644,-115.16845,36.123913
25249,6644,-115.17407,36.121197
25250,6644,-115.17688,36.091255
25251,2499,-115.174416,36.1097
25252,6644,-115.17259,36.099777
25253,2499,-115.17382,36.107162
25254,2499,-115.17223,36.110733
25255,6644,-115.172554,36.10907
25256,6644,-115.17332,36.11567
25257,6769,-115.17783,36.093067
25258,4421,-115.1725,36.110065
25259,4421,-115.17089,36.11006
25260,6644,-115.16961,36.121452
25261,2499,-115.169655,36.12119
25262,6644,-115.17262,36.12956
25263,4421,-115.15271,36.108807
25264,2499,-115.171524,36.05969
25265,2499,-115.14289,36.143345
25266,6770,-115.17058,36.1125
25267,6771,-115.16796,36.127712
25268,6644,-115.15323,36.042797
25269,6644,-115.16833,36.127647
25270,6772,-115.17277,36.10465
25271,2499,-115.17131,36.115993
25272,6644,-115.17652,36.11301
25273,2499,-115.17462,36.142902
25274,2499,-115.17086,36.10993
25275,6773,-115.17264,36.11758
25276,2499,-115.17524,36.116566
25277,2499,-115.168106,36.103798
25278,2499,-115.17535,36.070137
25279,4421,-115.17234,36.11635
25280,2499,-115.186485,36.1187
25281,6644,-112.000565,33.433685
25282,6644,-115.167755,36.123943
25283,6774,-115.16901,35.965446
25284,2499,-115.17577,36.10771
25285,4421,-80.839096,35.224216
25286,6644,-115.17692,36.106705
25287,2499,-115.173874,36.10978
25288,2499,-115.17178,36.12367
25289,6644,-115.17113,36.12856
25290,2499,-115.18939,36.11789
25291,6775,-115.20959,36.12621
25292,2499,-115.186584,36.115482
25293,6776,-115.18286,36.0408
25294,2499,-112.07275,33.447258
25295,2499,-115.17437,36.10206
25296,6777,-115.17658,36.10735
25297,6644,-115.13639,36.173893
25298,6778,-115.11793,36.01752
25299,6779,-115.176544,36.113472
25300,2499,-115.17259,36.112953
25301,6780,-80.84309,35.22877
25302,6644,-115.145004,36.173058
25303,4421,-115.17503,36.118713
25304,6781,-115.184906,36.116688
25305,6644,-115.186485,36.1187
25306,6782,-115.17158,36.05367
25307,8193,-3.198037,55.95369
25308,2499,-115.1725,36.110065
25309,2499,-115.17193,36.127487
25310,6644,-115.170975,36.114277
25311,2499,-115.173515,36.10301
25312,2499,-115.17849,36.10924
25313,6783,-115.17106,36.11242
25314,6644,-115.20198,36.10272
25315,6784,-115.17253,36.10185
25316,6785,-115.17618,36.115856
25317,6644,-115.14637,36.124424
25318,6786,-115.17143,36.110447
25319,2499,-115.17086,36.10993
25320,6644,-115.186485,36.1187
25321,2499,-115.17177,36.11931
25322,2499,-115.186485,36.1187
25323,6644,-115.19373,36.114956
25324,6644,-115.201775,36.126526
25325,6787,-115.17395,36.11303
25326,6644,-115.186485,36.1187
25327,2499,-115.17196,36.120907
25328,6788,-115.20744,36.113472
25329,6789,-115.17028,36.12229
25330,4421,-115.14027,36.171307
25331,6790,-115.186485,36.1187
25332,6644,-115.2001,36.10189
25333,6644,-115.186485,36.1187
25334,6791,-115.08267,36.069874
25335,6644,-115.17382,36.107162
25336,4421,-115.14064,36.167877
25337,4421,-115.24193,36.143177
25338,4421,-115.242165,36.05671
25339,2499,-115.14277,36.16997
25340,2499,-115.17516,36.109875
25341,4421,-115.16474,36.069073
25342,6792,-115.24257,36.199387
25343,6793,-115.17613,36.092182
25344,6794,-115.17548,36.098915
25345,4421,-115.28576,36.15842
25346,4421,-115.26318,36.271908
25347,4421,-115.203186,36.09046
25348,4421,-115.24536,36.161877
25349,6795,-115.183846,36.0417
25350,6796,-115.17712,36.13198
25351,6797,-115.26921,36.159355
25352,6798,-115.17849,36.10924
25353,6644,-115.16876,36.12438
25354,6644,-73.56082,45.50694
25355,4421,-115.29776,36.097992
25356,4421,-115.20705,36.096886
25357,4421,-115.17253,36.112015
25358,4421,-115.17557,36.05726
25359,6799,-115.11958,36.01292
25360,4421,-115.200645,36.115417
25361,4421,-115.30121,36.099983
25362,4421,-115.11721,36.02025
25363,4421,-115.1952,36.11531
25364,4421,-115.244095,36.049805
25365,4421,-115.33276,36.15119
25366,2499,-115.17613,36.092182
25367,6644,-115.17581,36.08995
25368,4421,-115.20954,36.099316
25369,4421,-115.13809,36.010376
25370,2499,-115.17202,36.09012
25371,6644,-115.20245,36.1023
25372,2499,-115.16961,36.121452
25373,4421,-115.24721,36.04437
25374,6644,-115.17041,36.118294
25375,4421,-115.26224,36.143475
25376,4421,-115.27994,36.127228
25377,4421,-115.24381,36.061695
25378,6800,-115.29653,36.09671
25379,2499,-115.17332,36.11567
25380,6801,-115.25111,36.21987
25381,6644,-115.174644,36.109913
25382,7880,-115.17295,36.10156
25383,4421,-115.17419,36.110485
25384,2499,-115.17557,36.118473
25385,6644,-115.174194,36.011425
25386,6802,-115.17243,36.119926
25387,4421,-115.2811,36.114468
25388,4421,-115.04282,36.067123
25389,6803,-115.1725,36.110065
25390,6804,-115.17256,36.11095
25391,4421,-115.33337,36.152176
25392,6805,-115.224075,36.12743
25393,6644,-115.20846,36.118633
25394,6644,-115.17345,36.10306
25395,4421,-115.289375,36.163605
25396,6806,-115.17652,36.11303
25397,5070,-115.11979,36.238106
25398,6807,-115.22227,36.099506
25399,4421,-115.169754,36.102917
25400,4421,-115.23027,36.159695
25401,6808,-115.26148,36.113655
25402,6809,-115.31251,36.11545
25403,4421,-115.180664,36.291985
25404,6810,-115.1763,36.068497
25405,2499,-115.13639,36.175
25406,6644,-115.14289,36.143345
25407,4421,-115.10925,36.000908
25408,6644,-115.17012,36.122276
25409,6644,-115.17146,36.10095
25410,6644,-115.15271,36.108807
25411,2499,-115.16296,36.12714
25412,6644,-115.17692,36.106655
25413,4421,-115.20517,35.99558
25414,4421,-115.11909,36.02112
25415,6811,-115.17382,36.107162
25416,6812,-115.142494,36.12942
25417,4421,-115.166954,36.106236
25418,6813,-115.2071,36.110973
25419,6644,-115.17075,36.101788
25420,4,-115.2071,36.110973
25421,4421,-115.17089,36.114025
25422,6644,-115.16952,36.12394
25423,2499,-115.15323,36.042797
25424,6644,-115.17375,36.103863
25425,6644,-115.17625,36.092876
25426,6814,-115.17688,36.111946
25427,6644,-115.20888,36.09506
25428,2499,-115.20744,36.113472
25429,4421,-115.1613,36.138298
25430,2499,-115.16869,36.127796
25431,2499,-115.17249,36.105267
25432,6644,-112.065636,33.44916
25433,6644,-115.19496,36.114685
25434,6815,-115.13894,36.16672
25435,6816,-115.173874,36.109753
25436,4421,-115.11356,36.07685
25437,6644,-115.173325,36.10507
25438,6644,-115.157875,36.142757
25439,6644,-115.225006,36.126816
25440,837,-115.17191,36.11496
25441,6817,-115.16587,36.126877
25442,4421,-115.11167,36.100384
25443,6818,-115.177,36.11199
25444,6644,-115.17652,36.11303
25445,4421,-115.209915,36.126427
25446,6644,-115.138756,36.11665
25447,4421,-115.11997,36.01099
25448,4421,-115.324776,36.107853
25449,4421,-115.17484,36.069973
25450,4421,-115.299,36.14643
25451,6820,-115.17264,36.110767
25452,2499,-115.17306,36.091965
25453,6821,-115.19496,36.114685
25454,6644,-115.17726,36.094547
25455,2499,-115.20899,36.09942
25456,4421,-115.15396,36.157898
25457,4421,-115.351524,36.159336
25458,4421,-115.2691,36.056004
25459,4421,-115.243324,36.08245
25460,4421,-115.17259,36.112953
25461,4421,-115.302345,36.207073
25462,4421,-115.13595,36.105026
25463,837,-115.17139,36.135098
25464,2499,-115.17167,36.11025
25465,4421,-115.20899,36.09942
25466,4421,-115.20899,36.09942
25467,6822,-115.20741,36.123623
25468,4421,-115.20899,36.09942
25469,6823,-115.20899,36.09942
25470,2499,-112.07309,33.448547
25471,6883,-115.06381,36.167458
25472,6824,-115.12638,36.22162
25473,4421,-115.18507,36.102978
25474,6825,-115.17849,36.10924
25475,6826,-115.17535,36.070137
25476,4421,-115.17582,36.11773
25477,6644,-115.1746,36.116764
25478,6644,-115.24371,36.05824
25479,6644,-115.17113,36.12856
25480,2499,-115.17234,36.110107
25481,2499,-115.25156,36.14358
25482,4421,-115.17503,36.143192
25483,6827,-115.33344,36.150024
25484,6828,-115.241554,36.064533
25485,4421,-115.28703,36.166676
25486,4421,-115.145004,36.173058
25487,4421,-115.29815,36.10169
25488,4421,-115.24288,36.072594
25489,4421,-115.14064,36.167877
25490,4421,-115.18995,36.12553
25491,6829,-115.29747,36.11287
25492,6830,-115.20142,36.12633
25493,4421,-115.241035,36.126793
25494,6831,-115.27746,36.056244
25495,4421,-115.28992,36.160503
25496,6832,-115.174644,36.109913
25497,6833,-115.17849,36.10924
25498,6644,-115.167015,36.126884
25499,4421,-115.13962,36.170086
25500,6834,-115.15254,36.151268
25501,4421,-115.30971,36.11463
25502,4421,-115.18609,36.27883
25503,4421,-115.17556,36.098907
25504,4421,-115.14551,36.12177
25505,6835,-73.56588,45.5073
25506,6836,-115.17191,36.11496
25507,4421,-115.2531,36.274574
25508,6837,-115.20567,36.16626
25509,4421,-115.243324,36.08245
25510,4421,-115.164345,36.06004
25511,2499,-115.17332,36.11567
25512,6838,-115.175644,36.098877
25513,6839,-115.175064,36.107677
25514,6644,-115.17095,36.106594
25515,6644,-115.17127,36.11288
25516,6644,-115.1725,36.110065
25517,2499,-114.90861,35.969086
25518,6644,-115.167015,36.126884
25519,2499,-115.17127,36.11288
25520,8157,-115.170906,36.103455
25521,2499,-115.16841,36.12458
25522,6644,-115.17429,36.130753
25523,6840,-115.17322,36.10419
25524,2499,-115.19528,36.11444
25525,2499,-115.14908,36.123734
25526,2499,-115.17386,36.102005
25527,2499,-3.1981623,55.951706
25528,6841,-115.17167,36.11025
25529,2499,-115.163536,36.126423
25530,6842,-115.17473,36.098732
25531,2499,-73.58146,45.51805
25532,6644,-115.1395,36.144585
25533,2499,-115.17419,36.110485
25534,2499,-115.16591,36.127686
25535,6644,-115.17124,36.11788
25536,2499,-115.17234,36.10353
25537,2499,-115.180016,36.14181
25538,6644,-115.18939,36.11789
25539,2499,-115.17234,36.110107
25540,2499,-115.17223,36.105675
25541,2499,-115.17305,36.118965
25542,2499,-115.17125,36.127213
25543,6843,-115.17473,36.098732
25544,2499,-115.17849,36.10924
25545,2499,-115.167755,36.123978
25546,6844,-115.02017,36.27962
25547,2499,-115.17299,36.128223
25548,6845,-115.17484,36.102894
25549,6644,-115.17012,36.122276
25550,6644,-115.13792,36.168026
25551,2499,-89.38583,43.0752
25552,2499,-115.1753,36.09208
25553,6644,-115.17577,36.011356
25554,2499,-115.17179,36.12469
25555,6846,-80.00268,40.44847
25556,2499,-115.163155,36.118034
25557,2499,-115.17382,36.107162
25558,6644,-115.186104,36.11628
25559,2499,-115.17644,36.09227
25560,4421,-115.17473,36.098732
25561,6847,-73.57754,45.516373
25562,2499,-111.98199,33.40369
25563,2499,-115.167755,36.123943
25564,2499,-115.17028,36.12229
25565,2499,-115.16348,36.113026
25566,6848,-115.172424,36.101204
25567,6644,-115.17086,36.10993
25568,6849,-115.17496,36.121323
25569,2499,-115.17473,36.098732
25570,2499,-115.17496,36.121323
25571,6644,-115.173874,36.109753
25572,6644,-115.16456,36.131496
25573,6850,-115.17395,36.11303
25574,6644,-115.169754,36.102917
25575,6851,-115.29653,36.09671
25576,6644,-115.140396,36.168877
25577,6852,-115.17457,36.11622
25578,2499,-115.15706,36.163692
25579,2499,-115.1725,36.110065
25580,2499,-115.15539,36.11793
25581,6644,-115.096466,36.006683
25582,2499,-115.1752,36.091843
25583,6853,-115.1712,36.11172
25584,2499,-3.195602,55.9491
25585,4421,-115.17582,36.09558
25586,2499,-115.17473,36.098732
25587,2499,-115.15323,36.042797
25588,6854,-115.17473,36.098732
25589,2499,-115.16918,36.10844
25590,6855,-115.17552,36.112335
25591,4421,-115.173874,36.10978
25592,2499,-115.17435,36.113964
25593,6856,-115.17473,36.098732
25594,6644,-115.172455,36.111073
25595,2499,-115.16906,36.054974
25596,6857,-115.160965,36.09982
25597,6858,-115.17234,36.110107
25598,2499,-115.17196,36.120907
25599,6859,-115.17167,36.11025
25600,6644,-115.26041,36.143772
25601,6860,-115.206406,35.998116
25602,2499,-115.17652,36.11303
25603,4421,-115.17473,36.098732
25604,2499,-115.17516,36.091866
25605,6861,-115.17473,36.098732
25606,2499,-115.17191,36.11496
25607,2499,-111.92177,33.636818
25608,4421,-115.17473,36.098732
25609,6644,-115.15822,36.161972
25610,6862,-115.175644,36.098877
25611,6644,-115.180016,36.14181
25612,6863,-115.17019,36.123886
25613,6644,-115.177666,36.107014
25614,2499,-115.16997,36.11293
25615,6644,-115.14289,36.143345
25616,6864,-115.17395,36.11303
25617,6865,-115.17459,36.112022
25618,2499,-115.168106,36.103798
25619,6644,-115.19534,36.114998
25620,4421,-115.16866,36.117542
25621,6866,-115.142876,36.169594
25622,2499,-115.16296,36.12714
25623,6644,-115.14844,36.16738
25624,6644,-115.1676,36.103294
25625,2499,-115.17473,36.098732
25626,6867,-115.17613,36.107327
25627,6868,-115.17131,36.11928
25628,6644,-115.1725,36.110065
25629,2499,-115.17505,36.098984
25630,6644,-115.17261,36.109623
25631,6869,-115.17578,36.09593
25632,2499,-115.17503,36.118713
25633,6870,-115.17425,36.102516
25634,6644,-115.17556,36.098907
25635,6871,-115.17497,36.095417
25636,6872,-115.17305,36.118965
25637,837,-115.3007,36.14558
25638,2499,-115.17818,36.106815
25639,2499,-115.17106,36.11242
25640,2499,-115.19534,36.114998
25641,6873,-115.17818,36.106815
25642,2499,-115.173515,36.103
25643,2499,-111.78678,33.450356
25644,6874,-115.17141,36.11752
25645,2499,-115.179085,36.11224
25646,6875,-115.17453,36.112377
25647,6644,-115.173874,36.109753
25648,6644,-115.17473,36.098732
25649,2499,-115.16989,36.10279
25650,2499,-115.172714,36.11888
25651,6644,-115.17473,36.098732
25652,6876,-115.17496,36.121323
25653,2499,-115.20959,36.12621
25654,2499,-115.334816,36.15839
25655,2499,-115.17332,36.11567
25656,2499,-115.12349,36.057854
25657,2499,-115.17582,36.11773
25658,6877,-115.17253,36.112015
25659,2499,-115.168106,36.103798
25660,2499,-73.574394,45.52221
25661,6878,-115.14494,36.121414
25662,6644,-115.17698,36.107407
25663,6644,-115.141884,36.16918
25664,2499,-115.17601,36.104332
25665,2499,-115.17243,36.119926
25666,6879,-115.17698,36.111977
25667,2499,-115.168106,36.103798
25668,6644,-115.30076,36.145542
25669,6880,-115.16009,36.113396
25670,2499,-115.1726,36.118793
25671,2499,-115.167694,36.103054
25672,4421,-115.11704,36.01736
25673,2499,-115.17783,36.093067
25674,6644,-115.17712,36.13198
25675,6881,-115.177536,36.06837
25676,4421,-115.05591,36.055576
25677,4421,-115.33334,36.16098
25678,4421,-115.17089,36.114025
25679,6882,-115.046844,36.05945
25680,2499,-115.17253,36.112015
25681,6644,-115.17254,36.115658
25682,6883,-115.17143,36.109825
25683,4421,-115.15472,36.115124
25684,2499,-115.17103,36.099377
25685,2499,-115.172325,36.12454
25686,2499,-115.14637,36.124424
25687,2499,-115.173515,36.10301
25688,2499,-115.17022,36.12299
25689,2499,-115.173874,36.109753
25690,2499,-115.291306,36.16911
25691,4421,-115.173874,36.109753
25692,6884,-115.15228,36.139946
25693,2499,-115.17105,36.12595
25694,2499,-115.16591,36.127495
25695,6644,-115.17124,36.11788
25696,6644,-115.17322,36.127586
25697,2499,-115.17128,36.11289
25698,6644,-115.170906,36.103455
25699,2499,-115.17364,36.121155
25700,2499,-115.15822,36.161972
25701,2499,-115.23995,36.14467
25702,2499,-115.1741,36.12124
25703,2499,-115.16153,36.132683
25704,6885,-115.16559,36.12689
25705,4421,-115.312225,36.158894
25706,2499,-115.17503,36.118713
25707,6886,-115.16908,36.124203
25708,6887,-115.17544,36.09935
25709,2499,-115.17033,36.12362
25710,837,-115.17253,36.112015
25711,6644,-115.17704,36.10762
25712,2499,-115.17086,36.10993
25713,6888,-115.17153,36.117573
25714,6644,-115.29408,36.14382
25715,6889,-115.17119,36.12122
25716,4421,-115.20741,36.123623
25717,6890,-115.17421,36.106213
25718,2499,-115.15082,36.087605
25719,4421,-115.17291,36.138462
25720,6891,-115.17575,36.108307
25721,6892,-115.16833,36.127647
25722,2499,-115.194374,36.114815
25723,2499,-115.16932,36.103893
25724,2499,-115.172325,36.12454
25725,6644,-115.17462,36.142902
25726,2499,-115.1725,36.110065
25727,6644,-115.17661,36.097107
25728,6644,-115.19822,36.12595
25729,2499,-115.17156,36.10262
25730,6644,-115.16296,36.12714
25731,6644,-115.16904,36.124878
25732,6644,-115.17462,36.142902
25733,6644,-115.173874,36.10978
25734,6893,-115.16559,36.12689
25735,2499,-115.16744,36.127686
25736,2499,-115.1727,36.109695
25737,2499,-115.18163,36.075855
25738,2499,-115.17322,36.119038
25739,4,-115.17156,36.10262
25740,2499,-3.195602,55.9491
25741,2499,-115.17033,36.12362
25742,2499,-115.180016,36.14181
25743,8193,-3.190423,55.95065
25744,6894,-115.15539,36.11793
25745,6644,-115.17849,36.10924
25746,6644,-115.17086,36.10993
25747,2499,-115.17253,36.112015
25748,6644,-115.17503,36.118713
25749,6644,-115.173874,36.10978
25750,2499,-115.16587,36.126877
25751,6895,-115.17196,36.120907
25752,2499,-115.17253,36.112015
25753,6644,-115.17516,36.109875
25754,2499,-115.17139,36.135098
25755,6644,-115.15165,36.105473
25756,6644,-115.17516,36.109875
25757,6644,-115.174515,36.121548
25758,6644,-115.17481,36.10987
25759,6644,-115.17156,36.10262
25760,2499,-115.20631,36.12659
25761,4421,-115.09787,36.034588
25762,2499,-115.17395,36.11303
25763,2499,-79.982544,40.42897
25764,6644,-115.333855,36.155964
25765,2499,-115.1696,36.121452
25766,2499,-115.167755,36.123943
25767,6644,-115.16923,36.121773
25768,6644,-115.01003,36.272373
25769,6644,-115.1765,36.10758
25770,2499,-115.1725,36.110065
25771,6896,-115.17041,36.110847
25772,6897,-115.170364,36.127617
25773,2499,-115.185196,36.12566
25774,6644,-115.17345,36.10306
25775,6898,-115.17156,36.10262
25776,2499,-115.17156,36.10262
25777,2499,-115.172714,36.118225
25778,837,-115.174995,36.092667
25779,2499,-115.15712,36.16348
25780,6644,-115.175804,36.096684
25781,2499,-115.17725,36.119125
25782,2499,-115.176315,36.109913
25783,6644,-115.16876,36.12438
25784,6644,-115.14347,36.06351
25785,2499,-115.17089,36.114025
25786,6644,-115.166954,36.106236
25787,2499,-115.174644,36.109913
25788,2499,-115.180016,36.14181
25789,2499,-115.17203,36.11494
25790,2499,-115.17688,36.111946
25791,6644,-115.17601,36.104332
25792,2499,-115.17849,36.10924
25793,6644,-115.16904,36.124878
25794,6644,-115.17405,36.109875
25795,6644,-115.172714,36.10941
25796,4421,-115.16869,36.127796
25797,4421,-115.20638,36.006573
25798,4421,-115.15126,36.1089
25799,4421,-115.172295,36.11805
25800,4421,-115.284424,36.13854
25801,4421,-115.173775,36.090916
25802,4421,-115.142006,36.17183
25803,4421,-115.11793,36.09981
25804,6899,-115.13609,36.01191
25805,2499,-115.17324,36.109814
25806,2499,-115.17332,36.11567
25807,2499,-115.172424,36.101196
25808,2499,-115.17516,36.109875
25809,2499,-115.17688,36.111946
25810,2499,-115.248,36.142876
25811,6900,-3.1878924,55.949314
25812,2499,-115.17613,36.107327
25813,4421,-115.29302,36.157192
25814,2499,-115.1563,36.142338
25815,6644,-115.16876,36.12438
25816,4421,-115.14289,36.143345
25817,6644,-115.13894,36.16672
25818,6644,-115.13894,36.16672
25819,2499,-115.16994,36.109863
25820,4421,-115.24508,36.159706
25821,6901,-115.15448,36.11884
25822,2499,-73.55172,45.509388
25823,6644,-115.14289,36.143345
25824,6902,-115.209656,36.127045
25825,2499,-115.14289,36.143345
25826,2499,-115.17259,36.112953
25827,6644,-115.167755,36.123943
25828,837,-115.178,36.068428
25829,6903,-115.1195,36.015434
25830,6644,-115.301025,36.146275
25831,2499,-115.17659,36.091938
25832,6644,-115.17086,36.10993
25833,2499,-115.27846,36.134956
25834,4421,-115.219246,36.143974
25835,2499,-111.99434,33.43419
25836,2499,-115.174515,36.121548
25837,6644,-115.24186,36.062195
25838,6644,-115.17345,36.10306
25839,4421,-115.17089,36.114025
25840,6644,-115.15125,36.136257
25841,2499,-115.16591,36.127495
25842,6904,-115.1726,36.118793
25843,6644,-115.16904,36.124878
25844,4421,-115.111786,36.00694
25845,2499,-115.1392,36.08282
25846,4421,-115.135,36.1155
25847,4421,-115.073,36.072193
25848,2499,-111.9382,33.629356
25849,6905,-115.23995,36.14467
25850,6906,-115.17106,36.12008
25851,2499,-115.24302,36.036034
25852,6907,-115.15448,36.11884
25853,6644,-115.17767,36.10741
25854,4421,-115.17575,36.108307
25855,2499,-115.174355,36.109806
25856,2499,-115.17295,36.10156
25857,6644,-115.1684,36.124554
25858,2499,-115.17028,36.12229
25859,4421,-79.89309,40.489143
25860,4421,-115.153404,36.027
25861,6908,-115.24675,36.144825
25862,6644,-115.15716,36.114746
25863,6909,-115.157875,36.142757
25864,6910,-115.15448,36.11884
25865,6644,-115.17086,36.10993
25866,6644,-115.17601,36.104332
25867,2499,-115.1702,36.12269
25868,2499,-115.17262,36.12956
25869,837,-112.064766,33.470886
25870,4421,-115.273125,36.06686
25871,2499,-115.15421,36.118145
25872,2499,-115.17386,36.102005
25873,2499,-115.173874,36.10978
25874,6911,-115.16573,36.126507
25875,6912,-115.17332,36.11567
25876,2499,-115.13639,36.173893
25877,2499,-115.15387,36.110085
25878,4421,-115.17698,36.107407
25879,6644,-115.173874,36.10978
25880,6644,-115.17516,36.109875
25881,2499,-115.17413,36.109634
25882,2499,-115.157875,36.142757
25883,6644,-115.17849,36.10924
25884,2499,-80.944466,35.22019
25885,6913,-115.17618,36.115856
25886,6914,-115.17535,36.070137
25887,6915,-115.16907,36.124435
25888,4421,-115.17262,36.118378
25889,2499,-115.171776,36.102093
25890,6644,-115.13595,36.159363
25891,4421,-115.16841,36.12458
25892,4421,-115.16965,36.121864
25893,2499,-115.186104,36.11628
25894,6644,-112.00717,33.435467
25895,6644,-115.17618,36.115856
25896,6916,-115.16858,36.123478
25897,6917,-115.17484,36.102894
25898,6644,-115.16296,36.12714
25899,6918,-115.1746,36.116764
25900,2499,-111.84253,33.303234
25901,6644,-73.55482,45.507256
25902,2499,-115.17676,36.10449
25903,2499,-115.17496,36.121323
25904,6919,-115.18939,36.11789
25905,6920,-115.172554,36.115673
25906,2499,-115.172325,36.12454
25907,2499,-115.17131,36.11928
25908,4,-115.17425,36.102516
25909,6644,-115.17089,36.114025
25910,2499,-115.17106,36.11242
25911,6921,-115.17364,36.121155
25912,6922,-115.17249,36.105267
25913,2499,-115.169754,36.102917
25914,2499,-115.16591,36.127686
25915,2499,-111.95243,33.506767
25916,6644,-115.13639,36.175
25917,2499,-115.173515,36.103
25918,2499,-115.17012,36.122276
25919,2499,-115.17178,36.115017
25920,6644,-115.17153,36.117573
25921,6644,-115.15531,36.11022
25922,6644,-115.1763,36.11227
25923,6923,-115.175064,36.107677
25924,6644,-115.18191,36.09612
25925,2499,-115.14289,36.143345
25926,4421,-115.13463,36.161926
25927,2499,-115.17106,36.11242
25928,6924,-115.17474,36.115932
25929,2499,-115.173195,36.10871
25930,4421,-115.135,36.1155
25931,2499,-115.175804,36.096684
25932,2499,-115.167725,36.103397
25933,4421,-115.177,36.11199
25934,6644,-115.1765,36.10758
25935,2499,-115.15427,36.1187
25936,2499,-115.17076,36.123367
25937,2499,-115.172424,36.101196
25938,2499,-115.16714,36.126476
25939,6644,-80.822556,35.216587
25940,6644,-115.17457,36.11622
25941,2499,-115.17516,36.109875
25942,2499,-115.17239,36.109104
25943,2499,-115.24536,36.161877
25944,4421,-115.16908,36.124203
25945,6644,-115.17124,36.11788
25946,4421,-115.03062,36.03838
25947,6644,-115.14637,36.124424
25948,6925,-115.1087,36.14329
25949,4421,-115.16769,36.10302
25950,2499,-115.17156,36.11732
25951,6644,-115.1613,36.138298
25952,6926,-115.17086,36.10993
25953,6644,-80.93305,35.137833
25954,2499,-115.15323,36.042797
25955,4421,-115.17106,36.11242
25956,2499,-115.17054,36.10259
25957,8193,-3.195602,55.9491
25958,8193,-3.195602,55.9491
25959,6644,-115.17205,35.965473
25960,4421,-115.17413,36.121143
25961,6644,-115.05262,36.100742
25962,6644,-115.17469,36.160713
25963,4421,-115.177444,36.11319
25964,2499,-115.17688,36.091255
25965,6644,-115.155754,36.14755
25966,6927,-115.157875,36.142757
25967,2499,-115.17501,36.117245
25968,4421,-115.13988,36.1688
25969,2499,-115.17075,36.101788
25970,6928,-115.17496,36.121323
25971,2499,-115.169266,36.102703
25972,6929,-115.17259,36.112953
25973,4421,-115.20888,36.09506
25974,6930,-115.16952,36.12394
25975,6644,-115.1765,36.10758
25976,6931,-115.209915,36.126427
25977,6644,-112.07377,33.45838
25978,4421,-115.17669,36.117455
25979,2499,-115.17087,36.10242
25980,4421,-115.17166,36.055428
25981,6932,-115.15435,36.143963
25982,6933,-115.16908,36.123558
25983,2499,-115.17234,36.110107
25984,2499,-115.167755,36.123943
25985,6934,-115.17641,36.11316
25986,6935,-115.17315,36.10988
25987,6021,-73.6028,45.47854
25988,4421,-115.087364,36.029713
25989,6644,-115.17581,36.08995
25990,6936,-115.175064,36.107677
25991,6937,-115.17012,36.122276
25992,6644,-115.17341,36.118275
25993,4421,-115.17341,36.118275
25994,4421,-115.176674,36.090755
25995,6644,-115.17618,36.115856
25996,4421,-115.13694,36.176132
25997,2499,-115.191086,36.197346
25998,2499,-115.175026,36.090862
25999,6644,-115.16961,36.121452
26000,6938,-115.16961,36.121452
26001,2499,-115.17354,36.109516
26002,2499,-111.93192,33.50187
26003,2499,-115.17318,36.110085
26004,4421,-115.173904,36.110092
26005,2499,-115.17306,36.091965
26006,2499,-115.13637,36.145214
26007,6644,-115.16869,36.127796
26008,6939,-115.1546,36.11997
26009,6940,-115.17503,36.118713
26010,2499,-115.17496,36.121323
26011,2499,-115.16456,36.131496
26012,6644,-115.164345,36.06004
26013,6941,-115.17437,36.10206
26014,2499,-115.1677,36.125965
26015,6644,-115.17193,36.127487
26016,2499,-115.16961,36.121452
26017,2499,-112.010574,33.434765
26018,2499,-115.16965,36.121864
26019,4421,-115.16961,36.121452
26020,2499,-115.16855,36.10475
26021,6942,-115.17364,36.121155
26022,2499,-115.167755,36.123943
26023,6644,-115.167694,36.103054
26024,7523,-115.16796,36.127712
26025,6644,-115.169266,36.102703
26026,2499,-115.171776,36.102093
26027,837,-111.940346,33.425938
26028,2499,-115.16875,36.11044
26029,2499,-115.17684,36.1206
26030,6644,-115.16901,35.965446
26031,6021,-73.56809,45.48887
26032,6943,-115.14637,36.124424
26033,2499,-115.17698,36.111977
26034,837,-115.16929,36.122322
26035,6644,-115.15662,36.14225
26036,2499,-115.17578,36.09593
26037,6944,-115.224464,36.128838
26038,4421,-115.17459,36.112022
26039,2499,-115.16597,36.125782
26040,2499,-115.1725,36.110065
26041,6945,-115.262314,36.11668
26042,6946,-115.17186,36.11744
26043,2499,-115.1702,36.12269
26044,2499,-115.17364,36.121155
26045,6644,-115.173874,36.10978
26046,2499,-115.17025,36.1238
26047,2499,-115.174644,36.109913
26048,4421,-115.170616,36.124756
26049,6947,-115.17259,36.112953
26050,6644,-115.164894,36.129868
26051,2499,-115.173874,36.109753
26052,4421,-115.17041,36.118294
26053,6948,-115.13639,36.175
26054,4421,-115.24374,36.047146
26055,7064,-115.14551,36.12177
26056,6644,-115.17457,36.11622
26057,6949,-115.17857,36.19712
26058,6950,-115.17457,36.11622
26059,2499,-115.1763,36.11227
26060,6951,-115.16559,36.12689
26061,6952,-115.17089,36.114025
26062,2499,-115.17075,36.101788
26063,2499,-111.99968,33.43605
26064,6644,-115.17277,36.10465
26065,2499,-115.17277,36.082066
26066,2499,-115.15693,36.115025
26067,6953,-115.167755,36.123978
26068,2499,-115.17697,36.094967
26069,4421,-115.176544,36.116646
26070,2499,-115.17354,36.109516
26071,4421,-115.046844,36.05945
26072,6644,-115.17286,36.127224
26073,2499,-115.23995,36.14467
26074,4421,-115.20848,36.083973
26075,4421,-115.29707,36.08382
26076,2499,-115.17781,36.093067
26077,2499,-115.18939,36.11789
26078,2499,-115.13802,36.089493
26079,2499,-73.57414,45.499672
26080,2499,-115.173874,36.109753
26081,2499,-115.17251,36.11073
26082,2499,-115.18644,36.11881
26083,2499,-73.57582,45.497364
26084,2499,-115.15387,36.110085
26085,6644,-115.176315,36.109913
26086,2499,-115.17113,36.12856
26087,6644,-115.17177,36.11931
26088,4421,-111.99899,33.436527
26089,2499,-115.16587,36.126877
26090,6644,-115.1774,36.113766
26091,2499,-115.16961,36.121452
26092,6644,-115.22456,36.128075
26093,6954,-115.17577,36.011356
26094,2499,-115.173706,36.14001
26095,6955,-115.173874,36.109753
26096,6644,-115.17786,36.117294
26097,2499,-115.16714,36.126476
26098,2499,-80.799644,35.176636
26099,4421,-115.172554,36.115673
26100,6956,-115.15716,36.114746
26101,6644,-115.15323,36.042797
26102,6957,-115.17322,36.10419
26103,6958,-115.174034,36.121204
26104,2499,-115.163124,36.133614
26105,6959,-115.33271,36.15179
26106,6960,-111.86568,33.435287
26107,6644,-111.9283,33.502007
26108,2499,-115.1752,36.091843
26109,6961,-115.16919,36.105984
26110,6962,-115.13802,36.089493
26111,6963,-115.1765,36.10758
26112,6644,-115.16858,36.103508
26113,6644,-115.17704,36.10762
26114,2499,-112.113014,33.713097
26115,2499,-115.172455,36.12073
26116,2499,-115.17361,36.109997
26117,2499,-115.17087,36.10242
26118,2499,-115.179085,36.11224
26119,6644,-115.1732,36.104378
26120,6964,-115.17406,36.107925
26121,6644,-115.17223,36.105675
26122,2499,-115.174644,36.109913
26123,2499,-115.17669,36.117455
26124,6644,-111.92562,33.493855
26125,2499,-115.17435,36.113964
26126,6965,-115.17154,36.048992
26127,6644,-112.00699,33.435463
26128,6966,-115.164894,36.129868
26129,6967,-115.15154,36.12109
26130,2499,-115.13637,36.145214
26131,2499,-115.145645,36.124844
26132,2499,-115.179085,36.11224
26133,6644,-115.17087,36.10242
26134,2499,-115.17618,36.115856
26135,6644,-115.16769,36.10302
26136,2499,-73.5655,45.5003
26137,6968,-115.20631,36.12659
26138,6644,-115.17322,36.109215
26139,2499,-115.1613,36.138298
26140,2499,-115.17459,36.112022
26141,2499,-112.10023,33.626423
26142,4421,-115.17516,36.109875
26143,6644,-115.18939,36.11789
26144,6644,-115.17582,36.11773
26145,6969,-115.14393,36.170383
26146,2499,-115.139915,36.169243
26147,6970,-115.173706,36.107292
26148,2499,-115.17249,36.105267
26149,4421,-115.15659,36.145737
26150,6971,-115.17435,36.113964
26151,2499,-115.175026,36.121967
26152,2499,-115.17704,36.10762
26153,6644,-115.154015,36.12784
26154,6644,-115.13717,36.082092
26155,4421,-115.17325,36.03351
26156,2499,-115.152145,36.13546
26157,2499,-115.157875,36.142757
26158,2499,-115.17128,36.11289
26159,2499,-115.17601,36.104332
26160,2499,-115.16296,36.12714
26161,2499,-115.17259,36.112953
26162,2499,-115.17106,36.11242
26163,4421,-115.244255,36.145123
26164,2499,-115.17552,36.112335
26165,6972,-115.171036,36.124466
26166,6973,-115.176155,36.09279
26167,6644,-115.17332,36.10583
26168,2499,-115.15448,36.11884
26169,6974,-115.174034,36.10529
26170,2499,-115.174095,36.09128
26171,2499,-115.17127,36.11288
26172,2499,-112.18334,33.53938
26173,6644,-115.14085,36.170055
26174,6644,-115.169754,36.102917
26175,2499,-112.04751,33.52433
26176,4421,-115.19636,36.125397
26177,6975,-115.17712,36.13198
26178,6644,-115.17516,36.109875
26179,4421,-114.99163,36.00862
26180,6976,-115.20989,36.10025
26181,4421,-115.13609,36.01191
26182,2499,-115.135,36.1155
26183,6644,-115.17277,36.082066
26184,4421,-115.20734,36.088776
26185,4421,-115.1068,36.071945
26186,4421,-115.174355,36.092293
26187,4421,-115.241974,36.1434
26188,6977,-112.13472,33.843456
26189,6978,-115.27944,36.123875
26190,6979,-115.14252,36.142284
26191,4421,-115.24193,36.143177
26192,4421,-115.16879,36.122967
26193,6644,-115.17223,36.110733
26194,4421,-115.27994,36.127228
26195,4421,-115.26988,36.2835
26196,6644,-115.174385,36.12034
26197,4421,-115.30605,36.113136
26198,6980,-115.11734,36.028217
26199,2499,-115.16153,36.132683
26200,8193,-115.17012,36.122276
26201,6981,-115.20959,36.12621
26202,6644,-115.17234,36.11635
26203,2499,-115.17435,36.12769
26204,4421,-115.09893,36.042465
26205,4421,-115.116776,36.020107
26206,6644,-115.17457,36.127308
26207,2499,-115.16961,36.121452
26208,4421,-115.2431,36.124302
26209,6982,-115.24385,36.04967
26210,2499,-115.17196,36.120907
26211,2499,-115.17086,36.10993
26212,4421,-115.040665,36.106735
26213,2499,-115.177,36.11199
26214,6983,-115.14064,36.167877
26215,2499,-115.17382,36.107162
26216,6984,-115.17345,36.10306
26217,2499,-115.17022,36.11236
26218,4421,-115.28655,36.28842
26219,6985,-111.97677,33.679085
26220,2499,-115.14643,36.100643
26221,6644,-115.17205,36.11012
26222,2499,-115.17641,36.11316
26223,6644,-115.172554,36.115673
26224,6644,-115.17259,36.112953
26225,6986,-115.157875,36.142757
26226,6644,-115.167755,36.123978
26227,4421,-115.17581,36.08995
26228,837,-115.1546,36.11997
26229,6987,-115.30114,36.09934
26230,6988,-115.14636,36.171658
26231,6989,-115.16792,36.11547
26232,4421,-115.16792,36.11547
26233,2499,-115.17688,36.111946
26234,6990,-115.15716,36.114746
26235,2499,-115.24324,36.202335
26236,2499,-115.16296,36.12714
26237,2499,-115.16997,36.11293
26238,4421,-115.31403,36.218792
26239,6991,-115.09903,36.072247
26240,2499,-115.15154,36.13614
26241,4421,-115.14007,36.167534
26242,4421,-115.19203,36.126144
26243,6992,-115.15387,36.110085
26244,4421,-115.25142,36.067112
26245,6993,-115.29809,36.14342
26246,6994,-115.19189,36.126472
26247,6644,-115.169266,36.102703
26248,6644,-115.17457,36.11622
26249,6644,-115.175064,36.107677
26250,6995,-115.20198,36.10272
26251,6996,-115.16559,36.12689
26252,6644,-115.17318,36.110085
26253,4421,-115.23752,36.14488
26254,4879,-115.17637,36.06801
26255,4421,-115.1988,36.11421
26256,6644,-115.17332,36.11567
26257,6997,-115.17387,36.114304
26258,6998,-115.16592,36.127518
26259,2499,-115.15979,36.11516
26260,2499,-115.16744,36.127686
26261,6999,-115.13056,36.10134
26262,6644,-115.17462,36.1098
26263,2499,-115.16787,36.12406
26264,2499,-115.17177,36.11931
26265,2499,-115.17618,36.115856
26266,4421,-115.173775,36.090916
26267,2499,-115.17299,36.128223
26268,7000,-115.173706,36.107292
26269,2499,-115.17382,36.107162
26270,7001,-115.16961,36.121452
26271,6644,-115.17818,36.10713
26272,6644,-115.16879,36.122967
26273,6644,-115.16714,36.126476
26274,6644,-73.596985,45.518787
26275,7002,-115.17229,36.115147
26276,2499,-115.17437,36.10206
26277,7003,-115.155754,36.14755
26278,7004,-115.17259,36.112953
26279,2499,-115.17234,36.110107
26280,4421,-115.16879,36.122967
26281,4421,-115.29792,36.11212
26282,6644,-115.17086,36.10993
26283,6644,-115.17089,36.11006
26284,2499,-115.17481,36.10987
26285,4421,-115.180664,36.291985
26286,4421,-115.28703,36.166676
26287,2499,-115.17196,36.120907
26288,7005,-115.13706,36.10708
26289,2499,-115.176674,36.090755
26290,6644,-115.17179,36.12469
26291,6644,-115.17345,36.10306
26292,6644,-115.17345,36.10306
26293,2499,-115.17364,36.121155
26294,7006,-115.15228,36.139946
26295,7007,-115.14124,36.172813
26296,2499,-115.17139,36.135098
26297,6644,-115.17613,36.107327
26298,4421,-115.15126,36.1089
26299,2499,-115.17259,36.112953
26300,2499,-115.14637,36.124424
26301,2499,-115.04147,36.061275
26302,6644,-115.164635,36.15917
26303,2499,-115.169655,36.12119
26304,2499,-111.93395,33.49345
26305,7008,-115.1746,36.116764
26306,2499,-115.19777,36.126934
26307,2499,-115.194496,36.114227
26308,7009,-115.16901,35.965446
26309,2499,-115.17368,36.12316
26310,2499,-115.17652,36.11303
26311,2499,-115.17601,36.104332
26312,6644,-115.173874,36.10978
26313,7010,-115.17075,36.101788
26314,2499,-115.1696,36.121452
26315,2499,-115.173874,36.10978
26316,6644,-115.16996,36.10984
26317,2499,-115.17216,36.126064
26318,2499,-115.17698,36.107407
26319,6644,-115.1765,36.10758
26320,7011,-115.16296,36.12714
26321,6644,-115.186104,36.11628
26322,2499,-115.17124,36.11788
26323,2499,-115.11806,36.01813
26324,2499,-115.17698,36.111977
26325,2499,-115.167694,36.103054
26326,7012,-115.17858,36.106277
26327,2499,-115.20312,36.115067
26328,2499,-115.17151,36.112106
26329,2499,-115.17028,36.12229
26330,2499,-115.17625,36.092876
26331,7013,-115.17322,36.11784
26332,4421,-115.16938,36.12179
26333,2499,-115.18231,36.140705
26334,2499,-115.1763,36.11227
26335,6644,-115.17849,36.10924
26336,6644,-80.828545,35.15261
26337,2499,-115.173874,36.10978
26338,4421,-115.15954,36.15574
26339,2499,-115.17086,36.10993
26340,6644,-115.180626,36.29249
26341,7014,-115.171776,36.102093
26342,2499,-112.07409,33.512627
26343,7015,-115.14252,36.142284
26344,2499,-115.17462,36.11694
26345,7016,-115.17704,36.10762
26346,2499,-115.16591,36.127686
26347,6644,-115.172554,36.111877
26348,2499,-115.1765,36.10758
26349,6644,-115.17345,36.10306
26350,2499,-73.56269,45.502544
26351,2499,-115.176315,36.109913
26352,4421,-115.331406,36.15959
26353,2499,-115.1746,36.116764
26354,2499,-115.16938,36.12179
26355,7017,-115.176575,36.091194
26356,2499,-89.47269,43.07396
26357,2499,-115.17259,36.112953
26358,2499,-115.16591,36.127686
26359,7018,-111.99559,33.511234
26360,6644,-115.16901,35.965446
26361,6644,-115.17345,36.10306
26362,2499,-115.13717,36.082092
26363,2499,-115.17688,36.111946
26364,6644,-115.17582,36.11773
26365,4421,-115.177,36.11199
26366,6644,-115.16084,36.139904
26367,4421,-115.17354,36.109516
26368,6644,-115.20247,36.144047
26369,6644,-115.1756,36.09524
26370,2499,-115.14637,36.124424
26371,2499,-115.16858,36.123478
26372,6644,-115.16591,36.127686
26373,404,-115.175385,36.093647
26374,2499,-115.16591,36.127686
26375,4421,-115.13988,36.1688
26376,7019,-115.197014,36.12641
26377,6644,-115.16845,36.123913
26378,2499,-115.14277,36.16997
26379,2499,-115.163536,36.126423
26380,2499,-115.17457,36.102413
26381,7020,-115.197014,36.12641
26382,2499,-115.17124,36.11788
26383,6644,-115.17419,36.110485
26384,6644,-115.16918,36.10844
26385,7021,-115.16591,36.127686
26386,7022,-115.26674,36.272594
26387,2499,-115.16591,36.127686
26388,2499,-115.135,36.1155
26389,7023,-115.17364,36.121155
26390,4421,-115.24189,36.112988
26391,2499,-115.1768,36.090183
26392,7024,-115.16908,36.124203
26393,6644,-115.17849,36.10924
26394,7025,-115.174644,36.109913
26395,2499,-115.169754,36.102917
26396,6644,-115.17601,36.104332
26397,7026,-115.19528,36.11444
26398,2499,-115.16591,36.127686
26399,2499,-115.16961,36.121452
26400,6644,-115.17457,36.11622
26401,2499,-115.174644,36.109913
26402,2499,-115.18939,36.11789
26403,2499,-115.17462,36.142902
26404,7027,-115.16997,36.11293
26405,8193,-3.2047284,55.94593
26406,7028,-115.16009,36.113396
26407,2499,-115.180016,36.14181
26408,2499,-115.17849,36.10924
26409,2499,-115.17354,36.109516
26410,7029,-115.241745,36.07865
26411,2499,-80.92247,35.190365
26412,7030,-115.172714,36.10941
26413,6644,-115.1774,36.113766
26414,7031,-115.15271,36.108807
26415,2499,-115.15979,36.11516
26416,4421,-115.157875,36.142757
26417,6644,-115.14255,36.142525
26418,6644,-115.17179,36.12469
26419,4421,-115.29494,36.144653
26420,4421,-115.14289,36.143345
26421,7032,-115.15126,36.1089
26422,2499,-115.17849,36.10924
26423,2499,-115.16296,36.12714
26424,6644,-115.14333,36.19606
26425,6644,-115.17462,36.11694
26426,2499,-115.16456,36.131496
26427,6644,-112.073425,33.447334
26428,2499,-115.17481,36.10987
26429,7033,-115.174416,36.127724
26430,6644,-115.17618,36.115856
26431,2499,-115.16845,36.123913
26432,2499,-115.11874,36.084557
26433,6644,-80.84322,35.06882
26434,7034,-115.16348,36.113026
26435,2499,-115.15387,36.110085
26436,6644,-115.17143,36.135014
26437,2499,-115.15387,36.109016
26438,4421,-115.17124,36.11788
26439,6644,-80.828545,35.15261
26440,6644,-115.16296,36.12714
26441,2499,-115.1696,36.121452
26442,2499,-115.135,36.1155
26443,7035,-115.284874,36.29139
26444,7036,-115.16997,36.11293
26445,6644,-115.17143,36.135014
26446,2499,-115.167694,36.103054
26447,7037,-111.74018,33.378
26448,2499,-115.35092,36.159397
26449,2499,-73.57441,45.520267
26450,4421,-115.24334,36.04716
26451,6644,-115.17106,36.12008
26452,2499,-115.17524,36.09232
26453,6644,-115.209656,36.127045
26454,2499,-115.17618,36.115856
26455,4421,-115.23995,36.14467
26456,4421,-115.19242,36.12601
26457,2499,-89.39556,43.07282
26458,2499,-115.17156,36.11732
26459,2499,-115.17223,36.105675
26460,6644,-115.14289,36.143345
26461,6644,-115.15323,36.042797
26462,2499,-115.20169,36.103138
26463,6644,-115.29864,36.076557
26464,7038,-115.272705,36.144665
26465,6644,-115.176315,36.109913
26466,7039,-115.16348,36.113026
26467,6644,-115.1546,36.11997
26468,4421,-115.16912,36.103695
26469,6644,-115.17279,36.11766
26470,6644,-115.16348,36.113026
26471,4421,-115.16348,36.113026
26472,6644,-115.14064,36.167877
26473,4421,-115.10041,36.07238
26474,6644,-115.20247,36.144047
26475,4421,-111.91983,33.466194
26476,2499,-115.16348,36.113026
26477,4421,-115.307335,36.11481
26478,4421,-115.20247,36.144047
26479,6644,-115.17368,36.12316
26480,4421,-115.1768,36.090183
26481,2499,-115.17516,36.109875
26482,6644,-115.173874,36.109753
26483,2499,-115.171104,36.040154
26484,7040,-115.17167,36.11025
26485,7041,-115.16876,36.12438
26486,2499,-115.17113,36.12856
26487,7042,-115.19826,36.11444
26488,2499,-89.35878,43.087936
26489,2499,-115.16218,36.135162
26490,7043,-115.163536,36.126423
26491,2499,-115.17124,36.11788
26492,4421,-115.141884,36.16918
26493,4421,-115.132225,36.101387
26494,6644,-115.17556,36.098907
26495,2499,-115.21351,36.12623
26496,7044,-115.07661,36.070503
26497,2499,-115.16218,36.135162
26498,5070,-115.22439,36.101456
26499,2499,-115.17516,36.109875
26500,4421,-115.138504,36.117256
26501,6644,-115.17333,36.119556
26502,7045,-115.17698,36.111977
26503,2499,-112.02839,33.510456
26504,2499,-115.17435,36.113964
26505,2499,-73.57414,45.499672
26506,2499,-115.17337,36.104424
26507,6644,-115.19906,36.114304
26508,4421,-115.142395,36.142128
26509,2499,-115.17698,36.111977
26510,7046,-115.17603,36.11833
26511,2499,-115.17516,36.091866
26512,2499,-115.13639,36.175
26513,2499,-115.17625,36.092876
26514,2499,-115.177956,36.12037
26515,2499,-115.17818,36.106815
26516,2499,-89.34581,43.136467
26517,2499,-115.17704,36.10762
26518,2499,-115.17464,36.1021
26519,6644,-115.19906,36.114304
26520,2499,-115.17075,36.101788
26521,4421,-115.179085,36.11224
26522,7047,-115.18961,36.125954
26523,2499,-115.17556,36.098907
26524,6644,-111.86473,33.613514
26525,4421,-111.990555,33.4349
26526,2499,-115.17395,36.11303
26527,2499,-115.167015,36.126884
26528,7048,-115.17676,36.10449
26529,7049,-115.17345,36.10306
26530,7050,-115.17264,36.11758
26531,7051,-115.173515,36.103
26532,7052,-115.137505,36.08225
26533,6021,-115.160965,36.09982
26534,2499,-115.1715,36.127525
26535,2499,-115.174355,36.109806
26536,2499,-115.17465,36.10597
26537,2499,-115.17712,36.13198
26538,6644,-115.10773,36.002964
26539,6644,-115.174355,36.109806
26540,2499,-115.17503,36.118713
26541,2499,-115.176704,36.09028
26542,6644,-115.176315,36.109913
26543,2499,-115.17395,36.11303
26544,2499,-115.17028,36.12229
26545,2499,-115.17253,36.10185
26546,6644,-115.16762,36.126415
26547,2499,-115.17253,36.10185
26548,6644,-115.14124,36.172813
26549,4421,-115.11793,36.018227
26550,6644,-115.15822,36.161972
26551,2499,-115.21632,36.143684
26552,6644,-115.17849,36.10924
26553,6644,-115.17253,36.10185
26554,2499,-115.16908,36.124203
26555,2499,-115.17484,36.102894
26556,2499,-115.174355,36.092293
26557,2499,-115.16296,36.12714
26558,837,-115.17261,36.109623
26559,7053,-115.17278,36.11766
26560,2499,-115.17106,36.11242
26561,6644,-115.173706,36.107292
26562,6644,-115.26148,36.113655
26563,6644,-115.16744,36.127686
26564,7054,-115.17306,36.091965
26565,6644,-115.176575,36.091194
26566,4421,-115.17618,36.115856
26567,4421,-115.14007,36.167534
26568,2499,-115.17106,36.11242
26569,6644,-115.176025,36.10461
26570,2499,-115.17234,36.10353
26571,3204,-111.85806,33.23327
26572,6644,-115.18939,36.11789
26573,7055,-115.17476,36.10803
26574,7056,-115.305176,36.145344
26575,6644,-115.17234,36.10353
26576,6644,-115.17345,36.10306
26577,7057,-115.29818,36.09476
26578,2499,-115.17028,36.12229
26579,2499,-115.17259,36.099777
26580,6644,-115.167694,36.103054
26581,2499,-115.173874,36.10978
26582,2499,-115.17179,36.12469
26583,2499,-115.17113,36.12856
26584,6644,-115.168816,36.11002
26585,6644,-115.1696,36.121452
26586,4421,-115.1725,36.110065
26587,2499,-115.17332,36.11567
26588,2499,-115.19906,36.114304
26589,2499,-115.17406,36.107925
26590,2499,-115.16456,36.131496
26591,7058,-115.167694,36.103054
26592,6644,-115.163124,36.133614
26593,2499,-115.17382,36.107162
26594,2499,-115.139786,36.114964
26595,4421,-115.17613,36.092182
26596,6644,-115.17105,36.12595
26597,2499,-115.209915,36.126427
26598,6644,-115.20955,36.12644
26599,4421,-115.15389,36.156593
26600,4397,-115.25154,36.159424
26601,2499,-115.17641,36.11316
26602,2499,-115.17462,36.11694
26603,2499,-115.09037,36.02096
26604,2499,-115.17033,36.12362
26605,2499,-115.17181,36.12074
26606,2499,-115.17818,36.106815
26607,7059,-115.168816,36.11002
26608,6644,-115.17516,36.109875
26609,7060,-115.170364,36.127617
26610,7061,-115.176315,36.109913
26611,6644,-115.14442,36.10476
26612,4421,-112.06544,33.595097
26613,7062,-115.334236,36.145416
26614,7063,-115.1344,36.03022
26615,7064,-115.191826,36.144268
26616,4421,-111.92034,33.49875
26617,2499,-115.19534,36.114998
26618,4421,-115.119194,36.02536
26619,4421,-115.13723,36.108643
26620,2499,-115.17618,36.115856
26621,6644,-115.17332,36.11567
26622,4421,-115.146904,36.171864
26623,4421,-115.2682,36.207485
26624,4421,-115.15364,36.013832
26625,4421,-115.26203,36.070213
26626,2499,-115.168724,36.1305
26627,8186,-3.195602,55.9491
26628,2499,-115.173515,36.103
26629,2499,-115.1696,36.121452
26630,7065,-115.17435,36.113964
26631,2499,-115.174644,36.109913
26632,6644,-115.172325,36.10773
26633,2499,-73.580765,45.52284
26634,6021,-73.584946,45.488773
26635,2499,-115.14553,36.16981
26636,7066,-111.91033,33.486916
26637,7067,-115.173706,36.104473
26638,2499,-115.02823,36.044483
26639,4421,-115.17818,36.106815
26640,6644,-115.17086,36.10993
26641,6644,-115.14064,36.167877
26642,2499,-80.832275,35.155388
26643,2499,-115.173515,36.103
26644,7068,-115.1765,36.10758
26645,837,-111.88703,33.58109
26646,4421,-115.25931,36.191574
26647,7069,-115.17364,36.121155
26648,2499,-115.16296,36.12714
26649,2499,-115.18644,36.1187
26650,2499,-115.17422,36.101463
26651,2499,-115.142876,36.169594
26652,2499,-115.170906,36.103455
26653,2499,-115.17425,36.102516
26654,6644,-115.24359,36.04637
26655,2499,-80.94504,35.21938
26656,6644,-115.173515,36.10301
26657,2499,-111.97652,33.31724
26658,6644,-115.17382,36.107162
26659,6644,-115.175385,36.093647
26660,6644,-111.873436,33.413322
26661,6644,-115.175064,36.107677
26662,2499,-115.17425,36.102516
26663,2499,-115.15539,36.11793
26664,2499,-115.20955,36.12644
26665,6644,-115.16242,36.131897
26666,7070,-115.1765,36.10758
26667,2499,-115.17425,36.102516
26668,7071,-115.15161,36.134583
26669,4421,-115.17684,36.1206
26670,6644,-115.16866,36.117542
26671,7072,-115.176155,36.09279
26672,7073,-115.17858,36.106277
26673,2499,-111.874794,33.348907
26674,7074,-115.178215,36.068935
26675,4421,-115.14467,36.17062
26676,4421,-115.144264,36.170635
26677,7075,-115.170364,36.127617
26678,6644,-115.308624,36.11392
26679,2499,-80.841965,35.225376
26680,2499,-73.56134,45.523285
26681,6644,-115.157875,36.142757
26682,2499,-115.17849,36.10924
26683,2499,-115.17516,36.109875
26684,7076,-115.17234,36.11635
26685,6644,-115.17022,36.123844
26686,7077,-111.92589,33.586834
26687,4421,-115.172325,36.12454
26688,7078,-115.173996,36.12161
26689,7079,-115.174355,36.092293
26690,4421,-115.173515,36.10301
26691,4421,-115.17223,36.110733
26692,7080,-115.21774,36.16837
26693,7081,-115.176544,36.113472
26694,7081,-115.173874,36.109753
26695,6644,-115.16242,36.131897
26696,2499,-115.15557,36.135155
26697,6644,-115.176315,36.109913
26698,6644,-115.167725,36.103397
26699,4421,-115.28613,36.15764
26700,4421,-115.267746,36.020943
26701,6644,-115.23995,36.14467
26702,6644,-115.332954,36.163654
26703,4421,-115.1183,36.274784
26704,2499,-115.17625,36.092876
26705,7082,-115.17063,36.12298
26706,7083,-115.17364,36.121155
26707,4421,-115.17234,36.110107
26708,7084,-115.16989,36.10279
26709,2499,-115.17036,36.124023
26710,2499,-79.92435,40.460033
26711,2499,-115.17124,36.11788
26712,6644,-115.16923,36.102325
26713,4421,-115.14637,36.124424
26714,6531,-115.175095,36.095818
26715,4421,-115.174644,36.109913
26716,4421,-115.17318,36.110085
26717,7085,-115.17019,36.123405
26718,6644,-115.17676,36.10449
26719,4421,-115.26203,36.070213
26720,7086,-115.295586,36.114517
26721,7087,-115.173706,36.107292
26722,7088,-115.15126,36.1089
26723,4421,-115.30628,36.114822
26724,7089,-115.15475,36.12697
26725,4421,-115.18908,36.07802
26726,4421,-115.16296,36.12714
26727,7090,-115.119865,36.097946
26728,4421,-115.242714,36.036674
26729,7091,-111.96684,33.305733
26730,7092,-115.1543,36.014694
26731,2499,-115.18163,36.075855
26732,7093,-115.17259,36.11094
26733,2499,-115.17259,36.112953
26734,6644,-115.11719,36.028934
26735,6644,-115.17332,36.11567
26736,2499,-115.17818,36.106815
26737,7094,-115.176414,36.092564
26738,7095,-115.17106,36.11242
26739,4421,-115.174416,36.1097
26740,4421,-115.157875,36.142757
26741,4421,-115.22455,36.238483
26742,2499,-115.1725,36.110065
26743,4421,-115.2431,36.124302
26744,7096,-115.17364,36.121155
26745,2499,-115.16461,36.13704
26746,6644,-115.204865,36.075706
26747,7097,-115.218315,36.125317
26748,7098,-115.11888,36.017677
26749,7099,-115.16961,36.121452
26750,7100,-115.13056,36.10134
26751,6644,-115.176414,36.092564
26752,6644,-115.23995,36.14467
26753,6644,-115.16497,36.12947
26754,6644,-115.20734,36.088776
26755,4421,-115.14683,36.172176
26756,2499,-115.17725,36.119125
26757,4421,-115.16587,36.126877
26758,2499,-115.15539,36.11793
26759,6644,-115.17352,36.10309
26760,4421,-115.24287,36.044266
26761,2499,-115.1763,36.11227
26762,4421,-115.17503,36.143192
26763,6644,-115.174355,36.092293
26764,2499,-115.291306,36.16911
26765,6644,-115.17462,36.11694
26766,2499,-115.17229,36.115147
26767,4421,-115.16879,36.122967
26768,6644,-115.17625,36.092876
26769,7101,-114.98724,36.036552
26770,6644,-115.15539,36.11793
26771,7102,-115.17177,36.11934
26772,2499,-115.17406,36.107925
26773,6644,-115.169655,36.12119
26774,6644,-115.17684,36.1206
26775,4421,-115.04803,36.043564
26776,7103,-115.177,36.11199
26777,6644,-115.17625,36.092876
26778,6644,-115.17028,36.12433
26779,2499,-115.15539,36.11793
26780,6644,-115.16937,36.121815
26781,2499,-115.17143,36.109825
26782,7104,-112.04791,33.47893
26783,7105,-115.28703,36.166676
26784,7106,-115.20741,36.123623
26785,4421,-115.17106,36.12008
26786,6644,-115.16875,36.11044
26787,2499,-115.13639,36.175
26788,6644,-115.17028,36.12229
26789,2499,-73.5747,45.525303
26790,7107,-115.176414,36.092564
26791,6644,-115.13894,36.16672
26792,6644,-115.11588,36.029297
26793,6644,-115.16961,36.121452
26794,8128,-73.57578,45.50141
26795,6644,-115.16961,36.121452
26796,4,-115.16961,36.121452
26797,7108,-115.17481,36.10987
26798,7109,-115.16578,36.128788
26799,7110,-115.17784,36.092987
26800,2499,-115.17279,36.11766
26801,7111,-115.16961,36.121452
26802,681,-73.56359,45.50472
26803,4421,-115.33299,36.16123
26804,2499,-115.17283,36.132774
26805,7112,-115.1786,36.06816
26806,6644,-115.15594,36.10788
26807,4421,-115.28129,36.055817
26808,4421,-115.136406,36.106606
26809,2499,-115.17196,36.120907
26810,7113,-115.11047,36.002903
26811,4421,-115.12009,36.03372
26812,4421,-115.19528,36.11444
26813,4421,-115.28319,36.15782
26814,4421,-115.29707,36.08382
26815,4421,-115.18982,36.143955
26816,837,-115.11822,36.017567
26817,4421,-115.27954,36.125084
26818,4421,-115.29822,36.09571
26819,7114,-115.28994,36.16387
26820,4421,-115.26674,36.272594
26821,2499,-115.164345,36.06004
26822,7115,-115.174706,36.01131
26823,2499,-115.17496,36.121323
26824,2499,-115.14289,36.143345
26825,2499,-115.17139,36.135098
26826,2499,-112.003174,33.49564
26827,2499,-115.17704,36.10762
26828,4421,-115.24166,36.194546
26829,2499,-73.57137,45.497894
26830,2499,-115.17139,36.135098
26831,7116,-115.14014,36.167618
26832,4421,-115.24371,36.05824
26833,4421,-115.2072,36.271782
26834,6644,-115.1719,36.090534
26835,6644,-115.16818,36.117462
26836,7117,-115.17012,36.122276
26837,6644,-115.16894,36.128597
26838,4421,-115.10972,36.00123
26839,6644,-115.17167,36.11025
26840,7118,-115.16334,36.13698
26841,837,-115.28559,36.16719
26842,7119,-115.16671,36.126022
26843,4421,-115.112,36.10026
26844,4421,-115.2072,36.271782
26845,2499,-115.23995,36.14467
26846,6644,-115.168106,36.103798
26847,6644,-115.15387,36.110085
26848,2499,-115.174644,36.109913
26849,6644,-115.17364,36.121155
26850,6644,-115.17028,36.12229
26851,2499,-115.1725,36.110065
26852,4421,-115.16555,36.11523
26853,2499,-115.167755,36.123978
26854,6644,-115.17259,36.112953
26855,7120,-111.87708,33.33638
26856,4421,-112.070465,33.452625
26857,6644,-115.1741,36.12134
26858,7121,-115.16555,36.11523
26859,2499,-115.17459,36.112022
26860,2499,-115.16555,36.11523
26861,837,-112.201805,33.666836
26862,837,-115.17279,36.11766
26863,6644,-115.16555,36.11523
26864,7122,-115.17389,36.109882
26865,4421,-115.292984,36.158527
26866,7123,-115.17484,36.102894
26867,4421,-115.22625,36.086525
26868,2499,-115.17466,36.02949
26869,7124,-115.11979,36.238106
26870,4421,-115.119255,36.02623
26871,4421,-115.15448,36.11884
26872,4421,-115.15126,36.1089
26873,7125,-115.25199,36.063637
26874,4421,-115.18211,36.144463
26875,7126,-115.17213,36.056313
26876,7127,-115.17557,36.118473
26877,7716,-115.0452,36.063137
26878,7128,-115.33272,36.14874
26879,4421,-115.27943,36.142227
26880,7129,-115.225,36.069855
26881,4421,-115.17278,36.11766
26882,4421,-115.259224,36.16771
26883,2499,-115.167,36.12617
26884,2499,-115.17322,36.11784
26885,2499,-115.170906,36.103455
26886,2499,-115.15689,36.113342
26887,2499,-73.57902,45.52839
26888,2499,-115.17644,36.116367
26889,6644,-115.176025,36.10461
26890,6644,-115.167755,36.123978
26891,7130,-115.17124,36.11788
26892,4421,-115.17028,36.12433
26893,2499,-115.16846,36.10319
26894,7131,-115.24362,36.202663
26895,4421,-115.24257,36.199387
26896,7132,-115.17223,36.110733
26897,6644,-115.29761,36.079807
26898,7133,-115.17268,36.1094
26899,7134,-115.16744,36.127686
26900,2499,-115.1684,36.124554
26901,6644,-115.19142,36.126163
26902,2499,-115.209656,36.127045
26903,7135,-115.20667,36.114872
26904,7136,-73.57587,45.49724
26905,4421,-115.169945,35.96528
26906,7137,-115.17704,36.10762
26907,2499,-115.16817,36.108307
26908,7138,-115.15427,36.1187
26909,4421,-115.16997,36.11293
26910,4421,-115.16817,36.108307
26911,7139,-115.11874,36.084557
26912,2499,-115.16904,36.124878
26913,2499,-115.17831,36.12849
26914,2499,-115.14708,36.166077
26915,2499,-3.18764,55.954
26916,7140,-115.295746,36.100655
26917,2499,-115.17234,36.10353
26918,4421,-115.243416,36.191948
26919,2499,-115.174644,36.109913
26920,4421,-115.33383,36.15735
26921,2499,-115.08775,36.021477
26922,2499,-115.17332,36.11567
26923,2499,-115.15979,36.11516
26924,4421,-115.18939,36.11789
26925,2499,-115.17234,36.110107
26926,6644,-115.23273,36.15914
26927,4421,-115.152756,36.04253
26928,7141,-115.138504,36.117256
26929,4421,-115.24374,36.047146
26930,7142,-115.167755,36.123978
26931,6644,-115.086464,36.02119
26932,4421,-115.33272,36.148514
26933,7143,-115.28171,36.19814
26934,4421,-115.17143,36.135014
26935,4421,-115.17577,36.10771
26936,2499,-115.15979,36.11516
26937,2499,-115.15979,36.11516
26938,4421,-115.156746,36.15323
26939,6644,-115.15054,36.083168
26940,7144,-111.91085,33.393078
26941,7145,-115.175385,36.093647
26942,4421,-115.17125,36.10998
26943,4421,-115.17294,36.1184
26944,4421,-115.24359,36.04637
26945,4421,-115.13762,36.158867
26946,6644,-115.17457,36.11622
26947,2499,-115.15603,36.147247
26948,4421,-115.13988,36.1688
26949,4421,-115.144264,36.170635
26950,2499,-115.16009,36.113396
26951,6644,-115.15401,36.1169
26952,6644,-115.16009,36.113396
26953,4421,-115.17065,36.04064
26954,4421,-115.24214,36.078087
26955,4421,-115.17768,36.06848
26956,4421,-115.09893,36.042465
26957,6644,-115.179016,36.090706
26958,2499,-115.20942,36.12682
26959,6644,-115.26048,36.17591
26960,2499,-115.13754,36.08749
26961,6644,-115.16904,36.124878
26962,2499,-73.57783,45.498096
26963,2499,-115.16923,36.121773
26964,2499,-115.167694,36.103054
26965,4421,-115.176315,36.109913
26966,2499,-115.173874,36.109753
26967,6644,-115.17534,36.11709
26968,2499,-115.17307,36.123154
26969,7146,-115.17022,36.12299
26970,6644,-115.170906,36.103455
26971,6644,-115.15411,36.107388
26972,2499,-115.17501,36.117245
26973,6644,-115.173874,36.109753
26974,4421,-115.292046,36.15843
26975,2499,-115.17419,36.110485
26976,2499,-115.21314,36.158226
26977,7147,-115.176315,36.109913
26978,7148,-115.16961,36.121452
26979,4421,-115.17028,36.12229
26980,2499,-115.174644,36.109913
26981,4421,-115.17419,36.110485
26982,7149,-115.1726,36.118793
26983,2499,-115.173515,36.103
26984,7150,-111.997986,33.435844
26985,7151,-115.1725,36.110065
26986,7152,-115.334816,36.155132
26987,6644,-115.17259,36.112953
26988,2499,-115.175896,36.093586
26989,6644,-115.16559,36.12689
26990,4421,-115.173836,36.117283
26991,7153,-115.17054,36.10259
26992,7154,-115.17143,36.135014
26993,6644,-115.174416,36.1097
26994,7155,-115.11869,36.01635
26995,7156,-115.17332,36.10583
26996,2499,-80.81337,35.220215
26997,4421,-115.17647,36.14513
26998,7157,-115.17818,36.106815
26999,7158,-115.17419,36.110485
27000,4421,-115.17419,36.110485
27001,7159,-115.17106,36.11242
27002,2499,-115.17419,36.110485
27003,6644,-115.173874,36.109753
27004,7160,-115.17419,36.110485
27005,7161,-115.17541,36.093304
27006,4421,-115.224075,36.12743
27007,7162,-115.30234,36.100346
27008,4421,-115.241554,36.064533
27009,4421,-115.24119,36.14525
27010,7163,-115.242714,36.036674
27011,4421,-115.11736,36.014675
27012,4421,-115.13463,36.013718
27013,4421,-115.25111,36.21987
27014,7164,-115.28973,36.1641
27015,4421,-115.24192,36.116146
27016,4421,-115.243866,36.086548
27017,4421,-115.24239,36.148426
27018,4421,-115.257416,36.142918
27019,4421,-115.2462,36.19466
27020,4421,-115.27803,36.02064
27021,4421,-115.258804,36.195686
27022,7165,-115.17167,36.11025
27023,4421,-115.24367,36.084496
27024,4421,-115.15271,36.108807
27025,7166,-115.19761,36.14399
27026,7167,-115.28216,36.30256
27027,7168,-115.22045,36.099846
27028,7169,-115.25095,36.196445
27029,4421,-115.27994,36.127228
27030,7170,-115.13962,36.170086
27031,7171,-115.31634,36.218384
27032,6644,-115.17264,36.11758
27033,4421,-115.28203,36.302856
27034,4421,-115.27792,36.078094
27035,7172,-115.33387,36.152832
27036,4888,-115.25033,36.21986
27037,7173,-115.20431,35.999184
27038,4421,-115.141884,36.16918
27039,4421,-115.2916,36.053307
27040,4421,-115.3317,36.16127
27041,4421,-115.22406,36.12772
27042,4421,-115.30759,36.114555
27043,7174,-115.25247,36.205795
27044,4421,-115.33344,36.150024
27045,7175,-115.314476,36.12843
27046,4421,-115.29494,36.144653
27047,7176,-115.226364,36.143147
27048,4421,-115.33387,36.152832
27049,7177,-115.17557,36.118473
27050,7178,-115.298615,36.115734
27051,2499,-115.169754,36.102917
27052,7179,-115.24508,36.159706
27053,4421,-115.152916,36.13711
27054,2499,-115.28812,36.15797
27055,4421,-115.226,36.05534
27056,4421,-115.30402,36.100548
27057,4421,-115.1401,36.169327
27058,7180,-115.24189,36.112988
27059,7181,-115.25154,36.159424
27060,4421,-115.24636,36.125317
27061,4421,-115.111786,36.00694
27062,4421,-115.16643,36.06988
27063,7182,-115.298615,36.115734
27064,4421,-115.07656,36.071907
27065,4421,-115.21232,36.12605
27066,4421,-115.28257,36.198036
27067,4421,-115.29149,36.085815
27068,4421,-115.152725,36.159145
27069,7183,-115.28644,36.15855
27070,4421,-115.298744,36.115807
27071,4421,-115.25093,36.055206
27072,4421,-115.30734,36.11439
27073,4421,-115.17581,36.08995
27074,4421,-115.280624,36.113846
27075,7184,-115.134926,36.01409
27076,7185,-115.30172,36.100273
27077,4421,-115.25033,36.21986
27078,7186,-115.24536,36.161877
27079,7370,-115.298065,36.147495
27080,4421,-111.790665,33.329014
27081,6644,-115.17099,36.12224
27082,7187,-115.20641,36.17994
27083,4421,-115.17187,36.059124
27084,7188,-115.23995,36.14467
27085,4421,-115.2462,36.19466
27086,4421,-115.175804,36.096684
27087,4421,-115.20638,36.006573
27088,4421,-115.16915,36.054928
27089,4421,-115.17229,36.115147
27090,4421,-115.28637,36.157627
27091,4421,-115.04548,36.060318
27092,4421,-115.15126,36.1089
27093,7189,-115.24407,36.04506
27094,7190,-115.280014,36.056793
27095,7191,-115.172424,36.10882
27096,4421,-111.90516,33.431896
27097,7192,-115.25894,36.142735
27098,7193,-115.25894,36.142735
27099,4421,-115.20388,36.087532
27100,7365,-115.14467,36.17062
27101,4421,-115.170906,36.103455
27102,7194,-115.17767,36.10741
27103,7195,-115.24373,36.08461
27104,4421,-115.21288,36.145676
27105,7196,-115.174416,36.127724
27106,4421,-115.243546,36.04771
27107,4421,-115.27846,36.134956
27108,4421,-115.27283,36.30921
27109,4421,-115.23995,36.14467
27110,4421,-115.16449,36.193768
27111,4421,-115.297615,36.115936
27112,7197,-115.11931,36.01597
27113,7198,-115.17143,36.135014
27114,2499,-115.22422,36.12766
27115,4421,-115.27777,36.130028
27116,7199,-115.2249,36.047733
27117,4421,-115.27841,36.112347
27118,7200,-115.11958,36.01292
27119,4421,-115.29864,36.076557
27120,4421,-115.13664,36.11486
27121,7201,-115.241516,36.064106
27122,7202,-115.31947,36.15959
27123,4421,-115.28257,36.198036
27124,4421,-115.24514,36.160145
27125,4421,-115.31887,36.160553
27126,4421,-115.33354,36.148144
27127,7203,-115.0345,36.19642
27128,4421,-115.17322,36.119038
27129,4421,-115.224464,36.128838
27130,4421,-115.26613,36.26931
27131,4421,-115.251495,36.143406
27132,7204,-115.33278,36.150646
27133,4421,-115.206345,35.994972
27134,7205,-115.20564,36.279816
27135,4421,-115.20959,36.12621
27136,4421,-115.20685,36.11581
27137,7206,-115.33317,36.15002
27138,2499,-115.25113,36.068405
27139,4421,-115.29874,36.06994
27140,4421,-115.33387,36.152832
27141,7207,-115.30628,36.114822
27142,7208,-115.3058,36.10064
27143,2499,-115.1563,36.142338
27144,4421,-115.27777,36.130028
27145,4421,-115.2757,36.14452
27146,7209,-115.209656,36.126728
27147,2499,-115.19311,36.158806
27148,4421,-115.19761,36.14399
27149,4421,-115.08336,36.022465
27150,7210,-115.13838,36.11365
27151,2499,-115.20955,36.12644
27152,4421,-115.10386,35.998825
27153,7211,-115.30971,36.11463
27154,6644,-115.13761,36.10351
27155,7212,-115.33337,36.152176
27156,2499,-115.17019,36.123405
27157,4421,-115.27777,36.130028
27158,7213,-115.14289,36.143345
27159,4421,-112.07358,33.442486
27160,4421,-115.163124,36.133614
27161,4421,-115.25659,36.114704
27162,4421,-115.30402,36.100548
27163,7214,-115.2782,36.108463
27164,7215,-115.3048,36.100395
27165,4421,-111.63393,33.242718
27166,4421,-115.19083,36.13164
27167,4421,-115.29874,36.06994
27168,4421,-115.11799,36.014458
27169,7216,-115.26147,36.269814
27170,7217,-115.28559,36.16719
27171,4421,-115.25605,36.143414
27172,7218,-115.298294,36.077114
27173,4421,-115.278175,36.041817
27174,7219,-115.28553,36.166573
27175,4421,-115.22422,36.12766
27176,4421,-115.30582,36.193813
27177,7220,-115.33349,36.149536
27178,7221,-115.240265,36.19804
27179,7222,-115.25734,36.195675
27180,7223,-115.25998,36.143147
27181,4421,-115.14467,36.17062
27182,6644,-115.17295,36.10156
27183,4421,-115.13539,36.010048
27184,2499,-115.17361,36.109997
27185,2499,-115.17422,36.109562
27186,2499,-115.167725,36.103397
27187,7224,-115.174614,36.130066
27188,4421,-115.13931,36.167286
27189,4421,-115.155235,36.144604
27190,7225,-115.13717,36.082092
27191,4421,-115.225876,36.055565
27192,4421,-115.29132,36.160343
27193,4421,-115.11793,36.01752
27194,7226,-115.05253,36.049995
27195,4421,-115.13931,36.167286
27196,7227,-115.24325,36.076553
27197,7228,-115.297585,36.09778
27198,2499,-80.841965,35.225376
27199,4421,-115.33344,36.150024
27200,4421,-115.27785,36.135544
27201,4421,-115.253624,36.14308
27202,7229,-115.20739,36.154064
27203,7230,-115.30644,36.114285
27204,4421,-115.22587,36.055244
27205,7231,-115.31087,36.15766
27206,4421,-115.24927,36.23926
27207,4421,-115.13577,36.010128
27208,4421,-115.29793,36.101814
27209,7232,-115.332,36.151814
27210,4421,-115.25156,36.14358
27211,4421,-115.14096,36.16953
27212,7233,-115.11136,36.071995
27213,4421,-115.284355,36.138515
27214,7234,-115.17155,36.05243
27215,4421,-115.132225,36.101387
27216,4421,-115.3115,36.158897
27217,4421,-115.15548,36.238903
27218,4421,-115.27986,36.05459
27219,2499,-115.14289,36.143345
27220,4421,-115.27994,36.127228
27221,4421,-115.107475,36.00292
27222,2499,-115.18159,36.107388
27223,4421,-115.15396,36.157898
27224,4421,-115.286934,36.168594
27225,4421,-111.685936,33.320942
27226,4421,-115.20685,36.11581
27227,6644,-115.15387,36.110085
27228,4421,-115.11932,36.011078
27229,4421,-115.13678,36.10622
27230,4421,-115.194405,36.1442
27231,7235,-115.134346,36.10037
27232,7236,-111.86202,33.64167
27233,4421,-115.173996,36.01219
27234,6644,-111.92563,33.49171
27235,4421,-115.1157,36.264076
27236,6644,-115.17618,36.115856
27237,4421,-115.16587,36.126877
27238,7237,-115.17688,36.091255
27239,7238,-115.05954,36.064503
27240,4421,-115.11845,36.005703
27241,4421,-115.12269,36.057693
27242,7239,-115.24285,36.072483
27243,7240,-115.17051,36.108852
27244,4421,-115.08692,36.019207
27245,4421,-115.284355,36.138515
27246,4421,-115.17869,36.06815
27247,4421,-115.13571,36.02764
27248,4421,-115.12861,36.057144
27249,4421,-115.185265,36.125122
27250,4421,-115.119995,36.05885
27251,7241,-115.11504,36.00442
27252,4421,-115.27853,36.057846
27253,4421,-115.17127,36.11288
27254,4421,-115.1283,36.0573
27255,7242,-115.15448,36.11884
27256,7243,-115.25988,36.203743
27257,7244,-115.13656,36.104473
27258,4421,-115.17659,36.091938
27259,4421,-115.05655,36.056915
27260,4421,-115.11257,36.00625
27261,7245,-115.17234,36.110107
27262,4421,-115.24303,36.062855
27263,4421,-115.17737,36.06823
27264,4421,-115.1177,36.017395
27265,6644,-115.176315,36.109913
27266,2499,-115.17669,36.117455
27267,2499,-115.17641,36.11316
27268,6644,-115.17618,36.115856
27269,2499,-115.17321,36.10679
27270,837,-112.34254,33.509476
27271,4421,-115.18163,36.075855
27272,7246,-115.287155,36.278053
27273,4421,-115.19526,36.038773
27274,4421,-115.17205,36.11012
27275,2499,-115.176155,36.09279
27276,7247,-115.177,36.11199
27277,2499,-111.92433,33.49471
27278,2499,-115.17784,36.092987
27279,7248,-115.17581,36.08995
27280,6644,-115.14637,36.124424
27281,7249,-115.16416,36.06009
27282,6644,-115.15094,36.10847
27283,2499,-115.28559,36.16719
27284,6644,-115.17625,36.092876
27285,4421,-115.207535,36.114986
27286,4421,-115.20955,36.12644
27287,2499,-115.17086,36.10993
27288,2499,-115.17277,36.10408
27289,2499,-115.17581,36.08995
27290,2499,-115.141846,36.17241
27291,4,-115.17128,36.11289
27292,2499,-115.17306,36.091965
27293,4421,-115.323814,36.21844
27294,2499,-115.17652,36.11303
27295,7250,-115.175865,36.092865
27296,6644,-115.20734,36.088776
27297,7251,-115.18163,36.075855
27298,837,-115.14277,36.16997
27299,4421,-115.176315,36.109913
27300,837,-112.07908,33.49112
27301,837,-115.16923,36.102325
27302,2499,-115.17103,36.099377
27303,6644,-115.175804,36.09531
27304,7252,-115.176346,36.117317
27305,2499,-89.477135,43.011986
27306,2499,-115.19528,36.11444
27307,6021,-73.55553,45.50283
27308,2499,-115.17054,36.10259
27309,2499,-115.11874,36.084557
27310,4421,-115.19791,36.125908
27311,7253,-115.172424,36.10882
27312,4421,-115.17581,36.08995
27313,4421,-115.27989,36.124878
27314,2499,-115.16866,36.117542
27315,7254,-115.17581,36.08995
27316,6644,-115.16927,36.102562
27317,6644,-115.17704,36.10762
27318,4421,-115.1206,36.0114
27319,7255,-115.17105,36.12595
27320,7256,-115.17124,36.11788
27321,2499,-115.16961,36.121452
27322,6644,-115.173874,36.109753
27323,2499,-115.17704,36.10762
27324,6644,-115.18096,36.29192
27325,4421,-115.17693,36.067665
27326,7257,-115.10254,35.997574
27327,4421,-115.138756,36.11665
27328,2499,-115.17725,36.119125
27329,6644,-115.1613,36.138298
27330,7258,-115.119255,36.02623
27331,4421,-115.20142,36.12633
27332,7259,-115.03799,36.054768
27333,4421,-115.251495,36.143406
27334,4421,-115.14624,36.171215
27335,4421,-115.22456,36.128075
27336,4421,-115.10165,35.995304
27337,4421,-114.962135,36.013103
27338,4421,-114.962135,36.013103
27339,4421,-115.13352,36.166126
27340,2499,-115.232796,36.159645
27341,4421,-115.1752,36.091843
27342,7260,-115.11913,36.08721
27343,4421,-115.20741,36.123623
27344,837,-112.00414,33.495163
27345,6644,-115.173874,36.10978
27346,7261,-115.24354,36.073208
27347,7262,-115.09935,36.100647
27348,4421,-115.28992,36.160503
27349,4421,-115.12309,36.057667
27350,4421,-115.27989,36.12319
27351,4421,-115.138435,36.167526
27352,2499,-115.27973,36.119114
27353,7263,-115.19763,36.12593
27354,4421,-115.099655,36.041813
27355,4421,-115.15323,36.042797
27356,6644,-115.11793,36.018227
27357,7264,-115.138145,36.167904
27358,2499,-115.11952,36.0125
27359,7265,-115.2643,36.142757
27360,4758,-115.1401,36.169327
27361,7266,-115.17618,36.115856
27362,4421,-115.135,36.1155
27363,7267,-115.135,36.1155
27364,4421,-115.11047,36.0034
27365,7268,-115.1068,36.071945
27366,7269,-115.242096,36.041706
27367,4421,-115.17712,36.13198
27368,4421,-115.06262,36.02959
27369,2499,-115.135,36.1155
27370,7270,-115.20888,36.09506
27371,4421,-115.22643,36.10134
27372,837,-115.158325,36.05773
27373,6644,-115.17849,36.10924
27374,4421,-115.13595,36.159363
27375,4421,-115.20964,36.12702
27376,7271,-115.15126,36.1089
27377,4421,-115.13278,36.11422
27378,2499,-115.148315,36.11412
27379,4421,-115.11493,36.114117
27380,4421,-115.15427,36.1187
27381,4421,-115.13694,36.11391
27382,7272,-115.19099,36.038433
27383,7273,-115.10639,36.004
27384,2499,-115.1205,36.11431
27385,4421,-115.24185,36.043034
27386,7274,-115.20628,36.12662
27387,6644,-115.14998,36.1055
27388,7275,-115.24374,36.047146
27389,4421,-115.11952,36.01592
27390,4421,-115.209656,36.127045
27391,4421,-115.29743,36.089844
27392,7276,-115.15265,36.012516
27393,7277,-115.29855,36.078938
27394,4421,-115.11822,36.01443
27395,6644,-115.24186,36.062195
27396,4421,-115.24494,36.143936
27397,7278,-115.101204,35.99359
27398,4421,-115.30076,36.145542
27399,4421,-115.24302,36.036034
27400,4421,-115.24349,36.05007
27401,7279,-115.08384,36.022102
27402,4421,-115.20604,36.27965
27403,2499,-115.177956,36.12037
27404,4421,-115.13221,36.114044
27405,6644,-115.13637,36.108074
27406,4421,-115.15259,36.15145
27407,4421,-115.26203,36.070213
27408,2499,-115.155365,36.14737
27409,4421,-115.243515,36.072624
27410,4421,-115.19622,36.205273
27411,4421,-115.24136,36.0845
27412,4421,-115.30882,36.183144
27413,2499,-115.09115,36.117073
27414,7280,-115.17143,36.135014
27415,4421,-115.15271,36.13732
27416,7281,-115.14418,36.122654
27417,2499,-115.176674,36.090755
27418,2499,-115.173874,36.10978
27419,2499,-115.10377,36.130226
27420,6644,-115.15662,36.14225
27421,6644,-115.176575,36.091194
27422,2499,-115.15126,36.1089
27423,4421,-115.14002,36.16929
27424,7282,-115.119865,36.097946
27425,6644,-115.17345,36.10306
27426,2499,-115.17177,36.11931
27427,4421,-115.1396,36.169117
27428,4421,-115.12697,36.100197
27429,7283,-115.15427,36.1187
27430,2499,-115.15448,36.11884
27431,7284,-115.20198,36.10272
27432,4421,-115.24316,36.076504
27433,7285,-115.05508,36.01792
27434,4421,-115.112,36.10026
27435,4421,-115.22374,36.06325
27436,7286,-115.134575,36.101467
27437,4421,-115.14064,36.167877
27438,2499,-115.17625,36.092876
27439,2499,-115.1457,36.144318
27440,2499,-115.166954,36.106236
27441,2499,-115.15662,36.14225
27442,7287,-73.56809,45.48887
27443,2499,-73.593185,45.522358
27444,2499,-115.16769,36.10302
27445,2499,-80.00245,40.440094
27446,4421,-115.241516,36.064106
27447,2499,-115.16597,36.127857
27448,4421,-115.140465,36.16794
27449,7288,-115.17259,36.112953
27450,4421,-115.13694,36.11391
27451,6644,-115.142395,36.142128
27452,4421,-115.15032,36.10601
27453,4189,-115.16331,36.13711
27454,4421,-115.0452,36.063137
27455,7289,-115.172455,36.106503
27456,7290,-115.16855,36.120895
27457,4421,-115.22045,36.099846
27458,4421,-115.157875,36.142757
27459,4421,-115.17869,36.06815
27460,4421,-115.10925,36.000908
27461,4421,-115.243004,36.098354
27462,4421,-115.10471,36.115803
27463,4421,-115.16997,36.11293
27464,4421,-115.223854,36.060577
27465,7291,-115.29987,36.147263
27466,4421,-115.31363,36.157314
27467,4421,-115.118515,36.019787
27468,2499,-112.27646,33.464348
27469,7292,-115.174324,36.067642
27470,4421,-115.24269,36.04463
27471,4421,-115.13931,36.167286
27472,6644,-115.17143,36.109825
27473,4421,-115.14925,36.105984
27474,4421,-115.178215,36.068935
27475,7293,-115.14156,36.27635
27476,4421,-115.11351,36.12936
27477,6644,-115.17086,36.10993
27478,4421,-115.20575,36.279865
27479,4421,-115.2811,36.114468
27480,4421,-115.11687,36.072422
27481,2499,-115.11806,36.01813
27482,4421,-115.26483,36.004818
27483,4421,-115.135925,36.11814
27484,2499,-3.1886818,55.950645
27485,4421,-115.244156,36.047306
27486,7294,-115.0853,36.021717
27487,7295,-115.14741,36.114876
27488,7296,-115.28559,36.16719
27489,4421,-115.14551,36.12177
27490,2499,-115.13777,36.103626
27491,2499,-115.16901,35.965446
27492,4421,-115.179085,36.11224
27493,4421,-115.15951,36.113438
27494,4421,-115.242714,36.036674
27495,7297,-115.172775,36.117893
27496,4421,-115.102516,36.07862
27497,4421,-114.97673,36.036606
27498,2499,-111.9255,33.434334
27499,4421,-115.209656,36.127045
27500,4421,-115.100845,35.993855
27501,6644,-115.17784,36.092987
27502,4421,-115.17345,36.10306
27503,7298,-115.1694,35.96543
27504,4421,-115.33387,36.152832
27505,4421,-115.04165,36.05552
27506,7299,-115.11805,36.01824
27507,4421,-115.10123,36.018024
27508,4421,-115.11167,36.100384
27509,4421,-115.092384,36.116196
27510,4421,-115.11797,36.01842
27511,7300,-115.12652,36.15846
27512,7301,-115.02765,36.04114
27513,7302,-115.17143,36.109825
27514,6644,-115.17105,36.12595
27515,4421,-115.209656,36.126728
27516,7303,-115.17191,36.11496
27517,4421,-115.17618,36.115856
27518,7304,-115.11775,36.099716
27519,7305,-115.1068,36.071945
27520,4421,-115.04664,36.02288
27521,4421,-115.14573,36.166546
27522,7306,-115.33314,36.156986
27523,4421,-115.10001,35.99528
27524,4421,-115.179535,36.262836
27525,7307,-115.333496,36.15076
27526,7308,-111.96063,33.64
27527,6644,-115.17601,36.104332
27528,7309,-115.16327,36.15204
27529,4421,-115.15716,36.114746
27530,7370,-115.10574,36.072323
27531,4189,-115.17274,36.11424
27532,7310,-115.125404,36.21865
27533,4421,-115.242775,36.05562
27534,6644,-115.18163,36.075855
27535,7311,-115.24133,36.055412
27536,4421,-115.33153,36.160854
27537,6644,-115.176315,36.109913
27538,4421,-115.10359,36.116684
27539,2499,-115.17652,36.11301
27540,4421,-115.178215,36.068935
27541,7312,-115.15086,36.013565
27542,7313,-115.13524,36.02756
27543,7314,-115.11719,36.028934
27544,4421,-115.30727,36.08632
27545,4421,-115.116776,36.020107
27546,4421,-115.26203,36.070213
27547,4421,-115.12309,36.057667
27548,4421,-115.12411,36.022995
27549,4421,-115.120605,36.025345
27550,4421,-115.25078,36.064754
27551,4421,-115.20635,35.995155
27552,4421,-115.04282,36.067123
27553,7315,-115.28009,36.298874
27554,4421,-115.14214,36.17187
27555,4421,-115.11721,36.02025
27556,4421,-115.307304,36.113556
27557,4421,-115.206345,35.994972
27558,2499,-115.33359,36.156094
27559,4421,-115.091934,36.02
27560,7582,-115.17065,36.04064
27561,4421,-115.178215,36.068935
27562,4421,-115.06262,36.02959
27563,4421,-115.13576,36.035084
27564,4421,-115.28992,36.160503
27565,4421,-115.117836,36.028442
27566,7316,-115.29765,36.09471
27567,7317,-115.11797,36.01842
27568,4421,-115.04282,36.067123
27569,4421,-115.13648,36.01165
27570,7318,-115.17712,36.13198
27571,7319,-115.100845,35.993855
27572,4421,-115.11279,36.005222
27573,4421,-115.18908,36.07802
27574,4421,-115.201775,36.126526
27575,4421,-115.29798,36.097534
27576,7320,-115.22587,36.055244
27577,6644,-115.19039,35.98294
27578,4421,-115.2924,36.157043
27579,4421,-115.207245,36.124905
27580,7321,-115.11842,36.274754
27581,4421,-115.271286,36.018726
27582,4421,-115.21002,36.126923
27583,4421,-115.242714,36.036674
27584,4421,-115.11588,36.029297
27585,4421,-115.17713,36.068737
27586,4421,-115.13441,36.166664
27587,4421,-115.241554,36.064533
27588,2499,-115.30517,36.114994
27589,4421,-115.14214,36.17187
27590,4421,-115.18697,36.115337
27591,4421,-115.17684,36.06878
27592,7322,-115.17676,36.10449
27593,7323,-115.17535,36.070137
27594,4421,-115.16915,36.054928
27595,4421,-115.08267,36.069874
27596,4421,-115.272705,36.144665
27597,4421,-115.1177,36.017395
27598,4421,-115.20207,36.090256
27599,2499,-115.11805,36.01824
27600,6644,-115.17028,36.12229
27601,7324,-115.101585,36.00073
27602,4421,-115.17712,36.13198
27603,7325,-115.11048,36.002815
27604,4421,-115.274574,36.130314
27605,4421,-115.14055,36.169167
27606,7326,-115.18048,36.275616
27607,4421,-115.11763,36.016068
27608,4421,-115.15265,36.012516
27609,7327,-115.27839,36.058018
27610,7328,-115.11157,36.00645
27611,2499,-115.173874,36.109753
27612,6644,-115.2478,36.195255
27613,4421,-115.11599,36.027836
27614,6644,-115.17618,36.115856
27615,2499,-115.17028,36.12229
27616,7329,-115.11765,36.01759
27617,6644,-115.17259,36.112953
27618,7330,-115.156425,36.10131
27619,4421,-115.27307,36.103046
27620,6644,-115.17274,36.11424
27621,4421,-115.27069,36.01852
27622,6644,-115.13609,36.01191
27623,4421,-115.11703,36.02034
27624,4421,-115.14963,36.16695
27625,6644,-115.177,36.11199
27626,4421,-115.11779,36.013794
27627,7331,-115.17503,36.143192
27628,7332,-115.173996,36.01219
27629,7333,-115.155594,36.11496
27630,7334,-115.13609,36.01191
27631,4421,-115.08231,36.069843
27632,4421,-111.96528,33.675354
27633,7335,-115.11477,36.239555
27634,4421,-115.2001,36.10189
27635,4421,-115.27777,36.130028
27636,7336,-115.15036,36.01979
27637,7337,-115.249435,36.301983
27638,4421,-115.306274,36.115807
27639,4421,-115.24239,36.0542
27640,7338,-115.16357,36.06084
27641,4421,-115.158325,36.05773
27642,4421,-115.20685,36.11581
27643,837,-115.30727,36.08632
27644,7339,-115.14164,36.169453
27645,7340,-115.24239,36.0542
27646,2499,-115.15374,36.084
27647,4421,-115.173996,36.01219
27648,4421,-115.13714,36.010777
27649,7341,-115.101585,35.99378
27650,4421,-115.04415,36.063168
27651,7342,-115.27988,36.059982
27652,4421,-115.22587,36.055244
27653,4421,-115.15265,36.012516
27654,4421,-115.15265,36.012516
27655,7343,-115.16989,36.10279
27656,4421,-115.244255,36.145123
27657,4421,-115.334816,36.15839
27658,4421,-115.206406,35.998116
27659,7344,-115.30234,36.100346
27660,7345,-115.28217,36.302864
27661,7346,-115.20998,36.126503
27662,4421,-115.22625,36.086525
27663,7347,-115.1779,36.11717
27664,4421,-115.17503,36.143192
27665,4421,-115.175835,36.117725
27666,4421,-115.13656,36.104473
27667,4421,-115.13463,36.161926
27668,7348,-115.28214,36.201843
27669,4421,-115.22555,36.101685
27670,4421,-115.17253,36.112015
27671,4421,-115.25791,36.264744
27672,7349,-115.20964,36.12702
27673,4421,-115.27939,36.219063
27674,4421,-115.33276,36.15119
27675,6644,-115.25988,36.203743
27676,4421,-115.15396,36.157898
27677,7350,-115.25775,36.19565
27678,4421,-115.25175,36.21913
27679,7351,-115.262115,36.196945
27680,7352,-115.25175,36.21913
27681,4421,-115.25904,36.218708
27682,4421,-115.25904,36.218708
27683,4421,-115.26218,36.19653
27684,2499,-115.27784,36.14534
27685,7353,-115.2071,36.271656
27686,4421,-115.17361,36.109997
27687,4421,-115.204994,36.279896
27688,4421,-115.2513,36.263546
27689,7354,-115.17496,36.121323
27690,4421,-115.19201,36.126514
27691,7355,-115.33291,36.14891
27692,7356,-115.325775,36.219326
27693,4421,-115.076256,36.14975
27694,4421,-115.19577,36.10505
27695,4421,-115.298294,36.077114
27696,7357,-115.325645,36.11907
27697,4421,-115.04274,36.06717
27698,7358,-115.333855,36.155964
27699,4421,-115.24157,36.144634
27700,4421,-115.13987,36.168903
27701,4421,-115.27432,36.144367
27702,4421,-115.225945,36.239635
27703,4421,-115.31947,36.15959
27704,4421,-115.11279,36.005222
27705,6644,-115.18331,36.041283
27706,4421,-115.19203,36.126144
27707,7359,-115.20635,35.995155
27708,4421,-115.2796,36.05317
27709,7360,-115.252,36.063618
27710,7361,-115.24385,36.04967
27711,7362,-115.29855,36.078938
27712,7363,-115.244156,35.998432
27713,2499,-115.29864,36.076557
27714,4421,-115.10091,36.042778
27715,4421,-115.11599,36.027836
27716,7364,-115.24536,36.161877
27717,4421,-115.1804,36.293068
27718,2499,-115.22501,36.127296
27719,4421,-115.244835,36.17109
27720,4421,-115.25827,36.21899
27721,7365,-115.30971,36.11463
27722,4421,-115.245514,36.1714
27723,2499,-115.17028,36.12229
27724,6644,-115.17105,36.12595
27725,7366,-115.28655,36.28842
27726,2499,-115.15356,36.156982
27727,4421,-115.10848,36.07861
27728,4421,-115.163,36.113804
27729,7367,-115.33321,36.152905
27730,4421,-115.28553,36.166573
27731,4421,-115.19177,36.12637
27732,4421,-115.173996,36.12161
27733,4421,-115.272705,36.144665
27734,7368,-115.20568,36.158234
27735,7369,-115.1398,36.16868
27736,4421,-115.24508,36.159706
27737,4421,-115.11754,36.01826
27738,4421,-115.27639,36.129875
27739,7371,-115.29747,36.113438
27740,2499,-115.23995,36.14467
27741,2499,-115.30628,36.114822
27742,4421,-115.33387,36.152832
27743,4421,-115.17279,36.11766
27744,7372,-115.21351,36.12623
27745,4421,-115.351524,36.159336
27746,2499,-115.29864,36.076557
27747,4421,-115.083374,36.071457
27748,7373,-115.20272,36.10089
27749,4421,-115.291916,36.15935
27750,4421,-115.32778,36.158222
27751,7374,-115.325775,36.219326
27752,4421,-115.305954,36.112957
27753,4421,-115.190605,36.0418
27754,4421,-115.22625,36.086525
27755,4421,-115.30409,36.19329
27756,4421,-115.2116,36.12568
27757,4421,-115.24359,36.04637
27758,7375,-115.20513,36.27028
27759,7376,-115.11979,36.238106
27760,4421,-115.244156,35.998432
27761,7377,-115.29747,36.11287
27762,4421,-115.17306,36.091965
27763,4421,-115.243324,36.08245
27764,7378,-115.11736,36.014675
27765,7379,-115.16879,36.122967
27766,7380,-115.242485,36.146217
27767,4421,-115.19831,36.12634
27768,2499,-111.92727,33.49783
27769,4421,-115.1388,36.167423
27770,4421,-115.29966,36.14726
27771,4421,-115.29862,36.077145
27772,4421,-115.28331,36.05509
27773,4421,-115.1726,36.118793
27774,4421,-115.20247,36.144047
27775,7381,-115.3352,36.15803
27776,6644,-115.16506,36.068413
27777,4421,-115.13717,36.082092
27778,4421,-115.29864,36.076557
27779,7382,-115.31481,36.121902
27780,4421,-115.167755,36.123943
27781,4421,-115.27994,36.052994
27782,4421,-115.1401,36.169327
27783,4421,-115.300064,36.100872
27784,4421,-115.242615,36.112545
27785,4421,-115.27989,36.124878
27786,7383,-115.30234,36.100346
27787,4421,-115.30234,36.100346
27788,6644,-115.13717,36.082092
27789,2499,-115.16578,36.128788
27790,2499,-115.17676,36.10449
27791,4421,-115.22593,36.12658
27792,4421,-115.198,36.127663
27793,4421,-115.24378,36.087482
27794,4421,-115.273125,36.06686
27795,4421,-115.18163,36.075855
27796,4421,-115.17065,36.04064
27797,4421,-115.28009,36.298874
27798,4421,-115.138504,36.117256
27799,7384,-115.20575,36.279865
27800,4421,-115.28009,36.298874
27801,4421,-115.26447,36.27155
27802,7385,-115.2811,36.114468
27803,4421,-115.27088,36.271507
27804,7386,-115.174324,36.067642
27805,7387,-115.2671,36.264065
27806,4421,-115.33513,36.15711
27807,4421,-115.30866,36.11444
27808,7388,-115.246315,36.042377
27809,7389,-115.242386,36.112858
27810,2499,-79.98588,40.45011
27811,4,-79.91953,40.437683
27812,4,-79.89309,40.489143
27813,2499,-79.98181,40.452312
27814,2499,-80.00268,40.44847
27815,4,-73.58295,45.534657
27816,2499,-79.98373,40.45153
27817,2499,-115.167755,36.123943
27818,4,-79.913895,40.45003
27819,2499,-80.00167,40.441486
27820,7390,-79.955215,40.479675
27821,2499,-80.761215,35.211407
27822,2499,-80.855446,35.215378
27823,7391,-80.83791,35.22758
27824,2499,-80.8412,35.199818
27825,837,-80.74955,35.30387
27826,7392,-115.17051,36.108852
27827,7393,-89.47379,43.051
27828,7394,-89.38912,43.071915
27829,7395,-89.45731,43.036354
27830,7396,-89.45202,43.038074
27831,681,-89.40158,43.06768
27832,7397,-73.57578,45.50141
27833,4421,-111.92667,33.48332
27834,2499,-80.002556,40.442036
27835,837,-111.790375,33.260693
27836,7398,-111.948906,33.507557
27837,7399,-112.03776,33.507843
27838,2499,-112.06779,33.458355
27839,837,-112.165565,33.611652
27840,2499,-112.06518,33.57531
27841,7400,-115.17524,36.09232
27842,7401,-112.08227,33.4657
27843,837,-111.92992,33.6555
27844,6644,-115.1682,36.139454
27845,2499,-112.02769,33.510315
27846,7402,-111.979546,33.640232
27847,837,-111.98451,33.509106
27848,7403,-112.065636,33.44916
27849,7840,-111.9245,33.624264
27850,837,-111.96354,33.349636
27851,7404,-112.073395,33.477222
27852,2499,-115.16994,36.109863
27853,7405,-115.17086,36.10993
27854,837,-115.17229,36.115147
27855,7406,-112.41058,33.550213
27856,837,-111.96528,33.675354
27857,837,-111.98643,33.600227
27858,2499,-115.1752,36.091843
27859,7407,-112.07217,33.455864
27860,837,-112.00285,33.448383
27861,837,-111.88573,33.56917
27862,837,-112.06096,33.50953
27863,837,-111.92562,33.493855
27864,837,-111.92644,33.529903
27865,7408,-111.72624,33.321865
27866,4421,-115.17647,36.14513
27867,7409,-111.924065,33.5797
27868,7410,-111.97917,33.4046
27869,7411,-112.08227,33.4657
27870,4421,-111.908585,33.39378
27871,7412,-112.0739,33.500202
27872,7413,-112.0722,33.45892
27873,837,-111.9397,33.423706
27874,837,-112.06498,33.524887
27875,7414,-112.042145,33.50762
27876,7415,-111.742386,33.301224
27877,2499,-73.616325,45.535477
27878,7416,-111.99559,33.511234
27879,7417,-115.17841,36.06958
27880,837,-111.993385,33.408028
27881,837,-111.85576,33.39053
27882,837,-111.8741,33.31915
27883,6644,-115.17407,36.121197
27884,7418,-112.06466,33.506046
27885,7419,-111.92641,33.655567
27886,2499,-115.174194,36.011425
27887,7420,-111.97495,33.676224
27888,7421,-111.83728,33.587357
27889,837,-112.152054,33.57017
27890,7422,-112.03092,33.630856
27891,7423,-115.173706,36.107292
27892,7424,-115.17628,36.120422
27893,6644,-115.17435,36.118332
27894,7425,-115.17698,36.111977
27895,6644,-115.173874,36.109753
27896,6644,-115.17264,36.11758
27897,6021,-73.56325,45.515038
27898,7426,-115.155556,36.14742
27899,7427,-115.17337,36.104424
27900,6644,-115.155556,36.14742
27901,6644,-115.155556,36.14742
27902,2499,-115.155556,36.14742
27903,7428,-115.155556,36.14742
27904,6644,-115.16348,36.113026
27905,6644,-115.1765,36.10758
27906,2499,-115.17516,36.109875
27907,6644,-115.17421,36.106213
27908,6644,-115.17259,36.112953
27909,4421,-115.173996,36.12161
27910,2499,-115.17767,36.10741
27911,4421,-115.18366,36.04195
27912,6644,-115.17234,36.110107
27913,2499,-115.17022,36.11236
27914,2499,-115.17124,36.11788
27915,6644,-73.59721,45.518276
27916,2499,-115.16904,36.124878
27917,2499,-115.12652,36.15846
27918,6644,-115.16592,36.127502
27919,2499,-111.96472,33.38315
27920,4421,-115.197075,36.12586
27921,4421,-115.17577,36.011356
27922,4421,-115.29646,36.101376
27923,2499,-115.27846,36.134956
27924,2499,-115.172554,36.115673
27925,6644,-115.14289,36.143345
27926,4421,-115.1969,36.12608
27927,7429,-115.17086,36.10993
27928,2499,-115.17601,36.104332
27929,2499,-115.17481,36.10987
27930,2499,-115.14289,36.143345
27931,2499,-115.174355,36.092293
27932,6644,-73.576225,45.479763
27933,2499,-115.167755,36.123943
27934,6644,-115.20888,36.09506
27935,6644,-115.17457,36.11622
27936,7430,-115.17625,36.092876
27937,6644,-73.565056,45.515846
27938,7431,-115.28592,36.1675
27939,6644,-115.175865,36.010883
27940,6644,-115.17315,36.10988
27941,2499,-115.17011,36.12751
27942,4421,-115.25142,36.067112
27943,2499,-115.14289,36.143345
27944,6644,-115.167755,36.123978
27945,6644,-115.209366,36.11818
27946,4421,-115.17389,36.109882
27947,7432,-115.17251,36.11073
27948,6644,-115.17462,36.142902
27949,6644,-115.28703,36.166676
27950,2499,-115.14289,36.143345
27951,6644,-112.357574,33.45569
27952,7433,-115.278175,36.041817
27953,2499,-115.1546,36.11997
27954,2499,-115.1725,36.110065
27955,2499,-115.17278,36.11766
27956,2499,-115.142006,36.17183
27957,6644,-115.11047,36.0034
27958,4421,-115.17124,36.11788
27959,4421,-115.17124,36.11788
27960,6644,-115.174355,36.109806
27961,7434,-115.15126,36.1089
27962,7435,-115.17397,36.10626
27963,4421,-115.225945,36.239635
27964,7436,-115.27994,36.122913
27965,7437,-115.16961,36.121452
27966,4421,-115.14289,36.143345
27967,4421,-115.047195,36.05532
27968,7438,-115.14289,36.143345
27969,7439,-115.23995,36.14467
27970,7440,-115.17641,36.11316
27971,7441,-115.16918,36.10844
27972,6644,-115.14289,36.143345
27973,4421,-115.17535,36.070137
27974,4421,-115.224075,36.12743
27975,4421,-115.14289,36.143345
27976,7442,-115.17345,36.10306
27977,4421,-115.04833,36.05661
27978,4421,-115.18939,36.11789
27979,4421,-115.332825,36.14505
27980,7443,-115.233086,36.159576
27981,7444,-115.30234,36.100346
27982,4421,-115.26541,36.26369
27983,2499,-115.16559,36.12689
27984,7445,-115.16907,36.124435
27985,2499,-115.17632,36.113846
27986,7446,-115.17345,36.10306
27987,2499,-115.17516,36.109875
27988,2499,-115.17278,36.0908
27989,2499,-115.17601,36.104332
27990,6644,-115.14,36.18
27991,2499,-115.17205,36.11012
27992,2499,-115.17669,36.117455
27993,6644,-115.17234,36.110107
27994,6644,-115.17012,36.122276
27995,4421,-115.175896,36.097015
27996,2499,-111.92804,33.49729
27997,2499,-115.19528,36.11444
27998,6644,-115.17259,36.112953
27999,2499,-115.177444,36.11319
28000,2499,-73.57441,45.520267
28001,2499,-115.17453,36.104614
28002,2499,-115.1952,36.11531
28003,4421,-115.2435,36.072044
28004,4421,-115.1613,36.138298
28005,4421,-115.176155,36.09279
28006,7447,-115.17818,36.10713
28007,2499,-111.85926,33.31953
28008,6644,-115.16348,36.113026
28009,2499,-115.17481,36.10987
28010,6644,-115.201775,36.126526
28011,2499,-115.17422,36.109562
28012,7448,-115.17099,36.114353
28013,6644,-115.191826,36.144268
28014,6644,-112.23505,33.633667
28015,2499,-115.17669,36.117455
28016,4421,-115.1779,36.11717
28017,2499,-115.17644,36.09227
28018,2499,-115.17526,36.113125
28019,2499,-115.16254,36.18631
28020,6644,-115.169655,36.12119
28021,2499,-112.02249,33.40667
28022,6644,-115.17413,36.121143
28023,2499,-115.17282,36.161526
28024,2499,-115.17831,36.12849
28025,7449,-115.16821,36.127586
28026,2499,-115.16714,36.126476
28027,7450,-115.27432,36.144367
28028,7451,-115.172455,36.111073
28029,4421,-115.16919,36.105984
28030,4421,-115.270966,36.019173
28031,7452,-115.163155,36.118034
28032,4421,-115.20882,36.11153
28033,7453,-115.17556,36.11377
28034,6644,-115.17382,36.107162
28035,2499,-115.17481,36.10987
28036,2499,-115.16855,36.120895
28037,6644,-114.92266,36.11394
28038,2499,-115.15374,36.084
28039,6644,-115.17575,36.108307
28040,7454,-115.1765,36.10758
28041,2499,-115.17462,36.11694
28042,2499,-115.17704,36.10762
28043,2499,-115.173874,36.109753
28044,837,-115.16296,36.12714
28045,6644,-115.17259,36.112953
28046,4421,-115.17075,36.101788
28047,2499,-115.16937,36.121815
28048,6644,-115.18995,36.12553
28049,2499,-115.16744,36.127686
28050,2499,-112.07086,33.457047
28051,7455,-115.273125,36.06686
28052,7456,-115.17783,36.093067
28053,6644,-115.17322,36.109215
28054,7457,-115.17602,36.094254
28055,7458,-115.173874,36.109753
28056,6644,-115.17618,36.115856
28057,6644,-115.17125,36.10998
28058,6644,-115.177,36.11199
28059,2499,-115.17831,36.12849
28060,7459,-115.17516,36.109875
28061,2499,-115.17229,36.115147
28062,7460,-115.174355,36.109806
28063,2499,-115.17676,36.10449
28064,2499,-115.167694,36.103054
28065,6644,-115.17556,36.098907
28066,4421,-115.17332,36.11567
28067,6644,-115.16923,36.102325
28068,7461,-115.17063,36.12298
28069,2499,-115.17625,36.092876
28070,2499,-115.17332,36.11567
28071,7462,-111.937874,33.6769
28072,6644,-115.17382,36.107162
28073,2499,-115.17011,36.12751
28074,7463,-115.25078,36.064754
28075,4421,-115.136406,36.106606
28076,7464,-115.12315,36.042107
28077,2499,-115.17332,36.11567
28078,2499,-115.17345,36.10306
28079,4421,-115.19265,36.132973
28080,7465,-115.00147,36.271496
28081,7466,-115.18186,36.10503
28082,6644,-115.17435,36.106205
28083,7467,-115.26674,36.272594
28084,7468,-115.18609,36.27883
28085,2499,-115.172485,36.104477
28086,4421,-115.117165,36.016342
28087,2499,-115.17332,36.10583
28088,4421,-115.29321,36.084576
28089,4421,-115.273125,36.06686
28090,7469,-115.20431,35.999184
28091,6644,-115.16671,36.126022
28092,7470,-115.241745,36.07865
28093,4421,-115.16963,36.117516
28094,4421,-115.17613,36.107327
28095,2499,-115.1765,36.10758
28096,2499,-115.173874,36.10978
28097,7471,-115.17516,36.109875
28098,6644,-115.17625,36.092876
28099,7472,-115.17625,36.092876
28100,6644,-111.891266,33.627884
28101,2499,-111.936615,33.37798
28102,2499,-73.57754,45.516373
28103,7473,-115.1756,36.09524
28104,7515,-115.183395,36.127113
28105,7474,-115.17516,36.109875
28106,6644,-115.18697,36.115337
28107,7475,-115.17818,36.10713
28108,8193,-3.2177603,55.94131
28109,6644,-115.17457,36.11622
28110,7476,-115.17618,36.115856
28111,6644,-115.17234,36.110107
28112,2499,-115.13894,36.16672
28113,2499,-115.170616,36.124756
28114,2499,-115.16833,36.127647
28115,7477,-115.17669,36.117455
28116,2499,-115.11931,36.01597
28117,2499,-115.16938,36.12179
28118,2499,-115.17105,36.12595
28119,4421,-115.17202,36.09012
28120,7478,-115.17496,36.121323
28121,2499,-115.16296,36.12714
28122,2499,-115.155754,36.14755
28123,2499,-115.17641,36.11316
28124,2499,-115.17028,36.12229
28125,6644,-115.06269,36.011925
28126,2499,-115.21002,36.126923
28127,7479,-115.17262,36.118378
28128,6644,-115.17669,36.117455
28129,2499,-115.13717,36.082092
28130,7480,-112.07217,33.455864
28131,6644,-115.17033,36.12362
28132,2499,-115.2436,36.072453
28133,7481,-115.2983,36.11527
28134,7482,-115.17234,36.110107
28135,2499,-115.172455,36.111073
28136,7483,-115.17516,36.091866
28137,2499,-115.17022,36.12299
28138,2499,-115.16876,36.12438
28139,7484,-115.209656,36.127045
28140,837,-115.17457,36.11622
28141,2499,-79.893654,40.43257
28142,6644,-115.17618,36.115856
28143,4421,-115.15152,36.10749
28144,7485,-115.14513,36.17488
28145,837,-111.948586,33.33492
28146,7486,-115.17105,36.12595
28147,2499,-115.17019,36.123405
28148,4421,-115.17781,36.093067
28149,6644,-115.17407,36.121197
28150,2499,-115.16866,36.117542
28151,6644,-115.17534,36.11709
28152,7487,-115.145546,36.16966
28153,2499,-115.17041,36.110847
28154,4421,-115.17229,36.115147
28155,2499,-115.173874,36.109753
28156,2499,-115.08639,36.0206
28157,2499,-115.17453,36.112377
28158,6644,-115.17849,36.10924
28159,7488,-115.171005,36.099377
28160,7489,-115.18507,36.102978
28161,2499,-115.17105,36.12595
28162,7490,-115.144745,36.173252
28163,6644,-115.16869,36.127796
28164,6644,-115.17105,36.12595
28165,6644,-115.18163,36.075855
28166,7491,-115.30234,36.100346
28167,7492,-115.17516,36.109875
28168,6644,-115.17105,36.12595
28169,2499,-115.17105,36.12595
28170,4421,-115.17618,36.115856
28171,6644,-115.175835,36.117725
28172,2499,-115.17618,36.115856
28173,2499,-115.14085,36.170055
28174,6644,-115.17262,36.12956
28175,4421,-111.926506,33.496647
28176,7493,-115.17105,36.12595
28177,6644,-115.17089,36.11006
28178,4,-80.00206,40.44228
28179,2499,-73.55172,45.509388
28180,7494,-79.98332,40.451687
28181,2499,-79.94735,40.439247
28182,7495,-79.959946,40.470768
28183,2499,-73.58028,45.526745
28184,2499,-73.57008,45.518185
28185,7496,-80.83791,35.22758
28186,7497,-80.8529,35.19824
28187,2499,-80.825935,35.213448
28188,2499,-89.5035,43.05941
28189,6644,-89.38695,43.07489
28190,681,-89.32401,43.078587
28191,681,-89.380875,43.074425
28192,2499,-89.52701,43.07344
28193,2499,-89.38087,43.07401
28194,7498,-89.220314,43.18294
28195,681,-89.380875,43.074776
28196,681,-89.38956,43.07199
28197,681,-89.38154,43.074726
28198,2499,-115.17557,36.118473
28199,7499,-111.890686,33.546608
28200,7500,-111.8954,33.30398
28201,837,-111.97461,33.678616
28202,6644,-115.17636,36.117344
28203,2499,-115.17603,36.11833
28204,7501,-115.20198,36.10272
28205,2499,-115.25093,36.055206
28206,4421,-115.138504,36.117256
28207,7502,-115.24224,36.180805
28208,2499,-115.174644,36.109913
28209,2499,-115.153496,36.109165
28210,2499,-73.57794,45.49984
28211,2499,-115.17459,36.112022
28212,2499,-115.173874,36.10978
28213,7503,-115.19479,36.114464
28214,2499,-115.19528,36.11444
28215,6644,-115.17259,36.112953
28216,2499,-115.17259,36.112953
28217,2499,-73.55188,45.508717
28218,6644,-115.17676,36.10449
28219,2499,-112.065544,33.4493
28220,4421,-115.17676,36.10449
28221,7504,-115.17012,36.122276
28222,2499,-73.5557,45.499573
28223,2499,-115.15438,36.00038
28224,2499,-115.17516,36.091866
28225,2499,-115.169655,36.12119
28226,2499,-111.842255,33.35158
28227,7505,-115.17421,36.106213
28228,2499,-73.55923,45.50802
28229,2499,-115.17688,36.111946
28230,7506,-115.17641,36.11316
28231,2499,-115.16744,36.127686
28232,2499,-115.155754,36.14755
28233,2499,-115.16744,36.127686
28234,7507,-115.16994,36.109863
28235,2499,-115.17421,36.106213
28236,2499,-115.1725,36.127174
28237,7508,-115.176315,36.109913
28238,6644,-115.17491,36.01144
28239,2499,-115.17481,36.10987
28240,2499,-115.197075,36.12586
28241,2499,-115.17413,36.121143
28242,2499,-115.17386,36.102005
28243,7509,-115.17516,36.109875
28244,7510,-115.173996,36.12207
28245,6644,-115.17143,36.109825
28246,6644,-115.17618,36.115856
28247,6644,-115.17784,36.092987
28248,6644,-115.12652,36.15846
28249,2499,-115.17124,36.11788
28250,7511,-115.173904,36.110092
28251,6644,-115.17575,36.108307
28252,2499,-115.17124,36.11788
28253,2499,-115.33513,36.15711
28254,2499,-115.13717,36.082092
28255,6644,-115.169655,36.12119
28256,6644,-115.1696,36.121452
28257,2499,-115.17858,36.106277
28258,7512,-115.16869,36.127796
28259,6644,-115.14525,36.08316
28260,4421,-115.172554,36.115673
28261,837,-112.187,33.66167
28262,2499,-73.55482,45.507256
28263,2499,-115.17459,36.112022
28264,4421,-115.17613,36.092182
28265,2499,-115.17459,36.112022
28266,6644,-115.173996,36.12161
28267,2499,-115.17652,36.11301
28268,2499,-115.17223,36.110733
28269,4421,-115.17459,36.112022
28270,2499,-115.1752,36.091843
28271,7513,-115.17459,36.112022
28272,4421,-115.17283,36.132774
28273,7514,-115.17191,36.11496
28274,7515,-115.17818,36.10713
28275,2499,-115.17818,36.10713
28276,2499,-115.17459,36.112022
28277,2499,-115.16867,36.123558
28278,6644,-115.17751,36.117035
28279,2499,-115.16559,36.12689
28280,2499,-115.17437,36.10206
28281,7516,-115.17375,36.103863
28282,6644,-115.17419,36.1212
28283,6644,-115.20247,36.144047
28284,7517,-115.11839,36.01761
28285,7518,-115.16855,36.10475
28286,2499,-112.07331,33.45167
28287,6644,-115.197685,36.125946
28288,7519,-73.57752,45.516
28289,6644,-115.163124,36.133614
28290,2499,-115.17725,36.091393
28291,2499,-115.14085,36.170055
28292,6644,-115.16855,36.10475
28293,7520,-115.16908,36.124203
28294,6644,-115.177,36.11199
28295,2499,-115.17516,36.109875
28296,4421,-115.1736,36.101585
28297,8193,-115.17153,36.117573
28298,6644,-115.167755,36.123943
28299,2499,-115.17496,36.121323
28300,2499,-115.17462,36.11694
28301,7521,-115.17397,36.10626
28302,2499,-112.20215,33.49529
28303,2499,-115.244156,36.047306
28304,837,-115.30081,36.14653
28305,837,-111.80486,33.33455
28306,7522,-115.10377,36.130226
28307,2499,-89.388535,43.074997
28308,6644,-115.17253,36.112015
28309,6644,-115.167725,36.103397
28310,2499,-115.175804,36.096684
28311,6644,-115.14637,36.124424
28312,2499,-115.166954,36.106236
28313,6644,-115.17259,36.112953
28314,6644,-115.280624,36.113846
28315,2499,-115.20974,36.114937
28316,6644,-3.195846,55.948772
28317,2499,-115.17332,36.11567
28318,2499,-115.17644,36.116367
28319,6644,-115.16997,36.11293
28320,7524,-115.172485,36.104477
28321,7525,-115.17496,36.121323
28322,7526,-115.170616,36.124756
28323,2499,-115.17516,36.109875
28324,2499,-115.18646,36.11876
28325,2499,-115.17106,36.11242
28326,6644,-115.171776,36.102093
28327,6644,-115.17075,36.101788
28328,6644,-115.17012,36.122276
28329,2499,-115.17253,36.112015
28330,7527,-115.17106,36.11242
28331,7528,-115.17086,36.10993
28332,7529,-115.20964,36.12702
28333,7530,-115.173515,36.103
28334,2499,-80.94421,35.223606
28335,2499,-115.170364,36.127617
28336,2499,-73.5552,45.49941
28337,7531,-115.17305,36.118965
28338,2499,-115.173904,36.110092
28339,2499,-115.17113,36.12856
28340,2499,-115.19695,36.126366
28341,2499,-115.17692,36.106705
28342,2499,-115.17698,36.107407
28343,6644,-115.1768,36.090183
28344,6644,-115.167404,36.126812
28345,7532,-115.17516,36.109875
28346,7533,-115.17516,36.091866
28347,7534,-115.17105,36.12789
28348,6644,-115.180016,36.14181
28349,7535,-115.06269,36.011925
28350,2499,-115.153496,36.109165
28351,2499,-88.230064,40.10959
28352,2499,-115.170906,36.103455
28353,6644,-115.153496,36.109165
28354,4421,-115.17462,36.1098
28355,2499,-73.55448,45.504295
28356,2499,-115.17453,36.112377
28357,2499,-115.175804,36.096684
28358,6644,-115.173775,36.090916
28359,2499,-115.17028,36.12229
28360,7536,-115.12652,36.15846
28361,6644,-115.167755,36.123978
28362,7537,-115.16908,36.124203
28363,6644,-115.05022,36.02248
28364,2499,-115.19534,36.114998
28365,2499,-115.17143,36.109825
28366,2499,-115.17484,36.102894
28367,6644,-115.1746,36.116764
28368,7538,-115.17524,36.116566
28369,2499,-73.57098,45.506298
28370,7539,-115.169754,36.102917
28371,2499,-115.17481,36.10987
28372,7540,-115.172325,36.12454
28373,6644,-115.17493,36.10478
28374,7541,-115.17548,36.098915
28375,4724,-114.91108,35.97191
28376,6644,-115.16456,36.131496
28377,2499,-89.42256,43.034737
28378,2499,-115.17219,36.110775
28379,2499,-115.17674,36.10449
28380,6644,-115.16938,36.10251
28381,7542,-115.09037,36.02096
28382,2499,-115.175316,36.09186
28383,2499,-115.17457,36.11622
28384,7543,-115.176025,36.10461
28385,4421,-115.33344,36.150024
28386,2499,-80.9438,35.221424
28387,7544,-115.174355,36.092293
28388,4421,-111.9259,33.4943
28389,2499,-115.17618,36.115856
28390,7545,-115.17493,36.10478
28391,7546,-115.17548,36.098915
28392,6644,-115.16456,36.131496
28393,7547,-115.170906,36.103455
28394,2499,-115.167755,36.123978
28395,7548,-115.166954,36.106236
28396,2499,-115.16559,36.12689
28397,2499,-115.17087,36.10242
28398,6644,-115.17484,36.102894
28399,6644,-115.176575,36.091194
28400,2499,-115.168816,36.11002
28401,7549,-115.17582,36.11773
28402,6644,-115.17652,36.11301
28403,6644,-115.171005,36.099377
28404,2499,-115.17688,36.111946
28405,2499,-115.17484,36.102894
28406,6644,-115.22625,36.086525
28407,7550,-115.17484,36.102894
28408,7551,-115.179085,36.11224
28409,7552,-115.18644,36.11881
28410,2499,-115.172325,36.12454
28411,6644,-115.1695,36.10743
28412,2499,-115.17063,36.12298
28413,2499,-115.173904,36.110092
28414,6644,-115.17345,36.10306
28415,7553,-115.20888,36.09506
28416,2499,-115.16961,36.121456
28417,2499,-115.172485,36.104477
28418,2499,-115.15289,36.12276
28419,7554,-3.1887088,55.9498
28420,2499,-115.169655,36.12119
28421,7555,-115.17012,36.122276
28422,6644,-115.172554,36.115673
28423,2499,-115.17422,36.109562
28424,2499,-115.01003,36.272373
28425,2499,-115.17106,36.12008
28426,2499,-115.167755,36.123943
28427,2499,-115.17618,36.115856
28428,2499,-115.16961,36.121452
28429,2499,-73.59317,45.52248
28430,6644,-115.17153,36.117573
28431,7556,-115.17849,36.10924
28432,6644,-115.17849,36.10924
28433,6644,-115.17259,36.112953
28434,6644,-115.22625,36.086525
28435,7557,-115.17684,36.1206
28436,2499,-115.169655,36.12119
28437,6644,-115.16961,36.121452
28438,2499,-115.17086,36.10993
28439,7558,-115.18713,36.10689
28440,6644,-115.17322,36.127586
28441,2499,-115.175804,36.096684
28442,6644,-115.16744,36.127686
28443,6644,-115.17419,36.1212
28444,2499,-115.174225,36.121616
28445,6644,-115.173904,36.110092
28446,6644,-115.155754,36.14755
28447,6644,-115.17033,36.12362
28448,2499,-115.01003,36.272373
28449,2499,-115.16923,36.121773
28450,7559,-115.17462,36.11694
28451,2499,-115.17784,36.092987
28452,4421,-115.04505,36.065155
28453,7560,-115.170906,36.103455
28454,4421,-115.1779,36.11717
28455,7561,-115.18918,36.117443
28456,2499,-115.17364,36.121155
28457,2499,-115.174225,36.121616
28458,7562,-115.173874,36.109753
28459,4421,-115.17298,36.12262
28460,7563,-115.17234,36.10353
28461,6644,-115.17688,36.111946
28462,6644,-115.17364,36.121155
28463,6644,-115.17364,36.121155
28464,7564,-115.25826,36.195614
28465,4421,-115.17128,36.11289
28466,4421,-115.27853,36.057846
28467,7565,-115.17178,36.12367
28468,7566,-115.16996,36.10984
28469,7567,-115.04155,36.063816
28470,6644,-115.17315,36.10988
28471,4421,-112.07232,33.457657
28472,6644,-115.16938,36.12179
28473,6644,-111.924095,33.492203
28474,4421,-115.16938,36.12179
28475,7568,-115.167755,36.123943
28476,7569,-115.167,36.12617
28477,7570,-115.332,36.151814
28478,7571,-115.169754,36.102917
28479,2499,-115.167755,36.123943
28480,2499,-115.16938,36.12179
28481,2499,-115.16938,36.12179
28482,2499,-115.17603,36.11833
28483,2499,-115.209656,36.127045
28484,2499,-115.17603,36.11833
28485,4421,-115.22062,36.144825
28486,4421,-115.13639,36.175
28487,6644,-73.55267,45.50793
28488,2499,-115.17179,36.1112
28489,7572,-115.17603,36.11833
28490,2499,-115.17831,36.12849
28491,7573,-115.1725,36.110065
28492,2499,-115.175804,36.09531
28493,2499,-115.17704,36.10762
28494,2499,-115.17556,36.091885
28495,7574,-115.16587,36.126877
28496,6644,-115.17318,36.110085
28497,4421,-115.173874,36.10978
28498,6644,-115.17087,36.10242
28499,6644,-115.18918,36.117443
28500,7575,-115.17462,36.11694
28501,2499,-115.17661,36.097107
28502,6644,-115.17613,36.107327
28503,6644,-115.17022,36.123844
28504,7576,-115.17516,36.091866
28505,7577,-115.171776,36.102093
28506,6644,-115.14007,36.167534
28507,2499,-115.17054,36.10259
28508,6644,-115.17087,36.10242
28509,6644,-115.17075,36.101788
28510,6644,-115.20955,36.12644
28511,4421,-115.17382,36.12537
28512,6766,-115.17087,36.10242
28513,2499,-112.02769,33.510315
28514,4,-73.59486,45.523335
28515,6644,-115.17086,36.10993
28516,7578,-115.16883,36.10201
28517,2499,-115.176575,36.091194
28518,4421,-115.08998,36.020554
28519,6644,-115.17259,36.112953
28520,2499,-115.17457,36.11622
28521,6644,-115.14069,36.169037
28522,2499,-115.169754,36.102917
28523,2499,-115.172554,36.111877
28524,7579,-115.293,36.160576
28525,4421,-115.207146,36.07245
28526,7580,-115.17516,36.109875
28527,7581,-115.163124,36.133614
28528,2499,-115.17704,36.10762
28529,6644,-115.16904,36.124878
28530,2499,-115.17259,36.112953
28531,6644,-115.08266,36.15512
28532,2499,-115.173874,36.10978
28533,4421,-115.22593,36.12658
28534,2499,-115.15387,36.110085
28535,2499,-73.579384,45.498787
28536,6644,-115.17516,36.091866
28537,2499,-115.17167,36.11025
28538,2499,-115.26749,36.143368
28539,6644,-115.17345,36.10306
28540,6644,-115.17076,36.123367
28541,6644,-115.17849,36.10924
28542,2499,-115.17179,36.12469
28543,4421,-115.168144,36.110283
28544,2499,-115.18578,36.116745
28545,2499,-115.166954,36.106236
28546,7582,-115.16901,35.965446
28547,2499,-115.17179,36.12469
28548,2499,-115.16587,36.126877
28549,2499,-115.173904,36.110092
28550,6644,-115.16296,36.12714
28551,2499,-115.14085,36.170055
28552,2499,-115.177,36.11199
28553,6644,-115.167015,36.126884
28554,2499,-115.3115,36.158897
28555,2499,-115.15822,36.161972
28556,4421,-115.17516,36.109875
28557,7583,-115.17332,36.11567
28558,2499,-112.073425,33.447334
28559,7554,-3.195602,55.9491
28560,4421,-115.20959,36.12621
28561,7584,-115.17704,36.10762
28562,2499,-115.17457,36.10259
28563,4421,-115.22501,36.127296
28564,6644,-115.1546,36.11997
28565,6644,-115.24239,36.0542
28566,4421,-115.20744,35.996895
28567,2499,-115.17407,36.12125
28568,2499,-115.172554,36.111877
28569,6644,-115.21232,36.12605
28570,2499,-115.177,36.11199
28571,2499,-73.574394,45.52221
28572,7585,-115.17028,36.12229
28573,4421,-115.16996,36.10984
28574,7586,-115.167755,36.123978
28575,6644,-80.84842,35.224426
28576,2499,-115.17516,36.109875
28577,2499,-111.89673,33.676765
28578,2499,-115.17305,36.118965
28579,7587,-115.17704,36.10762
28580,7588,-115.1684,36.124554
28581,2499,-115.17089,36.11006
28582,2499,-115.30206,36.10069
28583,2499,-115.17462,36.11694
28584,2499,-115.17259,36.112953
28585,2499,-115.20942,36.12682
28586,4421,-115.17684,36.06878
28587,6644,-73.61605,45.536392
28588,2499,-115.17259,36.112953
28589,4421,-115.241516,36.064106
28590,2499,-73.60781,45.470284
28591,4421,-115.24373,36.08461
28592,7589,-73.553795,45.500034
28593,4421,-115.17332,36.11567
28594,7590,-115.242714,36.036674
28595,7591,-115.29494,36.144653
28596,7592,-115.17259,36.112953
28597,2499,-80.69291,35.082596
28598,7593,-115.33299,36.16123
28599,7594,-115.17322,36.109215
28600,4421,-115.2792,36.025677
28601,2499,-115.17516,36.109875
28602,7595,-115.26749,36.02092
28603,7596,-115.17111,35.96575
28604,7597,-115.17501,36.117245
28605,6644,-115.17457,36.11622
28606,7598,-115.17278,36.11766
28607,7599,-115.16821,36.127586
28608,2499,-115.16559,36.12689
28609,2499,-115.168106,36.103798
28610,4421,-115.140305,36.168964
28611,7600,-115.20995,36.12662
28612,4421,-115.17808,36.060097
28613,4421,-115.04797,36.025887
28614,6644,-115.17234,36.10353
28615,6644,-115.1768,36.090183
28616,6644,-115.01003,36.272373
28617,7601,-115.28257,36.198036
28618,6644,-115.16578,36.128788
28619,2499,-115.17767,36.10741
28620,2499,-115.15716,36.114746
28621,6644,-115.17259,36.112953
28622,7602,-115.28992,36.160503
28623,7603,-115.33334,36.16098
28624,4421,-115.17234,36.055244
28625,4421,-115.29939,36.145184
28626,6644,-115.17128,36.11289
28627,6644,-115.17155,36.05243
28628,4421,-115.17229,36.115147
28629,6644,-115.17661,36.095356
28630,7604,-115.17259,36.112953
28631,2499,-115.1775,36.112507
28632,7605,-115.174644,36.109913
28633,4421,-115.20695,35.99532
28634,2499,-115.17271,36.1095
28635,2499,-115.169754,36.102917
28636,7606,-115.175064,36.107677
28637,2499,-115.16442,36.06009
28638,4421,-115.17041,36.110847
28639,4421,-115.29874,36.06994
28640,2499,-115.175804,36.09531
28641,7607,-115.17669,36.117455
28642,7608,-115.33314,36.156986
28643,7609,-115.17259,36.112953
28644,4421,-115.17345,36.10306
28645,4421,-115.17259,36.112953
28646,4421,-115.117836,36.028442
28647,4421,-115.29806,36.07596
28648,4421,-115.2072,36.271782
28649,2499,-115.15387,36.110085
28650,2499,-115.16956,36.05396
28651,2499,-73.57782,45.516148
28652,7610,-115.152756,36.04253
28653,2499,-115.17259,36.099777
28654,7611,-115.17332,36.11567
28655,2499,-115.20142,36.12633
28656,7612,-115.22587,36.055244
28657,837,-115.173874,36.109753
28658,4421,-115.15389,36.156593
28659,6644,-115.17205,36.11012
28660,2499,-115.1563,36.142338
28661,837,-115.163124,36.133614
28662,4421,-115.13441,36.166664
28663,6644,-115.17282,36.161526
28664,7613,-115.172455,36.111073
28665,4421,-115.298294,36.077114
28666,6644,-115.17556,36.098907
28667,4421,-115.08588,36.02942
28668,7614,-115.27856,36.058853
28669,7615,-115.334816,36.155132
28670,6644,-115.163124,36.133614
28671,2499,-115.17234,36.11635
28672,6644,-115.17124,36.11788
28673,4421,-115.20755,36.143238
28674,4421,-115.17089,36.114025
28675,7616,-115.21632,36.143684
28676,2499,-3.195602,55.9491
28677,2499,-3.2408066,55.942234
28678,4421,-115.186584,36.115482
28679,7617,-115.17688,36.111946
28680,7618,-114.93013,36.10203
28681,2499,-115.18219,36.10132
28682,2499,-115.175385,36.093647
28683,2499,-115.177666,36.107014
28684,2499,-115.17661,36.097107
28685,2499,-115.180016,36.14181
28686,8193,-3.1921299,55.94767
28687,2499,-115.20964,36.12702
28688,7619,-115.14568,36.125534
28689,2499,-115.15152,36.10749
28690,2499,-115.176315,36.109913
28691,6644,-115.200645,36.115417
28692,2499,-115.17223,36.067635
28693,2499,-115.176315,36.109913
28694,7620,-115.17354,36.109516
28695,2499,-115.175804,36.09531
28696,2499,-115.180016,36.14181
28697,837,-115.17849,36.10924
28698,6644,-115.17274,36.11424
28699,6644,-115.15475,36.12697
28700,6644,-115.2858,36.158028
28701,2499,-115.1149,36.151794
28702,2499,-115.17556,36.091885
28703,4421,-115.17332,36.11567
28704,6644,-115.154015,36.12784
28705,6644,-115.16923,36.102325
28706,2499,-115.170906,36.103455
28707,2499,-115.177444,36.11319
28708,7621,-115.23995,36.14467
28709,2499,-115.173706,36.107292
28710,2499,-115.15716,36.114746
28711,2499,-115.17516,36.109875
28712,2499,-73.57314,45.517372
28713,837,-112.07093,33.640205
28714,837,-115.16587,36.126877
28715,2499,-115.17127,36.11288
28716,2499,-115.167725,36.103397
28717,7622,-115.10035,35.99595
28718,7623,-73.57754,45.516373
28719,7624,-115.173706,36.107292
28720,2499,-115.15448,36.11884
28721,6644,-115.176315,36.109913
28722,4421,-115.24127,36.084476
28723,4421,-115.20638,36.006573
28724,4421,-115.16845,36.123913
28725,7625,-115.16849,35.96477
28726,806,-115.16899,36.124603
28727,7626,-115.17234,36.110107
28728,2499,-115.15387,36.110085
28729,4421,-115.33513,36.15711
28730,2499,-115.17345,36.10306
28731,4421,-115.087364,36.029713
28732,7627,-115.33276,36.15119
28733,6644,-115.17124,36.11788
28734,4421,-115.30664,36.188248
28735,7628,-115.28142,36.053978
28736,2499,-115.180565,36.14486
28737,4421,-115.136406,36.106606
28738,6644,-73.55188,45.508717
28739,2499,-115.17632,36.113846
28740,2499,-115.16592,36.127518
28741,2499,-115.3115,36.158897
28742,7629,-115.16923,36.121773
28743,2499,-73.57922,45.493843
28744,2499,-73.57754,45.516373
28745,2499,-115.172455,36.12073
28746,6644,-115.17028,36.12229
28747,2499,-115.17849,36.10924
28748,2499,-115.16744,36.127686
28749,2499,-115.16879,36.122967
28750,6644,-115.17501,36.117245
28751,2499,-111.99421,33.434666
28752,2499,-115.16769,36.10302
28753,6644,-115.16858,36.123478
28754,7630,-115.299904,36.115845
28755,4421,-115.27639,36.129875
28756,7631,-115.17618,36.115856
28757,2499,-115.16752,36.122643
28758,2499,-115.1873,36.11812
28759,7632,-115.20635,35.995155
28760,7633,-112.073425,33.447334
28761,7634,-115.17028,36.12229
28762,2499,-111.926445,33.490032
28763,6644,-115.209656,36.127045
28764,2499,-115.17229,36.115147
28765,2499,-115.17028,36.12229
28766,6644,-115.16587,36.126877
28767,837,-115.17028,36.12229
28768,7635,-115.224075,36.12743
28769,837,-115.186485,36.1187
28770,4421,-115.17028,36.12229
28771,6644,-115.17096,36.112534
28772,2070,-111.93007,33.378265
28773,6644,-115.15323,36.042797
28774,4421,-115.11698,36.009254
28775,2499,-115.17698,36.107407
28776,6644,-115.17618,36.115856
28777,4421,-115.207245,36.124905
28778,4421,-115.14007,36.167534
28779,4421,-115.17698,36.111977
28780,7636,-115.091934,36.02
28781,7637,-115.16876,36.12438
28782,7638,-111.92492,33.62348
28783,7639,-115.33387,36.152832
28784,7640,-115.179085,36.11224
28785,7641,-115.17661,36.097107
28786,837,-111.72392,33.32106
28787,2499,-115.17457,36.11622
28788,4421,-115.17054,36.10259
28789,4421,-115.15261,36.151554
28790,4421,-115.11874,36.084557
28791,4421,-115.17264,36.11758
28792,4421,-115.17526,36.113125
28793,2499,-115.17374,36.10743
28794,2499,-115.175285,36.06618
28795,4421,-115.22587,36.055244
28796,4421,-115.18163,36.075855
28797,2499,-115.13902,36.088516
28798,2499,-115.17264,36.11758
28799,2499,-115.17278,36.11766
28800,7642,-115.17818,36.10713
28801,2499,-115.14335,36.171127
28802,837,-111.84253,33.303234
28803,2499,-115.15259,36.108295
28804,6644,-115.11793,36.018227
28805,4421,-115.17704,36.10762
28806,6644,-115.168144,36.110283
28807,4421,-115.11757,36.10067
28808,7643,-111.78948,33.37299
28809,7644,-111.92697,33.462616
28810,2499,-115.1765,36.10758
28811,2499,-73.59412,45.52164
28812,6644,-115.17127,36.11288
28813,6644,-115.1677,36.125965
28814,2499,-73.6258,45.52471
28815,2499,-115.16907,36.124435
28816,2499,-115.17075,36.101788
28817,7645,-73.57556,45.546997
28818,7646,-115.17767,36.10741
28819,681,-89.38354,43.07628
28820,2499,-115.16456,36.131496
28821,2499,-115.167755,36.123943
28822,2499,-115.209656,36.126728
28823,2499,-115.18713,36.10689
28824,2499,-115.17315,36.10988
28825,7647,-115.15531,36.11022
28826,6644,-115.17698,36.107407
28827,2499,-115.1746,36.116764
28828,2499,-115.17179,36.1112
28829,2499,-80.84446,35.202034
28830,2499,-115.17462,36.11694
28831,7648,-115.17818,36.106815
28832,4421,-115.172295,36.127068
28833,837,-115.17787,36.11706
28834,6644,-115.17767,36.10741
28835,4421,-115.17128,36.11289
28836,6644,-115.19233,36.12587
28837,2499,-115.15152,36.10749
28838,7649,-115.15152,36.10749
28839,2499,-115.15152,36.10749
28840,4421,-115.19242,36.12601
28841,2499,-73.59317,45.52248
28842,2499,-115.19479,36.114464
28843,4421,-115.117096,36.016495
28844,2499,-115.17712,36.13198
28845,4421,-115.17516,36.091866
28846,6644,-115.15152,36.10749
28847,4421,-115.132935,36.16576
28848,7650,-115.33272,36.14874
28849,2499,-111.921684,33.582222
28850,7651,-112.2539,33.652645
28851,837,-112.07127,33.508995
28852,2499,-112.17426,33.63955
28853,837,-111.99478,33.626686
28854,7652,-112.10023,33.626423
28855,837,-112.06899,33.45917
28856,6644,-115.1978,36.1269
28857,837,-112.18537,33.610764
28858,7653,-112.34503,33.463116
28859,7654,-115.175865,36.092865
28860,2499,-115.17395,36.11303
28861,6644,-115.207664,36.13174
28862,7655,-115.172554,36.10907
28863,2499,-115.19447,36.126015
28864,7656,-115.17167,36.11025
28865,7657,-115.22349,36.125526
28866,2499,-115.17516,36.109875
28867,2499,-115.167404,36.126812
28868,6644,-115.17516,36.109875
28869,7658,-115.172424,36.124573
28870,7659,-115.163155,36.118034
28871,7660,-115.17419,36.1212
28872,7661,-115.157875,36.142757
28873,7662,-115.13717,36.082092
28874,6644,-115.17262,36.12956
28875,7663,-115.177,36.11199
28876,2499,-115.17641,36.11316
28877,4421,-115.18657,36.118774
28878,4421,-73.54972,45.55963
28879,2499,-115.16296,36.12714
28880,2499,-115.334816,36.15839
28881,7664,-115.17457,36.11622
28882,2499,-115.17167,36.11025
28883,2499,-115.17457,36.11622
28884,7665,-115.17278,36.0908
28885,837,-115.17113,36.12856
28886,7666,-115.30114,36.09934
28887,6021,-115.14141,36.172146
28888,837,-115.17493,36.10478
28889,6644,-115.1752,36.091843
28890,4421,-115.22455,36.238483
28891,4421,-115.10561,36.00054
28892,7667,-115.17286,36.127224
28893,7668,-115.17167,36.11025
28894,6644,-115.17167,36.11025
28895,7669,-115.1725,36.110065
28896,2499,-115.167,36.12617
28897,2499,-115.17178,36.115025
28898,7670,-115.17028,36.12433
28899,2499,-115.153564,36.157665
28900,2499,-115.13988,36.1688
28901,2499,-115.17028,36.12433
28902,7671,-115.072075,36.07385
28903,681,-89.49478,43.104088
28904,2499,-115.17089,36.114025
28905,6644,-115.17516,36.109875
28906,2499,-115.17647,36.14513
28907,2499,-115.16296,36.12714
28908,6644,-115.173874,36.10978
28909,2499,-115.17223,36.105675
28910,6644,-115.17516,36.109875
28911,6644,-115.13122,36.19326
28912,2499,-115.17203,36.11494
28913,6644,-115.15951,36.113438
28914,2499,-115.17405,36.109875
28915,2499,-115.17669,36.117455
28916,2499,-115.176704,36.09028
28917,7672,-115.280426,36.056282
28918,4421,-115.16591,36.127495
28919,7673,-115.1768,36.090183
28920,6644,-111.997826,33.43523
28921,4421,-115.177,36.11199
28922,7674,-115.17389,36.109882
28923,7675,-112.029564,33.516068
28924,7676,-115.18609,36.27883
28925,6644,-115.175026,36.121967
28926,4421,-115.293,36.160576
28927,6644,-115.12652,36.15846
28928,4421,-115.17712,36.13198
28929,7677,-115.17141,36.11752
28930,7678,-115.188286,36.145744
28931,7679,-115.29987,36.147263
28932,7680,-115.30617,36.113316
28933,2499,-115.18219,36.10132
28934,7681,-115.141884,36.16918
28935,2499,-115.20955,36.12644
28936,2499,-115.17124,36.11788
28937,7682,-115.28773,36.290314
28938,7683,-115.2001,36.10189
28939,6644,-115.19534,36.114998
28940,7684,-115.19534,36.114998
28941,6644,-115.16671,36.126022
28942,7685,-115.173515,36.103
28943,6644,-115.179085,36.11224
28944,2499,-115.177666,36.107014
28945,6644,-115.13894,36.16672
28946,2499,-73.560776,45.507214
28947,6644,-115.1765,36.10758
28948,2499,-111.95493,33.407665
28949,2499,-115.16296,36.12714
28950,2499,-115.16855,36.120895
28951,837,-115.22587,36.055244
28952,6644,-115.175865,36.092865
28953,6644,-115.169754,36.102917
28954,7686,-115.24262,36.195274
28955,6644,-115.170906,36.103455
28956,7687,-115.171165,36.117874
28957,4421,-115.05501,36.015766
28958,4421,-115.26203,36.070213
28959,2499,-115.1736,36.101585
28960,6644,-115.17692,36.106655
28961,6644,-115.17124,36.11788
28962,4421,-115.203186,36.09046
28963,2499,-80.84693,35.22586
28964,4421,-115.175865,36.092865
28965,7688,-115.174324,36.067642
28966,4421,-115.086464,36.02119
28967,4421,-115.17693,36.068497
28968,6644,-115.17737,36.107616
28969,7689,-115.2072,36.271782
28970,4552,-115.08998,36.020554
28971,6644,-115.2833,36.05521
28972,6644,-115.17333,36.119556
28973,7690,-115.16866,36.117542
28974,2499,-115.17086,36.10993
28975,7691,-115.17688,36.111946
28976,6644,-115.17516,36.109875
28977,2499,-73.57754,45.516373
28978,2499,-115.16559,36.12689
28979,7692,-115.20227,36.10571
28980,2499,-115.17669,36.117455
28981,2499,-115.16997,36.11293
28982,6644,-115.1613,36.138298
28983,7693,-115.24262,36.195274
28984,4421,-115.157875,36.142757
28985,2499,-115.17012,36.122276
28986,2499,-111.98597,33.44858
28987,6644,-115.17345,36.10306
28988,2499,-115.16961,36.121452
28989,4421,-115.1953,36.082497
28990,4421,-115.277664,36.02164
28991,7694,-115.201416,36.14358
28992,7695,-115.17841,36.06958
28993,4421,-115.17815,36.06713
28994,7696,-111.70818,33.58793
28995,837,-111.96727,33.34659
28996,7697,-111.87436,33.336075
28997,7698,-111.85944,33.260887
28998,7699,-111.921684,33.582222
28999,7700,-111.91744,33.69869
29000,4421,-115.11793,36.018227
29001,4421,-115.08566,36.02736
29002,4421,-115.278175,36.041817
29003,2499,-115.16841,36.12458
29004,6644,-115.17516,36.109875
29005,2499,-115.167404,36.126812
29006,6644,-115.167015,36.126884
29007,2499,-115.15734,36.14359
29008,2499,-115.177086,36.106762
29009,7701,-115.18291,35.972897
29010,7702,-115.17278,36.11766
29011,681,-89.266815,43.16455
29012,2499,-115.17375,36.103863
29013,7703,-115.17457,36.11622
29014,2499,-115.22438,36.048576
29015,7704,-115.09974,35.995144
29016,6644,-115.173874,36.10978
29017,6644,-115.17704,36.10762
29018,837,-111.96407,33.67421
29019,2499,-115.176704,36.09028
29020,2522,-112.357574,33.45569
29021,7705,-111.686104,33.38569
29022,7706,-111.94858,33.832657
29023,4421,-115.209656,36.126728
29024,6644,-115.17669,36.117455
29025,2499,-111.92727,33.49783
29026,2499,-80.838165,35.23109
29027,7707,-112.0144,33.510056
29028,837,-112.04641,33.509434
29029,837,-112.045784,33.507767
29030,837,-111.82268,33.322666
29031,837,-111.84763,33.378475
29032,837,-111.91182,33.322376
29033,7708,-111.859726,33.339962
29034,837,-111.790115,33.356728
29035,837,-111.92575,33.479183
29036,837,-111.92555,33.564976
29037,837,-111.85926,33.31953
29038,837,-111.95149,33.42273
29039,7709,-111.97867,33.667458
29040,837,-112.08711,33.45496
29041,837,-112.01691,33.448673
29042,837,-112.00845,33.581757
29043,837,-112.112274,33.71109
29044,7710,-112.07308,33.56747
29045,837,-111.92328,33.676228
29046,7711,-115.17582,36.09558
29047,837,-111.92727,33.49783
29048,4421,-115.107544,36.00268
29049,2499,-115.17086,36.10993
29050,1149,-111.92555,33.564976
29051,837,-111.63531,33.362576
29052,4421,-115.13988,36.1688
29053,7712,-111.78968,33.361633
29054,4421,-115.17535,36.070137
29055,4421,-115.17582,36.11773
29056,7713,-115.17737,36.107616
29057,7714,-115.22638,36.1432
29058,2499,-115.17618,36.115856
29059,7715,-115.21351,36.12623
29060,7716,-115.2811,36.114468
29061,2499,-115.18982,36.143955
29062,4421,-115.13056,36.10134
29063,4421,-115.30615,36.114666
29064,7717,-115.17457,36.127308
29065,7718,-115.16901,35.965446
29066,2499,-115.1715,36.127525
29067,6644,-115.157875,36.142757
29068,6644,-115.17234,36.110107
29069,2499,-115.19559,36.114346
29070,2499,-80.94256,35.22035
29071,4421,-115.17704,36.10762
29072,2499,-115.17306,36.091965
29073,2499,-111.994545,33.43402
29074,2499,-115.16631,36.12757
29075,6644,-115.16961,36.121452
29076,4421,-115.22496,36.069824
29077,4421,-115.17704,36.10762
29078,2499,-112.02769,33.510315
29079,2499,-115.17421,36.106213
29080,7719,-115.17577,36.011356
29081,2499,-115.17818,36.106815
29082,6644,-111.899635,33.554825
29083,7720,-115.17632,36.113846
29084,2499,-115.172424,36.101204
29085,4421,-79.99644,40.44395
29086,8193,-3.1878982,55.94926
29087,2499,-115.17337,36.104424
29088,2499,-73.556335,45.501198
29089,7721,-115.16559,36.12689
29090,2499,-111.94413,33.402504
29091,7722,-115.33321,36.152905
29092,7723,-115.16923,36.102325
29093,7724,-115.22447,36.047886
29094,7725,-115.16559,36.12689
29095,7726,-115.17767,36.10741
29096,681,-89.39035,43.07438
29097,4421,-115.15387,36.110085
29098,2499,-115.19826,36.11444
29099,2499,-115.177,36.11199
29100,2499,-73.57518,45.483097
29101,7727,-115.22587,36.055244
29102,837,-111.8871,33.547974
29103,7728,-111.84248,33.246338
29104,2499,-80.843094,35.22526
29105,7729,-111.883736,33.583702
29106,2499,-115.16456,36.131496
29107,7730,-115.153595,36.011986
29108,4421,-115.27994,36.052994
29109,4421,-115.2431,36.124302
29110,4421,-115.273125,36.06686
29111,2499,-73.57553,45.515884
29112,2499,-80.94419,35.007748
29113,4421,-115.15254,36.151268
29114,2499,-115.15323,36.042797
29115,4421,-115.132225,36.101387
29116,4421,-115.33896,36.151318
29117,4421,-115.24374,36.047146
29118,7731,-115.20312,36.27793
29119,7732,-115.24186,36.062195
29120,2499,-79.913895,40.45003
29121,4421,-115.26921,36.159355
29122,7733,-115.174416,36.127724
29123,7734,-115.170616,36.124756
29124,7735,-115.18939,36.11789
29125,837,-111.92555,33.564976
29126,1353,-111.9759,33.495018
29127,837,-111.99565,33.502758
29128,7737,-111.757416,33.30427
29129,837,-112.06096,33.50953
29130,4421,-115.117744,36.010067
29131,7738,-111.97461,33.678616
29132,837,-112.06877,33.485413
29133,4421,-115.14255,36.142525
29134,7739,-115.16591,36.127495
29135,7740,-112.07551,33.449596
29136,837,-111.945366,33.8322
29137,2499,-73.56035,45.50724
29138,7741,-115.1694,35.96543
29139,7742,-115.16348,36.113026
29140,837,-111.68451,33.285202
29141,2499,-115.28929,36.16367
29142,2499,-115.15261,36.151554
29143,7743,-80.956856,35.119568
29144,7744,-80.85239,35.053368
29145,7745,-80.86115,35.209026
29146,7746,-80.81337,35.220215
29147,7747,-88.20865,40.111958
29148,837,-112.14236,33.713364
29149,6644,-115.15505,36.13074
29150,2499,-115.15531,36.11022
29151,4421,-115.16269,36.144295
29152,7748,-111.864815,33.611557
29153,4421,-115.11822,36.01443
29154,837,-115.16845,36.123913
29155,7749,-115.17106,36.12008
29156,6644,-115.18657,36.118774
29157,2499,-115.17124,36.11788
29158,6644,-115.17538,36.09194
29159,6644,-115.145004,36.173058
29160,2499,-115.17054,36.10259
29161,7750,-115.17534,36.11709
29162,7751,-115.27121,36.31771
29163,7752,-111.74079,33.377853
29164,4421,-115.28788,36.055676
29165,7753,-115.16841,36.113533
29166,4421,-115.27994,36.052994
29167,4421,-115.14064,36.167877
29168,7754,-111.92582,33.497734
29169,7755,-115.12092,36.240192
29170,4421,-115.17054,36.10259
29171,837,-111.92632,33.494377
29172,7756,-115.29494,36.144653
29173,4421,-115.334236,36.145416
29174,4421,-115.27846,36.134956
29175,4421,-115.31464,36.10061
29176,4421,-115.14624,36.171215
29177,7757,-115.08639,36.0206
29178,4421,-115.11793,36.01752
29179,7758,-115.190605,36.0418
29180,4421,-114.987305,36.036503
29181,4421,-115.29776,36.097992
29182,2499,-115.16915,36.054928
29183,7759,-111.59864,33.38231
29184,4421,-115.20942,36.142094
29185,4421,-115.1149,36.028095
29186,837,-112.11054,33.64068
29187,837,-112.25456,33.478016
29188,4421,-115.33314,36.156986
29189,7760,-112.36525,33.638256
29190,7761,-115.17753,36.10671
29191,4421,-115.29991,36.084564
29192,4421,-115.17407,36.121197
29193,4421,-115.112,36.10026
29194,4421,-115.168526,35.96478
29195,7762,-115.29987,36.147263
29196,2499,-115.30182,36.14495
29197,7763,-115.11793,36.01752
29198,7764,-115.17386,36.102005
29199,4371,-115.25988,36.203743
29200,4421,-115.2068,35.99513
29201,4,-79.95085,40.450356
29202,4,-79.98736,40.427223
29203,63,-79.96413,40.46707
29204,7765,-79.95151,40.482456
29205,4421,-115.30882,36.183144
29206,7766,-111.929245,33.65774
29207,2730,-115.17332,36.11567
29208,837,-112.111786,33.687145
29209,6644,-115.2435,36.072044
29210,4421,-115.3115,36.158897
29211,4421,-115.15295,36.107204
29212,4421,-115.13988,36.1688
29213,837,-111.7232,33.232613
29214,837,-111.97698,33.34888
29215,837,-111.68856,33.38023
29216,837,-111.8989,33.306488
29217,7767,-115.29743,36.089844
29218,4421,-115.148315,36.11412
29219,837,-111.913055,33.36342
29220,4421,-111.99538,33.44852
29221,837,-112.00008,33.495438
29222,7768,-112.07371,33.456326
29223,837,-112.03788,33.509254
29224,2499,-115.334816,36.155132
29225,4421,-115.17051,36.108852
29226,4421,-115.11279,36.005222
29227,1430,-111.908585,33.39378
29228,2499,-115.175896,36.093586
29229,7769,-112.26963,33.464386
29230,7770,-112.261604,33.534298
29231,7771,-111.98229,33.599663
29232,7772,-111.890686,33.546608
29233,7773,-112.38717,33.63924
29234,837,-112.03369,33.495106
29235,4421,-115.30121,36.099983
29236,4421,-115.280426,36.056282
29237,7774,-115.10639,36.004
29238,4421,-115.2991,36.145622
29239,7775,-115.325775,36.219326
29240,7776,-115.24349,36.05007
29241,7777,-115.20888,36.09506
29242,7778,-115.15271,36.108807
29243,4421,-115.33451,36.156906
29244,7779,-80.81206,35.241146
29245,545,-80.82412,35.204514
29246,4,-80.00111,40.443146
29247,4,-79.97682,40.428272
29248,7780,-73.580894,45.4972
29249,6644,-115.17124,36.11788
29250,7781,-111.925064,33.61855
29251,7782,-111.87686,33.54105
29252,837,-112.04751,33.52433
29253,4421,-115.2072,36.271782
29254,2499,-80.828545,35.15261
29255,2499,-80.8412,35.199818
29256,7783,-80.77077,35.052982
29257,2499,-73.56512,45.499573
29258,6644,-73.56715,45.50794
29259,4421,-115.29826,36.07897
29260,7784,-115.30206,36.10069
29261,6644,-115.11904,36.03436
29262,1142,-112.07397,33.513077
29263,7785,-112.0741,33.506855
29264,7786,-112.26989,33.553776
29265,837,-112.35314,33.45399
29266,2499,-111.92492,33.62348
29267,837,-112.51287,33.49592
29268,7787,-111.842354,33.302902
29269,7788,-111.92478,33.68526
29270,837,-111.98907,33.59956
29271,4421,-115.24185,36.043034
29272,4421,-115.3158,36.29146
29273,4421,-115.28009,36.298874
29274,7789,-111.790085,33.35524
29275,4421,-115.17155,36.05199
29276,7790,-115.17457,36.11622
29277,7791,-115.11157,36.00645
29278,4421,-115.15301,36.01309
29279,4421,-115.26186,36.11331
29280,7792,-115.178,36.068428
29281,7793,-115.13595,36.105026
29282,7794,-115.15321,36.10895
29283,4421,-115.1873,36.11812
29284,7795,-111.875984,33.413902
29285,2499,-80.848076,35.22434
29286,837,-112.170334,33.46561
29287,7796,-115.344696,36.169044
29288,7797,-115.33271,36.15179
29289,4421,-115.15141,36.136284
29290,7798,-115.17128,36.11289
29291,7799,-115.27752,36.144516
29292,4421,-115.332825,36.14505
29293,2499,-80.86122,35.21396
29294,681,-89.40158,43.06768
29295,837,-111.74355,33.307823
29296,837,-111.78376,33.334938
29297,4421,-115.12816,36.100746
29298,7800,-115.26041,36.143772
29299,7801,-80.83967,35.228985
29300,837,-112.037506,33.509693
29301,4421,-115.22434,36.062725
29302,7802,-112.27646,33.464348
29303,7803,-115.293,36.160576
29304,7804,-115.17337,36.104424
29305,837,-111.90753,33.392403
29306,6644,-115.11797,36.01842
29307,4421,-115.18343,36.041916
29308,7805,-115.218285,36.126507
29309,4421,-115.23995,36.14467
29310,7806,-115.27777,36.130028
29311,4421,-115.22381,36.115894
29312,4421,-115.241516,36.064106
29313,4421,-115.13931,36.167286
29314,7807,-115.243866,36.086548
29315,7808,-115.17345,36.10306
29316,4421,-115.06262,36.02959
29317,4421,-115.09935,36.100647
29318,7809,-115.17556,36.098907
29319,4421,-115.242165,36.05671
29320,6644,-115.30517,36.114994
29321,4421,-115.33271,36.15179
29322,7810,-115.138504,36.117256
29323,4421,-115.17692,36.106655
29324,7811,-115.332,36.151814
29325,6644,-115.17155,36.05243
29326,7812,-115.24186,36.062195
29327,6644,-115.17155,36.05243
29328,6644,-115.14471,36.17297
29329,7813,-115.286644,36.277836
29330,2499,-115.20734,36.088776
29331,4421,-115.24136,36.0845
29332,7814,-115.16879,36.122967
29333,7815,-115.27944,36.123875
29334,2499,-115.16961,36.121456
29335,4421,-115.16961,36.121456
29336,837,-111.92706,33.30481
29337,837,-112.120384,33.66752
29338,4421,-111.7534,33.3807
29339,7816,-80.67065,35.28332
29340,7817,-111.83743,33.415432
29341,3026,-111.85407,33.39349
29342,7818,-111.842026,33.302025
29343,7819,-111.90133,33.297695
29344,7820,-80.8585,35.211533
29345,7821,-111.98837,33.495483
29346,7822,-111.92514,33.542786
29347,7823,-80.83798,35.227764
29348,2499,-115.17124,36.11788
29349,4421,-115.118416,36.025414
29350,7824,-115.11793,36.01752
29351,7825,-112.07405,33.44995
29352,4421,-115.219246,36.143974
29353,4421,-115.26674,36.272594
29354,4421,-115.2782,36.108463
29355,7826,-115.28672,36.167316
29356,4421,-115.2249,36.047733
29357,2499,-80.855446,35.215378
29358,837,-115.17143,36.135014
29359,2499,-112.13424,33.625828
29360,4421,-115.15627,36.14684
29361,7827,-115.00147,36.271496
29362,4397,-115.19,36.23888
29363,7828,-115.17124,36.11788
29364,2499,-115.036026,36.061783
29365,4421,-115.115486,36.268105
29366,4421,-115.20719,36.277145
29367,4421,-115.2092,36.246758
29368,7829,-111.84258,33.299873
29369,4421,-115.04548,36.060318
29370,6644,-115.15254,36.151268
29371,837,-112.06466,33.506046
29372,837,-112.01427,33.530174
29373,2499,-3.196746,55.947525
29374,837,-112.11092,33.71298
29375,7830,-112.09771,33.538204
29376,2499,-115.298256,36.09195
29377,4421,-115.22062,36.144825
29378,837,-112.01291,33.39068
29379,6644,-115.176315,36.109913
29380,4421,-115.13609,36.116165
29381,4421,-115.11646,36.158314
29382,7831,-115.201775,36.126526
29383,2499,-73.59507,45.523026
29384,4421,-115.16442,36.06009
29385,7832,-115.209656,36.127045
29386,4449,-115.178215,36.068935
29387,837,-111.92177,33.636818
29388,4421,-115.270836,36.115585
29389,4421,-115.21327,36.12656
29390,7833,-115.2916,36.053307
29391,7834,-115.25953,36.26515
29392,2499,-88.238914,40.110374
29393,3791,-111.90998,33.347878
29394,6644,-115.22455,36.238483
29395,4421,-115.278175,36.041817
29396,7835,-115.17262,36.118378
29397,2499,-115.17191,36.11496
29398,7836,-111.92563,33.49171
29399,837,-112.358826,33.46646
29400,7837,-115.20749,35.999523
29401,7838,-111.724396,33.380516
29402,7839,-112.06599,33.4651
29403,837,-115.04548,36.060318
29404,837,-112.01307,33.610554
29405,837,-111.92646,33.798073
29406,4421,-115.11617,36.00676
29407,7841,-73.580086,45.492973
29408,7842,-115.22465,36.12686
29409,2499,-115.15254,36.151268
29410,4421,-115.31723,36.158825
29411,4421,-115.28703,36.166676
29412,6021,-73.5923,45.474182
29413,7843,-115.17278,36.11766
29414,4421,-115.24401,36.04602
29415,7844,-115.0833,36.00489
29416,7845,-115.17815,36.06713
29417,4421,-115.22581,36.055252
29418,7846,-115.271904,36.2331
29419,4421,-115.13463,36.161926
29420,4421,-115.1197,36.012512
29421,4421,-115.10925,36.000908
29422,4421,-115.10866,36.001587
29423,4421,-115.0833,36.00489
29424,7847,-111.94039,33.421387
29425,4421,-115.22461,36.05132
29426,7848,-115.33267,36.151546
29427,4421,-115.271286,36.018726
29428,4421,-115.33278,36.150646
29429,4421,-115.24185,36.2022
29430,4421,-115.20635,35.995155
29431,7849,-112.15378,33.568226
29432,4421,-115.27777,36.130028
29433,4421,-115.17849,36.10924
29434,6644,-111.73315,33.36139
29435,6644,-115.16587,36.126877
29436,7850,-112.13459,33.595837
29437,7851,-115.25953,36.26515
29438,7852,-115.07337,36.21706
29439,4421,-115.23752,36.14488
29440,4421,-115.273125,36.06686
29441,7853,-115.28576,36.15842
29442,7854,-115.334816,36.155132
29443,2499,-115.173874,36.109753
29444,837,-112.358765,33.507095
29445,837,-112.42433,33.623653
29446,837,-112.34056,33.467358
29447,837,-112.24049,33.423298
29448,6644,-112.07358,33.442486
29449,2499,-115.173904,36.110092
29450,4421,-115.11736,36.014675
29451,837,-111.85969,33.336014
29452,7855,-111.753044,33.392246
29453,837,-111.74367,33.29674
29454,4421,-115.17177,36.11931
29455,4421,-115.17751,36.117035
29456,4421,-115.33278,36.150646
29457,4421,-115.15261,36.151554
29458,7856,-115.04165,36.05552
29459,4421,-115.28627,36.16728
29460,7857,-115.19005,35.983765
29461,7858,-115.11491,36.02818
29462,4421,-115.20964,36.12702
29463,4421,-115.11763,36.016068
29464,7859,-112.07409,33.4975
29465,4421,-115.24371,36.05824
29466,4421,-115.24287,36.044266
29467,4421,-115.260666,36.014347
29468,4421,-115.18163,36.075855
29469,4421,-115.17466,36.02949
29470,4421,-115.27634,36.054306
29471,4421,-115.243324,36.08245
29472,7860,-115.33553,36.14631
29473,7861,-80.8,35.219612
29474,7862,-115.29808,36.14341
29475,4421,-115.2811,36.114468
29476,4421,-115.27844,36.056824
29477,7863,-115.22455,36.238483
29478,2499,-3.1915388,55.950233
29479,837,-111.93003,33.655685
29480,7864,-112.003174,33.49564
29481,837,-112.073425,33.447334
29482,2499,-80.83798,35.227764
29483,7865,-115.28685,36.289684
29484,7866,-115.19242,36.12601
29485,7867,-115.334236,36.145416
29486,4421,-115.22456,36.128075
29487,7868,-111.906044,33.43245
29488,837,-111.92796,33.49821
29489,837,-112.14982,33.640068
29490,837,-111.9276,33.498474
29491,2499,-111.77341,33.29329
29492,7869,-111.92737,33.50323
29493,837,-111.92227,33.584015
29494,4421,-115.17647,36.14513
29495,4421,-115.274574,36.130314
29496,7870,-115.11869,36.01635
29497,7871,-115.26318,36.271908
29498,7872,-115.26318,36.271908
29499,7873,-115.178474,36.28633
29500,4421,-115.25791,36.264744
29501,4421,-115.20425,36.1586
29502,7874,-112.06483,33.477
29503,4421,-115.12155,36.04155
29504,2499,-115.15689,36.113342
29505,7875,-111.92656,33.485966
29506,7876,-115.29857,36.07719
29507,7877,-115.24356,36.071873
29508,4421,-115.27611,36.142998
29509,837,-111.924065,33.5797
29510,7878,-115.110466,36.071354
29511,7879,-115.0452,36.063137
29512,4421,-115.298256,36.09195
29513,6644,-115.33896,36.151318
29514,4421,-115.241554,36.064533
29515,4421,-115.1795,36.286583
29516,7881,-115.07823,36.159264
29517,7882,-115.28702,36.291435
29518,4421,-115.31464,36.10061
29519,7883,-115.244095,36.0458
29520,4421,-115.175064,36.107677
29521,2499,-80.94421,35.223606
29522,7884,-115.27956,36.053383
29523,7885,-115.047195,36.05532
29524,4421,-115.20695,35.99532
29525,7886,-115.27746,36.056244
29526,837,-111.910614,33.34853
29527,4421,-115.13637,36.108074
29528,4421,-115.2682,36.207485
29529,4421,-115.20641,36.17994
29530,7887,-115.175644,36.098877
29531,4421,-115.17869,36.06815
29532,837,-111.7534,33.3807
29533,7888,-111.92477,33.626637
29534,2191,-112.07358,33.442486
29535,837,-111.995705,33.63991
29536,4421,-115.12652,36.15846
29537,4421,-115.298294,36.077114
29538,837,-112.23503,33.635353
29539,837,-111.88762,33.630013
29540,837,-112.126114,33.47456
29541,837,-112.273315,33.708637
29542,7889,-115.244095,36.0458
29543,4421,-115.11712,36.01646
29544,7890,-112.073875,33.446995
29545,4421,-115.12116,36.071136
29546,7891,-115.30971,36.11463
29547,7892,-80.00207,40.442333
29548,7893,-111.791626,33.235634
29549,7894,-111.9864,33.5107
29550,4421,-115.20942,36.142094
29551,837,-112.047295,33.47714
29552,4421,-115.21156,36.125397
29553,7895,-115.17223,36.06783
29554,4421,-115.22625,36.086525
29555,4421,-115.11997,36.01099
29556,4421,-115.20685,36.11581
29557,4421,-115.24214,36.078087
29558,7896,-115.29823,36.095207
29559,4421,-115.24287,36.044266
29560,4421,-115.209656,36.126728
29561,7897,-115.33356,36.160988
29562,7162,-115.29646,36.101376
29563,7898,-115.22062,36.144825
29564,4421,-115.20631,36.12659
29565,4421,-115.27553,36.129856
29566,4421,-115.16242,36.131897
29567,4421,-115.209915,36.126427
29568,7899,-115.24406,36.085598
29569,7900,-112.37283,33.659653
29570,837,-112.26056,33.534855
29571,7901,-111.66878,33.415794
29572,7902,-111.78977,33.356873
29573,7903,-115.134926,36.01411
29574,4421,-115.17147,36.01488
29575,837,-111.81804,33.415565
29576,4,-80.00261,40.441135
29577,4421,-115.17864,36.287773
29578,7904,-115.116295,36.240383
29579,2499,-115.17091,36.123592
29580,7905,-80.944016,35.220257
29581,2499,-115.16842,36.124947
29582,4421,-115.13463,36.161926
29583,4421,-115.08448,36.027493
29584,4421,-115.26658,36.271408
29585,3513,-112.07232,33.457657
29586,837,-111.875786,33.36281
29587,837,-111.9309,33.58303
29588,837,-115.241035,36.126793
29589,2499,-115.16296,36.12714
29590,7906,-115.15396,36.157898
29591,7907,-115.20719,36.277145
29592,7908,-115.14614,36.167233
29593,7909,-111.79096,33.340397
29594,2499,-115.174644,36.109913
29595,7910,-115.180016,36.14181
29596,4421,-115.17435,36.113964
29597,837,-111.790115,33.356728
29598,837,-111.90261,33.305233
29599,837,-111.860214,33.274822
29600,7911,-111.700874,33.452168
29601,7912,-111.757416,33.30427
29602,4421,-115.24119,36.14525
29603,7057,-115.046844,36.05945
29604,4421,-115.04604,36.040398
29605,4421,-115.24185,36.043034
29606,6644,-115.33198,36.151814
29607,6644,-111.688446,33.452293
29608,837,-111.92405,33.581863
29609,4421,-115.332,36.151814
29610,837,-111.6387,33.255863
29611,4421,-115.243004,36.098354
29612,7913,-111.87448,33.383255
29613,7914,-111.88846,33.70003
29614,4421,-115.19242,36.12601
29615,837,-112.0037,33.49516
29616,7915,-115.20741,36.123623
29617,4421,-115.306274,36.115807
29618,4421,-115.22412,36.127884
29619,837,-111.84483,33.33605
29620,6644,-115.17618,36.115856
29621,6644,-115.242935,36.044125
29622,7916,-115.332954,36.163654
29623,7917,-112.18759,33.66274
29624,7918,-111.92478,33.68526
29625,7919,-111.92514,33.542786
29626,4421,-115.26048,36.17591
29627,837,-112.3413,33.448105
29628,7920,-112.06518,33.57531
29629,837,-112.3619,33.63822
29630,7921,-111.714134,33.320774
29631,7922,-111.74323,33.30842
29632,4421,-115.174355,36.109806
29633,4421,-115.27375,36.12364
29634,2499,-115.17229,36.115147
29635,7923,-115.16907,36.124435
29636,837,-111.96592,33.318157
29637,7924,-112.11067,33.640343
29638,837,-112.06466,33.506046
29639,837,-111.927246,33.4892
29640,837,-111.91262,33.362465
29641,837,-111.92755,33.585636
29642,7925,-112.04589,33.39334
29643,4421,-115.298485,36.078434
29644,4421,-115.22227,36.099506
29645,7926,-115.1401,36.169327
29646,4421,-115.29683,36.095818
29647,4421,-115.17647,36.14513
29648,4421,-115.28009,36.298874
29649,4421,-115.33276,36.15119
29650,4421,-115.15323,36.042797
29651,4421,-115.138664,36.10018
29652,7927,-112.10967,33.710716
29653,7928,-112.36578,33.486824
29654,837,-111.743256,33.29952
29655,7929,-111.78979,33.357132
29656,837,-112.3934,33.41195
29657,2499,-111.92562,33.491955
29658,837,-111.940285,33.4239
29659,7930,-111.92481,33.421085
29660,837,-111.92612,33.532578
29661,837,-111.97852,33.583923
29662,7931,-111.95804,33.342365
29663,837,-111.85414,33.40779
29664,837,-112.072014,33.455708
29665,837,-115.17786,36.117294
29666,837,-111.84066,33.290638
29667,7932,-112.22069,33.5948
29668,7933,-111.74313,33.301888
29669,837,-111.922424,33.637104
29670,837,-111.89477,33.627304
29671,837,-111.92019,33.466217
29672,837,-112.10129,33.678238
29673,7934,-112.02769,33.510315
29674,837,-111.925575,33.564854
29675,837,-111.90383,33.433975
29676,7935,-112.19603,33.63862
29677,837,-111.90713,33.39263
29678,7936,-111.89673,33.676765
29679,7937,-112.06096,33.50953
29680,7938,-112.11173,33.71298
29681,7939,-111.79008,33.36018
29682,7940,-112.187,33.66167
29683,837,-111.94718,33.30594
29684,837,-112.35869,33.46381
29685,2499,-80.004234,40.44817
29686,7941,-111.790375,33.260693
29687,7942,-111.97244,33.68464
29688,837,-111.721756,33.381763
29689,837,-111.84169,33.3019
29690,7943,-111.743904,33.308655
29691,7944,-111.8693,33.435463
29692,837,-111.90046,33.55521
29693,7945,-111.80579,33.319347
29694,7946,-111.92427,33.492287
29695,7947,-111.80274,33.384647
29696,7948,-112.12042,33.5694
29697,7949,-111.82165,33.372013
29698,7950,-111.91585,33.697605
29699,7951,-111.93095,33.492477
29700,837,-111.97677,33.679085
29701,837,-112.33277,33.491962
29702,837,-112.26073,33.53095
29703,7952,-111.75418,33.385548
29704,837,-111.937645,33.42535
29705,7953,-111.75855,33.307465
29706,7954,-112.13472,33.843456
29707,7955,-111.78893,33.3441
29708,7956,-112.05472,33.55273
29709,837,-112.07291,33.44691
29710,837,-111.9759,33.495018
29711,837,-111.97909,33.584362
29712,7957,-111.97858,33.677853
29713,837,-111.87599,33.413055
29714,7958,-111.88922,33.40888
29715,7959,-112.39205,33.60807
29716,837,-111.75667,33.383705
29717,837,-111.899635,33.554825
29718,837,-111.78861,33.43749
29719,7960,-111.841156,33.31183
29720,7961,-111.97913,33.79848
29721,837,-112.06516,33.519554
29722,7962,-111.821304,33.349445
29723,837,-112.121895,33.670223
29724,837,-112.06918,33.452717
29725,7963,-111.891785,33.623486
29726,837,-111.743576,33.29659
29727,7964,-111.78973,33.354954
29728,837,-111.72392,33.32106
29729,837,-112.114784,33.715424
29730,837,-112.06096,33.50953
29731,837,-111.92686,33.585636
29732,837,-111.9235,33.625095
29733,837,-111.860565,33.364925
29734,4421,-115.19005,35.983765
29735,4421,-115.146866,36.14323
29736,4421,-115.047195,36.05532
29737,7965,-115.06262,36.02959
29738,4421,-115.15271,36.108807
29739,7966,-115.27897,36.1599
29740,4421,-115.19822,36.12595
29741,4421,-115.101685,35.997723
29742,4545,-115.11997,36.01099
29743,4421,-115.28703,36.166676
29744,6492,-112.152214,33.595585
29745,4421,-115.178215,36.068935
29746,7967,-115.17572,36.009
29747,4421,-115.04282,36.067123
29748,7968,-115.242165,36.05671
29749,7969,-115.29776,36.097992
29750,4421,-115.146866,36.14323
29751,4421,-115.24816,36.195286
29752,7970,-115.2796,36.05725
29753,4421,-115.190506,36.08786
29754,4421,-115.20635,35.995155
29755,4421,-115.323814,36.21844
29756,7971,-115.31602,36.291615
29757,4421,-115.26685,36.27136
29758,4421,-115.28703,36.166676
29759,4421,-115.25922,36.265022
29760,7972,-115.2317,36.23775
29761,7973,-115.17149,36.054756
29762,4421,-115.26749,36.020554
29763,7974,-115.24868,36.06216
29764,4421,-115.20701,35.9993
29765,4421,-115.24431,36.10102
29766,7975,-115.17647,36.14513
29767,7976,-115.11872,36.035313
29768,4421,-115.17217,36.108135
29769,4421,-115.22581,36.055252
29770,7977,-115.15716,36.114746
29771,4355,-111.89105,33.6271
29772,4421,-115.20998,36.126503
29773,7978,-115.333496,36.15076
29774,4421,-115.26186,36.11331
29775,7979,-115.29826,36.07897
29776,4421,-115.243546,36.064587
29777,7980,-115.22422,36.12766
29778,4421,-115.24314,36.036156
29779,7981,-115.2072,36.271782
29780,4421,-115.15323,36.042797
29781,7982,-115.177536,36.06837
29782,7983,-115.2411,36.114986
29783,4421,-115.253784,36.159004
29784,7984,-115.15797,36.158264
29785,4421,-115.24334,36.04716
29786,7985,-115.11741,36.261284
29787,7986,-115.17368,36.12316
29788,4421,-115.243546,36.064587
29789,4421,-115.15622,36.167824
29790,4421,-115.1721,36.160328
29791,4421,-115.25995,36.203197
29792,4421,-115.08955,36.02054
29793,4421,-115.110344,36.002796
29794,4421,-115.30979,36.114655
29795,4421,-115.20719,36.277145
29796,4421,-115.28788,36.055676
29797,4421,-115.2757,36.14452
29798,4421,-115.20848,36.083973
29799,7987,-115.24352,36.07097
29800,7988,-115.16965,36.121864
29801,7989,-115.27777,36.130028
29802,4421,-115.193,36.15938
29803,4421,-115.241516,36.064106
29804,7990,-115.25093,36.055206
29805,4421,-115.27785,36.135544
29806,7991,-115.22045,36.099846
29807,7992,-115.11687,36.072422
29808,4421,-115.29987,36.147263
29809,4421,-115.23011,36.143112
29810,7993,-115.24816,36.195286
29811,7994,-115.17911,36.285877
29812,4421,-115.17143,36.135014
29813,7995,-115.28217,36.302864
29814,2499,-73.55447,45.503544
29815,4421,-114.96007,36.01326
29816,7996,-115.33387,36.152832
29817,7997,-115.176315,36.109913
29818,4421,-115.27962,36.053238
29819,7998,-115.157875,36.142757
29820,7999,-115.33143,36.15486
29821,4421,-115.333496,36.15076
29822,4421,-115.06269,36.011925
29823,8000,-115.28553,36.166573
29824,4421,-115.171135,36.117336
29825,4421,-115.243546,36.064587
29826,8001,-115.152275,36.159077
29827,4421,-115.1068,36.071945
29828,4421,-115.200645,36.115417
29829,8002,-115.171715,36.015278
29830,8003,-115.30785,36.114677
29831,4421,-115.206345,35.994972
29832,8004,-115.271,36.019787
29833,2499,-115.19577,36.10505
29834,4421,-115.243546,36.04771
29835,4421,-115.30897,36.110428
29836,4421,-115.1727,36.109695
29837,4421,-115.244156,36.047306
29838,8005,-115.13463,36.161926
29839,4421,-115.17593,36.068153
29840,8006,-115.146866,36.14323
29841,4421,-115.267365,36.270584
29842,4421,-115.03997,36.040295
29843,8007,-114.9838,36.042046
29844,4421,-115.14157,36.1716
29845,8008,-115.33276,36.15119
29846,8009,-115.28559,36.16719
29847,8010,-115.33276,36.15119
29848,4421,-115.27939,36.30072
29849,4421,-115.14064,36.167877
29850,4421,-115.24428,36.173233
29851,4421,-115.27853,36.057846
29852,4421,-115.1986,36.038704
29853,4421,-115.11716,36.014626
29854,4421,-115.24299,36.077805
29855,4421,-115.298294,36.077114
29856,4421,-115.17869,36.06815
29857,4421,-115.17258,36.117775
29858,4421,-115.019066,36.052845
29859,4421,-115.25093,36.055206
29860,4421,-115.11793,36.01752
29861,8011,-115.24352,36.04153
29862,8012,-115.298615,36.115734
29863,8013,-115.17815,36.06713
29864,8014,-115.30759,36.114555
29865,4421,-115.21327,36.12656
29866,4421,-115.332,36.151814
29867,7341,-115.29656,36.0931
29868,4421,-115.29939,36.145184
29869,4421,-115.27777,36.130028
29870,4421,-115.30402,36.100548
29871,4421,-115.2087,36.043213
29872,8015,-115.30076,36.145542
29873,8016,-115.206345,35.994972
29874,8017,-115.10035,35.99595
29875,8018,-115.29818,36.077286
29876,4421,-115.24133,36.055412
29877,4421,-115.265915,36.263878
29878,8019,-115.270966,36.019173
29879,4421,-115.18921,36.09569
29880,4421,-115.04091,36.06197
29881,4421,-115.31481,36.121902
29882,8020,-115.29818,36.09476
29883,4421,-115.28992,36.160503
29884,8021,-115.17767,36.10741
29885,8022,-115.04282,36.067123
29886,4421,-115.08588,36.02942
29887,4421,-115.20964,36.12702
29888,4421,-115.22406,36.12772
29889,4421,-115.06262,36.02959
29890,8023,-111.92529,33.478733
29891,2499,-80.77914,35.095276
29892,2499,-115.15191,36.108463
29893,6644,-115.17407,36.121197
29894,4421,-115.22406,36.12772
29895,837,-115.17229,36.115147
29896,6021,-115.17704,36.10762
29897,8024,-115.209816,36.14866
29898,6021,-73.56359,45.50472
29899,4421,-115.16269,36.144295
29900,4421,-115.167755,36.123978
29901,4421,-115.21351,36.12623
29902,8025,-115.16876,36.12438
29903,2499,-115.138435,36.167526
29904,8026,-115.11783,36.005405
29905,6644,-115.167755,36.123978
29906,4421,-115.31455,36.12843
29907,8027,-115.14996,36.057686
29908,8028,-115.17618,36.115856
29909,8029,-115.10846,36.130527
29910,8030,-79.97939,40.428425
29911,4421,-115.334236,36.145416
29912,8031,-115.30521,36.193584
29913,8032,-111.99492,33.50903
29914,2499,-115.25078,36.064754
29915,8033,-79.982285,40.453495
29916,837,-111.75638,33.385082
29917,837,-112.42459,33.622913
29918,837,-111.78979,33.357132
29919,8034,-115.17153,36.054417
29920,4421,-115.209656,36.127045
29921,4421,-115.091156,36.070824
29922,4421,-115.24365,36.05732
29923,4421,-115.20564,36.279816
29924,4421,-115.174644,36.109913
29925,837,-115.15097,36.085175
29926,837,-111.8859,33.545685
29927,8035,-112.01183,33.509872
29928,4421,-115.177536,36.06837
29929,4,-79.98155,40.452496
29930,4,-79.99644,40.44395
29931,8036,-79.95682,40.441544
29932,8037,-80.84831,35.17095
29933,2499,-115.209915,36.126427
29934,8038,-115.332,36.151814
29935,4421,-115.267235,36.020664
29936,4421,-115.16965,36.121864
29937,2499,-115.15109,36.084923
29938,837,-112.171936,33.638557
29939,2499,-115.17089,36.11006
29940,8039,-112.07096,33.437126
29941,2499,-115.271286,36.018726
29942,4421,-115.24239,36.0542
29943,4421,-115.26203,36.070213
29944,8040,-80.85695,35.11738
29945,8041,-112.36504,33.638195
29946,8042,-112.393776,33.62668
29947,8043,-111.9265,33.49973
29948,4421,-115.04282,36.067123
29949,8044,-111.56327,33.162548
29950,2499,-80.9373,35.305157
29951,8045,-80.84444,35.202644
29952,2499,-80.84123,35.199883
29953,8046,-80.81924,35.22178
29954,837,-111.95077,33.407825
29955,2499,-115.24419,36.041836
29956,4421,-115.119514,36.016052
29957,4421,-115.15126,36.1089
29958,4421,-115.28655,36.28842
29959,4421,-115.13774,36.157787
29960,8047,-112.13459,33.595837
29961,4421,-115.209656,36.127045
29962,4,-80.002556,40.442036
29963,4,-79.920105,40.43814
29964,2499,-80.84012,35.15234
29965,8048,-112.10323,33.53835
29966,4421,-115.17019,36.123405
29967,4421,-115.13595,36.105026
29968,6644,-115.17177,36.11931
29969,8049,-115.28009,36.298874
29970,6644,-115.177086,36.106762
29971,837,-112.06549,33.474407
29972,2499,-79.96906,40.42741
29973,8050,-115.17322,36.11784
29974,4421,-115.17322,36.11784
29975,4421,-115.24378,36.087482
29976,4421,-115.16963,36.117516
29977,8051,-115.33387,36.152832
29978,8052,-115.142006,36.17183
29979,4,-79.93342,40.46478
29980,4421,-115.24271,36.219223
29981,4421,-115.27989,36.12319
29982,4421,-115.22456,36.128075
29983,4421,-115.17593,36.068153
29984,8053,-115.19726,36.17253
29985,8054,-115.158325,36.05773
29986,837,-111.84121,33.30213
29987,8055,-111.92857,33.498913
29988,8056,-111.889626,33.56953
29989,4421,-115.311,36.113472
29990,8057,-115.17127,36.11288
29991,4421,-115.2782,36.108463
29992,8058,-111.9253,33.685688
29993,4421,-115.191826,36.144268
29994,6644,-115.1912,36.039337
29995,2499,-115.16714,36.126476
29996,4421,-115.33344,36.150024
29997,4421,-112.071556,33.45834
29998,2499,-80.77914,35.095276
29999,837,-112.27275,33.46457
30000,8059,-115.289375,36.163605
30001,8060,-115.209755,36.06937
30002,8061,-115.26318,36.271908
30003,8062,-115.334236,36.145416
30004,8063,-115.17264,36.11758
30005,6644,-115.334236,36.145416
30006,8064,-111.84163,33.30198
30007,8065,-115.16466,36.13767
30008,4421,-115.28518,36.158504
30009,4421,-115.33513,36.15711
30010,4421,-115.30076,36.145542
30011,4421,-115.28099,36.100853
30012,4421,-115.18219,36.10132
30013,837,-111.92351,33.4998
30014,837,-112.013695,33.511284
30015,8066,-111.88934,33.696556
30016,8067,-115.27792,36.078094
30017,4421,-115.242935,36.044125
30018,8068,-115.152054,36.04286
30019,8069,-115.33271,36.15179
30020,2499,-80.756004,35.309097
30021,2499,-80.826164,35.213642
30022,6644,-115.17315,36.10988
30023,837,-112.07275,33.447258
30024,8070,-111.82245,33.364494
30025,8071,-112.38717,33.63924
30026,4421,-115.13785,36.11614
30027,8072,-111.93972,33.42531
30028,8073,-80.857635,35.21252
30029,2499,-80.756004,35.309097
30030,8074,-111.78977,33.356873
30031,8075,-115.33278,36.150646
30032,2499,-80.69834,35.085304
30033,8076,-115.02606,36.044388
30034,8077,-112.072014,33.455708
30035,8078,-115.28257,36.198036
30036,837,-115.233086,36.159576
30037,8079,-111.940346,33.425972
30038,4421,-115.20262,36.07275
30039,8080,-112.01307,33.610554
30040,2499,-80.83884,35.02681
30041,2499,-80.83482,35.055447
30042,8081,-115.117096,36.016495
30043,6644,-111.92604,33.41696
30044,4421,-115.28129,36.055817
30045,4421,-115.266525,36.272766
30046,8082,-115.15265,36.012516
30047,8083,-115.10142,36.08595
30048,4421,-115.04165,36.05552
30049,8084,-115.22431,36.049065
30050,837,-111.99454,33.451653
30051,4421,-115.25014,36.24172
30052,8085,-111.583275,33.220783
30053,8086,-112.240456,33.581093
30054,4421,-115.17203,36.11494
30055,4421,-115.138504,36.117256
30056,4421,-115.109314,36.128593
30057,4421,-115.21327,36.12656
30058,4421,-115.22465,36.12686
30059,8087,-111.74355,33.307823
30060,8088,-112.04595,33.069283
30061,8089,-112.05806,33.550854
30062,837,-111.9405,33.4272
30063,8090,-115.33279,36.148457
30064,8091,-111.9352,33.425014
30065,8092,-115.172424,36.101204
30066,8093,-111.98451,33.509106
30067,8094,-115.26186,36.11331
30068,4421,-115.29855,36.078938
30069,837,-111.690445,33.379868
30070,4421,-115.22522,36.127533
30071,8095,-115.33354,36.148144
30072,2499,-73.56545,45.491974
30073,6021,-73.5612,45.50295
30074,7341,-115.273125,36.06686
30075,4421,-115.209915,36.126427
30076,6644,-115.20641,36.17994
30077,8096,-112.04788,33.525127
30078,4421,-115.111786,36.00694
30079,8097,-115.29442,36.116028
30080,8098,-112.358826,33.46646
30081,2499,-80.844475,35.070496
30082,8099,-80.855446,35.215378
30083,8100,-80.944695,35.12989
30084,8101,-80.81206,35.241146
30085,8102,-80.94015,35.13591
30086,2499,-80.803314,35.244617
30087,837,-115.13774,36.157787
30088,837,-111.75338,33.38142
30089,837,-112.13394,33.86539
30090,8103,-80.828545,35.15261
30091,8104,-80.838196,35.22776
30092,8105,-80.65743,35.173798
30093,2499,-80.00207,40.442333
30094,2499,-115.253624,36.274426
30095,8106,-115.14096,36.16953
30096,4421,-115.15254,36.151268
30097,8107,-73.571304,45.502464
30098,8108,-73.56301,45.515015
30099,6021,-73.56538,45.514835
30100,8109,-73.750114,45.456585
30101,6021,-73.57578,45.50141
30102,2499,-73.57137,45.497894
30103,6021,-73.57782,45.49842
30104,6021,-73.57196,45.497314
30105,6021,-73.556984,45.560818
30106,6021,-73.56016,45.508232
30107,8110,-115.17113,36.12856
30108,2499,-73.56943,45.526386
30109,6021,-73.60093,45.523968
30110,6021,-73.5747,45.525303
30111,2499,-73.559555,45.507782
30112,6021,-73.59317,45.52248
30113,6021,-73.565056,45.515846
30114,2499,-73.556984,45.560818
30115,6021,-73.65183,45.495712
30116,2499,-73.5839,45.518883
30117,6021,-73.62345,45.496834
30118,2499,-73.55346,45.5
30119,6021,-73.56959,45.52214
30120,6021,-73.54972,45.55963
30121,6021,-73.56193,45.50209
30122,6021,-73.56818,45.503872
30123,2499,-73.6146,45.532803
30124,6021,-73.57707,45.49807
30125,6021,-73.571556,45.500553
30126,6021,-73.59479,45.5236
30127,6021,-73.57224,45.50105
30128,6021,-73.63747,45.59088
30129,6021,-73.59318,45.58211
30130,8111,-73.581276,45.52584
30131,2499,-73.57448,45.500698
30132,8112,-73.62455,45.538418
30133,6021,-73.59844,45.527508
30134,6021,-73.582756,45.52412
30135,6021,-73.5714,45.50361
30136,6021,-73.574394,45.52221
30137,6021,-73.55923,45.50802
30138,6021,-73.57089,45.513195
30139,6021,-73.576225,45.479763
30140,6021,-73.5839,45.518883
30141,6021,-73.58107,45.49539
30142,6021,-73.57794,45.49984
30143,6021,-73.59677,45.520256
30144,6021,-73.56351,45.515137
30145,6021,-73.59574,45.522648
30146,6021,-73.588776,45.51771
30147,6021,-73.57553,45.515884
30148,6021,-73.55409,45.505226
30149,6021,-73.568016,45.503
30150,8113,-73.584946,45.488773
30151,6021,-73.57515,45.50001
30152,6021,-73.584236,45.532963
30153,6021,-73.559364,45.508003
30154,6021,-73.57878,45.528473
30155,8114,-73.55553,45.50283
30156,6021,-73.58202,45.53536
30157,6021,-73.57828,45.51829
30158,8115,-73.58202,45.53536
30159,6021,-73.55636,45.50336
30160,6021,-73.577805,45.529736
30161,2499,-73.578125,45.521782
30162,6021,-73.5844,45.524654
30163,6021,-73.61605,45.528778
30164,6021,-73.57879,45.48089
30165,6021,-73.57907,45.493977
30166,6644,-73.558266,45.502556
30167,6021,-73.553795,45.500034
30168,6021,-73.57754,45.516373
30169,6021,-73.56959,45.500534
30170,6021,-73.57008,45.518185
30171,6021,-73.60408,45.522907
30172,2499,-73.570854,45.518436
30173,6021,-73.580086,45.492973
30174,6021,-73.58026,45.517544
30175,6021,-73.61263,45.531227
30176,6021,-73.62455,45.538418
30177,6021,-73.571556,45.500553
30178,6021,-73.569275,45.50566
30179,6021,-73.556694,45.501545
30180,2499,-73.55188,45.508717
30181,2499,-73.561226,45.560333
30182,2499,-3.1859746,55.94614
30183,2499,-73.595276,45.522907
30184,6021,-73.62252,45.541664
30185,2499,-73.570465,45.51815
30186,8116,-73.59658,45.524746
30187,6021,-73.57825,45.516464
30188,6021,-73.58161,45.491837
30189,8117,-73.57287,45.51417
30190,6021,-73.56228,45.515427
30191,6021,-73.58876,45.47281
30192,6021,-73.57844,45.516674
30193,6021,-73.58064,45.497555
30194,6021,-73.56049,45.519043
30195,6021,-73.58072,45.52604
30196,6021,-73.60416,45.525524
30197,6021,-73.57779,45.529545
30198,2499,-73.575806,45.507137
30199,6021,-73.566,45.51643
30200,8118,-73.60545,45.5238
30201,6021,-73.57782,45.49842
30202,8119,-73.569466,45.52227
30203,6021,-73.58881,45.521347
30204,8120,-73.6028,45.47854
30205,8121,-73.56935,45.505585
30206,6021,-73.57293,45.51357
30207,6021,-73.575806,45.507137
30208,6021,-73.59486,45.523335
30209,2499,-73.57115,45.51341
30210,6021,-73.56049,45.524166
30211,6021,-73.59932,45.525517
30212,6021,-73.5712,45.518284
30213,2499,-73.609375,45.519623
30214,6021,-73.57907,45.493977
30215,6021,-73.57448,45.500698
30216,2499,-73.57226,45.514473
30217,6021,-73.587036,45.52039
30218,6021,-73.60808,45.53064
30219,6021,-73.57875,45.53362
30220,6021,-73.57683,45.497444
30221,6021,-73.55817,45.500553
30222,6021,-73.6244,45.473595
30223,6021,-73.56325,45.515038
30224,6021,-73.57337,45.500248
30225,6021,-73.57553,45.515884
30226,6021,-73.57463,45.49438
30227,6021,-73.58226,45.52365
30228,6021,-73.587036,45.52039
30229,8122,-73.58842,45.52115
30230,6021,-73.58058,45.519264
30231,6021,-73.57187,45.479492
30232,6021,-73.62566,45.524914
30233,6021,-73.57692,45.498737
30234,8123,-73.60378,45.525352
30235,6021,-73.57782,45.49842
30236,2499,-73.583374,45.523453
30237,6021,-73.57783,45.498096
30238,6021,-73.57228,45.513927
30239,6021,-73.555046,45.519882
30240,6021,-73.5563,45.45554
30241,6021,-73.56925,45.51255
30242,6021,-73.57414,45.499672
30243,6021,-73.585266,45.488544
30244,6021,-73.569016,45.487324
30245,6021,-73.57754,45.516373
30246,6021,-73.56545,45.491974
30247,6021,-73.57432,45.515892
30248,6021,-73.587036,45.52039
30249,6021,-73.623566,45.474754
30250,6021,-73.63742,45.494904
30251,6021,-73.57911,45.516655
30252,6021,-73.57235,45.50234
30253,6021,-73.55776,45.500874
30254,6021,-73.56646,45.49992
30255,2499,-73.56049,45.507706
30256,6021,-73.55428,45.499046
30257,6021,-73.60804,45.530563
30258,6021,-73.57794,45.49984
30259,8124,-73.57505,45.52038
30260,6021,-73.59932,45.525517
30261,2499,-73.58146,45.51805
30262,2499,-73.58265,45.491116
30263,2499,-73.57505,45.52038
30264,6021,-73.575066,45.52522
30265,2499,-73.59486,45.523335
30266,2499,-73.55482,45.507256
30267,2499,-73.6573,45.49629
30268,6021,-73.58616,45.525784
30269,2499,-73.57907,45.493977
30270,2499,-73.60211,45.522434
30271,6021,-73.56767,45.517197
30272,6021,-73.575424,45.520306
30273,6021,-73.58265,45.491116
30274,6021,-73.57974,45.527557
30275,2499,-73.60211,45.522434
30276,6021,-73.56134,45.523285
30277,6021,-73.57835,45.498238
30278,6021,-73.59482,45.52413
30279,6021,-73.56443,45.515392
30280,2499,-73.576584,45.515667
30281,2499,-73.55172,45.509388
30282,2499,-115.16879,36.122967
30283,6021,-73.59407,45.52381
30284,6021,-73.572945,45.514275
30285,2499,-73.573235,45.4972
30286,8125,-73.596085,45.543556
30287,6021,-73.61605,45.528778
30288,8128,-73.58041,45.531727
30289,8126,-73.580086,45.492973
30290,6021,-73.578,45.521866
30291,8127,-73.56127,45.508575
30292,6021,-73.57907,45.493977
30293,6021,-73.56127,45.508575
30294,6021,-73.58303,45.524006
30295,8128,-73.58041,45.531727
30296,6021,-73.577805,45.529736
30297,6021,-73.57835,45.498238
30298,6021,-73.595276,45.522907
30299,6021,-73.55776,45.517933
30300,6021,-73.59862,45.51942
30301,6021,-73.57268,45.510403
30302,6021,-73.570854,45.518436
30303,8129,-73.582756,45.52412
30304,2499,-73.61423,45.532806
30305,6021,-73.569275,45.50566
30306,6021,-73.58419,45.51914
30307,8130,-73.55454,45.504128
30308,6021,-73.57515,45.50001
30309,6021,-73.57726,45.516006
30310,6021,-73.571556,45.500553
30311,6021,-73.57553,45.515884
30312,8131,-73.590645,45.52207
30313,6021,-73.55553,45.50283
30314,2499,-73.580086,45.492973
30315,6021,-73.580086,45.492973
30316,6021,-73.59697,45.52146
30317,6021,-73.559494,45.508026
30318,6021,-73.56346,45.515118
30319,8132,-73.56538,45.514835
30320,6021,-73.56647,45.506073
30321,6021,-73.583336,45.489983
30322,6021,-73.572945,45.509045
30323,6021,-73.61263,45.531227
30324,8133,-73.57956,45.49215
30325,6021,-73.57196,45.497314
30326,6021,-73.575424,45.520306
30327,6021,-73.57282,45.500977
30328,6021,-73.60918,45.519905
30329,2499,-73.59088,45.51748
30330,2499,-73.575485,45.482773
30331,6021,-73.5923,45.474182
30332,8134,-115.17516,36.109875
30333,2499,-115.17582,36.11773
30334,6021,-73.59493,45.520576
30335,6021,-73.5818,45.52526
30336,6021,-73.57518,45.483097
30337,6021,-73.57416,45.514664
30338,6021,-73.58842,45.52115
30339,6021,-73.61605,45.528778
30340,6021,-73.569466,45.52227
30341,6021,-73.56728,45.45964
30342,6021,-73.56325,45.515038
30343,6021,-73.555,45.50136
30344,6021,-73.600716,45.521557
30345,6021,-73.61116,45.472775
30346,8135,-73.58877,45.526768
30347,8136,-73.5552,45.49941
30348,6021,-73.58086,45.479523
30349,8137,-73.579895,45.493404
30350,2499,-115.17618,36.115856
30351,6021,-73.55817,45.500553
30352,2499,-73.57314,45.517372
30353,6021,-73.57881,45.493973
30354,6021,-73.574646,45.496857
30355,6021,-73.5805,45.515636
30356,6021,-73.57171,45.508526
30357,2499,-80.848076,35.22434
30358,837,-73.5918,45.500866
30359,6021,-73.57511,45.510345
30360,6021,-73.58876,45.47281
30361,6021,-73.57432,45.515892
30362,6021,-73.59559,45.5247
30363,2499,-73.61065,45.53131
30364,6021,-73.58842,45.52115
30365,6021,-73.57752,45.516
30366,2499,-73.552505,45.508938
30367,8138,-73.55267,45.50793
30368,2499,-73.57175,45.50858
30369,6021,-73.57417,45.50032
30370,2499,-73.600624,45.523758
30371,2499,-73.57902,45.52839
30372,2499,-73.57655,45.499374
30373,2499,-73.56813,45.517406
30374,6021,-73.600624,45.523758
30375,6021,-73.587036,45.52039
30376,8139,-89.38101,43.074238
30377,6021,-73.59507,45.523026
30378,6021,-73.75199,45.570175
30379,4421,-73.570465,45.51815
30380,2499,-73.5747,45.525303
30381,6021,-73.57196,45.497314
30382,6021,-73.57196,45.497314
30383,6021,-73.62566,45.524914
30384,6021,-73.56466,45.51582
30385,2499,-73.59664,45.524586
30386,6021,-73.57314,45.517372
30387,6021,-73.57974,45.527557
30388,6021,-73.58295,45.534657
30389,6021,-73.55447,45.503544
30390,6021,-73.56685,45.46346
30391,6021,-73.577805,45.529736
30392,8140,-73.58751,45.519054
30393,6021,-73.52566,45.5056
30394,6021,-73.60737,45.523666
30395,6021,-73.576584,45.515667
30396,6021,-73.60767,45.531124
30397,6021,-73.57228,45.513927
30398,6021,-73.59599,45.524387
30399,6021,-73.588776,45.51771
30400,8141,-73.61765,45.531822
30401,6021,-73.61322,45.53331
30402,2499,-80.81488,35.22101
30403,6021,-73.570854,45.518436
30404,6021,-73.593185,45.522358
30405,6021,-73.579926,45.497444
30406,6021,-73.56049,45.524166
30407,6021,-73.57432,45.515892
30408,6021,-73.60545,45.5238
30409,6021,-73.576454,45.4822
30410,6021,-73.60378,45.525352
30411,6021,-73.57688,45.479656
30412,6021,-73.59546,45.52426
30413,6021,-73.63077,45.53983
30414,6021,-73.61116,45.472775
30415,6021,-73.57529,45.482735
30416,6021,-73.5991,45.525898
30417,6021,-73.57314,45.517372
30418,8142,-73.78737,45.589138
30419,6021,-73.58781,45.518566
30420,6021,-73.57627,45.49538
30421,8143,-73.58842,45.52115
30422,6021,-73.555954,45.50481
30423,6021,-73.57841,45.497677
30424,6021,-73.57778,45.51638
30425,6021,-73.574356,45.51462
30426,6021,-73.57832,45.494793
30427,6021,-73.57473,45.52193
30428,2499,-73.57754,45.516373
30429,8144,-73.56134,45.523285
30430,6021,-73.59721,45.518276
30431,8145,-73.59574,45.522648
30432,6021,-73.61263,45.531227
30433,6021,-73.57897,45.495914
30434,6021,-73.56071,45.50675
30435,8146,-73.57832,45.494793
30436,2499,-73.57683,45.497444
30437,2499,-73.595276,45.522907
30438,6021,-73.60804,45.530563
30439,2499,-73.5918,45.500866
30440,6021,-73.55409,45.505226
30441,6021,-73.595276,45.522907
30442,6021,-73.55353,45.505333
30443,8147,-73.58239,45.517467
30444,6021,-73.56935,45.505585
30445,6021,-73.55267,45.50793
30446,8148,-73.5747,45.51504
30447,6021,-73.543396,45.54753
30448,6021,-73.5688,45.50294
30449,2499,-73.580086,45.492973
30450,2499,-73.558174,45.51837
30451,2499,-73.576996,45.515884
30452,8149,-73.58156,45.493706
30453,6021,-73.57293,45.51357
30454,6021,-73.58107,45.49539
30455,2499,-115.17751,36.117035
30456,6021,-73.57707,45.49807
30457,6021,-73.58156,45.493706
30458,6021,-73.5747,45.525303
30459,6021,-73.609375,45.519623
30460,6021,-73.56685,45.46346
30461,6021,-73.57414,45.499672
30462,6021,-73.58617,45.520523
30463,8150,-73.553566,45.507217
30464,8151,-73.61263,45.531227
30465,8152,-73.58044,45.51943
30466,6021,-73.58028,45.526745
30467,6021,-73.59466,45.524014
30468,6021,-73.63077,45.53983
30469,6021,-73.596085,45.543556
30470,2499,-73.616104,45.536304
30471,8153,-73.60093,45.523968
30472,6021,-73.5715,45.5005
30473,6021,-73.57438,45.49759
30474,6021,-73.57916,45.480488
30475,6021,-73.63077,45.53983
30476,8154,-73.59862,45.51942
30477,2499,-73.61694,45.492172
30478,6021,-73.5715,45.5005
30479,6021,-73.56842,45.49305
30480,8155,-73.584946,45.488773
30481,2499,-73.56912,45.496006
30482,2499,-3.1912937,55.952633
30483,6021,-73.58838,45.47301
30484,6021,-73.62345,45.496834
30485,2499,-73.58838,45.47301
30486,6021,-73.61263,45.531227
30487,2499,-73.56552,45.507477
30488,6021,-73.59101,45.52212
30489,6021,-73.57828,45.51829
30490,2499,-73.580765,45.52284
30491,6021,-73.61605,45.528778
30492,6021,-73.5747,45.525303
30493,8156,-73.5747,45.525303
30494,6021,-73.57314,45.517372
30495,6021,-73.56297,45.482243
30496,6021,-73.57414,45.499672
30497,2499,-73.57111,45.51555
30498,6021,-73.57881,45.493973
30499,6021,-73.56589,45.51107
30500,6021,-73.56359,45.50472
30501,6021,-73.57754,45.516373
30502,6021,-73.5712,45.518284
30503,6021,-73.57649,45.497765
30504,8157,-73.61263,45.531227
30505,6021,-73.55278,45.507168
30506,2499,-73.559555,45.507782
30507,6021,-73.56358,45.514656
30508,6021,-73.59002,45.516914
30509,6021,-73.583336,45.489983
30510,6021,-73.60808,45.53064
30511,6021,-73.57438,45.49759
30512,8158,-73.57783,45.498096
30513,6021,-73.59002,45.516914
30514,8159,-73.6573,45.49629
30515,6021,-73.63689,45.52906
30516,6021,-111.92351,33.581493
30517,6021,-73.626465,45.471355
30518,6021,-73.599434,45.525223
30519,6021,-73.58165,45.47928
30520,6021,-73.57486,45.50339
30521,6021,-73.56702,45.462593
30522,6021,-73.59816,45.52693
30523,8160,-73.60093,45.523968
30524,6021,-73.58617,45.52051
30525,6021,-73.57754,45.516373
30526,8161,-73.551674,45.509193
30527,6021,-73.577354,45.49677
30528,6021,-73.57818,45.496235
30529,6021,-73.575066,45.52522
30530,2499,-73.56888,45.541878
30531,6021,-73.580086,45.492973
30532,8162,-80.00111,40.443146
30533,8163,-73.58146,45.51805
30534,6021,-73.55235,45.510212
30535,6021,-73.569565,45.51802
30536,6021,-73.56127,45.508575
30537,6021,-73.62566,45.524914
30538,6021,-73.56127,45.508575
30539,2499,-73.58352,45.523224
30540,2499,-73.58824,45.47331
30541,2499,-73.57111,45.51555
30542,6021,-73.57707,45.49807
30543,6021,-73.613365,45.532413
30544,2499,-73.57754,45.516373
30545,6644,-115.12225,36.161324
30546,8164,-73.60778,45.53101
30547,6021,-73.56301,45.515015
30548,6021,-73.58265,45.491116
30549,6021,-73.57399,45.509514
30550,6021,-73.607735,45.53625
30551,8165,-73.575195,45.48279
30552,8166,-73.655266,45.494915
30553,6021,-73.743706,45.56205
30554,6021,-73.587036,45.52039
30555,6021,-73.57783,45.498096
30556,6021,-73.58265,45.491116
30557,6021,-73.575195,45.48279
30558,8167,-73.59227,45.47379
30559,6021,-73.58143,45.49639
30560,6021,-73.57137,45.497894
30561,6021,-73.553795,45.500034
30562,8168,-73.56959,45.500534
30563,6021,-73.57578,45.50141
30564,6021,-73.56809,45.48887
30565,6021,-73.57766,45.481575
30566,6021,-73.56077,45.508335
30567,6021,-73.57196,45.497314
30568,6021,-73.56728,45.45964
30569,6021,-73.56134,45.523285
30570,8169,-73.574394,45.499683
30571,8170,-73.56222,45.51237
30572,2499,-73.573166,45.49965
30573,6021,-73.573166,45.49965
30574,2499,-73.55496,45.50348
30575,2499,-111.926025,33.623665
30576,6021,-73.57766,45.481575
30577,6021,-73.56686,45.465736
30578,6021,-73.57907,45.493977
30579,837,-112.357574,33.45569
30580,837,-111.98605,33.494587
30581,8171,-80.82169,35.216213
30582,4421,-115.11735,36.10072
30583,8172,-115.172455,36.106503
30584,8173,-80.842186,35.225323
30585,6644,-115.243546,36.04771
30586,4421,-115.073,36.072193
30587,8174,-80.85409,35.05622
30588,2499,-80.709114,35.13306
30589,8175,-115.278465,36.1428
30590,8176,-111.8915,33.629436
30591,8193,-3.186781,55.94908
30592,2499,-80.94504,35.21938
30593,4421,-115.17484,36.069973
30594,4421,-115.35134,36.159016
30595,8177,-115.33271,36.15179
30596,8178,-80.84309,35.22877
30597,4421,-115.280014,36.056793
30598,8179,-115.207306,36.131718
30599,8180,-115.132126,36.04201
30600,8181,-115.258965,36.180824
30601,8182,-111.92635,33.489796
30602,4421,-115.01699,36.054703
30603,4421,-112.07397,33.513077
30604,8183,-112.240456,33.581093
30605,4421,-115.243546,36.04771
30606,8184,-3.1941433,55.953106
30607,8186,-3.2053463,55.946087
30608,8186,-3.1853528,55.944675
30609,8185,-3.1883838,55.94772
30610,8186,-3.1750548,55.96679
30611,8193,-3.1929102,55.949566
30612,8193,-3.1905735,55.949795
30613,8193,-3.2115161,55.95135
30614,8193,-3.2036185,55.951584
30615,8186,-3.1798706,55.96206
30616,8186,-3.2098627,55.929264
30617,8193,-3.1898618,55.95872
30618,8187,-3.1883838,55.94772
30619,8188,-3.1850336,55.957115
30620,8186,-3.1855476,55.947212
30621,8193,-3.190226,55.945522
30622,8193,-3.1855762,55.945827
30623,8193,-3.2034152,55.94113
30624,8193,-3.1901174,55.94823
30625,8193,-3.1860292,55.96122
30626,8193,-3.1942441,55.948536
30627,8189,-3.1918488,55.94984
30628,2499,-3.1807473,55.951294
30629,8190,-3.1879406,55.949512
30630,8186,-3.2059703,55.947872
30631,8193,-3.1812642,55.941055
30632,8193,-3.1816213,55.96054
30633,8193,-3.1830833,55.959084
30634,8193,-3.1981308,55.954494
30635,8193,-3.2115161,55.95135
30636,8193,-3.1978261,55.954514
30637,8193,-3.2001002,55.962223
30638,8193,-3.2079127,55.943626
30639,8193,-3.1892252,55.94627
30640,8193,-3.1883864,55.95711
30641,8193,-3.2057662,55.95282
30642,8193,-3.197444,55.94691
30643,8191,-3.1903112,55.94566
30644,2499,-3.186636,55.94867
30645,8186,-3.1979346,55.947044
30646,8186,-3.1863132,55.945972
30647,8186,-3.165231,55.92732
30648,8193,-3.1860292,55.96122
30649,8193,-3.1695805,55.976177
30650,8193,-3.188184,55.957287
30651,8193,-3.1725526,55.9741
30652,8193,-3.1921308,55.94748
30653,8193,-3.198054,55.95217
30654,8193,-3.2016876,55.943283
30655,8193,-3.1784284,55.93419
30656,8193,-3.2129307,55.945972
30657,8193,-3.1855762,55.945827
30658,8193,-3.1858778,55.947155
30659,8193,-3.1816213,55.96054
30660,8193,-3.2059343,55.9464
30661,8193,-3.1899867,55.95126
30662,8193,-3.1899538,55.952
30663,8193,-3.1816213,55.96054
30664,8193,-3.190801,55.947243
30665,8193,-3.2099266,55.93232
30666,8193,-3.1695805,55.976177
30667,8193,-3.2192104,55.943527
30668,8193,-3.2047284,55.94593
30669,8193,-3.1889334,55.9505
30670,8193,-3.1816213,55.96054
30671,8193,-3.1816213,55.96054
30672,8193,-3.2012272,55.951397
30673,8193,-3.2126942,55.964455
30674,8193,-3.1735187,55.975967
30675,8193,-3.196746,55.947525
30676,8186,-3.1917999,55.94795
30677,8193,-3.2037854,55.946434
30678,8193,-3.2094424,55.951103
30679,8185,-3.1882617,55.948654
30680,8192,-3.1917894,55.94797
30681,8193,-3.190801,55.947243
30682,8193,-3.1883838,55.94772
30683,8193,-3.190509,55.95367
30684,8193,-3.176801,55.96442
30685,8193,-3.1316583,55.956635
30686,8193,-3.190226,55.945522
30687,8193,-3.1974945,55.953365
30688,8193,-3.191349,55.947495
30689,8193,-3.2047284,55.94593
30690,8186,-3.1944869,55.94871
30691,2499,-3.1901114,55.950672
30692,8193,-3.175757,55.96578
30693,8193,-3.1955197,55.947834
30694,8193,-3.2015812,55.95422
30695,8193,-3.2054315,55.946472
30696,8193,-3.1915388,55.950233
30697,2499,-3.1883838,55.94772
30698,8193,-3.2515242,55.944603
30699,8193,-3.1861322,55.94459
30700,8193,-3.1816213,55.96054
30701,8193,-3.1859772,55.88438
30702,8193,-3.1832895,55.958923
30703,8193,-3.1850288,55.94406
30704,8186,-3.217084,55.941284
30705,8193,-3.1963184,55.96252
30706,8193,-3.170197,55.970135
30707,8193,-3.1743143,55.95063
30708,8193,-3.209882,55.93585
30709,8193,-3.1987398,55.953114
30710,8193,-3.1884537,55.95014
30711,8193,-3.217084,55.941284
30712,8185,-3.1975422,55.954685
30713,8193,-3.2079127,55.943626
30714,8193,-3.2182186,55.945633
30715,8193,-3.1777182,55.96397
30716,8193,-3.1903112,55.94566
30717,8193,-3.2062054,55.945858
30718,8193,-3.2095053,55.935818
30719,8193,-3.1987398,55.953114
30720,8193,-115.17505,36.098984
30721,8193,-3.2003527,55.96339
30722,8193,-3.1883433,55.95479
30723,8193,-3.2014368,55.946342
30724,8193,-3.1940827,55.949883
30725,8193,-3.1962802,55.953518
30726,8193,-3.1998918,55.9538
30727,8193,-3.1947808,55.93638
30728,8193,-3.2148268,55.946274
30729,8194,-3.2052612,55.952324
30730,8193,-3.1942441,55.948536
30731,8193,-3.1806958,55.95751
30732,8193,-3.1759825,55.965477
30733,8195,-3.1820037,55.946007
30734,8196,-3.176801,55.96442
30735,8193,-3.1478384,55.942127
30736,8197,-3.2016876,55.943283
30737,8193,-3.1883433,55.95479
30738,8193,-3.3644342,55.94828
30739,8193,-3.201323,55.953014
30740,8193,-3.206377,55.94872
30741,8193,-3.2126942,55.964455
30742,8193,-3.1786451,55.937122
30743,2499,-3.1901174,55.94823
30744,8193,-3.2081778,55.943558
30745,8193,-3.1921432,55.94796
30746,8198,-3.1855762,55.945827
30747,8193,-3.1928387,55.953648
30748,8193,-3.2073212,55.94985
30749,8193,-3.187661,55.939117
30750,8186,-3.2022727,55.952904
30751,8193,-3.176801,55.96442
30752,8193,-3.1777768,55.950348
30753,8193,-3.1854458,55.94469
30754,8193,-3.2036185,55.951584
30755,8193,-3.1856868,55.957626
30756,8193,-3.1995215,55.954052
30757,8193,-3.1786451,55.937122
30758,8193,-3.1993058,55.95193
30759,8193,-3.2014906,55.942844
30760,8193,-3.1993058,55.95193
30761,8193,-3.2043424,55.953358
30762,8193,-3.1918752,55.955807
30763,8199,-3.2037854,55.946434
30764,8193,-3.189502,55.94944
30765,8193,-3.1979716,55.954197
30766,8193,-3.2126942,55.964455
30767,8200,-3.216309,55.941807
30768,8193,-3.1883838,55.94772
30769,8193,-3.1860292,55.96122
30770,8193,-3.1385846,55.926945
30771,8201,-3.1478384,55.942127
30772,8193,-3.2037854,55.946434
30773,8186,-3.2099266,55.93232
30774,8193,-3.1918752,55.955807
30775,8193,-3.1955197,55.947834
30776,8193,-3.209882,55.93585
30777,2499,-3.190418,55.946766
30778,8193,-3.1786873,55.938507
30779,8193,-3.2034757,55.94006
30780,8193,-3.1850336,55.957115
30781,8202,-3.186636,55.94867
30782,8193,-3.1921299,55.94767
30783,8193,-3.1836586,55.945423
30784,8193,-3.168342,55.88065
30785,8193,-3.172362,55.973347
30786,8193,-3.2105432,55.948982
30787,8193,-3.1737733,55.964703
30788,8193,-3.1111479,55.95464
30789,8193,-3.187206,55.939465
30790,8193,-3.18651,55.95573
30791,8193,-3.203566,55.941906
30792,8203,-112.03397,33.508984
30793,4421,-115.138435,36.167526
30794,837,-111.9265,33.49973
30795,4421,-115.17647,36.14513
30796,8204,-111.74272,33.31082
30797,2499,-115.24169,36.064114
30798,4421,-115.2691,36.056004
30799,8205,-112.111786,33.687145
30800,8206,-115.27994,36.127228
30801,4421,-115.11617,36.00676
30802,4421,-115.19177,36.12637
30803,4421,-115.280945,36.057842
30804,8207,-115.19242,36.12601
30805,4,-80.00134,40.441082
30806,4421,-115.33439,36.156796
30807,8208,-115.192665,36.11576
30808,4,-79.96929,40.42746
30809,8209,-115.334816,36.155132
30810,4421,-115.15126,36.1089
30811,4421,-115.24385,36.04967
30812,4,-79.96906,40.42741
30813,8210,-80.85696,35.220036
30814,8211,-80.98576,35.1022
30815,4421,-115.28703,36.166676
30816,8212,-115.17737,36.107616
30817,4421,-115.17019,36.123405
30818,4421,-115.134926,36.01411
30819,837,-111.924904,33.510914
30820,8213,-115.17134,35.96494
30821,8214,-115.16935,35.965126
30822,8215,-115.26685,36.27136
30823,8216,-111.78991,33.355118
30824,4421,-115.24221,36.073807
30825,4421,-115.157875,36.142757
30826,8217,-80.007645,40.446323
30827,4421,-115.11793,36.09981
30828,837,-112.0792,33.49111
30829,8218,-115.14064,36.167877
30830,8219,-89.36857,43.0805
30831,8220,-115.28165,36.200096
30832,8221,-115.243866,36.086548
30833,4421,-115.32508,36.124886
30834,8222,-115.103004,35.99809
30835,4758,-115.15126,36.1089
30836,8223,-115.11921,36.03455
30837,4421,-115.17647,36.14513
30838,4,-79.98332,40.451687
30839,4421,-115.15374,36.084
30840,4421,-115.29656,36.0931
30841,4421,-115.298325,36.112583
30842,8224,-112.04794,33.525883
30843,4421,-111.98451,33.509106
30844,8225,-112.03017,33.671425
30845,4421,-115.275795,36.143433
30846,837,-112.08219,33.466106
30847,8226,-112.074196,33.51354
30848,8227,-111.98617,33.510483
30849,8228,-111.89841,33.30477
30850,2499,-115.209915,36.126427
30851,6644,-115.20959,36.12621
30852,8229,-112.18703,33.640392
30853,4421,-115.19263,36.03985
30854,8230,-115.28008,36.057022
30855,8231,-115.20651,35.999195
30856,4421,-115.30428,36.19106
30857,8232,-80.00206,40.44228
30858,8193,-3.2037854,55.946434
30859,4421,-115.308624,36.11392
30860,4421,-115.11799,36.014458
30861,2499,-115.17322,36.109215
30862,837,-111.92365,33.625546
30863,4421,-115.12652,36.15846
30864,4421,-115.243515,36.072624
30865,4421,-115.26275,36.14326
30866,8234,-73.559555,45.507782
30867,4421,-115.30882,36.183144
30868,8235,-115.25988,36.203743
30869,4421,-115.12081,36.04105
30870,4421,-115.206345,35.994972
30871,8236,-80.848076,35.22434
30872,4421,-115.19094,36.126175
30873,837,-111.63146,33.371902
30874,8237,-115.14064,36.167877
30875,8238,-111.859726,33.339962
30876,837,-112.065346,33.51108
30877,6021,-73.61322,45.53331
30878,8239,-115.207306,36.131718
30879,8240,-115.30752,36.08616
30880,8241,-79.9934,40.447525
30881,8242,-115.08336,36.022465
30882,8243,-115.21327,36.12656
30883,8244,-115.15458,36.119186
30884,8245,-115.2418,36.078686
30885,6644,-111.997696,33.435596
30886,8246,-115.33272,36.148514
