node_id,cluster_label,longitude,latitude
0,28706,-79.96413,40.46707
1,30557,-80.03008,40.405075
2,28706,-80.030235,40.40527
3,28706,-115.13902,36.088516
4,28706,-79.91414,40.41097
5,28706,-80.016235,40.452145
6,28706,-80.01567,40.446617
7,28706,-80.0353,40.396107
8,28706,-80.00022,40.44389
9,28706,-79.93392,40.450867
10,10,-111.84253,33.303234
11,28706,-80.01507,40.432384
12,12,-80.00207,40.442333
13,28706,-80.00206,40.44228
14,28706,-79.95194,40.482704
15,28706,-80.00646,40.410748
16,16,-79.95116,40.482693
17,28706,-79.99644,40.44395
18,18,-79.964424,40.462208
19,28706,-79.98752,40.449078
20,28706,-79.96442,40.46705
21,28706,-79.96811,40.427372
22,28706,-79.95074,40.449978
23,28706,-79.93078,40.456436
24,28706,-79.99644,40.44395
25,28706,-79.92399,40.461506
26,28706,-79.91887,40.474888
27,28706,-80.00276,40.441036
28,28,-79.9645,40.42877
29,28706,-80.01768,40.437695
30,28706,-80.002556,40.442036
31,28706,-80.083626,40.409744
32,32,-80.085175,40.408142
33,28706,-79.98428,40.428955
34,28706,-80.022095,40.446785
35,28706,-79.922386,40.438145
36,28706,-80.01325,40.45561
37,28706,-79.998695,40.443043
38,28706,-112.12811,33.511147
39,28706,-79.965256,40.42789
40,28706,-79.99644,40.44395
41,28706,-79.94251,40.465073
42,28706,-80.01676,40.4521
43,28706,-79.96167,40.469063
44,28706,-79.95207,40.482334
45,28706,-79.9645,40.42877
46,28706,-79.98313,40.45194
47,28706,-80.001686,40.432
48,28706,-79.93144,40.45926
49,49,-115.17086,36.10993
50,28706,-79.932846,40.451576
51,28706,-79.930214,40.4565
52,28706,-79.91717,40.402855
53,28706,-115.17028,36.12229
54,54,-79.92267,40.437866
55,28706,-80.00288,40.44139
56,30557,-79.91776,40.407154
57,28706,-79.97939,40.428425
58,28706,-79.93412,40.450737
59,30557,-79.964424,40.462208
60,28706,-79.92316,40.433384
61,28706,-79.98941,40.448463
62,28706,-80.00222,40.440998
63,28706,-79.942276,40.458267
64,28706,-79.93257,40.46445
65,28706,-79.91957,40.475876
66,28706,-80.026,40.397964
67,28706,-80.01768,40.437695
68,28706,-80.036804,40.39289
69,28706,-79.91526,40.409435
70,28706,-79.916985,40.40682
71,28706,-79.93144,40.45926
72,28706,-79.90444,40.490192
73,28706,-79.950676,40.462757
74,28706,-79.8921,40.438145
75,28706,-79.972694,40.428196
76,28706,-79.87027,40.4041
77,28706,-79.982285,40.4275
78,28706,-112.02849,33.510426
79,30769,-80.04418,40.381416
80,80,-80.00034,40.4436
81,28706,-79.91558,40.481033
82,28706,-115.17524,36.116566
83,28706,-79.95811,40.440765
84,28706,-79.89309,40.489143
85,28706,-79.98332,40.451687
86,28706,-79.914185,40.409294
87,28706,-79.954216,40.454754
88,28706,-112.01317,33.59627
89,28706,-79.99717,40.44379
90,28706,-79.998695,40.443043
91,28706,-79.96025,40.470783
92,28706,-79.9718,40.42813
93,28706,-79.99297,40.4393
94,28706,-79.982544,40.42897
95,28706,-79.914185,40.409294
96,28706,-79.94908,40.445145
97,28706,-79.914185,40.409294
98,28706,-80.001625,40.430992
99,28706,-79.98941,40.448463
100,28706,-79.96906,40.42741
101,28706,-79.9828,40.429
102,28706,-79.95151,40.482456
103,30769,-79.983246,40.451347
104,28706,-79.98436,40.451965
105,28706,-111.934975,33.422768
106,106,-79.9166,40.407173
107,107,-79.9521,40.46299
108,108,-80.01085,40.445976
109,28706,-80.84722,35.08597
110,28706,-79.94642,40.454704
111,28706,-79.96444,40.46709
112,28706,-79.98436,40.451965
113,113,-79.98155,40.452496
114,28706,-79.98436,40.451965
115,28706,-79.925606,40.45962
116,28706,-79.9645,40.42877
117,28706,-115.1068,36.071945
118,28706,-79.95799,40.47511
119,28706,-79.98048,40.453846
120,28706,-79.99621,40.441677
121,28706,-80.002556,40.442036
122,28706,-79.863625,40.387585
123,28706,-79.983574,40.428703
124,124,-79.987976,40.438454
125,28706,-79.96413,40.46707
126,28706,-79.92512,40.460213
127,28706,-79.91526,40.409435
128,28706,-79.98752,40.449078
129,28706,-79.919624,40.475475
130,28706,-79.985664,40.450237
131,28706,-79.93418,40.45137
132,28706,-79.984215,40.451656
133,28706,-79.98423,40.45088
134,28706,-80.000854,40.440094
135,28706,-79.987144,40.42891
136,28706,-79.9573,40.440845
137,28706,-80.002556,40.442036
138,30769,-115.17028,36.12229
139,30769,-3.194447,55.94859
140,28706,-79.9909,40.3783
141,28706,-79.916985,40.40776
142,28706,-80.00225,40.443245
143,28706,-80.05255,40.380295
144,28706,-80.087326,40.408043
145,28706,-79.941574,40.443504
146,28706,-80.00206,40.44228
147,28706,-79.98436,40.451965
148,28706,-79.93151,40.455765
149,28706,-79.98096,40.42488
150,28706,-115.14637,36.124424
151,151,-115.2249,36.047733
152,28706,-79.98177,40.42936
153,28706,-79.94851,40.44518
154,28706,-79.92414,40.41547
155,28706,-79.99621,40.441677
156,28706,-79.932846,40.451576
157,28706,-115.172295,36.127068
158,28706,-80.85719,35.217
159,28706,-79.9718,40.42813
160,28706,-79.91776,40.407154
161,28706,-79.96107,40.46497
162,28706,-79.92406,40.46296
163,28706,-79.93273,40.451626
164,28706,-79.92274,40.43773
165,28706,-115.16961,36.121452
166,28706,-79.958595,40.441628
167,28706,-79.99561,40.44443
168,28706,-79.99704,40.444035
169,30769,-79.93318,40.451622
170,28706,-79.93277,40.451347
171,171,-80.00645,40.441727
172,28706,-80.00206,40.44228
173,28706,-79.95882,40.472134
174,28706,-79.923256,40.433247
175,28706,-80.944046,35.220543
176,28706,-80.05209,40.357212
177,177,-80.00471,40.44087
178,28706,-79.99343,40.42161
179,28706,-79.96616,40.46457
180,28706,-80.01567,40.446617
181,181,-79.98017,40.428875
182,28706,-79.98752,40.449078
183,30557,-79.95315,40.442776
184,28706,-79.91414,40.41097
185,28706,-79.91414,40.41097
186,186,-79.95889,40.47313
187,28706,-112.074005,33.511208
188,188,-79.923256,40.433247
189,28706,-79.96025,40.470783
190,190,-79.92851,40.422665
191,30557,-79.957695,40.441357
192,28706,-79.97418,40.48139
193,193,-79.929634,40.457104
194,28706,-115.141884,36.16918
195,28706,-79.99168,40.446476
196,28706,-79.92549,40.45775
197,28706,-111.931946,33.65794
198,28706,-80.00213,40.441063
199,28706,-79.95257,40.45219
200,200,-79.9645,40.42877
201,28706,-79.91584,40.407356
202,28706,-79.93318,40.451622
203,28706,-3.1784391,55.96251
204,204,-111.89859,33.490013
205,28706,-79.95315,40.442776
206,28706,-79.91949,40.437904
207,28706,-79.96025,40.470783
208,28706,-89.32856,43.114677
209,28706,-79.94735,40.439247
210,210,-79.91691,40.444294
211,28706,-79.89327,40.432114
212,28706,-79.98436,40.451965
213,28706,-80.02202,40.394928
214,214,-115.1736,36.101585
215,28706,-79.9645,40.42877
216,28706,-79.95116,40.482693
217,28706,-79.951584,40.463028
218,218,-80.87767,35.16961
219,28706,-79.98436,40.451965
220,28706,-79.982285,40.453495
221,28706,-112.04739,33.4692
222,222,-79.91809,40.40888
223,28706,-79.95085,40.450356
224,28706,-79.91809,40.40888
225,225,-80.03463,40.368717
226,226,-80.030235,40.40527
227,227,-79.984215,40.451656
228,28706,-79.91809,40.40888
229,28706,-79.932846,40.451576
230,28706,-80.007355,40.429844
231,28706,-79.951584,40.463028
232,28706,-111.92074,33.414455
233,28706,-79.95488,40.444458
234,28706,-79.89309,40.489143
235,28706,-79.959946,40.470768
236,28706,-79.965004,40.46577
237,28706,-79.98436,40.451965
238,28706,-79.990425,40.42921
239,28706,-79.90072,40.489098
240,28706,-80.84511,35.238907
241,28706,-79.92316,40.43529
242,30557,-73.56935,45.505585
243,28706,-79.98048,40.453846
244,28706,-79.95025,40.46263
245,28706,-79.95474,40.46565
246,28706,-79.92206,40.46518
247,28706,-79.95315,40.442776
248,28706,-79.918976,40.407063
249,28706,-79.98752,40.449078
250,28706,-79.99589,40.440624
251,28706,-79.97943,40.42843
252,28706,-79.96107,40.46497
253,28706,-79.920525,40.476177
254,28706,-79.95194,40.482704
255,28706,-79.95984,40.471222
256,28706,-79.91687,40.457184
257,28706,-79.95085,40.450356
258,258,-79.96398,40.467052
259,28706,-79.96863,40.427723
260,28706,-79.89384,40.432022
261,28706,-79.96398,40.467052
262,28706,-79.897575,40.43961
263,263,-79.97601,40.42828
264,28706,-79.94976,40.46255
265,28706,-79.95752,40.441025
266,28706,-79.96863,40.427723
267,28706,-79.948845,40.461327
268,28706,-79.95116,40.482693
269,28706,-79.98752,40.449078
270,270,-79.920425,40.475708
271,271,-79.94918,40.462025
272,272,-79.94899,40.463673
273,28706,-79.91949,40.437904
274,28706,-79.92549,40.45775
275,28706,-79.8921,40.438145
276,28706,-79.922615,40.43519
277,28706,-79.910034,40.457474
278,28706,-79.99823,40.44394
279,28706,-79.94771,40.461185
280,28706,-79.96398,40.467052
281,28706,-79.92303,40.4378
282,28706,-79.928955,40.457478
283,28706,-79.922806,40.434963
284,30769,-79.93161,40.463947
285,28706,-79.916855,40.457188
286,28706,-79.95889,40.47313
287,28706,-80.00175,40.439552
288,28706,-79.92399,40.461506
289,30769,-79.986626,40.428585
290,28706,-80.00653,40.45588
291,28706,-79.96107,40.46497
292,28706,-73.57175,45.50858
293,28706,-79.96666,40.428066
294,28706,-79.95356,40.441143
295,28706,-79.91887,40.474888
296,28706,-73.71221,45.464886
297,28706,-79.98752,40.449078
298,28706,-79.92145,40.437847
299,28706,-79.920425,40.475708
300,28706,-79.98017,40.428875
301,28706,-79.98436,40.451965
302,302,-79.92069,40.43795
303,28706,-79.964424,40.462208
304,28706,-80.00749,40.43071
305,28706,-79.91887,40.474888
306,28706,-79.91691,40.444294
307,28706,-79.98436,40.451965
308,308,-80.00207,40.442333
309,28706,-79.92968,40.45854
310,28706,-79.92535,40.45992
311,28706,-79.982285,40.4275
312,28706,-79.92512,40.458225
313,313,-79.984215,40.451656
314,30769,-79.915375,40.456963
315,28706,-79.925514,40.45839
316,28706,-80.01692,40.44596
317,28706,-79.982285,40.4275
318,28706,-79.92337,40.432606
319,28706,-79.91953,40.437683
320,28706,-79.948654,40.44551
321,28706,-79.951584,40.463028
322,322,-79.89309,40.489143
323,28706,-79.92548,40.457867
324,28706,-80.00214,40.440178
325,28706,-79.93144,40.45926
326,28706,-79.890175,40.426777
327,28706,-79.92427,40.459957
328,28706,-79.92303,40.4378
329,28706,-79.981476,40.454384
330,28706,-79.92844,40.458138
331,28706,-79.957695,40.441357
332,28706,-79.94882,40.44453
333,28706,-79.95547,40.43905
334,28706,-79.93144,40.45926
335,28706,-79.934166,40.452217
336,28706,-79.931335,40.455956
337,337,-79.96413,40.46707
338,338,-79.93144,40.45926
339,28706,-79.91691,40.444294
340,30557,-80.72597,35.3747
341,28706,-79.919624,40.475475
342,28706,-79.95074,40.449978
343,28706,-79.951584,40.463028
344,28706,-79.91968,40.437767
345,28706,-79.99588,40.443745
346,28706,-79.91971,40.475437
347,30557,-79.89309,40.489143
348,28706,-80.030235,40.40527
349,28706,-79.92274,40.43773
350,28706,-79.948685,40.445557
351,30769,-79.98181,40.452312
352,30769,-79.92472,40.45992
353,28706,-79.93418,40.45137
354,28706,-89.39556,43.07282
355,28706,-79.93054,40.456394
356,28706,-79.950676,40.462757
357,28706,-79.923164,40.43582
358,28706,-79.95789,40.474514
359,28706,-79.973274,40.427086
360,28706,-79.8916,40.486923
361,28706,-73.58842,45.52115
362,30769,-79.9645,40.42877
363,28706,-79.932846,40.451576
364,28706,-80.00206,40.44228
365,365,-79.92549,40.45775
366,366,-79.93342,40.46478
367,28706,-115.17038,36.119
368,28706,-79.92308,40.43384
369,30769,-79.985596,40.450268
370,28706,-79.982796,40.45218
371,28706,-79.94817,40.444683
372,28706,-80.02202,40.394928
373,28706,-79.94908,40.445145
374,28706,-80.00111,40.443146
375,28706,-79.949425,40.461876
376,28706,-79.915695,40.410007
377,28706,-80.00219,40.440994
378,28706,-79.99823,40.44394
379,28706,-79.94854,40.461113
380,28706,-79.98665,40.448902
381,28706,-79.93174,40.451565
382,28706,-79.94871,40.461205
383,28706,-79.92883,40.45851
384,384,-79.922806,40.437218
385,28706,-79.92883,40.45851
386,386,-79.98752,40.449078
387,28706,-79.98552,40.42858
388,28706,-80.03473,40.39601
389,28706,-79.96576,40.42645
390,30769,-79.92319,40.43728
391,28706,-79.950005,40.462513
392,28706,-89.39203,43.075047
393,28706,-79.99561,40.44443
394,394,-79.93257,40.46445
395,28706,-79.92406,40.46296
396,28706,-79.96167,40.469063
397,397,-79.89309,40.489143
398,30557,-79.93326,40.451096
399,28706,-111.87436,33.336075
400,28706,-111.92548,33.50108
401,28706,-80.000854,40.440094
402,28706,-115.32508,36.124886
403,30557,-73.57754,45.516373
404,28706,-79.95074,40.449978
405,30769,-79.91892,40.484554
406,406,-79.95116,40.482693
407,30769,-79.93493,40.451115
408,408,-79.948654,40.44551
409,28706,-112.0037,33.49516
410,28706,-80.00618,40.44055
411,28706,-79.971985,40.47886
412,28706,-79.99644,40.44395
413,28706,-79.96665,40.426003
414,28706,-80.04446,40.38019
415,28706,-80.00104,40.443207
416,416,-79.93257,40.46445
417,417,-79.96413,40.46707
418,28706,-79.973724,40.458508
419,419,-79.91957,40.475876
420,30557,-79.94908,40.445145
421,28706,-79.96179,40.46951
422,28706,-80.00213,40.441063
423,28706,-115.173874,36.109753
424,28706,-80.00199,40.44066
425,28706,-79.92282,40.437557
426,28706,-79.983116,40.42868
427,427,-80.01998,40.438732
428,28706,-79.92427,40.459957
429,28706,-79.961075,40.46995
430,430,-80.0025,40.4428
431,28706,-79.987144,40.42891
432,432,-79.9248,40.458138
433,28706,-79.922386,40.438145
434,28706,-79.99717,40.44379
435,435,-79.9248,40.458138
436,28706,-79.91991,40.43825
437,28706,-79.96535,40.42841
438,28706,-79.96616,40.46457
439,439,-79.91949,40.437904
440,28706,-79.902275,40.446587
441,28706,-79.95593,40.465305
442,442,-79.94251,40.465073
443,443,-73.57783,45.498096
444,30557,-80.002556,40.442036
445,28706,-80.00219,40.440994
446,28706,-79.98286,40.45149
447,28706,-79.98281,40.45192
448,28706,-79.9828,40.429
449,28706,-80.852196,35.2195
450,28706,-79.955475,40.47894
451,28706,-79.99732,40.442425
452,28706,-80.00206,40.44228
453,28706,-79.97333,40.428215
454,454,-79.95815,40.441235
455,28706,-79.998695,40.443043
456,28706,-79.96897,40.426804
457,30769,-79.96055,40.4705
458,28706,-79.97939,40.428425
459,28706,-79.98155,40.452496
460,460,-79.986626,40.428585
461,28706,-79.93277,40.451347
462,462,-79.94952,40.452778
463,28706,-115.139786,36.169167
464,28706,-79.960045,40.470577
465,28706,-80.016235,40.452145
466,466,-79.921364,40.438347
467,28706,-79.893654,40.43257
468,468,-79.92497,40.46028
469,28706,-80.002945,40.441032
470,28706,-79.98752,40.449078
471,28706,-79.92393,40.428913
472,28706,-79.95474,40.46565
473,28706,-80.00222,40.440998
474,28706,-80.03786,40.392197
475,28706,-80.01507,40.432384
476,28706,-79.93539,40.464485
477,28706,-79.95574,40.465664
478,28706,-80.012184,40.45715
479,28706,-80.002335,40.4438
480,480,-89.42806,43.057484
481,28706,-79.98752,40.449078
482,30557,-80.0025,40.4428
483,28706,-79.985535,40.45074
484,28706,-79.93359,40.451363
485,28706,-79.99343,40.42161
486,486,-79.982285,40.453495
487,28706,-79.925354,40.457256
488,30769,-79.91447,40.45037
489,28706,-79.99732,40.442425
490,28706,-79.96398,40.467052
491,28706,-79.98436,40.451965
492,492,-115.28963,36.16418
493,493,-79.93487,40.451096
494,28706,-79.90329,40.48958
495,28706,-79.91687,40.457184
496,28706,-115.16578,36.128788
497,28706,-111.933,33.502594
498,28706,-79.96025,40.470783
499,499,-79.98391,40.450836
500,28706,-79.95207,40.482334
501,28706,-80.00471,40.44087
502,28706,-79.99621,40.441677
503,28706,-79.959724,40.47121
504,30769,-79.983116,40.42868
505,28706,-80.826164,35.213642
506,30769,-111.94497,33.462166
507,28706,-79.95315,40.442776
508,508,-79.96424,40.466614
509,30557,-79.920105,40.43814
510,28706,-79.957184,40.441933
511,511,-79.99621,40.441677
512,30769,-79.929634,40.457104
513,28706,-79.96313,40.472446
514,28706,-79.92548,40.457867
515,28706,-79.98444,40.451694
516,28706,-79.98357,40.45203
517,28706,-79.95736,40.44166
518,28706,-79.922386,40.438145
519,28706,-79.97796,40.428345
520,520,-79.97356,40.428085
521,521,-79.925316,40.458282
522,28706,-80.00749,40.43071
523,28706,-79.95356,40.441143
524,524,-115.14294,36.16929
525,28706,-79.95531,40.43892
526,28706,-115.16937,36.121815
527,527,-79.94908,40.445145
528,28706,-79.943665,40.458393
529,529,-79.97932,40.42843
530,28706,-80.00222,40.440998
531,30769,-79.95589,40.41151
532,28706,-79.984474,40.428696
533,30769,-79.92548,40.457867
534,28706,-79.982414,40.370575
535,28706,-80.00109,40.3578
536,536,-79.950165,40.461956
537,537,-80.00206,40.44228
538,28706,-79.98075,40.42899
539,28706,-79.99703,40.43993
540,28706,-80.03473,40.39601
541,28706,-80.0193,40.438557
542,28706,-79.93412,40.450737
543,543,-79.932846,40.451576
544,544,-79.99031,40.43877
545,28706,-79.9825,40.451843
546,546,-79.99343,40.42161
547,547,-79.910194,40.407707
548,28706,-115.176575,36.091194
549,28706,-115.300606,36.145565
550,30557,-79.92549,40.45775
551,28706,-80.001366,40.453133
552,28706,-80.000854,40.44253
553,553,-79.982864,40.428665
554,28706,-80.80862,35.14697
555,28706,-79.99343,40.42161
556,556,-79.99343,40.42161
557,28706,-79.96313,40.472446
558,28706,-80.00263,40.443108
559,28706,-79.99621,40.441677
560,28706,-80.73764,35.140625
561,28706,-115.168465,36.11533
562,28706,-79.92337,40.432606
563,28706,-80.01478,40.457016
564,28706,-79.99561,40.44443
565,565,-79.97333,40.428215
566,28706,-89.30716,43.128033
567,28706,-80.001366,40.453133
568,28706,-79.97488,40.481285
569,28706,-79.95889,40.47313
570,28706,-80.04473,40.380947
571,28706,-79.98222,40.429028
572,572,-80.02124,40.43906
573,28706,-79.99933,40.438957
574,28706,-79.92325,40.429653
575,28706,-79.93318,40.451622
576,28706,-115.13661,36.10305
577,28706,-79.97601,40.42828
578,28706,-80.07081,40.390697
579,28706,-79.98177,40.42936
580,28706,-79.94908,40.445145
581,28706,-79.99031,40.43877
582,28706,-80.019066,40.46217
583,28706,-79.95315,40.442776
584,28706,-79.92275,40.433178
585,28706,-79.959946,40.470768
586,28706,-80.03463,40.368717
587,587,-79.96906,40.42741
588,28706,-79.92856,40.457752
589,589,-80.017494,40.451614
590,28706,-79.91892,40.484554
591,28706,-79.95151,40.482456
592,28706,-79.957695,40.441357
593,30769,-73.58842,45.52115
594,28706,-80.00259,40.44029
595,30769,-112.006714,33.435715
596,28706,-79.913895,40.45003
597,30557,-79.96413,40.46707
598,28706,-80.00382,40.44658
599,28706,-79.94959,40.44351
600,28706,-79.887955,40.41757
601,28706,-111.92917,33.36505
602,602,-80.00217,40.44336
603,28706,-112.01291,33.39068
604,28706,-89.41037,43.069317
605,28706,-89.34581,43.136467
606,28706,-80.01645,40.452095
607,28706,-80.00531,40.434353
608,608,-79.984215,40.451656
609,28706,-80.00224,40.45336
610,28706,-79.95074,40.449978
611,28706,-73.55553,45.50283
612,28706,-115.18697,36.115337
613,613,-80.02124,40.43906
614,614,-79.96404,40.464306
615,28706,-79.920105,40.43814
616,28706,-79.95421,40.43802
617,28706,-112.27275,33.46457
618,28706,-79.96041,40.445045
619,28706,-80.00618,40.44055
620,28706,-115.16901,35.965446
621,28706,-115.151115,36.131237
622,30769,-115.17234,36.11635
623,28706,-112.006714,33.435715
624,28706,-80.00245,40.440094
625,28706,-115.19083,36.13164
626,28706,-89.41037,43.069317
627,28706,-80.007645,40.446323
628,28706,-80.04459,40.38108
629,28706,-79.99621,40.441677
630,28706,-79.964424,40.462208
631,28706,-80.030235,40.40527
632,28706,-80.03463,40.368717
633,28706,-115.17054,36.10259
634,28706,-79.98314,40.429054
635,30769,-89.52305,43.086346
636,28706,-80.8474,35.22155
637,28706,-79.893654,40.43257
638,28706,-115.17751,36.117035
639,639,-79.921555,40.43789
640,28706,-79.983246,40.451347
641,28706,-115.16875,36.11044
642,30557,-80.02168,40.394596
643,28706,-80.030334,40.412716
644,644,-79.950676,40.462757
645,28706,-111.95493,33.407665
646,28706,-80.040665,40.3899
647,28706,-80.040665,40.3899
648,28706,-79.982414,40.370575
649,649,-79.94451,40.465397
650,28706,-80.029106,40.36062
651,28706,-79.960434,40.470474
652,28706,-79.97118,40.428535
653,28706,-80.04091,40.389732
654,654,-80.083626,40.409744
655,655,-112.01323,33.47383
656,28706,-73.55172,45.509388
657,28706,-79.95151,40.482456
658,30769,-79.99588,40.443745
659,28706,-79.98286,40.45149
660,28706,-115.17935,36.10703
661,28706,-80.84224,35.22734
662,28706,-79.93818,40.455875
663,28706,-111.99778,33.451496
664,28706,-80.029106,40.36062
665,28706,-79.96398,40.467052
666,28706,-73.55482,45.507256
667,28706,-80.00207,40.442333
668,28706,-79.964424,40.462208
669,28706,-80.007355,40.429844
670,28706,-79.94959,40.44351
671,28706,-80.03473,40.39601
672,28706,-79.94882,40.44453
673,28706,-79.98572,40.45021
674,28706,-79.96413,40.46707
675,28706,-80.03473,40.39601
676,28706,-80.03473,40.39601
677,28706,-111.92621,33.53352
678,28706,-79.98155,40.452496
679,679,-79.981964,40.452106
680,680,-80.04481,40.38051
681,28706,-79.98436,40.451965
682,28706,-80.05209,40.357212
683,28706,-79.93257,40.46445
684,28706,-80.083626,40.409744
685,28706,-80.03473,40.39601
686,28706,-80.03473,40.39601
687,28706,-80.03473,40.39601
688,688,-80.083626,40.409744
689,28706,-79.99645,40.444443
690,28706,-79.98017,40.428875
691,28706,-79.99703,40.43993
692,30769,-115.13717,36.082092
693,693,-88.24386,40.11981
694,28706,-79.91953,40.437683
695,28706,-89.396385,43.07487
696,28706,-79.948654,40.44551
697,697,-111.92427,33.492287
698,28706,-79.89372,40.432198
699,28706,-73.574394,45.52221
700,28706,-79.93342,40.46478
701,28706,-79.943665,40.458393
702,28706,-79.934555,40.45127
703,28706,-89.3908,43.075417
704,28706,-79.98428,40.45059
705,30769,-115.16876,36.12438
706,28706,-79.92406,40.46296
707,28706,-79.97433,40.428185
708,28706,-112.006714,33.435715
709,28706,-79.99644,40.44395
710,28706,-112.006714,33.435715
711,711,-73.57112,45.5095
712,28706,-79.97939,40.428425
713,28706,-79.92282,40.437557
714,28706,-79.97943,40.42843
715,28706,-79.93016,40.456738
716,28706,-79.94854,40.461113
717,28706,-79.94854,40.461113
718,28706,-79.93418,40.45137
719,30769,-79.95193,40.451126
720,720,-79.98642,40.449768
721,721,-79.91953,40.437683
722,722,-80.006966,40.430885
723,28706,-115.20959,36.12621
724,28706,-79.93318,40.451622
725,725,-79.928535,40.422592
726,726,-79.922714,40.436256
727,727,-79.923164,40.43582
728,28706,-115.17618,36.115856
729,28706,-79.99732,40.442425
730,28706,-79.96404,40.464306
731,731,-79.93418,40.45137
732,732,-79.921364,40.438347
733,733,-80.00206,40.44228
734,28706,-115.17484,36.069973
735,28706,-79.9828,40.429
736,28706,-80.07027,40.39229
737,28706,-115.1702,36.102898
738,28706,-80.03515,40.395508
739,30769,-115.170906,36.103455
740,28706,-80.81229,35.22058
741,28706,-80.817314,35.221336
742,28706,-115.169655,36.12119
743,743,-80.01507,40.432384
744,28706,-79.96424,40.466614
745,28706,-79.96665,40.426003
746,28706,-79.94251,40.465073
747,28706,-115.16961,36.121456
748,30769,-111.99831,33.30397
749,28706,-79.965256,40.427906
750,750,-73.57754,45.516373
751,28706,-79.95116,40.482693
752,28706,-80.00229,40.441166
753,28706,-79.920525,40.476177
754,28706,-79.93643,40.456856
755,28706,-79.92921,40.458523
756,756,-80.00432,40.448322
757,28706,-79.89309,40.489143
758,28706,-80.002556,40.442036
759,28706,-79.98692,40.44945
760,28706,-79.97737,40.428764
761,28706,-80.00229,40.441166
762,28706,-80.94233,35.218452
763,28706,-115.17516,36.109875
764,28706,-80.00432,40.448322
765,28706,-80.00432,40.448322
766,30769,-89.39445,43.07513
767,28706,-115.17259,36.112953
768,28706,-115.17364,36.121155
769,30769,-112.070465,33.452625
770,28706,-80.0025,40.4428
771,771,-89.511024,43.095615
772,28706,-80.00146,40.441128
773,773,-79.979324,40.42888
774,28706,-111.89122,33.6281
775,28706,-79.992615,40.446476
776,28706,-115.31731,36.160122
777,28706,-79.993004,40.439747
778,778,-79.99644,40.44395
779,28706,-112.130455,33.52502
780,28706,-80.02943,40.451973
781,781,-79.97798,40.42854
782,28706,-80.006966,40.430885
783,783,-88.18881,40.081566
784,30557,-79.979996,40.429
785,785,-79.94908,40.445145
786,30769,-80.00219,40.440994
787,30769,-79.93146,40.453358
788,28706,-79.99467,40.44421
789,28706,-80.04452,40.38011
790,28706,-80.00207,40.442333
791,28706,-79.91687,40.457184
792,28706,-80.005325,40.447388
793,30769,-80.00235,40.441795
794,28706,-89.37456,43.07695
795,795,-79.931335,40.455956
796,796,-79.91971,40.475437
797,797,-79.99704,40.444035
798,30769,-79.91957,40.475876
799,799,-79.94642,40.454704
800,28706,-79.99717,40.44379
801,28706,-79.9934,40.447525
802,28706,-89.34459,43.103558
803,30769,-79.98391,40.450836
804,30769,-79.955475,40.47894
805,28706,-112.03202,33.479977
806,30769,-115.17041,36.118294
807,28706,-111.928024,33.624035
808,28706,-115.32508,36.124886
809,28706,-111.978516,33.66773
810,28706,-79.983246,40.451347
811,28706,-89.42806,43.057484
812,28706,-115.23096,36.1148
813,28706,-112.07802,33.46546
814,28706,-115.27777,36.130028
815,28706,-80.00199,40.44066
816,28706,-115.17127,36.11288
817,30769,-115.17012,36.122276
818,28706,-115.16559,36.12689
819,28706,-115.17541,36.093304
820,28706,-115.16901,35.965446
821,30769,-3.161845,55.94409
822,28706,-115.16296,36.12714
823,28706,-111.99497,33.43605
824,28706,-115.3352,36.15803
825,825,-80.00229,40.441166
826,28706,-111.92639,33.320343
827,28706,-73.574394,45.52221
828,828,-115.20643,36.124985
829,28706,-73.56818,45.503872
830,28706,-115.18219,36.10132
831,28706,-80.00259,40.44029
832,30557,-80.00206,40.44228
833,28706,-80.84229,35.1998
834,28706,-79.921364,40.438347
835,28706,-115.17661,36.097107
836,836,-80.00222,40.440998
837,837,-115.15069,36.088383
838,838,-115.1752,36.091843
839,28706,-115.17073,36.111183
840,30769,-79.98357,40.45203
841,28706,-80.00259,40.44029
842,842,-80.84547,35.224457
843,28706,-79.99621,40.441677
844,28706,-112.35536,33.608017
845,28706,-112.36504,33.638195
846,846,-115.16961,36.121452
847,28706,-111.89145,33.62742
848,28706,-80.00259,40.44029
849,849,-79.983826,40.42946
850,28706,-80.0557,40.427166
851,28706,-79.97488,40.481285
852,28706,-79.95815,40.441235
853,28706,-79.94033,40.42626
854,854,-79.97943,40.42843
855,28706,-79.98752,40.449078
856,30557,-79.99883,40.44119
857,28706,-79.922874,40.436363
858,28706,-80.00471,40.44087
859,28706,-79.96424,40.466614
860,28706,-79.977036,40.428806
861,861,-79.95315,40.442776
862,28706,-79.9365,40.456238
863,28706,-111.92318,33.699768
864,864,-79.978195,40.42836
865,865,-79.99148,40.457184
866,30769,-115.15152,36.10749
867,30557,-80.007645,40.446323
868,28706,-79.985535,40.45074
869,869,-79.961075,40.46995
870,28706,-79.95257,40.45219
871,871,-80.0193,40.438557
872,872,-79.98428,40.45059
873,873,-115.17618,36.115856
874,28706,-79.99561,40.44443
875,28706,-115.16153,36.132683
876,28706,-111.757416,33.30427
877,28706,-79.92406,40.46296
878,878,-79.950165,40.461956
879,879,-79.92548,40.457867
880,28706,-79.92549,40.45775
881,881,-79.97418,40.48139
882,28706,-79.98428,40.45059
883,28706,-79.907425,40.41295
884,884,-79.97012,40.4618
885,30769,-79.96179,40.46951
886,886,-79.93272,40.451653
887,28706,-112.07427,33.447517
888,28706,-80.016235,40.452145
889,28706,-79.934555,40.45127
890,28706,-111.994545,33.43402
891,28706,-80.00197,40.440838
892,28706,-79.92427,40.459957
893,28706,-79.96313,40.472446
894,28706,-89.394714,43.074917
895,28706,-80.01207,40.446186
896,896,-80.00219,40.440994
897,30557,-79.92497,40.46028
898,28706,-112.01482,33.49574
899,28706,-79.90971,40.406338
900,28706,-79.92284,40.43771
901,28706,-115.17818,36.106815
902,28706,-73.574394,45.52221
903,28706,-79.95783,40.44077
904,904,-79.92549,40.45775
905,28706,-115.17345,36.10306
906,28706,-79.98941,40.448463
907,28706,-79.998695,40.443043
908,28706,-79.95116,40.482693
909,28706,-79.98941,40.448463
910,28706,-89.3838,43.07744
911,28706,-79.984215,40.451656
912,30769,-79.922386,40.438145
913,28706,-79.92535,40.45992
914,28706,-79.98155,40.452496
915,28706,-79.99733,40.437107
916,28706,-80.00137,40.43972
917,28706,-79.93446,40.451183
918,28706,-79.893654,40.43257
919,28706,-79.918976,40.407063
920,28706,-3.1854458,55.94469
921,28706,-79.96522,40.42738
922,28706,-79.99148,40.457184
923,28706,-115.17704,36.10762
924,924,-79.956276,40.440304
925,28706,-79.902275,40.446587
926,28706,-80.00531,40.434353
927,28706,-79.92535,40.45992
928,28706,-111.92736,33.583176
929,28706,-80.00198,40.442326
930,28706,-111.96444,33.67591
931,28706,-79.97763,40.4634
932,28706,-80.00749,40.43071
933,28706,-115.14708,36.166077
934,28706,-79.97601,40.42828
935,28706,-111.924095,33.492203
936,936,-115.17618,36.115856
937,937,-79.95194,40.482704
938,28706,-115.16792,36.11547
939,28706,-79.92497,40.46028
940,30769,-79.958595,40.441628
941,28706,-79.93054,40.456394
942,942,-79.96648,40.462856
943,28706,-79.93418,40.45137
944,944,-79.98313,40.45194
945,945,-79.98302,40.451756
946,946,-79.98313,40.45194
947,28706,-79.98588,40.45011
948,948,-79.96906,40.42741
949,28706,-79.913895,40.45003
950,28706,-79.910194,40.407707
951,30557,-73.57518,45.483097
952,28706,-79.933395,40.451637
953,28706,-79.99644,40.44395
954,954,-79.91957,40.475876
955,955,-79.92144,40.47658
956,28706,-79.96025,40.470783
957,28706,-79.99717,40.44379
958,28706,-3.1907861,55.94977
959,28706,-79.94866,40.46174
960,28706,-115.17022,36.12299
961,28706,-79.98155,40.452496
962,28706,-115.176414,36.092564
963,28706,-112.07358,33.442486
964,28706,-79.95289,40.46396
965,28706,-79.96413,40.46707
966,966,-80.0176,40.439865
967,30557,-115.14289,36.143345
968,28706,-79.99659,40.440594
969,30557,-80.94279,35.22059
970,28706,-115.179085,36.11224
971,28706,-80.00206,40.44228
972,972,-80.01689,40.453667
973,28706,-80.002495,40.4434
974,28706,-112.02615,33.439648
975,975,-112.070465,33.452625
976,28706,-79.96525,40.465813
977,30769,-112.3934,33.41195
978,978,-115.17259,36.112953
979,979,-80.857635,35.21252
980,980,-115.1677,36.125965
981,30769,-112.06551,33.576332
982,982,-79.98941,40.448463
983,28706,-112.15017,33.639275
984,984,-115.17501,36.117245
985,28706,-89.37217,43.07811
986,986,-79.91971,40.475437
987,28706,-80.85571,35.209984
988,988,-79.98941,40.448463
989,989,-79.923164,40.43582
990,28706,-79.98941,40.448463
991,28706,-79.961075,40.46995
992,28706,-80.94362,35.219006
993,28706,-80.002884,40.43984
994,30769,-111.85958,33.335857
995,995,-79.98416,40.452114
996,28706,-80.002884,40.43984
997,28706,-80.017494,40.451614
998,30557,-115.17704,36.10762
999,999,-79.99659,40.440594
1000,30769,-111.80509,33.384415
1001,28706,-80.81716,35.21237
1002,30557,-79.99485,40.444168
1003,28706,-89.35473,43.0921
1004,30769,-115.15112,36.086338
1005,28706,-80.002335,40.4438
1006,28706,-79.95116,40.482693
1007,28706,-80.002335,40.4438
1008,28706,-80.02124,40.43906
1009,28706,-89.32401,43.078587
1010,30769,-80.002335,40.4438
1011,1011,-115.17641,36.11316
1012,28706,-80.002335,40.4438
1013,28706,-80.00111,40.443146
1014,28706,-112.02817,33.67113
1015,28706,-115.333855,36.155964
1016,28706,-79.99717,40.44379
1017,28706,-112.26355,33.531906
1018,30769,-115.141884,36.16918
1019,28706,-111.72192,33.60806
1020,1020,-80.0193,40.438557
1021,1021,-79.97333,40.428215
1022,28706,-79.915695,40.410007
1023,28706,-79.97433,40.428185
1024,1024,-80.00198,40.441013
1025,30769,-79.99859,40.44389
1026,28706,-80.02834,40.454346
1027,28706,-79.99637,40.44417
1028,1028,-79.955215,40.479675
1029,28706,-89.36643,43.082054
1030,28706,-79.958595,40.441628
1031,1031,-79.98317,40.45165
1032,28706,-115.17103,36.099377
1033,28706,-79.902275,40.446587
1034,28706,-79.94791,40.460804
1035,28706,-80.0549,40.486614
1036,1036,-79.93359,40.451363
1037,28706,-80.02168,40.394596
1038,1038,-79.98317,40.45165
1039,28706,-79.92406,40.46296
1040,30769,-79.92549,40.45775
1041,30769,-79.92228,40.438118
1042,28706,-79.94855,40.46186
1043,28706,-79.918976,40.407063
1044,28706,-79.95811,40.440765
1045,1045,-79.95547,40.43905
1046,1046,-79.95558,40.465675
1047,28706,-79.982285,40.453495
1048,28706,-79.92549,40.45775
1049,28706,-79.9412,40.464977
1050,28706,-79.96665,40.426003
1051,28706,-115.16348,36.113026
1052,28706,-80.00229,40.441166
1053,28706,-79.955475,40.47894
1054,28706,-79.949005,40.444893
1055,30557,-80.00646,40.410748
1056,1056,-79.94724,40.45332
1057,28706,-115.177,36.11199
1058,28706,-115.17239,36.109104
1059,28706,-79.96607,40.46453
1060,28706,-79.95351,40.465714
1061,28706,-79.98495,40.428596
1062,1062,-79.920425,40.475708
1063,28706,-79.95116,40.482693
1064,1064,-79.93151,40.455765
1065,28706,-80.00471,40.44087
1066,30769,-79.94899,40.463673
1067,28706,-80.04673,40.39371
1068,28706,-79.923164,40.43582
1069,28706,-79.96607,40.46453
1070,28706,-115.15078,36.238735
1071,28706,-79.98181,40.452312
1072,28706,-79.916855,40.457188
1073,28706,-79.920425,40.475708
1074,1074,-79.923134,40.433884
1075,1075,-79.95356,40.441143
1076,28706,-79.91953,40.437683
1077,1077,-79.92548,40.457867
1078,28706,-79.93318,40.451622
1079,28706,-80.05209,40.357212
1080,1080,-79.920105,40.43814
1081,1081,-79.95593,40.465305
1082,1082,-79.98752,40.449078
1083,28706,-80.00224,40.45336
1084,30769,-79.9827,40.45157
1085,28706,-111.91155,33.40709
1086,28706,-79.982254,40.453476
1087,28706,-79.923134,40.433884
1088,28706,-79.96747,40.426888
1089,1089,-80.0193,40.438557
1090,1090,-79.8921,40.438145
1091,1091,-79.94718,40.46064
1092,30769,-79.92535,40.45992
1093,1093,-79.95194,40.482704
1094,30769,-111.9405,33.4272
1095,28706,-79.94642,40.454704
1096,28706,-79.96607,40.46453
1097,28706,-79.981476,40.454384
1098,28706,-80.0193,40.438557
1099,28706,-80.00207,40.442333
1100,28706,-79.893654,40.43257
1101,28706,-80.004234,40.44817
1102,1102,-79.9825,40.451843
1103,28706,-79.950676,40.462757
1104,28706,-79.94854,40.461113
1105,1105,-79.92282,40.437557
1106,28706,-79.95635,40.442287
1107,28706,-111.92688,33.500206
1108,1108,-79.99031,40.43877
1109,30557,-79.950676,40.462757
1110,1110,-79.950676,40.462757
1111,1111,-79.92262,40.437115
1112,1112,-79.90396,40.43287
1113,28706,-79.95547,40.43905
1114,28706,-79.98181,40.452312
1115,28706,-79.942276,40.458267
1116,28706,-79.942276,40.458267
1117,28706,-79.95017,40.462555
1118,28706,-80.0193,40.438557
1119,1119,-79.95193,40.451126
1120,28706,-79.91447,40.45037
1121,30769,-79.96413,40.46707
1122,28706,-79.959946,40.470768
1123,28706,-79.97601,40.42828
1124,28706,-111.78893,33.3441
1125,28706,-79.893654,40.43257
1126,1126,-79.94843,40.44481
1127,28706,-80.01676,40.4521
1128,28706,-80.00111,40.443146
1129,28706,-79.87027,40.4041
1130,28706,-80.016235,40.452145
1131,28706,-79.95531,40.43892
1132,28706,-80.029106,40.36062
1133,1133,-80.00207,40.442333
1134,28706,-80.00111,40.443146
1135,28706,-80.00224,40.45336
1136,28706,-115.03154,36.08272
1137,28706,-80.84226,35.225178
1138,28706,-80.017494,40.451614
1139,1139,-80.086105,40.40776
1140,28706,-79.95651,40.442146
1141,1141,-79.983116,40.42868
1142,28706,-80.083626,40.409744
1143,28706,-79.95889,40.47313
1144,1144,-115.17382,36.107162
1145,1145,-79.94864,40.446068
1146,1146,-79.97939,40.428425
1147,28706,-80.81488,35.22101
1148,28706,-111.9555,33.44235
1149,28706,-80.002106,40.43799
1150,28706,-80.083626,40.409744
1151,1151,-80.00111,40.443146
1152,28706,-79.98736,40.427223
1153,28706,-115.102715,35.99111
1154,28706,-79.95194,40.482704
1155,28706,-79.921364,40.438347
1156,28706,-115.17659,36.091938
1157,28706,-79.92414,40.41547
1158,30769,-79.932526,40.451363
1159,28706,-73.5918,45.500866
1160,28706,-79.97488,40.481285
1161,28706,-79.925354,40.460213
1162,30769,-115.1695,36.10743
1163,28706,-80.00022,40.44389
1164,28706,-79.925316,40.458282
1165,28706,-79.92497,40.46028
1166,28706,-79.97601,40.42828
1167,28706,-79.92069,40.43795
1168,28706,-79.92303,40.4378
1169,1169,-79.95889,40.47313
1170,28706,-79.94843,40.44481
1171,28706,-79.922874,40.436363
1172,28706,-79.95085,40.450356
1173,28706,-79.92512,40.460213
1174,28706,-79.89373,40.43257
1175,30557,-79.91776,40.407154
1176,28706,-79.96107,40.46497
1177,30769,-115.17591,36.095425
1178,28706,-79.924446,40.459885
1179,28706,-79.9693,40.42785
1180,28706,-79.897575,40.43961
1181,1181,-79.92308,40.43384
1182,28706,-80.00427,40.4339
1183,28706,-111.92819,33.498146
1184,28706,-79.93359,40.45095
1185,1185,-79.92549,40.45775
1186,28706,-115.1546,36.11997
1187,28706,-79.913895,40.45003
1188,28706,-79.955246,40.438873
1189,28706,-73.57749,45.49822
1190,28706,-80.00034,40.4436
1191,28706,-79.985535,40.45074
1192,28706,-79.97356,40.428085
1193,1193,-79.95799,40.47511
1194,28706,-79.99107,40.43781
1195,28706,-79.96398,40.467052
1196,1196,-79.931335,40.455956
1197,1197,-73.59088,45.51748
1198,1198,-79.9935,40.446003
1199,1199,-79.95789,40.474514
1200,28706,-79.913895,40.45003
1201,28706,-79.92144,40.47658
1202,1202,-79.96897,40.426804
1203,1203,-79.951485,40.45125
1204,28706,-79.92856,40.457752
1205,1205,-79.951035,40.45063
1206,28706,-79.95193,40.451126
1207,28706,-79.98416,40.452114
1208,28706,-79.93373,40.451447
1209,1209,-79.9521,40.46299
1210,1210,-79.8888,40.48707
1211,28706,-79.95085,40.450356
1212,28706,-112.06384,33.517437
1213,1213,-79.92282,40.437557
1214,1214,-79.973274,40.427086
1215,28706,-79.95085,40.450356
1216,30557,-80.002556,40.442036
1217,1217,-79.932915,40.451668
1218,28706,-79.94882,40.44453
1219,1219,-79.951584,40.463028
1220,28706,-115.17124,36.11788
1221,1221,-79.92536,40.45993
1222,28706,-79.93643,40.456856
1223,28706,-79.934586,40.451202
1224,28706,-79.95151,40.482456
1225,28706,-79.95257,40.45219
1226,28706,-79.933464,40.450825
1227,28706,-79.94908,40.445145
1228,28706,-112.07409,33.512627
1229,30769,-80.817314,35.221336
1230,28706,-79.94843,40.44481
1231,28706,-111.93498,33.480534
1232,30769,-79.93287,40.451584
1233,28706,-80.92247,35.190365
1234,28706,-73.55392,45.50554
1235,28706,-73.574394,45.52221
1236,28706,-79.948845,40.461327
1237,28706,-115.190506,36.08786
1238,28706,-115.17328,36.111885
1239,28706,-115.17496,36.121323
1240,30769,-80.001625,40.430992
1241,30769,-79.97488,40.481285
1242,1242,-79.9645,40.42877
1243,28706,-79.91892,40.484554
1244,28706,-79.99704,40.444035
1245,28706,-80.005325,40.447388
1246,1246,-79.92144,40.47658
1247,28706,-79.99823,40.44394
1248,28706,-79.960045,40.470577
1249,28706,-79.95547,40.43905
1250,1250,-79.91957,40.475876
1251,28706,-79.93392,40.450867
1252,28706,-79.94735,40.439247
1253,1253,-79.92144,40.47658
1254,28706,-80.81484,35.24035
1255,28706,-80.86563,35.22945
1256,28706,-80.85118,35.35255
1257,28706,-80.84295,35.226246
1258,1258,-80.75058,35.310417
1259,28706,-80.804596,35.247356
1260,28706,-80.8318,35.14811
1261,28706,-80.849625,35.17086
1262,28706,-80.88197,35.187443
1263,28706,-80.87657,35.15385
1264,28706,-80.92766,35.213753
1265,28706,-80.8288,35.14714
1266,28706,-80.69593,35.11906
1267,28706,-80.83551,35.209496
1268,28706,-80.84226,35.22518
1269,1269,-80.94503,35.322533
1270,1270,-80.82406,35.33806
1271,28706,-80.88197,35.187443
1272,1272,-80.8412,35.199818
1273,28706,-80.86414,35.095043
1274,28706,-80.71199,35.36839
1275,28706,-80.850266,35.23366
1276,28706,-80.85008,35.172905
1277,1277,-80.861,35.210987
1278,1278,-80.91595,35.227707
1279,28706,-80.83948,35.22784
1280,28706,-80.88197,35.187443
1281,1281,-80.848145,35.17423
1282,28706,-115.16997,36.11293
1283,28706,-80.79486,35.218468
1284,28706,-80.86122,35.21396
1285,28706,-80.80948,35.24555
1286,28706,-80.86769,35.205338
1287,28706,-80.841995,35.228313
1288,28706,-115.17234,36.110107
1289,28706,-80.745094,35.312145
1290,28706,-80.71716,35.36997
1291,28706,-80.84687,35.172817
1292,28706,-80.76947,35.213963
1293,28706,-80.76181,35.21186
1294,28706,-80.83493,35.055386
1295,28706,-80.75665,35.33723
1296,1296,-80.94362,35.219006
1297,30557,-80.844475,35.070496
1298,28706,-80.84266,35.225048
1299,28706,-80.83006,35.14594
1300,28706,-80.9438,35.221424
1301,28706,-80.87767,35.16961
1302,28706,-80.85284,35.056007
1303,30769,-115.15448,36.11884
1304,28706,-80.848854,35.08639
1305,28706,-80.84974,35.173286
1306,28706,-80.8137,35.219437
1307,28706,-80.84224,35.22734
1308,28706,-80.729324,35.125607
1309,28706,-80.82656,35.213985
1310,28706,-80.83246,35.21353
1311,1311,-80.96887,35.027836
1312,28706,-80.73881,35.327293
1313,1313,-80.84059,35.22739
1314,1314,-80.84421,35.22746
1315,1315,-80.84136,35.068638
1316,28706,-80.84965,35.174477
1317,28706,-80.86769,35.205338
1318,28706,-80.85488,35.21698
1319,28706,-80.89677,35.225956
1320,28706,-80.851494,35.05252
1321,1321,-80.826164,35.213642
1322,28706,-80.84318,35.22585
1323,28706,-80.850105,35.17086
1324,28706,-80.82398,35.157032
1325,28706,-80.84442,35.202625
1326,28706,-115.1952,36.11531
1327,1327,-80.84295,35.226246
1328,28706,-80.86769,35.205338
1329,28706,-112.000565,33.433685
1330,28706,-80.81229,35.22058
1331,28706,-80.791985,35.256
1332,28706,-80.86769,35.205338
1333,28706,-80.8191,35.212875
1334,28706,-111.907524,33.421535
1335,28706,-80.84837,35.226265
1336,28706,-80.7234,35.30574
1337,28706,-80.806854,35.106895
1338,28706,-80.72688,35.064274
1339,28706,-80.72688,35.064274
1340,28706,-80.93361,35.13755
1341,28706,-80.88197,35.187443
1342,28706,-80.85064,35.086285
1343,1343,-80.87767,35.16961
1344,28706,-80.719315,35.11679
1345,28706,-80.84709,35.171738
1346,1346,-80.882355,35.076523
1347,28706,-80.85239,35.053368
1348,30769,-80.81578,35.219257
1349,1349,-80.88197,35.187443
1350,30557,-80.85311,35.20746
1351,28706,-80.84382,35.200817
1352,28706,-80.84738,35.04229
1353,28706,-80.791985,35.256
1354,28706,-80.812126,35.219738
1355,1355,-80.80712,35.171127
1356,28706,-80.84261,35.06862
1357,28706,-80.828545,35.15261
1358,1358,-80.750626,35.31071
1359,28706,-80.77908,35.095238
1360,28706,-80.824425,35.203094
1361,1361,-80.81737,35.061054
1362,1362,-80.992424,35.05281
1363,1363,-80.805695,35.034657
1364,1364,-80.72033,35.117504
1365,1365,-80.82462,35.20136
1366,28706,-80.843506,35.070168
1367,28706,-80.75586,35.307903
1368,28706,-80.8529,35.19824
1369,28706,-80.85239,35.053368
1370,28706,-80.70622,35.125896
1371,28706,-80.77876,35.096897
1372,28706,-80.86146,35.088596
1373,28706,-80.85365,35.055824
1374,28706,-80.8491,35.174175
1375,28706,-80.826164,35.213642
1376,28706,-80.72608,35.37364
1377,28706,-80.80948,35.24555
1378,28706,-80.829475,35.215073
1379,1379,-80.81584,35.062054
1380,28706,-80.85081,35.05305
1381,28706,-80.83246,35.21353
1382,28706,-80.8542,35.354176
1383,28706,-80.845406,35.087814
1384,28706,-80.69834,35.085304
1385,28706,-80.86561,35.088676
1386,28706,-80.84419,35.226994
1387,28706,-80.844475,35.070496
1388,28706,-80.760956,35.202946
1389,1389,-80.828545,35.15261
1390,28706,-80.82557,35.14567
1391,28706,-80.80695,35.170803
1392,28706,-80.86706,35.089035
1393,1393,-80.84432,35.227757
1394,28706,-80.8451,35.088627
1395,1395,-80.883224,35.180016
1396,28706,-80.842285,35.19989
1397,28706,-80.853264,35.056316
1398,28706,-80.712105,35.132336
1399,28706,-80.81175,35.053493
1400,28706,-80.84573,35.231762
1401,1401,-80.83551,35.209496
1402,30557,-80.845726,35.091328
1403,1403,-80.84839,35.022457
1404,1404,-80.86782,35.093285
1405,28706,-80.882355,35.1089
1406,28706,-80.848854,35.08639
1407,1407,-80.80773,35.106407
1408,28706,-80.738144,35.1357
1409,28706,-80.84093,35.229603
1410,1410,-80.715164,35.14007
1411,1411,-80.85056,35.05698
1412,28706,-80.80921,35.24483
1413,1413,-80.71268,35.13571
1414,1414,-80.86957,35.201088
1415,28706,-80.79995,35.197205
1416,28706,-80.86769,35.205338
1417,28706,-80.821625,35.21582
1418,28706,-80.83551,35.209496
1419,1419,-80.83551,35.209496
1420,28706,-80.98693,35.101482
1421,1421,-80.843506,35.070168
1422,28706,-80.85154,35.057957
1423,1423,-80.72336,35.116
1424,28706,-80.8771,35.1047
1425,28706,-80.8137,35.219437
1426,28706,-80.719315,35.11679
1427,30557,-80.9869,35.10331
1428,28706,-80.80503,35.247604
1429,28706,-80.861435,35.20872
1430,28706,-80.710075,35.12335
1431,1431,-80.84713,35.053158
1432,28706,-80.84687,35.172817
1433,28706,-80.93436,35.07772
1434,28706,-81.03737,35.244488
1435,28706,-80.84732,35.052666
1436,1436,-80.821976,35.186466
1437,1437,-80.91017,35.187122
1438,1438,-80.780174,35.095966
1439,28706,-80.79486,35.218468
1440,28706,-80.86737,35.229053
1441,28706,-80.780174,35.095966
1442,28706,-80.81484,35.24035
1443,28706,-80.82169,35.216213
1444,28706,-80.944046,35.220543
1445,28706,-80.848145,35.08685
1446,1446,-80.83946,35.026176
1447,1447,-80.838264,35.21681
1448,1448,-80.84686,35.22611
1449,28706,-80.843506,35.070168
1450,28706,-80.81337,35.220215
1451,28706,-80.843346,35.20132
1452,28706,-80.9438,35.221424
1453,28706,-80.81175,35.220337
1454,28706,-80.761215,35.211407
1455,1455,-80.81716,35.21237
1456,28706,-80.87974,35.18816
1457,28706,-80.81175,35.053493
1458,28706,-80.85616,35.216366
1459,28706,-80.841064,35.22711
1460,1460,-80.84402,35.070816
1461,28706,-80.84484,35.089493
1462,28706,-80.85149,35.05261
1463,28706,-80.81206,35.219448
1464,28706,-80.83592,35.212738
1465,30769,-80.88708,35.085953
1466,28706,-80.844475,35.070496
1467,1467,-80.98486,35.102867
1468,28706,-80.87738,35.08642
1469,1469,-80.81488,35.22101
1470,28706,-80.84306,35.226566
1471,28706,-115.17496,36.121323
1472,28706,-80.812,35.220078
1473,30769,-115.175804,36.09531
1474,28706,-80.77876,35.096897
1475,28706,-80.72867,35.12427
1476,28706,-80.86409,35.093323
1477,28706,-80.86737,35.229053
1478,28706,-80.86688,35.199303
1479,28706,-80.8451,35.088627
1480,1480,-115.141884,36.16918
1481,28706,-80.729225,35.123352
1482,1482,-80.86414,35.095043
1483,28706,-80.884605,35.08442
1484,30557,-80.84226,35.225178
1485,28706,-80.73002,35.124725
1486,28706,-80.81149,35.245277
1487,1487,-80.85248,35.05401
1488,28706,-80.85149,35.19685
1489,28706,-80.765816,35.277916
1490,1490,-80.81229,35.22058
1491,1491,-80.855446,35.215378
1492,28706,-80.80948,35.24555
1493,1493,-80.8761,35.179295
1494,1494,-80.987404,35.105064
1495,28706,-80.84309,35.22877
1496,1496,-80.882355,35.1089
1497,28706,-80.87974,35.18816
1498,28706,-80.84687,35.172817
1499,28706,-80.76167,35.21151
1500,28706,-80.73496,35.29146
1501,28706,-80.82586,35.196793
1502,1502,-80.825935,35.213448
1503,28706,-80.86122,35.21396
1504,28706,-80.79244,35.204468
1505,28706,-80.85248,35.05401
1506,28706,-80.84226,35.225178
1507,28706,-80.84119,35.228916
1508,28706,-111.88858,33.674915
1509,28706,-80.75586,35.307903
1510,28706,-115.17849,36.10924
1511,28706,-80.84241,35.22867
1512,30769,-111.92753,33.49919
1513,28706,-80.8597,35.2084
1514,28706,-80.81229,35.22058
1515,28706,-80.83798,35.227764
1516,28706,-80.822556,35.216587
1517,30769,-89.38354,43.07628
1518,28706,-80.791985,35.256
1519,28706,-80.84059,35.22739
1520,1520,-80.93436,35.07772
1521,28706,-80.84241,35.22867
1522,28706,-112.02839,33.510456
1523,28706,-80.85239,35.053368
1524,28706,-80.77019,35.214127
1525,28706,-80.83041,35.151836
1526,28706,-80.828545,35.15261
1527,28706,-80.805824,35.24725
1528,28706,-80.855446,35.215378
1529,30769,-80.857635,35.21252
1530,28706,-80.84875,35.174877
1531,28706,-111.925766,33.623943
1532,28706,-80.84523,35.227413
1533,28706,-80.82169,35.216213
1534,1534,-80.82638,35.145947
1535,28706,-80.83207,35.152573
1536,30769,-115.167755,36.123978
1537,28706,-80.84979,35.173267
1538,28706,-80.84142,35.19913
1539,28706,-80.84156,35.226215
1540,28706,-80.84382,35.200817
1541,28706,-80.855446,35.215378
1542,28706,-112.03084,33.487293
1543,28706,-88.24267,40.117126
1544,28706,-80.780174,35.095966
1545,28706,-80.82861,35.152634
1546,28706,-111.95149,33.42273
1547,28706,-80.856674,35.210552
1548,28706,-80.81924,35.22178
1549,28706,-80.844315,35.226254
1550,28706,-80.8465,35.225826
1551,28706,-80.81337,35.220215
1552,28706,-80.81337,35.220215
1553,28706,-80.72867,35.12427
1554,28706,-80.8,35.219612
1555,28706,-115.17453,36.112377
1556,28706,-3.1953738,55.947857
1557,28706,-80.855446,35.215378
1558,28706,-80.79244,35.204468
1559,28706,-80.848076,35.22434
1560,28706,-80.710075,35.12335
1561,28706,-80.85571,35.209984
1562,28706,-80.84119,35.228916
1563,1563,-80.85654,35.215023
1564,30557,-80.8288,35.14714
1565,28706,-115.1736,36.104923
1566,1566,-80.806854,35.106895
1567,1567,-80.84043,35.227478
1568,28706,-80.81924,35.22178
1569,1569,-80.85247,35.2
1570,28706,-80.836,35.20552
1571,28706,-115.26148,36.113655
1572,28706,-115.17306,36.091965
1573,1573,-80.92951,35.145897
1574,1574,-80.944046,35.220543
1575,28706,-80.825935,35.213448
1576,28706,-80.8046,35.247852
1577,30557,-80.842285,35.19989
1578,1578,-80.84078,35.23361
1579,28706,-80.8585,35.211533
1580,1580,-80.78481,35.384064
1581,28706,-80.84702,35.225994
1582,28706,-80.835815,35.212837
1583,1583,-80.791985,35.256
1584,28706,-80.855446,35.215378
1585,28706,-80.812,35.220078
1586,1586,-80.74955,35.30387
1587,28706,-115.151115,36.131237
1588,30769,-80.855515,35.21343
1589,28706,-80.84226,35.22518
1590,28706,-80.83798,35.227764
1591,28706,-80.740555,35.316696
1592,28706,-80.842514,35.228577
1593,28706,-80.84156,35.226215
1594,1594,-80.851906,35.197716
1595,28706,-80.75586,35.307903
1596,28706,-80.85571,35.209984
1597,28706,-80.715256,35.37053
1598,28706,-80.838196,35.22776
1599,28706,-80.84457,35.202496
1600,28706,-80.80432,35.247406
1601,30769,-80.81333,35.22061
1602,28706,-111.94031,33.423107
1603,28706,-80.98457,35.102345
1604,28706,-80.84842,35.224426
1605,28706,-112.04466,33.07018
1606,28706,-80.853714,35.21609
1607,28706,-80.84446,35.202034
1608,28706,-80.88366,35.18137
1609,28706,-80.84226,35.22518
1610,28706,-80.74978,35.307415
1611,30557,-80.73834,35.29622
1612,28706,-80.83798,35.227764
1613,28706,-111.924515,33.497276
1614,1614,-112.098274,33.53864
1615,28706,-80.92431,35.146633
1616,28706,-80.98473,35.103752
1617,28706,-80.85118,35.35255
1618,28706,-80.84499,35.239048
1619,28706,-80.88627,35.162006
1620,28706,-80.82169,35.216213
1621,28706,-115.2092,36.246758
1622,28706,-80.87563,35.16987
1623,1623,-80.84318,35.22585
1624,1624,-80.84324,35.222084
1625,28706,-80.84686,35.22611
1626,28706,-80.856804,35.117275
1627,28706,-80.83428,35.15249
1628,28706,-80.841675,35.228
1629,30769,-111.85977,33.274754
1630,28706,-115.1401,36.169327
1631,28706,-115.176315,36.109913
1632,28706,-80.86737,35.229053
1633,1633,-80.729225,35.123352
1634,28706,-80.79486,35.218468
1635,28706,-80.838264,35.21681
1636,28706,-80.85863,35.08983
1637,28706,-80.722824,35.37281
1638,30769,-80.82494,35.201736
1639,28706,-80.82697,35.21424
1640,1640,-80.812,35.220078
1641,1641,-115.14998,36.1055
1642,30769,-80.828545,35.15261
1643,28706,-80.7687,35.195984
1644,1644,-80.84446,35.202034
1645,28706,-80.84687,35.172817
1646,28706,-80.83914,35.20394
1647,28706,-80.84965,35.174477
1648,28706,-80.84446,35.202034
1649,28706,-80.81587,35.2208
1650,1650,-80.83004,35.151665
1651,1651,-80.822556,35.216587
1652,28706,-111.939804,33.426353
1653,30769,-80.77914,35.095276
1654,28706,-115.175064,36.107677
1655,28706,-80.871765,35.086987
1656,28706,-80.843124,35.227085
1657,28706,-80.81579,35.22064
1658,28706,-80.77921,35.09758
1659,28706,-112.00174,33.436905
1660,28706,-80.855446,35.215378
1661,28706,-80.841965,35.225376
1662,28706,-80.83246,35.147404
1663,28706,-80.843094,35.22526
1664,28706,-80.842155,35.22921
1665,28706,-80.84266,35.225048
1666,28706,-115.14064,36.167877
1667,28706,-115.1736,36.101585
1668,28706,-80.96499,35.00512
1669,28706,-115.15126,36.1089
1670,28706,-80.843506,35.070168
1671,1671,-80.84309,35.22877
1672,1672,-80.857635,35.21252
1673,28706,-111.92448,33.62557
1674,1674,-80.81782,35.061104
1675,28706,-80.83889,35.227463
1676,28706,-80.840805,35.199097
1677,28706,-80.84875,35.174877
1678,1678,-80.845085,35.240665
1679,1679,-80.750626,35.31071
1680,28706,-80.81579,35.22064
1681,28706,-80.8546,35.348373
1682,28706,-80.81578,35.219257
1683,28706,-111.92531,33.526226
1684,28706,-80.81229,35.22058
1685,1685,-80.791985,35.256
1686,28706,-80.85174,35.0535
1687,28706,-80.82902,35.14731
1688,1688,-112.08219,33.466106
1689,1689,-80.77068,35.052113
1690,28706,-80.835556,35.206646
1691,28706,-80.729225,35.123352
1692,28706,-80.842155,35.22921
1693,30557,-80.882774,35.083984
1694,28706,-80.78777,35.235092
1695,28706,-80.841446,35.227985
1696,28706,-80.82638,35.145947
1697,1697,-80.851906,35.197716
1698,1698,-80.8288,35.14714
1699,28706,-73.600624,45.523758
1700,28706,-80.81496,35.219193
1701,28706,-80.85976,35.208424
1702,28706,-80.74944,35.310177
1703,28706,-80.81175,35.220337
1704,28706,-80.854836,35.228397
1705,28706,-80.94362,35.219006
1706,28706,-80.83551,35.209496
1707,30557,-80.88466,35.161373
1708,28706,-80.88573,35.08257
1709,28706,-80.750046,35.30302
1710,28706,-80.93436,35.07772
1711,1711,-80.80695,35.170803
1712,28706,-80.8582,35.089745
1713,28706,-80.85588,35.21002
1714,28706,-80.84043,35.227478
1715,28706,-111.96457,33.53433
1716,30769,-3.1894417,55.95311
1717,28706,-80.87657,35.15385
1718,28706,-115.26144,36.112984
1719,28706,-80.84077,35.226875
1720,28706,-80.944046,35.220543
1721,28706,-80.73974,35.29418
1722,1722,-80.84517,35.226192
1723,28706,-115.17395,36.11303
1724,28706,-80.82469,35.20043
1725,1725,-80.8408,35.226482
1726,28706,-80.84339,35.227993
1727,28706,-111.96611,33.68348
1728,28706,-115.17473,36.098732
1729,28706,-112.03397,33.508984
1730,28706,-115.16588,36.126873
1731,28706,-80.81579,35.22064
1732,28706,-80.835396,35.21244
1733,28706,-80.78481,35.384064
1734,28706,-115.177,36.11199
1735,1735,-80.84432,35.227757
1736,28706,-80.8137,35.219437
1737,28706,-80.7687,35.195984
1738,1738,-80.85654,35.215023
1739,28706,-80.851204,35.08807
1740,28706,-80.84309,35.22877
1741,1741,-80.77921,35.09758
1742,28706,-80.84547,35.224457
1743,28706,-80.84226,35.22518
1744,28706,-80.81106,35.220463
1745,28706,-80.70758,35.1265
1746,1746,-80.83942,35.230232
1747,28706,-80.81445,35.220654
1748,1748,-80.85005,35.16047
1749,30769,-80.99172,35.10174
1750,1750,-80.84686,35.22611
1751,28706,-80.84442,35.202625
1752,28706,-80.84063,35.152016
1753,28706,-80.83798,35.227764
1754,28706,-80.85935,35.209908
1755,1755,-80.98473,35.103752
1756,28706,-80.84487,35.226196
1757,1757,-80.77068,35.052113
1758,1758,-80.8465,35.225826
1759,1759,-80.85174,35.0535
1760,28706,-111.8323,33.378372
1761,1761,-80.83942,35.230232
1762,1762,-80.84523,35.227413
1763,30769,-80.85469,35.214077
1764,28706,-80.8585,35.211533
1765,1765,-80.83942,35.230232
1766,28706,-80.846985,35.17168
1767,28706,-80.791985,35.256
1768,28706,-80.854866,35.349392
1769,28706,-80.84896,35.233486
1770,28706,-80.84444,35.202644
1771,28706,-80.88197,35.187443
1772,28706,-80.88466,35.161373
1773,28706,-80.791145,35.334835
1774,28706,-112.07358,33.442486
1775,30769,-115.17849,36.10924
1776,28706,-115.20641,36.17994
1777,28706,-111.93159,33.830368
1778,28706,-115.17575,36.108307
1779,28706,-115.17618,36.115856
1780,30557,-115.16591,36.127686
1781,28706,-73.56077,45.508335
1782,28706,-80.79463,35.21759
1783,28706,-115.226974,36.11462
1784,28706,-80.9438,35.221424
1785,28706,-115.176575,36.091194
1786,28706,-112.07176,33.44931
1787,1787,-80.89106,35.18008
1788,28706,-80.94421,35.223606
1789,28706,-80.8474,35.22155
1790,28706,-115.17395,36.11303
1791,28706,-80.77836,35.317524
1792,28706,-80.74955,35.30387
1793,28706,-80.8138,35.2191
1794,28706,-80.84123,35.199883
1795,28706,-80.75586,35.307903
1796,28706,-80.877914,35.17622
1797,1797,-80.87526,35.168472
1798,28706,-80.72226,35.116573
1799,28706,-80.83945,35.17438
1800,28706,-80.84972,35.21873
1801,28706,-80.841095,35.222584
1802,28706,-80.86115,35.209026
1803,1803,-80.93213,35.144005
1804,28706,-80.93391,35.075474
1805,28706,-80.826164,35.213642
1806,1806,-80.82461,35.200325
1807,28706,-80.81319,35.220215
1808,28706,-80.84674,35.22601
1809,28706,-80.81206,35.241146
1810,28706,-89.456314,43.014187
1811,28706,-80.84568,35.22235
1812,28706,-80.84446,35.202034
1813,28706,-115.16961,36.121456
1814,30769,-80.841965,35.225376
1815,28706,-80.83482,35.055447
1816,28706,-115.169655,36.12119
1817,28706,-80.93361,35.13755
1818,28706,-80.82555,35.197517
1819,28706,-80.85696,35.220036
1820,28706,-80.74978,35.307415
1821,28706,-80.72708,35.19117
1822,28706,-80.828545,35.15261
1823,28706,-80.84955,35.175262
1824,28706,-80.944046,35.220543
1825,30769,-80.81175,35.220337
1826,28706,-80.850105,35.160545
1827,28706,-112.073105,33.449383
1828,28706,-112.0748,33.448425
1829,28706,-80.83798,35.227764
1830,28706,-80.836845,35.15475
1831,28706,-115.16901,35.965446
1832,1832,-80.81215,35.053654
1833,1833,-115.17332,36.11567
1834,28706,-80.84831,35.17095
1835,28706,-80.85186,35.053413
1836,28706,-80.98988,35.10504
1837,30557,-73.57112,45.5095
1838,28706,-80.82406,35.33806
1839,30769,-80.83798,35.227764
1840,28706,-111.909645,33.40716
1841,28706,-80.8318,35.14811
1842,28706,-80.84013,35.227318
1843,28706,-80.944046,35.220543
1844,28706,-80.74904,35.302338
1845,28706,-80.8636,35.205193
1846,28706,-80.84013,35.227318
1847,28706,-80.85876,35.211227
1848,28706,-80.84573,35.231762
1849,28706,-80.86769,35.205338
1850,30769,-80.86004,35.207157
1851,1851,-81.02778,35.25423
1852,28706,-80.85409,35.05622
1853,28706,-80.83841,35.23079
1854,28706,-80.80695,35.170803
1855,28706,-80.84723,35.02263
1856,28706,-115.17462,36.142902
1857,28706,-80.85056,35.05698
1858,28706,-80.81716,35.21237
1859,28706,-80.84226,35.22518
1860,28706,-80.81337,35.220215
1861,28706,-80.944046,35.220543
1862,28706,-115.08588,36.02942
1863,28706,-115.15112,36.086338
1864,28706,-80.841965,35.225376
1865,28706,-80.8542,35.354176
1866,30557,-80.94279,35.22059
1867,1867,-80.79979,35.17564
1868,28706,-89.36941,43.08006
1869,1869,-80.750626,35.31071
1870,28706,-115.16269,36.144295
1871,28706,-80.93866,35.09545
1872,28706,-80.822556,35.216587
1873,28706,-80.84979,35.173267
1874,28706,-80.848495,35.224663
1875,28706,-115.15716,36.114746
1876,1876,-80.855446,35.215378
1877,28706,-80.84077,35.226875
1878,28706,-80.8191,35.212875
1879,30557,-80.84484,35.089493
1880,1880,-80.83889,35.227463
1881,28706,-80.83188,35.156338
1882,28706,-80.84442,35.202625
1883,28706,-80.84013,35.227318
1884,28706,-89.326256,43.140068
1885,28706,-112.07232,33.457657
1886,28706,-80.842514,35.228577
1887,28706,-80.8,35.219612
1888,28706,-80.84442,35.202625
1889,28706,-80.812126,35.219738
1890,28706,-80.9438,35.221424
1891,1891,-80.84013,35.227318
1892,1892,-115.145645,36.124844
1893,1893,-80.818275,35.213223
1894,28706,-80.844475,35.070496
1895,28706,-111.85849,33.348263
1896,1896,-80.86737,35.229053
1897,1897,-80.84013,35.227318
1898,1898,-80.87563,35.16987
1899,28706,-80.84359,35.200356
1900,28706,-80.65265,35.077168
1901,1901,-80.83889,35.227463
1902,30557,-80.813225,35.219067
1903,28706,-80.85876,35.211227
1904,30557,-80.81782,35.061104
1905,1905,-80.84419,35.226994
1906,28706,-80.842514,35.228577
1907,30769,-115.167404,36.126812
1908,30769,-115.17459,36.112022
1909,1909,-80.85204,35.34832
1910,28706,-80.84442,35.202625
1911,28706,-80.84318,35.22585
1912,28706,-80.8512,35.234673
1913,1913,-80.845665,35.23918
1914,28706,-80.838165,35.23109
1915,28706,-80.79759,35.17638
1916,1916,-80.84012,35.15234
1917,28706,-80.854935,35.216293
1918,28706,-80.838745,35.19644
1919,28706,-80.85149,35.05261
1920,1920,-80.83798,35.227764
1921,28706,-80.80893,35.034092
1922,30769,-115.16908,36.123558
1923,1923,-80.822556,35.216587
1924,1924,-80.86443,35.203014
1925,28706,-80.78368,35.212433
1926,28706,-80.84547,35.224457
1927,28706,-115.33387,36.152832
1928,28706,-80.84115,35.22782
1929,28706,-80.76947,35.213963
1930,28706,-80.84379,35.22627
1931,1931,-80.81206,35.241146
1932,28706,-80.84749,35.08565
1933,30769,-80.9054,35.136276
1934,1934,-80.855446,35.215378
1935,28706,-80.84253,35.226448
1936,1936,-80.737816,35.296696
1937,28706,-80.84419,35.07105
1938,1938,-80.85616,35.216366
1939,1939,-80.839645,35.22161
1940,1940,-80.844315,35.226254
1941,28706,-80.838264,35.21681
1942,28706,-80.86769,35.205338
1943,30769,-80.73764,35.140625
1944,28706,-80.821625,35.21582
1945,30769,-80.84382,35.200817
1946,28706,-112.00717,33.435467
1947,28706,-80.856674,35.210552
1948,1948,-80.848495,35.224663
1949,28706,-80.86706,35.089035
1950,28706,-115.1725,36.110065
1951,28706,-115.06474,36.121418
1952,1952,-80.72867,35.12427
1953,28706,-80.82169,35.216213
1954,28706,-80.76707,35.279892
1955,28706,-80.84309,35.22877
1956,30557,-80.8761,35.179295
1957,28706,-80.9373,35.305157
1958,1958,-112.0037,33.49516
1959,1959,-80.77876,35.096897
1960,30769,-80.81716,35.21237
1961,1961,-80.84115,35.22782
1962,28706,-80.84965,35.174477
1963,28706,-80.855446,35.215378
1964,1964,-80.71115,35.365433
1965,28706,-80.836,35.20552
1966,30769,-80.84115,35.22782
1967,28706,-80.88263,35.178288
1968,30557,-80.9373,35.305157
1969,28706,-80.81716,35.21237
1970,1970,-80.81279,35.21906
1971,30557,-73.57175,45.50858
1972,28706,-80.85641,35.23433
1973,1973,-115.1173,36.10117
1974,30557,-80.83176,35.15394
1975,1975,-80.80503,35.247604
1976,28706,-80.8137,35.219437
1977,28706,-80.8412,35.199818
1978,1978,-80.826744,35.214165
1979,28706,-80.86092,35.206688
1980,1980,-80.8408,35.226482
1981,28706,-80.84446,35.202034
1982,28706,-80.83889,35.227463
1983,28706,-80.93391,35.075474
1984,28706,-80.83889,35.227463
1985,30557,-80.83889,35.227463
1986,1986,-80.841995,35.228313
1987,28706,-80.84615,35.22533
1988,28706,-111.929985,33.496662
1989,1989,-111.91712,33.64557
1990,28706,-80.82185,35.221504
1991,30769,-80.8761,35.139603
1992,28706,-80.849266,35.17167
1993,28706,-80.81689,35.22073
1994,28706,-80.83428,35.15249
1995,30769,-80.806854,35.106895
1996,28706,-80.85603,35.348896
1997,28706,-80.848076,35.22434
1998,1998,-80.86158,35.208755
1999,28706,-80.84226,35.225178
2000,28706,-80.804146,35.247776
2001,28706,-80.85757,35.214363
2002,28706,-80.73047,35.37428
2003,28706,-115.17345,36.10306
2004,28706,-112.07551,33.449596
2005,2005,-80.842155,35.22921
2006,2006,-80.8451,35.088627
2007,28706,-80.86115,35.209026
2008,28706,-80.84222,35.06838
2009,2009,-80.841995,35.228313
2010,28706,-80.84907,35.160313
2011,28706,-115.16587,36.126877
2012,28706,-80.84875,35.174877
2013,28706,-80.84942,35.17096
2014,28706,-80.89106,35.18008
2015,28706,-80.83933,35.22506
2016,28706,-80.836845,35.15475
2017,28706,-80.857635,35.21252
2018,28706,-80.8137,35.219437
2019,28706,-80.8585,35.211533
2020,28706,-73.55787,45.50043
2021,30557,-111.96457,33.53433
2022,28706,-80.77451,35.23672
2023,28706,-80.841965,35.225376
2024,30769,-80.84732,35.226967
2025,28706,-115.14479,36.170017
2026,2026,-80.84457,35.202496
2027,28706,-80.81737,35.061054
2028,2028,-80.805824,35.24725
2029,2029,-80.84144,35.227737
2030,28706,-111.941315,33.625683
2031,28706,-80.86769,35.205338
2032,28706,-80.81116,35.219177
2033,2033,-80.68446,35.138348
2034,2034,-80.82393,35.155994
2035,28706,-80.80584,35.24687
2036,30557,-80.841965,35.225376
2037,28706,-80.84442,35.202625
2038,28706,-115.209656,36.127045
2039,28706,-80.84511,35.238907
2040,28706,-80.857635,35.21252
2041,28706,-80.86769,35.205338
2042,2042,-80.85168,35.055405
2043,28706,-80.7234,35.30574
2044,28706,-80.70224,35.12819
2045,28706,-80.850105,35.160545
2046,30557,-80.84359,35.200356
2047,28706,-80.83791,35.22758
2048,28706,-80.80948,35.24555
2049,2049,-115.17087,36.10242
2050,28706,-80.86122,35.21396
2051,28706,-80.826744,35.214165
2052,28706,-80.86561,35.088676
2053,28706,-80.842285,35.19989
2054,28706,-80.81337,35.220215
2055,28706,-80.77077,35.052982
2056,30557,-80.817314,35.221336
2057,28706,-80.82628,35.213722
2058,28706,-80.7296,35.081844
2059,28706,-80.84224,35.22734
2060,28706,-115.242714,36.036674
2061,28706,-80.81561,35.220566
2062,28706,-80.85616,35.216366
2063,28706,-80.83188,35.156338
2064,2064,-80.80488,35.24732
2065,2065,-80.84322,35.06882
2066,30769,-80.75586,35.307903
2067,2067,-80.93436,35.07772
2068,2068,-80.737656,35.16283
2069,28706,-115.13808,36.167904
2070,2070,-115.141846,36.17241
2071,28706,-80.793304,35.03872
2072,28706,-80.81206,35.219448
2073,28706,-80.842155,35.22921
2074,28706,-115.1546,36.11997
2075,28706,-115.17784,36.092987
2076,28706,-115.17516,36.109875
2077,28706,-80.84253,35.226448
2078,28706,-73.750114,45.456585
2079,30557,-80.7978,35.176723
2080,28706,-80.855446,35.215378
2081,28706,-80.791145,35.334835
2082,2082,-80.84932,35.17512
2083,28706,-81.0058,35.272568
2084,30769,-80.828545,35.15261
2085,28706,-80.8758,35.159824
2086,28706,-115.17054,36.10259
2087,28706,-80.84905,35.217537
2088,28706,-80.84932,35.16113
2089,2089,-80.93977,35.242043
2090,28706,-80.99172,35.10174
2091,30557,-80.88657,35.162937
2092,28706,-80.74168,35.295757
2093,28706,-80.94015,35.13591
2094,28706,-80.87657,35.15385
2095,2095,-80.825935,35.213448
2096,28706,-80.86014,35.20661
2097,28706,-80.8137,35.219437
2098,28706,-80.85273,35.34764
2099,28706,-80.81279,35.21906
2100,30557,-115.14639,36.081303
2101,2101,-80.737595,35.297573
2102,28706,-80.84309,35.22877
2103,28706,-115.262115,36.196945
2104,28706,-80.92195,35.190178
2105,30557,-80.84831,35.17095
2106,28706,-80.845085,35.240665
2107,28706,-111.72112,33.36568
2108,28706,-80.92379,35.228855
2109,28706,-80.84487,35.226196
2110,2110,-80.81176,35.218914
2111,28706,-80.8627,35.208965
2112,28706,-80.80948,35.24555
2113,2113,-80.84442,35.202625
2114,30557,-80.86414,35.095043
2115,2115,-80.93672,35.136356
2116,28706,-80.825935,35.213448
2117,28706,-80.849,35.171814
2118,28706,-80.8525,35.198616
2119,28706,-80.852196,35.2195
2120,30769,-80.81175,35.220337
2121,2121,-80.8288,35.14714
2122,28706,-80.745094,35.312145
2123,28706,-80.75656,35.309387
2124,28706,-80.84905,35.217537
2125,28706,-80.77921,35.09758
2126,2126,-80.84905,35.217537
2127,28706,-80.86122,35.21396
2128,28706,-80.84468,35.223866
2129,28706,-80.85251,35.200462
2130,28706,-80.84309,35.22877
2131,30557,-80.81496,35.219193
2132,2132,-80.67065,35.28332
2133,30557,-80.83176,35.15394
2134,28706,-80.83798,35.227764
2135,28706,-80.848076,35.22434
2136,28706,-80.835815,35.212837
2137,30769,-80.84868,35.22403
2138,28706,-80.8761,35.179295
2139,28706,-80.85876,35.211227
2140,28706,-80.84446,35.202034
2141,28706,-80.84875,35.174877
2142,28706,-80.85174,35.0535
2143,28706,-80.747345,35.29738
2144,28706,-80.84309,35.22877
2145,2145,-80.935394,35.138138
2146,28706,-80.78777,35.235092
2147,2147,-80.81733,35.220654
2148,2148,-80.83551,35.209496
2149,28706,-115.17186,36.11744
2150,28706,-80.93361,35.13755
2151,28706,-80.84875,35.174877
2152,2152,-80.84965,35.174477
2153,28706,-111.92562,33.491695
2154,30557,-80.82424,35.212017
2155,2155,-80.87645,35.166206
2156,2156,-80.944695,35.12989
2157,2157,-80.799644,35.176636
2158,2158,-80.86737,35.229053
2159,30769,-80.77111,35.06428
2160,28706,-80.799644,35.176636
2161,28706,-80.81229,35.22058
2162,28706,-115.17422,36.109562
2163,28706,-115.17582,36.11773
2164,28706,-80.81206,35.241146
2165,28706,-80.857635,35.21252
2166,28706,-80.81175,35.220337
2167,28706,-80.85571,35.209984
2168,2168,-80.844475,35.070496
2169,2169,-80.80546,35.247375
2170,28706,-80.81918,35.22167
2171,28706,-80.84,35.174778
2172,28706,-80.84115,35.22782
2173,28706,-111.926735,33.657112
2174,28706,-80.70049,35.13039
2175,28706,-80.855835,35.210754
2176,28706,-80.85326,35.348793
2177,28706,-80.81716,35.21237
2178,28706,-80.84502,35.20314
2179,28706,-80.82494,35.201736
2180,28706,-80.807144,35.17182
2181,28706,-80.84,35.174778
2182,28706,-80.8761,35.179295
2183,28706,-80.80123,35.178036
2184,28706,-80.83551,35.209496
2185,28706,-80.8607,35.209244
2186,2186,-80.843506,35.070168
2187,28706,-80.852196,35.2195
2188,2188,-80.938576,35.057438
2189,28706,-115.15387,36.110085
2190,2190,-80.82169,35.216213
2191,2191,-80.82461,35.200325
2192,2192,-80.84383,35.22691
2193,28706,-80.79486,35.218468
2194,2194,-80.81206,35.241146
2195,28706,-80.85935,35.209908
2196,28706,-80.81043,35.220932
2197,28706,-80.84,35.174778
2198,28706,-115.22625,36.086525
2199,30557,-80.818085,35.21314
2200,28706,-80.805695,35.034657
2201,2201,-80.828156,35.151096
2202,28706,-80.93542,35.13835
2203,28706,-80.804825,35.24775
2204,28706,-80.82797,35.146362
2205,28706,-80.8546,35.348373
2206,28706,-80.84658,35.170643
2207,28706,-80.843506,35.070168
2208,2208,-80.82792,35.15396
2209,30769,-80.81716,35.21237
2210,28706,-80.855835,35.210754
2211,28706,-80.84119,35.22911
2212,28706,-115.172455,36.111073
2213,28706,-80.828545,35.15261
2214,28706,-80.81716,35.21237
2215,2215,-80.79244,35.204468
2216,28706,-80.84382,35.200817
2217,28706,-79.961075,40.46995
2218,28706,-80.859634,35.21071
2219,28706,-80.936554,35.145733
2220,28706,-80.791985,35.256
2221,30769,-80.738144,35.1357
2222,28706,-80.8318,35.14811
2223,28706,-115.19496,36.114685
2224,28706,-115.209656,36.127045
2225,28706,-115.17688,36.111946
2226,28706,-80.81149,35.245277
2227,2227,-80.662704,35.17221
2228,28706,-80.81716,35.21237
2229,2229,-80.83798,35.227764
2230,28706,-111.995705,33.63991
2231,28706,-80.86004,35.207157
2232,30557,-80.88079,35.107975
2233,28706,-80.8749,35.189774
2234,28706,-80.83491,35.2131
2235,2235,-80.84722,35.08597
2236,28706,-80.82852,35.215477
2237,28706,-80.82462,35.20136
2238,30769,-80.86146,35.088596
2239,28706,-80.81561,35.220566
2240,2240,-80.82852,35.215477
2241,2241,-80.84482,35.199852
2242,2242,-80.84379,35.22627
2243,28706,-80.8138,35.2191
2244,28706,-80.86405,35.229416
2245,28706,-80.85118,35.35255
2246,28706,-80.88002,35.17877
2247,28706,-80.80712,35.171127
2248,28706,-81.0058,35.272568
2249,2249,-80.84168,35.15213
2250,28706,-80.83987,35.132023
2251,28706,-80.86405,35.229416
2252,28706,-80.82453,35.202103
2253,28706,-80.8135,35.33469
2254,28706,-80.84831,35.17095
2255,30769,-80.81587,35.2208
2256,2256,-80.81716,35.21237
2257,2257,-80.826164,35.213642
2258,2258,-80.826164,35.213642
2259,28706,-80.85064,35.086285
2260,28706,-80.70224,35.12819
2261,28706,-115.17306,36.091965
2262,28706,-80.72708,35.19117
2263,28706,-80.70828,35.1268
2264,28706,-79.964424,40.462208
2265,28706,-80.825935,35.213448
2266,30769,-80.85876,35.211227
2267,28706,-80.73764,35.140625
2268,28706,-80.87531,35.155407
2269,28706,-80.845085,35.240665
2270,28706,-80.82586,35.196793
2271,2271,-115.284355,36.138515
2272,2272,-80.843506,35.070168
2273,28706,-80.82398,35.157032
2274,28706,-80.81733,35.220654
2275,28706,-80.75586,35.307903
2276,2276,-80.82656,35.213985
2277,2277,-80.8412,35.199818
2278,28706,-111.92483,33.63489
2279,28706,-80.84687,35.172817
2280,28706,-80.826164,35.213642
2281,2281,-115.25142,36.067112
2282,28706,-80.77807,35.104717
2283,30557,-80.861115,35.20664
2284,28706,-80.812,35.220078
2285,2285,-80.81299,35.05344
2286,2286,-80.848145,35.17423
2287,28706,-80.845024,35.239048
2288,2288,-80.80634,35.03434
2289,2289,-80.843506,35.070168
2290,2290,-111.68722,33.37454
2291,28706,-80.845665,35.23918
2292,28706,-80.84573,35.231762
2293,28706,-80.82113,35.214535
2294,28706,-80.8138,35.2191
2295,28706,-80.82462,35.20136
2296,28706,-80.87846,35.137302
2297,2297,-80.944695,35.12989
2298,28706,-80.856674,35.210552
2299,28706,-80.80878,35.204247
2300,30557,-80.85247,35.2
2301,28706,-80.85616,35.216366
2302,30769,-80.84713,35.053158
2303,28706,-80.8122,35.053814
2304,2304,-80.88197,35.187443
2305,28706,-80.88627,35.162006
2306,2306,-80.70224,35.12819
2307,28706,-80.82113,35.214535
2308,30769,-80.73002,35.124725
2309,28706,-80.75586,35.307903
2310,2310,-80.82113,35.214535
2311,28706,-80.81175,35.220337
2312,28706,-80.8,35.219612
2313,28706,-80.73821,35.317947
2314,2314,-80.8761,35.179295
2315,28706,-80.672165,35.318203
2316,28706,-80.84927,35.171734
2317,28706,-80.87728,35.082138
2318,28706,-80.83188,35.156338
2319,30557,-80.87974,35.18816
2320,28706,-115.176315,36.109913
2321,28706,-115.14069,36.169037
2322,28706,-89.52668,43.093647
2323,30769,-115.16879,36.122967
2324,28706,-115.15057,36.135254
2325,28706,-115.17019,36.123405
2326,28706,-111.89978,33.523556
2327,30769,-111.99559,33.511234
2328,28706,-115.1725,36.127174
2329,30557,-73.58058,45.519264
2330,28706,-115.168106,36.103798
2331,30769,-3.1858778,55.947155
2332,28706,-115.17306,36.091965
2333,30557,-115.167725,36.103397
2334,28706,-80.737595,35.297573
2335,28706,-115.08998,36.020554
2336,28706,-111.8591,33.377247
2337,2337,-115.16416,36.06009
2338,28706,-115.25142,36.067112
2339,28706,-111.91975,33.636482
2340,28706,-115.15271,36.108807
2341,28706,-115.16938,36.10251
2342,28706,-115.16923,36.121773
2343,28706,-111.8251,33.36258
2344,28706,-80.77451,35.23672
2345,28706,-80.85504,35.353085
2346,28706,-115.1529,36.13159
2347,28706,-111.9258,33.477177
2348,28706,-115.167725,36.103397
2349,28706,-80.83901,35.17464
2350,30557,-115.15979,36.11516
2351,28706,-115.16845,36.123913
2352,30769,-115.17704,36.10762
2353,28706,-115.17368,36.12316
2354,28706,-80.83889,35.227463
2355,28706,-111.93159,33.830368
2356,28706,-115.168724,36.123
2357,28706,-111.77165,33.406406
2358,28706,-115.17581,36.08995
2359,2359,-80.944046,35.220543
2360,28706,-73.55482,45.507256
2361,28706,-115.16592,36.127502
2362,28706,-112.006714,33.435715
2363,28706,-115.170616,36.124756
2364,28706,-112.185715,33.583206
2365,28706,-111.93395,33.49345
2366,28706,-115.167755,36.123943
2367,28706,-115.174644,36.109913
2368,28706,-115.17243,36.119926
2369,28706,-115.174416,36.127724
2370,28706,-112.2877,33.564358
2371,28706,-80.00034,40.4436
2372,28706,-115.176155,36.09279
2373,28706,-111.97825,33.74134
2374,28706,-111.960075,33.349594
2375,28706,-80.944046,35.220543
2376,28706,-115.17787,36.11706
2377,28706,-115.168816,36.11002
2378,28706,-111.976555,33.677334
2379,28706,-115.1695,36.10743
2380,28706,-115.17033,36.12362
2381,28706,-112.06516,33.519554
2382,28706,-73.750114,45.456585
2383,28706,-112.08059,33.4803
2384,28706,-111.999176,33.442745
2385,28706,-112.06453,33.531372
2386,28706,-115.168846,36.122505
2387,28706,-111.99575,33.50231
2388,28706,-80.944046,35.220543
2389,28706,-115.17644,36.116367
2390,30769,-115.15822,36.161972
2391,28706,-115.17086,36.10993
2392,28706,-111.99778,33.451496
2393,28706,-112.240166,33.58112
2394,28706,-88.2437,40.118378
2395,28706,-115.08266,36.15512
2396,28706,-115.14867,36.08358
2397,28706,-115.17407,36.121197
2398,28706,-115.17501,36.11692
2399,28706,-115.17618,36.115856
2400,2400,-115.171135,36.117336
2401,28706,-111.7195,33.34711
2402,28706,-73.55588,45.501442
2403,28706,-115.17027,36.12308
2404,28706,-80.944046,35.220543
2405,28706,-115.18231,36.140705
2406,28706,-80.9438,35.221424
2407,28706,-112.26275,33.527668
2408,28706,-111.91631,33.451744
2409,28706,-115.14064,36.167877
2410,28706,-115.19791,36.125908
2411,30769,-80.854935,35.216297
2412,28706,-80.944046,35.220543
2413,28706,-88.22969,40.110043
2414,2414,-112.02849,33.510426
2415,2415,-115.150406,36.08863
2416,28706,-111.926315,33.490158
2417,2417,-80.944046,35.220543
2418,28706,-73.60804,45.530563
2419,28706,-73.581505,45.530922
2420,30557,-73.587036,45.52039
2421,30557,-89.38434,43.07243
2422,30769,-115.14528,36.1616
2423,28706,-111.8578,33.365765
2424,30769,-115.17473,36.098732
2425,28706,-79.98752,40.449078
2426,28706,-80.843506,35.070168
2427,28706,-80.91943,35.183266
2428,28706,-79.95666,40.442276
2429,28706,-111.999565,33.495495
2430,28706,-80.828545,35.15261
2431,28706,-80.84137,35.228867
2432,28706,-111.941376,33.423275
2433,28706,-111.95392,33.40789
2434,28706,-80.944046,35.220543
2435,28706,-115.257744,36.26483
2436,28706,-80.80133,35.17737
2437,28706,-115.13595,36.105026
2438,2438,-112.06483,33.457333
2439,28706,-111.98909,33.42159
2440,28706,-80.937355,35.135857
2441,2441,-80.83493,35.055386
2442,28706,-112.057686,33.639492
2443,28706,-80.944046,35.220543
2444,28706,-111.921135,33.499172
2445,28706,-115.173874,36.109753
2446,2446,-115.155205,36.14771
2447,28706,-73.56928,45.50419
2448,2448,-80.7174,35.36955
2449,28706,-80.8758,35.159824
2450,28706,-80.944046,35.220543
2451,28706,-112.073875,33.446995
2452,28706,-80.8758,35.159824
2453,28706,-80.84123,35.199883
2454,28706,-80.70224,35.12819
2455,28706,-115.22152,36.228466
2456,28706,-111.96797,33.317436
2457,28706,-115.13576,36.035084
2458,28706,-80.944046,35.220543
2459,28706,-112.006714,33.435715
2460,28706,-80.944016,35.220257
2461,30769,-88.23019,40.11038
2462,28706,-115.27997,36.078644
2463,28706,-80.944046,35.220543
2464,28706,-80.944046,35.220543
2465,30769,-115.15126,36.1089
2466,28706,-80.944046,35.220543
2467,28706,-80.85149,35.05261
2468,28706,-115.17124,36.11788
2469,2469,-80.88708,35.085953
2470,2470,-89.51173,43.095787
2471,28706,-80.9438,35.221424
2472,28706,-80.828545,35.15261
2473,28706,-80.944046,35.220543
2474,28706,-115.1068,36.071945
2475,2475,-80.01567,40.446617
2476,28706,-115.15112,36.086338
2477,30769,-73.57453,45.496788
2478,28706,-111.83632,33.587124
2479,28706,-80.944046,35.220543
2480,28706,-80.81106,35.220463
2481,30557,-80.944046,35.220543
2482,28706,-80.83592,35.212738
2483,28706,-115.127525,36.020584
2484,28706,-89.38412,43.074703
2485,28706,-80.75565,35.294712
2486,28706,-80.944046,35.220543
2487,28706,-80.944046,35.220543
2488,28706,-80.944046,35.220543
2489,30769,-112.01903,33.540977
2490,30769,-80.944046,35.220543
2491,28706,-111.97622,33.676357
2492,28706,-80.944046,35.220543
2493,30557,-80.944046,35.220543
2494,28706,-80.944046,35.220543
2495,28706,-80.84012,35.15234
2496,28706,-80.81716,35.21237
2497,28706,-80.863365,35.229313
2498,28706,-80.855835,35.210754
2499,28706,-80.81175,35.220337
2500,28706,-80.81924,35.22178
2501,2501,-80.95081,35.151787
2502,28706,-80.72212,35.36922
2503,28706,-80.87974,35.18816
2504,28706,-80.838196,35.22776
2505,28706,-80.88912,35.22449
2506,28706,-80.84687,35.172817
2507,28706,-80.82622,35.19799
2508,28706,-80.853,35.19803
2509,2509,-111.883736,33.583702
2510,28706,-80.833626,35.221504
2511,30557,-80.84168,35.15213
2512,2512,-80.82802,35.154266
2513,2513,-80.84482,35.199852
2514,28706,-80.78368,35.212433
2515,2515,-80.849266,35.17167
2516,30769,-115.175026,36.121967
2517,28706,-80.849266,35.17167
2518,30769,-115.17113,36.12856
2519,28706,-80.821625,35.21582
2520,28706,-80.82461,35.200325
2521,2521,-80.8318,35.14811
2522,28706,-115.14339,36.169838
2523,2523,-80.863754,35.203762
2524,30769,-80.84012,35.15234
2525,28706,-80.844475,35.070496
2526,28706,-80.844475,35.070496
2527,2527,-80.8585,35.211533
2528,2528,-80.70224,35.12819
2529,2529,-80.79466,35.15652
2530,30557,-80.84261,35.06862
2531,2531,-80.80747,35.171265
2532,2532,-80.78368,35.212433
2533,28706,-80.844475,35.070496
2534,2534,-80.85757,35.116966
2535,28706,-80.81543,35.062252
2536,28706,-80.814415,35.240734
2537,30769,-80.84422,35.232487
2538,30769,-80.84309,35.22877
2539,2539,-80.84123,35.199883
2540,2540,-80.85005,35.16047
2541,28706,-80.828545,35.15261
2542,2542,-80.823685,35.156307
2543,2543,-111.96613,33.684566
2544,2544,-80.82785,35.15082
2545,28706,-80.81206,35.241146
2546,28706,-80.77451,35.23672
2547,2547,-80.75665,35.33723
2548,28706,-80.81206,35.241146
2549,2549,-80.858955,35.092243
2550,28706,-80.749275,35.310623
2551,28706,-115.16935,35.965126
2552,28706,-80.84979,35.173267
2553,28706,-80.80948,35.24555
2554,2554,-80.84261,35.06862
2555,28706,-80.81488,35.22101
2556,2556,-80.812,35.220078
2557,28706,-111.93209,33.50269
2558,28706,-80.83187,35.153908
2559,28706,-115.18219,36.10132
2560,28706,-80.794655,35.15654
2561,30557,-115.149734,36.11512
2562,28706,-80.7296,35.081844
2563,28706,-80.88562,35.082645
2564,28706,-80.74955,35.30387
2565,2565,-80.79589,35.335686
2566,2566,-80.844315,35.226254
2567,28706,-80.853,35.19803
2568,28706,-80.874886,35.194466
2569,2569,-80.98988,35.10504
2570,28706,-80.81337,35.220215
2571,2571,-80.82779,35.146812
2572,2572,-80.780136,35.09601
2573,28706,-80.822556,35.216587
2574,28706,-80.8288,35.14714
2575,2575,-80.85284,35.056007
2576,28706,-80.835815,35.212837
2577,28706,-80.82779,35.146812
2578,28706,-80.81726,35.07896
2579,2579,-80.8288,35.14714
2580,2580,-80.83798,35.227764
2581,2581,-80.82453,35.202103
2582,2582,-80.82586,35.196793
2583,28706,-80.812126,35.219738
2584,28706,-80.83176,35.15394
2585,28706,-80.75417,35.30588
2586,28706,-80.69245,35.081844
2587,28706,-80.861,35.210987
2588,2588,-80.850105,35.17086
2589,2589,-80.856674,35.210552
2590,2590,-80.828156,35.151096
2591,28706,-80.844475,35.070496
2592,2592,-80.83304,35.14736
2593,2593,-80.83342,35.14839
2594,28706,-80.75586,35.307903
2595,28706,-80.857635,35.21252
2596,28706,-80.84875,35.174877
2597,28706,-115.24279,36.198753
2598,28706,-80.93305,35.137833
2599,28706,-80.84965,35.174477
2600,2600,-81.045166,35.25219
2601,28706,-80.834305,35.152843
2602,28706,-80.8597,35.2084
2603,28706,-80.68446,35.138348
2604,30557,-80.88708,35.085953
2605,2605,-80.93436,35.07772
2606,28706,-80.76431,35.199528
2607,2607,-81.03737,35.244488
2608,28706,-80.828545,35.15261
2609,28706,-80.81488,35.22101
2610,2610,-80.80432,35.247406
2611,28706,-80.84989,35.17166
2612,28706,-80.86769,35.205338
2613,28706,-115.173004,36.08616
2614,30769,-80.84226,35.22518
2615,28706,-80.98457,35.102345
2616,28706,-80.838165,35.23109
2617,28706,-80.824425,35.203094
2618,28706,-80.828156,35.151096
2619,28706,-80.85488,35.21698
2620,2620,-80.84927,35.171734
2621,2621,-80.79463,35.21759
2622,28706,-80.84831,35.17095
2623,2623,-80.8412,35.199818
2624,28706,-115.17087,36.10242
2625,2625,-80.99087,35.04719
2626,28706,-111.89333,33.62839
2627,2627,-80.82453,35.202103
2628,28706,-80.85541,35.2154
2629,2629,-80.80878,35.204247
2630,28706,-80.83041,35.151836
2631,2631,-80.80878,35.204247
2632,28706,-80.84379,35.22627
2633,28706,-80.750656,35.30877
2634,28706,-112.07341,33.5137
2635,28706,-80.8585,35.211533
2636,30557,-73.57779,45.529545
2637,28706,-80.94419,35.007748
2638,28706,-80.74904,35.302338
2639,28706,-80.85906,35.349594
2640,28706,-80.8627,35.208965
2641,30557,-80.839645,35.15207
2642,30769,-80.748726,35.304276
2643,28706,-80.71115,35.365433
2644,2644,-80.855835,35.210754
2645,2645,-80.74961,35.310642
2646,28706,-80.843124,35.227085
2647,2647,-80.83889,35.227463
2648,2648,-80.74929,35.309227
2649,2649,-80.85976,35.208424
2650,30769,-80.80948,35.24555
2651,28706,-80.848854,35.352043
2652,28706,-80.84732,35.226967
2653,28706,-80.8585,35.211533
2654,2654,-80.86563,35.22945
2655,28706,-80.85409,35.05622
2656,28706,-115.22406,36.12772
2657,28706,-115.33271,36.15179
2658,28706,-80.95775,35.019943
2659,2659,-80.84722,35.08597
2660,28706,-80.83555,35.21173
2661,28706,-80.83798,35.227764
2662,28706,-80.84965,35.174477
2663,28706,-89.289276,43.148617
2664,28706,-80.85488,35.21698
2665,2665,-80.84119,35.228916
2666,28706,-80.84875,35.174877
2667,28706,-80.840034,35.17451
2668,28706,-80.842514,35.228577
2669,2669,-80.93213,35.144005
2670,28706,-80.84147,35.228134
2671,28706,-115.1725,36.110065
2672,2672,-80.85239,35.053368
2673,28706,-111.94996,33.451237
2674,2674,-80.88366,35.18137
2675,28706,-80.93361,35.13755
2676,2676,-80.83889,35.227463
2677,2677,-80.81709,35.06069
2678,28706,-80.81716,35.21237
2679,28706,-80.75267,35.30617
2680,28706,-80.81337,35.220215
2681,28706,-80.85695,35.11738
2682,2682,-80.805824,35.24725
2683,2683,-80.85876,35.211227
2684,2684,-80.86561,35.088676
2685,2685,-80.85154,35.057957
2686,28706,-80.8138,35.059113
2687,28706,-80.84932,35.16113
2688,28706,-80.842285,35.19989
2689,28706,-80.761215,35.211407
2690,28706,-80.85738,35.088554
2691,2691,-80.81393,35.05862
2692,28706,-80.86561,35.088676
2693,2693,-80.81584,35.062054
2694,2694,-80.84322,35.06882
2695,30769,-115.19311,36.158806
2696,2696,-80.868095,35.090508
2697,2697,-80.85154,35.057957
2698,28706,-80.846985,35.17168
2699,28706,-80.99141,35.04635
2700,30769,-80.73002,35.124725
2701,2701,-80.844475,35.070496
2702,28706,-80.85695,35.11738
2703,2703,-80.85186,35.053413
2704,2704,-80.848854,35.08639
2705,2705,-80.85876,35.211227
2706,2706,-80.70224,35.12819
2707,28706,-80.77147,35.061897
2708,2708,-80.84681,35.022648
2709,2709,-80.8138,35.059113
2710,2710,-80.86706,35.089035
2711,28706,-80.84226,35.22518
2712,30769,-80.86414,35.095043
2713,2713,-80.85227,35.05421
2714,28706,-80.812096,35.241554
2715,28706,-80.84569,35.239365
2716,2716,-80.73002,35.124725
2717,28706,-115.173706,36.107292
2718,2718,-80.80773,35.106407
2719,30769,-80.81426,35.060837
2720,2720,-80.93436,35.07772
2721,28706,-80.750656,35.30877
2722,28706,-80.76206,35.21154
2723,2723,-80.82169,35.216213
2724,28706,-80.81351,35.334774
2725,2725,-115.17407,36.121197
2726,2726,-80.736565,35.135166
2727,28706,-80.81887,35.221497
2728,2728,-80.750694,35.310898
2729,2729,-80.81206,35.241146
2730,28706,-115.186104,36.11628
2731,28706,-80.84046,35.15285
2732,28706,-80.75596,35.336823
2733,28706,-80.74641,35.31136
2734,2734,-80.88366,35.18137
2735,28706,-115.08465,36.054893
2736,30769,-112.11606,33.58511
2737,2737,-111.94189,33.62496
2738,28706,-80.764656,35.341156
2739,28706,-80.861435,35.20872
2740,28706,-80.825935,35.213448
2741,28706,-80.749275,35.310623
2742,28706,-80.85526,35.214577
2743,30557,-80.75665,35.33723
2744,2744,-80.81924,35.22178
2745,28706,-80.80405,35.2478
2746,30769,-80.828156,35.151096
2747,30557,-80.84979,35.173267
2748,2748,-80.859634,35.21071
2749,28706,-80.8572,35.210094
2750,28706,-80.86769,35.205338
2751,28706,-80.83948,35.22784
2752,2752,-80.717865,35.37037
2753,28706,-80.86098,35.20925
2754,28706,-80.842285,35.19989
2755,28706,-80.93305,35.137833
2756,28706,-80.74955,35.30387
2757,28706,-80.82659,35.214073
2758,28706,-115.251564,36.06299
2759,28706,-80.857925,35.348015
2760,30557,-80.84442,35.202625
2761,28706,-80.86737,35.229053
2762,2762,-80.81149,35.245277
2763,2763,-80.84868,35.22403
2764,2764,-80.73761,35.140594
2765,2765,-80.8138,35.059113
2766,28706,-80.85391,35.21462
2767,28706,-80.84142,35.19913
2768,2768,-80.99234,35.04796
2769,28706,-80.8553,35.2143
2770,28706,-80.85654,35.215023
2771,30557,-80.85227,35.05421
2772,2772,-80.85571,35.209984
2773,2773,-80.84693,35.22586
2774,28706,-80.8553,35.2143
2775,2775,-80.844475,35.070496
2776,30557,-80.96265,35.11669
2777,28706,-80.81689,35.22073
2778,28706,-115.144844,36.058475
2779,28706,-89.40875,43.067947
2780,28706,-89.3769,43.08374
2781,28706,-89.47949,43.00865
2782,28706,-89.32297,43.18405
2783,28706,-89.44292,43.075306
2784,28706,-89.456314,43.014187
2785,28706,-89.35395,43.120316
2786,28706,-89.39456,43.075134
2787,28706,-89.21159,43.18298
2788,28706,-89.32297,43.18405
2789,28706,-89.37679,43.083786
2790,28706,-89.383064,43.070717
2791,28706,-89.52305,43.086346
2792,28706,-89.441734,43.07498
2793,2793,-89.41808,43.064034
2794,2794,-89.36945,43.08559
2795,28706,-89.36152,43.085617
2796,28706,-89.32814,43.046417
2797,28706,-89.32856,43.114677
2798,28706,-89.42853,43.057552
2799,28706,-89.5068,43.056248
2800,28706,-89.4811,43.01489
2801,28706,-89.40119,43.06117
2802,30557,-89.486176,43.052937
2803,28706,-89.49774,43.106773
2804,2804,-89.30634,43.025803
2805,28706,-89.35012,43.103447
2806,28706,-89.47949,43.00865
2807,28706,-89.275696,43.08474
2808,2808,-89.21093,43.19582
2809,28706,-89.4955,43.057938
2810,28706,-89.30383,43.01778
2811,2811,-89.497284,43.055134
2812,28706,-89.382126,43.07474
2813,28706,-89.38992,43.074516
2814,28706,-89.441734,43.07498
2815,30769,-115.169655,36.12119
2816,28706,-89.379364,43.052025
2817,30769,-89.4077,43.067436
2818,28706,-115.16522,36.099003
2819,2819,-89.326256,43.140068
2820,28706,-89.395935,43.053226
2821,28706,-89.36083,43.08603
2822,28706,-89.41891,43.063972
2823,2823,-89.38247,43.073563
2824,28706,-89.382126,43.07474
2825,28706,-89.36334,43.084156
2826,28706,-89.51129,43.060986
2827,2827,-89.48517,43.09064
2828,28706,-89.379745,43.074577
2829,30769,-89.49642,43.06147
2830,28706,-89.36083,43.08603
2831,28706,-89.38449,43.072475
2832,28706,-89.32814,43.046417
2833,28706,-89.42256,43.034737
2834,28706,-89.45825,43.014957
2835,28706,-89.43835,43.07535
2836,2836,-89.36945,43.08559
2837,2837,-89.452484,43.074177
2838,28706,-89.42256,43.034737
2839,28706,-89.38207,43.07572
2840,28706,-89.395744,43.069794
2841,28706,-89.474075,43.049545
2842,28706,-89.36867,43.079823
2843,30769,-89.36432,43.083252
2844,30769,-89.36432,43.083252
2845,28706,-89.40119,43.060333
2846,28706,-89.477135,43.011986
2847,30557,-115.17459,36.112022
2848,2848,-88.2086,40.11546
2849,28706,-89.32608,43.069805
2850,28706,-89.452484,43.074177
2851,28706,-89.34613,43.093662
2852,28706,-89.30651,43.085255
2853,28706,-89.37947,43.075554
2854,28706,-89.32574,43.126083
2855,28706,-89.3759,43.084892
2856,28706,-89.51367,43.09613
2857,2857,-89.392944,43.074833
2858,2858,-89.51164,43.096714
2859,28706,-89.49642,43.06147
2860,28706,-89.38156,43.074345
2861,28706,-89.51173,43.095787
2862,28706,-89.49766,43.05608
2863,28706,-89.32814,43.046417
2864,28706,-89.511024,43.095615
2865,28706,-89.388535,43.074997
2866,28706,-89.37935,43.07414
2867,28706,-89.452484,43.074177
2868,28706,-89.39097,43.0746
2869,28706,-111.97863,33.480392
2870,2870,-112.09614,33.510094
2871,2871,-89.34981,43.102962
2872,28706,-89.27986,43.085346
2873,28706,-89.40158,43.06768
2874,28706,-89.388535,43.074997
2875,28706,-89.51129,43.060986
2876,28706,-89.3862,43.074203
2877,30769,-89.38117,43.074955
2878,2878,-89.36152,43.085617
2879,2879,-89.36497,43.082657
2880,2880,-89.37649,43.07974
2881,2881,-89.523,43.097443
2882,28706,-89.40158,43.06768
2883,2883,-89.38247,43.073563
2884,2884,-89.37919,43.05216
2885,28706,-89.51057,43.095184
2886,2886,-115.1753,36.09208
2887,28706,-89.34132,43.094032
2888,28706,-89.381355,43.074852
2889,28706,-89.519936,43.097557
2890,28706,-89.388275,43.07489
2891,28706,-89.21093,43.19582
2892,28706,-89.4523,43.037422
2893,2893,-89.40099,43.06084
2894,28706,-89.47598,43.083424
2895,30769,-111.92548,33.50108
2896,28706,-89.52293,43.08738
2897,28706,-89.39556,43.07282
2898,28706,-115.17337,36.104424
2899,28706,-89.32856,43.114677
2900,2900,-89.5454,42.988796
2901,2901,-89.497284,43.055134
2902,2902,-89.34581,43.136467
2903,2903,-89.38156,43.077374
2904,2904,-89.51744,43.075317
2905,28706,-89.40158,43.06768
2906,30557,-89.413765,43.074978
2907,28706,-89.523,43.097443
2908,28706,-89.44762,43.07488
2909,2909,-89.36857,43.0805
2910,2910,-89.486176,43.052937
2911,30769,-89.38136,43.073986
2912,28706,-89.52913,43.07492
2913,2913,-89.38992,43.074516
2914,28706,-89.456314,43.014187
2915,2915,-115.14124,36.172813
2916,28706,-89.476555,43.014854
2917,28706,-89.51164,43.096714
2918,28706,-89.34569,43.103096
2919,28706,-89.38379,43.07604
2920,28706,-89.36171,43.08535
2921,28706,-115.11687,36.072422
2922,28706,-89.36072,43.085545
2923,28706,-89.388954,43.074677
2924,2924,-89.52916,43.09116
2925,28706,-89.42853,43.057552
2926,28706,-89.3862,43.074203
2927,30769,-89.38434,43.07243
2928,28706,-89.3804,43.07523
2929,2929,-89.35473,43.0921
2930,28706,-89.3953,43.0748
2931,2931,-89.42885,43.05668
2932,30769,-89.38374,43.076313
2933,28706,-111.886734,33.638863
2934,28706,-89.34918,43.093002
2935,28706,-115.16817,36.108307
2936,30769,-89.381035,43.075104
2937,28706,-89.45145,43.07474
2938,28706,-115.165016,36.13178
2939,2939,-111.917046,33.538303
2940,2940,-89.50224,43.08261
2941,30769,-89.45298,43.07353
2942,28706,-89.52498,43.05552
2943,28706,-89.45356,43.074993
2944,28706,-89.388954,43.074677
2945,28706,-89.38154,43.074726
2946,28706,-89.387115,43.074738
2947,30769,-89.51659,43.09485
2948,28706,-89.51659,43.09485
2949,2949,-89.38087,43.07401
2950,28706,-89.38247,43.073563
2951,28706,-89.32814,43.046417
2952,2952,-89.21386,43.183014
2953,28706,-89.39592,43.073418
2954,2954,-89.486176,43.052937
2955,28706,-89.39035,43.07438
2956,28706,-89.36005,43.1289
2957,2957,-89.36945,43.08559
2958,28706,-89.32543,43.07012
2959,28706,-89.49774,43.106773
2960,2960,-89.351616,43.09296
2961,2961,-115.11135,36.100388
2962,28706,-89.37587,43.08149
2963,28706,-89.30599,43.12056
2964,2964,-89.36432,43.083252
2965,28706,-89.31461,43.120415
2966,28706,-89.38354,43.07628
2967,28706,-89.36152,43.085617
2968,30557,-89.376205,43.08478
2969,28706,-89.49766,43.05608
2970,30557,-89.37587,43.08149
2971,28706,-89.380226,43.07164
2972,28706,-89.3519,43.09242
2973,2973,-89.52923,43.090763
2974,28706,-89.36432,43.083252
2975,2975,-89.36925,43.08017
2976,28706,-89.38087,43.07401
2977,2977,-89.52916,43.09116
2978,28706,-89.32814,43.046417
2979,28706,-89.2708,43.166264
2980,2980,-89.381355,43.074852
2981,2981,-89.34459,43.103558
2982,2982,-89.47705,43.04692
2983,28706,-89.39618,43.075157
2984,28706,-89.388336,43.07488
2985,28706,-89.32392,43.046528
2986,28706,-89.35473,43.0921
2987,28706,-89.36402,43.111313
2988,28706,-89.38658,43.07561
2989,30769,-89.35878,43.087936
2990,28706,-89.335556,43.09263
2991,28706,-89.37935,43.07414
2992,28706,-89.36459,43.101673
2993,28706,-89.47756,43.083755
2994,28706,-89.51173,43.095787
2995,28706,-89.45145,43.07474
2996,2996,-89.381355,43.074852
2997,28706,-89.45125,43.07136
2998,2998,-89.503044,43.065376
2999,2999,-89.38754,43.074776
3000,3000,-89.392944,43.074833
3001,3001,-89.35518,43.092567
3002,30769,-89.45825,43.014957
3003,28706,-89.39132,43.074154
3004,3004,-89.39336,43.07273
3005,28706,-89.38053,43.07453
3006,3006,-89.42092,43.034473
3007,28706,-89.38434,43.07243
3008,28706,-89.35553,43.0923
3009,28706,-89.47756,43.083755
3010,28706,-112.20237,33.63953
3011,28706,-89.2708,43.166264
3012,28706,-89.452484,43.074177
3013,28706,-89.38866,43.074894
3014,28706,-89.4811,43.01489
3015,28706,-115.17437,36.10206
3016,28706,-115.27853,36.057846
3017,28706,-89.41073,43.06757
3018,28706,-89.35198,43.092834
3019,28706,-89.36867,43.079823
3020,28706,-89.48242,43.01348
3021,28706,-89.34742,43.093655
3022,3022,-89.39057,43.04999
3023,28706,-89.275696,43.08474
3024,3024,-89.35877,43.10565
3025,28706,-89.49766,43.05608
3026,28706,-89.40417,43.1502
3027,28706,-89.36083,43.08603
3028,28706,-89.45233,43.072243
3029,28706,-89.5068,43.056248
3030,28706,-89.452484,43.074177
3031,28706,-89.36857,43.0805
3032,3032,-89.30716,43.128033
3033,3033,-89.40099,43.06084
3034,28706,-89.22621,43.19943
3035,3035,-89.39675,43.0749
3036,3036,-89.35012,43.103447
3037,28706,-89.35012,43.103447
3038,28706,-89.40181,43.06787
3039,28706,-89.52519,43.07319
3040,30769,-89.4811,43.01489
3041,3041,-89.32814,43.046417
3042,28706,-89.275696,43.08474
3043,28706,-89.37587,43.08149
3044,3044,-89.39069,43.074802
3045,28706,-89.32608,43.069805
3046,28706,-89.38154,43.074726
3047,28706,-89.289276,43.148617
3048,28706,-89.379906,43.077324
3049,28706,-89.42897,43.072254
3050,3050,-89.36083,43.08603
3051,30557,-89.331184,43.107246
3052,28706,-89.4301,43.072556
3053,30769,-89.40099,43.06084
3054,28706,-89.35012,43.103447
3055,3055,-89.3721,43.078094
3056,3056,-89.35012,43.103447
3057,30769,-89.38866,43.074894
3058,3058,-89.382256,43.073795
3059,28706,-89.386986,43.07473
3060,3060,-89.35473,43.0921
3061,3061,-89.35353,43.092144
3062,28706,-89.41643,43.06517
3063,28706,-89.36867,43.079823
3064,28706,-89.36152,43.085617
3065,28706,-115.17345,36.10306
3066,28706,-89.35162,43.090496
3067,28706,-89.35705,43.098232
3068,3068,-89.511826,43.095665
3069,28706,-89.39227,43.074833
3070,28706,-89.44762,43.07488
3071,28706,-89.39069,43.074802
3072,28706,-89.44292,43.075306
3073,28706,-89.35705,43.098232
3074,28706,-89.309006,43.122932
3075,3075,-115.15112,36.086338
3076,28706,-89.35104,43.107162
3077,28706,-89.379616,43.082268
3078,30769,-89.38354,43.07628
3079,3079,-89.36427,43.08367
3080,30769,-89.39556,43.07282
3081,30769,-89.390335,43.074764
3082,28706,-89.331184,43.107246
3083,30769,-115.1401,36.168667
3084,28706,-89.38123,43.074745
3085,28706,-89.423325,43.01809
3086,28706,-89.48553,43.101673
3087,28706,-89.38389,43.07915
3088,30769,-89.37374,43.047718
3089,30769,-115.17105,36.12595
3090,30769,-89.394295,43.074852
3091,28706,-115.15387,36.110085
3092,3092,-89.49766,43.05608
3093,3093,-89.36083,43.08603
3094,28706,-89.38156,43.074345
3095,28706,-79.93446,40.451183
3096,28706,-89.39069,43.074802
3097,28706,-89.38434,43.07243
3098,28706,-89.384125,43.07445
3099,3099,-89.36857,43.0805
3100,28706,-89.38845,43.074776
3101,3101,-89.37629,43.07975
3102,28706,-89.42676,43.00619
3103,3103,-89.390366,43.075306
3104,3104,-89.36288,43.083706
3105,30769,-89.335556,43.09263
3106,28706,-89.44463,43.075634
3107,3107,-89.43767,43.075245
3108,3108,-89.3519,43.09242
3109,3109,-89.376755,43.076054
3110,3110,-89.41292,43.06744
3111,28706,-115.17704,36.10762
3112,28706,-89.43,43.01544
3113,3113,-89.35503,43.091755
3114,3114,-89.34394,43.103706
3115,28706,-89.41253,43.067593
3116,30769,-115.16114,36.144093
3117,28706,-115.17332,36.10583
3118,3118,-73.56071,45.50675
3119,3119,-89.36941,43.08006
3120,30769,-89.32555,43.04973
3121,28706,-89.38136,43.073986
3122,3122,-89.41292,43.06744
3123,28706,-89.41808,43.064034
3124,28706,-89.36857,43.0805
3125,28706,-89.38434,43.07243
3126,28706,-89.38658,43.07561
3127,28706,-89.365746,43.08194
3128,3128,-115.104416,36.042297
3129,28706,-89.36857,43.0805
3130,30769,-89.39076,43.074955
3131,28706,-89.22621,43.19943
3132,28706,-89.47379,43.051
3133,28706,-89.35705,43.098232
3134,28706,-89.38431,43.076805
3135,3135,-89.387115,43.074738
3136,28706,-89.3519,43.09242
3137,28706,-89.355125,43.092056
3138,3138,-89.381355,43.074852
3139,28706,-89.32401,43.078587
3140,28706,-89.36941,43.08006
3141,28706,-89.35353,43.092144
3142,30769,-89.39102,43.07481
3143,28706,-89.35395,43.120316
3144,3144,-89.36925,43.08017
3145,28706,-89.3519,43.09242
3146,28706,-73.55392,45.50554
3147,3147,-89.389015,43.056244
3148,3148,-89.39252,43.07481
3149,3149,-89.38431,43.076805
3150,28706,-89.220314,43.18294
3151,28706,-89.38722,43.074444
3152,28706,-89.3862,43.074203
3153,28706,-89.452484,43.074177
3154,30557,-89.37679,43.083786
3155,3155,-89.3519,43.09242
3156,3156,-89.5035,43.05941
3157,28706,-89.38695,43.07489
3158,28706,-89.38511,43.07416
3159,3159,-89.36152,43.085617
3160,3160,-89.379745,43.074577
3161,28706,-89.36171,43.08535
3162,30557,-89.51896,43.05774
3163,28706,-89.39336,43.07273
3164,28706,-89.39492,43.07482
3165,28706,-89.35553,43.0923
3166,28706,-89.39336,43.07273
3167,30557,-89.38379,43.07604
3168,30769,-89.38087,43.07401
3169,28706,-89.36945,43.08559
3170,30557,-89.3519,43.09242
3171,3171,-89.3519,43.09242
3172,3172,-89.47598,43.083424
3173,3173,-89.36459,43.101673
3174,3174,-89.32814,43.046417
3175,28706,-89.37064,43.082573
3176,3176,-89.382126,43.07474
3177,3177,-89.35553,43.0923
3178,28706,-89.37109,43.078247
3179,28706,-89.35473,43.0921
3180,28706,-115.14289,36.143345
3181,3181,-89.38247,43.073563
3182,28706,-89.456314,43.014187
3183,28706,-89.363655,43.10743
3184,28706,-89.35705,43.098232
3185,28706,-89.45233,43.072243
3186,28706,-89.376205,43.08478
3187,28706,-89.52305,43.086346
3188,3188,-89.46647,43.01423
3189,3189,-89.39177,43.075077
3190,28706,-89.38992,43.074516
3191,28706,-89.35553,43.0923
3192,28706,-89.401085,43.060616
3193,28706,-89.42256,43.034737
3194,28706,-88.24467,40.118534
3195,28706,-89.38354,43.07628
3196,28706,-88.18881,40.081566
3197,30769,-89.42806,43.057484
3198,28706,-89.42396,43.067688
3199,28706,-89.452324,43.07114
3200,30557,-89.39741,43.055573
3201,28706,-89.39741,43.055573
3202,28706,-89.380875,43.074425
3203,28706,-89.335556,43.09263
3204,28706,-89.37587,43.08149
3205,28706,-89.49642,43.06147
3206,3206,-115.06592,36.240154
3207,3207,-89.38337,43.073467
3208,28706,-89.32646,43.07151
3209,3209,-89.38247,43.073563
3210,3210,-89.35104,43.107162
3211,28706,-89.40158,43.06768
3212,28706,-89.39307,43.07546
3213,3213,-89.348366,43.100662
3214,28706,-89.21058,43.18098
3215,3215,-89.36459,43.101673
3216,28706,-89.35104,43.107162
3217,30769,-89.39556,43.07282
3218,30769,-89.345695,43.093666
3219,3219,-89.35353,43.092144
3220,28706,-111.789276,33.355034
3221,28706,-115.17481,36.10987
3222,3222,-89.21145,43.182384
3223,3223,-89.4504,43.05485
3224,3224,-89.3452,43.09377
3225,3225,-89.38207,43.07572
3226,3226,-89.45233,43.072243
3227,28706,-115.16559,36.12689
3228,28706,-89.38695,43.07489
3229,30769,-89.21145,43.182384
3230,3230,-89.37928,43.074512
3231,28706,-89.41013,43.059933
3232,3232,-89.32814,43.046417
3233,28706,-89.48242,43.01348
3234,3234,-89.35473,43.0921
3235,28706,-89.35518,43.092567
3236,28706,-89.363655,43.10743
3237,28706,-89.32527,43.05699
3238,28706,-115.14064,36.167877
3239,3239,-89.39062,43.075012
3240,28706,-89.49478,43.104088
3241,3241,-89.39768,43.055992
3242,3242,-89.32613,43.045242
3243,28706,-115.179146,36.145535
3244,28706,-89.36288,43.083706
3245,28706,-111.93152,33.493298
3246,3246,-89.395935,43.053226
3247,28706,-89.325264,43.085136
3248,3248,-89.4811,43.01489
3249,28706,-89.39336,43.07273
3250,30769,-89.3838,43.07744
3251,28706,-89.456314,43.014187
3252,28706,-89.39987,43.07648
3253,28706,-89.51913,43.101303
3254,28706,-89.401085,43.060616
3255,28706,-89.382126,43.07474
3256,28706,-89.374084,43.076233
3257,28706,-89.220314,43.18294
3258,30769,-89.35395,43.120316
3259,30557,-89.37962,43.07393
3260,28706,-89.47949,43.00865
3261,30769,-89.394714,43.074917
3262,28706,-89.33706,43.049026
3263,28706,-89.51104,43.0958
3264,28706,-89.40158,43.06768
3265,28706,-89.5013,43.059402
3266,3266,-115.17516,36.109875
3267,3267,-89.41392,43.15129
3268,3268,-115.172195,36.119576
3269,3269,-89.32392,43.046528
3270,3270,-89.52417,43.09748
3271,3271,-89.30427,43.128292
3272,28706,-89.477135,43.011986
3273,28706,-89.35395,43.120316
3274,28706,-89.47475,43.050423
3275,30769,-114.96489,36.026684
3276,28706,-111.859535,33.33992
3277,28706,-89.36945,43.08559
3278,28706,-115.17028,36.12229
3279,3279,-89.36867,43.079823
3280,28706,-89.41891,43.063972
3281,28706,-115.1546,36.11997
3282,28706,-89.51618,42.97925
3283,30769,-80.9438,35.221424
3284,3284,-89.37919,43.05216
3285,28706,-89.424065,43.07287
3286,28706,-89.453026,43.07333
3287,28706,-89.413765,43.074978
3288,28706,-115.16114,36.144093
3289,3289,-89.36945,43.08559
3290,28706,-89.41037,43.069317
3291,28706,-89.52932,43.075336
3292,28706,-88.2293,40.110085
3293,30769,-88.20926,40.112396
3294,30557,-112.07397,33.45983
3295,30769,-111.78376,33.334938
3296,3296,-88.2434,40.118286
3297,28706,-115.17259,36.112953
3298,30769,-88.240685,40.11742
3299,28706,-88.221664,40.1161
3300,28706,-115.137505,36.08225
3301,28706,-88.24388,40.119038
3302,28706,-88.2434,40.118286
3303,28706,-88.24323,40.11857
3304,28706,-88.20883,40.11376
3305,28706,-88.232376,40.110554
3306,3306,-88.240685,40.11742
3307,3307,-88.23069,40.110374
3308,3308,-88.23284,40.116013
3309,28706,-88.2218,40.10651
3310,28706,-88.2447,40.099606
3311,28706,-88.233215,40.11011
3312,28706,-88.24496,40.118748
3313,30769,-3.1981623,55.951706
3314,3314,-88.22951,40.10799
3315,30769,-88.2426,40.116905
3316,28706,-88.20804,40.11225
3317,28706,-88.195114,40.105858
3318,28706,-115.169754,36.102917
3319,30769,-88.229614,40.11008
3320,28706,-115.15112,36.086338
3321,28706,-88.2303,40.112686
3322,30769,-88.24379,40.139793
3323,3323,-88.23284,40.116013
3324,30769,-88.24271,40.116985
3325,30769,-88.24388,40.119038
3326,30769,-73.57137,45.497894
3327,28706,-115.17028,36.112648
3328,3328,-88.23319,40.110554
3329,30769,-88.24502,40.117847
3330,30769,-89.38354,43.07628
3331,28706,-88.24448,40.10152
3332,28706,-88.24389,40.1071
3333,30769,-111.87578,33.41316
3334,30769,-88.236015,40.10131
3335,28706,-88.23837,40.114132
3336,28706,-88.2085,40.11276
3337,28706,-88.209564,40.11271
3338,28706,-88.23021,40.108086
3339,3339,-88.24379,40.139793
3340,3340,-88.24701,40.08656
3341,3341,-88.2434,40.118286
3342,30769,-88.23233,40.115753
3343,28706,-115.16918,36.10844
3344,3344,-88.22911,40.109997
3345,30769,-89.387115,43.074738
3346,3346,-88.24323,40.11857
3347,28706,-88.238914,40.110374
3348,30769,-112.06628,33.58545
3349,28706,-88.23308,40.11003
3350,28706,-88.24774,40.09772
3351,3351,-88.2434,40.118286
3352,28706,-88.24212,40.11682
3353,30769,-111.92942,33.50284
3354,30769,-88.23848,40.1148
3355,30769,-88.24073,40.1127
3356,30769,-88.23174,40.10928
3357,30769,-88.22176,40.10659
3358,30769,-88.20769,40.11382
3359,30769,-88.24496,40.118748
3360,28706,-88.241516,40.11774
3361,3361,-89.27986,43.085346
3362,28706,-88.229225,40.110085
3363,28706,-88.240685,40.11742
3364,3364,-88.20945,40.11271
3365,28706,-88.219406,40.105736
3366,30769,-88.20841,40.11245
3367,30557,-88.22427,40.10481
3368,30769,-88.240685,40.11742
3369,30557,-88.23617,40.11039
3370,3370,-88.238914,40.110374
3371,28706,-88.24783,40.086903
3372,30769,-88.20865,40.111958
3373,28706,-115.174515,36.121548
3374,28706,-88.24325,40.11701
3375,30769,-88.24395,40.10045
3376,3376,-88.20581,40.11679
3377,28706,-88.23178,40.109715
3378,28706,-88.24395,40.10045
3379,3379,-88.20945,40.11271
3380,3380,-88.23837,40.114132
3381,3381,-88.195114,40.105858
3382,30769,-88.24356,40.10787
3383,3383,-88.20902,40.112823
3384,30769,-112.23302,33.63773
3385,28706,-88.211426,40.11256
3386,28706,-88.243935,40.118393
3387,3387,-88.229805,40.11028
3388,30769,-88.24061,40.116714
3389,30769,-80.01087,40.44597
3390,28706,-88.19617,40.13858
3391,30769,-88.20581,40.11679
3392,28706,-88.22904,40.11117
3393,30557,-115.17704,36.10762
3394,28706,-88.24323,40.11857
3395,28706,-88.23354,40.110474
3396,28706,-79.92549,40.45775
3397,30557,-115.17818,36.10713
3398,28706,-115.17234,36.11635
3399,3399,-88.23319,40.110554
3400,30769,-88.233215,40.11011
3401,30769,-88.24388,40.119038
3402,3402,-88.20279,40.11339
3403,28706,-88.2437,40.118378
3404,28706,-88.195114,40.105858
3405,28706,-88.242805,40.12125
3406,30769,-88.24325,40.11701
3407,28706,-88.2437,40.118378
3408,28706,-88.23076,40.116364
3409,3409,-88.20769,40.11382
3410,3410,-88.2283,40.110867
3411,3411,-88.24229,40.116985
3412,28706,-88.19617,40.13858
3413,30769,-88.20826,40.112453
3414,3414,-88.24379,40.139793
3415,3415,-88.239075,40.1128
3416,30769,-115.164345,36.06004
3417,3417,-88.20769,40.11382
3418,3418,-88.20945,40.11271
3419,3419,-88.207214,40.11124
3420,3420,-115.177,36.11199
3421,28706,-111.9149,33.393497
3422,30769,-88.2437,40.118378
3423,3423,-88.20865,40.111958
3424,3424,-88.233215,40.11011
3425,30769,-88.207085,40.110584
3426,30769,-88.24397,40.114014
3427,28706,-88.239075,40.1128
3428,3428,-88.20926,40.112396
3429,28706,-88.20279,40.11339
3430,28706,-88.22929,40.106537
3431,30769,-111.9727,33.675682
3432,30769,-88.24313,40.11755
3433,28706,-115.15112,36.086338
3434,3434,-89.289276,43.148617
3435,30769,-88.223625,40.106655
3436,3436,-88.24389,40.1071
3437,3437,-88.23019,40.11038
3438,3438,-88.245255,40.09505
3439,3439,-89.32401,43.078587
3440,28706,-115.17087,36.10242
3441,28706,-111.99793,33.435448
3442,28706,-88.243355,40.11683
3443,28706,-88.21203,40.105923
3444,28706,-88.23848,40.1148
3445,30769,-115.25998,36.143147
3446,28706,-88.240685,40.11742
3447,28706,-88.24212,40.11682
3448,3448,-88.20769,40.11382
3449,3449,-88.20865,40.111958
3450,28706,-111.9258,33.477177
3451,3451,-89.43891,43.060574
3452,28706,-115.13952,36.169872
3453,3453,-88.242805,40.12125
3454,28706,-88.2085,40.11276
3455,28706,-88.24325,40.11701
3456,28706,-115.174706,36.01131
3457,28706,-88.20769,40.11382
3458,28706,-88.20865,40.111958
3459,28706,-111.941376,33.423275
3460,28706,-88.20279,40.11339
3461,3461,-88.24543,40.139908
3462,30769,-89.39369,43.075104
3463,3463,-115.17089,36.114025
3464,30769,-88.238914,40.110374
3465,28706,-111.92708,33.508694
3466,30557,-88.24571,40.091057
3467,28706,-88.22543,40.11664
3468,28706,-88.24323,40.11857
3469,3469,-88.24783,40.086903
3470,28706,-115.08998,36.020554
3471,30769,-88.24774,40.09772
3472,28706,-111.83933,33.246418
3473,28706,-88.22906,40.11122
3474,30769,-88.229225,40.110085
3475,28706,-88.230064,40.10959
3476,28706,-89.38087,43.07401
3477,3477,-88.238914,40.110374
3478,28706,-88.232376,40.110554
3479,30769,-88.23233,40.115753
3480,3480,-88.23617,40.11039
3481,28706,-88.233215,40.11011
3482,30769,-115.18644,36.11881
3483,28706,-88.2434,40.118286
3484,3484,-88.20902,40.112823
3485,28706,-88.203156,40.11728
3486,28706,-88.20715,40.11127
3487,3487,-89.39086,43.074776
3488,30769,-88.2433,40.117863
3489,3489,-88.2433,40.117863
3490,3490,-88.24496,40.118748
3491,3491,-88.2086,40.11546
3492,28706,-88.20865,40.111958
3493,28706,-88.24201,40.116554
3494,28706,-88.24701,40.08656
3495,28706,-115.16879,36.122967
3496,3496,-112.04598,33.430363
3497,28706,-79.99488,40.44043
3498,28706,-88.23153,40.110126
3499,30769,-112.08303,33.487476
3500,3500,-115.186485,36.1187
3501,28706,-115.16912,36.103695
3502,28706,-88.20926,40.112396
3503,30769,-111.91975,33.636482
3504,28706,-111.92575,33.406265
3505,30769,-111.84298,33.60665
3506,30769,-80.006386,40.43469
3507,30769,-88.20883,40.11376
3508,30769,-88.24388,40.119038
3509,28706,-88.2434,40.118286
3510,30769,-73.57111,45.51555
3511,28706,-89.41921,43.02028
3512,28706,-88.2085,40.11276
3513,28706,-112.06476,33.471985
3514,28706,-73.57049,45.502525
3515,28706,-112.079285,33.455036
3516,3516,-112.10138,33.69867
3517,28706,-112.098274,33.53864
3518,28706,-112.05206,33.457935
3519,28706,-111.9352,33.424534
3520,28706,-115.22329,36.125538
3521,3521,-112.09069,33.480274
3522,3522,-112.073105,33.449383
3523,28706,-111.93644,33.37779
3524,28706,-111.92298,33.492252
3525,28706,-111.92279,33.5008
3526,28706,-111.964485,33.38312
3527,28706,-112.19062,33.638363
3528,28706,-111.92514,33.542786
3529,30769,-115.14339,36.169838
3530,28706,-115.16821,36.127586
3531,30769,-115.17146,36.10095
3532,28706,-111.84111,33.363014
3533,28706,-112.07228,33.45587
3534,28706,-112.07991,33.45496
3535,28706,-111.90452,33.42262
3536,3536,-112.07377,33.45838
3537,28706,-115.139854,36.145847
3538,28706,-112.013855,33.480125
3539,28706,-112.0739,33.500202
3540,28706,-111.68566,33.436775
3541,28706,-112.126114,33.47456
3542,28706,-111.91097,33.634045
3543,3543,-112.06899,33.45917
3544,28706,-111.72392,33.32106
3545,28706,-112.06579,33.47687
3546,3546,-112.06899,33.45917
3547,28706,-111.928024,33.624035
3548,28706,-112.047905,33.505882
3549,28706,-115.164894,36.129868
3550,28706,-112.07285,33.449226
3551,28706,-111.97688,33.583424
3552,28706,-112.293564,33.493046
3553,28706,-112.06543,33.56062
3554,28706,-112.05608,33.431557
3555,28706,-112.06544,33.512665
3556,28706,-112.054276,33.552692
3557,28706,-112.07472,33.463173
3558,28706,-111.8601,33.264435
3559,28706,-111.92727,33.49783
3560,28706,-111.90871,33.421734
3561,28706,-111.9258,33.477177
3562,28706,-111.98837,33.495483
3563,28706,-112.07127,33.508995
3564,28706,-111.97858,33.677853
3565,28706,-111.92754,33.464375
3566,28706,-112.06498,33.524887
3567,28706,-112.07432,33.45969
3568,28706,-111.91052,33.478947
3569,28706,-111.96083,33.487625
3570,28706,-111.92637,33.500492
3571,28706,-112.07127,33.508995
3572,28706,-112.07991,33.45496
3573,28706,-112.222336,33.63779
3574,3574,-112.07096,33.437126
3575,28706,-112.073425,33.447334
3576,28706,-80.828545,35.15261
3577,28706,-115.17277,36.082066
3578,28706,-112.0792,33.49111
3579,28706,-111.8322,33.414814
3580,28706,-112.12083,33.797787
3581,28706,-112.04831,33.508953
3582,28706,-112.065544,33.4493
3583,28706,-111.93962,33.42344
3584,28706,-111.99021,33.494743
3585,30769,-112.03788,33.509254
3586,28706,-112.07484,33.447174
3587,28706,-112.0648,33.47468
3588,3588,-111.978516,33.66773
3589,30769,-112.09614,33.510094
3590,28706,-111.91419,33.466423
3591,28706,-112.07651,33.48016
3592,3592,-111.928024,33.624035
3593,28706,-115.04165,36.05552
3594,3594,-112.098274,33.53864
3595,28706,-111.908585,33.39378
3596,28706,-112.073395,33.477222
3597,3597,-111.91124,33.362206
3598,28706,-111.91033,33.486916
3599,28706,-112.02951,33.39999
3600,28706,-111.94236,33.39284
3601,28706,-112.02731,33.510536
3602,28706,-111.99865,33.495285
3603,28706,-111.92834,33.48874
3604,30769,-112.0135,33.583496
3605,28706,-111.97702,33.583447
3606,28706,-112.059296,33.447987
3607,3607,-112.06476,33.4713
3608,28706,-111.81534,33.436394
3609,28706,-111.85977,33.274754
3610,28706,-111.9263,33.320377
3611,28706,-112.08277,33.45884
3612,28706,-111.92716,33.45379
3613,28706,-112.18759,33.66274
3614,28706,-112.120705,33.667572
3615,28706,-112.36504,33.638195
3616,28706,-111.94513,33.34795
3617,28706,-112.05003,33.46554
3618,28706,-112.07672,33.479992
3619,28706,-111.92625,33.617584
3620,28706,-111.92623,33.487377
3621,28706,-111.977715,33.317287
3622,28706,-112.064095,33.5219
3623,28706,-111.92706,33.30481
3624,3624,-112.03854,33.454876
3625,28706,-112.07341,33.5137
3626,3626,-112.2387,33.674774
3627,28706,-112.07377,33.45838
3628,28706,-111.92632,33.494377
3629,28706,-112.07405,33.44995
3630,28706,-111.929924,33.349712
3631,28706,-111.72392,33.32106
3632,3632,-111.9214,33.310207
3633,28706,-112.58582,33.37026
3634,28706,-111.92496,33.498177
3635,23074,-112.11459,33.612545
3636,28706,-111.944046,33.436962
3637,28706,-111.80486,33.33455
3638,28706,-112.03839,33.507893
3639,23074,-112.07013,33.509552
3640,3640,-112.01186,33.572582
3641,3641,-112.02814,33.510223
3642,28706,-112.06567,33.487747
3643,28706,-111.88762,33.630013
3644,30769,-111.97,33.45
3645,3645,-112.03594,33.508713
3646,13375,-112.13392,33.62981
3647,28706,-112.20145,33.637093
3648,28706,-111.96063,33.64
3649,3649,-112.04094,33.46563
3650,28706,-112.07432,33.45969
3651,3651,-111.875984,33.413902
3652,28706,-111.87922,33.581512
3653,28706,-111.99899,33.436527
3654,28706,-112.06567,33.487747
3655,28706,-112.00005,33.495453
3656,28706,-112.117386,33.641613
3657,28706,-111.90558,33.432926
3658,28706,-111.99559,33.511234
3659,28706,-112.07354,33.456055
3660,3660,-112.065636,33.44916
3661,28706,-111.92548,33.50108
3662,28706,-112.03767,33.506474
3663,3663,-111.964615,33.534077
3664,28706,-112.082825,33.517372
3665,30557,-111.97702,33.583447
3666,28706,-112.04919,33.52375
3667,28706,-111.87578,33.41316
3668,3668,-111.93841,33.391586
3669,28706,-111.982025,33.34806
3670,28706,-112.07342,33.47794
3671,28706,-112.28051,33.46678
3672,28706,-112.07409,33.512627
3673,28706,-112.07376,33.44086
3674,28706,-112.16118,33.567795
3675,30769,-111.923874,33.613426
3676,3676,-112.06567,33.487747
3677,28706,-112.06563,33.44938
3678,28706,-111.92571,33.42232
3679,28706,-111.91153,33.34884
3680,28706,-115.09303,36.218987
3681,28706,-111.743095,33.301903
3682,30769,-112.11672,33.53954
3683,28706,-112.13867,33.86881
3684,30769,-111.9161,33.419567
3685,28706,-111.940254,33.424503
3686,28706,-111.995514,33.50243
3687,28706,-111.90979,33.48124
3688,28706,-111.89905,33.556004
3689,30769,-111.9241,33.779976
3690,28706,-112.0536,33.426933
3691,28706,-112.06453,33.537617
3692,3692,-112.081566,33.4655
3693,28706,-112.064766,33.470886
3694,28706,-111.925766,33.623943
3695,30769,-111.9871,33.509827
3696,28706,-112.10129,33.678238
3697,28706,-111.904366,33.49285
3698,3698,-111.92293,33.492752
3699,3699,-112.072395,33.448742
3700,28706,-112.07096,33.437126
3701,28706,-112.074684,33.509563
3702,28706,-111.92655,33.506542
3703,28706,-112.064606,33.523155
3704,28706,-111.92225,33.58414
3705,3705,-112.06899,33.45917
3706,28706,-115.038345,36.06321
3707,28706,-112.04816,33.640297
3708,28706,-112.0792,33.49111
3709,28706,-112.08341,33.50896
3710,3710,-111.94298,33.421413
3711,28706,-111.96489,33.67558
3712,28706,-112.06327,33.494747
3713,3713,-111.97681,33.378315
3714,3714,-112.04902,33.48049
3715,3715,-111.89827,33.29958
3716,23074,-111.98135,33.597363
3717,30769,-111.73579,33.423805
3718,28706,-111.932274,33.65684
3719,3719,-112.16568,33.611366
3720,3720,-112.07457,33.47411
3721,28706,-112.07342,33.47794
3722,28706,-112.07342,33.47794
3723,30769,-112.1159,33.587765
3724,28706,-112.02636,33.50909
3725,28706,-111.92589,33.586834
3726,28706,-111.93192,33.50187
3727,3727,-111.95117,33.421658
3728,28706,-111.98199,33.40369
3729,28706,-112.07469,33.484142
3730,28706,-112.05607,33.55307
3731,3731,-112.23657,33.64641
3732,28706,-112.07342,33.47794
3733,3733,-112.079285,33.455036
3734,28706,-111.89497,33.582962
3735,28706,-112.04708,33.52443
3736,13375,-111.92718,33.61161
3737,3737,-112.08225,33.516342
3738,28706,-111.7212,33.3666
3739,28706,-112.010895,33.481
3740,23074,-112.07377,33.45838
3741,28706,-112.07342,33.47794
3742,3742,-112.356064,33.464493
3743,28706,-111.92525,33.618355
3744,28706,-111.86473,33.613514
3745,28706,-112.07401,33.505856
3746,28706,-111.98784,33.467052
3747,28706,-112.04798,33.53184
3748,28706,-112.07103,33.568928
3749,28706,-112.07127,33.508995
3750,3750,-112.07228,33.45587
3751,28706,-111.99511,33.494488
3752,28706,-111.68897,32.87905
3753,3753,-112.06567,33.487747
3754,3754,-111.927734,33.348675
3755,28706,-112.07342,33.47794
3756,28706,-112.10023,33.626423
3757,28706,-112.01417,33.511307
3758,28706,-111.94497,33.462166
3759,28706,-112.06836,33.457863
3760,3760,-112.07342,33.47794
3761,28706,-111.74564,33.296097
3762,28706,-111.72392,33.32106
3763,3763,-111.97964,33.329365
3764,28706,-111.958,33.348164
3765,28706,-111.92492,33.62348
3766,28706,-111.96375,33.31742
3767,28706,-111.90884,33.34826
3768,28706,-111.970146,33.313572
3769,28706,-111.9223,33.493946
3770,28706,-111.97039,33.319077
3771,28706,-112.02418,33.510033
3772,28706,-112.07127,33.508995
3773,28706,-112.07228,33.45587
3774,28706,-112.049126,33.4368
3775,28706,-112.07379,33.435524
3776,28706,-111.93003,33.655685
3777,28706,-112.04634,33.510323
3778,28706,-112.04887,33.46591
3779,28706,-112.08981,33.45712
3780,28706,-112.000565,33.433685
3781,28706,-111.936615,33.37798
3782,28706,-111.78984,33.3546
3783,28706,-112.10075,33.378338
3784,28706,-112.07463,33.484196
3785,28706,-111.92663,33.610058
3786,28706,-115.17259,36.112953
3787,3787,-111.92471,33.421352
3788,30769,-112.07161,33.458847
3789,28706,-112.028336,33.480034
3790,3790,-112.04791,33.47893
3791,3791,-115.15112,36.086338
3792,28706,-111.63997,33.28187
3793,28706,-112.07401,33.45038
3794,28706,-112.075264,33.45975
3795,28706,-112.13774,33.864555
3796,28706,-80.85757,35.214363
3797,28706,-111.806725,33.37938
3798,28706,-111.92019,33.466217
3799,28706,-112.07341,33.5137
3800,28706,-112.08388,33.49745
3801,28706,-112.049126,33.4368
3802,28706,-112.07161,33.458847
3803,3803,-111.89438,33.58514
3804,28706,-111.8741,33.31915
3805,28706,-112.0482,33.510174
3806,3806,-111.88677,33.54859
3807,28706,-111.90752,33.4066
3808,28706,-112.042145,33.50762
3809,28706,-111.92708,33.508694
3810,3810,-112.07484,33.447174
3811,3811,-112.0739,33.500202
3812,28706,-111.8795,33.581333
3813,3813,-112.02636,33.50909
3814,28706,-112.06752,33.46603
3815,28706,-115.17234,36.110107
3816,28706,-115.1725,36.110065
3817,28706,-111.90998,33.347878
3818,28706,-112.07037,33.456417
3819,28706,-112.08212,33.505096
3820,28706,-115.155556,36.14742
3821,28706,-112.07341,33.5137
3822,28706,-111.91085,33.393078
3823,28706,-115.19734,36.116177
3824,28706,-112.04798,33.53184
3825,28706,-111.99899,33.436527
3826,28706,-112.078674,33.45372
3827,28706,-112.04644,33.53739
3828,28706,-115.154816,36.124176
3829,28706,-112.06877,33.485413
3830,3830,-111.922226,33.494568
3831,28706,-111.75256,33.28687
3832,28706,-111.98028,33.494682
3833,3833,-111.78966,33.365856
3834,28706,-112.06518,33.57531
3835,28706,-112.03008,33.67904
3836,28706,-112.07432,33.45969
3837,28706,-111.86292,33.39466
3838,30769,-89.38156,43.074345
3839,3839,-115.1741,36.121082
3840,3840,-115.2087,36.043213
3841,28706,-111.96534,33.319504
3842,3842,-112.07427,33.447517
3843,28706,-115.15198,36.152504
3844,30769,-112.06862,33.452156
3845,28706,-111.93007,33.378265
3846,28706,-115.19559,36.114346
3847,28706,-111.90998,33.347878
3848,28706,-111.7195,33.34711
3849,28706,-115.16961,36.121452
3850,28706,-111.98849,33.45545
3851,28706,-111.92992,33.6555
3852,28706,-115.17106,36.11242
3853,28706,-112.04791,33.47893
3854,28706,-111.89802,33.301666
3855,28706,-112.07444,33.447647
3856,28706,-112.05353,33.552837
3857,28706,-111.97698,33.34888
3858,3858,-115.17462,36.1098
3859,28706,-112.0037,33.49516
3860,28706,-112.07669,33.451775
3861,28706,-115.17259,36.112953
3862,28706,-115.12614,36.15924
3863,28706,-112.07397,33.513077
3864,3864,-112.372765,33.464046
3865,28706,-115.16923,36.102325
3866,28706,-115.14479,36.170017
3867,3867,-112.3355,33.460354
3868,28706,-111.91693,33.42156
3869,3869,-112.165565,33.611652
3870,28706,-111.906136,33.378304
3871,28706,-112.07285,33.449226
3872,3872,-112.03397,33.508984
3873,28706,-115.14683,36.172176
3874,28706,-111.860405,33.277092
3875,28706,-3.3644342,55.94828
3876,28706,-112.11058,33.71298
3877,28706,-112.073814,33.448868
3878,28706,-112.006714,33.435715
3879,28706,-112.0491,33.522636
3880,28706,-112.06862,33.452156
3881,28706,-111.995705,33.63991
3882,28706,-115.08566,36.02736
3883,28706,-112.064926,33.4743
3884,3884,-112.358826,33.46646
3885,28706,-112.06862,33.452156
3886,28706,-111.86569,33.53887
3887,3887,-112.1464,33.80425
3888,28706,-112.00052,33.495766
3889,28706,-112.07358,33.44842
3890,28706,-111.80294,33.383644
3891,28706,-112.07073,33.45108
3892,28706,-111.94497,33.462166
3893,28706,-115.17815,36.06713
3894,28706,-112.077835,33.487103
3895,28706,-112.06384,33.517437
3896,3896,-112.060196,33.50948
3897,28706,-112.06467,33.59547
3898,28706,-115.16911,36.12468
3899,28706,-111.85791,33.235134
3900,3900,-112.09998,33.55429
3901,28706,-115.143524,36.170765
3902,28706,-115.17652,36.11301
3903,28706,-112.00005,33.450695
3904,28706,-111.90624,33.37797
3905,28706,-111.90663,33.43274
3906,28706,-112.04791,33.47893
3907,28706,-112.07966,33.445744
3908,30769,-111.92053,33.489132
3909,30769,-115.17178,36.12367
3910,28706,-111.997696,33.435596
3911,28706,-111.84169,33.3019
3912,28706,-115.15396,36.157898
3913,28706,-115.173904,36.110092
3914,28706,-112.05003,33.46554
3915,3915,-112.1019,33.712246
3916,28706,-112.01691,33.448673
3917,28706,-111.7443,33.307983
3918,3918,-112.134186,33.51087
3919,28706,-112.006714,33.435715
3920,28706,-115.173874,36.109753
3921,28706,-111.551094,33.412388
3922,28706,-111.94037,33.425762
3923,28706,-115.16769,36.10302
3924,3924,-112.16333,33.318974
3925,30769,-112.35654,33.42504
3926,28706,-115.15126,36.1089
3927,28706,-111.92576,33.473293
3928,28706,-112.04677,33.50889
3929,28706,-111.78983,33.354767
3930,28706,-111.99575,33.50231
3931,28706,-115.19528,36.11444
3932,3932,-112.072205,33.472473
3933,28706,-111.78777,33.379498
3934,3934,-111.841156,33.31183
3935,3935,-111.92417,33.63718
3936,28706,-111.85832,33.32686
3937,28706,-111.92343,33.499702
3938,28706,-115.174355,36.109806
3939,3939,-115.1929,36.116634
3940,28706,-111.92562,33.493855
3941,28706,-112.261604,33.534298
3942,3942,-112.047295,33.068256
3943,3943,-111.72688,33.414944
3944,28706,-112.393776,33.62668
3945,28706,-111.98411,33.269833
3946,3946,-111.97437,33.521954
3947,3947,-112.09144,33.45804
3948,28706,-111.873955,33.62112
3949,28706,-111.97437,33.521954
3950,3950,-115.15254,36.151268
3951,28706,-115.15389,36.156593
3952,28706,-111.63997,33.28187
3953,28706,-111.92353,33.564377
3954,28706,-112.072205,33.472473
3955,28706,-111.611404,33.54463
3956,28706,-111.7195,33.34711
3957,28706,-112.23992,33.595974
3958,28706,-112.23997,33.58195
3959,28706,-89.38207,43.07572
3960,28706,-111.92644,33.50619
3961,28706,-111.82584,33.41346
3962,28706,-111.84238,33.304688
3963,28706,-112.06498,33.524887
3964,28706,-111.96382,33.44613
3965,28706,-111.94497,33.462166
3966,28706,-112.03397,33.508984
3967,28706,-111.97652,33.31724
3968,28706,-111.92796,33.490696
3969,30769,-111.8323,33.378372
3970,28706,-112.07427,33.447517
3971,28706,-112.03147,33.48778
3972,28706,-111.91153,33.509792
3973,28706,-112.003174,33.49564
3974,28706,-111.93985,33.424675
3975,28706,-112.35913,33.61018
3976,28706,-111.976906,33.612934
3977,28706,-115.15387,36.110085
3978,28706,-111.89946,33.557293
3979,28706,-112.11836,33.58035
3980,28706,-112.120705,33.667572
3981,28706,-111.76014,33.30625
3982,28706,-112.26369,33.638588
3983,28706,-111.87602,33.3796
3984,28706,-111.96154,33.31921
3985,28706,-112.04716,33.524086
3986,3986,-111.92628,33.528217
3987,28706,-112.07059,33.450706
3988,28706,-111.88589,33.306007
3989,28706,-111.84164,33.322445
3990,28706,-112.07059,33.450706
3991,28706,-111.89333,33.62839
3992,28706,-111.93881,33.426064
3993,28706,-112.07212,33.4448
3994,3994,-111.95149,33.42273
3995,28706,-111.99559,33.511234
3996,28706,-111.92416,33.623615
3997,28706,-111.833664,33.416603
3998,28706,-112.03063,33.48189
3999,28706,-80.838165,35.23109
4000,28706,-111.91728,33.465336
4001,28706,-112.065636,33.44916
4002,28706,-115.17086,36.10993
4003,28706,-112.184326,33.539227
4004,28706,-115.30628,36.114822
4005,28706,-112.047104,33.530334
4006,28706,-115.167694,36.103054
4007,28706,-112.08452,33.49523
4008,28706,-112.06551,33.576332
4009,28706,-111.97877,33.58394
4010,28706,-112.09107,33.49436
4011,28706,-111.99434,33.43419
4012,28706,-115.20685,36.11581
4013,28706,-111.95927,33.522
4014,28706,-111.943306,33.42127
4015,28706,-112.07562,33.450012
4016,28706,-112.391754,33.62338
4017,28706,-112.04149,33.508736
4018,28706,-111.97699,33.635006
4019,28706,-111.97842,33.62365
4020,28706,-112.240456,33.581093
4021,28706,-112.08711,33.45496
4022,28706,-111.928185,33.501774
4023,28706,-112.39489,33.456467
4024,28706,-111.91002,33.395737
4025,28706,-112.07126,33.448467
4026,30769,-111.92548,33.434902
4027,28706,-112.26369,33.638588
4028,28706,-111.932106,33.493336
4029,28706,-112.101746,33.37904
4030,28706,-111.91755,33.499786
4031,28706,-111.95375,33.407803
4032,30769,-80.83041,35.151836
4033,28706,-112.0037,33.49516
4034,28706,-112.07401,33.45038
4035,28706,-111.85726,33.409737
4036,28706,-112.11762,33.524418
4037,28706,-111.976555,33.677334
4038,28706,-111.9309,33.58303
4039,28706,-111.888374,33.581944
4040,28706,-112.07397,33.513077
4041,30769,-111.968,33.31929
4042,4042,-111.925766,33.778988
4043,28706,-111.91002,33.395737
4044,28706,-112.10453,33.509815
4045,4045,-112.03565,33.436253
4046,28706,-112.116196,33.575203
4047,28706,-111.92697,33.462616
4048,4048,-112.07126,33.448467
4049,28706,-111.98636,33.453197
4050,28706,-111.92415,33.50155
4051,28706,-111.9258,33.49911
4052,28706,-112.07405,33.44995
4053,28706,-112.21829,33.47805
4054,28706,-111.92373,33.635464
4055,28706,-111.98907,33.59956
4056,4056,-112.04853,33.524036
4057,28706,-112.021385,33.495342
4058,4058,-112.138855,33.864914
4059,4059,-112.07126,33.448467
4060,28706,-111.7195,33.34711
4061,28706,-111.940834,33.426746
4062,28706,-111.73956,32.887573
4063,4063,-115.15979,36.11516
4064,28706,-111.92471,33.421352
4065,28706,-115.15112,36.086338
4066,28706,-111.92506,33.450874
4067,28706,-112.07037,33.456417
4068,28706,-112.02636,33.51076
4069,28706,-73.62455,45.538418
4070,28706,-112.42459,33.622913
4071,28706,-111.964615,33.534077
4072,28706,-112.04798,33.53184
4073,28706,-112.07375,33.565098
4074,28706,-112.22096,33.642815
4075,28706,-115.13792,36.168026
4076,28706,-111.56552,33.218143
4077,28706,-73.559364,45.508003
4078,28706,-112.06877,33.485413
4079,28706,-111.995995,33.50922
4080,28706,-112.13356,33.583717
4081,28706,-111.786835,33.305935
4082,4082,-115.33299,36.16123
4083,30557,-111.92942,33.50284
4084,28706,-73.55267,45.50793
4085,28706,-112.18317,33.538727
4086,4086,-115.17641,36.11316
4087,28706,-111.90998,33.347878
4088,28706,-112.06544,33.512665
4089,28706,-111.98212,33.331654
4090,28706,-112.07393,33.429424
4091,28706,-112.00414,33.495163
4092,28706,-112.065475,33.47014
4093,28706,-112.02249,33.40667
4094,4094,-112.074135,33.510227
4095,4095,-111.94031,33.423107
4096,4096,-112.20232,33.58128
4097,28706,-111.947525,33.407562
4098,28706,-111.8754,33.337067
4099,28706,-111.875145,33.39427
4100,28706,-112.090996,33.47979
4101,28706,-112.07472,33.463173
4102,4102,-111.90752,33.4066
4103,28706,-112.02493,33.640034
4104,28706,-112.35751,33.46129
4105,28706,-112.078766,33.50958
4106,28706,-112.10004,33.50141
4107,4107,-112.07373,33.381145
4108,28706,-112.07401,33.44957
4109,4109,-111.89173,33.306416
4110,28706,-112.083046,33.531364
4111,28706,-112.12593,33.574345
4112,28706,-112.07551,33.449596
4113,28706,-112.07674,33.449017
4114,28706,-112.07405,33.497803
4115,4115,-112.08241,33.5027
4116,28706,-112.111465,33.52525
4117,28706,-112.11726,33.382595
4118,28706,-111.9759,33.495018
4119,28706,-111.925674,33.470047
4120,30769,-112.185036,33.63903
4121,28706,-111.923,33.5015
4122,28706,-111.9161,33.419567
4123,28706,-112.02851,33.511456
4124,28706,-112.05627,33.472767
4125,28706,-115.12573,36.173634
4126,28706,-112.04934,33.523056
4127,28706,-112.03788,33.509254
4128,28706,-112.073494,33.491695
4129,28706,-111.89398,33.414867
4130,28706,-112.072395,33.448742
4131,28706,-112.18759,33.66274
4132,4132,-111.95564,33.442375
4133,28706,-111.975815,33.321735
4134,28706,-112.04791,33.47893
4135,28706,-111.91631,33.451744
4136,28706,-112.082214,33.495155
4137,28706,-115.24239,36.0542
4138,28706,-112.04798,33.53184
4139,28706,-112.07371,33.456326
4140,28706,-111.94718,33.30594
4141,28706,-111.936,33.41438
4142,28706,-115.15979,36.11516
4143,28706,-112.07393,33.429424
4144,28706,-112.04791,33.47893
4145,28706,-111.976555,33.677334
4146,28706,-115.17087,36.10242
4147,4147,-112.082504,33.44052
4148,28706,-111.961716,33.53199
4149,4149,-115.04598,36.06216
4150,28706,-112.23827,33.63088
4151,28706,-111.927734,33.348675
4152,28706,-112.056564,33.550343
4153,28706,-111.78983,33.354767
4154,28706,-111.78991,33.355118
4155,28706,-111.860565,33.364925
4156,28706,-112.04673,33.523743
4157,4157,-112.08873,33.50919
4158,28706,-111.966606,33.67681
4159,28706,-111.87926,33.63937
4160,28706,-112.21724,33.638668
4161,30557,-115.17087,36.10242
4162,28706,-111.944756,33.421448
4163,28706,-111.98605,33.494587
4164,28706,-111.92623,33.575817
4165,28706,-111.8905,33.320286
4166,28706,-111.936615,33.37798
4167,28706,-112.12042,33.5694
4168,4168,-111.841156,33.31183
4169,28706,-112.02849,33.510426
4170,28706,-111.958885,33.34871
4171,28706,-111.98909,33.42159
4172,4172,-112.11762,33.524418
4173,28706,-111.922966,33.501312
4174,28706,-115.17413,36.121143
4175,30769,-112.13487,33.46435
4176,28706,-111.95036,33.4216
4177,28706,-111.91492,33.421413
4178,28706,-112.049126,33.4368
4179,28706,-111.982285,33.32033
4180,28706,-111.97983,33.306667
4181,28706,-111.98352,33.33092
4182,28706,-115.17457,36.11622
4183,28706,-112.358765,33.507095
4184,28706,-111.92351,33.581493
4185,28706,-112.07393,33.429424
4186,28706,-112.27399,33.465183
4187,28706,-111.877014,33.389984
4188,30769,-112.0013,33.49514
4189,4189,-111.917534,33.64516
4190,28706,-111.91124,33.362373
4191,28706,-111.721756,33.381763
4192,4192,-112.18589,33.462093
4193,28706,-112.22614,33.642326
4194,4194,-112.3355,33.460354
4195,28706,-112.04808,33.538925
4196,4196,-111.633095,33.24912
4197,28706,-112.13153,33.640965
4198,4198,-112.040085,33.46555
4199,28706,-112.04595,33.069283
4200,28706,-111.92697,33.52771
4201,28706,-112.02636,33.51076
4202,4202,-112.073875,33.446995
4203,28706,-111.94668,33.421616
4204,28706,-115.1746,36.116764
4205,28706,-111.91804,33.69925
4206,5578,-112.237564,33.632164
4207,28706,-111.789055,33.35924
4208,28706,-111.92635,33.489796
4209,28706,-112.06516,33.519554
4210,4210,-112.07371,33.456326
4211,28706,-111.78977,33.356873
4212,28706,-111.77289,33.423706
4213,28706,-115.17124,36.11788
4214,4214,-112.3564,33.465137
4215,28706,-112.06476,33.4713
4216,4216,-112.35869,33.46381
4217,28706,-112.120384,33.66752
4218,28706,-111.94082,33.423077
4219,4219,-112.14982,33.640068
4220,28706,-112.02787,33.49874
4221,4221,-112.07379,33.435524
4222,4222,-111.85983,33.36073
4223,4223,-112.07444,33.445892
4224,28706,-112.120705,33.667572
4225,4225,-111.98333,33.34819
4226,28706,-111.858246,33.26385
4227,4227,-111.959404,33.350735
4228,28706,-111.93962,33.42344
4229,4229,-111.91585,33.697605
4230,28706,-111.87236,33.540802
4231,28706,-111.986664,33.6016
4232,28706,-112.06469,33.52939
4233,28706,-112.00187,33.495174
4234,28706,-112.01343,33.583477
4235,4235,-111.977715,33.317287
4236,4236,-111.73893,33.33537
4237,28706,-111.98451,33.509106
4238,28706,-112.07308,33.56747
4239,28706,-112.27275,33.46457
4240,28706,-112.09614,33.510094
4241,4241,-111.925766,33.623943
4242,28706,-112.00486,33.49552
4243,28706,-112.07457,33.47411
4244,28706,-111.9235,33.625095
4245,28706,-112.07991,33.45496
4246,28706,-111.91622,33.49664
4247,28706,-112.07872,33.509678
4248,28706,-111.97838,33.627045
4249,28706,-111.979546,33.640232
4250,28706,-111.92665,33.609993
4251,28706,-112.04725,33.50166
4252,28706,-112.07037,33.456417
4253,28706,-112.06475,33.472675
4254,28706,-112.08224,33.499825
4255,28706,-112.06033,33.494713
4256,28706,-111.930984,33.79885
4257,28706,-112.07033,33.457035
4258,28706,-111.98909,33.42159
4259,4259,-111.79242,33.378643
4260,28706,-111.77341,33.29329
4261,4261,-111.92591,33.527195
4262,28706,-112.003845,33.48072
4263,28706,-111.7902,33.28016
4264,28706,-111.94081,33.42263
4265,28706,-112.045715,33.51041
4266,28706,-112.04739,33.4692
4267,28706,-112.06467,33.59547
4268,4268,-111.87543,33.394417
4269,28706,-115.15126,36.1089
4270,28706,-111.92473,33.626343
4271,28706,-111.97937,33.329357
4272,4272,-111.89754,33.621906
4273,28706,-112.065346,33.519466
4274,4274,-111.939804,33.426353
4275,28706,-111.752884,33.37769
4276,28706,-112.06899,33.45917
4277,28706,-111.90713,33.39263
4278,28706,-111.98253,33.479965
4279,28706,-112.358635,33.463406
4280,28706,-115.02976,36.097412
4281,4281,-111.97688,33.583424
4282,28706,-112.12042,33.5694
4283,28706,-112.27275,33.46457
4284,4284,-112.04373,33.508354
4285,4285,-111.87599,33.413055
4286,28706,-112.06551,33.576332
4287,4287,-112.073494,33.491695
4288,30769,-111.92851,33.50097
4289,28706,-111.86058,33.33606
4290,28706,-111.92548,33.434902
4291,28706,-112.02721,33.51021
4292,28706,-112.099915,33.503937
4293,28706,-111.92775,33.492905
4294,28706,-111.82584,33.41346
4295,28706,-112.08083,33.48021
4296,28706,-112.04465,33.448486
4297,28706,-112.07461,33.474236
4298,28706,-111.91091,33.414574
4299,4299,-111.917534,33.64516
4300,28706,-112.0477,33.515106
4301,28706,-112.03854,33.454876
4302,28706,-115.19734,36.116177
4303,28706,-112.04739,33.4692
4304,28706,-112.0313,33.643
4305,28706,-112.22554,33.6416
4306,28706,-111.789505,33.452507
4307,4307,-111.97632,33.612
4308,28706,-112.06551,33.576332
4309,28706,-112.220406,33.6105
4310,28706,-112.08219,33.466106
4311,4311,-112.25351,33.581303
4312,28706,-111.96175,33.40655
4313,28706,-111.99584,33.640785
4314,4314,-112.01237,33.582172
4315,28706,-111.92715,33.421734
4316,28706,-112.06543,33.469967
4317,28706,-111.9727,33.675682
4318,4318,-112.11471,33.71089
4319,28706,-112.07308,33.56747
4320,4320,-112.156845,33.451126
4321,30769,-112.07127,33.508995
4322,28706,-112.172195,33.53848
4323,4323,-111.994576,33.304462
4324,4324,-112.05744,33.49426
4325,28706,-111.90545,33.432915
4326,28706,-111.923256,33.58223
4327,4327,-112.064644,33.450397
4328,28706,-112.273254,33.4641
4329,4329,-112.074615,33.44795
4330,4330,-111.83933,33.246418
4331,28706,-112.07445,33.449436
4332,28706,-112.06899,33.45917
4333,28706,-111.92604,33.41696
4334,28706,-111.926636,33.653805
4335,28706,-112.06567,33.487747
4336,28706,-111.92443,33.582516
4337,4337,-115.141884,36.16918
4338,30769,-112.24006,33.611202
4339,28706,-112.06516,33.519554
4340,28706,-112.07327,33.479782
4341,28706,-112.064926,33.4743
4342,28706,-111.9454,33.377
4343,28706,-112.063866,33.494915
4344,28706,-112.045715,33.51041
4345,28706,-111.92906,33.36249
4346,28706,-111.90885,33.421627
4347,28706,-112.06476,33.4713
4348,28706,-112.07357,33.4641
4349,28706,-112.131485,33.525192
4350,28706,-112.10023,33.626423
4351,28706,-111.98645,33.47641
4352,4352,-111.9142,33.46483
4353,28706,-111.9011,33.34931
4354,28706,-112.07445,33.448578
4355,28706,-112.06551,33.576332
4356,28706,-111.907455,33.37734
4357,28706,-112.0404,33.509445
4358,4358,-112.07357,33.4641
4359,4359,-112.049126,33.4368
4360,4360,-112.074196,33.51354
4361,28706,-111.982025,33.34806
4362,4362,-111.92563,33.49171
4363,28706,-111.93588,33.422318
4364,28706,-112.0792,33.49111
4365,28706,-112.05359,33.49485
4366,28706,-111.92784,33.497147
4367,4367,-111.98156,33.304703
4368,28706,-111.96684,33.305733
4369,28706,-111.91017,33.48699
4370,4370,-111.94298,33.421413
4371,28706,-111.994545,33.43402
4372,28706,-112.18789,33.666695
4373,4373,-111.72417,33.38128
4374,28706,-111.92367,33.53918
4375,4375,-112.06961,33.456757
4376,28706,-111.743675,33.306835
4377,4377,-73.57902,45.52839
4378,28706,-112.23077,33.636528
4379,28706,-111.75614,33.36745
4380,28706,-112.06867,33.44629
4381,28706,-115.17849,36.10924
4382,28706,-112.09909,33.552475
4383,28706,-111.87372,33.379093
4384,4384,-111.9989,33.375305
4385,28706,-111.96588,33.385586
4386,28706,-115.17582,36.11773
4387,28706,-112.372765,33.464046
4388,28706,-112.18584,33.542072
4389,28706,-112.04739,33.4692
4390,30769,-112.07233,33.456696
4391,28706,-112.171936,33.638557
4392,28706,-112.06998,33.45716
4393,28706,-112.07908,33.49112
4394,30769,-112.08166,33.466103
4395,28706,-112.06922,33.453896
4396,28706,-112.00326,33.495155
4397,28706,-112.07379,33.435524
4398,30769,-112.073494,33.491695
4399,28706,-111.83985,33.388084
4400,28706,-112.11107,33.71102
4401,28706,-111.92589,33.586834
4402,28706,-112.06836,33.457863
4403,28706,-89.38101,43.074238
4404,28706,-111.93051,33.491875
4405,28706,-111.92313,33.69957
4406,28706,-112.0001,33.305485
4407,28706,-112.079285,33.455036
4408,28706,-112.07379,33.435524
4409,28706,-111.92641,33.655567
4410,28706,-112.082825,33.517372
4411,28706,-111.97775,33.49413
4412,28706,-112.06296,33.656124
4413,28706,-111.95149,33.42273
4414,28706,-112.07908,33.49112
4415,28706,-115.22345,36.125664
4416,28706,-111.99411,33.479755
4417,28706,-111.84122,33.313553
4418,28706,-112.07399,33.44933
4419,28706,-111.92595,33.422276
4420,28706,-111.99634,33.50211
4421,28706,-112.08981,33.45712
4422,28706,-111.79164,33.270878
4423,28706,-111.930756,33.5053
4424,28706,-111.943954,33.42853
4425,28706,-111.92293,33.492752
4426,28706,-111.92625,33.617584
4427,28706,-112.0739,33.500202
4428,28706,-112.07354,33.50653
4429,28706,-111.988075,33.51
4430,28706,-111.91055,33.48017
4431,28706,-111.94389,33.4216
4432,28706,-111.92656,33.485966
4433,28706,-73.55787,45.50043
4434,28706,-111.92415,33.50155
4435,28706,-111.72624,33.321865
4436,28706,-111.93152,33.493298
4437,28706,-111.92427,33.492287
4438,28706,-112.02731,33.510536
4439,4439,-112.13487,33.46435
4440,28706,-112.165565,33.611652
4441,28706,-115.17669,36.117455
4442,28706,-112.064644,33.450397
4443,28706,-112.08873,33.50919
4444,28706,-111.92902,33.50251
4445,28706,-111.897964,33.302246
4446,28706,-112.06482,33.473904
4447,28706,-111.927216,33.5314
4448,28706,-112.05503,33.5529
4449,28706,-111.96797,33.32236
4450,28706,-111.92471,33.421352
4451,28706,-112.08292,33.506462
4452,28706,-111.81534,33.436394
4453,28706,-111.86092,33.336273
4454,28706,-112.0144,33.510056
4455,28706,-112.0648,33.47468
4456,28706,-112.027885,33.377113
4457,30769,-115.26148,36.113655
4458,28706,-112.06961,33.456757
4459,28706,-112.010605,33.465714
4460,28706,-112.17015,33.610752
4461,28706,-111.95117,33.421658
4462,28706,-112.074684,33.509563
4463,28706,-112.15967,33.509876
4464,28706,-112.099236,33.59371
4465,28706,-111.97417,33.4133
4466,28706,-112.07377,33.45838
4467,28706,-111.97775,33.49413
4468,28706,-111.92704,33.321545
4469,4469,-112.06899,33.45917
4470,28706,-111.91648,33.64488
4471,28706,-112.23991,33.68106
4472,28706,-112.11459,33.612545
4473,28706,-115.04675,36.043884
4474,28706,-112.39544,33.63827
4475,4475,-111.88075,33.55738
4476,28706,-112.073875,33.446995
4477,28706,-112.18793,33.670437
4478,28706,-111.95201,33.37719
4479,28706,-112.07551,33.449596
4480,28706,-112.237564,33.632164
4481,28706,-112.07748,33.45907
4482,4482,-111.961716,33.53199
4483,28706,-112.071884,33.44986
4484,4484,-111.90876,33.458496
4485,4485,-112.07054,33.465744
4486,28706,-112.23629,33.633305
4487,4487,-112.127106,33.581795
4488,28706,-112.06862,33.452156
4489,28706,-112.07358,33.442486
4490,28706,-112.07362,33.41081
4491,28706,-111.92593,33.493774
4492,28706,-112.06862,33.452156
4493,28706,-112.09107,33.49436
4494,30769,-111.996765,33.495117
4495,28706,-112.01291,33.39068
4496,28706,-115.17203,36.11494
4497,28706,-112.09927,33.52513
4498,28706,-111.92708,33.335384
4499,4499,-112.13548,33.53821
4500,28706,-111.92615,33.625362
4501,28706,-111.92648,33.474552
4502,28706,-111.92415,33.50155
4503,4503,-111.918,33.50232
4504,28706,-111.9796,33.331047
4505,28706,-111.91348,33.494576
4506,28706,-111.889534,33.41505
4507,28706,-112.011284,33.640278
4508,28706,-115.157875,36.142757
4509,28706,-73.583984,45.490173
4510,28706,-112.07176,33.44931
4511,28706,-112.073875,33.446995
4512,28706,-111.97403,33.371136
4513,28706,-112.02493,33.640034
4514,4514,-112.06483,33.457333
4515,28706,-111.95564,33.442375
4516,28706,-112.047714,33.449528
4517,28706,-115.167404,36.126812
4518,28706,-115.17196,36.120907
4519,28706,-112.06961,33.452335
4520,28706,-112.06516,33.519554
4521,28706,-111.89497,33.582962
4522,28706,-112.068695,33.452435
4523,28706,-111.97094,33.403538
4524,28706,-112.06961,33.452335
4525,28706,-112.07409,33.4975
4526,28706,-112.06961,33.452335
4527,28706,-111.68226,33.46673
4528,30769,-111.90817,33.45781
4529,28706,-112.04887,33.46591
4530,28706,-115.314316,36.112083
4531,28706,-112.134186,33.51087
4532,28706,-111.834526,33.414837
4533,28706,-111.92635,33.496613
4534,28706,-115.1929,36.116634
4535,28706,-112.11067,33.640343
4536,28706,-111.92568,33.422756
4537,28706,-112.01291,33.39068
4538,28706,-111.72261,33.36596
4539,28706,-112.08233,33.46606
4540,28706,-112.099915,33.503017
4541,28706,-112.07156,33.457054
4542,28706,-115.17516,36.109875
4543,28706,-112.07033,33.457035
4544,4544,-112.05806,33.550854
4545,28706,-111.943985,33.428585
4546,28706,-111.59601,33.22378
4547,28706,-111.72063,33.23511
4548,4548,-111.888374,33.581944
4549,28706,-111.97828,33.39516
4550,28706,-111.83293,33.41547
4551,28706,-111.96103,33.87358
4552,28706,-111.92602,33.582504
4553,28706,-112.0917,33.50899
4554,28706,-111.90849,33.430023
4555,28706,-112.04733,33.641117
4556,30769,-111.9759,33.495018
4557,28706,-112.204185,33.63882
4558,28706,-111.8989,33.306488
4559,28706,-112.02297,33.495342
4560,28706,-111.99434,33.43419
4561,28706,-115.19761,36.14399
4562,4562,-112.064926,33.4743
4563,28706,-112.073494,33.491695
4564,28706,-112.04149,33.508736
4565,28706,-112.26605,33.53391
4566,28706,-112.07415,33.46425
4567,28706,-112.03885,33.506256
4568,28706,-115.11979,36.238106
4569,28706,-112.22832,33.634636
4570,4570,-112.07161,33.458847
4571,28706,-111.926765,33.501877
4572,28706,-111.95149,33.42273
4573,28706,-111.909225,33.305378
4574,30769,-111.951614,33.421337
4575,4575,-111.93631,33.422318
4576,28706,-112.23696,33.62722
4577,4577,-112.04798,33.513504
4578,28706,-112.07054,33.465744
4579,28706,-112.07486,33.448936
4580,4580,-112.04767,33.483723
4581,28706,-112.073425,33.447334
4582,28706,-112.04784,33.5224
4583,4583,-111.96211,33.33497
4584,4584,-111.99497,33.43605
4585,4585,-111.926674,33.489574
4586,28706,-111.910515,33.46885
4587,4587,-112.083984,33.496387
4588,28706,-111.85335,33.393387
4589,28706,-111.85275,33.731834
4590,28706,-115.169655,36.12119
4591,28706,-111.89163,33.625385
4592,28706,-79.985535,40.45074
4593,28706,-112.082344,33.46532
4594,28706,-115.13792,36.168026
4595,28706,-112.072014,33.455708
4596,28706,-111.888626,33.675133
4597,28706,-112.184326,33.539227
4598,28706,-111.9288,33.49526
4599,28706,-111.860405,33.277092
4600,28706,-112.18537,33.610764
4601,4601,-112.07339,33.513504
4602,28706,-112.04831,33.508953
4603,4603,-112.1128,33.712425
4604,28706,-111.90465,33.616486
4605,28706,-111.836136,33.416798
4606,4606,-112.04725,33.50166
4607,28706,-112.23166,33.638668
4608,28706,-111.89117,33.319813
4609,28706,-112.169464,33.596962
4610,28706,-112.11606,33.58511
4611,28706,-111.91002,33.395737
4612,28706,-112.06343,33.44752
4613,28706,-111.90834,33.394802
4614,28706,-111.89344,33.62444
4615,28706,-112.06844,33.638363
4616,28706,-112.17426,33.63955
4617,4617,-112.35883,33.467022
4618,28706,-111.68715,33.325325
4619,4619,-111.85407,33.39349
4620,28706,-112.12325,33.639545
4621,4621,-112.356064,33.464493
4622,28706,-112.07431,33.50062
4623,28706,-112.25428,33.580444
4624,28706,-112.13424,33.625828
4625,28706,-112.261604,33.534298
4626,4626,-112.1807,33.58231
4627,28706,-112.18817,33.662697
4628,28706,-111.85794,33.27528
4629,28706,-111.92445,33.539402
4630,4630,-111.92529,33.478733
4631,4631,-112.18902,33.639168
4632,28706,-112.06962,33.452393
4633,28706,-112.07415,33.46425
4634,4634,-111.892105,33.622715
4635,28706,-112.04945,33.377567
4636,4636,-111.909645,33.40716
4637,28706,-111.84114,33.29091
4638,28706,-112.068504,33.452827
4639,28706,-112.08199,33.50551
4640,28706,-111.92563,33.49171
4641,28706,-112.08285,33.51695
4642,28706,-112.071884,33.44986
4643,4643,-111.93772,33.391724
4644,28706,-111.75579,33.36657
4645,28706,-115.351524,36.159336
4646,28706,-115.1195,36.015434
4647,28706,-112.02851,33.511456
4648,28706,-112.07127,33.508995
4649,28706,-111.78977,33.356873
4650,28706,-111.90862,33.377403
4651,28706,-112.066925,33.639965
4652,4652,-111.92388,33.820896
4653,28706,-73.55403,45.50644
4654,28706,-112.07285,33.449226
4655,28706,-73.55454,45.504128
4656,4656,-111.962555,33.33564
4657,28706,-112.04715,33.524593
4658,28706,-112.07232,33.457657
4659,30769,-115.16021,36.133446
4660,28706,-111.92529,33.478733
4661,28706,-112.07059,33.45006
4662,28706,-111.8758,33.41271
4663,28706,-111.841324,33.245163
4664,28706,-111.995514,33.50243
4665,28706,-112.126686,33.581818
4666,28706,-115.23995,36.14467
4667,28706,-112.0846,33.34697
4668,28706,-112.082344,33.46532
4669,30769,-115.209656,36.127045
4670,28706,-111.90804,33.33591
4671,28706,-111.925865,33.64129
4672,28706,-112.05627,33.472767
4673,28706,-112.0733,33.47907
4674,28706,-111.93228,33.496403
4675,28706,-112.358765,33.507095
4676,28706,-111.93508,33.48131
4677,28706,-111.92239,33.501007
4678,28706,-112.07196,33.509605
4679,28706,-80.83188,35.156338
4680,28706,-111.90551,33.573765
4681,28706,-111.95575,33.531525
4682,4682,-112.079285,33.455036
4683,30769,-112.02292,33.448673
4684,28706,-111.92892,33.82847
4685,28706,-111.89477,33.627304
4686,28706,-112.082825,33.517372
4687,28706,-112.06456,33.522358
4688,28706,-111.93512,33.483368
4689,23074,-111.936485,33.422974
4690,4690,-112.07054,33.465744
4691,4691,-112.07401,33.505856
4692,28706,-112.03685,33.640083
4693,28706,-112.07484,33.447174
4694,28706,-112.07484,33.447174
4695,4695,-112.06666,33.496933
4696,28706,-112.07747,33.459015
4697,28706,-112.07422,33.479652
4698,28706,-111.87735,33.30606
4699,28706,-112.08388,33.49745
4700,28706,-111.74184,33.307846
4701,28706,-111.97678,33.584267
4702,28706,-111.78861,33.43749
4703,28706,-111.921684,33.582222
4704,28706,-112.07484,33.447174
4705,4705,-111.72394,33.379185
4706,4706,-111.92525,33.618355
4707,28706,-112.072266,33.458782
4708,4708,-111.97403,33.371136
4709,28706,-112.05206,33.457935
4710,28706,-112.11214,33.66497
4711,28706,-112.07405,33.44995
4712,4712,-112.078156,33.458477
4713,28706,-112.07405,33.44995
4714,4714,-112.18317,33.538727
4715,4715,-112.05472,33.55273
4716,28706,-112.04767,33.483723
4717,28706,-112.10039,33.488403
4718,30769,-111.93159,33.830368
4719,28706,-111.875336,33.277004
4720,28706,-111.73558,33.43846
4721,28706,-111.92306,33.49227
4722,28706,-112.75274,33.96392
4723,28706,-112.083115,33.49457
4724,28706,-111.928024,33.624035
4725,4725,-112.116264,33.576405
4726,28706,-112.074036,33.448376
4727,28706,-112.07562,33.450012
4728,28706,-112.07401,33.45038
4729,28706,-115.16918,36.10844
4730,28706,-112.14982,33.640068
4731,28706,-111.989876,33.49498
4732,28706,-112.04661,33.51038
4733,28706,-112.07492,33.483
4734,28706,-111.92589,33.586834
4735,28706,-111.84111,33.363014
4736,28706,-112.08234,33.516464
4737,28706,-112.04733,33.641117
4738,28706,-111.89146,33.627163
4739,28706,-112.07238,33.46544
4740,28706,-112.1159,33.587765
4741,28706,-111.789665,33.305748
4742,28706,-111.88343,33.305298
4743,28706,-111.953125,33.42159
4744,28706,-112.13726,33.50915
4745,4745,-111.790085,33.35524
4746,28706,-111.98837,33.495483
4747,28706,-112.072014,33.455708
4748,28706,-112.06466,33.476845
4749,28706,-112.05941,33.49494
4750,28706,-111.94643,33.37854
4751,4751,-115.17332,36.11567
4752,28706,-111.96901,33.315628
4753,28706,-111.9224,33.500626
4754,4754,-112.39554,33.45657
4755,4755,-112.07228,33.45587
4756,28706,-112.34323,33.464
4757,28706,-112.081566,33.4655
4758,28706,-112.06836,33.457863
4759,28706,-115.1741,36.12134
4760,30769,-111.86142,33.37831
4761,28706,-111.92756,33.38369
4762,28706,-111.88626,33.569817
4763,28706,-111.97811,33.59784
4764,28706,-112.04739,33.4692
4765,28706,-111.92529,33.478733
4766,4766,-111.92697,33.462616
4767,28706,-112.222885,33.596703
4768,28706,-111.92737,33.50323
4769,4769,-112.071075,33.446884
4770,4770,-112.073425,33.447334
4771,4771,-111.96481,33.378925
4772,28706,-112.13101,33.639732
4773,28706,-115.17684,36.1206
4774,28706,-112.271805,33.465214
4775,28706,-112.237854,33.63042
4776,4776,-112.08238,33.46577
4777,4777,-111.92477,33.64053
4778,4778,-112.02814,33.510223
4779,28706,-111.995705,33.63991
4780,28706,-112.024,33.50923
4781,4781,-111.99968,33.43605
4782,28706,-111.98095,33.304028
4783,28706,-111.92619,33.618313
4784,28706,-115.14056,36.16785
4785,28706,-115.00943,36.27326
4786,28706,-111.537415,33.57461
4787,4787,-112.071075,33.446884
4788,4788,-111.78979,33.357132
4789,28706,-112.073425,33.447334
4790,28706,-112.049126,33.4368
4791,4791,-112.019775,33.495438
4792,28706,-112.071075,33.446884
4793,4793,-112.07401,33.44957
4794,28706,-112.10003,33.638687
4795,4795,-111.967804,33.320557
4796,28706,-111.686104,33.38569
4797,28706,-111.787735,33.391663
4798,28706,-111.98051,33.378704
4799,28706,-112.074066,33.509735
4800,4800,-112.074425,33.44849
4801,4801,-111.929375,33.622887
4802,4802,-111.96135,33.351013
4803,28706,-112.06544,33.595097
4804,28706,-112.006714,33.435715
4805,28706,-112.064766,33.470886
4806,28706,-111.90513,33.41494
4807,28706,-111.97488,33.58422
4808,28706,-111.88544,33.54149
4809,28706,-115.17033,36.12362
4810,28706,-112.07422,33.479652
4811,28706,-111.93395,33.49345
4812,28706,-112.07422,33.479652
4813,28706,-115.17086,36.10993
4814,28706,-112.121895,33.670223
4815,28706,-111.927765,33.498432
4816,28706,-112.20085,33.610016
4817,28706,-115.13609,36.01191
4818,28706,-112.10831,33.538857
4819,28706,-111.924194,33.78053
4820,28706,-115.1466,36.171837
4821,28706,-112.271225,33.63774
4822,28706,-112.06476,33.4713
4823,4823,-115.16744,36.127686
4824,28706,-115.1684,36.124554
4825,28706,-112.09868,33.46693
4826,28706,-115.17459,36.112022
4827,28706,-115.17476,36.10803
4828,28706,-112.287704,33.49428
4829,28706,-115.22625,36.086525
4830,28706,-115.11799,36.014458
4831,28706,-112.02849,33.510426
4832,4832,-111.90446,33.433537
4833,30769,-112.07233,33.456696
4834,28706,-111.930984,33.79885
4835,28706,-111.936104,33.378223
4836,28706,-112.06466,33.486187
4837,28706,-112.072395,33.448742
4838,30769,-111.92612,33.532578
4839,28706,-112.04676,33.54781
4840,28706,-112.07372,33.448563
4841,28706,-112.127,33.581833
4842,28706,-115.25734,36.195675
4843,28706,-112.07271,33.448376
4844,4844,-112.10217,33.52494
4845,28706,-112.06669,33.60944
4846,4846,-111.9515,33.304844
4847,28706,-112.073425,33.447334
4848,4848,-111.9309,33.58303
4849,28706,-112.06609,33.60633
4850,28706,-112.26056,33.534855
4851,28706,-111.78861,33.43749
4852,28706,-112.09069,33.480274
4853,28706,-111.73821,33.41594
4854,28706,-112.22137,33.467903
4855,28706,-112.047104,33.530334
4856,4856,-111.87926,33.63937
4857,28706,-111.98907,33.59956
4858,28706,-112.02839,33.510456
4859,28706,-111.92657,33.499386
4860,28706,-112.122604,33.581367
4861,4861,-112.06544,33.595097
4862,28706,-112.07405,33.44995
4863,4863,-112.21744,33.637657
4864,4864,-112.0741,33.47948
4865,28706,-112.068504,33.452827
4866,28706,-112.09614,33.510094
4867,30769,-112.0741,33.47948
4868,28706,-111.874146,33.31923
4869,28706,-111.997696,33.435596
4870,30769,-112.07229,33.4807
4871,28706,-115.17704,36.10762
4872,28706,-112.23267,33.6359
4873,28706,-115.17089,36.11006
4874,28706,-112.07127,33.63668
4875,28706,-112.131485,33.525192
4876,28706,-111.8742,33.31996
4877,28706,-115.20131,36.126427
4878,4878,-112.09136,33.477753
4879,28706,-112.02418,33.510033
4880,28706,-112.06488,33.47426
4881,4881,-111.90383,33.433975
4882,4882,-111.923,33.5015
4883,28706,-112.0739,33.500202
4884,4884,-111.92796,33.490696
4885,28706,-112.073685,33.479477
4886,28706,-112.0249,33.510975
4887,28706,-111.95149,33.42273
4888,4888,-112.06342,33.607544
4889,28706,-111.924904,33.510914
4890,4890,-112.0792,33.49111
4891,28706,-111.97652,33.31724
4892,28706,-111.92792,33.499535
4893,28706,-112.07457,33.47411
4894,28706,-111.938225,33.378216
4895,28706,-112.13404,33.610744
4896,28706,-112.16784,33.61331
4897,4897,-111.89105,33.6271
4898,28706,-112.08288,33.516365
4899,28706,-112.235085,33.654278
4900,28706,-112.073685,33.479477
4901,4901,-112.04791,33.47893
4902,28706,-115.10866,36.001587
4903,28706,-112.06096,33.50953
4904,28706,-111.92951,33.322136
4905,28706,-115.13838,36.11365
4906,28706,-111.99584,33.640785
4907,28706,-112.049126,33.4368
4908,28706,-111.88451,33.636524
4909,28706,-111.979546,33.640232
4910,28706,-112.00008,33.495438
4911,28706,-115.17306,36.091965
4912,28706,-111.93744,33.423515
4913,28706,-112.201866,33.669647
4914,28706,-111.92753,33.49919
4915,28706,-111.78759,33.379097
4916,28706,-112.07427,33.447517
4917,28706,-111.977036,33.61302
4918,28706,-111.906044,33.43245
4919,28706,-111.86972,33.5409
4920,4920,-111.48048,33.450058
4921,30769,-111.87605,33.3627
4922,28706,-112.04657,33.510155
4923,28706,-111.92604,33.41696
4924,28706,-112.05472,33.55273
4925,4925,-111.89912,33.62122
4926,28706,-112.06238,33.637684
4927,4927,-112.25456,33.478016
4928,28706,-89.38695,43.07489
4929,28706,-112.362854,33.638557
4930,28706,-111.979164,33.597935
4931,28706,-111.89904,33.55519
4932,28706,-112.02849,33.510426
4933,28706,-115.17481,36.10987
4934,4934,-112.126114,33.47456
4935,28706,-112.074196,33.51354
4936,28706,-111.85576,33.39053
4937,28706,-112.07409,33.4975
4938,28706,-112.07422,33.479652
4939,28706,-112.01175,33.509346
4940,4940,-112.098274,33.53864
4941,4941,-112.065636,33.44916
4942,4942,-112.071884,33.44986
4943,28706,-112.082985,33.46545
4944,4944,-112.07379,33.435524
4945,4945,-111.72392,33.32106
4946,30769,-112.06063,33.49443
4947,4947,-111.931244,33.49337
4948,28706,-111.789276,33.355034
4949,28706,-111.74293,33.308735
4950,28706,-112.07339,33.513504
4951,4951,-112.07232,33.457657
4952,28706,-111.634476,33.249775
4953,28706,-112.04088,33.509563
4954,28706,-111.978836,33.67586
4955,28706,-111.90065,33.30537
4956,4956,-111.87236,33.540802
4957,28706,-111.93051,33.64885
4958,4958,-112.11074,33.524494
4959,4959,-112.13333,33.567116
4960,4960,-112.06096,33.50953
4961,28706,-111.92529,33.478733
4962,28706,-111.98909,33.42159
4963,28706,-112.078156,33.458477
4964,28706,-112.099625,33.566025
4965,4965,-112.3577,33.537685
4966,4966,-112.073326,33.509567
4967,28706,-112.085785,33.509537
4968,4968,-111.927,33.474373
4969,4969,-111.905495,33.43018
4970,28706,-112.068,33.641598
4971,28706,-111.89859,33.490013
4972,28706,-111.84128,33.3937
4973,28706,-112.07405,33.44995
4974,28706,-112.239044,33.669716
4975,28706,-112.26105,33.533955
4976,4976,-111.92358,33.491535
4977,28706,-111.93961,33.42608
4978,28706,-111.918686,33.566635
4979,28706,-111.79821,33.422718
4980,28706,-112.07422,33.479652
4981,4981,-112.3589,33.64478
4982,28706,-111.80903,33.271664
4983,28706,-111.989876,33.49498
4984,28706,-111.927734,33.348675
4985,28706,-112.02787,33.49874
4986,28706,-112.070465,33.452625
4987,28706,-112.02769,33.510315
4988,28706,-111.988716,33.509197
4989,28706,-111.94475,33.421658
4990,28706,-111.68226,33.45104
4991,28706,-112.04675,33.523613
4992,28706,-112.033966,33.465523
4993,28706,-112.07426,33.500813
4994,28706,-112.04698,33.523983
4995,28706,-112.07991,33.45496
4996,30769,-111.976906,33.612934
4997,28706,-111.92427,33.492287
4998,28706,-111.92635,33.46439
4999,28706,-112.065346,33.511677
5000,28706,-112.01383,33.510063
5001,5001,-111.98212,33.331654
5002,28706,-111.94858,33.832657
5003,28706,-111.91492,33.421413
5004,5004,-111.95493,33.407665
5005,28706,-111.929375,33.622887
5006,28706,-112.073425,33.447334
5007,28706,-111.743675,33.306835
5008,28706,-112.187035,33.640503
5009,28706,-112.083466,33.49569
5010,28706,-112.20413,33.611145
5011,28706,-112.074196,33.51354
5012,28706,-111.9759,33.495018
5013,28706,-111.85937,33.384197
5014,28706,-111.77341,33.29329
5015,28706,-112.047455,33.547836
5016,28706,-112.13259,33.552723
5017,28706,-112.06783,33.458065
5018,28706,-112.04788,33.525127
5019,28706,-112.072014,33.455708
5020,28706,-112.072014,33.455708
5021,5021,-111.8437,33.384083
5022,28706,-112.073425,33.447334
5023,28706,-111.89997,33.4276
5024,28706,-111.87404,33.622597
5025,28706,-111.92716,33.45379
5026,28706,-111.92483,33.539448
5027,28706,-112.137405,33.639606
5028,28706,-115.17516,36.109875
5029,28706,-112.04994,33.508884
5030,28706,-112.06502,33.653706
5031,28706,-111.92606,33.48357
5032,28706,-111.74266,33.3004
5033,28706,-111.7212,33.3666
5034,28706,-111.79082,33.261326
5035,28706,-115.173904,36.110092
5036,28706,-112.42459,33.622913
5037,28706,-111.92708,33.335384
5038,28706,-111.92716,33.45379
5039,28706,-111.89337,33.32015
5040,30769,-111.97308,33.52883
5041,28706,-112.11884,33.48044
5042,28706,-111.92555,33.492203
5043,5043,-111.98212,33.331654
5044,28706,-111.97686,33.613007
5045,5045,-112.02125,33.496155
5046,28706,-115.17131,36.11928
5047,5047,-111.96778,33.305794
5048,28706,-112.06516,33.519554
5049,28706,-112.07672,33.479992
5050,28706,-112.04465,33.448486
5051,5051,-112.07358,33.442486
5052,28706,-111.86027,33.262383
5053,28706,-115.190506,36.08786
5054,28706,-111.889626,33.56953
5055,28706,-112.23267,33.6359
5056,28706,-115.17124,36.11788
5057,28706,-112.07371,33.456326
5058,28706,-111.92686,33.583466
5059,28706,-115.17437,36.10206
5060,28706,-112.111664,33.64012
5061,28706,-112.25756,33.480137
5062,28706,-112.07374,33.561237
5063,5063,-111.911736,33.64759
5064,28706,-112.12562,33.574123
5065,28706,-112.09998,33.55429
5066,28706,-115.179146,36.145535
5067,28706,-115.17516,36.109875
5068,28706,-89.39987,43.07648
5069,28706,-111.87686,33.54105
5070,28706,-111.78727,33.393917
5071,30769,-112.04876,33.465958
5072,28706,-115.16296,36.12714
5073,5073,-112.13224,33.392525
5074,28706,-115.17155,36.05199
5075,28706,-112.07212,33.4448
5076,5076,-112.07212,33.4448
5077,30769,-80.71706,35.139946
5078,28706,-115.172554,36.115673
5079,28706,-112.093414,33.51961
5080,28706,-115.167725,36.103397
5081,28706,-111.61947,33.479176
5082,28706,-112.00837,33.418617
5083,5083,-112.00331,33.4787
5084,28706,-112.010895,33.481
5085,28706,-112.04497,33.49466
5086,28706,-112.51594,33.495995
5087,28706,-111.74184,33.307846
5088,28706,-111.929985,33.496662
5089,5089,-111.62384,33.48893
5090,28706,-112.07077,33.447395
5091,28706,-111.79164,33.270878
5092,5092,-111.92708,33.508694
5093,28706,-112.07212,33.4448
5094,28706,-112.14925,34.048668
5095,28706,-111.9161,33.419567
5096,5096,-111.97799,33.446945
5097,5097,-115.16591,36.127686
5098,28706,-112.07156,33.457054
5099,5099,-111.995705,33.63991
5100,28706,-112.10115,33.554585
5101,28706,-111.936,33.41438
5102,5102,-111.978355,33.628124
5103,28706,-111.85294,33.414787
5104,28706,-112.20447,33.63786
5105,28706,-112.03788,33.509254
5106,28706,-112.04094,33.46563
5107,30769,-111.82296,33.414574
5108,28706,-111.98648,33.478443
5109,30557,-112.04317,33.54533
5110,28706,-112.21981,33.639004
5111,28706,-111.90653,33.392822
5112,5112,-112.07212,33.4448
5113,28706,-112.07212,33.4448
5114,5114,-111.84235,33.302635
5115,28706,-112.27196,33.552067
5116,28706,-115.13954,36.085697
5117,28706,-111.98848,33.451878
5118,5118,-111.90653,33.392822
5119,28706,-111.980995,33.419838
5120,5120,-112.00319,33.317657
5121,28706,-112.07212,33.4448
5122,28706,-112.27829,33.465275
5123,28706,-112.07212,33.4448
5124,28706,-111.93472,33.42403
5125,5125,-111.873955,33.62112
5126,28706,-115.163124,36.133614
5127,28706,-111.94497,33.462166
5128,30769,-112.011826,33.436295
5129,30769,-112.14979,33.639282
5130,28706,-115.17603,36.11833
5131,28706,-112.31123,33.638462
5132,28706,-115.17577,36.10771
5133,28706,-111.948906,33.507557
5134,30769,-111.924934,33.6239
5135,28706,-111.858116,33.363865
5136,28706,-112.1223,33.66764
5137,28706,-112.07461,33.474236
5138,28706,-112.071236,33.44601
5139,28706,-111.83835,33.289387
5140,28706,-115.174644,36.109913
5141,28706,-111.757416,33.30427
5142,28706,-115.16522,36.099003
5143,28706,-111.926445,33.490032
5144,28706,-115.16818,36.117462
5145,28706,-112.00434,33.64005
5146,28706,-111.9871,33.509827
5147,28706,-112.05828,33.466064
5148,28706,-115.1401,36.169327
5149,28706,-115.186485,36.1187
5150,28706,-111.948746,33.34968
5151,28706,-111.98034,33.291832
5152,28706,-112.07331,33.45167
5153,28706,-111.98837,33.495483
5154,28706,-112.0741,33.506855
5155,30769,-115.1725,36.110065
5156,28706,-111.98617,33.510483
5157,5157,-111.840355,33.418373
5158,28706,-111.947525,33.407562
5159,28706,-111.93508,33.48131
5160,5160,-112.073494,33.491695
5161,28706,-111.89477,33.627304
5162,28706,-111.85958,33.335857
5163,28706,-112.234055,33.65412
5164,5164,-111.78749,33.376934
5165,28706,-112.09746,33.463364
5166,28706,-111.92908,33.58206
5167,28706,-111.7195,33.34711
5168,28706,-111.96613,33.684566
5169,28706,-112.06693,33.64126
5170,28706,-112.349045,33.489315
5171,5171,-111.923294,33.50128
5172,28706,-111.92796,33.490696
5173,5173,-112.20224,33.71069
5174,28706,-111.875916,33.276257
5175,28706,-115.17345,36.10306
5176,28706,-111.925575,33.503353
5177,5177,-112.222885,33.596703
5178,5178,-111.92681,33.655525
5179,28706,-112.029785,33.626873
5180,28706,-111.908585,33.39378
5181,28706,-112.35902,33.636826
5182,28706,-112.03529,33.596844
5183,28706,-111.84203,33.2455
5184,28706,-111.90578,33.671642
5185,5185,-112.12949,33.48345
5186,28706,-112.26053,33.535122
5187,28706,-112.29537,33.511894
5188,5188,-112.00576,33.380817
5189,28706,-111.94031,33.423107
5190,28706,-111.77975,33.37889
5191,28706,-112.261986,33.534485
5192,28706,-112.073875,33.446995
5193,28706,-111.88703,33.42935
5194,28706,-111.92609,33.478947
5195,5195,-112.16552,33.53812
5196,28706,-111.99131,33.305824
5197,5197,-112.11163,33.712982
5198,5198,-112.07427,33.447517
5199,28706,-111.9249,33.566227
5200,5200,-112.15045,33.692802
5201,28706,-112.06451,33.53131
5202,28706,-111.969185,33.33752
5203,28706,-112.04739,33.4692
5204,28706,-111.91462,33.393013
5205,28706,-112.07085,33.45184
5206,28706,-112.07427,33.447517
5207,30769,-112.075264,33.45975
5208,28706,-111.92529,33.478733
5209,28706,-111.92627,33.637753
5210,28706,-115.174355,36.109806
5211,28706,-111.789055,33.35924
5212,28706,-111.94566,33.33405
5213,28706,-111.687355,33.32723
5214,28706,-112.073425,33.447334
5215,28706,-112.08981,33.45712
5216,28706,-115.14124,36.169888
5217,28706,-115.17345,36.10306
5218,28706,-112.07669,33.451775
5219,30769,-3.186134,55.95049
5220,5220,-111.91267,33.362457
5221,28706,-112.066,33.44936
5222,28706,-115.19826,36.11444
5223,28706,-111.929794,33.49288
5224,28706,-112.11646,33.560856
5225,28706,-112.0739,33.500202
5226,28706,-111.87605,33.3627
5227,30769,-111.947525,33.407562
5228,5228,-111.91492,33.421413
5229,28706,-111.9276,33.498474
5230,5230,-112.066,33.44936
5231,28706,-112.20239,33.691536
5232,28706,-115.13441,36.166664
5233,28706,-88.24388,40.119038
5234,28706,-112.00206,33.494934
5235,28706,-115.334816,36.155132
5236,28706,-112.111946,33.714478
5237,5237,-112.074554,33.447453
5238,28706,-111.90998,33.347878
5239,28706,-115.17127,36.11288
5240,28706,-112.02814,33.510223
5241,28706,-112.074554,33.447453
5242,28706,-111.96394,33.37795
5243,28706,-112.35747,33.461906
5244,28706,-111.941315,33.625683
5245,28706,-112.079285,33.455036
5246,28706,-112.171936,33.638557
5247,28706,-112.1181,33.670265
5248,5248,-111.86058,33.3892
5249,28706,-111.92942,33.50284
5250,28706,-111.91492,33.421413
5251,28706,-112.17426,33.63955
5252,5252,-111.87436,33.336075
5253,28706,-112.18475,33.612614
5254,28706,-112.058655,33.50895
5255,28706,-111.92656,33.485966
5256,28706,-112.04847,33.52394
5257,28706,-112.00109,33.495476
5258,28706,-111.9264,33.493824
5259,28706,-112.26587,33.57993
5260,28706,-111.91861,33.500355
5261,28706,-111.98909,33.42159
5262,28706,-112.02105,33.64032
5263,30769,-111.99703,33.43763
5264,28706,-112.26204,33.53305
5265,28706,-111.97811,33.59784
5266,28706,-112.04739,33.4692
5267,5267,-112.27218,33.472286
5268,5268,-111.56101,33.41655
5269,28706,-112.10023,33.626423
5270,28706,-111.96592,33.318157
5271,28706,-111.82497,33.363434
5272,28706,-111.92691,33.463375
5273,5273,-111.89833,33.619865
5274,28706,-111.982025,33.34806
5275,28706,-111.96528,33.675354
5276,28706,-111.72131,33.366463
5277,28706,-111.921684,33.582222
5278,28706,-111.940735,33.429615
5279,5279,-111.97616,33.347683
5280,30769,-111.9692,33.31819
5281,28706,-111.929245,33.65774
5282,28706,-112.07777,33.460133
5283,28706,-115.1765,36.10758
5284,5284,-111.967865,33.321472
5285,28706,-115.17124,36.11788
5286,5286,-111.97652,33.31724
5287,5287,-112.27315,33.711445
5288,28706,-88.219406,40.105736
5289,5289,-112.01175,33.62692
5290,28706,-112.03839,33.507893
5291,5291,-111.94115,33.42319
5292,28706,-115.15475,36.12697
5293,28706,-112.18295,33.538418
5294,28706,-112.06877,33.485413
5295,28706,-111.7195,33.34711
5296,5296,-112.2205,33.519882
5297,28706,-111.92902,33.50251
5298,5298,-111.962616,33.3216
5299,28706,-111.93901,33.42399
5300,5300,-111.97119,33.67655
5301,28706,-112.11887,33.580273
5302,28706,-111.787735,33.391663
5303,28706,-115.17124,36.11788
5304,28706,-111.92789,33.39391
5305,28706,-115.242935,36.044125
5306,28706,-112.03039,33.4954
5307,28706,-112.124596,33.57733
5308,28706,-112.064316,33.656155
5309,28706,-112.07248,33.448296
5310,5310,-112.29186,33.493465
5311,5311,-112.06667,33.448673
5312,28706,-112.04698,33.523983
5313,23817,-111.939804,33.426353
5314,28706,-111.85944,33.260887
5315,28706,-111.92592,33.416245
5316,28706,-112.170334,33.46561
5317,28706,-111.87743,33.393486
5318,28706,-111.72392,33.32106
5319,28706,-115.17193,36.127487
5320,28706,-111.87757,33.333683
5321,28706,-112.07896,33.639652
5322,28706,-111.91124,33.362206
5323,28706,-112.06421,33.594894
5324,28706,-111.913185,33.32099
5325,28706,-111.85965,33.322746
5326,28706,-111.790085,33.35524
5327,28706,-111.98849,33.45545
5328,30769,-112.074684,33.509563
5329,28706,-112.23827,33.63088
5330,5330,-111.877014,33.389984
5331,28706,-111.8063,33.379913
5332,28706,-111.98645,33.47641
5333,28706,-112.03776,33.507843
5334,28706,-111.73893,33.33537
5335,28706,-111.833046,33.22312
5336,5336,-112.04767,33.483723
5337,28706,-111.92463,33.526604
5338,5338,-112.00525,33.4954
5339,28706,-112.127106,33.581795
5340,28706,-111.994576,33.304462
5341,28706,-111.99458,33.30467
5342,28706,-115.167755,36.123978
5343,28706,-112.08399,33.508835
5344,28706,-111.95392,33.40789
5345,28706,-112.16687,33.553658
5346,30769,-111.80445,33.37847
5347,28706,-112.004005,33.316765
5348,5348,-112.03235,33.466087
5349,5349,-112.04794,33.525883
5350,5350,-111.97678,33.675884
5351,5351,-111.84202,33.31653
5352,28706,-111.96175,33.40655
5353,5353,-111.87599,33.41335
5354,28706,-111.947525,33.407562
5355,5355,-111.8758,33.41271
5356,5356,-111.84114,33.24765
5357,28706,-112.07401,33.505856
5358,28706,-112.219826,33.596382
5359,5359,-111.68641,33.312725
5360,5360,-111.996475,33.509785
5361,28706,-112.00525,33.4954
5362,28706,-112.04677,33.50889
5363,28706,-112.02897,33.50945
5364,28706,-112.07377,33.45838
5365,5365,-111.87572,33.27626
5366,28706,-115.17038,36.119
5367,28706,-112.273056,33.46414
5368,30769,-112.07228,33.45587
5369,5369,-111.7877,33.407322
5370,28706,-112.06096,33.50953
5371,5371,-112.013695,33.511284
5372,28706,-112.11067,33.640343
5373,5373,-111.9397,33.42594
5374,5374,-111.99402,33.49537
5375,5375,-112.06518,33.57531
5376,5376,-111.89652,33.305275
5377,5377,-111.92628,33.528217
5378,5378,-111.923096,33.49217
5379,5379,-112.24049,33.423298
5380,5380,-111.989876,33.49498
5381,28706,-112.234055,33.65412
5382,5382,-112.073685,33.36718
5383,5383,-115.19207,36.131855
5384,28706,-111.91492,33.421413
5385,28706,-112.01323,33.47383
5386,28706,-111.809586,33.31991
5387,28706,-112.07547,33.453053
5388,28706,-112.07098,33.45493
5389,28706,-112.02123,33.496204
5390,5390,-112.12042,33.5694
5391,28706,-112.03235,33.466087
5392,28706,-111.88911,33.30665
5393,5393,-111.877495,33.364044
5394,5394,-112.03235,33.466087
5395,28706,-111.87757,33.333683
5396,30769,-112.14987,33.87331
5397,28706,-112.04001,33.505775
5398,28706,-111.92635,33.46439
5399,28706,-112.32423,33.49284
5400,28706,-112.068954,33.459053
5401,28706,-111.791565,33.28799
5402,5402,-111.90802,33.422424
5403,5403,-112.06309,33.5089
5404,28706,-115.17704,36.10762
5405,28706,-111.936,33.41438
5406,28706,-112.063545,33.465435
5407,28706,-111.72688,33.414944
5408,28706,-111.898384,33.304768
5409,28706,-80.81488,35.22101
5410,28706,-111.999565,33.495495
5411,30769,-111.928795,33.502323
5412,28706,-111.9026,33.432377
5413,28706,-111.99793,33.435448
5414,28706,-112.08366,33.495502
5415,28706,-115.17103,36.099377
5416,28706,-115.24354,36.073208
5417,28706,-112.16784,33.61331
5418,28706,-111.97698,33.34888
5419,28706,-112.04928,33.523098
5420,28706,-111.92791,33.624466
5421,5421,-111.93052,33.364914
5422,28706,-111.95213,33.399364
5423,28706,-111.92227,33.584015
5424,28706,-112.0404,33.509445
5425,28706,-115.14908,36.123734
5426,28706,-112.05606,33.472824
5427,28706,-112.055954,33.45107
5428,28706,-111.89228,33.62004
5429,28706,-111.82485,33.39299
5430,28706,-111.9309,33.58303
5431,28706,-115.21391,36.12671
5432,28706,-115.145294,36.167034
5433,28706,-112.048,33.48403
5434,28706,-115.16879,36.122967
5435,28706,-111.92415,33.50155
5436,28706,-111.979546,33.640232
5437,28706,-111.95543,33.44222
5438,5438,-112.047104,33.530334
5439,28706,-112.07327,33.479782
5440,28706,-112.028694,33.510395
5441,28706,-112.071495,33.458748
5442,28706,-111.95462,33.615543
5443,28706,-111.90149,33.434013
5444,28706,-112.06899,33.45917
5445,28706,-112.09551,33.466
5446,28706,-111.93512,33.483368
5447,28706,-111.906044,33.43245
5448,28706,-111.900154,33.522736
5449,5449,-112.06453,33.531372
5450,5450,-111.874,33.622295
5451,28706,-111.92823,33.495464
5452,28706,-112.06899,33.45917
5453,28706,-111.9515,33.304844
5454,5454,-112.07457,33.47411
5455,28706,-112.07317,33.44843
5456,5456,-111.95117,33.421658
5457,28706,-111.92645,33.497555
5458,28706,-112.15217,33.479485
5459,5459,-111.922005,33.416733
5460,28706,-112.098526,33.451073
5461,5461,-111.899635,33.554825
5462,28706,-112.09069,33.480274
5463,28706,-111.85294,33.414787
5464,28706,-112.13264,33.53884
5465,5465,-112.07405,33.44995
5466,5466,-111.92775,33.492905
5467,28706,-112.06555,33.488495
5468,28706,-112.028625,33.510582
5469,28706,-111.978455,33.62746
5470,5470,-111.88114,33.58091
5471,28706,-111.91906,33.50137
5472,28706,-112.07561,33.509773
5473,28706,-112.235,33.634686
5474,5474,-111.875244,33.40565
5475,28706,-111.896255,33.42264
5476,28706,-112.0135,33.583496
5477,28706,-112.07358,33.442486
5478,5478,-111.92659,33.472366
5479,5479,-111.944756,33.421448
5480,5480,-111.877304,33.362797
5481,28706,-111.90034,33.298832
5482,5482,-112.06543,33.469967
5483,28706,-115.14252,36.142284
5484,28706,-111.91155,33.40709
5485,28706,-112.07377,33.45838
5486,28706,-111.926285,33.624992
5487,5487,-112.05003,33.46554
5488,28706,-111.89497,33.582962
5489,28706,-112.000984,33.49572
5490,5490,-111.92924,33.50279
5491,28706,-112.061,33.458843
5492,5492,-111.9923,33.480152
5493,30769,-112.06862,33.452156
5494,5494,-111.940254,33.425964
5495,28706,-112.12234,33.58052
5496,28706,-111.92293,33.492752
5497,28706,-112.01217,33.50923
5498,5498,-111.6873,33.32569
5499,28706,-112.08063,33.480015
5500,28706,-111.86,33.33985
5501,28706,-112.06998,33.45716
5502,28706,-112.07217,33.45746
5503,28706,-112.07427,33.447517
5504,28706,-112.15378,33.568226
5505,28706,-112.05627,33.472767
5506,28706,-111.925766,33.493763
5507,28706,-112.02123,33.496204
5508,28706,-112.083885,33.497753
5509,28706,-112.040085,33.46555
5510,28706,-112.233604,33.631218
5511,28706,-112.06482,33.473904
5512,5512,-112.04673,33.523743
5513,28706,-111.928024,33.624035
5514,28706,-112.07908,33.49112
5515,5515,-112.2698,33.464275
5516,28706,-112.14925,34.048668
5517,28706,-112.073425,33.45838
5518,28706,-112.073395,33.477222
5519,28706,-111.92592,33.45929
5520,28706,-112.08313,33.498795
5521,5521,-111.922,33.50141
5522,28706,-112.09107,33.458866
5523,28706,-111.93086,33.44029
5524,28706,-111.92425,33.6249
5525,28706,-111.90862,33.377403
5526,28706,-112.078156,33.458477
5527,28706,-111.99269,33.48069
5528,5528,-112.074036,33.448376
5529,5529,-112.08388,33.49745
5530,28706,-112.065475,33.47014
5531,5531,-111.96916,33.50441
5532,30769,-112.07228,33.45587
5533,30769,-111.97844,33.624424
5534,28706,-112.28586,33.49289
5535,28706,-112.065346,33.511677
5536,28706,-112.08234,33.516464
5537,5537,-112.06456,33.522358
5538,28706,-115.15323,36.042797
5539,30769,-112.04728,33.457527
5540,5540,-112.09614,33.510094
5541,28706,-112.0739,33.500202
5542,5542,-112.35909,33.608913
5543,5543,-111.88703,33.58109
5544,28706,-112.061,33.458843
5545,28706,-112.15217,33.479485
5546,5546,-111.742516,33.31984
5547,5547,-112.0739,33.500202
5548,14207,-111.96063,33.64
5549,28706,-112.061,33.458843
5550,28706,-111.90133,33.297695
5551,28706,-111.92318,33.699768
5552,30769,-111.96481,33.378925
5553,5553,-112.099915,33.503017
5554,28706,-112.07377,33.45838
5555,5555,-112.07176,33.44931
5556,28706,-111.97982,33.49482
5557,28706,-112.03918,33.494343
5558,28706,-111.98849,33.45545
5559,28706,-111.859726,33.339962
5560,28706,-112.0741,33.506855
5561,28706,-111.94099,33.423275
5562,28706,-112.06586,33.508972
5563,28706,-112.04693,33.523125
5564,5564,-111.99517,33.640408
5565,28706,-112.030106,33.509422
5566,28706,-112.06498,33.524887
5567,28706,-112.082214,33.495155
5568,30769,-112.07232,33.457657
5569,30769,-112.08227,33.4657
5570,5570,-112.19603,33.63862
5571,28706,-115.20693,36.195778
5572,28706,-115.17087,36.10242
5573,28706,-111.873436,33.413322
5574,28706,-112.28586,33.49289
5575,28706,-111.995514,33.50243
5576,28706,-111.90518,33.495224
5577,28706,-112.07379,33.435524
5578,5578,-112.07127,33.508995
5579,5579,-115.22119,36.144196
5580,28706,-111.88573,33.56917
5581,28706,-115.12009,36.03372
5582,5582,-112.12038,33.598648
5583,28706,-112.03147,33.48778
5584,5584,-111.924095,33.493233
5585,28706,-111.947075,33.407593
5586,28706,-112.11067,33.640343
5587,5587,-111.988716,33.509197
5588,28706,-111.85783,33.26396
5589,5589,-111.85966,33.313675
5590,5590,-111.986916,33.449505
5591,28706,-112.061,33.458843
5592,28706,-112.061,33.458843
5593,28706,-112.07397,33.45983
5594,5594,-111.947525,33.407562
5595,28706,-111.92589,33.586834
5596,5596,-111.97119,33.67655
5597,28706,-111.92948,33.319237
5598,5598,-111.84085,33.28455
5599,28706,-112.078156,33.458477
5600,28706,-112.082306,33.465755
5601,5601,-111.92657,33.499386
5602,28706,-115.16937,36.121815
5603,5603,-112.047104,33.530334
5604,28706,-112.061,33.458843
5605,28706,-112.061,33.458843
5606,28706,-111.92481,33.421085
5607,28706,-111.92656,33.485966
5608,28706,-112.061,33.458843
5609,28706,-112.07371,33.456326
5610,28706,-115.15411,36.107388
5611,5611,-112.04675,33.523613
5612,5612,-112.25791,33.55219
5613,28706,-111.80885,33.378555
5614,28706,-111.90205,33.43408
5615,28706,-111.9263,33.320377
5616,5616,-111.99583,33.44388
5617,28706,-111.92948,33.319237
5618,28706,-112.135994,33.56674
5619,30769,-112.04708,33.52443
5620,28706,-112.186844,33.669155
5621,28706,-111.9261,33.611904
5622,28706,-112.07379,33.435524
5623,28706,-115.227455,36.10028
5624,28706,-111.91712,33.64562
5625,28706,-112.16932,33.37937
5626,28706,-112.117546,33.79725
5627,28706,-112.047386,33.495785
5628,28706,-111.92582,33.497734
5629,28706,-115.169655,36.12119
5630,28706,-111.88045,33.594738
5631,28706,-111.856125,33.627235
5632,28706,-111.94678,33.40739
5633,30557,-80.94421,35.223606
5634,28706,-112.07424,33.45939
5635,28706,-112.13356,33.583717
5636,28706,-111.92013,33.636604
5637,28706,-112.02982,33.376976
5638,28706,-111.883736,33.583702
5639,28706,-112.064606,33.523155
5640,28706,-112.0739,33.500202
5641,28706,-111.83955,33.420338
5642,30769,-111.89904,33.620514
5643,28706,-111.90831,33.485832
5644,28706,-111.90018,33.554756
5645,28706,-111.93588,33.422318
5646,28706,-115.116356,36.09884
5647,5647,-111.87436,33.336075
5648,28706,-112.27449,33.92627
5649,28706,-112.07565,33.48025
5650,28706,-111.92655,33.506542
5651,28706,-111.78669,33.392567
5652,28706,-111.995705,33.63991
5653,28706,-111.92627,33.637753
5654,28706,-111.63411,33.250214
5655,28706,-111.90156,33.430763
5656,28706,-111.88573,33.56917
5657,28706,-111.99021,33.494743
5658,5658,-112.0469,33.523895
5659,28706,-111.92796,33.490696
5660,28706,-111.90624,33.37797
5661,5661,-111.79096,33.290257
5662,28706,-112.00361,33.494633
5663,28706,-111.92782,33.362946
5664,28706,-112.13259,33.552723
5665,28706,-111.8746,33.27634
5666,28706,-111.86058,33.3892
5667,28706,-111.75992,33.290676
5668,28706,-111.9251,33.42234
5669,5669,-111.92706,33.30481
5670,5670,-111.9198,33.375698
5671,28706,-112.1346,33.37891
5672,28706,-111.8742,33.31996
5673,28706,-111.92942,33.50284
5674,28706,-111.92635,33.46439
5675,28706,-112.11634,33.68425
5676,23608,-112.18759,33.66274
5677,28706,-111.84066,33.290638
5678,28706,-112.11664,33.574047
5679,28706,-111.84175,33.300453
5680,28706,-112.15701,33.309406
5681,28706,-111.92811,33.655914
5682,5682,-112.04317,33.54533
5683,28706,-112.06862,33.452156
5684,28706,-112.0523,33.46547
5685,5685,-112.0481,33.523735
5686,5686,-112.099915,33.503017
5687,28706,-112.22836,33.63597
5688,5688,-112.082466,33.627567
5689,28706,-111.89912,33.62122
5690,5690,-112.0523,33.46547
5691,28706,-112.04244,33.471443
5692,28706,-112.06456,33.522358
5693,28706,-112.06567,33.487747
5694,28706,-111.846344,33.334545
5695,28706,-112.06533,33.48856
5696,28706,-112.06877,33.485413
5697,28706,-111.9254,33.43438
5698,5698,-111.926025,33.623665
5699,28706,-112.07397,33.513077
5700,5700,-112.08293,33.49884
5701,28706,-111.97308,33.52883
5702,28706,-112.22086,33.639744
5703,28706,-112.08164,33.510136
5704,28706,-112.07819,33.46099
5705,28706,-111.997375,33.639523
5706,5706,-111.92769,33.499382
5707,28706,-115.17259,36.112953
5708,5708,-112.02814,33.510223
5709,28706,-111.78979,33.357132
5710,28706,-112.04934,33.523056
5711,28706,-111.91348,33.41466
5712,5712,-112.23345,33.634666
5713,5713,-111.993256,33.30576
5714,28706,-111.78441,33.379513
5715,28706,-112.073425,33.45838
5716,28706,-112.03698,33.37835
5717,28706,-112.05067,33.465965
5718,5718,-111.891785,33.623486
5719,28706,-115.14064,36.167877
5720,28706,-112.09192,33.451714
5721,5721,-111.977715,33.317287
5722,28706,-111.962616,33.3216
5723,28706,-111.92756,33.38369
5724,28706,-112.04043,33.50572
5725,28706,-112.06783,33.458065
5726,28706,-112.07354,33.456055
5727,5727,-111.85414,33.40779
5728,5728,-111.93816,33.464462
5729,5729,-111.92462,33.52584
5730,28706,-112.057686,33.639492
5731,5731,-112.13093,33.79911
5732,28706,-112.25456,33.478016
5733,30769,-112.07232,33.457657
5734,28706,-112.35906,33.477142
5735,28706,-112.356064,33.464493
5736,5736,-112.142,33.698986
5737,28706,-112.03698,33.37835
5738,28706,-111.92225,33.58414
5739,30769,-111.92481,33.421085
5740,28706,-112.04149,33.508736
5741,28706,-111.78926,33.355484
5742,28706,-111.9936,33.26905
5743,28706,-111.94901,33.30484
5744,28706,-115.16948,35.96504
5745,28706,-111.92681,33.655525
5746,28706,-112.0739,33.500202
5747,28706,-112.05003,33.46554
5748,28706,-111.8063,33.379913
5749,5749,-111.741394,33.37802
5750,5750,-112.12481,33.43041
5751,28706,-112.06779,33.458355
5752,5752,-111.803024,33.384624
5753,28706,-112.065094,33.473125
5754,28706,-112.07397,33.513077
5755,28706,-112.26275,33.527668
5756,5756,-111.84229,33.33884
5757,28706,-112.12234,33.63971
5758,28706,-111.91998,33.41531
5759,5759,-112.04928,33.523098
5760,28706,-111.75614,33.36745
5761,28706,-111.92765,33.61101
5762,28706,-111.92562,33.491955
5763,28706,-111.976166,33.4794
5764,5764,-111.89946,33.557293
5765,30769,-111.793655,33.4159
5766,5766,-111.92835,33.500664
5767,28706,-111.9235,33.625095
5768,28706,-112.358826,33.46646
5769,28706,-112.08233,33.46606
5770,28706,-112.07184,33.639156
5771,28706,-111.92589,33.586834
5772,28706,-112.01417,33.511307
5773,5773,-115.26286,36.143204
5774,28706,-111.78973,33.354954
5775,28706,-111.98837,33.495483
5776,28706,-112.127,33.581833
5777,28706,-115.17022,36.123844
5778,28706,-112.08208,33.510727
5779,28706,-112.22264,33.595802
5780,28706,-112.171936,33.638557
5781,28706,-112.029755,33.481712
5782,5782,-111.89477,33.627304
5783,28706,-111.9307,33.581535
5784,28706,-112.06483,33.477
5785,28706,-112.016975,33.494736
5786,5786,-111.99611,33.412594
5787,5787,-111.78926,33.355484
5788,28706,-112.04788,33.525127
5789,28706,-112.07548,33.509827
5790,28706,-111.80903,33.271664
5791,30769,-112.06899,33.45917
5792,28706,-112.065094,33.473125
5793,28706,-112.013855,33.480125
5794,5794,-112.12234,33.63971
5795,5795,-111.97258,33.37925
5796,28706,-111.92582,33.497734
5797,28706,-112.23582,33.653095
5798,5798,-111.96611,33.68348
5799,28706,-112.11045,33.689518
5800,5800,-111.91492,33.421413
5801,5801,-112.07896,33.639652
5802,28706,-112.05999,33.509113
5803,5803,-112.065094,33.473125
5804,28706,-112.07339,33.513504
5805,28706,-111.72968,33.60833
5806,28706,-112.065094,33.473125
5807,5807,-112.066925,33.639965
5808,28706,-115.16363,36.13698
5809,28706,-112.261894,33.533325
5810,5810,-112.07327,33.479782
5811,28706,-111.998886,33.435684
5812,28706,-111.98909,33.42159
5813,5813,-111.95243,33.506767
5814,28706,-112.3582,33.49396
5815,5815,-112.013695,33.511284
5816,28706,-111.92563,33.49171
5817,28706,-112.22299,33.63776
5818,5818,-112.15234,33.56757
5819,30769,-111.97982,33.49482
5820,5820,-111.91462,33.393013
5821,28706,-112.18552,33.611065
5822,5822,-111.75213,32.878742
5823,28706,-111.97583,33.626015
5824,5824,-111.97203,33.37641
5825,28706,-111.92758,33.79694
5826,28706,-112.01307,33.610554
5827,28706,-111.970436,33.373703
5828,28706,-111.68624,33.34225
5829,28706,-112.07405,33.497803
5830,5830,-112.02636,33.50909
5831,5831,-111.96561,33.676094
5832,5832,-111.9198,33.375698
5833,5833,-112.065094,33.473125
5834,28706,-112.16568,33.611366
5835,28706,-112.08241,33.5027
5836,28706,-111.91087,33.36144
5837,28706,-112.06779,33.458355
5838,28706,-112.04806,33.47322
5839,28706,-115.13894,36.16672
5840,28706,-111.926445,33.490032
5841,28706,-115.20848,36.083973
5842,28706,-112.06773,33.458202
5843,28706,-111.89853,33.301712
5844,30769,-111.97982,33.49482
5845,28706,-111.96459,33.350273
5846,30557,-111.83714,33.41651
5847,28706,-112.10023,33.626423
5848,28706,-111.92425,33.494312
5849,28706,-115.14639,36.081303
5850,28706,-111.87436,33.336075
5851,28706,-111.997826,33.43523
5852,28706,-112.12234,33.63971
5853,28706,-111.88703,33.58109
5854,28706,-111.93508,33.48131
5855,28706,-89.407875,43.071686
5856,28706,-112.184586,33.53846
5857,28706,-111.88892,33.56866
5858,30769,-112.06567,33.487747
5859,5859,-111.87605,33.3627
5860,28706,-111.989876,33.49498
5861,28706,-112.02817,33.67113
5862,28706,-111.92133,33.636242
5863,5863,-112.0037,33.49516
5864,5864,-111.90913,33.305134
5865,30769,-112.22394,33.637062
5866,28706,-112.06456,33.522358
5867,5867,-111.83974,33.4261
5868,5868,-112.031334,33.625645
5869,28706,-111.99224,33.30574
5870,28706,-115.11701,36.099865
5871,28706,-111.91341,33.408203
5872,28706,-112.06567,33.487747
5873,28706,-111.99575,33.50231
5874,28706,-112.261986,33.534485
5875,5875,-111.90752,33.4066
5876,28706,-115.16961,36.121452
5877,28706,-112.06547,33.476048
5878,5878,-112.082504,33.44052
5879,30769,-112.05206,33.457935
5880,30769,-112.05206,33.457935
5881,28706,-112.09107,33.49436
5882,28706,-111.89333,33.62839
5883,5883,-112.073425,33.447334
5884,5884,-112.06453,33.537617
5885,28706,-112.2494,33.388824
5886,5886,-112.05206,33.457935
5887,5887,-111.93512,33.483368
5888,30769,-112.311424,33.638252
5889,28706,-111.87578,33.41316
5890,28706,-112.03147,33.48778
5891,5891,-112.04093,33.46554
5892,28706,-111.99575,33.508987
5893,28706,-111.85969,33.336014
5894,5894,-111.97988,33.30578
5895,5895,-112.01311,33.58343
5896,28706,-112.03288,33.494793
5897,5897,-112.0741,33.506855
5898,28706,-112.09614,33.510094
5899,28706,-111.931244,33.49337
5900,28706,-112.02123,33.496204
5901,28706,-111.80518,33.38179
5902,28706,-115.14064,36.167877
5903,28706,-111.943985,33.428585
5904,5904,-111.92529,33.478733
5905,5905,-112.24855,33.638035
5906,28706,-112.04244,33.471443
5907,28706,-115.19777,36.126934
5908,28706,-111.97839,33.303967
5909,28706,-111.87686,33.54105
5910,28706,-111.99566,33.639885
5911,28706,-112.04876,33.465958
5912,5912,-112.11067,33.640343
5913,28706,-112.287704,33.49428
5914,28706,-111.82124,33.349434
5915,5915,-111.92612,33.532578
5916,28706,-111.92563,33.49171
5917,5917,-112.083984,33.496387
5918,5918,-111.84258,33.299873
5919,5919,-112.05336,33.552795
5920,30769,-111.77341,33.29329
5921,28706,-111.984245,33.421516
5922,5922,-111.899635,33.554825
5923,28706,-111.790375,33.260693
5924,5924,-111.924355,33.422394
5925,5925,-111.92415,33.50155
5926,28706,-111.80894,33.335884
5927,5927,-112.06912,33.452602
5928,5928,-111.842255,33.302425
5929,30769,-111.91648,33.64488
5930,28706,-111.98389,33.348362
5931,28706,-111.90513,33.41494
5932,5932,-111.68502,33.46734
5933,5933,-112.07551,33.449596
5934,30557,-112.07232,33.457657
5935,28706,-111.84111,33.363014
5936,28706,-111.78727,33.393917
5937,28706,-111.92644,33.529903
5938,5938,-111.929245,33.65774
5939,28706,-112.23992,33.611088
5940,28706,-112.04728,33.457527
5941,5941,-112.35845,33.494408
5942,5942,-112.07359,33.476837
5943,5943,-111.94668,33.421616
5944,28706,-112.04728,33.457527
5945,28706,-73.5747,45.525303
5946,30769,-111.925766,33.493763
5947,28706,-111.93293,33.624756
5948,28706,-111.97843,33.305737
5949,5949,-112.03885,33.506256
5950,28706,-112.02222,33.3782
5951,28706,-111.94189,33.62496
5952,30769,-111.92529,33.478733
5953,30769,-115.17435,36.118332
5954,28706,-112.064766,33.470886
5955,28706,-111.87624,33.554436
5956,30769,-73.579384,45.498787
5957,28706,-115.17295,36.10156
5958,30769,-112.35838,33.641026
5959,5959,-111.92645,33.49031
5960,30769,-115.17437,36.10206
5961,5961,-111.85813,33.320015
5962,28706,-111.92227,33.584015
5963,30769,-112.028625,33.510582
5964,28706,-115.17459,36.112022
5965,5965,-112.13394,33.86539
5966,5966,-111.84238,33.304688
5967,30769,-115.174355,36.109806
5968,28706,-111.925865,33.64129
5969,28706,-111.90948,33.479736
5970,28706,-112.06551,33.576332
5971,28706,-73.57196,45.497314
5972,28706,-73.574394,45.52221
5973,28706,-111.93841,33.391586
5974,28706,-112.003174,33.49564
5975,28706,-111.92548,33.434902
5976,28706,-112.02814,33.510223
5977,28706,-80.75538,35.29709
5978,5978,-111.9257,33.58142
5979,28706,-115.17139,36.135098
5980,28706,-111.94497,33.462166
5981,30769,-115.17124,36.11788
5982,28706,-111.82234,33.349255
5983,28706,-112.034096,33.63927
5984,5984,-111.91492,33.421413
5985,28706,-80.0176,40.439865
5986,28706,-115.14531,36.17037
5987,28706,-112.10023,33.626423
5988,28706,-115.17338,36.119045
5989,5989,-111.99559,33.511234
5990,30769,-111.92632,33.494377
5991,28706,-111.94497,33.462166
5992,5992,-111.94497,33.462166
5993,28706,-112.13004,33.451138
5994,28706,-112.07339,33.513504
5995,5995,-111.81222,33.385174
5996,28706,-111.803024,33.384624
5997,28706,-111.884125,33.5366
5998,28706,-111.906876,33.43209
5999,28706,-115.24189,36.112988
6000,28706,-111.977715,33.317287
6001,28706,-115.164345,36.06004
6002,28706,-115.179085,36.11224
6003,28706,-111.96534,33.319504
6004,28706,-111.928185,33.501774
6005,28706,-111.85944,33.260887
6006,28706,-111.940414,33.425163
6007,30769,-111.93159,33.830368
6008,6008,-111.94497,33.462166
6009,28706,-115.17089,36.114025
6010,28706,-112.0404,33.509445
6011,28706,-115.17012,36.122276
6012,28706,-111.96242,33.335423
6013,28706,-112.358826,33.46646
6014,28706,-111.754395,33.38372
6015,28706,-111.94167,33.463852
6016,28706,-111.97244,33.68464
6017,28706,-111.68641,33.312725
6018,28706,-112.27829,33.465275
6019,28706,-111.91262,33.362465
6020,28706,-112.07382,33.44826
6021,28706,-111.91684,33.422
6022,6022,-112.064644,33.450397
6023,28706,-112.006714,33.435715
6024,28706,-112.064926,33.4743
6025,28706,-115.200645,36.115417
6026,28706,-111.87511,33.394802
6027,6027,-111.923294,33.50128
6028,28706,-115.14963,36.16695
6029,6029,-111.85769,33.392216
6030,28706,-112.07401,33.505856
6031,28706,-111.92435,33.629005
6032,28706,-112.06518,33.57531
6033,30769,-112.09107,33.458866
6034,28706,-111.94497,33.462166
6035,6035,-111.78984,33.3546
6036,28706,-115.17089,36.11006
6037,28706,-111.878845,33.55517
6038,28706,-115.174515,36.121548
6039,28706,-111.95943,33.522007
6040,6040,-111.98934,33.494595
6041,28706,-112.09829,33.538635
6042,6042,-112.065506,33.46645
6043,6043,-111.84238,33.304688
6044,28706,-111.94497,33.462166
6045,28706,-111.92582,33.497734
6046,28706,-111.926445,33.490032
6047,6047,-112.14925,34.048668
6048,28706,-112.06483,33.477
6049,28706,-111.92697,33.462616
6050,28706,-111.858406,33.320225
6051,30769,-79.97012,40.4618
6052,28706,-111.99663,33.509792
6053,6053,-115.17187,36.059124
6054,28706,-111.92532,33.67407
6055,28706,-112.040215,33.480053
6056,6056,-80.848145,35.17423
6057,28706,-112.07354,33.456055
6058,6058,-111.9949,33.303696
6059,28706,-115.142006,36.17183
6060,6060,-115.15472,36.115124
6061,6061,-111.92351,33.62336
6062,28706,-111.92992,33.6555
6063,28706,-111.89814,33.62055
6064,30769,-111.98848,33.451878
6065,28706,-111.98909,33.42159
6066,30769,-111.92745,33.498722
6067,6067,-111.9635,33.35114
6068,6068,-111.9161,33.419567
6069,28706,-112.01548,33.542732
6070,28706,-115.151344,36.152264
6071,28706,-111.92034,33.49875
6072,28706,-111.9864,33.5107
6073,28706,-111.95036,33.4216
6074,28706,-112.03577,33.508926
6075,6075,-112.18696,33.610374
6076,28706,-111.9264,33.493824
6077,6077,-111.94497,33.462166
6078,28706,-112.02636,33.50909
6079,28706,-111.94497,33.462166
6080,6080,-111.98848,33.451878
6081,28706,-112.02814,33.510223
6082,30769,-115.08566,36.025993
6083,28706,-111.914,33.39301
6084,30769,-112.07052,33.436832
6085,28706,-115.16918,36.10844
6086,28706,-112.35902,33.636826
6087,28706,-112.07379,33.435524
6088,6088,-112.037506,33.509693
6089,30769,-112.065445,33.539497
6090,6090,-111.93959,33.39461
6091,28706,-111.96495,33.34804
6092,28706,-111.92628,33.528217
6093,28706,-112.0144,33.510056
6094,28706,-111.8054,33.36498
6095,28706,-111.92462,33.49879
6096,28706,-111.98044,33.331882
6097,6097,-111.790085,33.35524
6098,28706,-112.04747,33.52402
6099,28706,-112.00361,33.494633
6100,6100,-111.910736,33.36139
6101,6101,-111.93981,33.426044
6102,28706,-112.054276,33.552692
6103,6103,-112.06609,33.60633
6104,28706,-112.06922,33.453896
6105,28706,-111.95943,33.522007
6106,30557,-112.04739,33.4692
6107,28706,-111.9759,33.495018
6108,6108,-112.082,33.448586
6109,6109,-115.15448,36.11884
6110,28706,-115.17038,36.119
6111,28706,-111.986946,33.476955
6112,28706,-112.03948,33.486477
6113,6113,-111.92716,33.45379
6114,28706,-112.09936,33.539642
6115,28706,-111.92555,33.564976
6116,28706,-111.89749,33.553448
6117,28706,-115.17352,36.10309
6118,28706,-111.91088,33.479633
6119,14207,-112.073875,33.446995
6120,28706,-111.88172,33.63924
6121,28706,-111.95149,33.42273
6122,28706,-111.925316,33.577934
6123,28706,-112.06483,33.477
6124,28706,-112.16651,33.53807
6125,28706,-112.102936,33.523907
6126,28706,-111.689964,33.385593
6127,28706,-115.13988,36.1688
6128,6128,-115.24407,36.047813
6129,28706,-115.224075,36.12743
6130,6130,-111.926445,33.490032
6131,6131,-111.68665,33.38101
6132,6132,-111.97775,33.49413
6133,28706,-111.98156,33.304703
6134,28706,-111.98427,33.480495
6135,6135,-111.9879,33.43747
6136,6136,-111.913055,33.36342
6137,28706,-112.028625,33.510582
6138,28706,-112.011894,33.495636
6139,28706,-111.92663,33.65241
6140,28706,-111.971825,33.465755
6141,28706,-111.716896,33.43614
6142,28706,-115.17849,36.10924
6143,6143,-112.06908,33.485916
6144,30769,-111.98909,33.42159
6145,28706,-111.88762,33.630013
6146,28706,-111.87502,33.276276
6147,28706,-112.04788,33.525127
6148,28706,-111.86138,33.37814
6149,28706,-111.92737,33.50323
6150,6150,-111.888374,33.581944
6151,6151,-111.93051,33.49245
6152,6152,-111.99559,33.511234
6153,6153,-111.98934,33.494595
6154,28706,-111.92315,33.488674
6155,28706,-111.971825,33.465755
6156,6156,-112.01805,33.64035
6157,28706,-111.83955,33.420338
6158,28706,-111.91097,33.634045
6159,6159,-111.860565,33.364925
6160,28706,-111.85769,33.392216
6161,28706,-112.07476,33.50723
6162,28706,-111.91998,33.41531
6163,30769,-112.00454,33.495674
6164,28706,-115.15387,36.110085
6165,28706,-111.85949,33.33658
6166,6166,-112.33821,33.461754
6167,6167,-111.92562,33.493855
6168,6168,-112.0208,33.4953
6169,28706,-112.03558,33.509747
6170,28706,-112.15007,33.610645
6171,28706,-111.99385,33.480797
6172,28706,-111.86292,33.39466
6173,28706,-111.92582,33.497734
6174,28706,-112.01244,33.50913
6175,6175,-115.17618,36.115856
6176,28706,-111.858604,33.365883
6177,6177,-111.92555,33.564976
6178,28706,-111.996765,33.495117
6179,28706,-111.90133,33.297695
6180,28706,-111.770256,33.45109
6181,28706,-111.94031,33.423107
6182,28706,-112.064705,33.529846
6183,6183,-111.98837,33.495483
6184,28706,-115.15154,36.13614
6185,6185,-111.69228,33.39339
6186,28706,-111.98649,33.475117
6187,28706,-111.9259,33.4943
6188,28706,-112.021385,33.495342
6189,28706,-111.737236,33.294163
6190,6190,-111.960266,33.480305
6191,28706,-111.96597,33.380142
6192,28706,-112.0186,33.640034
6193,28706,-112.12063,33.59619
6194,28706,-111.91631,33.451744
6195,6195,-112.17138,33.377945
6196,28706,-111.90558,33.432926
6197,28706,-111.944046,33.436962
6198,28706,-111.68351,33.394608
6199,28706,-111.87475,33.32603
6200,28706,-115.1613,36.138298
6201,28706,-111.92612,33.532578
6202,6202,-111.93901,33.42399
6203,28706,-111.7195,33.34711
6204,28706,-112.07285,33.449226
6205,28706,-111.89913,33.524178
6206,6206,-111.99511,33.494488
6207,6207,-112.02731,33.510536
6208,28706,-115.17582,36.11773
6209,28706,-111.87599,33.41335
6210,6210,-112.06498,33.524887
6211,6211,-111.94996,33.451237
6212,6212,-112.01457,33.454422
6213,28706,-111.905556,33.433037
6214,28706,-111.96792,33.336803
6215,28706,-112.07405,33.44995
6216,28706,-112.01457,33.454422
6217,28706,-112.01457,33.454422
6218,28706,-112.0634,33.60731
6219,28706,-111.95478,33.827812
6220,6220,-112.11107,33.71102
6221,6221,-112.07358,33.442486
6222,30557,-111.865204,33.39184
6223,28706,-112.0101,33.6399
6224,30769,-112.02943,33.508713
6225,30769,-112.07309,33.448547
6226,6226,-115.15604,36.132008
6227,30769,-111.92992,33.6555
6228,28706,-111.97982,33.49482
6229,28706,-111.68856,33.38023
6230,28706,-115.13567,36.176983
6231,6231,-111.8795,33.581333
6232,28706,-111.940346,33.425972
6233,28706,-111.97811,33.59784
6234,28706,-111.96374,33.383526
6235,6235,-112.10129,33.678238
6236,28706,-111.99575,33.50231
6237,28706,-112.07492,33.483
6238,28706,-115.17315,36.10988
6239,28706,-111.9736,33.451405
6240,6240,-111.89333,33.62839
6241,28706,-115.092384,36.116196
6242,28706,-112.05607,33.472855
6243,28706,-112.01981,33.494747
6244,28706,-112.01424,33.530323
6245,28706,-111.99656,33.509785
6246,6246,-115.18331,36.041283
6247,28706,-112.15701,33.309406
6248,28706,-111.96382,33.44613
6249,6249,-112.27079,33.55354
6250,28706,-111.8795,33.581333
6251,6251,-111.93293,33.624756
6252,28706,-112.02053,33.496254
6253,28706,-111.92628,33.528217
6254,30769,-115.17259,36.112953
6255,6255,-112.0741,33.506855
6256,28706,-115.13577,36.010128
6257,6257,-112.34139,33.438656
6258,28706,-111.9736,33.451405
6259,28706,-111.68351,33.394608
6260,6260,-111.98695,33.5998
6261,28706,-112.09086,33.68786
6262,6262,-112.10129,33.678238
6263,28706,-112.00525,33.4954
6264,6264,-111.859726,33.339962
6265,28706,-111.98645,33.47641
6266,6266,-111.883736,33.583702
6267,28706,-112.065346,33.519466
6268,28706,-111.91693,33.42156
6269,6269,-111.90804,33.33591
6270,28706,-111.92699,33.363747
6271,30769,-112.073425,33.447334
6272,30769,-112.0049,33.518227
6273,30769,-115.18697,36.115337
6274,28706,-111.80628,33.384315
6275,28706,-111.840866,33.331192
6276,28706,-111.63411,33.250214
6277,28706,-112.06844,33.638363
6278,28706,-111.84324,33.740734
6279,28706,-111.9405,33.4272
6280,30769,-111.91053,33.47895
6281,6281,-115.203255,36.115383
6282,28706,-111.862686,33.573368
6283,6283,-111.97437,33.521954
6284,28706,-112.01248,33.61201
6285,28706,-115.17345,36.10306
6286,28706,-111.943954,33.42853
6287,28706,-112.17051,33.377495
6288,28706,-111.83714,33.41651
6289,28706,-112.01495,33.494007
6290,28706,-111.968124,33.336864
6291,28706,-115.14867,36.08358
6292,28706,-112.064644,33.450397
6293,28706,-111.83122,33.352123
6294,28706,-111.868645,33.393227
6295,28706,-115.1563,36.142338
6296,6296,-111.92563,33.49171
6297,28706,-111.97988,33.30578
6298,28706,-112.00699,33.435463
6299,28706,-115.17354,36.109516
6300,6300,-111.88856,33.30633
6301,28706,-111.92933,33.319374
6302,28706,-111.91341,33.408203
6303,28706,-111.75855,33.307358
6304,28706,-111.925545,33.47541
6305,6305,-111.584015,33.1796
6306,28706,-111.924774,33.480877
6307,28706,-111.953415,33.453854
6308,28706,-111.99398,33.479767
6309,28706,-111.69228,33.39339
6310,6310,-111.928185,33.501774
6311,28706,-115.332,36.151814
6312,28706,-111.92351,33.62336
6313,28706,-115.17223,36.110733
6314,6314,-112.14982,33.640068
6315,6315,-111.872086,33.43
6316,28706,-111.89312,33.306385
6317,28706,-111.98617,33.510483
6318,28706,-115.17028,36.12229
6319,28706,-112.273254,33.4641
6320,6320,-111.922005,33.416733
6321,6321,-112.07232,33.457657
6322,28706,-115.17234,36.110107
6323,28706,-111.961685,33.349064
6324,28706,-112.0664,33.56792
6325,28706,-112.01552,33.50947
6326,28706,-111.89333,33.62839
6327,6327,-112.189316,33.640514
6328,28706,-111.68393,33.390053
6329,28706,-115.17624,36.092644
6330,28706,-111.92796,33.465588
6331,28706,-111.982376,33.60239
6332,28706,-111.94031,33.423817
6333,6333,-111.88527,33.540367
6334,6334,-112.35789,33.49642
6335,28706,-115.14985,36.08358
6336,6336,-111.921455,33.466137
6337,6337,-111.756996,33.26218
6338,28706,-115.1736,36.101585
6339,28706,-111.92351,33.581493
6340,28706,-112.03788,33.509254
6341,28706,-112.01974,33.495964
6342,28706,-112.13301,33.580612
6343,6343,-111.90897,33.82203
6344,28706,-112.26123,33.53409
6345,6345,-112.15128,33.64083
6346,28706,-115.207306,36.131718
6347,6347,-111.8577,33.388374
6348,28706,-112.34036,33.45522
6349,6349,-111.897285,33.52323
6350,30769,-112.04677,33.0712
6351,28706,-111.888275,33.575047
6352,28706,-112.03788,33.509254
6353,6353,-115.12043,36.010056
6354,28706,-111.92018,33.636566
6355,6355,-111.875755,33.62114
6356,6356,-112.18584,33.542072
6357,28706,-111.92713,33.57968
6358,28706,-111.96411,33.428722
6359,28706,-111.925095,33.408787
6360,6360,-111.93497,33.425446
6361,28706,-111.915955,33.42066
6362,28706,-115.06262,36.02959
6363,28706,-115.17086,36.10993
6364,6364,-111.9264,33.493824
6365,30769,-115.15112,36.086338
6366,28706,-115.17698,36.111977
6367,28706,-115.17196,36.120907
6368,28706,-115.15539,36.11793
6369,28706,-111.92514,33.542786
6370,28706,-111.62586,33.24998
6371,30769,-111.95243,33.506767
6372,28706,-89.39307,43.07546
6373,28706,-111.87247,33.378014
6374,28706,-111.940254,33.425964
6375,28706,-111.92655,33.506542
6376,28706,-115.13792,36.168026
6377,28706,-112.046555,33.50925
6378,28706,-111.93051,33.49245
6379,6379,-111.92563,33.49171
6380,28706,-112.1105,33.71445
6381,28706,-111.789406,33.343132
6382,28706,-111.89851,33.301285
6383,30769,-111.99269,33.48069
6384,28706,-111.937614,33.377888
6385,30769,-112.2809,33.465233
6386,6386,-112.0482,33.510174
6387,28706,-111.995705,33.63991
6388,28706,-111.8733,33.622467
6389,28706,-111.98784,33.467052
6390,6390,-112.338875,33.451767
6391,6391,-111.953285,33.44773
6392,28706,-112.037315,33.508408
6393,28706,-112.07275,33.447258
6394,28706,-111.71668,33.604015
6395,28706,-111.96984,33.48035
6396,6396,-111.9255,33.50109
6397,28706,-111.98907,33.495644
6398,28706,-111.97161,33.46566
6399,30769,-111.92555,33.492203
6400,30769,-111.96186,33.46121
6401,28706,-112.17962,33.638466
6402,6402,-111.85818,33.327183
6403,28706,-111.92432,33.499275
6404,6404,-111.92606,33.48357
6405,28706,-111.87686,33.54105
6406,28706,-111.99497,33.43605
6407,28706,-115.119385,36.100418
6408,6408,-112.18393,33.53842
6409,28706,-112.01346,33.584976
6410,28706,-111.94051,33.424126
6411,28706,-115.15126,36.1089
6412,28706,-112.11058,33.71298
6413,28706,-112.36344,33.638203
6414,28706,-112.09614,33.510094
6415,30769,-111.99575,33.50231
6416,28706,-111.99575,33.508987
6417,6417,-111.88441,33.261173
6418,28706,-112.006714,33.435715
6419,28706,-111.87543,33.394417
6420,28706,-112.1159,33.587765
6421,28706,-115.20955,36.12644
6422,6422,-112.07176,33.44931
6423,6423,-112.06555,33.488495
6424,28706,-115.16591,36.127495
6425,28706,-112.07565,33.48025
6426,28706,-112.00699,33.435463
6427,6427,-115.11735,36.10072
6428,28706,-112.03397,33.508984
6429,6429,-115.18982,36.143955
6430,28706,-112.134186,33.51087
6431,28706,-112.07476,33.50723
6432,28706,-111.92503,33.565964
6433,28706,-111.79017,33.232506
6434,6434,-111.90046,33.55521
6435,6435,-115.1987,36.14405
6436,28706,-111.92665,33.609993
6437,28706,-115.20887,36.094456
6438,28706,-111.87702,33.377583
6439,28706,-112.00975,33.652214
6440,6440,-112.031456,33.480743
6441,28706,-111.997986,33.435844
6442,6442,-112.03514,33.495037
6443,28706,-112.15217,33.479485
6444,28706,-111.75459,33.38057
6445,6445,-111.924934,33.6239
6446,28706,-111.44827,33.35938
6447,28706,-111.929924,33.349712
6448,28706,-112.08388,33.49745
6449,28706,-111.93472,33.42403
6450,6450,-112.14925,34.048668
6451,28706,-111.92228,33.41616
6452,28706,-111.790375,33.260693
6453,28706,-111.9422,33.39284
6454,30769,-111.92571,33.493233
6455,6455,-111.94049,33.423412
6456,28706,-111.92644,33.529903
6457,28706,-115.14289,36.143345
6458,6458,-111.859535,33.33992
6459,28706,-111.87436,33.336075
6460,6460,-112.156845,33.451126
6461,28706,-111.99538,33.44852
6462,28706,-112.03839,33.507893
6463,28706,-111.93588,33.422318
6464,28706,-111.7195,33.34711
6465,6465,-112.071884,33.44986
6466,28706,-111.97982,33.49482
6467,28706,-115.2768,36.1411
6468,28706,-111.926285,33.624992
6469,28706,-111.91909,33.500965
6470,28706,-111.925934,33.434383
6471,28706,-112.04716,33.524086
6472,28706,-111.90547,33.544228
6473,28706,-111.92177,33.636818
6474,28706,-111.97982,33.49482
6475,6475,-112.04317,33.54533
6476,28706,-111.900154,33.522736
6477,28706,-111.85965,33.322746
6478,28706,-111.932915,33.830177
6479,28706,-111.926315,33.616474
6480,28706,-111.85983,33.36073
6481,28706,-111.90991,33.407425
6482,28706,-112.004196,33.495617
6483,28706,-112.0918,33.45911
6484,28706,-111.92427,33.539143
6485,28706,-112.07908,33.49112
6486,28706,-111.899025,33.555027
6487,6487,-111.984505,33.473923
6488,28706,-112.261894,33.533325
6489,28706,-111.984505,33.473923
6490,28706,-111.92657,33.499386
6491,28706,-111.941376,33.423275
6492,28706,-112.000984,33.49572
6493,28706,-111.97862,33.58383
6494,28706,-112.003174,33.49564
6495,6495,-112.03397,33.508984
6496,28706,-112.05003,33.46554
6497,6497,-111.93192,33.50187
6498,28706,-112.04799,33.50803
6499,28706,-111.997826,33.47987
6500,28706,-111.940346,33.41964
6501,30769,-111.85794,33.27528
6502,28706,-112.11616,33.577953
6503,28706,-115.17858,36.106277
6504,28706,-115.17199,36.12483
6505,28706,-111.78979,33.35617
6506,28706,-112.06899,33.45917
6507,28706,-111.97651,33.31717
6508,6508,-111.98255,33.48009
6509,6509,-112.10129,33.678238
6510,28706,-111.90768,33.43246
6511,28706,-111.789856,33.356342
6512,28706,-112.06559,33.563435
6513,28706,-112.04363,33.50964
6514,23608,-111.92659,33.472366
6515,6515,-111.9923,33.480152
6516,6516,-111.926765,33.501877
6517,6517,-112.03514,33.495037
6518,28706,-111.75622,33.379227
6519,28706,-111.87599,33.41335
6520,6520,-112.09107,33.49436
6521,28706,-111.98645,33.47641
6522,6522,-111.952576,33.44665
6523,28706,-111.92754,33.480732
6524,28706,-111.9949,33.303696
6525,28706,-111.977036,33.61302
6526,28706,-112.18295,33.538418
6527,28706,-111.97928,33.49588
6528,28706,-115.173515,36.103
6529,28706,-115.1725,36.127174
6530,28706,-111.92529,33.478733
6531,6531,-112.06483,33.457333
6532,6532,-115.23995,36.14467
6533,28706,-115.13542,36.124928
6534,28706,-112.0739,33.500202
6535,28706,-112.06551,33.576332
6536,28706,-111.688995,33.38507
6537,28706,-112.068954,33.459053
6538,28706,-112.35591,33.608192
6539,28706,-112.39554,33.45657
6540,6540,-112.089836,33.457226
6541,28706,-111.93947,33.394127
6542,6542,-111.911125,33.510513
6543,28706,-111.92441,33.53985
6544,28706,-112.20076,33.713688
6545,28706,-112.0648,33.47468
6546,28706,-112.06518,33.57531
6547,28706,-111.91994,33.50182
6548,6548,-112.15217,33.479485
6549,28706,-111.7195,33.34711
6550,28706,-111.97988,33.30578
6551,6551,-111.752884,33.37769
6552,28706,-111.98934,33.494595
6553,28706,-111.92305,33.408375
6554,6554,-111.9257,33.58142
6555,6555,-112.35849,33.493774
6556,6556,-112.06899,33.45917
6557,28706,-111.94236,33.39284
6558,28706,-111.97681,33.378315
6559,28706,-112.07348,33.492672
6560,28706,-112.0013,33.49514
6561,6561,-112.07291,33.44691
6562,28706,-115.24069,36.145203
6563,6563,-111.92496,33.498177
6564,28706,-115.201775,36.126526
6565,6565,-112.02053,33.496254
6566,28706,-80.00268,40.44847
6567,30769,-115.17516,36.109875
6568,28706,-112.07714,33.479996
6569,28706,-111.89997,33.4276
6570,28706,-112.09909,33.552475
6571,28706,-111.97846,33.598522
6572,30769,-111.92968,33.502594
6573,28706,-112.073685,33.36718
6574,28706,-112.040115,33.507557
6575,28706,-112.07409,33.512627
6576,28706,-112.07397,33.513077
6577,28706,-111.68421,33.393063
6578,28706,-112.22614,33.642326
6579,28706,-112.05359,33.49485
6580,28706,-112.0486,33.523712
6581,6581,-112.07182,33.639114
6582,30769,-112.07173,33.51004
6583,6583,-111.91341,33.408203
6584,28706,-112.03558,33.509747
6585,28706,-112.07173,33.51004
6586,6586,-111.755875,33.303925
6587,28706,-112.07399,33.497482
6588,6588,-112.10023,33.626423
6589,28706,-112.27399,33.465183
6590,28706,-112.02123,33.496204
6591,28706,-112.0739,33.500202
6592,28706,-112.06779,33.458355
6593,6593,-112.06529,33.5095
6594,28706,-112.08777,33.474533
6595,6595,-112.18721,33.566982
6596,6596,-112.18902,33.639168
6597,28706,-112.073494,33.491695
6598,28706,-112.02998,33.47092
6599,28706,-112.07341,33.5137
6600,28706,-112.064095,33.5219
6601,28706,-112.07431,33.50062
6602,28706,-112.069435,33.455498
6603,28706,-111.82584,33.41346
6604,28706,-111.9258,33.477177
6605,28706,-111.96139,33.391464
6606,28706,-111.93901,33.42399
6607,30769,-115.174644,36.109913
6608,6608,-111.90861,33.647034
6609,28706,-112.089836,33.457226
6610,28706,-111.98451,33.509106
6611,28706,-112.03612,33.37785
6612,28706,-112.07317,33.44843
6613,28706,-111.962616,33.3216
6614,28706,-112.072014,33.455708
6615,28706,-111.94758,33.42153
6616,28706,-112.07285,33.449226
6617,28706,-115.17177,36.11931
6618,28706,-112.07377,33.51315
6619,28706,-111.92586,33.529114
6620,28706,-111.989876,33.49498
6621,30769,-112.13178,33.626698
6622,28706,-112.071884,33.44986
6623,28706,-112.0362,33.596832
6624,6624,-112.07331,33.45167
6625,6625,-112.25456,33.478016
6626,28706,-112.082825,33.517372
6627,28706,-111.98983,33.49462
6628,6628,-111.958885,33.34871
6629,30769,-111.92632,33.494377
6630,28706,-111.89182,33.62813
6631,28706,-111.78991,33.355118
6632,28706,-111.92762,33.493763
6633,28706,-112.082825,33.517372
6634,6634,-111.93095,33.492477
6635,28706,-112.098274,33.53864
6636,28706,-115.17516,36.109875
6637,28706,-112.07449,33.509724
6638,28706,-111.92685,33.61386
6639,28706,-112.07908,33.49112
6640,6640,-111.87757,33.333683
6641,28706,-112.0536,33.426933
6642,6642,-112.065636,33.44916
6643,28706,-111.940285,33.4239
6644,6644,-111.8915,33.629436
6645,6645,-112.07331,33.45167
6646,30769,-112.05627,33.472767
6647,28706,-115.180016,36.14181
6648,6648,-112.06535,33.519577
6649,28706,-112.077576,33.458744
6650,28706,-115.1529,36.13159
6651,28706,-112.07196,33.509605
6652,28706,-111.87379,33.412354
6653,6653,-111.9787,33.60016
6654,6654,-115.17644,36.116367
6655,28706,-111.92589,33.586834
6656,28706,-112.0722,33.45892
6657,30769,-111.96417,33.49622
6658,28706,-112.000565,33.433685
6659,28706,-111.899025,33.555027
6660,28706,-111.92529,33.478733
6661,28706,-112.073425,33.447334
6662,28706,-112.07127,33.508995
6663,28706,-112.35314,33.45399
6664,30769,-112.07346,33.566128
6665,28706,-111.92902,33.50251
6666,28706,-111.790375,33.260693
6667,28706,-111.84253,33.303234
6668,28706,-112.064354,33.50446
6669,28706,-112.06877,33.485413
6670,28706,-112.13423,33.609528
6671,30557,-111.94329,33.421608
6672,28706,-111.92563,33.49171
6673,6673,-112.07486,33.448936
6674,6674,-112.07548,33.509827
6675,28706,-112.07991,33.45496
6676,28706,-112.07431,33.50062
6677,28706,-112.39554,33.45657
6678,28706,-111.75931,33.3063
6679,28706,-115.16961,36.121452
6680,6680,-115.14007,36.167534
6681,28706,-111.92697,33.462616
6682,28706,-112.23696,33.62722
6683,28706,-111.90806,33.394688
6684,6684,-111.931946,33.65794
6685,6685,-112.23582,33.653095
6686,6686,-111.92742,33.499
6687,6687,-111.936,33.41438
6688,28706,-112.22465,33.4765
6689,6689,-112.33277,33.491962
6690,28706,-112.073875,33.446995
6691,6691,-111.93356,33.492912
6692,28706,-111.97846,33.598522
6693,28706,-112.01661,33.4798
6694,28706,-111.84258,33.415478
6695,6695,-112.11652,33.45134
6696,28706,-112.03612,33.37785
6697,6697,-111.75256,33.28687
6698,28706,-112.0037,33.49516
6699,28706,-112.04798,33.53184
6700,28706,-111.86951,33.435528
6701,28706,-112.06476,33.471985
6702,28706,-112.72928,33.970005
6703,28706,-111.92942,33.50284
6704,6704,-112.07431,33.50062
6705,30769,-112.08207,33.50225
6706,28706,-115.100845,35.993855
6707,28706,-111.92496,33.498177
6708,30769,-111.756035,33.30083
6709,28706,-112.07156,33.457054
6710,28706,-111.89947,33.61689
6711,28706,-111.71976,33.347923
6712,28706,-112.074196,33.51354
6713,28706,-111.89182,33.62813
6714,28706,-112.26073,33.53095
6715,28706,-112.07397,33.513077
6716,28706,-111.75459,33.38057
6717,28706,-111.89946,33.557293
6718,28706,-111.97846,33.598522
6719,28706,-111.92134,33.422848
6720,28706,-115.13871,36.169216
6721,28706,-112.07275,33.46677
6722,30769,-80.020134,40.39346
6723,28766,-112.06836,33.457863
6724,28706,-111.99423,33.61232
6725,28706,-111.97688,33.5839
6726,28706,-111.97858,33.677853
6727,28706,-111.940285,33.42472
6728,28706,-112.361534,33.61106
6729,30769,-111.87138,33.43566
6730,30769,-111.89768,33.304726
6731,28706,-111.97926,33.49592
6732,6732,-112.19062,33.638363
6733,28706,-112.17907,33.639347
6734,28706,-111.97839,33.303967
6735,28706,-111.96063,33.64
6736,28706,-111.790665,33.329014
6737,28706,-112.16848,33.611618
6738,28706,-111.97785,33.49424
6739,6739,-111.94718,33.30594
6740,30557,-112.065636,33.44916
6741,28706,-112.04887,33.46591
6742,28706,-112.25507,33.696304
6743,28706,-112.03013,33.678993
6744,28706,-111.85832,33.32686
6745,28706,-111.94324,33.42773
6746,28706,-111.92655,33.506542
6747,6747,-111.92134,33.422848
6748,6748,-111.90913,33.305134
6749,30769,-112.083626,33.48805
6750,28706,-112.07358,33.442486
6751,28706,-111.890686,33.546608
6752,28706,-112.073875,33.446995
6753,30769,-111.75427,33.37781
6754,6754,-112.07303,33.448
6755,6755,-115.17332,36.10583
6756,28706,-111.92228,33.41616
6757,6757,-111.931946,33.65794
6758,28706,-112.06498,33.524887
6759,6759,-112.07405,33.497803
6760,28706,-112.078156,33.458477
6761,28706,-111.583275,33.220783
6762,28706,-112.04088,33.509563
6763,6763,-111.688995,33.38507
6764,6764,-111.997826,33.43523
6765,28706,-111.90979,33.48124
6766,28706,-112.06096,33.50953
6767,28706,-112.027016,33.50802
6768,28706,-111.856125,33.627235
6769,28706,-111.78899,33.28166
6770,6770,-112.07409,33.4975
6771,6771,-111.926025,33.623665
6772,6772,-112.275826,33.637238
6773,28706,-111.804855,33.385117
6774,28706,-112.39205,33.60807
6775,28706,-112.07405,33.497803
6776,28706,-112.043846,33.50873
6777,28706,-112.065346,33.519466
6778,28706,-112.024,33.50923
6779,28706,-112.07275,33.447258
6780,28706,-111.9949,33.303696
6781,28706,-112.07086,33.457047
6782,28706,-111.924355,33.422394
6783,28706,-111.98617,33.510483
6784,6784,-111.98568,33.59621
6785,6785,-111.92655,33.506542
6786,28706,-112.166214,33.611237
6787,28706,-111.78977,33.356873
6788,30769,-111.92239,33.501007
6789,28706,-112.358765,33.507095
6790,28706,-111.87599,33.41335
6791,6791,-111.924065,33.57978
6792,28706,-111.97119,33.67655
6793,6793,-112.074066,33.509735
6794,28706,-112.154274,33.655025
6795,6795,-111.950485,33.83298
6796,28706,-112.07397,33.513077
6797,28706,-112.07551,33.449596
6798,30557,-111.945366,33.8322
6799,28706,-111.92657,33.499386
6800,28706,-112.01136,33.49492
6801,28706,-112.06738,33.509026
6802,6802,-112.02849,33.510426
6803,28706,-112.071945,33.51039
6804,28706,-111.95375,33.407803
6805,28706,-111.73893,33.33537
6806,6806,-112.04698,33.523983
6807,6807,-111.923676,33.489937
6808,28706,-112.00109,33.495476
6809,28706,-112.07426,33.500813
6810,28706,-111.906044,33.43245
6811,28706,-112.047104,33.530334
6812,6812,-112.04928,33.523098
6813,28706,-112.08235,33.516224
6814,28706,-111.875916,33.276257
6815,28706,-111.970436,33.3468
6816,28706,-112.029564,33.516068
6817,6817,-112.11067,33.640343
6818,6818,-112.07196,33.509605
6819,28706,-112.06565,33.60681
6820,28706,-112.18452,33.569023
6821,28706,-112.07468,33.48797
6822,28706,-112.056656,33.50939
6823,28706,-112.07397,33.513077
6824,28706,-112.079285,33.455036
6825,28706,-111.84253,33.303234
6826,28706,-111.93896,33.406734
6827,28706,-112.09912,33.55532
6828,28706,-112.25456,33.478016
6829,28706,-111.91804,33.69925
6830,28706,-111.92961,33.48733
6831,28706,-112.0482,33.510174
6832,28706,-112.038826,33.506462
6833,28706,-112.11586,33.65951
6834,28706,-112.068924,33.494514
6835,30769,-112.08873,33.50919
6836,28706,-112.07052,33.436832
6837,28706,-112.181915,33.538265
6838,6838,-112.07486,33.448936
6839,28706,-112.06666,33.496933
6840,28706,-112.39657,33.6385
6841,28706,-111.99497,33.43605
6842,28706,-111.958885,33.34871
6843,28706,-112.07511,33.483364
6844,28706,-111.92607,33.48176
6845,6845,-112.00837,33.418617
6846,6846,-112.06322,33.53798
6847,28706,-111.92678,33.468628
6848,28706,-111.93145,33.494205
6849,28706,-112.184326,33.539227
6850,28706,-112.03311,33.378387
6851,28706,-112.261375,33.539352
6852,28706,-112.12481,33.43041
6853,28706,-111.90752,33.4066
6854,28706,-111.97678,33.675884
6855,28706,-115.17618,36.115856
6856,6856,-111.99911,33.48077
6857,28706,-111.98224,33.319267
6858,30769,-112.127106,33.581795
6859,6859,-111.93889,33.377697
6860,6860,-112.0471,33.50264
6861,28706,-112.073326,33.509567
6862,28706,-112.04928,33.523098
6863,6863,-112.19062,33.638363
6864,28706,-112.06401,33.538994
6865,30557,-80.84927,35.171734
6866,28706,-112.04791,33.47893
6867,28706,-112.074036,33.448376
6868,28706,-112.04693,33.54658
6869,28706,-111.9748,33.280956
6870,6870,-111.896255,33.42264
6871,28706,-111.9733,33.287598
6872,28706,-111.91382,33.494644
6873,6873,-115.136215,36.099274
6874,28706,-112.04902,33.48049
6875,6875,-112.01175,33.509346
6876,28706,-112.07991,33.45496
6877,28706,-112.07409,33.4975
6878,28706,-111.97982,33.49482
6879,30769,-115.191826,36.144268
6880,6880,-115.17103,36.099377
6881,28706,-111.92365,33.625546
6882,28706,-111.90018,33.554756
6883,28706,-115.17124,36.11788
6884,28706,-111.92575,33.406265
6885,28706,-112.04739,33.4692
6886,28706,-112.04928,33.523098
6887,28706,-112.15007,33.610645
6888,28706,-112.065346,33.519466
6889,6889,-112.26605,33.53391
6890,28706,-111.99719,33.480484
6891,28706,-111.93953,33.42387
6892,6892,-112.04088,33.509563
6893,28706,-112.07409,33.512627
6894,6894,-111.78749,33.376934
6895,28706,-112.13423,33.389427
6896,28706,-112.221115,33.467304
6897,6897,-111.84292,33.351166
6898,28706,-111.88925,33.673668
6899,28706,-111.87599,33.41335
6900,6900,-111.90516,33.431896
6901,28706,-111.936615,33.37798
6902,28706,-112.040085,33.46555
6903,28706,-111.72417,33.38128
6904,28706,-111.89827,33.29958
6905,6905,-112.133934,33.552345
6906,28706,-111.91029,33.321354
6907,28706,-112.184326,33.539227
6908,28706,-112.06567,33.487747
6909,23074,-111.92632,33.494377
6910,6910,-112.08679,33.45524
6911,6911,-111.99242,33.304897
6912,28706,-112.07492,33.483
6913,28706,-111.90459,33.62201
6914,28706,-111.97461,33.678616
6915,6915,-111.92612,33.532578
6916,6916,-112.13021,33.639744
6917,6917,-111.94042,33.429222
6918,28706,-111.743095,33.301903
6919,28706,-111.926025,33.623665
6920,28706,-111.97585,33.320267
6921,28706,-112.236824,33.611404
6922,28706,-112.0567,33.566566
6923,28706,-112.08388,33.49745
6924,30769,-112.04661,33.51038
6925,28706,-112.07289,33.51061
6926,28706,-112.07409,33.4975
6927,6927,-112.102936,33.523907
6928,28706,-111.980995,33.419838
6929,6929,-111.994576,33.304462
6930,6930,-112.057106,33.538246
6931,6931,-112.12435,33.666695
6932,28706,-111.92503,33.565964
6933,28706,-112.06908,33.485916
6934,6934,-111.94718,33.30594
6935,6935,-112.06908,33.485916
6936,28706,-111.92606,33.48357
6937,6937,-112.091194,33.52401
6938,28706,-112.26925,33.551937
6939,28706,-111.92448,33.62557
6940,28706,-111.940254,33.424503
6941,28706,-111.9265,33.49973
6942,28706,-111.92769,33.499382
6943,28706,-112.06586,33.508972
6944,28706,-112.03514,33.495037
6945,28706,-112.07156,33.457054
6946,28706,-112.13489,33.653374
6947,28706,-111.59601,33.22378
6948,28706,-111.90186,33.433514
6949,30557,-112.271225,33.63774
6950,28706,-111.92775,33.492905
6951,28706,-112.06947,33.641808
6952,6952,-111.92641,33.655567
6953,6953,-112.23349,33.652195
6954,6954,-112.02123,33.496204
6955,28706,-112.13264,33.53884
6956,28706,-112.082825,33.517372
6957,28706,-112.05547,33.4467
6958,28706,-112.082344,33.46532
6959,6959,-111.68464,33.395008
6960,28706,-111.92239,33.501007
6961,28706,-111.92589,33.586834
6962,28706,-111.9077,33.431892
6963,28706,-111.787735,33.391663
6964,28706,-112.031555,33.494816
6965,28706,-112.21995,33.639614
6966,28706,-112.045784,33.507767
6967,6967,-111.91567,33.41537
6968,6968,-111.92019,33.466217
6969,6969,-112.047104,33.530334
6970,6970,-112.09641,33.451645
6971,6971,-112.03558,33.509747
6972,30769,-112.07341,33.5137
6973,28706,-112.26925,33.551937
6974,6974,-111.91967,33.41524
6975,28706,-112.03019,33.67107
6976,6976,-111.91029,33.321354
6977,28706,-112.13706,33.628994
6978,28706,-111.90849,33.430023
6979,28706,-115.17725,36.119125
6980,28706,-112.390396,33.429005
6981,28706,-111.83193,33.415234
6982,6982,-112.34139,33.438656
6983,28706,-115.035805,36.060215
6984,6984,-112.23695,33.627163
6985,28706,-112.04418,33.430977
6986,28706,-111.948746,33.34968
6987,28706,-111.92413,33.65421
6988,6988,-111.89933,33.30706
6989,28706,-111.99492,33.50903
6990,6990,-111.8557,33.39083
6991,28706,-112.18333,33.53888
6992,28706,-112.27332,33.464325
6993,6993,-112.02123,33.496204
6994,28706,-111.92644,33.529903
6995,28706,-112.000694,33.480747
6996,6996,-111.9787,33.60016
6997,6997,-112.062996,33.495155
6998,6998,-112.16333,33.318974
6999,28706,-111.75276,33.395096
7000,28706,-112.06533,33.48856
7001,28706,-111.92351,33.581493
7002,28706,-112.135994,33.56674
7003,28706,-112.066025,33.53023
7004,28706,-112.0747,33.449833
7005,28706,-111.877525,33.33716
7006,28706,-112.02068,33.480213
7007,28706,-111.89351,33.627815
7008,7008,-112.03892,33.43178
7009,30769,-111.90923,33.590168
7010,30769,-115.17704,36.10762
7011,28706,-111.994576,33.304462
7012,28706,-112.16848,33.611618
7013,28706,-112.06779,33.458355
7014,28706,-112.07,33.45
7015,7015,-112.15967,33.509876
7016,28706,-112.124596,33.666637
7017,28706,-112.16657,33.596344
7018,28706,-112.03854,33.454876
7019,28706,-112.07551,33.449596
7020,30769,-112.04994,33.508884
7021,7021,-111.84253,33.33787
7022,28706,-111.96636,33.676544
7023,7023,-111.91876,33.627434
7024,30769,-111.92053,33.489132
7025,28706,-111.99929,33.43442
7026,28706,-112.01186,33.63645
7027,28706,-111.93152,33.493298
7028,28706,-111.78979,33.357132
7029,28706,-111.97775,33.49413
7030,7030,-112.02615,33.439648
7031,28706,-112.04729,33.546448
7032,28706,-112.20233,33.581764
7033,28706,-112.0686,33.640186
7034,28706,-111.90065,33.30459
7035,7035,-112.07409,33.4975
7036,28706,-112.13423,33.609528
7037,28706,-115.17229,36.115147
7038,7038,-112.34041,33.465244
7039,7039,-112.044914,33.510166
7040,7040,-111.84111,33.363014
7041,28706,-111.9309,33.58303
7042,28706,-111.9348,33.42384
7043,28706,-111.98934,33.494595
7044,7044,-115.17089,36.11006
7045,28706,-112.01493,33.6102
7046,28706,-112.074615,33.44795
7047,7047,-112.06456,33.522358
7048,28706,-111.978096,33.602394
7049,28706,-111.968,33.31929
7050,28706,-112.05565,33.537632
7051,28706,-111.87922,33.581512
7052,28706,-112.03701,33.50547
7053,7053,-112.06876,33.5095
7054,28706,-112.05503,33.5529
7055,30769,-111.859535,33.33992
7056,7056,-111.95935,33.521988
7057,7057,-112.073204,33.449593
7058,30769,-112.07419,33.510796
7059,28706,-112.06877,33.485413
7060,28706,-112.07419,33.510796
7061,28706,-112.07303,33.448
7062,28706,-112.07391,33.506207
7063,7063,-111.929375,33.502357
7064,28706,-111.97698,33.34888
7065,28706,-111.86321,33.638275
7066,7066,-111.97808,33.321304
7067,7067,-112.06498,33.517467
7068,28706,-112.056625,33.530014
7069,28706,-111.91847,33.415035
7070,28706,-111.9903,33.75417
7071,7071,-111.90991,33.407425
7072,28706,-111.7253,32.879917
7073,7073,-112.05662,33.506195
7074,30769,-112.06535,33.519577
7075,28706,-112.204185,33.63882
7076,28706,-112.03015,33.674606
7077,28706,-111.91861,33.500355
7078,28706,-112.074196,33.51354
7079,7079,-111.63351,33.25473
7080,28706,-111.977776,33.33193
7081,28706,-112.16888,33.378666
7082,28706,-112.05003,33.46554
7083,7083,-112.082214,33.495155
7084,7084,-111.84996,33.379585
7085,28706,-112.277306,33.465336
7086,23608,-112.23991,33.68106
7087,7087,-111.982025,33.34806
7088,7088,-112.34139,33.438656
7089,28706,-111.91052,33.478947
7090,28706,-111.909645,33.42102
7091,7091,-111.90483,33.57417
7092,7092,-112.06877,33.485413
7093,28706,-111.940475,33.392628
7094,28706,-112.13109,33.52452
7095,28706,-112.060196,33.50948
7096,28706,-112.07492,33.483
7097,28706,-115.17497,36.095417
7098,28706,-112.06518,33.57531
7099,28706,-111.922874,33.463078
7100,28706,-115.15259,36.108295
7101,28706,-111.91087,33.36144
7102,28706,-112.07445,33.449436
7103,28706,-112.134186,33.51087
7104,28706,-111.97562,33.675236
7105,28706,-111.99559,33.511234
7106,28706,-111.99559,33.511234
7107,28706,-112.00845,33.581757
7108,7108,-112.11646,33.560856
7109,28706,-112.11045,33.689518
7110,7110,-111.93064,33.50079
7111,28706,-111.88407,33.261177
7112,28706,-112.02769,33.510315
7113,7113,-112.04799,33.50803
7114,28706,-115.15226,36.10708
7115,28706,-111.98859,33.50921
7116,7116,-112.07634,33.46553
7117,28706,-111.83645,33.586655
7118,7118,-115.167755,36.123943
7119,28706,-115.14253,36.169502
7120,7120,-112.03577,33.508926
7121,28706,-112.10039,33.488403
7122,28706,-111.98975,33.500237
7123,28706,-112.358635,33.463406
7124,28706,-112.20292,33.669407
7125,28706,-112.23349,33.652195
7126,28706,-115.168106,36.103798
7127,28706,-111.926765,33.501877
7128,28706,-112.07427,33.447517
7129,28706,-111.755455,33.379627
7130,28706,-111.92445,33.539402
7131,28706,-115.241554,36.064533
7132,28706,-111.903336,33.433212
7133,28706,-111.87686,33.54105
7134,28706,-112.060196,33.50948
7135,28706,-112.073494,33.491695
7136,7136,-112.064095,33.5219
7137,7137,-111.88527,33.540367
7138,7138,-112.06498,33.524887
7139,28706,-114.96364,36.013103
7140,7140,-111.97461,33.678616
7141,28706,-111.94652,33.422188
7142,28706,-111.922966,33.501312
7143,28706,-112.06551,33.576332
7144,7144,-111.92477,33.637135
7145,7145,-112.082405,33.465504
7146,7146,-112.0404,33.509445
7147,7147,-112.38765,33.464397
7148,7148,-115.17277,36.10465
7149,28706,-112.2263,33.639626
7150,7150,-111.92225,33.58414
7151,7151,-112.179726,33.520424
7152,28706,-112.09107,33.49436
7153,28706,-112.03529,33.596844
7154,28706,-112.0135,33.583496
7155,7155,-112.064064,33.51798
7156,7156,-112.06096,33.50953
7157,28706,-111.91744,33.69869
7158,28706,-111.86441,33.612797
7159,30769,-112.04644,33.53739
7160,28706,-111.83323,33.4154
7161,28706,-111.88815,33.56837
7162,28706,-112.06096,33.50953
7163,7163,-111.74323,33.30842
7164,28706,-112.073395,33.477222
7165,28706,-111.72392,33.32106
7166,28706,-115.17641,36.11316
7167,28706,-112.30873,33.449127
7168,30769,-112.07127,33.508995
7169,7169,-112.06844,33.638363
7170,28706,-112.07401,33.505856
7171,28706,-115.22422,36.12766
7172,7172,-112.073616,33.47703
7173,28706,-112.11101,33.554466
7174,28706,-111.90518,33.495224
7175,28706,-111.87436,33.336075
7176,28706,-115.17688,36.111946
7177,28706,-111.99492,33.50903
7178,28706,-111.92796,33.49821
7179,28706,-112.260765,33.53295
7180,28706,-112.000565,33.433685
7181,28706,-112.27165,33.528236
7182,28706,-112.06096,33.50953
7183,28706,-111.87393,33.622734
7184,30769,-111.926445,33.490032
7185,28706,-111.93841,33.391586
7186,28706,-111.970825,33.37795
7187,28706,-111.858406,33.320225
7188,7188,-112.0739,33.500202
7189,28706,-112.06524,33.488808
7190,7190,-112.06401,33.538994
7191,28706,-111.88181,33.58083
7192,28706,-112.069984,33.451576
7193,28706,-111.940285,33.4239
7194,7194,-112.05956,33.563686
7195,28706,-112.08711,33.45496
7196,7196,-111.93646,33.42296
7197,28706,-115.17397,36.10626
7198,28706,-112.08711,33.45496
7199,7199,-112.1181,33.670265
7200,28706,-111.75561,33.345997
7201,28706,-111.90998,33.347878
7202,28706,-111.87496,33.319393
7203,28706,-112.09107,33.458866
7204,28706,-115.167755,36.123978
7205,28706,-112.065544,33.4493
7206,7206,-112.046394,33.507946
7207,28706,-112.14925,34.048668
7208,28706,-111.92239,33.501007
7209,28706,-111.91667,33.451714
7210,28706,-112.03594,33.508713
7211,28706,-115.19791,36.125908
7212,28706,-112.07224,33.465557
7213,28706,-112.0135,33.583496
7214,7214,-111.98224,33.319267
7215,28706,-111.97616,33.347683
7216,28706,-111.92716,33.45379
7217,7217,-112.04739,33.4692
7218,28706,-112.0739,33.500202
7219,28706,-111.92627,33.637753
7220,7220,-111.926796,33.505592
7221,28706,-111.92133,33.636242
7222,28706,-112.06384,33.517437
7223,28706,-111.82124,33.349434
7224,7224,-111.757416,33.30427
7225,7225,-111.98643,33.600227
7226,28706,-111.91345,33.414272
7227,28706,-112.07409,33.4975
7228,7228,-111.68288,33.468143
7229,28706,-112.13424,33.625828
7230,28706,-112.06342,33.607544
7231,7231,-112.064926,33.4743
7232,28706,-111.875984,33.413902
7233,28706,-111.92547,33.566807
7234,28706,-111.947,33.34968
7235,28706,-111.960495,33.34862
7236,7236,-112.06877,33.485413
7237,28706,-111.908585,33.39378
7238,28706,-112.06498,33.524887
7239,28706,-112.0656,33.458927
7240,28706,-111.9309,33.58303
7241,28706,-111.9265,33.49973
7242,7242,-112.27829,33.465275
7243,28706,-111.92951,33.322136
7244,7244,-112.028336,33.480034
7245,28706,-112.277504,33.598698
7246,28706,-115.16559,36.12689
7247,7247,-112.05956,33.563686
7248,28706,-111.93901,33.42399
7249,28706,-112.03529,33.596844
7250,28706,-111.92635,33.53027
7251,28706,-111.96534,33.319504
7252,28706,-111.74256,33.37828
7253,28706,-115.168106,36.103798
7254,28706,-112.06918,33.452717
7255,28706,-111.90558,33.432926
7256,28706,-112.0166,33.52973
7257,7257,-112.00052,33.495766
7258,7258,-112.04739,33.4692
7259,28706,-111.789055,33.35924
7260,28706,-111.962616,33.3216
7261,28706,-112.21823,33.63783
7262,28706,-111.99831,33.436054
7263,28706,-111.91017,33.48699
7264,7264,-112.04693,33.523125
7265,7265,-111.97982,33.49482
7266,28706,-112.34188,33.463543
7267,7267,-112.06096,33.50953
7268,28706,-111.92635,33.496613
7269,28706,-112.0313,33.643
7270,7270,-112.06096,33.50953
7271,28706,-112.01307,33.610554
7272,28706,-111.7708,33.23497
7273,28706,-115.13553,36.166763
7274,30557,-112.07228,33.45587
7275,28706,-112.08313,33.498795
7276,7276,-111.789314,33.32073
7277,28706,-112.01417,33.511307
7278,28706,-111.92563,33.49171
7279,7279,-112.01146,33.58207
7280,30769,-111.9077,33.431892
7281,7281,-112.06296,33.656124
7282,28706,-111.925316,33.577934
7283,28706,-112.0741,33.506855
7284,28706,-112.222885,33.596703
7285,7285,-112.07232,33.457657
7286,28706,-112.22337,33.638668
7287,28706,-112.27829,33.465275
7288,28706,-111.98983,33.49462
7289,7289,-112.05627,33.472767
7290,7290,-112.04698,33.507553
7291,28706,-111.82584,33.41346
7292,7292,-111.928185,33.501774
7293,7293,-112.34188,33.463543
7294,7294,-111.959404,33.350735
7295,7295,-112.065346,33.51108
7296,28706,-111.874146,33.31923
7297,7297,-112.06453,33.537617
7298,7298,-112.06498,33.524887
7299,28706,-111.92737,33.50323
7300,28706,-111.92018,33.636566
7301,28706,-112.06096,33.50953
7302,30769,-111.92754,33.464375
7303,7303,-112.06096,33.50953
7304,28706,-111.97681,33.378315
7305,28706,-112.07127,33.508995
7306,7306,-112.06096,33.50953
7307,7307,-111.93103,33.493267
7308,7308,-112.0686,33.640186
7309,7309,-112.06096,33.50953
7310,28706,-111.93947,33.394127
7311,28706,-112.07409,33.512627
7312,28706,-112.06096,33.50953
7313,28706,-112.06096,33.50953
7314,7314,-111.92625,33.617584
7315,28706,-112.06096,33.50953
7316,28706,-111.90979,33.48124
7317,7317,-111.93457,33.4228
7318,28706,-111.89228,33.62004
7319,28706,-111.926636,33.498974
7320,28706,-111.99565,33.502758
7321,28706,-112.026474,33.510254
7322,28706,-111.75607,33.304905
7323,28706,-115.17435,36.118332
7324,28706,-111.72063,33.23511
7325,28706,-111.939156,33.39312
7326,7326,-112.08292,33.506462
7327,28706,-111.92367,33.53918
7328,28706,-111.90812,33.393623
7329,28706,-112.08164,33.465992
7330,28706,-112.056656,33.50939
7331,7331,-111.78983,33.354767
7332,28706,-111.98617,33.510483
7333,30769,-112.064705,33.529846
7334,30769,-111.92625,33.617584
7335,28706,-115.17087,36.10242
7336,28706,-111.92389,33.63416
7337,28706,-111.89163,33.625385
7338,7338,-111.875755,33.62114
7339,7339,-111.77165,33.406406
7340,7340,-112.04001,33.505775
7341,28706,-111.92635,33.496613
7342,7342,-112.07359,33.476837
7343,28706,-111.978226,33.675297
7344,7344,-112.064705,33.529846
7345,7345,-112.22272,33.638866
7346,28706,-111.92227,33.584015
7347,30769,-80.02124,40.43906
7348,30769,-115.17669,36.117455
7349,28706,-111.97956,33.742207
7350,28706,-111.875786,33.36281
7351,28706,-115.17632,36.113846
7352,7352,-111.90483,33.57417
7353,28706,-111.79648,33.41554
7354,28706,-112.00319,33.317657
7355,28706,-112.0477,33.515106
7356,28706,-112.1137,33.715096
7357,28706,-112.06096,33.50953
7358,28706,-112.170334,33.46561
7359,28706,-112.170975,33.56791
7360,28778,-111.92359,33.70057
7361,28706,-112.06947,33.641808
7362,7362,-112.22394,33.637062
7363,7363,-111.93649,33.833767
7364,7364,-115.171776,36.102093
7365,28706,-111.927666,33.579617
7366,28706,-112.04673,33.523743
7367,7367,-112.06157,33.509518
7368,28706,-111.97838,33.627045
7369,30769,-111.92742,33.499
7370,7370,-111.92942,33.50284
7371,7371,-112.134186,33.51087
7372,7372,-112.06534,33.5116
7373,7373,-112.06534,33.5116
7374,28706,-111.91667,33.451714
7375,30769,-112.08059,33.4803
7376,28706,-111.944046,33.436962
7377,28706,-111.928185,33.501774
7378,28706,-111.91267,33.362457
7379,28706,-111.979546,33.640232
7380,28706,-111.926445,33.490032
7381,7381,-111.91091,33.414574
7382,28706,-112.07218,33.458946
7383,28706,-111.943954,33.42853
7384,7384,-112.04702,33.509594
7385,28706,-112.036964,33.60594
7386,28706,-112.00414,33.495163
7387,30769,-111.93936,33.394043
7388,7388,-112.02849,33.510426
7389,28706,-111.93027,33.496586
7390,7390,-115.17203,36.11494
7391,28706,-111.92869,33.467358
7392,28706,-111.78861,33.43749
7393,28706,-111.99321,33.495266
7394,28706,-112.07409,33.4975
7395,7395,-111.93962,33.42344
7396,28706,-112.04994,33.508884
7397,28706,-112.04994,33.508884
7398,7398,-111.874176,33.362934
7399,28706,-111.89673,33.676765
7400,28706,-111.899025,33.555027
7401,28706,-112.04994,33.508884
7402,28706,-111.92663,33.65241
7403,28706,-111.95392,33.40789
7404,28706,-111.94039,33.421387
7405,28706,-111.9949,33.303696
7406,28706,-112.03948,33.486477
7407,28706,-112.16933,33.379456
7408,28706,-112.06483,33.457333
7409,28706,-111.79242,33.378643
7410,28706,-111.85856,33.64947
7411,7411,-112.00414,33.495163
7412,28706,-112.027016,33.377003
7413,28706,-111.78376,33.334938
7414,7414,-111.92272,33.493565
7415,7415,-115.170975,36.114277
7416,28706,-112.08711,33.45496
7417,7417,-111.75855,33.307465
7418,28706,-111.90228,33.43014
7419,7419,-111.905556,33.433037
7420,28706,-112.07275,33.447258
7421,30769,-111.789856,33.356342
7422,7422,-112.06535,33.519577
7423,7423,-112.07411,33.467545
7424,7424,-111.71336,33.594963
7425,7425,-111.928825,33.82903
7426,28706,-112.04831,33.508953
7427,28706,-111.96561,33.676094
7428,28706,-112.073494,33.491695
7429,7429,-111.92635,33.46439
7430,28706,-111.84253,33.303234
7431,7431,-111.94629,33.305836
7432,28706,-115.14294,36.16929
7433,28706,-112.171936,33.638557
7434,28706,-112.044914,33.510166
7435,28706,-112.03125,33.63285
7436,7436,-112.27079,33.55354
7437,28706,-112.16867,33.545204
7438,28706,-112.06322,33.53798
7439,28706,-112.065506,33.48855
7440,28706,-112.078766,33.50958
7441,28706,-112.0739,33.500202
7442,7442,-111.92644,33.44929
7443,30769,-112.068665,33.6374
7444,28706,-111.91124,33.362373
7445,28706,-111.92019,33.466217
7446,28706,-111.635124,33.36576
7447,30769,-112.05607,33.472855
7448,28706,-112.08303,33.487476
7449,7449,-111.9759,33.495018
7450,28706,-112.18157,33.539257
7451,28706,-112.073395,33.477222
7452,28706,-112.039185,33.59596
7453,28706,-111.999176,33.442745
7454,28706,-112.006714,33.435715
7455,7455,-112.029785,33.626873
7456,28706,-111.95375,33.407803
7457,28706,-112.07217,33.455864
7458,28706,-112.14982,33.640068
7459,28706,-112.04698,33.523983
7460,28706,-111.98212,33.331654
7461,28706,-111.940346,33.425938
7462,28706,-112.04784,33.523426
7463,7463,-112.04799,33.50803
7464,7464,-111.95392,33.40789
7465,28706,-111.93007,33.378265
7466,7466,-112.0477,33.515106
7467,28706,-112.04675,33.523613
7468,28706,-111.93744,33.423515
7469,7469,-112.15224,33.596348
7470,28706,-111.905556,33.433037
7471,28706,-112.18803,33.538708
7472,28706,-111.8063,33.379913
7473,7473,-112.065475,33.47014
7474,28706,-112.13882,33.864964
7475,28706,-111.757416,33.30427
7476,28706,-112.06704,33.641712
7477,7477,-111.92351,33.62336
7478,7478,-112.073425,33.447334
7479,28706,-111.92603,33.37827
7480,7480,-112.03864,33.59605
7481,7481,-112.06535,33.51241
7482,28706,-112.11762,33.524418
7483,7483,-112.04794,33.525883
7484,28706,-112.09243,33.683323
7485,7485,-112.06479,33.474228
7486,28706,-111.87686,33.54105
7487,28706,-111.98229,33.599663
7488,28706,-112.02581,33.441082
7489,28706,-112.278114,33.465
7490,28706,-112.06322,33.53798
7491,7491,-112.02769,33.510315
7492,7492,-112.083984,33.496387
7493,28706,-112.085785,33.509537
7494,28706,-112.03529,33.596844
7495,7495,-112.074196,33.51354
7496,7496,-112.11265,33.611
7497,28706,-112.0648,33.47468
7498,28706,-112.0792,33.49111
7499,28706,-115.0969,36.005417
7500,28706,-111.90914,33.3927
7501,7501,-112.06467,33.59547
7502,28706,-112.08234,33.516464
7503,7503,-112.04934,33.523056
7504,28706,-112.08208,33.510727
7505,7505,-112.10031,33.496075
7506,28706,-73.57656,45.521065
7507,28706,-112.08303,33.487476
7508,28706,-111.99439,33.612354
7509,28706,-112.06535,33.51241
7510,28706,-112.06535,33.487686
7511,28706,-112.22666,33.637676
7512,28706,-111.918686,33.566635
7513,28706,-112.07432,33.45969
7514,28706,-112.073425,33.447334
7515,30769,-112.06469,33.521793
7516,7516,-112.06469,33.521793
7517,7517,-111.968,33.31929
7518,7518,-112.0364,33.50968
7519,7519,-112.07397,33.513077
7520,28706,-112.065346,33.51108
7521,28706,-112.064606,33.523155
7522,28706,-112.06877,33.485413
7523,30769,-112.07991,33.45496
7524,28706,-111.944046,33.436962
7525,28706,-112.074196,33.51354
7526,7526,-112.06638,33.62716
7527,28706,-112.082855,33.465343
7528,28706,-112.02814,33.510223
7529,28706,-111.94969,33.40756
7530,28706,-111.92365,33.625546
7531,7531,-111.928185,33.501774
7532,28706,-112.183395,33.539093
7533,28706,-112.04789,33.52485
7534,7534,-111.91983,33.466194
7535,28706,-112.04677,33.50889
7536,28706,-112.073616,33.47703
7537,28706,-112.028336,33.480034
7538,28706,-112.07397,33.45983
7539,28706,-112.08233,33.46606
7540,30769,-115.17767,36.10741
7541,28706,-112.06836,33.457863
7542,28706,-111.84763,33.378475
7543,7543,-112.08303,33.487476
7544,7544,-112.04945,33.377567
7545,28706,-112.357994,33.461502
7546,28706,-112.25843,33.55269
7547,28706,-112.13301,33.580612
7548,28706,-112.0634,33.60731
7549,28706,-112.10217,33.52494
7550,28706,-112.074036,33.448376
7551,28706,-111.9759,33.495018
7552,28706,-112.07037,33.456417
7553,28706,-111.94819,33.393543
7554,28706,-112.0135,33.583496
7555,28706,-112.06476,33.471985
7556,28706,-115.1726,36.118793
7557,7557,-111.92492,33.62348
7558,28706,-112.03788,33.509254
7559,28706,-115.17797,36.067535
7560,7560,-115.14289,36.143345
7561,30557,-112.006714,33.435715
7562,28706,-111.92749,33.49549
7563,28706,-112.003174,33.49564
7564,30769,-112.29537,33.511894
7565,28706,-111.91182,33.322376
7566,28706,-112.04709,33.639816
7567,28706,-112.013725,33.585438
7568,28706,-111.929924,33.349712
7569,28706,-111.947075,33.407593
7570,30769,-115.14294,36.16929
7571,7571,-112.04673,33.523743
7572,7572,-112.22086,33.639744
7573,30769,-111.910835,33.391663
7574,7574,-111.93744,33.423515
7575,28706,-111.88934,33.696556
7576,28706,-111.87436,33.336075
7577,28706,-111.940254,33.424503
7578,28706,-115.14453,36.162613
7579,7579,-79.9828,40.429
7580,7580,-73.58948,45.521652
7581,30769,-111.92572,33.526047
7582,28706,-115.13902,36.088516
7583,28706,-111.74184,33.307846
7584,28706,-112.073616,33.47703
7585,7585,-112.201805,33.666836
7586,7586,-111.97811,33.59784
7587,28706,-112.27275,33.46457
7588,28706,-112.05627,33.472767
7589,28706,-111.872856,33.30671
7590,28706,-111.918686,33.566635
7591,28706,-112.07285,33.449226
7592,28706,-112.12481,33.43041
7593,7593,-111.929535,33.502132
7594,30769,-111.991516,33.26663
7595,28706,-111.92697,33.462616
7596,28706,-111.7195,33.34711
7597,28706,-111.859535,33.33992
7598,30769,-112.07341,33.5137
7599,28706,-112.0037,33.49516
7600,28706,-112.079285,33.455036
7601,28706,-111.961914,33.33455
7602,28706,-111.92804,33.497204
7603,28706,-112.023254,33.523228
7604,30769,-112.35514,33.463253
7605,28706,-111.86491,33.435246
7606,28706,-111.92269,33.500526
7607,7607,-112.043846,33.50873
7608,7608,-112.08249,33.48009
7609,7609,-112.04001,33.505775
7610,28706,-111.926254,33.609715
7611,7611,-112.07409,33.512627
7612,7612,-112.01464,33.510056
7613,28706,-111.90483,33.57417
7614,7614,-112.04258,33.50957
7615,7615,-112.03017,33.671425
7616,7616,-111.83714,33.41651
7617,30769,-112.07391,33.506207
7618,28706,-112.07358,33.442486
7619,28706,-112.01307,33.610554
7620,7620,-111.88511,33.53767
7621,28706,-115.29822,36.09571
7622,7622,-111.93947,33.394127
7623,7623,-112.045815,33.5088
7624,7624,-112.0812,33.654797
7625,7625,-112.04001,33.505775
7626,28706,-111.84085,33.28455
7627,28706,-112.01464,33.510056
7628,28706,-111.91197,33.335354
7629,30769,-111.96175,33.391743
7630,28706,-111.89859,33.490013
7631,28706,-111.92754,33.480732
7632,28706,-112.02581,33.441082
7633,28706,-112.11672,33.53954
7634,7634,-111.97958,33.31974
7635,28706,-111.95634,33.347145
7636,28706,-111.929924,33.349712
7637,28706,-115.16961,36.121452
7638,28706,-112.047264,33.641346
7639,28706,-112.15278,33.655704
7640,28706,-111.996765,33.495117
7641,7641,-112.120346,33.64042
7642,28706,-112.00005,33.495453
7643,28706,-112.3355,33.460354
7644,28706,-112.047264,33.531242
7645,28706,-112.08227,33.4657
7646,28706,-111.87511,33.394802
7647,28706,-112.04043,33.50572
7648,28706,-112.01323,33.47383
7649,28706,-112.04794,33.525883
7650,7650,-115.17124,36.11788
7651,7651,-112.068954,33.459053
7652,28706,-111.99224,33.30574
7653,28706,-111.78861,33.43749
7654,28706,-112.04673,33.523743
7655,23074,-112.17426,33.63955
7656,28706,-112.22219,33.59478
7657,7657,-112.11884,33.48044
7658,28706,-112.02068,33.480213
7659,28706,-112.04808,33.538925
7660,28706,-112.07908,33.49112
7661,28706,-112.04808,33.538925
7662,7662,-111.58324,33.22102
7663,7663,-112.09706,33.65613
7664,7664,-111.98954,33.600517
7665,7665,-111.92551,33.624367
7666,28706,-112.078766,33.50958
7667,28706,-115.17076,36.123367
7668,28706,-112.13144,33.625275
7669,28706,-115.167,36.12617
7670,28706,-112.013855,33.63044
7671,7671,-111.995514,33.50243
7672,28706,-112.07423,33.507328
7673,28706,-111.88063,33.581196
7674,28706,-112.07233,33.456696
7675,28706,-111.97674,33.67919
7676,28706,-111.93508,33.424995
7677,28706,-111.978065,33.602856
7678,28706,-112.16848,33.611618
7679,28706,-112.05806,33.550854
7680,28706,-111.92697,33.52771
7681,30769,-112.04698,33.523983
7682,28706,-111.924805,33.52681
7683,7683,-111.92559,33.478718
7684,28706,-111.99575,33.50214
7685,28706,-112.04725,33.50166
7686,28706,-111.789856,33.356342
7687,7687,-115.16591,36.127495
7688,28706,-111.821304,33.349445
7689,28706,-115.27912,36.12602
7690,28706,-112.18295,33.538418
7691,7691,-111.88066,33.36436
7692,7692,-111.92637,33.500492
7693,7693,-111.92563,33.49171
7694,7694,-111.964966,33.501846
7695,7695,-112.04803,33.484013
7696,7696,-112.047104,33.530334
7697,28706,-111.9759,33.495018
7698,28706,-112.18595,33.64035
7699,7699,-111.925316,33.577934
7700,28706,-111.97838,33.627045
7701,7701,-112.260765,33.53295
7702,28706,-112.045815,33.5088
7703,28706,-112.11762,33.524418
7704,7704,-112.06518,33.57531
7705,28706,-112.358635,33.463406
7706,7706,-112.02123,33.496204
7707,7707,-111.9265,33.49973
7708,28706,-112.13378,33.50971
7709,7709,-111.923,33.5015
7710,7710,-112.111786,33.687145
7711,30769,-111.842636,33.32724
7712,28706,-111.91721,33.40708
7713,28706,-112.06577,33.56819
7714,7714,-112.2263,33.639626
7715,7715,-112.13667,33.639065
7716,28706,-111.90558,33.432926
7717,28706,-111.92555,33.564976
7718,28706,-112.04698,33.523983
7719,30769,-111.92558,33.582848
7720,28706,-112.0486,33.523712
7721,7721,-112.04698,33.523983
7722,7722,-112.117386,33.641613
7723,28706,-112.0739,33.500202
7724,28706,-111.97657,33.585728
7725,7725,-112.04001,33.505775
7726,28706,-112.01183,33.509872
7727,28706,-111.92645,33.49031
7728,28706,-111.84204,33.39384
7729,28706,-112.72591,32.945602
7730,30769,-112.078766,33.50958
7731,7731,-112.04799,33.50803
7732,28706,-111.919815,33.501347
7733,28706,-112.045815,33.5088
7734,28706,-111.93901,33.42399
7735,28706,-112.05941,33.49494
7736,28706,-111.85296,33.731174
7737,28706,-111.97626,33.58307
7738,28706,-112.08292,33.506462
7739,7739,-111.90885,33.421627
7740,7740,-112.14335,33.713852
7741,28706,-112.04799,33.50803
7742,28706,-111.90859,33.406624
7743,28706,-112.0481,33.475353
7744,7744,-112.07748,33.45907
7745,28706,-112.04799,33.50803
7746,28706,-112.04794,33.525883
7747,28706,-112.04799,33.50803
7748,30769,-111.92942,33.50284
7749,7749,-112.03147,33.48778
7750,28706,-111.92589,33.527847
7751,7751,-112.18295,33.538418
7752,28706,-112.067,33.508987
7753,28706,-112.04799,33.50803
7754,7754,-111.995705,33.63991
7755,28706,-112.04342,33.506023
7756,28706,-111.95392,33.40789
7757,28706,-111.84258,33.415478
7758,30769,-111.93536,33.627285
7759,28706,-112.04673,33.523743
7760,28706,-111.99402,33.49537
7761,28706,-111.92796,33.49821
7762,28706,-112.078766,33.50958
7763,28706,-112.05806,33.550854
7764,28706,-112.00106,33.49517
7765,28706,-112.08873,33.50919
7766,28706,-112.20032,33.710823
7767,28706,-112.07232,33.457657
7768,23074,-112.05884,33.509346
7769,28706,-112.0037,33.49516
7770,28706,-112.07375,33.565098
7771,23074,-112.05941,33.49494
7772,28706,-111.9819,33.348164
7773,28706,-111.68752,33.32716
7774,23074,-112.083984,33.496387
7775,28706,-112.073685,33.396343
7776,28706,-112.029755,33.51067
7777,28706,-112.047264,33.53739
7778,28706,-112.04754,33.50774
7779,7779,-111.93228,33.496403
7780,7780,-111.932106,33.50277
7781,28706,-111.917984,33.565014
7782,28706,-111.97952,33.6384
7783,28706,-111.92922,33.497566
7784,7784,-111.92645,33.49031
7785,28706,-111.86011,33.341
7786,28706,-112.18157,33.539257
7787,7787,-112.07308,33.56747
7788,28706,-111.99517,33.640408
7789,7789,-111.87599,33.41335
7790,7790,-112.047264,33.53739
7791,28706,-112.00525,33.4954
7792,28706,-111.97677,33.679085
7793,28706,-112.04794,33.525883
7794,28706,-112.134186,33.51087
7795,7795,-112.30404,33.63991
7796,28706,-111.7195,33.34711
7797,28706,-112.065735,33.55996
7798,28706,-112.047264,33.53739
7799,28706,-112.027016,33.50802
7800,7800,-111.98451,33.509106
7801,7801,-112.07232,33.457657
7802,28706,-111.92355,33.623634
7803,28706,-112.02418,33.510033
7804,28706,-111.92533,33.52509
7805,7805,-112.0364,33.50968
7806,28706,-111.98849,33.45545
7807,28706,-111.988174,33.601933
7808,28706,-111.92635,33.496613
7809,7809,-112.0166,33.52973
7810,7810,-112.06783,33.458065
7811,7811,-111.921135,33.499172
7812,28706,-112.04013,33.507454
7813,7813,-111.87564,33.336
7814,28706,-112.06961,33.456757
7815,28706,-112.07634,33.46553
7816,7816,-115.17012,36.122276
7817,28706,-111.925575,33.564854
7818,28706,-115.17124,36.11788
7819,30769,-111.7903,33.329292
7820,28706,-111.77134,33.33696
7821,28706,-111.98983,33.49462
7822,7822,-112.37446,33.654953
7823,7823,-111.99634,33.61077
7824,28706,-111.928185,33.501774
7825,28706,-111.78514,33.334938
7826,28706,-111.83714,33.41651
7827,7827,-112.09936,33.539642
7828,7828,-111.91197,33.335354
7829,7829,-112.027016,33.50802
7830,7830,-111.92606,33.48357
7831,28706,-111.75614,33.36745
7832,30769,-111.8879,33.407997
7833,7833,-112.000984,33.49572
7834,28706,-111.74385,33.307648
7835,7835,-111.9348,33.42384
7836,30557,-111.92566,33.47535
7837,28706,-111.977875,33.319378
7838,28706,-112.03125,33.63285
7839,28706,-111.59601,33.22378
7840,28706,-111.85414,33.40779
7841,28706,-112.02721,33.51021
7842,28706,-112.06518,33.57531
7843,28706,-112.01307,33.610554
7844,30769,-112.26495,33.535923
7845,28706,-112.065475,33.47014
7846,7846,-112.03147,33.48778
7847,28706,-112.032845,33.64018
7848,30769,-112.04793,33.523987
7849,28706,-112.04798,33.513504
7850,28706,-112.04798,33.513504
7851,7851,-112.15075,33.59817
7852,7852,-112.394394,33.451393
7853,28706,-112.22098,33.641773
7854,28706,-112.04673,33.523743
7855,28706,-111.90812,33.393623
7856,28706,-111.99589,33.509014
7857,28706,-111.9255,33.50109
7858,28706,-115.16856,36.133137
7859,28706,-111.98451,33.509106
7860,28706,-111.91462,33.393013
7861,7861,-111.999176,33.442745
7862,28706,-112.10931,33.55314
7863,7863,-112.04675,33.523613
7864,7864,-112.380104,33.49272
7865,7865,-111.97869,33.60092
7866,7866,-111.85275,33.731834
7867,28706,-115.19447,36.126015
7868,30769,-111.924614,33.63925
7869,7869,-112.04794,33.525883
7870,28706,-112.20032,33.710823
7871,28706,-112.04371,33.50839
7872,28706,-111.82124,33.349434
7873,28706,-111.917755,33.49468
7874,7874,-111.89342,33.37964
7875,7875,-112.045815,33.5088
7876,28706,-111.98028,33.494682
7877,28706,-111.78977,33.356873
7878,30769,-115.1695,36.10743
7879,28706,-111.78376,33.334938
7880,7880,-112.08313,33.498795
7881,7881,-112.01535,33.51002
7882,28706,-111.981224,33.32158
7883,28706,-111.92753,33.49919
7884,28706,-111.90888,33.395096
7885,7885,-111.939804,33.426353
7886,28706,-111.92471,33.421352
7887,28706,-112.05956,33.563686
7888,28706,-111.85926,33.31953
7889,28706,-112.04258,33.50957
7890,7890,-111.9258,33.492584
7891,28706,-111.90768,33.43246
7892,28706,-112.047905,33.52448
7893,7893,-112.01307,33.610554
7894,28706,-112.073616,33.47703
7895,28706,-111.87183,33.393562
7896,28706,-112.00052,33.495766
7897,7897,-111.85407,33.39349
7898,7898,-111.92861,33.638184
7899,28706,-111.92708,33.508694
7900,28706,-111.922775,33.50169
7901,28706,-111.929794,33.49288
7902,7902,-112.23582,33.653095
7903,7903,-111.99538,33.44852
7904,30769,-112.05607,33.472855
7905,28706,-111.926315,33.616474
7906,28706,-111.92018,33.636566
7907,28706,-112.00845,33.581757
7908,28706,-112.04794,33.525883
7909,28706,-112.03612,33.37785
7910,28706,-111.89749,33.553448
7911,28706,-112.09924,33.682755
7912,7912,-111.755745,33.366947
7913,28706,-111.92645,33.49031
7914,7914,-111.92615,33.625362
7915,7915,-111.91648,33.64488
7916,28706,-115.31747,36.180336
7917,7917,-112.0737,33.44718
7918,28706,-111.91851,33.41533
7919,28706,-115.17582,36.11773
7920,28706,-111.94037,33.425762
7921,7921,-112.27619,33.71298
7922,28706,-112.01464,33.510056
7923,7923,-111.92637,33.62349
7924,28706,-112.07308,33.56747
7925,28706,-112.02849,33.510426
7926,7926,-112.03788,33.509254
7927,28706,-112.11107,33.71102
7928,28706,-111.98975,33.500237
7929,7929,-111.791626,33.235634
7930,28706,-111.92612,33.532578
7931,28706,-111.860214,33.274822
7932,28706,-112.116264,33.576405
7933,28706,-112.07048,33.459
7934,7934,-112.042175,33.509632
7935,30557,-112.306465,33.456245
7936,7936,-112.0275,33.510235
7937,28706,-111.91002,33.481018
7938,28706,-111.84031,33.33712
7939,7939,-112.18157,33.539257
7940,7940,-112.04784,33.5224
7941,7941,-111.92632,33.494377
7942,28706,-111.91341,33.408203
7943,7943,-112.0741,33.506855
7944,28706,-112.22944,33.637707
7945,28706,-111.92641,33.655567
7946,28706,-111.77586,33.336002
7947,28706,-115.17033,36.12362
7948,28706,-111.94167,33.463852
7949,7949,-111.907,33.495
7950,28706,-111.96483,33.349598
7951,28706,-111.97203,33.37641
7952,28706,-112.39382,33.45773
7953,28706,-112.011894,33.495636
7954,28706,-112.04693,33.523125
7955,28706,-112.14358,33.483364
7956,28706,-112.04797,33.490387
7957,28706,-112.04797,33.490387
7958,28706,-112.07802,33.46546
7959,7959,-111.86972,33.5409
7960,7960,-112.04714,33.52344
7961,28706,-112.065636,33.44916
7962,28706,-111.977875,33.319378
7963,30769,-111.806885,33.384636
7964,28706,-112.07127,33.508995
7965,28706,-112.07341,33.485844
7966,30769,-112.00509,33.49545
7967,28706,-115.163124,36.133614
7968,28706,-111.97295,33.281567
7969,28706,-115.17103,36.099377
7970,28706,-111.92637,33.500492
7971,28706,-112.0739,33.500202
7972,7972,-111.78991,33.355118
7973,7973,-111.898415,33.297104
7974,28706,-112.16848,33.611618
7975,28706,-112.028625,33.510582
7976,28706,-112.36344,33.638203
7977,7977,-111.93961,33.42608
7978,28706,-111.92582,33.497734
7979,28706,-112.01427,33.530174
7980,28706,-111.92942,33.50284
7981,28706,-111.78861,33.43749
7982,7982,-111.9261,33.611904
7983,7983,-112.065506,33.46645
7984,28706,-112.06918,33.452717
7985,28706,-111.908585,33.39378
7986,28706,-111.90614,33.671265
7987,28706,-111.86466,33.62588
7988,28706,-111.994576,33.304462
7989,7989,-112.06349,33.60628
7990,28706,-111.891785,33.623486
7991,28706,-112.0739,33.500202
7992,28706,-111.90506,33.672047
7993,28706,-112.06555,33.52842
7994,28706,-112.06469,33.52939
7995,7995,-111.84258,33.299873
7996,28706,-112.34188,33.463543
7997,28706,-111.92917,33.36505
7998,28706,-111.789276,33.355034
7999,28706,-112.04798,33.53184
8000,28706,-111.82394,33.348804
8001,8001,-112.0567,33.566566
8002,28706,-111.69572,33.393536
8003,28706,-115.13639,36.175
8004,28706,-111.90941,33.454285
8005,28706,-112.08313,33.498795
8006,8006,-112.114716,33.684277
8007,28706,-111.9272,33.60663
8008,28706,-115.176315,36.109913
8009,8009,-112.0486,33.523712
8010,8010,-111.92505,33.625137
8011,30769,-111.97926,33.49592
8012,28706,-111.9864,33.5107
8013,28706,-112.031105,33.46602
8014,28706,-112.06543,33.469967
8015,28706,-112.03124,33.629887
8016,28706,-112.06342,33.607544
8017,28706,-111.9864,33.5107
8018,28706,-112.06962,33.452393
8019,28706,-112.08225,33.516342
8020,28706,-112.09069,33.480274
8021,8021,-112.06456,33.522358
8022,28706,-111.549576,33.415047
8023,8023,-111.95213,33.399364
8024,8024,-111.89143,33.626175
8025,28706,-111.906944,33.49487
8026,28706,-112.08711,33.45496
8027,28706,-115.101585,35.99378
8028,28706,-111.619804,33.37894
8029,28706,-111.93744,33.423515
8030,8030,-112.04793,33.523987
8031,28706,-112.05607,33.472855
8032,28706,-111.93947,33.394127
8033,8033,-112.04739,33.4692
8034,8034,-111.97831,33.598694
8035,28706,-112.06411,33.656075
8036,28706,-112.04794,33.525883
8037,28706,-111.68231,33.45102
8038,8038,-111.99634,33.50211
8039,28706,-112.07127,33.508995
8040,8040,-111.89253,33.69909
8041,28706,-112.07391,33.506207
8042,28706,-111.932106,33.50277
8043,28706,-111.982635,33.33124
8044,8044,-111.94797,33.42063
8045,8045,-111.98934,33.494595
8046,8046,-111.988075,33.51
8047,28706,-112.089836,33.457226
8048,8048,-112.01307,33.610554
8049,28706,-112.07341,33.5137
8050,8050,-112.03966,33.506275
8051,8051,-112.03966,33.506275
8052,28706,-111.92767,33.38362
8053,8053,-112.13093,33.79911
8054,8054,-111.92239,33.501007
8055,28706,-112.04788,33.525127
8056,28706,-111.95375,33.407803
8057,28706,-112.00454,33.495674
8058,8058,-112.07232,33.457657
8059,8059,-112.02951,33.39999
8060,28706,-111.96649,33.30547
8061,28706,-112.04794,33.525883
8062,28706,-111.94051,33.424126
8063,28706,-111.88703,33.58109
8064,28706,-111.66878,33.415794
8065,28706,-111.979324,33.407692
8066,28706,-112.06502,33.653706
8067,28706,-112.02814,33.510223
8068,28706,-111.924065,33.57978
8069,28706,-111.96649,33.30547
8070,28706,-112.07354,33.56745
8071,28706,-112.07377,33.45838
8072,28706,-111.96903,33.318436
8073,28706,-111.92645,33.49031
8074,28706,-111.98617,33.510483
8075,28706,-112.35528,33.638565
8076,28706,-111.995705,33.63991
8077,28706,-115.17127,36.11288
8078,8078,-112.24049,33.423298
8079,8079,-112.04673,33.523743
8080,8080,-115.17704,36.10762
8081,8081,-112.075264,33.45975
8082,8082,-112.09136,33.477753
8083,28706,-111.98934,33.494595
8084,28706,-112.04088,33.509563
8085,28706,-112.05627,33.472767
8086,30557,-111.92644,33.50619
8087,28706,-111.98229,33.599663
8088,8088,-112.084465,33.49529
8089,28706,-111.935265,33.833332
8090,30557,-111.931946,33.65794
8091,28706,-111.99403,33.47977
8092,8092,-111.92796,33.49821
8093,28706,-111.930984,33.79885
8094,28706,-112.13394,33.86539
8095,28706,-112.01427,33.530174
8096,28706,-111.92753,33.49919
8097,28706,-111.906,33.542786
8098,8098,-111.74266,33.3004
8099,28706,-111.96647,33.348915
8100,8100,-111.92665,33.609993
8101,28706,-111.95935,33.521988
8102,28706,-112.05706,33.53799
8103,28706,-112.00052,33.495766
8104,28706,-115.17849,36.10924
8105,28706,-115.152214,36.238003
8106,8106,-111.97851,33.60259
8107,8107,-112.06481,33.5617
8108,28706,-111.79151,33.365788
8109,28706,-111.92625,33.617584
8110,28706,-111.97864,33.798347
8111,28706,-111.89915,33.556744
8112,28706,-111.91741,33.631557
8113,8113,-112.036606,33.509274
8114,28706,-112.01482,33.49574
8115,28706,-111.940285,33.42472
8116,28706,-111.92328,33.676228
8117,8117,-111.93145,33.494205
8118,28706,-112.078766,33.50958
8119,28706,-111.92708,33.508694
8120,28706,-111.99224,33.30574
8121,28706,-111.924065,33.5797
8122,28706,-112.073685,33.396343
8123,28706,-112.00084,33.495724
8124,8124,-111.96461,33.34455
8125,28706,-111.78973,33.354954
8126,28706,-112.07551,33.449596
8127,8127,-111.92828,33.36344
8128,28706,-111.97804,33.331573
8129,28706,-112.02849,33.510426
8130,8130,-111.8693,33.435463
8131,28706,-115.102715,35.99111
8132,28706,-111.966606,33.67681
8133,8133,-112.06498,33.524887
8134,28706,-112.01417,33.511307
8135,8135,-112.0365,33.602707
8136,28706,-111.99634,33.50211
8137,28706,-115.17462,36.142902
8138,28706,-111.97846,33.598522
8139,8139,-112.0739,33.500202
8140,28706,-111.9326,33.658665
8141,28706,-111.926025,33.623665
8142,8142,-111.88925,33.673668
8143,28706,-111.924644,33.497574
8144,8144,-112.0178,33.64111
8145,28706,-111.88527,33.540367
8146,28706,-115.17382,36.107162
8147,28706,-111.928024,33.624035
8148,28706,-112.01495,33.494007
8149,28706,-111.976906,33.612934
8150,8150,-112.06877,33.485413
8151,8151,-111.92351,33.62336
8152,28706,-112.047104,33.530334
8153,8153,-111.72101,33.43516
8154,28706,-111.91341,33.408203
8155,28706,-111.92589,33.586834
8156,28706,-111.933624,33.655533
8157,8157,-112.16867,33.545204
8158,8158,-111.56101,33.41655
8159,28706,-112.120705,33.667572
8160,8160,-111.97775,33.49413
8161,8161,-111.98137,33.60277
8162,28706,-111.97678,33.584267
8163,8163,-111.68428,33.265472
8164,8164,-112.0648,33.47468
8165,8165,-112.047104,33.530334
8166,28706,-111.88407,33.261177
8167,28706,-111.92204,33.50143
8168,28706,-111.958885,33.34871
8169,28706,-111.938385,33.39157
8170,8170,-112.00525,33.4954
8171,30769,-111.9245,33.624264
8172,28706,-111.871216,33.433098
8173,28706,-111.978836,33.67586
8174,8174,-112.06498,33.524887
8175,8175,-112.04013,33.507454
8176,8176,-112.083115,33.49457
8177,28706,-112.03788,33.509254
8178,28706,-111.77975,33.37889
8179,8179,-112.04013,33.507454
8180,28706,-111.90788,33.522945
8181,28706,-112.08214,33.50671
8182,28706,-112.35224,33.638893
8183,28706,-112.030495,33.49422
8184,28706,-111.944756,33.421448
8185,28706,-111.88573,33.56917
8186,28706,-112.07037,33.639114
8187,28706,-111.97029,33.326355
8188,8188,-112.09457,33.636158
8189,8189,-115.176346,36.117317
8190,28706,-112.36888,33.652386
8191,28706,-111.790115,33.356728
8192,28706,-111.92241,33.49182
8193,30557,-112.06518,33.57531
8194,28706,-112.049126,33.4368
8195,28706,-115.253624,36.14308
8196,28706,-112.26204,33.53305
8197,8197,-111.91804,33.69925
8198,28706,-111.9864,33.5107
8199,28706,-115.17219,36.110775
8200,28706,-115.17767,36.10741
8201,28706,-111.860565,33.364925
8202,8202,-115.17113,36.12856
8203,8203,-111.996765,33.495117
8204,28706,-111.99634,33.50211
8205,30769,-111.7091,33.587894
8206,28706,-111.74331,33.31029
8207,28706,-111.91622,33.49664
8208,28706,-115.15979,36.11516
8209,28706,-111.92742,33.499
8210,8210,-112.02636,33.51076
8211,28706,-111.89828,33.52388
8212,28706,-112.233604,33.631218
8213,28706,-112.11058,33.71298
8214,28706,-111.96592,33.318157
8215,28706,-111.85407,33.39349
8216,8216,-112.06483,33.457333
8217,8217,-111.92791,33.624466
8218,8218,-111.924805,33.52681
8219,28706,-112.131004,33.624878
8220,28706,-112.27343,33.71064
8221,28706,-111.72084,33.306175
8222,8222,-111.979164,33.597935
8223,28706,-112.04816,33.640297
8224,28706,-112.09964,33.48989
8225,28706,-111.92462,33.64052
8226,8226,-112.01548,33.53051
8227,28706,-112.07444,33.447647
8228,28706,-111.74627,33.298714
8229,28706,-111.94822,33.83219
8230,8230,-111.997826,33.47987
8231,28706,-3.195602,55.9491
8232,28706,-111.925285,33.701267
8233,28706,-111.97562,33.675262
8234,28706,-111.9254,33.497795
8235,28706,-111.88846,33.70003
8236,28706,-111.91015,33.36143
8237,28706,-111.85296,33.731174
8238,28706,-111.715385,33.60149
8239,30769,-112.00699,33.435463
8240,28706,-112.02943,33.508713
8241,28706,-111.92489,33.62826
8242,8242,-111.94082,33.423077
8243,8243,-112.06779,33.458355
8244,8244,-112.013695,33.511284
8245,28706,-112.02943,33.508713
8246,28706,-111.842514,33.300156
8247,28706,-111.67527,33.212574
8248,28706,-112.35904,33.639153
8249,8249,-111.97461,33.678616
8250,8250,-111.88925,33.673668
8251,8251,-112.07409,33.512627
8252,30769,-115.14844,36.16738
8253,28706,-80.81543,35.062252
8254,28706,-112.03701,33.50547
8255,28706,-111.85832,33.32686
8256,8256,-111.916115,33.54898
8257,8257,-114.9926,36.01306
8258,28706,-111.98909,33.42159
8259,28706,-111.840355,33.418373
8260,28706,-111.9352,33.425014
8261,28706,-111.926636,33.498974
8262,28706,-115.22406,36.12772
8263,28706,-112.30499,33.454575
8264,28706,-112.079285,33.455036
8265,28706,-111.93152,33.493298
8266,28706,-111.88703,33.58109
8267,28706,-112.082466,33.627567
8268,28706,-111.87393,33.622734
8269,8269,-111.921684,33.582222
8270,8270,-111.95392,33.40789
8271,30769,-111.92644,33.44929
8272,28706,-111.927246,33.499924
8273,28706,-111.940285,33.4239
8274,28706,-112.21936,33.63871
8275,28706,-112.09287,33.640545
8276,8276,-112.07423,33.507328
8277,30769,-111.93051,33.49245
8278,28706,-112.07371,33.456326
8279,8279,-111.97688,33.5839
8280,30769,-112.025795,33.5093
8281,28706,-112.135994,33.56674
8282,8282,-112.0009,33.40011
8283,23074,-112.02849,33.510426
8284,28706,-111.91124,33.362206
8285,28706,-112.02849,33.510426
8286,8286,-115.16559,36.12689
8287,28706,-115.17259,36.099777
8288,8288,-112.0249,33.510975
8289,28706,-112.06481,33.5617
8290,8290,-111.94081,33.42263
8291,28706,-112.03063,33.48189
8292,8292,-111.986916,33.449505
8293,28706,-111.8575,33.26346
8294,28706,-111.92446,33.67366
8295,8295,-111.86494,33.342197
8296,28706,-111.9864,33.5107
8297,30769,-111.92796,33.49821
8298,28706,-111.98451,33.509106
8299,28706,-112.183464,33.61198
8300,28706,-111.74394,33.29779
8301,28706,-112.170494,33.567516
8302,8302,-112.06567,33.487747
8303,8303,-112.08282,33.500736
8304,28706,-115.17022,36.11236
8305,8305,-112.07086,33.457047
8306,28706,-112.28586,33.49289
8307,28706,-111.93037,33.32117
8308,28706,-111.90871,33.421734
8309,8309,-111.84085,33.28455
8310,28706,-111.929794,33.49288
8311,8311,-112.04725,33.50166
8312,8312,-111.716896,33.43614
8313,8313,-112.00319,33.317657
8314,28706,-115.173874,36.109753
8315,30557,-73.56545,45.491974
8316,28706,-112.000694,33.480747
8317,8317,-115.12063,36.10776
8318,30769,-112.11629,33.683403
8319,28706,-111.82584,33.41346
8320,28706,-111.78984,33.3546
8321,8321,-111.92355,33.623634
8322,28706,-112.06599,33.4651
8323,28706,-111.74313,33.301888
8324,8324,-111.8974,33.429398
8325,8325,-111.92644,33.529903
8326,8326,-111.94761,33.349697
8327,30769,-112.029655,33.51001
8328,8328,-111.99565,33.502758
8329,28706,-112.23968,33.609863
8330,28706,-112.04791,33.47893
8331,28706,-111.97295,33.281567
8332,8332,-112.1346,33.37891
8333,8333,-112.02884,33.447506
8334,8334,-112.029655,33.51001
8335,8335,-111.925186,33.578655
8336,8336,-111.995995,33.50922
8337,28706,-111.9759,33.495018
8338,8338,-111.92569,33.581585
8339,28706,-111.899666,33.307087
8340,28706,-112.029655,33.51001
8341,8341,-112.02123,33.496204
8342,8342,-111.918205,33.501457
8343,8343,-111.90506,33.672047
8344,8344,-111.87605,33.3627
8345,28706,-112.04001,33.505775
8346,8346,-112.065506,33.46645
8347,28706,-112.01543,33.494705
8348,28706,-111.79019,33.361027
8349,28706,-111.90805,33.480667
8350,28706,-111.94468,33.439945
8351,28706,-112.20425,33.582783
8352,28706,-111.92425,33.6249
8353,8353,-111.89124,33.318768
8354,28706,-111.8902,33.319973
8355,28706,-111.85969,33.336014
8356,30769,-111.96338,33.675327
8357,28706,-111.9871,33.509827
8358,28706,-112.08083,33.48021
8359,28706,-112.04001,33.505775
8360,28706,-111.92455,33.640553
8361,28706,-111.9102,33.48628
8362,8362,-111.80894,33.335884
8363,28706,-112.03778,33.50722
8364,28706,-112.045715,33.51041
8365,28706,-111.960266,33.480305
8366,28706,-115.169395,36.103374
8367,28706,-111.9871,33.509827
8368,28706,-111.87594,33.337257
8369,28706,-112.11067,33.640343
8370,8370,-112.06877,33.485413
8371,28706,-115.1714,36.117455
8372,8372,-111.757416,33.30427
8373,28706,-112.03778,33.50722
8374,28706,-112.26056,33.534855
8375,28706,-111.995445,33.509594
8376,28706,-111.96792,33.336803
8377,8377,-112.01495,33.494007
8378,28706,-111.78966,33.365856
8379,8379,-111.92638,33.49853
8380,28706,-112.01495,33.494007
8381,8381,-112.0013,33.49514
8382,8382,-111.938385,33.39157
8383,28706,-111.97988,33.49529
8384,28706,-112.35838,33.641026
8385,30557,-112.064354,33.50446
8386,28706,-111.94189,33.62496
8387,8387,-111.89131,33.378555
8388,28706,-112.26073,33.53095
8389,8389,-111.92875,33.623993
8390,28706,-112.12038,33.598648
8391,28706,-111.92783,33.58121
8392,28706,-89.3961,43.07357
8393,28706,-112.026474,33.510254
8394,28706,-111.93064,33.50079
8395,8395,-111.922646,33.82522
8396,8396,-112.073425,33.447334
8397,28706,-112.0395,33.50987
8398,28706,-111.91182,33.322376
8399,28706,-111.93256,33.625645
8400,28706,-115.24419,36.041836
8401,28706,-111.89477,33.627304
8402,28706,-111.842354,33.302765
8403,8403,-112.07401,33.44957
8404,28706,-111.92351,33.581493
8405,8405,-111.93192,33.50187
8406,28706,-112.00206,33.494934
8407,28706,-112.01351,33.51094
8408,8408,-111.92582,33.497734
8409,28706,-112.07228,33.45587
8410,28706,-111.93897,33.392853
8411,28706,-111.99634,33.50211
8412,28706,-111.92485,33.496483
8413,8413,-111.84237,33.303696
8414,8414,-111.92432,33.499275
8415,8415,-112.08241,33.5027
8416,8416,-112.07275,33.447258
8417,28706,-115.33407,36.145813
8418,28706,-111.89338,33.618755
8419,8419,-112.01464,33.510056
8420,8420,-111.88343,33.305298
8421,28706,-115.17124,36.11788
8422,8422,-112.02849,33.510426
8423,28706,-112.02849,33.510426
8424,28706,-111.92584,33.49162
8425,28706,-111.90865,33.42681
8426,28706,-111.9075,33.421463
8427,28706,-111.94037,33.425762
8428,8428,-111.94684,33.30385
8429,28706,-111.98909,33.42159
8430,8430,-111.929985,33.496662
8431,28706,-111.91341,33.408203
8432,28706,-112.08552,33.51139
8433,8433,-111.78883,33.30419
8434,8434,-112.0918,33.45911
8435,28706,-112.045815,33.5088
8436,8436,-111.936485,33.422974
8437,28706,-112.030495,33.49422
8438,28706,-112.03885,33.506256
8439,28706,-111.87708,33.33638
8440,28706,-111.926605,33.476547
8441,30769,-115.22587,36.055244
8442,8442,-111.968025,33.318443
8443,8443,-112.21829,33.47805
8444,28706,-111.860565,33.364925
8445,28706,-111.72263,33.451603
8446,30769,-111.93004,33.492516
8447,28706,-115.17435,36.113964
8448,28706,-112.029564,33.516068
8449,28706,-111.68226,33.46673
8450,28706,-111.9613,33.32062
8451,28706,-111.92612,33.532578
8452,28706,-111.997826,33.47987
8453,28706,-111.951614,33.421337
8454,28706,-111.83422,33.585438
8455,8455,-112.16933,33.379456
8456,8456,-112.01455,33.58315
8457,8457,-111.909386,33.485096
8458,30769,-111.92542,33.567024
8459,28706,-112.07991,33.45496
8460,28706,-112.01307,33.610554
8461,28706,-111.92476,33.492767
8462,28706,-112.074196,33.51354
8463,28706,-111.95149,33.42273
8464,28706,-111.92482,33.7001
8465,28706,-112.01661,33.4798
8466,8466,-112.07377,33.45838
8467,30769,-111.72392,33.32106
8468,28706,-112.01186,33.46604
8469,28706,-112.11289,33.70847
8470,28706,-111.98255,33.4802
8471,30769,-111.95176,33.422905
8472,28706,-112.065506,33.46645
8473,28706,-111.90506,33.672047
8474,28706,-111.90558,33.432926
8475,28706,-111.92483,33.539448
8476,8476,-111.88704,33.58017
8477,8477,-111.9235,33.625095
8478,8478,-111.9235,33.625095
8479,28706,-111.924934,33.6239
8480,30769,-112.01351,33.51094
8481,28706,-111.9276,33.498474
8482,28706,-112.03102,33.494965
8483,28706,-111.98975,33.500237
8484,28706,-111.88905,33.628826
8485,28706,-112.065636,33.44916
8486,28706,-111.90851,33.486828
8487,28706,-111.92451,33.567146
8488,28706,-112.03752,33.507538
8489,28706,-112.18334,33.539104
8490,28706,-111.92922,33.497566
8491,28706,-115.16919,36.105984
8492,8492,-111.9871,33.509827
8493,28706,-111.943306,33.42127
8494,28706,-112.27215,33.42205
8495,28706,-112.261604,33.534298
8496,28706,-111.743675,33.306835
8497,8497,-111.892075,33.622658
8498,28706,-112.07127,33.508995
8499,28706,-112.15278,33.655704
8500,28706,-112.11214,33.66497
8501,23074,-111.96063,33.64
8502,28706,-112.04876,33.465958
8503,8503,-115.17156,36.11732
8504,28706,-111.92411,33.49808
8505,28706,-111.91341,33.408203
8506,28706,-111.95513,33.349583
8507,28706,-112.02831,33.49545
8508,28706,-112.02831,33.49545
8509,30769,-115.17476,36.10803
8510,28706,-115.072075,36.07385
8511,8511,-112.235,33.634686
8512,28706,-115.17516,36.109875
8513,8513,-111.789635,33.279415
8514,8514,-115.30121,36.115658
8515,8515,-111.98333,33.34819
8516,28706,-115.16588,36.126873
8517,30769,-111.97865,33.30709
8518,28706,-111.90979,33.48124
8519,28706,-111.92638,33.49853
8520,28706,-111.97775,33.49413
8521,28706,-115.17279,36.11766
8522,28706,-112.18379,33.638405
8523,30769,-111.92358,33.491535
8524,8524,-112.35823,33.46208
8525,28706,-111.982025,33.34806
8526,28706,-112.15378,33.568226
8527,8527,-111.752884,33.37769
8528,28706,-115.20899,36.09942
8529,8529,-112.06343,33.44752
8530,30557,-112.03218,33.377945
8531,8531,-112.39205,33.60807
8532,8532,-111.85966,33.337532
8533,30769,-111.92857,33.498913
8534,8534,-115.12225,36.161324
8535,28706,-111.84193,33.31209
8536,28706,-111.91728,33.465336
8537,8537,-112.073395,33.477222
8538,8538,-112.02123,33.496204
8539,28706,-111.789856,33.356342
8540,28706,-79.98993,40.439228
8541,28706,-112.02666,33.523045
8542,8542,-112.02666,33.523045
8543,8543,-112.07217,33.455864
8544,28706,-112.01244,33.50913
8545,28706,-111.998886,33.435684
8546,30769,-111.8322,33.414814
8547,8547,-112.01311,33.58343
8548,28706,-111.988716,33.509197
8549,28706,-111.78376,33.334938
8550,28706,-112.08318,33.495403
8551,8551,-112.18358,33.611847
8552,8552,-112.0037,33.49516
8553,28706,-112.01535,33.51002
8554,28706,-111.930336,33.624638
8555,28706,-111.88672,33.57047
8556,8556,-111.89255,33.69917
8557,8557,-111.92535,33.633804
8558,28706,-112.02897,33.50945
8559,28706,-111.742744,33.29706
8560,30769,-111.92255,33.63534
8561,28706,-112.16552,33.53812
8562,28706,-112.35561,33.495285
8563,28706,-111.92505,33.625366
8564,28706,-111.920616,33.565098
8565,30769,-111.87605,33.3627
8566,28706,-115.17249,36.105267
8567,8567,-111.809586,33.31991
8568,28706,-111.9936,33.26905
8569,8569,-112.135056,33.612087
8570,8570,-111.929985,33.496662
8571,28706,-111.925575,33.564854
8572,28706,-112.022194,33.48049
8573,28706,-112.06453,33.537617
8574,28706,-112.04398,33.06986
8575,8575,-111.97928,33.49588
8576,28706,-112.388405,33.46402
8577,30769,-112.06488,33.47426
8578,28706,-111.95392,33.40789
8579,28706,-111.91266,33.362053
8580,28706,-111.99411,33.479755
8581,28706,-111.858025,33.264072
8582,28706,-111.922966,33.501312
8583,28706,-112.04816,33.640297
8584,28706,-112.03202,33.479977
8585,30769,-111.93192,33.50187
8586,8586,-112.12234,33.63971
8587,30769,-111.94353,33.62466
8588,8588,-111.926735,33.58314
8589,28706,-111.98212,33.331654
8590,28706,-112.27078,33.552307
8591,8591,-111.932106,33.50277
8592,28706,-111.84248,33.246338
8593,28706,-111.879074,33.579002
8594,8594,-112.34079,33.468014
8595,28706,-112.06535,33.519577
8596,8596,-112.01917,33.48013
8597,28706,-111.68714,33.385166
8598,28706,-112.0486,33.523712
8599,28706,-112.12435,33.666695
8600,30769,-111.89827,33.29958
8601,8601,-111.928825,33.82903
8602,28706,-112.33821,33.461754
8603,8603,-112.07427,33.447517
8604,8604,-112.34503,33.463116
8605,8605,-112.04746,33.465965
8606,28706,-111.92574,33.50658
8607,8607,-111.99968,33.43605
8608,8608,-112.15217,33.479485
8609,8609,-112.26036,33.538532
8610,8610,-112.13264,33.53884
8611,28706,-112.0143,33.496037
8612,28706,-111.99565,33.502758
8613,28706,-112.02991,33.50943
8614,28706,-115.167755,36.123943
8615,30769,-115.17462,36.142902
8616,28706,-112.38777,33.465282
8617,28706,-115.33513,36.15711
8618,30769,-115.16587,36.126877
8619,28706,-115.153145,36.114834
8620,30769,-115.132935,36.16576
8621,28706,-111.92578,33.48153
8622,30769,-115.181755,36.111107
8623,8623,-112.06518,33.57531
8624,30769,-112.117386,33.641613
8625,8625,-112.170334,33.46561
8626,28706,-111.91234,33.634113
8627,28706,-112.13459,33.595837
8628,28706,-112.01482,33.49574
8629,28706,-111.93395,33.49345
8630,28706,-111.876915,33.28959
8631,28706,-111.982864,33.637707
8632,28706,-111.71336,33.594963
8633,28706,-112.22532,33.642204
8634,28706,-112.120705,33.667572
8635,8635,-111.97295,33.281567
8636,30769,-80.018005,40.445797
8637,28706,-111.926025,33.623665
8638,28706,-111.976166,33.4794
8639,28706,-112.04079,33.50887
8640,8640,-111.9923,33.480152
8641,28706,-112.12574,33.57353
8642,28706,-112.05881,33.509678
8643,28706,-111.98907,33.59956
8644,8644,-112.016975,33.494736
8645,8645,-111.87926,33.63937
8646,28706,-111.91755,33.499786
8647,28706,-111.99398,33.479767
8648,8648,-112.016975,33.494736
8649,28706,-111.72131,33.366463
8650,8650,-111.97616,33.347683
8651,28706,-111.80509,33.384415
8652,28706,-112.03049,33.48954
8653,8653,-115.16587,36.126877
8654,28706,-111.74272,33.31082
8655,28706,-112.0755,33.495937
8656,28706,-112.39314,33.62682
8657,8657,-111.92796,33.49821
8658,28706,-112.02418,33.510033
8659,28706,-111.687454,33.233463
8660,28706,-111.98389,33.348362
8661,28706,-111.55314,33.41549
8662,28706,-111.923355,33.50174
8663,30769,-112.03884,33.506516
8664,28706,-111.906,33.542786
8665,8665,-111.49204,33.456993
8666,8666,-111.7183,33.262623
8667,8667,-111.875755,33.62114
8668,28706,-115.14259,36.142487
8669,8669,-111.72131,33.366463
8670,28706,-112.183464,33.61198
8671,8671,-112.13434,33.54151
8672,28706,-111.940254,33.425964
8673,8673,-111.77975,33.37889
8674,28706,-112.073494,33.491695
8675,8675,-111.97652,33.31724
8676,28706,-111.92796,33.490696
8677,8677,-111.89814,33.62055
8678,8678,-112.51287,33.49592
8679,28706,-111.99492,33.50903
8680,8680,-112.02418,33.510033
8681,28706,-111.9224,33.500626
8682,8682,-111.92606,33.48357
8683,8683,-112.03776,33.507843
8684,8684,-111.75456,33.38172
8685,8685,-112.25507,33.696304
8686,28706,-112.07409,33.4975
8687,8687,-111.92589,33.527847
8688,28706,-112.00052,33.495766
8689,28706,-111.96083,33.487625
8690,28706,-111.988075,33.51
8691,28706,-111.988716,33.509197
8692,8692,-111.995995,33.50922
8693,28706,-112.07377,33.45838
8694,28706,-111.94037,33.424194
8695,28706,-111.95843,33.31998
8696,28706,-112.2205,33.519882
8697,28706,-112.01417,33.511307
8698,28706,-112.07339,33.513504
8699,28706,-112.02418,33.510033
8700,8700,-111.91744,33.69869
8701,8701,-111.78983,33.354767
8702,8702,-111.921684,33.582222
8703,8703,-111.97846,33.598522
8704,8704,-111.95943,33.522007
8705,28706,-112.02418,33.510033
8706,28706,-111.94032,33.60718
8707,28706,-115.25156,36.14358
8708,28706,-111.858604,33.365883
8709,8709,-112.06483,33.457333
8710,8710,-111.97862,33.58383
8711,8711,-111.940414,33.425163
8712,30769,-115.1546,36.11997
8713,23074,-111.927246,33.499924
8714,30769,-111.92318,33.500515
8715,28706,-111.940285,33.42472
8716,8716,-111.90713,33.335182
8717,8717,-112.06384,33.517437
8718,28706,-115.17019,36.123886
8719,28706,-111.8781,33.62645
8720,28706,-112.13908,33.86405
8721,28706,-111.928024,33.624035
8722,8722,-112.11067,33.640343
8723,30769,-112.36344,33.638203
8724,28706,-111.89905,33.556004
8725,28706,-111.83895,33.415527
8726,28706,-112.01528,33.510025
8727,8727,-111.978096,33.602394
8728,28706,-111.92222,33.482235
8729,30769,-111.82936,33.584393
8730,28706,-111.78973,33.354954
8731,28706,-112.07248,33.448296
8732,8732,-112.02814,33.510223
8733,28706,-111.91648,33.64488
8734,28706,-111.93121,33.376648
8735,28706,-111.99594,33.509003
8736,28706,-111.87385,33.619835
8737,30769,-111.93744,33.423515
8738,30557,-111.99929,33.43442
8739,28706,-112.047104,33.530334
8740,8740,-111.932915,33.830177
8741,8741,-111.99634,33.50211
8742,28706,-115.16401,36.12572
8743,28706,-115.22447,36.047886
8744,30769,-112.261375,33.539352
8745,28706,-111.86598,33.42286
8746,28706,-111.99626,33.510254
8747,28706,-111.92542,33.567024
8748,8748,-111.93631,33.422318
8749,28706,-112.030495,33.49422
8750,28706,-112.05607,33.472855
8751,28706,-115.19061,36.042183
8752,28706,-111.9245,33.624264
8753,28706,-112.07052,33.436832
8754,8754,-111.99565,33.502758
8755,8755,-112.11884,33.48044
8756,30769,-111.86321,33.638275
8757,28706,-111.91492,33.421413
8758,8758,-111.84164,33.322437
8759,28706,-112.011894,33.495636
8760,28706,-112.07341,33.5137
8761,8761,-111.92227,33.584015
8762,8762,-112.03514,33.495037
8763,28706,-111.96778,33.305794
8764,28706,-112.082306,33.465755
8765,28706,-111.92595,33.422276
8766,8766,-112.006714,33.435715
8767,8767,-112.08074,33.48002
8768,8768,-112.08282,33.500736
8769,28706,-112.00331,33.4787
8770,28706,-111.941376,33.423275
8771,28706,-112.184875,33.671173
8772,8772,-112.01307,33.610554
8773,28706,-111.84031,33.33712
8774,28706,-111.92482,33.7001
8775,28706,-111.999664,33.480427
8776,8776,-111.943954,33.42853
8777,8777,-112.07379,33.435524
8778,28706,-111.92303,33.63381
8779,28706,-73.5747,45.525303
8780,28706,-115.173874,36.109753
8781,28706,-112.06723,33.457756
8782,28706,-111.73558,33.43846
8783,30769,-111.91345,33.414272
8784,28706,-111.88772,33.53841
8785,8785,-112.040085,33.46555
8786,28706,-111.789856,33.356342
8787,28706,-111.90635,33.49512
8788,28706,-112.12034,33.58081
8789,28706,-112.04739,33.4692
8790,8790,-111.93239,33.658146
8791,8791,-112.01974,33.495964
8792,28706,-111.85294,33.414787
8793,8793,-111.84111,33.363014
8794,28706,-111.97926,33.49592
8795,8795,-111.87605,33.3627
8796,28706,-112.26073,33.53095
8797,28706,-112.22394,33.637062
8798,28706,-111.90991,33.407425
8799,23817,-112.17049,33.611523
8800,28706,-111.98151,33.638596
8801,8801,-111.997826,33.47987
8802,30769,-112.13423,33.389427
8803,8803,-112.06625,33.607708
8804,8804,-111.80885,33.378555
8805,28706,-111.789665,33.305748
8806,28706,-111.92627,33.637753
8807,28706,-111.98909,33.42159
8808,28706,-111.75335,33.380646
8809,8809,-111.98137,33.60277
8810,28706,-111.92638,33.49853
8811,28706,-111.924614,33.63925
8812,8812,-111.631516,33.434883
8813,8813,-111.92625,33.617584
8814,28706,-111.85977,33.274754
8815,28706,-112.02995,33.488026
8816,8816,-111.72688,33.414944
8817,28706,-3.194447,55.94859
8818,28706,-111.963425,33.67557
8819,28706,-115.30605,36.113136
8820,28706,-111.8322,33.414814
8821,28706,-112.3619,33.63822
8822,28706,-112.72856,33.969627
8823,8823,-89.390335,43.074764
8824,28706,-111.98407,33.479664
8825,8825,-111.92351,33.62336
8826,28706,-112.18295,33.538418
8827,28706,-111.96778,33.305794
8828,28706,-112.07228,33.45587
8829,8829,-111.99656,33.509785
8830,28706,-111.753044,33.392246
8831,8831,-111.754326,33.29045
8832,28706,-111.92405,33.581863
8833,28706,-112.073425,33.447334
8834,28706,-111.97952,33.6384
8835,28706,-111.995514,33.50243
8836,28706,-112.0747,33.449833
8837,28706,-111.92592,33.45929
8838,28706,-111.98621,33.479797
8839,28706,-111.95936,33.421658
8840,8840,-112.0037,33.49516
8841,28706,-112.00525,33.4954
8842,28706,-111.98621,33.479797
8843,28706,-112.11045,33.689518
8844,8844,-111.9652,33.676052
8845,28706,-111.98427,33.480495
8846,8846,-111.93966,33.42373
8847,8847,-112.11045,33.689518
8848,30769,-112.0395,33.50987
8849,28706,-111.89182,33.62813
8850,28706,-112.082825,33.517372
8851,28706,-111.92975,33.494247
8852,8852,-115.173706,36.107292
8853,28706,-111.94025,33.423023
8854,28706,-112.06456,33.522358
8855,8855,-112.36449,33.486088
8856,8856,-112.026474,33.510254
8857,8857,-112.07358,33.448326
8858,28706,-112.01069,33.63978
8859,30557,-112.006714,33.435715
8860,28706,-111.92826,33.498917
8861,28706,-112.11395,33.713455
8862,28706,-111.97831,33.598694
8863,8863,-111.92425,33.6249
8864,28706,-112.35826,33.638195
8865,28706,-115.175804,36.09531
8866,28706,-73.577415,45.497875
8867,30769,-112.03397,33.508984
8868,8868,-80.00645,40.441727
8869,28706,-73.57089,45.513195
8870,28706,-115.174355,36.092293
8871,28706,-111.969604,33.318913
8872,8872,-111.88762,33.630013
8873,28706,-111.92741,33.496716
8874,28706,-111.92803,33.502003
8875,28706,-111.987885,33.455326
8876,28706,-111.860565,33.364925
8877,28706,-112.00361,33.494633
8878,28706,-111.948906,33.507557
8879,28706,-115.16961,36.121456
8880,28706,-111.86473,33.613514
8881,28706,-112.07391,33.506207
8882,28706,-111.92463,33.526604
8883,28706,-115.167694,36.103054
8884,8884,-111.78376,33.334938
8885,30769,-115.17262,36.12956
8886,28706,-111.92612,33.532578
8887,8887,-111.92595,33.492382
8888,28706,-111.91137,33.394413
8889,28706,-111.96909,33.50469
8890,30769,-111.93095,33.492477
8891,28706,-111.962616,33.3216
8892,8892,-111.99403,33.47977
8893,28706,-111.88762,33.630013
8894,28706,-111.7195,33.34711
8895,8895,-111.78983,33.354767
8896,12020,-111.96113,33.3924
8897,30769,-111.9161,33.419567
8898,30769,-112.03892,33.43178
8899,28706,-111.961914,33.33455
8900,28706,-111.944695,33.320206
8901,8901,-111.9855,33.47986
8902,28706,-112.04675,33.523613
8903,8903,-111.99402,33.49537
8904,28706,-111.9759,33.495018
8905,30769,-112.078766,33.50958
8906,28706,-111.92239,33.501007
8907,28706,-111.94189,33.62496
8908,9360,-111.989876,33.49498
8909,8909,-111.976166,33.4794
8910,8910,-111.976166,33.4794
8911,28706,-115.16876,36.12438
8912,30557,-115.17076,36.123367
8913,28706,-111.99831,33.30397
8914,28706,-111.893005,33.629578
8915,28706,-115.209656,36.127045
8916,8916,-89.37629,43.07975
8917,28706,-111.924934,33.6239
8918,28706,-112.0275,33.510235
8919,28706,-112.042145,33.50762
8920,28706,-111.931244,33.49337
8921,28706,-112.083694,33.469143
8922,28706,-111.969246,33.504456
8923,28706,-112.112274,33.71109
8924,28706,-111.90837,33.464348
8925,28706,-112.079285,33.455036
8926,28706,-111.92933,33.583122
8927,30769,-111.93485,33.42268
8928,28706,-111.92691,33.463375
8929,30557,-111.925186,33.578655
8930,28706,-115.17229,36.115147
8931,30769,-115.17306,36.091965
8932,28706,-111.969246,33.504456
8933,28706,-112.01183,33.509872
8934,28706,-115.17223,36.110733
8935,28706,-112.04794,33.450058
8936,30769,-115.16592,36.127518
8937,28706,-115.17141,36.11752
8938,28706,-111.906044,33.43245
8939,28706,-111.90998,33.347878
8940,28706,-112.08234,33.516464
8941,28706,-112.06483,33.457333
8942,30769,-111.92053,33.489132
8943,28706,-111.951614,33.421223
8944,8944,-111.924065,33.5797
8945,30769,-112.011894,33.495636
8946,28706,-115.17253,36.1181
8947,28706,-111.92715,33.421734
8948,30769,-111.930214,33.49377
8949,28706,-115.17781,36.093067
8950,28706,-111.91728,33.465298
8951,28706,-111.98837,33.495483
8952,28706,-111.90817,33.45781
8953,30769,-111.92796,33.49821
8954,28706,-111.939285,33.39397
8955,8955,-111.926575,33.61727
8956,30769,-115.17751,36.117035
8957,8957,-115.11716,36.014626
8958,28706,-115.16923,36.121773
8959,28706,-112.0722,33.45892
8960,8960,-111.93256,33.625645
8961,28706,-111.96468,33.321415
8962,8962,-112.01455,33.58315
8963,28706,-115.10161,35.987434
8964,8964,-111.9142,33.46483
8965,28706,-115.16879,36.122967
8966,28706,-111.99559,33.511234
8967,28706,-112.00206,33.494934
8968,28706,-112.07397,33.513077
8969,28706,-111.787735,33.391663
8970,28706,-111.88792,33.601974
8971,28706,-111.88075,33.55738
8972,8972,-111.91909,33.500965
8973,28706,-111.92992,33.6555
8974,28706,-89.39336,43.07273
8975,28706,-112.06899,33.45917
8976,28706,-115.1068,36.071945
8977,28706,-111.92655,33.506542
8978,28706,-111.99575,33.50231
8979,28706,-111.842026,33.302025
8980,28706,-111.92632,33.494377
8981,23608,-111.90979,33.48124
8982,28706,-112.06779,33.458355
8983,28706,-112.02907,33.508533
8984,28706,-111.92718,33.499454
8985,28706,-111.97988,33.30578
8986,28706,-111.926315,33.616474
8987,8987,-112.171936,33.638557
8988,28706,-111.716896,33.43614
8989,28706,-115.17106,36.12008
8990,30769,-111.9871,33.509827
8991,28706,-111.86623,33.436886
8992,28706,-111.96778,33.305794
8993,30769,-112.00084,33.495724
8994,28706,-112.16724,33.638756
8995,28706,-111.793655,33.4159
8996,8996,-111.944756,33.421448
8997,28706,-112.35925,33.507866
8998,28706,-111.97688,33.583424
8999,28706,-112.065636,33.44916
9000,28706,-111.92625,33.617584
9001,28706,-111.74018,33.378
9002,28706,-111.789856,33.356342
9003,28706,-111.91341,33.408203
9004,9004,-111.960266,33.480305
9005,9005,-111.99865,33.495285
9006,9006,-112.07908,33.49112
9007,28706,-111.84763,33.378475
9008,28706,-111.92529,33.478733
9009,9009,-112.234535,33.635315
9010,28706,-111.99583,33.44388
9011,9011,-111.91585,33.697605
9012,30769,-112.07411,33.450554
9013,28706,-111.92018,33.636566
9014,28706,-112.04673,33.523743
9015,28706,-111.929985,33.496662
9016,28706,-112.19603,33.63862
9017,28706,-111.92645,33.49157
9018,9018,-112.07397,33.513077
9019,28706,-111.98934,33.494595
9020,28706,-112.07409,33.4975
9021,28706,-111.98028,33.494682
9022,28706,-112.04739,33.4692
9023,28706,-111.84203,33.2455
9024,28706,-111.98617,33.510483
9025,28706,-111.96242,33.335423
9026,28706,-111.89905,33.556004
9027,9027,-112.03147,33.48778
9028,28706,-111.684975,33.436657
9029,9029,-112.18295,33.538418
9030,30769,-111.92944,33.319275
9031,9031,-111.92531,33.526226
9032,28706,-111.927216,33.5314
9033,28706,-111.92736,33.583176
9034,28706,-111.97128,33.6758
9035,9035,-111.99575,33.50231
9036,9036,-111.95149,33.42273
9037,9037,-111.99575,33.50231
9038,28706,-111.92753,33.49919
9039,28706,-111.89049,33.67213
9040,9040,-115.17652,36.11301
9041,28706,-112.11214,33.66497
9042,28706,-111.91492,33.421413
9043,28706,-111.988716,33.509197
9044,28706,-111.92696,33.448082
9045,9045,-112.07991,33.45496
9046,9046,-112.117546,33.79725
9047,28706,-112.02636,33.51076
9048,28706,-111.92039,33.53925
9049,9049,-111.92632,33.494377
9050,9050,-111.983925,33.477665
9051,28706,-111.8795,33.581333
9052,28706,-112.06877,33.485413
9053,28706,-111.9413,33.426643
9054,28706,-112.06453,33.531372
9055,28706,-111.89497,33.582962
9056,28706,-111.99634,33.50211
9057,28706,-111.9864,33.5107
9058,28706,-111.89771,33.61893
9059,28706,-112.72899,33.969063
9060,28706,-111.92318,33.699768
9061,28706,-115.33383,36.15735
9062,28706,-89.37679,43.083786
9063,9063,-115.19496,36.114685
9064,28706,-111.91804,33.69925
9065,28706,-111.92968,33.502594
9066,28706,-112.078156,33.458477
9067,9067,-115.13609,36.01191
9068,28706,-111.74331,33.31029
9069,28706,-111.92293,33.492752
9070,28706,-111.87536,33.27677
9071,28706,-111.925255,33.508804
9072,28706,-111.716896,33.43614
9073,28706,-111.920334,33.49871
9074,28706,-111.90577,33.414867
9075,28706,-111.92835,33.500664
9076,28706,-111.875755,33.62114
9077,9077,-112.01528,33.510025
9078,30557,-111.87572,33.27626
9079,28706,-111.92902,33.50251
9080,9080,-111.92542,33.567024
9081,28706,-111.93998,33.399914
9082,28706,-111.92857,33.498913
9083,28706,-111.99634,33.50211
9084,28706,-112.07285,33.449226
9085,28706,-111.682594,33.466854
9086,28706,-111.875145,33.39427
9087,28706,-111.92555,33.492203
9088,28706,-111.83974,33.4261
9089,28706,-111.90991,33.407425
9090,28706,-112.22554,33.6416
9091,28706,-111.9652,33.676052
9092,28706,-112.027885,33.377113
9093,9093,-111.911224,33.629837
9094,28706,-111.88075,33.55738
9095,9095,-111.92612,33.532578
9096,28706,-111.926506,33.496647
9097,28706,-112.044914,33.510166
9098,28706,-111.93942,33.424335
9099,28706,-111.84085,33.28455
9100,28706,-111.92476,33.492767
9101,28706,-112.006714,33.435715
9102,9102,-112.08337,33.49963
9103,30769,-111.85783,33.26396
9104,28706,-111.92019,33.466217
9105,28706,-111.910545,33.36135
9106,28706,-111.978096,33.602394
9107,13375,-111.979546,33.640232
9108,28706,-112.11021,33.48096
9109,28706,-111.91156,33.394314
9110,9110,-111.85843,33.337612
9111,28706,-111.88664,33.652416
9112,28706,-112.0404,33.509445
9113,9113,-111.92589,33.586834
9114,28706,-111.91268,33.320995
9115,30769,-111.793655,33.4159
9116,9116,-112.07341,33.5137
9117,30769,-111.929985,33.496662
9118,28706,-111.92239,33.501007
9119,28706,-112.11054,33.64068
9120,28706,-111.92628,33.528217
9121,28706,-112.08227,33.4657
9122,9122,-112.07156,33.457054
9123,9123,-111.930214,33.49377
9124,9124,-112.07086,33.457047
9125,28706,-111.74266,33.3004
9126,28706,-111.79821,33.422718
9127,30769,-112.07421,33.489048
9128,9128,-111.860214,33.274822
9129,28706,-115.204056,36.12628
9130,28706,-112.11092,33.71298
9131,28706,-111.92582,33.497734
9132,9132,-112.03514,33.495037
9133,28706,-111.99634,33.50211
9134,28706,-112.073875,33.446995
9135,28706,-111.89351,33.627815
9136,9136,-111.841156,33.31183
9137,28706,-112.07127,33.508995
9138,28706,-112.04794,33.525883
9139,28706,-111.92657,33.499386
9140,28706,-112.0013,33.49514
9141,9141,-112.11762,33.524418
9142,28706,-112.074196,33.51354
9143,28706,-111.97926,33.49592
9144,28706,-111.752716,33.29151
9145,28706,-112.21724,33.638668
9146,28706,-111.928635,33.495102
9147,9147,-111.91585,33.697605
9148,28706,-112.04598,33.430363
9149,9149,-111.9766,33.585606
9150,28706,-115.13808,36.167904
9151,28706,-112.00319,33.317657
9152,28706,-112.04708,33.52443
9153,28706,-111.92595,33.422276
9154,28706,-111.93744,33.423515
9155,30557,-111.92448,33.62557
9156,28706,-111.75499,33.351376
9157,9157,-115.20955,36.12644
9158,28706,-112.135056,33.612087
9159,9159,-111.99634,33.50211
9160,28706,-111.92612,33.532578
9161,28706,-112.114784,33.715424
9162,28706,-111.995995,33.50922
9163,28706,-111.92555,33.564976
9164,28706,-115.17089,36.11006
9165,23074,-112.038826,33.506462
9166,30769,-111.93321,33.652534
9167,28706,-111.87624,33.554436
9168,9168,-111.99634,33.50211
9169,28706,-111.91693,33.42156
9170,9170,-111.9451,33.46208
9171,28706,-111.988716,33.509197
9172,28706,-111.99492,33.50903
9173,28706,-111.84483,33.33605
9174,28706,-111.931244,33.49337
9175,28706,-111.97842,33.62365
9176,28706,-112.07371,33.456326
9177,28706,-111.93395,33.49345
9178,9178,-111.88728,33.306297
9179,30769,-112.05881,33.509678
9180,9180,-111.962555,33.33564
9181,9181,-111.87743,33.393486
9182,28706,-111.89946,33.557293
9183,28706,-111.92796,33.490696
9184,28706,-111.98451,33.509106
9185,28706,-112.04698,33.524635
9186,9186,-111.97865,33.30709
9187,28706,-111.92644,33.529903
9188,9188,-111.99634,33.50211
9189,28706,-112.01548,33.542732
9190,9190,-111.92667,33.48332
9191,9191,-112.38717,33.63924
9192,28706,-111.960266,33.480305
9193,28706,-111.9692,33.31819
9194,28706,-89.38207,43.07572
9195,9195,-112.18295,33.538418
9196,28706,-112.124596,33.666637
9197,28706,-111.85499,33.62719
9198,9198,-112.013725,33.585438
9199,9199,-111.98135,33.597363
9200,28706,-112.04086,33.431583
9201,28706,-111.97811,33.59784
9202,28706,-112.03639,33.605927
9203,9203,-111.99634,33.50211
9204,28706,-111.89333,33.62839
9205,28706,-112.26056,33.534855
9206,9206,-112.073395,33.477222
9207,28706,-115.29857,36.07719
9208,9208,-111.88762,33.630013
9209,28706,-111.966606,33.67681
9210,28706,-111.93192,33.50187
9211,28706,-112.073875,33.446995
9212,30769,-112.12234,33.63971
9213,28706,-111.9796,33.331047
9214,28706,-112.07405,33.44995
9215,9215,-112.13265,33.655247
9216,9216,-112.1503,33.523617
9217,28706,-111.99511,33.494488
9218,28706,-115.17154,36.048992
9219,28706,-112.07358,33.442486
9220,28706,-111.99634,33.50211
9221,28706,-111.926735,33.657112
9222,28706,-111.923874,33.613426
9223,28706,-112.09668,33.67647
9224,28706,-111.94996,33.451237
9225,28706,-111.96633,33.32061
9226,28706,-111.85499,33.62719
9227,9227,-111.98983,33.49462
9228,28706,-111.89754,33.621906
9229,28620,-111.99634,33.50211
9230,28706,-111.93526,33.425156
9231,28706,-112.04751,33.52433
9232,30769,-115.16146,36.14413
9233,30769,-79.956856,40.44166
9234,28706,-111.988716,33.509197
9235,28706,-111.92485,33.700066
9236,28706,-111.99565,33.502758
9237,28706,-111.980995,33.419838
9238,28706,-112.090485,33.458668
9239,28706,-80.944466,35.22019
9240,28706,-112.33902,33.453484
9241,30769,-111.92917,33.36505
9242,9242,-115.333176,36.15008
9243,9243,-111.929794,33.49288
9244,28706,-111.94378,33.31869
9245,28706,-112.16568,33.611366
9246,28706,-111.925545,33.47541
9247,28706,-115.17322,36.109215
9248,28706,-111.988716,33.509197
9249,30769,-111.930336,33.497192
9250,9250,-111.908585,33.39378
9251,28706,-80.86115,35.209026
9252,9252,-111.79096,33.340397
9253,9253,-111.6692,33.30979
9254,28706,-111.68464,33.395008
9255,9255,-112.501656,33.60324
9256,28706,-111.68264,33.467793
9257,28706,-111.93644,33.37779
9258,28706,-111.9689,33.317406
9259,28706,-115.174545,36.10238
9260,28706,-112.08873,33.50919
9261,28706,-111.9198,33.375698
9262,28706,-80.80546,35.247375
9263,28706,-111.924164,33.539463
9264,9264,-111.831474,33.415382
9265,28706,-111.92411,33.49808
9266,28706,-112.0664,33.56792
9267,9267,-111.927,33.474373
9268,28706,-112.08225,33.516342
9269,28706,-111.99243,33.48073
9270,9270,-111.97886,33.508366
9271,28706,-112.10023,33.626423
9272,28706,-112.073425,33.447334
9273,28706,-111.9261,33.611904
9274,28706,-115.17234,36.110107
9275,28706,-112.09243,33.683323
9276,28706,-112.07401,33.45038
9277,9277,-111.9796,33.331047
9278,9278,-112.07127,33.508995
9279,9279,-111.92414,33.6247
9280,9280,-112.01226,33.49492
9281,9281,-112.27332,33.464325
9282,28706,-112.01226,33.49492
9283,28706,-111.92725,33.530674
9284,28706,-115.17601,36.104332
9285,9285,-111.789406,33.343132
9286,9286,-111.92575,33.479183
9287,9287,-111.9947,33.494644
9288,28706,-111.89122,33.6281
9289,28706,-111.89623,33.62662
9290,30769,-111.92548,33.50108
9291,9291,-111.86623,33.436886
9292,9292,-115.16597,36.127857
9293,9293,-112.073494,33.491695
9294,28706,-111.98613,33.51063
9295,28706,-111.92645,33.497555
9296,28706,-111.97308,33.52883
9297,9297,-111.93004,33.492516
9298,28706,-111.908585,33.39378
9299,9299,-112.03013,33.674347
9300,30769,-111.97858,33.677853
9301,30769,-112.200554,33.670937
9302,28706,-112.07217,33.45746
9303,9303,-111.98983,33.49462
9304,28706,-111.92415,33.50155
9305,28706,-112.02849,33.510426
9306,28706,-112.240456,33.581093
9307,28706,-111.928185,33.501774
9308,28706,-111.77341,33.29329
9309,9309,-111.93976,33.421757
9310,28706,-112.01163,33.480865
9311,28706,-111.86569,33.53887
9312,28706,-111.68492,33.436592
9313,28706,-112.07409,33.4975
9314,28706,-111.88572,33.65305
9315,28706,-112.008316,33.641834
9316,30769,-111.92358,33.491535
9317,30769,-112.09243,33.683323
9318,9318,-111.99402,33.49537
9319,28706,-115.30428,36.19106
9320,9320,-111.989876,33.49498
9321,9321,-111.75538,33.363773
9322,9322,-111.89827,33.29958
9323,28706,-111.78898,33.28172
9324,28706,-112.14925,34.048668
9325,9325,-111.97843,33.305737
9326,28706,-112.13458,33.627308
9327,28706,-111.92592,33.416245
9328,28706,-111.83481,33.585255
9329,28706,-112.04634,33.510323
9330,9330,-112.00845,33.581757
9331,28706,-111.79526,33.32913
9332,28706,-115.17419,36.110485
9333,28706,-111.9259,33.4943
9334,28706,-111.85788,33.384735
9335,9335,-111.92555,33.564976
9336,28706,-112.06628,33.58545
9337,9337,-112.184326,33.539227
9338,28706,-111.97926,33.49592
9339,9339,-112.18518,33.611202
9340,28706,-112.067,33.508987
9341,28706,-111.906586,33.46613
9342,28706,-111.978065,33.602856
9343,28706,-115.14624,36.171215
9344,28706,-111.94167,33.463852
9345,28706,-112.07401,33.505856
9346,28706,-111.955215,33.83297
9347,9347,-111.77134,33.33696
9348,28706,-112.02123,33.496204
9349,9349,-111.91178,33.364212
9350,28706,-112.18295,33.538418
9351,28706,-111.958885,33.34871
9352,9352,-111.92637,33.62349
9353,9353,-111.80768,33.392765
9354,28706,-111.87236,33.540802
9355,28706,-111.92638,33.49853
9356,9356,-111.98028,33.494682
9357,28706,-111.842255,33.302425
9358,28706,-111.85537,33.390446
9359,28706,-112.02615,33.439648
9360,9360,-111.977776,33.33193
9361,9361,-111.98137,33.60277
9362,28706,-111.87686,33.54105
9363,28706,-112.1528,33.49591
9364,9364,-112.00749,33.47992
9365,9365,-111.8916,33.627735
9366,9366,-112.12142,33.60954
9367,28706,-111.71935,33.450123
9368,28706,-111.92367,33.53918
9369,28706,-111.926506,33.496647
9370,28706,-111.90713,33.432552
9371,9371,-111.988716,33.509197
9372,30769,-111.960266,33.480305
9373,9373,-112.01342,33.51104
9374,9374,-112.07134,33.637074
9375,28706,-111.92659,33.472366
9376,9376,-112.06877,33.485413
9377,28706,-112.06567,33.487747
9378,9378,-111.91382,33.494644
9379,30769,-80.87523,35.15337
9380,9380,-111.99021,33.494743
9381,9381,-112.003845,33.48072
9382,28706,-112.01056,33.480934
9383,9383,-111.99911,33.48077
9384,9384,-112.09956,33.53881
9385,28706,-111.99911,33.48077
9386,28706,-112.10023,33.626423
9387,28706,-112.07379,33.435524
9388,9388,-111.9259,33.585285
9389,28706,-111.84169,33.3019
9390,9390,-111.92034,33.49875
9391,9391,-115.28773,36.290314
9392,9392,-111.9947,33.494644
9393,28706,-112.00178,33.4948
9394,28706,-111.8758,33.41271
9395,28706,-111.92512,33.32141
9396,9396,-112.261986,33.534485
9397,9397,-112.03013,33.674347
9398,28706,-111.90197,33.306137
9399,28706,-112.26047,33.535076
9400,30557,-3.2078898,55.950645
9401,30769,-111.92427,33.492287
9402,28706,-111.87953,33.581432
9403,28706,-111.9223,33.493946
9404,9404,-111.92685,33.48692
9405,28706,-111.92433,33.49471
9406,30769,-115.15126,36.1089
9407,28706,-111.99129,33.751526
9408,9408,-112.072395,33.448742
9409,9409,-115.17204,36.10654
9410,28706,-111.95375,33.407803
9411,28706,-111.790016,33.35597
9412,9412,-111.73494,33.322815
9413,9413,-111.92791,33.624466
9414,28706,-111.92857,33.498913
9415,9415,-111.928185,33.501774
9416,28706,-111.92857,33.498913
9417,9417,-112.126755,33.79975
9418,28706,-112.06281,33.60756
9419,9419,-112.03864,33.59605
9420,28706,-112.006714,33.435715
9421,9421,-111.97608,33.63894
9422,28706,-112.11646,33.560856
9423,9423,-111.92621,33.53352
9424,9424,-112.06704,33.641712
9425,9425,-111.9257,33.58142
9426,28706,-112.35567,33.607586
9427,9427,-112.36504,33.638195
9428,30769,-111.940254,33.424503
9429,28706,-112.049126,33.4368
9430,30769,-112.029884,33.47132
9431,28706,-112.05353,33.552837
9432,28706,-111.722404,33.306927
9433,30769,-111.63487,33.24821
9434,28706,-111.92555,33.492203
9435,9435,-112.12843,33.799152
9436,30557,-112.3577,33.537685
9437,28706,-112.165565,33.611652
9438,28706,-112.17051,33.377495
9439,30769,-112.047264,33.641346
9440,28706,-112.365524,33.638176
9441,28706,-112.11618,33.665955
9442,9442,-112.047714,33.449528
9443,28706,-112.11618,33.665955
9444,28706,-89.457886,43.014973
9445,28706,-112.04715,33.524593
9446,28706,-112.05806,33.550854
9447,9447,-111.92355,33.623634
9448,28706,-111.87708,33.33638
9449,9449,-112.05606,33.472824
9450,28706,-112.067,33.508987
9451,9451,-112.19062,33.638363
9452,9452,-112.35913,33.61018
9453,28706,-111.98212,33.331654
9454,9454,-111.97,33.45
9455,9455,-111.92471,33.421352
9456,30769,-111.97838,33.627045
9457,28706,-112.06544,33.595097
9458,28706,-111.964485,33.38312
9459,9459,-112.03788,33.509254
9460,28706,-111.91341,33.408203
9461,28706,-115.170906,36.103455
9462,9462,-112.06567,33.487747
9463,28706,-112.24136,33.581886
9464,28706,-111.933624,33.655533
9465,28706,-112.37687,33.6589
9466,9466,-111.92615,33.625362
9467,28706,-111.98044,33.331882
9468,28706,-111.99538,33.44852
9469,30769,-111.995926,33.466976
9470,28706,-111.85958,33.335857
9471,9471,-111.918686,33.566635
9472,28706,-115.167,36.12617
9473,9473,-112.06544,33.595097
9474,28706,-111.88893,33.700867
9475,9475,-112.358826,33.46646
9476,9476,-112.02982,33.376976
9477,9477,-112.260765,33.53295
9478,9478,-111.92445,33.539402
9479,9479,-112.06483,33.457333
9480,28706,-112.047966,33.53905
9481,9481,-112.03529,33.596844
9482,28706,-115.17893,36.14386
9483,28706,-111.80628,33.384315
9484,28706,-111.79003,33.393818
9485,28706,-111.921486,33.6365
9486,28706,-111.92566,33.51083
9487,9487,-112.18817,33.662697
9488,28706,-112.01307,33.610554
9489,28706,-111.908516,33.5381
9490,9490,-111.92656,33.485966
9491,28706,-111.97952,33.6384
9492,28706,-111.98135,33.597363
9493,9493,-112.06567,33.487747
9494,9494,-111.91088,33.479633
9495,28706,-111.97,33.45
9496,9496,-112.07409,33.4975
9497,9497,-111.98048,33.596786
9498,28706,-111.93631,33.422318
9499,28706,-111.91906,33.50137
9500,9500,-111.78926,33.355484
9501,9501,-115.1929,36.116634
9502,28706,-112.04808,33.538925
9503,28706,-111.87247,33.378014
9504,28706,-112.02995,33.488026
9505,9505,-112.05806,33.550854
9506,28706,-112.04317,33.54533
9507,28706,-112.2877,33.564358
9508,9508,-111.97931,33.675674
9509,9509,-112.239525,33.61008
9510,9510,-112.04317,33.54533
9511,28706,-112.22505,33.634254
9512,28706,-112.04317,33.54533
9513,28706,-111.92018,33.636566
9514,9514,-112.07747,33.459015
9515,9515,-112.06516,33.519554
9516,28706,-111.929794,33.49288
9517,28706,-112.127106,33.581795
9518,28706,-111.92586,33.529114
9519,28706,-112.179955,33.639374
9520,28706,-112.03855,33.59989
9521,30769,-111.611404,33.54463
9522,9522,-112.355484,33.494
9523,28706,-111.789276,33.355034
9524,28706,-112.06096,33.50953
9525,9525,-112.06421,33.594894
9526,28706,-115.172554,36.115673
9527,30769,-112.06421,33.594894
9528,28706,-112.12003,33.64044
9529,30769,-111.94081,33.42263
9530,28706,-111.927,33.474373
9531,9531,-111.92106,33.636818
9532,28706,-112.171936,33.638557
9533,28706,-111.78966,33.365856
9534,28706,-115.09606,36.00499
9535,28706,-111.89933,33.30706
9536,30557,-111.95493,33.407665
9537,30769,-115.18939,36.11789
9538,9538,-112.00109,33.495476
9539,28706,-80.010475,40.45343
9540,28706,-111.71788,33.62312
9541,9541,-111.92796,33.465588
9542,9542,-112.0482,33.510174
9543,9543,-111.795456,33.280125
9544,28706,-111.96613,33.684566
9545,28706,-112.03839,33.507893
9546,28706,-111.917984,33.565014
9547,28706,-115.10041,36.07238
9548,9548,-111.92993,33.350018
9549,28706,-112.22069,33.5948
9550,9550,-112.07228,33.45587
9551,9551,-111.92708,33.508694
9552,28706,-111.9245,33.539223
9553,9553,-112.18817,33.662697
9554,28706,-79.984215,40.451656
9555,9555,-112.015465,33.65563
9556,9556,-112.15383,33.567833
9557,23074,-111.913475,33.334187
9558,28706,-111.92485,33.700066
9559,9559,-111.92644,33.529903
9560,28706,-112.21995,33.639614
9561,28706,-111.9013,33.349308
9562,28706,-111.89351,33.627815
9563,9563,-111.941376,33.423275
9564,28706,-112.06544,33.595097
9565,28706,-112.273315,33.708637
9566,28706,-112.37166,33.465446
9567,28706,-112.07565,33.48025
9568,28706,-112.127,33.581833
9569,28706,-112.17426,33.63955
9570,9570,-112.10115,33.554585
9571,28706,-111.99968,33.43605
9572,9572,-112.07714,33.479996
9573,30769,-73.57233,45.50463
9574,9574,-111.92589,33.586834
9575,28706,-111.909645,33.40716
9576,9576,-112.00845,33.581757
9577,28706,-112.039185,33.59596
9578,28706,-112.36525,33.638256
9579,9579,-111.9261,33.611904
9580,28706,-112.066925,33.639965
9581,28706,-112.0656,33.458927
9582,28706,-112.01307,33.610554
9583,9583,-112.14925,34.048668
9584,28706,-112.010895,33.481
9585,28706,-112.111664,33.64012
9586,28706,-112.11634,33.68425
9587,30769,-111.74314,33.30051
9588,28706,-111.92578,33.5786
9589,30557,-112.04693,33.54658
9590,28706,-112.012,33.655567
9591,28706,-112.09298,33.52231
9592,9592,-115.20142,36.12633
9593,28706,-111.97678,33.584267
9594,28706,-111.97851,33.60259
9595,28706,-112.241264,33.63681
9596,28706,-111.929985,33.496662
9597,9597,-111.88525,33.580948
9598,9598,-112.05607,33.55307
9599,28706,-111.92644,33.529903
9600,9600,-112.12063,33.59619
9601,28706,-111.9013,33.349308
9602,28706,-111.806076,33.33379
9603,28620,-112.04733,33.641117
9604,9604,-112.03788,33.509254
9605,9605,-111.952576,33.44665
9606,28706,-115.11793,36.01752
9607,9607,-111.97952,33.6384
9608,28706,-112.156845,33.451126
9609,30769,-111.79045,33.27883
9610,9610,-111.90859,33.406624
9611,30557,-111.92836,33.362873
9612,9612,-111.87926,33.63937
9613,9613,-111.7212,33.3666
9614,28706,-111.877106,33.337326
9615,28706,-112.06892,33.640152
9616,9616,-112.0739,33.500202
9617,9617,-112.134186,33.51087
9618,28706,-112.13857,33.86563
9619,9619,-115.242714,36.036674
9620,9620,-112.09911,33.612164
9621,9621,-112.07948,33.480724
9622,28706,-112.04708,33.52443
9623,28706,-111.911224,33.36343
9624,28706,-112.0686,33.640186
9625,9625,-111.95392,33.40789
9626,9626,-112.11646,33.560856
9627,9627,-112.0362,33.596832
9628,9628,-112.06947,33.641808
9629,9629,-111.96083,33.487625
9630,9630,-112.06947,33.641808
9631,28706,-111.97784,33.678036
9632,9632,-112.10031,33.496075
9633,9633,-112.0482,33.510174
9634,30769,-112.06606,33.639057
9635,9635,-111.92106,33.636818
9636,28706,-111.9787,33.678043
9637,9637,-112.06696,33.608948
9638,30769,-111.87236,33.540802
9639,28706,-112.05345,33.55313
9640,9640,-112.00214,33.43737
9641,28706,-112.06845,33.637367
9642,28706,-112.01189,33.655605
9643,9643,-112.18482,33.65357
9644,30557,-111.92591,33.4991
9645,28706,-3.1883864,55.95711
9646,9646,-112.07492,33.483
9647,30769,-112.10023,33.626423
9648,28706,-112.073975,33.506508
9649,28706,-111.860565,33.364925
9650,28706,-112.18469,33.609394
9651,9651,-111.908455,33.481705
9652,9652,-111.976906,33.612934
9653,28706,-112.04733,33.641117
9654,9654,-111.944756,33.34875
9655,28706,-112.121895,33.670223
9656,9656,-111.997826,33.47987
9657,28706,-112.07397,33.513077
9658,28706,-112.06947,33.641808
9659,28706,-112.18759,33.66274
9660,9660,-111.9272,33.60663
9661,28706,-111.93051,33.49245
9662,28706,-112.04746,33.465965
9663,28706,-112.22413,33.638615
9664,9664,-111.92478,33.68526
9665,9665,-112.07908,33.49112
9666,9666,-111.97119,33.67655
9667,28706,-111.92914,33.654854
9668,9668,-112.06563,33.44938
9669,28706,-111.92796,33.49821
9670,28706,-112.06704,33.641712
9671,28706,-112.04733,33.641117
9672,28706,-112.06617,33.626057
9673,28706,-112.0135,33.583496
9674,28706,-111.97678,33.675884
9675,9675,-112.10023,33.626423
9676,9676,-111.97862,33.58383
9677,9677,-111.99851,33.61113
9678,28706,-112.011635,33.628117
9679,28706,-112.14982,33.640068
9680,9680,-111.84038,33.418816
9681,28706,-112.00837,33.418617
9682,28706,-112.06638,33.62716
9683,9683,-112.01186,33.46604
9684,28706,-111.97608,33.63894
9685,28706,-112.06475,33.6402
9686,28706,-112.09927,33.612328
9687,28706,-112.0817,33.655106
9688,28706,-112.03125,33.649235
9689,30769,-112.00845,33.581757
9690,9690,-112.130005,33.800488
9691,28706,-111.976555,33.677334
9692,9692,-111.93035,33.62459
9693,28706,-111.931946,33.65794
9694,28706,-112.26105,33.533955
9695,28706,-112.00319,33.317657
9696,28706,-112.04715,33.524593
9697,28706,-112.07308,33.56747
9698,28706,-112.06614,33.639084
9699,28706,-112.06281,33.60756
9700,9700,-112.08199,33.50551
9701,28706,-111.924385,33.53924
9702,28706,-111.97956,33.742207
9703,28706,-112.07127,33.63668
9704,9704,-111.92796,33.465588
9705,9705,-112.06618,33.62766
9706,9706,-111.92641,33.655567
9707,9707,-112.358765,33.507095
9708,9708,-112.21981,33.639004
9709,9709,-112.11054,33.64068
9710,28706,-111.92305,33.501965
9711,9711,-112.153206,33.639908
9712,9712,-112.12234,33.58052
9713,28706,-112.06296,33.656124
9714,9714,-112.142,33.698986
9715,28706,-111.9923,33.480152
9716,9716,-112.01175,33.62692
9717,28706,-111.90898,33.319977
9718,9718,-111.9864,33.5107
9719,9719,-112.082466,33.627567
9720,9720,-112.049126,33.4368
9721,28706,-111.92469,33.53949
9722,28706,-112.074684,33.509563
9723,28706,-111.97811,33.59784
9724,30557,-89.27767,43.18911
9725,28706,-115.17582,36.11773
9726,28706,-112.047264,33.641346
9727,23074,-112.08225,33.516342
9728,9728,-112.11092,33.71298
9729,28706,-111.98934,33.494595
9730,28706,-111.97768,33.44657
9731,9731,-112.07134,33.637074
9732,28706,-112.27433,33.637077
9733,28706,-111.74095,33.379765
9734,9734,-112.07156,33.457054
9735,9735,-111.92796,33.49821
9736,30769,-115.145645,36.124844
9737,28706,-111.88172,33.63924
9738,28706,-112.02249,33.40667
9739,28706,-111.924065,33.5797
9740,28706,-111.90459,33.62201
9741,28706,-111.87926,33.63937
9742,28706,-111.924385,33.53924
9743,28706,-112.11646,33.560856
9744,28706,-111.97203,33.37641
9745,9745,-112.18721,33.566982
9746,9746,-111.85294,33.414787
9747,28706,-111.8859,33.545685
9748,28706,-115.191826,36.144268
9749,28706,-112.047264,33.641346
9750,28706,-111.923256,33.58223
9751,9751,-112.25428,33.580444
9752,28706,-112.06363,33.6561
9753,9753,-111.92655,33.506542
9754,9754,-112.05956,33.563686
9755,28706,-111.925064,33.61855
9756,28706,-112.047264,33.641346
9757,28706,-111.921936,33.500736
9758,28706,-112.16118,33.567795
9759,28706,-112.04716,33.524086
9760,28706,-111.908295,33.431396
9761,28706,-111.99531,33.596703
9762,30769,-111.9326,33.658665
9763,30769,-112.06836,33.457863
9764,28706,-112.27619,33.71298
9765,9765,-111.95392,33.40789
9766,9766,-112.13486,33.472248
9767,9767,-112.38765,33.464397
9768,28706,-111.9309,33.58303
9769,28706,-112.0365,33.602707
9770,9770,-112.34554,33.463787
9771,28706,-112.15378,33.568226
9772,28706,-112.06543,33.56062
9773,28706,-111.858604,33.746117
9774,9774,-112.184845,33.652966
9775,9775,-112.01237,33.582172
9776,28706,-111.90941,33.454285
9777,9777,-112.13459,33.595837
9778,28706,-112.23991,33.68106
9779,28706,-111.82907,33.451485
9780,9780,-112.03013,33.674347
9781,28706,-112.13369,33.583336
9782,28706,-112.152145,33.578148
9783,28706,-111.92469,33.53949
9784,28706,-111.976555,33.677334
9785,28706,-112.04816,33.640297
9786,28706,-112.0792,33.49111
9787,28706,-112.04816,33.640297
9788,9788,-112.12003,33.64044
9789,28706,-112.09668,33.67647
9790,28706,-111.92663,33.610058
9791,9791,-112.13487,33.46435
9792,28706,-112.06424,33.63899
9793,9793,-111.67886,33.583057
9794,9794,-111.8577,33.388374
9795,28706,-111.91341,33.408203
9796,28706,-112.07184,33.639156
9797,9797,-111.80885,33.378555
9798,28706,-112.22219,33.59478
9799,28706,-111.911125,33.510513
9800,9800,-111.908585,33.39378
9801,28706,-112.03015,33.674606
9802,9802,-112.06238,33.637684
9803,28706,-111.927124,33.459255
9804,9804,-112.0741,33.506855
9805,9805,-112.01175,33.58193
9806,28706,-111.92697,33.462616
9807,28706,-111.87686,33.54105
9808,28706,-111.92365,33.625546
9809,28706,-112.06281,33.60756
9810,28706,-111.87686,33.54105
9811,28706,-111.928185,33.58243
9812,28706,-111.92604,33.656635
9813,9813,-111.97839,33.303967
9814,28706,-115.333855,36.155964
9815,30769,-111.92306,33.50165
9816,9816,-112.04791,33.47893
9817,30769,-112.07991,33.45496
9818,9818,-112.03035,33.627975
9819,30769,-112.18756,33.62579
9820,28706,-112.04751,33.52433
9821,28706,-111.92489,33.62826
9822,28706,-112.063774,33.65361
9823,28706,-112.18494,33.636703
9824,9824,-115.15387,36.110085
9825,9825,-112.252396,33.639862
9826,28706,-111.90516,33.431896
9827,28706,-112.0178,33.64111
9828,30769,-111.551094,33.412388
9829,28706,-111.9766,33.585606
9830,28706,-111.92695,33.580814
9831,28706,-111.91769,33.49328
9832,28706,-112.07669,33.451775
9833,9833,-111.94097,33.412544
9834,9834,-112.01963,33.640244
9835,28706,-112.01307,33.610554
9836,28706,-111.981476,33.599133
9837,28706,-115.29794,36.106503
9838,28706,-111.92107,33.634945
9839,9839,-111.94167,33.463852
9840,28706,-111.976906,33.612934
9841,28706,-111.88892,33.56866
9842,28706,-111.978455,33.62746
9843,9843,-112.07449,33.509724
9844,9844,-112.00478,33.63258
9845,28706,-111.928185,33.501774
9846,28706,-112.411354,33.550407
9847,30557,-111.99538,33.44852
9848,28706,-111.89859,33.490013
9849,9849,-111.627,33.249195
9850,9850,-111.82382,33.334602
9851,28706,-111.99159,33.49524
9852,9852,-111.89698,33.62367
9853,9853,-111.92992,33.6555
9854,9854,-112.01339,33.58001
9855,28706,-112.082214,33.495155
9856,28706,-111.947525,33.407562
9857,28706,-111.855576,33.626987
9858,28706,-111.929924,33.349712
9859,9859,-112.0135,33.583496
9860,9860,-112.00717,33.435467
9861,28706,-112.27196,33.552067
9862,9862,-111.982765,33.60154
9863,28706,-111.98909,33.42159
9864,30557,-111.922424,33.637104
9865,28706,-112.03788,33.509254
9866,9866,-111.92663,33.610058
9867,9867,-111.92373,33.635464
9868,28706,-111.88603,33.577606
9869,28706,-111.89997,33.4276
9870,9870,-112.00845,33.581757
9871,28706,-115.16923,36.121773
9872,28706,-112.09156,33.459133
9873,28706,-111.94182,33.625153
9874,28706,-111.966606,33.67681
9875,9875,-111.97119,33.67655
9876,28706,-111.99224,33.30574
9877,9877,-111.883736,33.583702
9878,28706,-112.11395,33.713455
9879,9879,-111.989876,33.49498
9880,9880,-112.01175,33.62692
9881,9881,-111.9258,33.49911
9882,9882,-111.98808,33.60215
9883,28706,-111.96535,33.67539
9884,9884,-111.92409,33.579124
9885,9885,-112.18902,33.639168
9886,28706,-115.20848,36.07308
9887,28706,-111.96338,33.675327
9888,28706,-111.98954,33.600517
9889,9889,-111.87686,33.54105
9890,28706,-112.27248,33.458225
9891,9891,-111.89754,33.621906
9892,9892,-112.064095,33.5219
9893,28706,-112.278114,33.465
9894,28706,-111.92037,33.500896
9895,9895,-112.0305,33.678318
9896,9896,-115.1613,36.138298
9897,28706,-112.06518,33.57531
9898,28706,-111.875916,33.276257
9899,9899,-111.95243,33.506767
9900,28706,-112.074036,33.448376
9901,28706,-112.01449,33.624733
9902,28706,-111.91804,33.69925
9903,28706,-112.18469,33.639122
9904,9904,-111.97858,33.677853
9905,28706,-111.92525,33.618355
9906,28706,-112.0275,33.510235
9907,28706,-112.07409,33.4975
9908,28706,-111.96684,33.305733
9909,9909,-112.013145,33.628334
9910,28706,-112.07233,33.456696
9911,28706,-111.888374,33.581944
9912,9912,-111.9224,33.500626
9913,28706,-111.99566,33.639885
9914,9914,-111.97608,33.63894
9915,9915,-111.9784,33.627247
9916,28706,-111.97976,33.58406
9917,9917,-111.8917,33.62489
9918,9918,-111.91851,33.41533
9919,9919,-112.07176,33.44931
9920,28706,-111.980064,33.674736
9921,28706,-112.06543,33.469967
9922,9922,-111.95768,33.42806
9923,9923,-111.92397,33.634453
9924,28706,-112.01493,33.6102
9925,28706,-111.932915,33.830177
9926,9926,-112.151955,33.581566
9927,9927,-112.23757,33.633236
9928,28706,-115.17332,36.10583
9929,9929,-111.97826,33.639782
9930,28706,-112.06779,33.458355
9931,28706,-111.925766,33.623943
9932,28706,-111.924286,33.624977
9933,28706,-112.06456,33.522358
9934,9934,-112.35902,33.636826
9935,28706,-112.114784,33.715424
9936,28706,-111.96636,33.676544
9937,9937,-111.97846,33.598522
9938,28706,-111.988,33.60147
9939,9939,-112.22299,33.63776
9940,28706,-112.10402,33.68399
9941,9941,-111.74385,33.307648
9942,28706,-112.140915,33.69879
9943,28706,-111.89814,33.62055
9944,28706,-112.02991,33.5019
9945,28706,-112.117386,33.641613
9946,9946,-112.074036,33.448376
9947,28706,-112.0135,33.583496
9948,28706,-111.9759,33.62559
9949,28706,-115.164635,36.15917
9950,28706,-115.13761,36.10351
9951,9951,-112.261375,33.539352
9952,28706,-111.98907,33.59956
9953,28706,-111.787636,33.36449
9954,28706,-112.065636,33.44916
9955,9955,-112.071495,33.458748
9956,9956,-111.976555,33.677334
9957,9957,-111.986916,33.449505
9958,9958,-112.03529,33.596844
9959,28706,-111.98907,33.59956
9960,28706,-112.07375,33.565098
9961,28706,-111.98137,33.60277
9962,28706,-115.1694,35.96543
9963,28706,-111.71793,33.43734
9964,30769,-111.89904,33.55519
9965,9965,-111.92492,33.62348
9966,28706,-111.87236,33.540802
9967,9967,-111.99403,33.47977
9968,9968,-111.97678,33.584267
9969,28706,-111.78984,33.3546
9970,9970,-111.995346,33.627346
9971,28706,-111.87926,33.63937
9972,28706,-112.3355,33.460354
9973,28706,-111.925064,33.61855
9974,28706,-111.91835,33.636208
9975,28706,-112.039185,33.59596
9976,28706,-111.925156,33.623657
9977,30769,-111.928055,33.58307
9978,28706,-112.07339,33.513504
9979,28706,-111.93152,33.493298
9980,28706,-111.97952,33.6384
9981,28706,-112.0737,33.44718
9982,28706,-111.99566,33.639885
9983,28706,-111.97843,33.305737
9984,28706,-111.90614,33.671265
9985,28706,-111.97686,33.613007
9986,28706,-111.9759,33.495018
9987,28706,-112.23536,33.6341
9988,28706,-112.222336,33.63779
9989,9989,-111.9263,33.654716
9990,9990,-112.07232,33.457657
9991,28706,-111.98719,33.599327
9992,9992,-111.98486,33.595367
9993,9993,-115.16522,36.099003
9994,28706,-111.98568,33.59621
9995,28706,-115.17119,36.12122
9996,9996,-111.925415,33.587128
9997,28706,-112.17426,33.63955
9998,28706,-112.03639,33.605927
9999,9999,-112.00105,33.64008
10000,28706,-111.978226,33.675297
10001,28706,-111.91631,33.451744
10002,10002,-112.07432,33.45969
10003,28706,-111.925964,33.648922
10004,28706,-111.978455,33.62746
10005,28706,-112.03776,33.507843
10006,10006,-111.94668,33.421616
10007,10007,-112.01307,33.610554
10008,28706,-111.958,33.348164
10009,30769,-115.15323,36.042797
10010,30769,-111.92699,33.363747
10011,28706,-111.936,33.41438
10012,28706,-111.91348,33.41466
10013,10013,-111.97913,33.79848
10014,10014,-111.947525,33.407562
10015,28706,-115.145645,36.124844
10016,28706,-112.10022,33.641655
10017,28706,-111.943306,33.42127
10018,28706,-112.012115,33.62723
10019,10019,-111.98137,33.60277
10020,30769,-111.99634,33.61077
10021,28706,-112.09243,33.683323
10022,30769,-111.988716,33.509197
10023,28706,-111.52829,33.43119
10024,28706,-111.95036,33.4216
10025,28706,-111.99634,33.61077
10026,28706,-111.99634,33.61077
10027,10027,-115.24814,36.195267
10028,28706,-111.978355,33.628124
10029,28706,-111.98355,33.599277
10030,10030,-112.03595,33.596226
10031,10031,-111.92775,33.492905
10032,30557,-111.97811,33.59784
10033,28706,-111.9235,33.625095
10034,28706,-111.97862,33.58383
10035,30769,-112.07686,33.48855
10036,10036,-112.03019,33.67107
10037,28706,-115.1639,36.06017
10038,28706,-111.9787,33.678043
10039,28706,-112.06836,33.457863
10040,10040,-111.92762,33.493763
10041,28706,-111.9254,33.566956
10042,28706,-111.97119,33.67655
10043,28706,-112.36145,33.658234
10044,10044,-112.073425,33.447334
10045,28706,-111.924934,33.6239
10046,10046,-111.891785,33.623486
10047,28706,-115.174355,36.092293
10048,10048,-112.038826,33.506462
10049,28706,-112.1183,33.58187
10050,28706,-115.1726,36.101814
10051,28706,-112.20105,33.713615
10052,28706,-111.76328,33.45083
10053,30557,-111.79062,33.333027
10054,10054,-112.00478,33.63258
10055,11406,-111.926056,33.434616
10056,11406,-115.28973,36.1641
10057,30557,-111.91029,33.321354
10058,28706,-111.92638,33.49853
10059,28706,-115.17259,36.112953
10060,28706,-111.98334,33.59918
10061,10061,-111.89195,33.582314
10062,10062,-112.06483,33.457333
10063,10063,-111.875755,33.62114
10064,28706,-112.071434,33.44589
10065,10065,-111.79242,33.33658
10066,10066,-112.120384,33.66752
10067,28706,-112.03013,33.674347
10068,10068,-112.03013,33.678993
10069,28706,-111.97308,33.52883
10070,28706,-111.88741,33.629776
10071,10071,-111.92589,33.586834
10072,28706,-111.9168,33.421745
10073,10073,-111.97632,33.612
10074,10074,-112.013855,33.63044
10075,28706,-111.98849,33.45545
10076,28706,-111.84253,33.303234
10077,10077,-111.9267,33.581894
10078,10078,-111.925415,33.587128
10079,10079,-111.925156,33.623657
10080,30557,-112.03397,33.508984
10081,28706,-112.02951,33.39999
10082,28706,-111.92448,33.62557
10083,28706,-111.906044,33.43245
10084,28706,-111.864815,33.614304
10085,28706,-111.97998,33.592804
10086,28706,-111.97844,33.624424
10087,10087,-112.26204,33.53305
10088,28706,-111.937874,33.6769
10089,10089,-111.99478,33.626686
10090,10090,-112.07409,33.512627
10091,10091,-111.922646,33.82522
10092,28706,-111.97865,33.60038
10093,10093,-111.9283,33.502007
10094,10094,-111.98907,33.59956
10095,28706,-111.9704,33.30582
10096,28706,-111.73239,33.258827
10097,28706,-111.978226,33.675297
10098,28706,-111.92351,33.581493
10099,28706,-112.044914,33.510166
10100,30769,-111.978226,33.675297
10101,10101,-112.06349,33.60628
10102,28706,-111.8802,33.581043
10103,10103,-112.06567,33.487747
10104,10104,-111.74018,33.470615
10105,30557,-111.918686,33.566635
10106,10106,-112.014145,33.613106
10107,28706,-111.964485,33.38312
10108,28706,-111.976906,33.612934
10109,28706,-111.92933,33.319374
10110,28706,-111.982765,33.60154
10111,10111,-112.36578,33.486824
10112,10112,-112.22394,33.637062
10113,28706,-111.90853,33.480732
10114,10114,-111.93512,33.483368
10115,28706,-112.01189,33.655605
10116,30769,-112.16724,33.638756
10117,28706,-111.875755,33.62114
10118,10118,-112.04847,33.52394
10119,10119,-111.85832,33.32686
10120,28706,-112.01233,33.612293
10121,10121,-112.340385,33.45372
10122,30769,-111.978355,33.628124
10123,28706,-111.891396,33.639652
10124,10124,-112.01418,33.596596
10125,10125,-112.09865,33.509674
10126,10126,-112.06551,33.576332
10127,10127,-111.922646,33.82522
10128,28706,-111.72131,33.366463
10129,28706,-112.07375,33.565098
10130,10130,-112.07427,33.447517
10131,28706,-111.925316,33.577934
10132,28706,-111.926025,33.623665
10133,10133,-115.15421,36.119675
10134,28706,-111.93498,33.480534
10135,10135,-111.95986,33.347137
10136,28706,-111.93962,33.42344
10137,10137,-112.20145,33.637093
10138,10138,-111.94858,33.832657
10139,10139,-112.15237,33.570454
10140,28706,-111.94329,33.421608
10141,28706,-115.090195,36.116203
10142,10142,-115.13952,36.169872
10143,30769,-115.16876,36.12438
10144,28706,-111.92559,33.51006
10145,10145,-111.944756,33.421448
10146,28706,-115.140465,36.16794
10147,28706,-115.17153,36.117573
10148,28706,-115.11901,36.23865
10149,10149,-111.95176,33.422905
10150,10150,-112.20527,33.459717
10151,10151,-112.11111,33.711292
10152,10152,-112.06899,33.45917
10153,28706,-112.07966,33.445744
10154,28706,-112.073425,33.447334
10155,10155,-111.78514,33.334938
10156,28706,-111.940254,33.425964
10157,28706,-112.07472,33.463173
10158,10158,-112.355965,33.641495
10159,10159,-111.85595,33.725967
10160,10160,-111.88511,33.53767
10161,28706,-111.77975,33.37889
10162,10162,-111.752884,33.37769
10163,28706,-111.90851,33.486828
10164,28706,-111.886246,33.65137
10165,30769,-111.89235,33.30773
10166,28706,-115.19878,36.099304
10167,28706,-111.95375,33.407803
10168,28706,-112.04739,33.4692
10169,28706,-112.08277,33.45884
10170,28706,-111.93395,33.49345
10171,28706,-111.94475,33.421658
10172,28706,-111.9263,33.497417
10173,28706,-111.95895,33.343147
10174,28706,-112.222336,33.63779
10175,28706,-111.94043,33.42665
10176,23817,-112.07565,33.48025
10177,28706,-115.13643,36.108112
10178,28706,-112.127106,33.581795
10179,28706,-111.84179,33.415424
10180,28706,-111.842255,33.302425
10181,28706,-112.002304,33.694828
10182,28706,-111.92697,33.462616
10183,28706,-111.89158,33.628574
10184,28706,-112.18157,33.539257
10185,30769,-111.92053,33.489132
10186,28706,-111.96154,33.31921
10187,28706,-111.944756,33.421448
10188,28706,-111.756996,33.26218
10189,28706,-112.07802,33.46546
10190,28706,-111.80594,33.33377
10191,30769,-111.63411,33.250214
10192,28706,-115.20247,36.144047
10193,30769,-112.05608,33.431557
10194,28706,-111.899925,33.297394
10195,28706,-112.05608,33.431557
10196,28706,-111.7567,33.291313
10197,28706,-112.05608,33.431557
10198,28706,-115.30971,36.11463
10199,28706,-111.91612,33.4083
10200,10200,-111.92637,33.500492
10201,28706,-111.86773,33.43473
10202,28706,-112.05608,33.431557
10203,10203,-111.96894,33.420433
10204,10204,-111.84179,33.415424
10205,28706,-111.8905,33.320286
10206,28706,-111.88658,33.421803
10207,28706,-111.685936,33.465904
10208,28706,-112.0404,33.509445
10209,28706,-112.019775,33.495438
10210,28706,-111.922775,33.50169
10211,28706,-111.77165,33.406406
10212,28706,-112.391754,33.62338
10213,10213,-111.752594,33.39309
10214,28706,-115.17618,36.115856
10215,28706,-112.07476,33.50723
10216,10216,-112.05694,33.436794
10217,28706,-112.06476,33.4713
10218,28706,-112.07248,33.448296
10219,10219,-112.06555,33.488495
10220,28706,-111.90788,33.522945
10221,10221,-111.92706,33.30481
10222,10222,-111.790245,33.279526
10223,28706,-112.14925,34.048668
10224,28706,-111.86092,33.336273
10225,28706,-112.04716,33.524086
10226,10226,-111.63411,33.250214
10227,10227,-111.88332,33.583534
10228,28706,-111.928185,33.501774
10229,28706,-111.92482,33.7001
10230,28706,-111.98769,33.449287
10231,28706,-115.1568,36.10315
10232,28706,-111.92555,33.492203
10233,28706,-112.09909,33.552475
10234,28706,-111.97988,33.30578
10235,28706,-111.93685,33.42355
10236,10236,-111.90811,33.406574
10237,10237,-111.74318,33.383457
10238,28706,-111.84763,33.378475
10239,28706,-111.6692,33.30979
10240,28706,-111.790115,33.356728
10241,28706,-111.75614,33.36745
10242,28706,-111.75604,33.37859
10243,28706,-111.97681,33.378315
10244,10244,-111.842354,33.302902
10245,10245,-111.940254,33.424503
10246,28706,-111.96778,33.305794
10247,30557,-115.17375,36.103863
10248,28706,-112.23156,33.63774
10249,28706,-115.17581,36.08995
10250,30769,-115.17618,36.115856
10251,28706,-112.04086,33.431583
10252,30769,-111.89219,33.62283
10253,28706,-112.24006,33.611202
10254,10254,-111.92796,33.490696
10255,28706,-112.27959,33.464706
10256,28706,-112.18452,33.569023
10257,28706,-111.85926,33.319534
10258,28706,-111.8859,33.545685
10259,28706,-112.07291,33.44691
10260,28706,-112.072395,33.448742
10261,28706,-111.89853,33.301712
10262,28706,-112.012634,33.448505
10263,28706,-111.949,33.3781
10264,10264,-112.012634,33.448505
10265,30557,-112.170334,33.46561
10266,30769,-73.56912,45.496006
10267,30769,-115.17781,36.093067
10268,28706,-115.280014,36.056793
10269,30769,-115.173515,36.103
10270,30769,-112.098,33.4482
10271,30769,-115.164345,36.06004
10272,30769,-111.949165,33.34961
10273,28706,-111.75256,33.28687
10274,30769,-115.172554,36.115673
10275,28706,-112.036964,33.60594
10276,28706,-115.17106,36.11242
10277,28706,-111.92226,33.379604
10278,30769,-112.02814,33.510223
10279,30769,-115.15112,36.086338
10280,30557,-115.14214,36.17187
10281,28706,-111.79094,33.379986
10282,30769,-115.13759,36.14262
10283,30769,-111.68624,33.34225
10284,30769,-111.93881,33.426064
10285,30769,-112.073425,33.447334
10286,28706,-115.17784,36.092987
10287,28706,-111.86027,33.262383
10288,28706,-111.68492,33.436592
10289,30769,-115.17253,36.10185
10290,30769,-115.13567,36.176983
10291,28706,-112.26275,33.527668
10292,28706,-115.148766,36.0867
10293,30769,-111.92857,33.498913
10294,28706,-112.006714,33.435715
10295,30769,-73.558716,45.500843
10296,30769,-112.006714,33.435715
10297,28706,-115.15421,36.119675
10298,28706,-89.36402,43.111313
10299,10299,-115.14556,36.172424
10300,30769,-81.0058,35.272568
10301,30769,-112.036964,33.60594
10302,28706,-80.944466,35.22019
10303,28706,-115.176704,36.09028
10304,28706,-112.20449,33.49598
10305,30769,-115.15112,36.086338
10306,28706,-115.17581,36.08995
10307,28706,-115.17103,36.099377
10308,28706,-112.07669,33.451775
10309,28706,-111.924286,33.624977
10310,30769,-111.85726,33.409737
10311,28706,-111.9276,33.498474
10312,30769,-115.17315,36.10988
10313,30769,-115.17413,36.109634
10314,28706,-115.20888,36.09506
10315,28706,-111.93395,33.49345
10316,28706,-80.86122,35.21396
10317,28706,-115.175804,36.09531
10318,28706,-73.607735,45.53625
10319,28706,-115.17435,36.113964
10320,10320,-3.1824346,55.950832
10321,28706,-112.04086,33.431583
10322,30769,-115.17179,36.1112
10323,28706,-111.90967,33.37872
10324,28706,-115.15387,36.110085
10325,28706,-111.940254,33.425964
10326,28706,-112.26605,33.53391
10327,28706,-115.173004,36.08616
10328,28706,-112.41492,33.62566
10329,28706,-115.17086,36.10993
10330,28706,-115.137505,36.08225
10331,28706,-112.006714,33.435715
10332,28706,-111.78669,33.392567
10333,28706,-111.89814,33.62055
10334,28706,-112.362564,33.63822
10335,28706,-115.17704,36.10762
10336,28706,-111.92566,33.51083
10337,28706,-111.87502,33.276276
10338,28706,-111.99783,33.437214
10339,30769,-115.16961,36.121456
10340,28706,-115.16363,36.13698
10341,28706,-115.242485,36.146217
10342,28706,-115.17483,36.13367
10343,23608,-111.96063,33.64
10344,28706,-111.91064,33.37077
10345,10345,-111.923294,33.50128
10346,28706,-115.17593,36.068153
10347,28706,-115.17538,36.09194
10348,30769,-115.11803,36.02843
10349,10349,-111.99783,33.437214
10350,30769,-111.991516,33.26663
10351,28706,-115.224075,36.12743
10352,28706,-115.15112,36.086338
10353,28706,-111.85686,33.423595
10354,30769,-112.006714,33.435715
10355,30769,-115.1359,36.133198
10356,30769,-112.115364,33.552773
10357,28706,-112.006714,33.435715
10358,28706,-112.07275,33.447258
10359,28706,-115.21254,36.074673
10360,28706,-111.9104,33.361336
10361,30769,-115.17601,36.104332
10362,28706,-115.16456,36.131496
10363,28706,-112.23695,33.627163
10364,28706,-111.92398,33.550922
10365,30769,-115.17143,36.110447
10366,28706,-111.72112,33.36568
10367,28706,-112.07232,33.457657
10368,28706,-115.17087,36.10242
10369,28706,-111.92585,33.31924
10370,30769,-115.177,36.11199
10371,28706,-111.91026,33.39371
10372,30769,-112.006714,33.435715
10373,28706,-112.04086,33.431583
10374,28706,-115.293,36.160576
10375,28706,-111.75335,33.380646
10376,28706,-111.7212,33.3666
10377,28706,-115.280426,36.056282
10378,28706,-115.17234,36.110107
10379,30769,-80.832275,35.155388
10380,28706,-111.93828,33.392776
10381,28706,-115.136215,36.103954
10382,28706,-115.15475,36.12697
10383,28706,-115.180664,36.291985
10384,30769,-115.17087,36.10242
10385,30769,-111.99899,33.436527
10386,28706,-115.186485,36.1187
10387,28706,-115.17613,36.092182
10388,28706,-112.006714,33.435715
10389,28706,-111.944046,33.436962
10390,30769,-115.17259,36.112953
10391,28706,-115.07972,36.180275
10392,28706,-115.2924,36.157043
10393,28706,-115.20974,36.114937
10394,28706,-80.002335,40.4438
10395,28706,-111.918686,33.566635
10396,30769,-112.006714,33.435715
10397,28706,-111.92942,33.50284
10398,28706,-115.25931,36.191574
10399,28706,-115.297485,36.11145
10400,28706,-115.176315,36.109913
10401,28706,-111.841156,33.31183
10402,28706,-111.97839,33.303967
10403,28706,-115.17306,36.091965
10404,28706,-115.17459,36.112022
10405,28706,-111.90998,33.347878
10406,28706,-115.17849,36.10924
10407,28706,-115.19528,36.11444
10408,28706,-111.96635,33.31977
10409,28706,-115.20575,36.279865
10410,28706,-115.17641,36.11316
10411,28706,-111.88846,33.70003
10412,28706,-115.13902,36.088516
10413,28706,-111.91728,33.465336
10414,23817,-115.15112,36.086338
10415,28706,-89.452484,43.074177
10416,28706,-115.17089,36.11006
10417,30769,-115.164635,36.15917
10418,28706,-115.17333,36.119556
10419,10419,-112.116196,33.575203
10420,30769,-89.361435,43.085674
10421,30769,-115.17602,36.094254
10422,28706,-115.1873,36.11812
10423,28706,-112.006714,33.435715
10424,10424,-111.953674,33.42176
10425,30769,-115.172295,36.127068
10426,28706,-111.790375,33.260693
10427,30769,-115.31454,36.10593
10428,28706,-111.941376,33.423275
10429,30769,-115.17516,36.091866
10430,10430,-111.68714,33.385166
10431,10431,-111.91763,33.494164
10432,28706,-115.13567,36.176983
10433,28706,-112.006714,33.435715
10434,28706,-115.17618,36.115856
10435,10435,-112.13178,33.626698
10436,28706,-115.17496,36.121323
10437,28706,-115.19397,36.12618
10438,28706,-111.78678,33.450356
10439,28706,-115.15421,36.118145
10440,30769,-3.20841,55.93657
10441,30557,-111.92177,33.636818
10442,28706,-115.176315,36.109913
10443,28706,-111.92942,33.50284
10444,28706,-111.90513,33.41494
10445,28706,-112.006714,33.435715
10446,28706,-111.9409,33.424564
10447,30557,-111.924446,33.526966
10448,10448,-115.1779,36.11717
10449,28706,-111.891785,33.623486
10450,30769,-111.87686,33.54105
10451,28706,-112.35612,33.636974
10452,30769,-111.922874,33.463078
10453,28706,-111.99434,33.43419
10454,28706,-111.93881,33.426064
10455,28706,-115.15112,36.086338
10456,28706,-111.75252,33.30684
10457,28706,-111.91717,33.63596
10458,28706,-89.36432,43.083252
10459,28706,-115.19397,36.12618
10460,28706,-115.176155,36.09279
10461,28706,-115.17593,36.068153
10462,28706,-112.23345,33.634666
10463,28706,-112.04001,33.505775
10464,30769,-115.2858,36.158028
10465,10465,-111.892395,33.582485
10466,30769,-115.171776,36.102093
10467,28706,-80.839645,35.15207
10468,28706,-111.918205,33.501457
10469,28706,-115.15112,36.086338
10470,28706,-112.36344,33.638203
10471,28706,-112.02123,33.496204
10472,28706,-115.240265,36.19804
10473,28706,-115.17684,36.1206
10474,28706,-111.63555,33.377388
10475,28706,-115.17234,36.110107
10476,28706,-112.114784,33.715424
10477,10477,-112.01307,33.610554
10478,28706,-112.07379,33.435524
10479,10479,-111.841156,33.29266
10480,28706,-111.92448,33.62557
10481,28706,-115.05399,36.036213
10482,30769,-112.006714,33.435715
10483,30769,-115.16363,36.13698
10484,28706,-111.89652,33.305275
10485,28706,-115.20198,36.10272
10486,28706,-112.18518,33.611202
10487,10487,-111.9267,33.413124
10488,28706,-115.14639,36.081303
10489,28706,-112.006714,33.435715
10490,30769,-112.18789,33.666695
10491,28706,-111.892395,33.582485
10492,10492,-111.92621,33.53352
10493,28706,-115.17275,36.106205
10494,28706,-111.92589,33.586834
10495,30557,-111.87926,33.63937
10496,28706,-111.7922,33.276756
10497,28706,-112.336426,33.61057
10498,28706,-112.000565,33.433685
10499,28706,-111.90545,33.432915
10500,10500,-111.7922,33.276756
10501,30769,-89.34674,43.134033
10502,28706,-111.99968,33.43605
10503,28706,-115.172424,36.101204
10504,10504,-111.89253,33.69909
10505,28706,-115.11952,36.01592
10506,28706,-111.92562,33.493855
10507,28706,-111.88075,33.55738
10508,28706,-111.791626,33.235634
10509,28706,-112.006714,33.435715
10510,28706,-111.99411,33.479755
10511,28706,-115.167755,36.123943
10512,30557,-111.9259,33.585285
10513,28706,-115.18646,36.11876
10514,30557,-112.006714,33.435715
10515,28706,-115.16427,36.059887
10516,28706,-115.17829,36.119133
10517,28706,-115.169754,36.102917
10518,10518,-115.33387,36.152832
10519,28706,-112.006714,33.435715
10520,28706,-112.07285,33.449226
10521,28706,-112.11646,33.560856
10522,28706,-112.006714,33.435715
10523,28706,-115.16858,36.123478
10524,28706,-73.575935,45.5022
10525,28706,-111.995705,33.63991
10526,28706,-115.16818,36.117462
10527,30769,-89.36432,43.083252
10528,28706,-111.96597,33.380142
10529,28706,-112.135994,33.56674
10530,28706,-111.90446,33.433537
10531,28706,-115.176414,36.092564
10532,28706,-112.136734,33.391064
10533,28706,-111.957985,33.40045
10534,28706,-112.10023,33.626423
10535,28706,-112.006714,33.435715
10536,10536,-111.868645,33.393227
10537,28706,-115.28992,36.160503
10538,28706,-112.006714,33.435715
10539,28706,-112.006714,33.435715
10540,28706,-111.92454,33.530727
10541,28706,-111.99899,33.436527
10542,30769,-112.006714,33.435715
10543,28706,-115.16923,36.121773
10544,28706,-115.17089,36.114025
10545,28706,-112.006714,33.435715
10546,28706,-111.88343,33.305298
10547,28706,-111.84298,33.60665
10548,10548,-112.006714,33.435715
10549,28706,-111.97838,33.627045
10550,28706,-115.16938,36.12179
10551,10551,-112.16333,33.318974
10552,30769,-115.174416,36.127724
10553,28706,-111.91804,33.69925
10554,30769,-111.997826,33.43523
10555,28706,-112.006714,33.435715
10556,28706,-112.006714,33.435715
10557,28706,-115.17858,36.106277
10558,28706,-111.92707,33.43693
10559,30769,-111.78991,33.355118
10560,28706,-112.080894,33.47994
10561,10561,-111.63411,33.250214
10562,28706,-111.97858,33.677853
10563,10563,-111.874146,33.31923
10564,28706,-111.96338,33.675327
10565,10565,-111.858406,33.320225
10566,10566,-111.93121,33.376648
10567,28706,-111.92651,33.47167
10568,28706,-112.10129,33.678238
10569,28706,-111.932274,33.65684
10570,10570,-111.99583,33.44388
10571,28706,-111.76328,33.45083
10572,28706,-112.20556,33.66659
10573,10573,-111.94031,33.423107
10574,10574,-111.9288,33.49526
10575,28706,-111.87572,33.27626
10576,28706,-73.6028,45.47854
10577,28706,-115.17712,36.13198
10578,28706,-115.17557,36.118473
10579,28706,-111.92579,33.42361
10580,28706,-111.875916,33.276257
10581,28706,-115.13664,36.11486
10582,28706,-111.874825,33.3346
10583,10583,-111.9075,33.421463
10584,28706,-112.15278,33.655704
10585,28706,-111.97094,33.403538
10586,28706,-111.84253,33.303234
10587,28706,-111.68691,33.232372
10588,28706,-115.24186,36.062195
10589,10589,-111.96175,33.40655
10590,28706,-111.859726,33.339962
10591,10591,-111.936615,33.37798
10592,10592,-111.98597,33.44858
10593,10593,-112.03147,33.48778
10594,30769,-112.04096,33.431335
10595,30769,-111.96897,33.378757
10596,28706,-111.93472,33.42403
10597,28706,-111.92495,33.492466
10598,10598,-111.66938,33.388798
10599,28706,-111.89312,33.306385
10600,28706,-115.17086,36.10993
10601,28706,-111.92445,33.539402
10602,28706,-111.95943,33.522007
10603,28706,-111.75418,33.385548
10604,28706,-111.92535,33.633804
10605,28706,-112.06498,33.524887
10606,28706,-111.86972,33.5409
10607,28706,-111.92269,33.500526
10608,28706,-111.9011,33.34931
10609,28706,-111.909775,33.41427
10610,28706,-112.02884,33.447506
10611,28706,-112.08711,33.45496
10612,28706,-115.13637,36.145214
10613,10613,-111.742386,33.301224
10614,28706,-112.23156,33.63774
10615,28706,-111.89016,33.56907
10616,10616,-111.927,33.474373
10617,28706,-111.98476,33.44567
10618,28706,-111.888626,33.675133
10619,28706,-115.13567,36.176983
10620,28706,-111.90296,33.43214
10621,28706,-111.943146,33.38021
10622,28706,-111.99446,33.434063
10623,10623,-111.97988,33.30578
10624,10624,-112.10483,33.712284
10625,28706,-111.831474,33.415382
10626,28706,-111.92584,33.49162
10627,28706,-111.88324,33.583565
10628,28706,-111.874306,33.31953
10629,28706,-112.09457,33.636158
10630,28706,-111.93966,33.42373
10631,30769,-115.16146,36.14413
10632,10632,-111.90999,33.350185
10633,28706,-115.173775,36.090916
10634,28706,-112.26605,33.53391
10635,28706,-111.742516,33.31984
10636,10636,-111.926025,33.623665
10637,10637,-111.9198,33.375698
10638,10638,-112.03558,33.509747
10639,10639,-112.115814,33.56101
10640,10640,-112.118774,33.572517
10641,10641,-111.96473,33.340286
10642,10642,-111.78991,33.355118
10643,28706,-111.91622,33.49664
10644,10644,-111.93145,33.494205
10645,28706,-112.261795,33.53378
10646,10646,-112.122604,33.581367
10647,28706,-111.80486,33.33455
10648,28706,-112.011116,33.378845
10649,28706,-111.87581,33.321728
10650,10650,-111.917816,33.49919
10651,28706,-111.938225,33.378216
10652,10652,-111.888626,33.675133
10653,28706,-111.88911,33.30665
10654,28706,-112.056656,33.30509
10655,28706,-111.943306,33.42127
10656,28706,-111.96644,33.37798
10657,28706,-111.93621,33.378216
10658,28706,-111.842514,33.300156
10659,28706,-111.94031,33.423107
10660,28706,-111.94026,33.83301
10661,10661,-111.92555,33.492203
10662,10662,-111.92328,33.676228
10663,10663,-112.23992,33.595974
10664,28706,-112.07409,33.512627
10665,28706,-111.97,33.45
10666,10666,-111.96375,33.31742
10667,28706,-111.99478,33.337704
10668,28706,-112.119194,33.60981
10669,10669,-111.754906,33.3078
10670,10670,-111.717804,33.234596
10671,10671,-111.91175,33.366447
10672,28706,-112.0135,33.583496
10673,10673,-111.923134,33.825676
10674,28706,-111.97,33.45
10675,10675,-111.97,33.45
10676,28706,-111.875786,33.36281
10677,28706,-111.743095,33.301903
10678,28706,-111.689964,33.385593
10679,28706,-111.92688,33.500206
10680,10680,-112.16784,33.61331
10681,28706,-111.807144,33.333275
10682,28706,-111.93084,33.439484
10683,28706,-112.28051,33.46678
10684,28706,-111.92857,33.498913
10685,10685,-112.2494,33.388824
10686,30769,-112.01323,33.47383
10687,28706,-111.91631,33.451744
10688,28706,-112.09144,33.45804
10689,10689,-112.044304,33.40682
10690,30769,-115.171776,36.102093
10691,10691,-112.0536,33.426933
10692,28706,-112.02401,33.392956
10693,28706,-112.06535,33.519577
10694,28706,-115.16841,36.12458
10695,10695,-112.09614,33.510094
10696,28706,-112.03918,33.494343
10697,28706,-112.12949,33.48345
10698,30769,-111.92239,33.501007
10699,28706,-111.92563,33.49171
10700,30769,-112.232635,33.63769
10701,28706,-111.85414,33.40779
10702,10702,-112.20235,33.481304
10703,10703,-111.9759,33.495018
10704,28706,-111.859726,33.339962
10705,28706,-111.78979,33.357132
10706,10706,-111.93643,33.422665
10707,28706,-111.85794,33.27528
10708,28706,-115.33276,36.15119
10709,10709,-111.92742,33.499
10710,10710,-111.8598,33.32111
10711,30769,-111.874176,33.362934
10712,28706,-111.97389,33.317898
10713,28706,-112.02222,33.3782
10714,10714,-111.90812,33.393623
10715,28706,-115.11703,36.02034
10716,10716,-112.0706,33.3791
10717,28706,-112.27196,33.552067
10718,28706,-115.241516,36.064106
10719,28706,-80.84366,35.223915
10720,28706,-112.07379,33.435524
10721,28706,-111.9759,33.495018
10722,28706,-115.17726,36.094547
10723,28706,-115.28143,36.055153
10724,10724,-115.14636,36.171658
10725,28706,-111.74079,33.377853
10726,28706,-112.07285,33.449226
10727,28706,-111.98363,33.30443
10728,30769,-112.11672,33.53954
10729,28706,-111.900154,33.522736
10730,28706,-112.15217,33.479485
10731,10731,-111.97839,33.303967
10732,10732,-112.23629,33.633305
10733,10733,-111.86032,33.314144
10734,28706,-111.99458,33.30467
10735,10735,-111.95117,33.421658
10736,28706,-111.916046,33.696815
10737,28706,-111.9107,33.362858
10738,30769,-112.0739,33.500202
10739,28706,-111.92503,33.565964
10740,10740,-111.925255,33.508804
10741,28706,-112.07373,33.381145
10742,28706,-112.17335,33.377586
10743,10743,-112.170334,33.46561
10744,28706,-112.07327,33.479782
10745,10745,-111.896645,33.625317
10746,28706,-112.02123,33.496204
10747,30769,-112.027016,33.377003
10748,28706,-111.99559,33.511234
10749,28706,-115.170906,36.103455
10750,28706,-111.88557,33.306805
10751,10751,-111.85714,33.26121
10752,28706,-112.07802,33.46546
10753,10753,-111.90225,33.349472
10754,30769,-112.04244,33.471443
10755,28706,-115.17318,36.110085
10756,23074,-111.929596,33.414406
10757,30769,-111.84085,33.28455
10758,10758,-111.69835,33.39345
10759,28706,-111.71847,33.43645
10760,28706,-112.000565,33.433685
10761,28706,-111.871216,33.433098
10762,10762,-111.875916,33.276257
10763,30769,-115.15112,36.086338
10764,10764,-111.94684,33.30385
10765,28706,-112.395386,33.638645
10766,10766,-111.96165,33.391808
10767,28706,-111.979904,33.306664
10768,28706,-111.93256,33.625645
10769,28706,-111.93744,33.423515
10770,10770,-115.176414,36.092564
10771,28706,-111.98909,33.42159
10772,28706,-111.96717,33.421413
10773,28706,-112.01291,33.39068
10774,28706,-112.046555,33.50925
10775,28706,-115.13803,36.11883
10776,28706,-112.22137,33.467903
10777,10777,-111.93744,33.423515
10778,10778,-112.26056,33.534855
10779,10779,-111.841866,33.30207
10780,28706,-112.04677,33.50889
10781,28706,-111.871216,33.433098
10782,10782,-111.7253,32.879917
10783,28706,-111.958885,33.34871
10784,10784,-111.95709,33.377953
10785,28706,-111.91002,33.481018
10786,10786,-112.27418,33.464333
10787,28706,-112.07802,33.46546
10788,28706,-111.85977,33.274754
10789,10789,-111.877106,33.337326
10790,28706,-115.135,36.1155
10791,28706,-115.15401,36.1169
10792,10792,-115.16967,36.11949
10793,28706,-111.72063,33.23511
10794,30769,-111.92496,33.498177
10795,28706,-111.821304,33.349445
10796,28706,-111.94684,33.30385
10797,10797,-112.0846,33.34697
10798,28706,-111.71934,33.292027
10799,28706,-111.84258,33.299873
10800,10800,-111.84253,33.303234
10801,28706,-112.0846,33.34697
10802,28706,-111.73239,33.258827
10803,28706,-112.0846,33.34697
10804,10804,-111.96016,33.421318
10805,28706,-111.9224,33.500626
10806,28706,-111.84253,33.303234
10807,28706,-111.955025,33.348557
10808,10808,-111.92563,33.49171
10809,10809,-111.9258,33.477177
10810,28706,-89.51837,43.07617
10811,28706,-111.841,33.33083
10812,10812,-112.07484,33.447174
10813,10813,-111.975815,33.321735
10814,30769,-111.91261,33.363747
10815,28706,-115.17437,36.10206
10816,28706,-111.92699,33.363747
10817,28706,-111.899635,33.554825
10818,28706,-111.84111,33.363014
10819,28706,-111.938385,33.39157
10820,28706,-111.975815,33.321735
10821,10821,-111.92595,33.422276
10822,10822,-111.96943,33.32127
10823,28706,-111.94353,33.62466
10824,10824,-111.97982,33.49482
10825,28706,-112.07339,33.513504
10826,28706,-115.17306,36.091965
10827,28706,-112.09243,33.683323
10828,10828,-112.0275,33.510235
10829,10829,-111.9754,33.32041
10830,28706,-112.07064,33.44898
10831,28706,-111.94975,33.349735
10832,28706,-111.82591,33.29265
10833,28706,-111.977715,33.317287
10834,28706,-111.77229,33.415154
10835,30769,-111.87594,33.337257
10836,28706,-112.072014,33.455708
10837,28706,-111.90888,33.395096
10838,28706,-111.924065,33.580276
10839,30769,-111.87567,33.321564
10840,28706,-112.04461,33.069534
10841,10841,-111.8902,33.319973
10842,28706,-111.97616,33.347683
10843,10843,-112.07908,33.49112
10844,28706,-111.964966,33.501846
10845,28706,-111.84253,33.33787
10846,28706,-111.886635,33.57124
10847,28706,-111.86027,33.262383
10848,30769,-111.72101,33.43516
10849,28706,-111.904366,33.49285
10850,28706,-112.07469,33.484142
10851,30769,-115.17217,36.11089
10852,28706,-111.977776,33.33193
10853,28706,-111.75614,33.36745
10854,28706,-111.91341,33.408203
10855,28706,-111.9397,33.423706
10856,10856,-112.073425,33.447334
10857,30557,-115.17305,36.118965
10858,28706,-111.85977,33.274754
10859,10859,-111.92589,33.586834
10860,28706,-111.925766,33.319527
10861,10861,-111.89841,33.30477
10862,10862,-112.23287,33.47082
10863,28706,-112.07371,33.456326
10864,28706,-111.87757,33.333683
10865,28706,-112.11054,33.64068
10866,30769,-3.1827185,55.949398
10867,28706,-111.874146,33.31923
10868,10868,-111.79526,33.32913
10869,28706,-111.955025,33.348557
10870,28706,-111.967804,33.320557
10871,10871,-112.099915,33.503017
10872,28706,-111.94983,33.3496
10873,10873,-111.925896,33.5025
10874,28706,-111.85983,33.36073
10875,28706,-111.96935,33.305843
10876,28706,-111.90197,33.306137
10877,28706,-115.14124,36.172813
10878,28706,-111.98137,33.60277
10879,28706,-112.03218,33.377945
10880,10880,-111.57222,33.170277
10881,10881,-115.17818,36.10713
10882,28706,-111.92365,33.625546
10883,28706,-111.993385,33.408028
10884,10884,-111.927,33.474373
10885,28706,-112.04471,33.070225
10886,10886,-111.982285,33.32033
10887,10887,-111.962555,33.33564
10888,10888,-111.9796,33.331047
10889,28706,-115.173836,36.117283
10890,28706,-111.969185,33.319244
10891,28706,-112.27215,33.42205
10892,10892,-111.97988,33.30578
10893,10893,-111.8591,33.377247
10894,28706,-115.15097,36.085175
10895,28706,-111.87757,33.333683
10896,10896,-111.92563,33.49171
10897,10897,-111.842735,33.334564
10898,28706,-111.78781,33.37842
10899,10899,-111.8902,33.319973
10900,28706,-111.9796,33.331047
10901,28706,-112.06836,33.457863
10902,28706,-111.9796,33.331047
10903,28706,-112.116264,33.576405
10904,28706,-111.97964,33.329365
10905,28706,-111.98044,33.331882
10906,10906,-111.92782,33.362946
10907,28706,-115.17413,36.121143
10908,28706,-111.93744,33.423515
10909,28706,-112.048454,33.061577
10910,28706,-112.07379,33.435524
10911,10911,-111.966354,33.30606
10912,28706,-111.949165,33.34961
10913,28706,-111.92782,33.362946
10914,10914,-111.92248,33.49433
10915,10915,-111.9498,33.349556
10916,28706,-115.22625,36.086525
10917,28706,-111.79008,33.36018
10918,28706,-111.686104,33.38569
10919,10919,-111.91197,33.335354
10920,28706,-111.75561,33.345997
10921,28706,-111.92665,33.609993
10922,28706,-112.00424,33.316216
10923,10923,-111.9819,33.348164
10924,28706,-111.91029,33.321354
10925,30769,-112.036964,33.60594
10926,28706,-111.92659,33.349117
10927,28706,-111.75276,33.395096
10928,30769,-111.9253,33.685688
10929,28706,-111.983345,33.319447
10930,30769,-111.92655,33.506542
10931,28706,-111.84763,33.378475
10932,30769,-111.962555,33.33564
10933,28706,-111.98212,33.331654
10934,30769,-111.82165,33.372013
10935,28706,-111.97786,33.33392
10936,28706,-111.908516,33.5381
10937,10937,-111.742516,33.31984
10938,10938,-111.842255,33.302425
10939,10939,-111.9198,33.375698
10940,28706,-111.87564,33.336
10941,10941,-112.10023,33.626423
10942,10942,-111.92683,33.37916
10943,10943,-111.95134,33.33953
10944,28706,-112.35909,33.608376
10945,10945,-112.03082,33.37865
10946,28706,-111.97652,33.31724
10947,28706,-111.85966,33.337532
10948,28706,-111.75855,33.307358
10949,30769,-111.93841,33.391586
10950,28706,-111.85791,33.235134
10951,28706,-115.17205,36.11012
10952,28706,-111.790085,33.35524
10953,28706,-112.13459,33.595837
10954,28706,-111.99131,33.305824
10955,28706,-111.71776,33.436073
10956,10956,-115.295586,36.114517
10957,28706,-111.925,33.508865
10958,28706,-112.05627,33.472767
10959,28706,-111.789856,33.356342
10960,10960,-111.93356,33.492912
10961,10961,-111.92902,33.50251
10962,10962,-111.73717,33.384033
10963,10963,-111.86569,33.53887
10964,10964,-111.9168,33.421745
10965,10965,-111.68421,33.389267
10966,10966,-111.89915,33.556744
10967,10967,-111.68976,33.37799
10968,28706,-111.686104,33.38569
10969,10969,-111.747284,33.29401
10970,28706,-111.92902,33.50251
10971,10971,-111.627,33.249195
10972,10972,-111.757416,33.34818
10973,28706,-111.99224,33.30566
10974,28706,-112.28032,33.465923
10975,10975,-111.789276,33.355034
10976,28706,-111.907875,33.377914
10977,28706,-111.97039,33.319077
10978,28706,-111.68562,33.385014
10979,10979,-111.8879,33.407997
10980,28706,-111.92397,33.634453
10981,28706,-111.80894,33.335884
10982,28706,-111.789856,33.356342
10983,28706,-111.969185,33.319244
10984,10984,-111.977715,33.317287
10985,10985,-111.92696,33.448082
10986,28706,-112.00424,33.316216
10987,28706,-112.00424,33.316216
10988,30769,-111.67527,33.212574
10989,28706,-111.85832,33.32686
10990,28706,-111.98224,33.319267
10991,28706,-111.98224,33.319267
10992,30769,-111.87605,33.3627
10993,28706,-112.073685,33.396343
10994,10994,-111.9405,33.4272
10995,28706,-112.10402,33.68399
10996,28706,-111.92917,33.36505
10997,28706,-111.90998,33.347878
10998,28706,-111.692986,33.37994
10999,10999,-111.72537,33.609688
11000,28706,-111.96481,33.378925
11001,11001,-111.833115,33.41547
11002,28706,-111.9708,33.32128
11003,28706,-111.88343,33.305298
11004,28706,-111.83941,33.42292
11005,11005,-111.977356,33.320473
11006,11006,-111.98352,33.33092
11007,11007,-112.36449,33.486088
11008,30769,-111.969604,33.318913
11009,28706,-111.98006,33.31898
11010,28706,-111.90426,33.433044
11011,28706,-111.92563,33.49171
11012,28706,-111.82497,33.363434
11013,11013,-111.969185,33.319244
11014,28706,-111.92133,33.636242
11015,28706,-111.93022,33.321712
11016,28706,-111.96382,33.44613
11017,11017,-111.92615,33.625362
11018,28706,-111.91851,33.41533
11019,28706,-111.96912,33.32136
11020,28706,-111.97575,33.31931
11021,11021,-111.937614,33.377888
11022,11022,-111.90998,33.347878
11023,28706,-111.92737,33.50323
11024,30769,-111.858116,33.363865
11025,11025,-111.84253,33.303234
11026,11026,-111.92707,33.43693
11027,28706,-111.89279,33.31844
11028,28706,-111.92766,33.363224
11029,11029,-115.17465,36.10597
11030,28706,-111.89338,33.618755
11031,11031,-111.95213,33.399364
11032,11032,-111.80548,33.378067
11033,11033,-111.96487,33.356773
11034,28706,-111.93152,33.493298
11035,11035,-111.90133,33.297695
11036,28706,-111.83933,33.246418
11037,28706,-111.86019,33.306553
11038,11038,-111.7567,33.291313
11039,11039,-111.982285,33.32033
11040,28706,-111.98909,33.42159
11041,28706,-111.97652,33.31724
11042,11042,-111.96372,33.34416
11043,28706,-112.07052,33.436832
11044,11044,-111.92761,33.36419
11045,28706,-111.94087,33.421497
11046,28706,-115.16559,36.12689
11047,30557,-111.90991,33.407425
11048,23817,-112.08225,33.516342
11049,30769,-111.8905,33.320286
11050,28706,-112.073425,33.447334
11051,30769,-111.894196,33.583138
11052,11052,-112.08282,33.500736
11053,28706,-111.927124,33.459255
11054,11054,-111.89234,33.582268
11055,11055,-111.875244,33.40565
11056,28706,-111.74358,33.30868
11057,28706,-111.98333,33.34819
11058,11058,-111.90545,33.432915
11059,28706,-111.75499,33.351376
11060,11060,-111.92769,33.499382
11061,11061,-111.9161,33.419567
11062,28706,-111.8741,33.31915
11063,28706,-111.88815,33.56837
11064,28706,-111.82242,33.349316
11065,11065,-111.78979,33.357132
11066,28706,-111.943954,33.42853
11067,28706,-111.90968,33.407425
11068,11068,-111.96246,33.32168
11069,28706,-112.11762,33.524418
11070,28706,-111.90914,33.3927
11071,28706,-112.073395,33.477222
11072,11072,-80.81488,35.22101
11073,28706,-111.583275,33.220783
11074,28706,-112.04767,33.483723
11075,28706,-111.78973,33.354954
11076,11076,-111.97484,33.306046
11077,11077,-111.842514,33.300156
11078,11078,-111.85983,33.36073
11079,28706,-112.02839,33.510456
11080,28706,-111.88407,33.261177
11081,28706,-111.94684,33.30385
11082,11082,-111.94049,33.423412
11083,28706,-111.958885,33.34871
11084,28706,-115.17497,36.095417
11085,28706,-80.93391,35.075474
11086,28706,-111.52429,32.97815
11087,11087,-111.878235,33.375183
11088,28706,-111.84111,33.363014
11089,28706,-111.87436,33.336075
11090,11090,-111.803024,33.384624
11091,28706,-111.892334,33.421642
11092,11092,-111.955025,33.348557
11093,28706,-115.138504,36.117256
11094,28706,-111.92415,33.50155
11095,11095,-111.98374,33.31973
11096,30769,-112.07391,33.506207
11097,11097,-112.10129,33.678238
11098,11098,-111.96869,33.344906
11099,28706,-111.627,33.249195
11100,11100,-111.6387,33.255863
11101,11101,-112.22263,33.609577
11102,11102,-112.073616,33.47703
11103,28706,-111.97565,33.31796
11104,28706,-111.98212,33.331654
11105,11105,-111.97389,33.317898
11106,28706,-111.83743,33.415432
11107,28706,-111.92754,33.480732
11108,28706,-111.97995,33.347176
11109,28706,-112.26063,33.534527
11110,30769,-111.993385,33.408028
11111,28706,-111.91015,33.36143
11112,28706,-111.976974,33.347782
11113,28706,-111.85843,33.337612
11114,28706,-112.03082,33.37865
11115,28706,-111.982025,33.34806
11116,11116,-111.92575,33.406265
11117,28706,-115.17076,36.123367
11118,28706,-111.968,33.31929
11119,28706,-111.78603,33.30524
11120,28706,-111.90884,33.34826
11121,30769,-111.87757,33.333683
11122,11122,-111.92922,33.497566
11123,11123,-111.93985,33.424675
11124,11124,-111.908585,33.39378
11125,11125,-112.00319,33.317657
11126,11126,-111.99131,33.305824
11127,28706,-111.94457,33.335052
11128,28706,-80.68446,35.138348
11129,11129,-112.073395,33.477222
11130,11130,-111.99242,33.304897
11131,28706,-111.97904,33.33236
11132,11132,-111.98212,33.331654
11133,28706,-111.9263,33.320377
11134,28706,-112.126114,33.47456
11135,11135,-111.97698,33.34888
11136,11136,-112.18295,33.538418
11137,11137,-111.89652,33.305275
11138,11138,-111.99242,33.304897
11139,28706,-111.982635,33.33124
11140,11140,-111.92645,33.497555
11141,11141,-111.806725,33.37938
11142,28706,-111.743095,33.301903
11143,28706,-111.986916,33.449505
11144,28706,-111.78777,33.379498
11145,28706,-111.944405,33.319756
11146,28706,-111.97565,33.31796
11147,11147,-111.927505,33.58317
11148,11148,-111.80705,33.38158
11149,11149,-111.96528,33.675354
11150,11150,-112.10967,33.712368
11151,28706,-111.982635,33.33124
11152,11152,-111.89853,33.301712
11153,28706,-111.97964,33.329365
11154,30769,-111.8915,33.31989
11155,28706,-111.842514,33.300156
11156,28706,-111.84253,33.303234
11157,28706,-111.96242,33.335423
11158,28706,-111.93936,33.394043
11159,28706,-111.93051,33.64885
11160,28706,-111.90133,33.297695
11161,28706,-111.92644,33.529903
11162,11162,-111.80768,33.392765
11163,28706,-111.85603,33.264694
11164,30769,-112.09868,33.46693
11165,28706,-111.944756,33.421448
11166,11166,-111.94718,33.30594
11167,28706,-111.899864,33.305237
11168,28706,-111.88343,33.305298
11169,28706,-111.91065,33.361435
11170,28706,-111.87782,33.306465
11171,28706,-111.92638,33.49853
11172,11172,-115.16961,36.121452
11173,11173,-112.04466,33.07018
11174,11174,-111.720535,33.323475
11175,28706,-111.9224,33.500626
11176,28706,-111.747284,33.29401
11177,11177,-111.79045,33.27883
11178,11178,-112.23992,33.611088
11179,11179,-112.06484,33.43726
11180,28706,-111.842354,33.302765
11181,11181,-111.81804,33.415565
11182,28706,-115.28344,36.055058
11183,30769,-111.99421,33.434666
11184,30769,-115.14528,36.17145
11185,30769,-115.19777,36.126934
11186,30557,-111.856964,33.235027
11187,30769,-115.174355,36.092293
11188,28706,-115.053116,36.047115
11189,28706,-115.28533,36.15953
11190,28706,-115.16084,36.139904
11191,28706,-111.923065,33.49915
11192,28706,-111.90849,33.430023
11193,11193,-111.8954,33.30398
11194,28706,-115.17321,36.10679
11195,11195,-111.8326,33.589123
11196,28706,-111.7427,33.308807
11197,28706,-111.874146,33.31923
11198,28706,-115.19189,36.126472
11199,28706,-115.144745,36.17295
11200,11200,-115.29103,36.17573
11201,28706,-111.91078,33.445614
11202,11202,-112.13472,33.843456
11203,28706,-111.85832,33.32686
11204,11204,-111.84253,33.33787
11205,28706,-111.90998,33.347878
11206,11206,-111.97203,33.37641
11207,28706,-115.17659,36.091938
11208,30769,-115.14998,36.1055
11209,30769,-111.97385,33.465874
11210,30769,-111.84192,33.302013
11211,28706,-112.06497,33.522144
11212,11212,-111.9258,33.477177
11213,30769,-112.18482,33.65357
11214,28706,-111.85576,33.39053
11215,30769,-111.63351,33.25473
11216,30769,-111.87236,33.540802
11217,28706,-115.14963,36.16695
11218,28706,-111.585884,33.17787
11219,28706,-112.35823,33.462337
11220,11220,-111.90258,33.305656
11221,11221,-111.85708,33.34842
11222,28706,-111.7212,33.3666
11223,11223,-111.69662,33.384483
11224,28706,-111.743195,33.303925
11225,28706,-112.047104,33.530334
11226,11226,-111.90945,33.349525
11227,28706,-111.93472,33.42403
11228,28706,-111.923294,33.50128
11229,28706,-111.973885,33.679356
11230,11230,-111.96797,33.317436
11231,28706,-115.13567,36.176983
11232,28706,-112.12435,33.666695
11233,28706,-111.937614,33.377888
11234,28706,-111.93037,33.32117
11235,28706,-111.90197,33.306137
11236,28706,-111.791626,33.235634
11237,28706,-111.97403,33.371136
11238,11238,-112.26852,33.55204
11239,11239,-111.906,33.542786
11240,28706,-112.09668,33.67647
11241,28706,-112.11133,33.712105
11242,28706,-111.741394,33.37802
11243,11243,-111.85926,33.31953
11244,28706,-111.97865,33.30709
11245,11245,-111.88856,33.30633
11246,14108,-111.84114,33.29091
11247,28706,-111.83527,33.414715
11248,28706,-111.875175,33.298653
11249,11249,-115.17496,36.121323
11250,11250,-111.85652,33.28284
11251,11251,-111.97913,33.305798
11252,28706,-112.18803,33.538708
11253,30769,-111.940346,33.425938
11254,11254,-112.06394,33.53876
11255,11255,-111.859726,33.339962
11256,11256,-112.15128,33.64083
11257,11257,-111.93637,33.366753
11258,30557,-111.861885,33.334667
11259,28706,-111.969604,33.318913
11260,28706,-112.04466,33.07018
11261,11261,-111.842514,33.300156
11262,11262,-111.89865,33.29834
11263,28706,-111.94741,33.3045
11264,28706,-111.97681,33.378315
11265,11265,-111.90753,33.392403
11266,11266,-112.085724,33.451614
11267,28706,-112.119,33.63949
11268,11268,-112.18334,33.53896
11269,11269,-112.07461,33.474236
11270,11270,-111.807495,33.334015
11271,11271,-111.99458,33.30467
11272,11272,-111.913475,33.334187
11273,28706,-111.909645,33.40716
11274,28706,-115.17538,36.09194
11275,28706,-111.790375,33.260693
11276,11276,-111.9775,33.332317
11277,28706,-111.91728,33.465336
11278,28706,-111.969604,33.318913
11279,28706,-111.97768,33.304264
11280,28706,-111.89279,33.31844
11281,11281,-111.88934,33.696556
11282,28706,-112.07192,33.448586
11283,28706,-111.96199,33.33498
11284,11284,-111.97652,33.31724
11285,28706,-111.99032,33.494995
11286,28706,-111.93744,33.423515
11287,28706,-111.7443,33.307983
11288,11288,-111.91693,33.42156
11289,28706,-111.9748,33.280956
11290,28706,-112.07397,33.513077
11291,28706,-111.85966,33.313675
11292,11292,-115.17575,36.108307
11293,11293,-111.9245,33.624264
11294,23074,-111.7922,33.276756
11295,11295,-111.877106,33.337326
11296,11296,-111.94513,33.34795
11297,28706,-111.88172,33.63924
11298,28706,-112.06296,33.656124
11299,28706,-115.17012,36.122276
11300,11300,-111.97562,33.675236
11301,11301,-111.87578,33.41316
11302,11302,-111.7903,33.329292
11303,11303,-111.96778,33.305794
11304,28706,-111.994576,33.304462
11305,11305,-111.9245,33.624264
11306,11306,-111.93946,33.424164
11307,28706,-111.860916,33.336426
11308,28706,-111.87782,33.306465
11309,11309,-111.860565,33.364925
11310,30769,-111.93051,33.64885
11311,28706,-112.06476,33.4713
11312,28706,-111.87436,33.336075
11313,11313,-111.97565,33.31796
11314,11314,-111.80894,33.335884
11315,28706,-112.17335,33.377586
11316,28706,-111.900154,33.522736
11317,11317,-111.75614,33.36745
11318,28706,-111.94718,33.30594
11319,28706,-112.06466,33.476845
11320,30557,-115.14998,36.1055
11321,11321,-112.02814,33.510223
11322,28706,-111.970184,33.340645
11323,11323,-111.6326,33.20059
11324,11324,-111.875336,33.277004
11325,11325,-112.0536,33.426933
11326,11326,-111.92796,33.465588
11327,11327,-111.757416,33.30427
11328,11328,-115.13056,36.10134
11329,28706,-111.92531,33.526226
11330,11330,-112.22394,33.637062
11331,11331,-111.934494,33.831127
11332,28706,-111.92595,33.422276
11333,28706,-111.92835,33.500664
11334,11334,-111.97622,33.676357
11335,28706,-111.976555,33.677334
11336,28706,-115.25111,36.21987
11337,28706,-111.97461,33.678616
11338,28706,-111.931625,33.581924
11339,28706,-111.8437,33.384083
11340,28706,-111.97461,33.678616
11341,30557,-115.17259,36.112953
11342,28706,-111.921455,33.466137
11343,28706,-111.72926,33.60943
11344,28706,-111.90941,33.454285
11345,30769,-111.96613,33.684566
11346,28706,-111.97562,33.675236
11347,30769,-115.17259,36.112953
11348,11348,-111.92432,33.499275
11349,11349,-112.201866,33.669647
11350,28706,-112.068504,33.452827
11351,11351,-111.896324,33.620564
11352,30769,-112.1159,33.587765
11353,11353,-111.86944,33.540287
11354,28706,-112.1128,33.712425
11355,30769,-111.899635,33.554825
11356,28706,-112.153206,33.639908
11357,11357,-80.0176,40.439865
11358,11358,-111.92483,33.63489
11359,28706,-111.97886,33.59828
11360,28706,-112.26204,33.53305
11361,28706,-111.92351,33.62336
11362,28706,-112.111786,33.687145
11363,30769,-111.901985,33.433716
11364,28706,-111.99784,33.693115
11365,11365,-112.11307,33.715134
11366,28706,-112.26275,33.527668
11367,28706,-111.92646,33.798073
11368,28706,-111.9264,33.493057
11369,28706,-111.92535,33.633804
11370,28706,-112.00845,33.581757
11371,28706,-111.72968,33.60833
11372,28706,-111.9104,33.510536
11373,28706,-111.963425,33.67557
11374,28706,-111.9258,33.76929
11375,11375,-111.926735,33.657112
11376,28706,-112.11395,33.713455
11377,30557,-73.57677,45.49772
11378,28706,-111.921455,33.466137
11379,28706,-111.90046,33.55521
11380,11380,-111.891785,33.623486
11381,28706,-112.201866,33.669647
11382,28706,-111.9405,33.4272
11383,28706,-111.9309,33.58303
11384,28706,-111.92492,33.62348
11385,28706,-112.13472,33.843456
11386,28706,-112.11248,33.710102
11387,11387,-111.79821,33.422718
11388,11388,-111.92672,33.48804
11389,11389,-111.891815,33.62075
11390,11390,-112.251175,33.638596
11391,28706,-112.18157,33.539257
11392,28706,-111.95943,33.522007
11393,28706,-115.14637,36.124424
11394,28706,-111.89338,33.618755
11395,28706,-111.92792,33.499535
11396,28706,-111.91804,33.69925
11397,28706,-111.978226,33.675297
11398,30769,-115.17781,36.093067
11399,11399,-111.96778,33.305794
11400,30557,-111.91804,33.69925
11401,11401,-115.17306,36.091965
11402,11402,-111.978516,33.66773
11403,28706,-111.929985,33.496662
11404,28706,-111.92861,33.581665
11405,11405,-111.89049,33.672104
11406,11406,-111.92796,33.49821
11407,28706,-115.1563,36.142338
11408,28706,-111.82936,33.584393
11409,28706,-111.92942,33.50284
11410,28706,-111.92589,33.586834
11411,28706,-112.00837,33.418617
11412,28706,-111.924934,33.6239
11413,28706,-111.94004,33.391876
11414,28706,-111.9257,33.58142
11415,28706,-111.71935,33.450123
11416,28706,-111.91088,33.479633
11417,28706,-112.22614,33.642326
11418,11418,-111.91712,33.64562
11419,11419,-111.91994,33.50182
11420,11420,-111.92293,33.492752
11421,28706,-111.89221,33.61961
11422,11422,-111.83632,33.587124
11423,23608,-111.966736,33.675854
11424,28706,-111.97877,33.58394
11425,28706,-112.065636,33.44916
11426,28706,-112.152145,33.578148
11427,28706,-111.87686,33.54105
11428,28706,-111.94718,33.30594
11429,30769,-111.928635,33.495102
11430,28706,-111.93897,33.392853
11431,28706,-111.94182,33.625153
11432,11432,-111.92625,33.617584
11433,28706,-111.92665,33.609993
11434,11434,-112.04673,33.523743
11435,28706,-111.89904,33.55519
11436,28706,-112.09167,33.48015
11437,11437,-111.89221,33.61961
11438,28706,-111.96444,33.67591
11439,13375,-111.92492,33.62348
11440,11440,-111.99844,33.611675
11441,28706,-111.9326,33.658665
11442,28706,-111.91932,33.494606
11443,28706,-111.92414,33.6247
11444,11444,-111.92644,33.44929
11445,28706,-111.9326,33.658665
11446,28706,-111.9326,33.658665
11447,11447,-111.88672,33.57047
11448,28706,-111.88951,33.629192
11449,30769,-111.9253,33.685688
11450,30769,-111.85969,33.3402
11451,11451,-111.92463,33.526604
11452,28706,-111.93239,33.658146
11453,28706,-112.222885,33.596703
11454,28706,-111.97678,33.675884
11455,28706,-111.89333,33.62839
11456,11456,-111.924675,33.676567
11457,11457,-111.93239,33.658146
11458,28706,-111.92414,33.6247
11459,11459,-111.92446,33.67366
11460,28706,-111.79376,33.585575
11461,11461,-111.88627,33.537872
11462,28706,-111.938194,33.377796
11463,30769,-111.78953,33.354343
11464,28706,-111.92339,33.5815
11465,28706,-111.79821,33.422718
11466,28706,-111.88177,33.639107
11467,28706,-112.260765,33.53295
11468,28706,-112.04791,33.47893
11469,11469,-112.19603,33.63862
11470,11470,-112.11058,33.71298
11471,28706,-111.97831,33.598694
11472,30769,-112.18602,33.639835
11473,11473,-112.13472,33.843456
11474,11474,-112.14681,33.866108
11475,28706,-111.90614,33.671265
11476,11476,-112.13857,33.86563
11477,28706,-112.0305,33.678318
11478,11478,-112.23536,33.6341
11479,11479,-112.114784,33.715424
11480,28706,-111.89832,33.299843
11481,11481,-111.888374,33.581944
11482,28706,-111.97679,33.379124
11483,28706,-115.24239,36.0542
11484,28706,-111.96175,33.391743
11485,28706,-112.12437,33.66669
11486,28706,-112.25197,33.596226
11487,28706,-111.922646,33.82522
11488,11488,-112.06892,33.640152
11489,28706,-112.06096,33.50953
11490,11490,-111.87564,33.336
11491,28706,-111.867714,33.4341
11492,28706,-111.75276,33.395096
11493,11493,-111.85966,33.313675
11494,28706,-111.81804,33.415565
11495,28706,-111.947525,33.407562
11496,11496,-111.77365,33.293755
11497,11497,-111.88407,33.261177
11498,28706,-112.18333,33.53888
11499,28706,-111.742386,33.301224
11500,11500,-111.80456,33.388237
11501,28706,-111.79821,33.422718
11502,11502,-111.93897,33.392853
11503,11503,-112.089836,33.457226
11504,11504,-112.01296,33.390827
11505,11505,-115.14624,36.171215
11506,28706,-111.97303,33.466007
11507,28706,-112.03612,33.37785
11508,28706,-111.908585,33.39378
11509,11509,-111.860565,33.364925
11510,28706,-111.74323,33.30842
11511,28706,-111.877106,33.337326
11512,11512,-111.897804,33.31968
11513,28706,-111.97359,33.281574
11514,11514,-111.906044,33.43245
11515,11515,-111.84164,33.322445
11516,14207,-111.75622,33.379227
11517,14207,-112.06516,33.519554
11518,28706,-111.93685,33.42355
11519,28706,-112.040794,33.68793
11520,28706,-111.87205,33.391644
11521,11521,-112.11836,33.58035
11522,28706,-111.79526,33.32913
11523,28706,-111.96483,33.349598
11524,28706,-111.75459,33.38057
11525,11525,-111.69727,33.393524
11526,28706,-111.89477,33.627304
11527,28706,-112.031555,33.37941
11528,28706,-111.68451,33.285202
11529,11529,-111.8063,33.379913
11530,28706,-111.88741,33.629776
11531,11531,-111.95036,33.4216
11532,11532,-111.94031,33.423107
11533,11533,-111.89997,33.4276
11534,11534,-111.87247,33.378014
11535,11535,-111.92502,33.421772
11536,11536,-111.92826,33.363983
11537,28706,-111.78953,33.354343
11538,28706,-111.89827,33.29958
11539,11539,-111.6387,33.255863
11540,28706,-111.62122,33.250507
11541,28706,-111.96246,33.32168
11542,11542,-111.939766,33.42518
11543,11543,-115.174644,36.109913
11544,28706,-111.89353,33.39242
11545,11545,-111.75614,33.36745
11546,28706,-111.743416,33.307533
11547,30769,-111.69276,33.393444
11548,28706,-112.074036,33.448376
11549,28706,-111.9651,33.676926
11550,28706,-111.80885,33.378555
11551,28706,-111.716736,33.262703
11552,30769,-112.06543,33.56062
11553,28706,-111.79821,33.422718
11554,28706,-111.78678,33.450356
11555,28706,-112.18721,33.566982
11556,11556,-115.262474,36.219177
11557,30769,-111.91967,33.41524
11558,11558,-111.99559,33.511234
11559,28706,-111.93985,33.424675
11560,28706,-111.92635,33.496613
11561,11561,-111.92303,33.49946
11562,28706,-111.83527,33.414715
11563,28706,-111.860565,33.364925
11564,11564,-111.9013,33.349308
11565,11565,-111.92861,33.638184
11566,11566,-111.8664,33.436615
11567,11567,-111.86292,33.39466
11568,11568,-111.98617,33.510483
11569,28706,-111.87471,33.307434
11570,28706,-115.1755,36.11685
11571,28706,-111.868645,33.393227
11572,28706,-111.85983,33.36073
11573,28706,-111.96778,33.305794
11574,28706,-111.84114,33.29091
11575,28706,-111.87543,33.394417
11576,28706,-111.87379,33.412354
11577,11577,-111.80274,33.384647
11578,11578,-112.073875,33.446995
11579,11579,-111.86092,33.336273
11580,30769,-111.87511,33.394802
11581,28706,-111.87379,33.412354
11582,28706,-111.66622,33.380424
11583,28706,-111.85818,33.327183
11584,28706,-115.14637,36.124424
11585,28706,-111.934975,33.422768
11586,11586,-111.93962,33.42344
11587,28706,-111.684975,33.436657
11588,28706,-111.97681,33.378315
11589,28706,-111.8754,33.337067
11590,28706,-111.789505,33.452507
11591,28706,-111.686104,33.38569
11592,28706,-111.87605,33.3627
11593,28706,-115.28637,36.157627
11594,28706,-111.909386,33.485096
11595,28706,-111.85926,33.31953
11596,28706,-111.86267,33.32013
11597,11597,-111.75667,33.383705
11598,28706,-111.90862,33.377403
11599,28706,-111.85414,33.40779
11600,30769,-111.93644,33.422863
11601,11601,-111.77165,33.406406
11602,11602,-111.90011,33.306244
11603,11603,-111.77365,33.293755
11604,11604,-111.94025,33.423023
11605,28706,-111.858406,33.320225
11606,30769,-112.07551,33.449596
11607,28706,-111.997696,33.435596
11608,11608,-111.968025,33.318443
11609,11609,-111.92685,33.48692
11610,28706,-115.17641,36.11316
11611,28706,-111.92373,33.635464
11612,28706,-111.788925,33.344063
11613,28706,-111.89776,33.320126
11614,28706,-112.07275,33.46677
11615,28706,-111.94668,33.421616
11616,28706,-111.79242,33.378643
11617,28706,-115.20974,36.114937
11618,28706,-111.87594,33.337257
11619,28706,-111.789505,33.452507
11620,11620,-111.874825,33.3346
11621,28706,-111.91002,33.395737
11622,28706,-111.68719,33.375053
11623,11623,-115.176,36.119038
11624,28706,-111.92559,33.564953
11625,28706,-111.98909,33.42159
11626,28706,-112.068504,33.452827
11627,28706,-111.74272,33.31082
11628,11628,-111.92716,33.45379
11629,11629,-111.87543,33.394417
11630,11630,-111.925934,33.409798
11631,23074,-111.87543,33.394417
11632,28706,-111.87511,33.394802
11633,28706,-111.84582,33.334644
11634,28706,-111.74266,33.3004
11635,28706,-111.87543,33.394417
11636,28706,-115.13534,36.028603
11637,28706,-111.92828,33.36344
11638,11638,-111.87543,33.394417
11639,28706,-111.868805,33.393803
11640,28706,-111.929924,33.349712
11641,11641,-112.39387,33.452614
11642,28706,-111.79001,33.23642
11643,28706,-111.634476,33.249775
11644,28706,-111.79821,33.422718
11645,30769,-111.84253,33.303234
11646,28706,-111.859726,33.339962
11647,11647,-111.87543,33.394417
11648,30769,-115.17012,36.122276
11649,28706,-111.90862,33.377403
11650,28706,-111.92782,33.362946
11651,28706,-111.68387,33.3926
11652,28706,-111.82584,33.41346
11653,11653,-111.88407,33.261177
11654,30557,-111.97295,33.281567
11655,28706,-111.84292,33.351166
11656,28706,-111.88066,33.36436
11657,28706,-111.9161,33.419567
11658,28706,-111.873955,33.276634
11659,28706,-111.941376,33.423275
11660,28706,-111.83125,33.43753
11661,28706,-111.87372,33.379093
11662,28706,-111.87594,33.337257
11663,11663,-111.92638,33.49853
11664,30769,-111.87372,33.379093
11665,28706,-111.873634,33.304493
11666,28706,-111.70649,33.36442
11667,11667,-111.96154,33.31921
11668,11668,-111.89307,33.3633
11669,11669,-111.8664,33.436615
11670,28706,-111.90046,33.55521
11671,28706,-111.926765,33.501877
11672,28706,-111.74394,33.29779
11673,28706,-112.07401,33.45038
11674,28706,-112.273315,33.708637
11675,28706,-111.78953,33.354343
11676,11676,-80.00245,40.440094
11677,28706,-111.83481,33.585255
11678,28706,-111.98909,33.42159
11679,28706,-111.91348,33.41466
11680,11680,-111.90383,33.433975
11681,28706,-111.757416,33.30427
11682,30557,-111.94024,33.425488
11683,28706,-112.073425,33.447334
11684,28706,-111.90979,33.48124
11685,30769,-111.77586,33.336002
11686,11686,-111.63411,33.250214
11687,30769,-88.24355,40.11822
11688,11688,-111.846344,33.334545
11689,11689,-111.90811,33.406574
11690,28706,-111.85407,33.39349
11691,28706,-111.90186,33.433514
11692,28706,-111.87511,33.394802
11693,28706,-111.83941,33.42292
11694,28706,-112.07371,33.456326
11695,28706,-111.874176,33.393314
11696,28706,-111.90871,33.421734
11697,30769,-111.86011,33.341
11698,28706,-111.92571,33.493233
11699,28706,-112.22069,33.5948
11700,11700,-111.75614,33.36745
11701,11701,-111.70649,33.36442
11702,11702,-111.964485,33.38312
11703,28706,-111.77975,33.37889
11704,11704,-111.686104,33.38569
11705,28706,-111.756966,33.381126
11706,28706,-111.9405,33.42791
11707,28706,-111.789856,33.356342
11708,11708,-111.858406,33.320225
11709,28706,-111.75456,33.38172
11710,11710,-111.686104,33.38569
11711,11711,-111.90133,33.297695
11712,28706,-112.082344,33.46532
11713,28706,-112.07161,33.458847
11714,28706,-111.85913,33.3926
11715,11715,-111.85913,33.3926
11716,28706,-111.77204,33.418068
11717,28706,-111.88573,33.56917
11718,28706,-115.17457,36.11622
11719,28706,-111.8879,33.407997
11720,11720,-112.072266,33.458782
11721,28706,-112.085464,33.44743
11722,28706,-111.89853,33.301712
11723,28706,-111.78983,33.354767
11724,11724,-111.90752,33.4066
11725,28706,-111.83632,33.587124
11726,11726,-111.98451,33.509106
11727,11727,-111.90545,33.432915
11728,28706,-111.68445,33.40964
11729,28706,-112.01175,33.509346
11730,11730,-111.8664,33.436615
11731,11731,-111.68226,33.46673
11732,11732,-111.8879,33.407997
11733,11733,-111.8879,33.407997
11734,11734,-111.936,33.41438
11735,11735,-111.84111,33.363014
11736,11736,-111.88407,33.261177
11737,11737,-111.716896,33.43614
11738,28706,-111.87605,33.3627
11739,11739,-111.926895,33.445057
11740,11740,-111.9759,33.495018
11741,11741,-111.968124,33.336864
11742,28706,-111.85686,33.423595
11743,28706,-111.73575,33.439777
11744,28706,-111.90436,33.670033
11745,11745,-111.77341,33.29329
11746,11746,-112.06899,33.45917
11747,11747,-111.85926,33.319534
11748,11748,-111.88076,33.574825
11749,28706,-111.94457,33.335052
11750,28706,-111.94741,33.3045
11751,11751,-115.13808,36.167904
11752,28706,-111.83645,33.586655
11753,30769,-112.0696,33.4492
11754,28706,-111.87926,33.63937
11755,11755,-112.0772,33.44919
11756,28706,-111.71838,33.43691
11757,28706,-111.968025,33.318443
11758,11758,-111.93897,33.392853
11759,11759,-111.907524,33.421535
11760,30769,-111.90849,33.430023
11761,28706,-111.91124,33.362206
11762,28706,-111.59897,33.379505
11763,30769,-111.79014,33.36119
11764,28706,-79.913895,40.45003
11765,28706,-111.860565,33.364925
11766,28706,-111.92427,33.492287
11767,11767,-111.78899,33.28166
11768,28706,-111.74184,33.307846
11769,11769,-111.7534,33.3807
11770,28706,-112.01186,33.46604
11771,11771,-111.8678,33.43389
11772,28706,-111.72112,33.36568
11773,11773,-111.97952,33.6384
11774,11774,-111.78676,33.397243
11775,28706,-111.935684,33.377502
11776,28706,-111.90545,33.432915
11777,11777,-111.74313,33.301888
11778,28706,-111.970184,33.340645
11779,11779,-111.8905,33.320286
11780,11780,-112.013855,33.63044
11781,28706,-111.771774,33.336906
11782,28706,-111.93257,33.4957
11783,28706,-111.790115,33.356728
11784,30769,-111.78441,33.379513
11785,28706,-111.67527,33.212574
11786,30769,-111.73684,33.381355
11787,11787,-111.75447,33.278015
11788,28706,-111.874306,33.31953
11789,28706,-111.84111,33.363014
11790,30769,-111.789055,33.35924
11791,28706,-115.16363,36.13698
11792,28706,-111.90812,33.393623
11793,28706,-111.673195,33.415466
11794,28706,-115.17849,36.10924
11795,28706,-111.6002,33.39488
11796,11796,-111.88343,33.305298
11797,28706,-111.75855,33.307465
11798,28706,-111.98095,33.304028
11799,28706,-111.78984,33.3546
11800,28706,-111.74079,33.377853
11801,11801,-111.8323,33.378372
11802,28706,-111.95392,33.40789
11803,11803,-111.8063,33.379913
11804,11804,-111.875786,33.36281
11805,11805,-112.20527,33.459717
11806,11806,-111.78603,33.30524
11807,28706,-115.1684,36.124554
11808,28706,-111.71935,33.450123
11809,28706,-111.821304,33.349445
11810,11810,-111.87605,33.3627
11811,11811,-111.752884,33.37769
11812,11812,-111.755745,33.366947
11813,11813,-112.01307,33.610554
11814,11814,-111.74394,33.29779
11815,28706,-111.84237,33.303696
11816,11816,-111.754395,33.38372
11817,11817,-111.858406,33.320225
11818,11818,-111.633095,33.24912
11819,11819,-111.754395,33.38372
11820,28706,-111.88353,33.58348
11821,28706,-111.979546,33.640232
11822,28706,-111.76795,33.38265
11823,28706,-112.10967,33.712368
11824,28706,-112.09243,33.683323
11825,11825,-111.92074,33.414455
11826,30769,-112.20063,33.58138
11827,11827,-111.79045,33.27883
11828,11828,-111.93608,33.480637
11829,11829,-111.99402,33.49537
11830,11830,-111.756096,33.366714
11831,28706,-111.75574,33.367744
11832,28706,-111.7534,33.3807
11833,11833,-111.752884,33.37769
11834,28706,-112.01317,33.59627
11835,28706,-111.83196,33.415424
11836,11836,-111.804855,33.385117
11837,28706,-111.684425,33.4669
11838,11838,-115.17322,36.10419
11839,28706,-111.74367,33.29674
11840,11840,-111.81534,33.436394
11841,28706,-111.804855,33.385117
11842,28706,-111.878716,33.58142
11843,11843,-111.78777,33.379498
11844,11844,-111.59897,33.379505
11845,28706,-111.9515,33.304844
11846,11846,-111.79094,33.379986
11847,11847,-112.073425,33.447334
11848,30769,-111.83145,33.42036
11849,11849,-111.80468,33.387955
11850,30557,-111.92595,33.422276
11851,28706,-111.721886,33.29381
11852,11852,-111.87834,33.379646
11853,11853,-112.10023,33.626423
11854,11854,-111.790016,33.35597
11855,28706,-111.78777,33.379498
11856,28706,-111.77165,33.406406
11857,11857,-111.720535,33.323475
11858,28706,-115.09903,36.072247
11859,11859,-111.85407,33.39349
11860,11860,-111.789505,33.452507
11861,11861,-111.790115,33.356728
11862,28706,-111.71877,33.435844
11863,28706,-112.06481,33.5617
11864,28706,-111.74355,33.307823
11865,28706,-112.14982,33.640068
11866,11866,-111.80274,33.384647
11867,11867,-111.90545,33.432915
11868,11868,-111.78727,33.393917
11869,11869,-111.78514,33.334938
11870,28706,-111.86175,33.38956
11871,28706,-111.74564,33.296097
11872,28706,-111.79164,33.270878
11873,28706,-111.89853,33.301712
11874,28706,-111.75732,33.30725
11875,30769,-111.94329,33.421608
11876,11876,-111.8664,33.436615
11877,11877,-111.86598,33.42286
11878,11878,-111.633095,33.24912
11879,28706,-115.17493,36.10478
11880,11880,-111.80594,33.33377
11881,28706,-115.16912,36.103695
11882,28706,-111.72392,33.32106
11883,11883,-111.82608,33.434383
11884,30769,-111.78968,33.361633
11885,11885,-111.886246,33.30637
11886,28706,-111.80518,33.38179
11887,11887,-111.72392,33.32106
11888,30769,-111.96717,33.421413
11889,11889,-111.63411,33.250214
11890,11890,-112.00319,33.317657
11891,28706,-111.789276,33.355034
11892,11892,-112.036964,33.60594
11893,30769,-111.80823,33.379463
11894,28706,-115.17618,36.115856
11895,11895,-112.0404,33.509445
11896,30769,-111.68288,33.468143
11897,28706,-111.87757,33.333683
11898,11898,-111.80509,33.384415
11899,11899,-115.17375,36.103863
11900,28706,-111.85966,33.313675
11901,11901,-111.75456,33.38172
11902,11902,-111.88343,33.305298
11903,28706,-115.16918,36.10844
11904,11904,-111.842636,33.32724
11905,28706,-112.000565,33.433685
11906,30557,-111.791824,33.234974
11907,30769,-111.91462,33.393013
11908,28706,-111.78991,33.355118
11909,28706,-111.721756,33.381763
11910,28706,-112.07397,33.513077
11911,11911,-111.72394,33.379185
11912,11912,-111.79821,33.422718
11913,11913,-111.76328,33.45083
11914,11914,-111.789505,33.452507
11915,11915,-111.77165,33.406406
11916,28706,-111.79163,33.23606
11917,28706,-111.84105,33.396664
11918,30769,-111.789276,33.355034
11919,28706,-111.89913,33.524178
11920,28706,-111.806725,33.37938
11921,11921,-111.741394,33.37802
11922,11922,-111.717384,33.39318
11923,28706,-111.752884,33.37769
11924,30769,-111.89351,33.627815
11925,28706,-111.7427,33.308807
11926,28706,-112.00837,33.418617
11927,11927,-111.68976,33.37799
11928,28706,-111.76795,33.38265
11929,28706,-111.727486,33.415222
11930,28706,-111.78678,33.450356
11931,11931,-111.924385,33.53924
11932,11932,-111.80628,33.384315
11933,28706,-111.789505,33.452507
11934,28706,-111.74256,33.37828
11935,30769,-112.11886,33.47985
11936,28706,-111.74355,33.307823
11937,28706,-111.78861,33.43749
11938,28706,-111.92555,33.564976
11939,11939,-111.81804,33.415565
11940,11940,-111.87138,33.43566
11941,28706,-111.7212,33.3666
11942,11942,-111.68464,33.395008
11943,28706,-111.83937,33.419865
11944,30769,-111.75931,33.3063
11945,28706,-111.77165,33.406406
11946,28706,-111.77165,33.406406
11947,30769,-111.871216,33.433098
11948,28706,-112.10023,33.626423
11949,28706,-111.714134,33.320774
11950,11950,-111.841194,33.395535
11951,28706,-112.13265,33.655247
11952,11952,-111.969185,33.319244
11953,11953,-111.80768,33.392765
11954,28706,-115.24487,36.17133
11955,11955,-111.80768,33.392765
11956,11956,-111.72394,33.379185
11957,28706,-111.908745,33.335804
11958,28706,-111.90892,33.48611
11959,30557,-115.14124,36.172813
11960,28706,-111.68719,33.375053
11961,11961,-115.163124,36.133614
11962,11962,-111.80768,33.392765
11963,11963,-111.80274,33.384647
11964,28706,-115.17577,36.011356
11965,28706,-111.929794,33.49288
11966,28706,-111.74266,33.3004
11967,28706,-111.79129,33.33169
11968,11968,-111.91241,33.39337
11969,28706,-111.7882,33.38706
11970,11970,-111.83527,33.414715
11971,11971,-111.78983,33.354767
11972,28706,-111.7882,33.38706
11973,28706,-111.953125,33.42159
11974,11974,-112.05403,33.306946
11975,28706,-111.90948,33.394966
11976,28706,-111.6831,33.46828
11977,11977,-112.072395,33.448742
11978,30769,-111.6343,33.248665
11979,11979,-111.93816,33.464462
11980,28706,-111.74097,33.37795
11981,28706,-111.78979,33.357132
11982,11982,-111.75599,33.379623
11983,28706,-111.69498,33.39242
11984,28706,-112.073425,33.447334
11985,11985,-111.9405,33.4272
11986,28706,-111.91967,33.41524
11987,11987,-111.90133,33.297695
11988,28706,-111.92588,33.61741
11989,11989,-111.724396,33.380516
11990,28706,-111.741394,33.37802
11991,28706,-111.806335,33.383766
11992,28706,-111.75483,33.308563
11993,28706,-111.74268,33.381622
11994,28706,-111.68856,33.38023
11995,11995,-111.69806,33.354465
11996,28706,-111.87718,33.378845
11997,28706,-111.6887,33.39367
11998,28706,-111.888016,33.307858
11999,30769,-111.85818,33.327183
12000,12000,-111.69801,33.385525
12001,12001,-111.69801,33.385525
12002,28706,-112.18295,33.538418
12003,28706,-111.75701,33.383377
12004,12004,-115.17818,36.106815
12005,12005,-111.684975,33.436657
12006,30769,-111.8437,33.384083
12007,30769,-111.69439,33.392826
12008,12008,-111.68389,33.413578
12009,12009,-111.872856,33.30671
12010,28706,-111.95392,33.40789
12011,12011,-111.929535,33.502132
12012,12012,-111.80629,33.38337
12013,28706,-111.790115,33.356728
12014,28706,-111.753044,33.392246
12015,28706,-111.831474,33.415382
12016,12016,-111.96797,33.32236
12017,12017,-111.584785,33.179802
12018,28706,-111.68464,33.395008
12019,12019,-111.73684,33.381355
12020,28706,-112.065636,33.44916
12021,28706,-111.96185,33.34713
12022,12022,-111.77204,33.418068
12023,12023,-111.6387,33.255863
12024,12024,-111.92318,33.500515
12025,28706,-111.8678,33.43389
12026,28706,-111.68562,33.385014
12027,28706,-111.78991,33.355118
12028,12028,-111.68507,33.423904
12029,28706,-111.926445,33.3832
12030,28706,-111.6692,33.30979
12031,12031,-111.8063,33.379913
12032,28706,-111.742516,33.31984
12033,12033,-111.899666,33.307087
12034,12034,-111.83196,33.415424
12035,28706,-111.68421,33.389267
12036,12036,-111.80705,33.38158
12037,28706,-111.80445,33.37847
12038,30769,-111.68421,33.389267
12039,28706,-111.78968,33.361633
12040,30769,-111.74272,33.31082
12041,12041,-111.91002,33.395737
12042,28706,-111.75866,33.305325
12043,12043,-111.99224,33.30566
12044,28706,-111.97988,33.30578
12045,28706,-111.92606,33.48357
12046,12046,-115.1726,36.118793
12047,12047,-111.88407,33.261177
12048,28706,-111.90545,33.432915
12049,12049,-111.87572,33.27626
12050,12050,-111.752594,33.39309
12051,28706,-111.789505,33.452507
12052,30557,-111.69572,33.393536
12053,28706,-111.77204,33.418068
12054,28706,-111.687454,33.325714
12055,12055,-111.80411,33.38449
12056,28706,-115.17143,36.109825
12057,30769,-115.17509,36.143238
12058,28706,-115.17453,36.112377
12059,30557,-111.67955,33.38468
12060,28706,-111.69477,33.416233
12061,28706,-112.0741,33.506855
12062,12062,-111.75667,33.383705
12063,30769,-111.94687,33.33361
12064,23074,-111.76014,33.30625
12065,28706,-111.68502,33.46734
12066,12066,-111.746376,33.309944
12067,12067,-111.86142,33.37831
12068,28706,-111.72392,33.32106
12069,12069,-111.916115,33.54898
12070,12070,-111.87138,33.43566
12071,12071,-111.98352,33.33092
12072,28706,-111.97437,33.521954
12073,30769,-111.73575,33.439777
12074,28706,-112.17962,33.638466
12075,28706,-111.98909,33.42159
12076,12076,-111.97678,33.675884
12077,12690,-111.75918,33.306633
12078,28706,-111.87236,33.540802
12079,28706,-111.78749,33.376934
12080,28706,-111.87782,33.306465
12081,12081,-111.757675,33.307476
12082,28706,-111.90513,33.41494
12083,12083,-111.755455,33.379627
12084,12084,-115.17234,36.110107
12085,12085,-111.842026,33.302025
12086,12086,-111.75667,33.383705
12087,12087,-111.67911,33.38563
12088,28706,-111.66622,33.380424
12089,12089,-115.11901,36.23865
12090,12090,-111.74188,33.311485
12091,12091,-111.77341,33.29329
12092,12092,-111.67955,33.38468
12093,28706,-111.9007,33.305264
12094,12094,-111.91492,33.421413
12095,28706,-111.79017,33.232506
12096,12096,-111.84763,33.378475
12097,28706,-115.333855,36.155964
12098,12098,-115.15112,36.086338
12099,28706,-111.90231,33.466187
12100,28706,-111.88407,33.261177
12101,12101,-111.68464,33.395008
12102,28706,-111.90225,33.349472
12103,28706,-80.85288,35.21601
12104,12104,-111.80274,33.384647
12105,28706,-111.969185,33.33752
12106,28706,-111.77134,33.33696
12107,12107,-111.87434,33.33615
12108,28706,-111.92239,33.501007
12109,28706,-112.03218,33.377945
12110,28706,-115.1613,36.138298
12111,28706,-111.8323,33.378372
12112,28706,-111.90983,33.48084
12113,12113,-111.66622,33.380424
12114,12114,-115.25931,36.191574
12115,12115,-111.8512,33.393814
12116,28706,-111.8512,33.393814
12117,12117,-111.8512,33.393814
12118,12118,-115.178215,36.068935
12119,12119,-111.859055,33.34164
12120,12120,-115.1873,36.11812
12121,28706,-111.899635,33.554825
12122,12122,-112.08227,33.4657
12123,28706,-115.141884,36.16918
12124,12124,-111.840355,33.418373
12125,28706,-111.90979,33.48124
12126,28706,-111.925064,33.61855
12127,28706,-111.79151,33.365788
12128,23817,-111.93966,33.42373
12129,12129,-111.877014,33.37755
12130,28706,-115.17712,36.13198
12131,12131,-111.84114,33.29091
12132,12132,-112.261986,33.534485
12133,12133,-111.790115,33.356728
12134,28706,-111.84996,33.379585
12135,28706,-112.339,33.4801
12136,12136,-112.13459,33.595837
12137,12137,-111.92691,33.463375
12138,30769,-111.9258,33.477177
12139,28706,-111.78979,33.35617
12140,28706,-111.92241,33.49182
12141,28706,-111.86027,33.262383
12142,12142,-111.790085,33.35524
12143,12143,-111.82394,33.348804
12144,28706,-111.842026,33.302025
12145,28706,-111.909645,33.40716
12146,28706,-111.6875,33.313904
12147,28706,-111.9265,33.49973
12148,12148,-111.85983,33.36073
12149,28706,-111.89337,33.32015
12150,28706,-111.85983,33.36073
12151,12151,-111.8954,33.30398
12152,30769,-112.01189,33.655605
12153,28706,-111.84085,33.28455
12154,28706,-112.08452,33.49523
12155,12155,-111.92613,33.481922
12156,28706,-111.92756,33.38369
12157,12157,-111.936104,33.378223
12158,30769,-112.23968,33.609863
12159,30769,-111.93644,33.37779
12160,28706,-111.92639,33.320343
12161,28706,-112.06555,33.488495
12162,30769,-111.68566,33.436775
12163,12163,-112.04086,33.431583
12164,28706,-115.18918,36.117443
12165,12165,-112.119316,33.492138
12166,12166,-111.72101,33.43516
12167,28706,-111.627,33.249195
12168,28706,-111.8437,33.384083
12169,28706,-111.96016,33.421318
12170,28706,-111.9013,33.349308
12171,12171,-111.72392,33.32106
12172,28706,-111.89946,33.557293
12173,30769,-111.79046,33.322083
12174,28706,-111.9864,33.5107
12175,12175,-111.79046,33.322083
12176,12176,-111.83956,33.380013
12177,28706,-111.79094,33.379986
12178,28706,-111.8437,33.384083
12179,28706,-111.88343,33.305298
12180,28706,-111.790085,33.35524
12181,12181,-111.787025,33.27578
12182,28706,-111.92471,33.421352
12183,28706,-111.873634,33.304493
12184,28706,-111.92534,33.4944
12185,12185,-112.07421,33.448036
12186,28706,-111.926445,33.490032
12187,28706,-111.78888,33.276566
12188,28706,-111.938385,33.39157
12189,28706,-111.78645,33.30592
12190,12190,-111.790085,33.35524
12191,28706,-111.84253,33.303234
12192,28706,-111.92993,33.350018
12193,28706,-112.189316,33.640514
12194,12194,-111.90998,33.347878
12195,28706,-111.95375,33.407803
12196,12196,-111.858246,33.26385
12197,30557,-111.85983,33.36073
12198,12198,-111.88441,33.261173
12199,28706,-115.17684,36.1206
12200,12200,-111.85983,33.36073
12201,12201,-111.79008,33.360817
12202,12202,-111.790085,33.35524
12203,28706,-111.98212,33.331654
12204,28706,-111.860565,33.364925
12205,30769,-111.94378,33.31869
12206,28706,-111.79821,33.422718
12207,12207,-111.79019,33.361027
12208,28706,-111.91769,33.49328
12209,12209,-111.92502,33.421772
12210,28706,-111.94049,33.423412
12211,12211,-111.90991,33.407425
12212,28706,-111.92933,33.319374
12213,12213,-111.85983,33.36073
12214,12214,-111.941124,33.394775
12215,12215,-111.98909,33.42159
12216,12216,-111.85983,33.36073
12217,28706,-111.85983,33.36073
12218,28706,-111.741394,33.37802
12219,28706,-111.92708,33.335384
12220,28706,-89.38695,43.07489
12221,28706,-111.63411,33.250214
12222,28706,-111.86598,33.42286
12223,28706,-111.868286,33.47269
12224,28706,-111.842735,33.334564
12225,12225,-115.159805,36.113083
12226,28706,-111.92632,33.494377
12227,28706,-111.84261,33.302094
12228,12228,-111.78979,33.357132
12229,28706,-111.87594,33.337257
12230,28706,-111.92683,33.37916
12231,12231,-111.685936,33.465904
12232,28706,-111.92239,33.501007
12233,12233,-111.68719,33.375053
12234,12234,-111.83974,33.4261
12235,12235,-115.17202,36.09012
12236,28706,-111.947716,33.304634
12237,12237,-111.668945,33.30716
12238,30769,-111.789444,33.3702
12239,28706,-111.789856,33.356342
12240,12240,-111.88488,33.26122
12241,12241,-111.94668,33.421616
12242,12242,-112.06476,33.471985
12243,28706,-112.11821,33.578693
12244,12244,-111.687454,33.233463
12245,12245,-111.840744,33.380833
12246,28706,-111.94012,33.426956
12247,28706,-111.940254,33.425964
12248,30769,-111.84248,33.246338
12249,28706,-111.634476,33.249775
12250,28706,-111.9276,33.498474
12251,12251,-111.91033,33.486916
12252,28706,-115.20942,36.12682
12253,12253,-111.8758,33.41271
12254,28706,-111.75338,33.38142
12255,28706,-111.73494,33.322815
12256,28706,-111.858246,33.26385
12257,12257,-111.787224,33.38144
12258,28706,-111.78968,33.361633
12259,12259,-111.943954,33.42853
12260,28706,-111.787735,33.391663
12261,12261,-111.8557,33.39083
12262,28706,-111.899666,33.307087
12263,12263,-111.63302,33.37818
12264,28706,-111.92255,33.63534
12265,28706,-111.875336,33.277004
12266,12266,-115.17767,36.10741
12267,28706,-111.86569,33.538586
12268,12268,-111.66622,33.380424
12269,28706,-111.752884,33.37769
12270,12270,-111.636986,33.251755
12271,12271,-111.92898,33.494953
12272,28706,-111.92562,33.493855
12273,12273,-112.073425,33.447334
12274,12274,-111.78984,33.3546
12275,12275,-111.939285,33.39397
12276,28706,-112.37166,33.465446
12277,30769,-111.89283,33.58325
12278,28706,-111.89477,33.627304
12279,12279,-111.68507,33.423904
12280,28706,-111.78898,33.28172
12281,30769,-115.2948,36.166573
12282,30769,-111.89853,33.301712
12283,28706,-115.17234,36.110107
12284,28706,-112.06723,33.457756
12285,28706,-111.83481,33.585255
12286,28706,-111.68428,33.265472
12287,12287,-111.63486,33.249313
12288,12288,-111.55244,33.41555
12289,30769,-111.90228,33.43014
12290,12290,-111.68492,33.436592
12291,12291,-112.23992,33.611088
12292,12292,-115.1639,36.06017
12293,28706,-111.48097,33.458023
12294,28706,-112.06096,33.50953
12295,12295,-112.073494,33.491695
12296,28706,-115.09279,36.1296
12297,28706,-112.07377,33.45838
12298,28706,-115.287285,36.28381
12299,12299,-111.84133,33.285023
12300,28706,-111.87702,33.377583
12301,28706,-111.73956,32.887573
12302,28706,-112.42678,33.448696
12303,12303,-111.68897,32.87905
12304,28706,-112.07425,33.50949
12305,28706,-115.0849,36.133053
12306,28706,-111.7922,33.276756
12307,28706,-115.333855,36.155964
12308,12308,-111.92948,33.319237
12309,28706,-111.8905,33.320286
12310,28706,-111.99458,33.30467
12311,28706,-111.929375,33.622887
12312,28706,-111.9635,33.35114
12313,12313,-111.78991,33.355118
12314,30769,-111.874146,33.31923
12315,12315,-111.94819,33.393543
12316,28706,-111.99511,33.494488
12317,28706,-112.34139,33.438656
12318,28706,-111.840355,33.418373
12319,28706,-111.85414,33.40779
12320,28706,-111.92993,33.49451
12321,28706,-111.90802,33.422424
12322,30769,-112.00319,33.317657
12323,28706,-111.993256,33.30576
12324,12324,-111.90804,33.31944
12325,28706,-111.94858,33.832657
12326,12326,-111.87471,33.307434
12327,28706,-111.9161,33.419567
12328,12328,-115.249084,36.21561
12329,12329,-111.841064,33.302135
12330,12330,-111.92481,33.421085
12331,28706,-111.90577,33.414867
12332,28706,-111.7091,33.587894
12333,28706,-111.755875,33.303925
12334,13375,-111.71935,33.450123
12335,28706,-115.112,36.10026
12336,12336,-111.85966,33.337532
12337,12337,-111.88728,33.306297
12338,28706,-111.94996,33.451237
12339,28706,-112.13004,33.451138
12340,28706,-111.90804,33.33591
12341,28706,-111.860954,33.3336
12342,12342,-111.97698,33.34888
12343,28706,-111.84248,33.246338
12344,28706,-111.87922,33.581512
12345,28706,-111.909355,33.485703
12346,12346,-111.79242,33.378643
12347,12347,-111.85977,33.274754
12348,28706,-111.9011,33.34931
12349,28706,-111.96676,33.317368
12350,12350,-111.92591,33.654182
12351,28706,-111.88343,33.305298
12352,28706,-112.38777,33.465282
12353,28706,-111.84252,33.33954
12354,30769,-111.756966,33.381126
12355,28706,-111.84229,33.33884
12356,28706,-111.75447,33.278015
12357,30769,-111.96262,33.348618
12358,28706,-111.91169,33.321255
12359,28706,-111.87601,33.304413
12360,28706,-111.861885,33.334667
12361,12361,-111.92716,33.45379
12362,28706,-112.03218,33.377945
12363,12363,-111.84179,33.415424
12364,28706,-111.926765,33.49844
12365,12365,-111.85494,33.335728
12366,28706,-111.84085,33.28455
12367,28706,-111.85969,33.336014
12368,28706,-111.85926,33.319534
12369,28706,-111.72392,33.32106
12370,28706,-111.960075,33.349594
12371,12371,-111.925766,33.319527
12372,12372,-111.927734,33.348675
12373,23074,-111.908585,33.39378
12374,12374,-111.83835,33.289387
12375,28706,-111.82591,33.29265
12376,28706,-111.85825,33.326923
12377,28706,-111.92659,33.472366
12378,30769,-111.87471,33.307434
12379,28706,-111.68566,33.436775
12380,12380,-111.925896,33.5025
12381,12381,-111.93145,33.494205
12382,28706,-112.390396,33.429005
12383,28706,-112.01417,33.511307
12384,12384,-111.87588,33.33712
12385,23817,-112.07233,33.456696
12386,28706,-111.924286,33.624977
12387,30557,-111.94037,33.425762
12388,23074,-111.8905,33.320286
12389,12389,-111.99492,33.50903
12390,28706,-111.875916,33.276257
12391,12391,-111.727486,33.415222
12392,28706,-111.74079,33.377853
12393,28706,-112.07327,33.479782
12394,28706,-111.878075,33.305508
12395,12395,-111.92697,33.462616
12396,28706,-111.95564,33.442375
12397,12397,-111.911224,33.36343
12398,28706,-111.874146,33.31923
12399,12399,-111.8598,33.32111
12400,28706,-111.995705,33.63991
12401,28706,-111.873634,33.304493
12402,28706,-111.85926,33.31953
12403,12403,-111.85818,33.327183
12404,28706,-111.90065,33.30459
12405,30769,-111.87436,33.336075
12406,28706,-115.24221,36.073807
12407,30769,-111.89591,33.30572
12408,12408,-111.87757,33.333683
12409,28706,-112.073425,33.447334
12410,30769,-112.000565,33.433685
12411,12411,-111.78925,33.364708
12412,12412,-111.88815,33.56837
12413,28706,-111.80629,33.38337
12414,12414,-111.88488,33.26122
12415,12415,-111.89832,33.299843
12416,28706,-111.90817,33.45781
12417,12417,-111.90974,33.363396
12418,12418,-111.90817,33.45781
12419,28706,-115.17279,36.11766
12420,28706,-111.90752,33.4066
12421,28706,-111.875916,33.276257
12422,12422,-111.755875,33.303925
12423,28706,-115.266174,36.144306
12424,28706,-111.78926,33.355484
12425,28706,-111.68428,33.265472
12426,12426,-112.06549,33.474407
12427,12427,-111.876335,33.33654
12428,28706,-111.92559,33.478718
12429,30769,-111.841156,33.31183
12430,28706,-111.87502,33.276276
12431,28706,-111.85818,33.327183
12432,28706,-111.922005,33.416733
12433,30769,-111.74045,33.38434
12434,28706,-115.2426,36.06395
12435,28706,-115.27994,36.052994
12436,28706,-111.87757,33.333683
12437,28706,-111.860565,33.319473
12438,28706,-112.340294,33.465492
12439,12439,-111.899506,33.293697
12440,28706,-115.20641,36.17994
12441,28706,-111.716896,33.43614
12442,28706,-111.78979,33.35617
12443,12443,-111.85977,33.274754
12444,12444,-111.84253,33.303234
12445,28706,-111.842026,33.302025
12446,12446,-111.9704,33.30582
12447,12447,-111.92563,33.49171
12448,12448,-111.84582,33.334644
12449,12449,-111.92569,33.581585
12450,28706,-111.89049,33.67213
12451,12451,-111.798515,33.415585
12452,12452,-111.97464,33.31927
12453,28706,-111.80894,33.335884
12454,12454,-112.0705,33.44784
12455,28706,-111.91124,33.362373
12456,28706,-88.240685,40.11742
12457,28706,-111.859604,33.311382
12458,28706,-111.859604,33.311382
12459,12459,-111.859604,33.311382
12460,28706,-111.82584,33.41346
12461,28706,-111.98909,33.42159
12462,28706,-112.074196,33.51354
12463,28706,-111.944695,33.320206
12464,30769,-111.87708,33.33638
12465,30557,-111.97565,33.31796
12466,28706,-111.89828,33.52388
12467,30769,-111.97917,33.4046
12468,28706,-111.78669,33.392567
12469,12469,-112.06484,33.43726
12470,12470,-112.07359,33.476837
12471,28706,-111.84253,33.303234
12472,12472,-111.85944,33.260887
12473,12473,-111.927536,33.32154
12474,30769,-111.75213,32.878742
12475,28706,-111.79091,33.33001
12476,28706,-111.97814,33.348564
12477,28706,-111.76014,33.30625
12478,28706,-112.10129,33.678238
12479,28706,-111.80486,33.33455
12480,12480,-111.84202,33.31653
12481,28706,-111.9233,33.500515
12482,28706,-111.92993,33.350018
12483,28706,-115.167694,36.103054
12484,28706,-112.082855,33.465343
12485,28706,-111.67527,33.212574
12486,28706,-111.91462,33.393013
12487,28706,-112.0675,33.445362
12488,12488,-111.85661,33.261356
12489,28706,-111.891785,33.623486
12490,28706,-112.02123,33.496204
12491,28706,-111.93497,33.425446
12492,12492,-111.84253,33.303234
12493,12493,-111.72392,33.32106
12494,28706,-111.8226,33.32033
12495,28706,-111.952965,33.422237
12496,28706,-115.17143,36.135014
12497,28706,-111.95943,33.522007
12498,28706,-111.790085,33.35524
12499,12499,-111.75456,33.38172
12500,28706,-111.90811,33.406574
12501,12501,-111.85944,33.260887
12502,12502,-111.89841,33.30477
12503,12503,-112.12093,33.638924
12504,28706,-111.84114,33.29091
12505,28706,-111.84121,33.30213
12506,28706,-115.08318,36.022083
12507,12507,-112.19062,33.638363
12508,12508,-111.84031,33.33712
12509,30769,-115.1726,36.118793
12510,12510,-111.84235,33.302635
12511,12511,-111.842354,33.302765
12512,12512,-111.85958,33.335857
12513,28706,-111.75685,33.38168
12514,12514,-111.9949,33.303696
12515,12515,-115.119255,36.02623
12516,28706,-115.17087,36.10242
12517,28706,-111.68398,33.49412
12518,28706,-111.93037,33.32117
12519,12519,-111.85822,33.326595
12520,28706,-112.02839,33.510456
12521,23074,-112.0675,33.445362
12522,12522,-111.721756,33.381763
12523,12523,-112.073425,33.447334
12524,28706,-111.908585,33.39378
12525,28706,-111.93037,33.32117
12526,28706,-111.84191,33.2996
12527,28706,-111.88815,33.56837
12528,28706,-111.89776,33.320126
12529,28706,-111.84169,33.3019
12530,28706,-112.09698,33.538143
12531,30769,-112.074196,33.51354
12532,30769,-111.846344,33.334545
12533,28706,-111.9251,33.42234
12534,12534,-111.78991,33.355118
12535,12535,-111.8742,33.31996
12536,12536,-111.84169,33.3019
12537,12537,-111.99439,33.612354
12538,30769,-111.90197,33.306137
12539,28706,-111.74331,33.31029
12540,28706,-111.967865,33.321472
12541,28706,-111.842514,33.300156
12542,30769,-111.80777,33.373795
12543,12543,-112.181595,33.552624
12544,12544,-111.97698,33.34888
12545,28706,-111.86478,33.432087
12546,12546,-79.98357,40.45203
12547,28706,-111.582794,33.180485
12548,12548,-115.164345,36.06004
12549,12549,-111.88503,33.306114
12550,12550,-111.85977,33.274754
12551,12551,-115.17601,36.104332
12552,12552,-111.943146,33.38021
12553,30769,-111.860535,33.261147
12554,28706,-111.85977,33.274754
12555,28706,-111.789856,33.356342
12556,12556,-111.78984,33.26112
12557,12557,-111.789276,33.355034
12558,28706,-111.75561,33.345997
12559,28706,-111.925255,33.508804
12560,28706,-111.88407,33.261177
12561,12561,-111.87436,33.336075
12562,12562,-111.78999,33.236313
12563,28706,-111.91712,33.64557
12564,28706,-111.995705,33.63991
12565,12565,-88.23837,40.114132
12566,28706,-111.85842,33.33744
12567,12567,-111.82275,33.224022
12568,28706,-111.55314,33.41549
12569,12569,-111.90884,33.34826
12570,12570,-111.85969,33.3402
12571,28706,-111.875244,33.40565
12572,12572,-111.90692,33.377434
12573,28706,-111.91026,33.39371
12574,28706,-111.757416,33.30427
12575,12575,-111.92708,33.335384
12576,12576,-111.7902,33.28016
12577,28706,-111.92775,33.492905
12578,12578,-112.00285,33.448383
12579,28706,-111.90912,33.391857
12580,28706,-111.977036,33.61302
12581,28706,-111.90768,33.43246
12582,30769,-115.17124,36.11788
12583,28706,-111.78973,33.354954
12584,28706,-111.8733,33.622467
12585,12585,-111.9251,33.42234
12586,12586,-111.80274,33.384647
12587,28706,-112.02951,33.39999
12588,28706,-111.92828,33.36344
12589,12589,-111.8411,33.308956
12590,28706,-111.92764,33.31837
12591,28706,-112.0404,33.509445
12592,12592,-111.84114,33.29091
12593,12593,-111.91155,33.40709
12594,12594,-111.9263,33.320377
12595,28706,-111.75607,33.304905
12596,28706,-111.8746,33.27634
12597,12597,-111.859535,33.33992
12598,28706,-111.92547,33.566807
12599,28706,-111.97998,33.592804
12600,30769,-89.38401,43.07263
12601,30769,-112.03788,33.509254
12602,28706,-112.01307,33.610554
12603,28706,-111.865425,33.2477
12604,12604,-111.95392,33.40789
12605,12605,-111.96635,33.31977
12606,28706,-111.82591,33.29265
12607,28706,-111.91345,33.414272
12608,28706,-112.0739,33.500202
12609,12609,-111.90837,33.377415
12610,30769,-111.8921,33.29809
12611,28706,-112.26495,33.535923
12612,28706,-111.85664,33.233788
12613,12613,-111.85664,33.233788
12614,12614,-111.98909,33.42159
12615,12615,-111.97846,33.598522
12616,12616,-112.0037,33.49516
12617,28706,-111.90692,33.377434
12618,12618,-111.92563,33.49171
12619,12619,-111.90979,33.48124
12620,12620,-111.75418,33.385548
12621,28706,-111.94099,33.423275
12622,28706,-111.75967,33.420654
12623,12623,-111.82234,33.349255
12624,28706,-111.63411,33.250214
12625,28706,-111.74394,33.29779
12626,28706,-111.63393,33.242718
12627,28706,-111.75966,33.33531
12628,28706,-111.93621,33.378216
12629,28706,-111.78925,33.3542
12630,28706,-111.925545,33.47541
12631,28706,-115.1613,36.138298
12632,12632,-111.84253,33.303234
12633,28706,-111.91029,33.321354
12634,12634,-111.92589,33.49292
12635,28706,-111.71209,33.57115
12636,28706,-111.789856,33.356342
12637,28706,-112.128685,33.799694
12638,28706,-111.90752,33.4066
12639,12639,-111.856964,33.235027
12640,28706,-111.72084,33.306175
12641,28706,-111.84258,33.299873
12642,30769,-115.172295,36.127068
12643,28706,-112.22877,33.63978
12644,28706,-111.91245,33.33531
12645,12645,-112.073425,33.447334
12646,28706,-112.11646,33.560856
12647,30769,-111.991516,33.26663
12648,28706,-111.92875,33.623993
12649,12649,-111.9255,33.50109
12650,30769,-115.17306,36.091965
12651,12651,-112.14925,34.048668
12652,28706,-80.00111,40.443146
12653,28706,-111.74184,33.307846
12654,12654,-111.97308,33.52883
12655,28706,-111.926765,33.49844
12656,28706,-111.842255,33.302425
12657,28706,-111.875916,33.276257
12658,28706,-112.033966,33.465523
12659,12659,-111.991516,33.26663
12660,28706,-111.83941,33.24506
12661,28706,-115.17581,36.08995
12662,30769,-111.9618,33.304676
12663,12663,-111.74321,33.303173
12664,28706,-111.96592,33.318157
12665,28706,-111.90884,33.34826
12666,28706,-111.96083,33.487625
12667,12667,-115.24818,36.195312
12668,12668,-112.23897,33.611496
12669,12690,-111.72265,33.23494
12670,28706,-111.87434,33.33615
12671,12671,-111.96592,33.318157
12672,28706,-111.71266,33.594563
12673,12673,-111.86279,33.62802
12674,28706,-111.928825,33.37905
12675,28706,-111.92351,33.581493
12676,28706,-115.17395,36.11303
12677,12677,-111.743095,33.301903
12678,30769,-111.92948,33.319237
12679,28706,-111.91124,33.362373
12680,12680,-111.90261,33.305233
12681,12681,-111.92639,33.320343
12682,12682,-111.860565,33.364925
12683,28706,-111.72624,33.321865
12684,28706,-111.994576,33.304462
12685,28706,-111.970146,33.313572
12686,12686,-111.742744,33.29706
12687,12687,-111.94043,33.42665
12688,13375,-111.78883,33.30419
12689,28706,-111.96246,33.32168
12690,12690,-111.74097,33.30888
12691,30769,-112.00319,33.317657
12692,28706,-112.072266,33.458782
12693,28706,-112.03147,33.48778
12694,12694,-111.938385,33.39157
12695,28706,-111.91267,33.362457
12696,12696,-111.78973,33.354954
12697,28706,-111.84169,33.3019
12698,28706,-111.92944,33.319275
12699,12699,-111.92917,33.36505
12700,28706,-111.6387,33.255863
12701,12701,-111.84248,33.246338
12702,12702,-111.92944,33.319275
12703,12703,-111.92706,33.30486
12704,30769,-3.1918488,55.94984
12705,28706,-111.92565,33.494263
12706,28706,-112.23166,33.638668
12707,12707,-111.98636,33.453197
12708,12708,-111.92272,33.493565
12709,12709,-111.96135,33.351013
12710,12710,-111.787735,33.391663
12711,12711,-111.9233,33.500515
12712,28706,-111.87594,33.337257
12713,12713,-111.8693,33.435463
12714,23074,-111.858246,33.26385
12715,28706,-111.94758,33.422165
12716,28706,-112.237854,33.63042
12717,28706,-112.11045,33.689518
12718,28706,-115.16907,36.124435
12719,30769,-115.167694,36.103054
12720,12720,-111.83527,33.414715
12721,28706,-111.90065,33.30459
12722,28706,-111.92695,33.580814
12723,12723,-111.86027,33.262383
12724,12724,-111.85806,33.23327
12725,12725,-111.743675,33.306835
12726,12726,-111.78514,33.334938
12727,30769,-111.790375,33.260693
12728,12728,-112.07217,33.455864
12729,12729,-111.921455,33.466137
12730,12730,-111.890686,33.546608
12731,28706,-111.89827,33.29958
12732,12732,-111.791214,33.219017
12733,28706,-111.92019,33.466217
12734,28706,-112.073425,33.447334
12735,28706,-111.909645,33.40716
12736,28706,-111.74266,33.3004
12737,12737,-111.872856,33.30671
12738,28706,-111.755424,33.3781
12739,12739,-111.79526,33.32913
12740,12740,-111.91065,33.361435
12741,28706,-111.93052,33.364914
12742,12742,-111.85965,33.322746
12743,12743,-111.925766,33.319527
12744,28706,-111.78973,33.354954
12745,12745,-111.87601,33.304413
12746,12746,-111.90197,33.306137
12747,12747,-111.842354,33.302902
12748,12748,-111.96684,33.305733
12749,12749,-111.926865,33.453278
12750,28706,-111.9179,33.415222
12751,12751,-111.8413,33.30139
12752,30769,-111.90197,33.306137
12753,12753,-111.92948,33.319237
12754,28706,-111.98589,33.511272
12755,28706,-111.913185,33.32099
12756,28706,-111.988716,33.509197
12757,12757,-111.6387,33.255863
12758,28706,-112.07275,33.447258
12759,28706,-111.85969,33.336014
12760,28706,-111.79029,33.276333
12761,12761,-111.90802,33.422424
12762,12762,-111.72069,33.26494
12763,28706,-112.24642,33.6103
12764,28706,-111.8557,33.39083
12765,12765,-111.9348,33.42384
12766,28706,-115.17503,36.118713
12767,28706,-112.187416,33.553055
12768,28706,-111.90079,33.298786
12769,12769,-111.875916,33.276257
12770,12770,-111.74627,33.298714
12771,28706,-111.91268,33.320995
12772,28706,-111.90065,33.30459
12773,12773,-111.91064,33.37077
12774,28706,-111.791626,33.235634
12775,12775,-111.858246,33.26385
12776,28706,-111.94718,33.30594
12777,28706,-111.90065,33.30459
12778,12778,-111.87686,33.54105
12779,28706,-112.07228,33.45587
12780,28706,-115.20689,36.072517
12781,28706,-115.119125,36.02624
12782,28706,-111.71877,33.435844
12783,28706,-111.9198,33.375698
12784,28706,-111.91341,33.408203
12785,12785,-111.97982,33.49482
12786,28706,-111.92451,33.567146
12787,12787,-112.07896,33.639652
12788,23074,-112.05658,33.50833
12789,28706,-111.84582,33.334644
12790,12790,-111.66622,33.380424
12791,28706,-111.8917,33.62489
12792,12792,-111.742516,33.31984
12793,28706,-115.167755,36.123978
12794,28706,-111.88441,33.261173
12795,12795,-111.906944,33.49487
12796,12796,-112.054276,33.552692
12797,12797,-112.359474,33.4629
12798,28706,-111.92621,33.53352
12799,12799,-111.9265,33.478615
12800,28706,-111.92425,33.494312
12801,12801,-112.120346,33.64042
12802,28706,-111.968025,33.318443
12803,28706,-111.72392,33.32106
12804,12804,-111.92796,33.49821
12805,28706,-115.15112,36.086338
12806,28706,-112.03698,33.37835
12807,28706,-112.07397,33.513077
12808,28706,-111.89105,33.6271
12809,28706,-111.82128,33.335915
12810,28706,-111.75561,33.345997
12811,12811,-111.80267,33.41502
12812,28706,-111.94461,33.319756
12813,28706,-111.8795,33.581333
12814,28706,-112.140915,33.69879
12815,28706,-111.79061,33.329014
12816,12816,-111.84483,33.33605
12817,28706,-111.68651,33.214146
12818,28706,-112.07461,33.474236
12819,12819,-112.15108,33.45727
12820,30769,-111.74119,33.379124
12821,28706,-111.93498,33.480534
12822,28706,-111.7852,33.335064
12823,28706,-111.787735,33.391663
12824,28706,-115.29794,36.106503
12825,12825,-111.7716,33.33517
12826,28706,-115.1763,36.11227
12827,28706,-111.87599,33.41335
12828,28706,-111.94298,33.421413
12829,28706,-115.17406,36.107925
12830,12830,-111.82242,33.349316
12831,28706,-111.716896,33.43614
12832,28706,-112.06483,33.477
12833,28706,-111.8063,33.379913
12834,12834,-111.92769,33.499382
12835,28706,-115.135,36.1155
12836,12836,-111.896805,33.39323
12837,28706,-111.757416,33.30427
12838,12838,-111.95392,33.40789
12839,28706,-111.90853,33.480732
12840,12840,-111.80894,33.335884
12841,12841,-111.7716,33.33517
12842,28706,-112.26056,33.534855
12843,12843,-111.9602,33.42121
12844,28706,-111.75614,33.36745
12845,28706,-111.78441,33.379513
12846,28706,-111.75855,33.307465
12847,28706,-111.926735,33.58314
12848,12848,-111.85825,33.326923
12849,28706,-111.63393,33.242718
12850,28706,-111.87247,33.378014
12851,12851,-111.68445,33.40964
12852,28706,-111.859726,33.339962
12853,28706,-111.66622,33.380424
12854,28706,-111.90545,33.432915
12855,12855,-111.90506,33.672047
12856,28706,-111.82591,33.29265
12857,28706,-115.30757,36.113693
12858,28706,-111.873634,33.304493
12859,28706,-111.74331,33.31029
12860,28706,-111.78979,33.357132
12861,30769,-111.790115,33.356728
12862,28706,-111.99131,33.305824
12863,28706,-111.790016,33.35597
12864,12864,-111.75638,33.385082
12865,12865,-111.83955,33.420338
12866,12866,-111.78723,33.378468
12867,12867,-111.859726,33.339962
12868,12868,-111.790665,33.329014
12869,12869,-111.949165,33.34961
12870,12870,-111.789314,33.32073
12871,28706,-111.78926,33.354126
12872,28706,-111.789856,33.356342
12873,28706,-111.758255,33.378983
12874,28706,-111.83323,33.4154
12875,12875,-111.78983,33.354767
12876,30769,-111.911095,33.39264
12877,28706,-111.92796,33.49821
12878,28706,-111.97698,33.34888
12879,30769,-111.685936,33.465904
12880,12880,-111.860565,33.364925
12881,12881,-111.860214,33.274822
12882,12882,-112.11646,33.560856
12883,28706,-111.755424,33.3781
12884,28706,-112.073425,33.447334
12885,28706,-111.84026,33.41485
12886,12886,-111.78678,33.450356
12887,12887,-111.86142,33.37831
12888,28706,-111.9161,33.419567
12889,28706,-111.941376,33.423275
12890,28706,-111.755424,33.3781
12891,30769,-111.79242,33.378643
12892,28706,-115.173874,36.109753
12893,12893,-111.789276,33.355034
12894,30769,-111.73821,33.41594
12895,28706,-111.93152,33.493298
12896,28706,-112.03776,33.507843
12897,28706,-111.75992,33.290676
12898,28706,-111.99559,33.511234
12899,30769,-112.03918,33.494343
12900,12900,-111.78977,33.356873
12901,12901,-112.08388,33.49745
12902,28706,-111.87385,33.619835
12903,28706,-111.842064,33.30211
12904,28706,-111.68719,33.375053
12905,12905,-111.9283,33.502007
12906,12906,-111.94051,33.424126
12907,28706,-111.97811,33.59784
12908,28706,-111.84121,33.30213
12909,28706,-112.03397,33.508984
12910,28706,-111.88704,33.58017
12911,12911,-111.635124,33.36576
12912,30769,-111.789314,33.32073
12913,28706,-111.75499,33.351376
12914,28706,-111.96528,33.675354
12915,28706,-111.93051,33.64885
12916,28706,-111.97018,33.410862
12917,28706,-111.90765,33.394054
12918,12918,-111.92598,33.476994
12919,28706,-111.929924,33.349712
12920,12920,-111.78953,33.354343
12921,12921,-115.17229,36.115147
12922,12922,-111.92627,33.637753
12923,12923,-111.74256,33.37828
12924,28706,-111.95036,33.4216
12925,28706,-111.9923,33.480152
12926,12926,-111.821304,33.349445
12927,28706,-111.7212,33.3666
12928,12928,-111.836136,33.416798
12929,12929,-111.685936,33.465904
12930,12930,-115.1613,36.138298
12931,28706,-111.84164,33.322636
12932,12932,-111.72084,33.306175
12933,28706,-111.75704,33.37962
12934,28706,-111.875336,33.277004
12935,12935,-111.85926,33.31953
12936,28706,-111.86606,33.435165
12937,12937,-111.79821,33.422718
12938,28706,-112.13486,33.472248
12939,12939,-111.68771,33.322468
12940,12940,-111.84111,33.363014
12941,12941,-111.7396,33.33497
12942,28706,-111.790115,33.356728
12943,12943,-111.68502,33.46734
12944,30769,-111.742516,33.31984
12945,23074,-112.02849,33.510426
12946,28706,-111.883514,33.421463
12947,12947,-111.753044,33.392246
12948,12948,-111.77975,33.37889
12949,28706,-111.789024,33.352825
12950,28706,-111.68226,33.46673
12951,12951,-111.934784,33.42461
12952,30769,-111.90133,33.297695
12953,12953,-111.94167,33.463852
12954,12954,-111.78983,33.354767
12955,28706,-111.90998,33.347878
12956,28706,-111.72392,33.32106
12957,12957,-111.90998,33.347878
12958,28706,-112.34188,33.463543
12959,28706,-111.840355,33.418373
12960,28706,-111.73239,33.258827
12961,12961,-111.756966,33.381126
12962,28706,-111.89333,33.62839
12963,28706,-111.87436,33.336075
12964,12964,-111.78973,33.354954
12965,12965,-111.860275,33.2618
12966,12966,-111.94378,33.31869
12967,30557,-111.82272,33.322662
12968,12968,-111.68428,33.265472
12969,28706,-112.171936,33.638557
12970,28706,-111.821304,33.349445
12971,12971,-111.71806,33.39371
12972,12972,-111.79242,33.378643
12973,28706,-111.99559,33.511234
12974,28706,-111.98451,33.509106
12975,12975,-112.18585,33.51119
12976,28706,-115.20749,35.999523
12977,30557,-111.756035,33.30083
12978,12978,-111.790115,33.356728
12979,12979,-111.75704,33.37962
12980,28706,-111.757416,33.30427
12981,28706,-111.85576,33.39053
12982,28706,-111.75602,33.30485
12983,28706,-111.87599,33.413055
12984,28706,-112.11646,33.560856
12985,28706,-111.907875,33.377914
12986,28706,-111.68464,33.395008
12987,28706,-111.940254,33.425964
12988,12988,-111.97565,33.31796
12989,12989,-111.74394,33.29779
12990,12990,-111.757416,33.30427
12991,28706,-111.72069,33.26494
12992,28706,-111.68641,33.312725
12993,30769,-111.99159,33.49524
12994,28706,-111.84258,33.299873
12995,12995,-111.63411,33.250214
12996,28706,-111.98909,33.42159
12997,12997,-111.565,33.16141
12998,30769,-111.638664,33.25568
12999,28706,-112.09746,33.463364
13000,28706,-115.26182,36.11304
13001,28706,-111.84111,33.363014
13002,28706,-112.06539,33.466686
13003,28706,-115.17143,36.135014
13004,28706,-111.90849,33.430023
13005,13005,-111.92922,33.497566
13006,28706,-111.91178,33.364212
13007,13007,-111.897644,33.319763
13008,28706,-111.80894,33.335884
13009,13009,-111.68715,33.325325
13010,28706,-111.583275,33.220783
13011,13011,-111.92566,33.51083
13012,13012,-111.928185,33.501774
13013,13013,-111.59601,33.22378
13014,13014,-111.63411,33.250214
13015,30769,-111.63351,33.25473
13016,13016,-111.91462,33.393013
13017,28706,-111.68727,33.26523
13018,13018,-111.87511,33.394802
13019,28706,-111.75213,32.878742
13020,28706,-111.786835,33.305935
13021,13021,-111.83933,33.246418
13022,13022,-111.82272,33.322662
13023,28706,-73.571556,45.500553
13024,28706,-111.98934,33.494595
13025,13025,-111.927,33.474373
13026,28706,-111.86339,33.23444
13027,28706,-112.073204,33.449593
13028,28706,-111.87502,33.276276
13029,13029,-111.904175,33.622288
13030,13030,-111.93953,33.42387
13031,28706,-112.06401,33.538994
13032,28706,-111.842514,33.300156
13033,28706,-112.24182,33.796684
13034,13034,-111.87502,33.276276
13035,28706,-111.80616,33.33455
13036,28706,-111.791626,33.235634
13037,13037,-111.857704,33.262707
13038,13038,-111.84114,33.24765
13039,28706,-111.7195,33.34711
13040,13040,-111.842255,33.302425
13041,28706,-111.85944,33.260887
13042,13042,-111.861015,33.27541
13043,13043,-111.86036,33.233692
13044,28706,-112.184616,33.538345
13045,13045,-111.72417,33.38128
13046,13046,-111.860535,33.261147
13047,13047,-115.176674,36.090755
13048,28706,-111.874886,33.276276
13049,28706,-115.15354,36.11416
13050,13050,-112.28917,33.563953
13051,28706,-111.87393,33.622734
13052,28706,-112.07896,33.639652
13053,28706,-115.175186,36.098766
13054,28706,-111.87922,33.581512
13055,28706,-111.68719,33.375053
13056,28706,-111.833664,33.416603
13057,30769,-111.924484,33.56611
13058,30769,-111.90663,33.43274
13059,30769,-111.926506,33.496647
13060,30769,-111.9265,33.49973
13061,13061,-111.92328,33.676228
13062,30769,-111.973175,33.52877
13063,13063,-111.92427,33.492287
13064,28706,-111.91693,33.42156
13065,30769,-111.83657,33.586987
13066,13066,-111.95183,33.50222
13067,13067,-111.98983,33.49462
13068,28706,-111.90739,33.53704
13069,13069,-115.17306,36.091965
13070,28706,-111.89016,33.540356
13071,28706,-112.02123,33.496204
13072,28706,-115.17167,36.11025
13073,28706,-111.92222,33.482235
13074,28706,-112.089836,33.457226
13075,13075,-111.92534,33.4944
13076,28706,-111.95183,33.50222
13077,13077,-112.51287,33.49592
13078,13078,-112.261795,33.53378
13079,28706,-111.92293,33.492752
13080,28706,-111.89627,33.620598
13081,13081,-111.94096,33.832527
13082,28706,-112.073425,33.447334
13083,13083,-111.977776,33.33193
13084,28706,-111.926575,33.61727
13085,13085,-111.86321,33.638275
13086,28706,-111.92463,33.526604
13087,13087,-111.89221,33.61961
13088,13088,-115.17127,36.11288
13089,28706,-111.89912,33.522816
13090,30557,-111.90851,33.486828
13091,28706,-111.72392,33.32106
13092,13092,-111.941376,33.423275
13093,30769,-111.72392,33.32106
13094,13094,-111.89928,33.524242
13095,13095,-111.93152,33.493298
13096,13096,-112.054276,33.552692
13097,13097,-111.92483,33.581875
13098,13098,-111.89928,33.524242
13099,28706,-111.92646,33.494736
13100,13100,-111.98135,33.597363
13101,13101,-111.92427,33.58329
13102,28706,-111.918236,33.634583
13103,28706,-112.11052,33.611786
13104,28706,-111.94468,33.439945
13105,13105,-111.90578,33.671642
13106,28706,-111.928894,33.49311
13107,30769,-111.889915,33.56908
13108,28706,-111.85822,33.378353
13109,30769,-111.96636,33.676544
13110,30769,-111.88762,33.630013
13111,23074,-111.92713,33.57968
13112,13112,-111.89793,33.523876
13113,28706,-112.06281,33.60756
13114,28706,-111.90604,33.53795
13115,28706,-111.89802,33.523876
13116,30769,-111.948906,33.507557
13117,30557,-111.78441,33.379513
13118,30769,-111.89839,33.619488
13119,13119,-111.904175,33.544373
13120,13120,-111.89814,33.62055
13121,28706,-111.9161,33.419567
13122,13122,-111.93029,33.624203
13123,28706,-111.925415,33.587128
13124,28706,-112.07444,33.447647
13125,28706,-111.88781,33.48067
13126,30769,-111.925575,33.564854
13127,28706,-111.928185,33.501774
13128,28706,-111.87926,33.63937
13129,13129,-111.875244,33.40565
13130,28706,-111.91906,33.50137
13131,13131,-111.92227,33.584015
13132,28706,-111.98909,33.42159
13133,28706,-111.89351,33.627815
13134,28706,-111.922195,33.500523
13135,28706,-111.887825,33.537743
13136,28706,-112.07127,33.508995
13137,30769,-111.88573,33.56917
13138,13138,-111.92358,33.491535
13139,13139,-111.90604,33.53795
13140,13140,-111.95997,33.587887
13141,13141,-111.92628,33.528217
13142,28706,-111.8802,33.581043
13143,28706,-115.174644,36.109913
13144,13144,-111.8802,33.581043
13145,13145,-111.67014,33.415684
13146,30557,-111.687454,33.325714
13147,28706,-111.88877,33.696724
13148,13148,-111.84111,33.363014
13149,30769,-111.8624,33.573444
13150,30769,-115.17259,36.112953
13151,28706,-111.978355,33.628124
13152,28706,-112.222336,33.63779
13153,28706,-111.9864,33.5107
13154,28706,-111.945366,33.8322
13155,28706,-112.02105,33.64032
13156,13156,-112.065636,33.44916
13157,13157,-115.13871,36.169216
13158,13158,-111.92505,33.625366
13159,13159,-111.88911,33.57022
13160,30769,-111.92975,33.494247
13161,28706,-111.896645,33.625317
13162,13162,-115.16938,36.10251
13163,13163,-111.89351,33.627815
13164,28706,-111.90788,33.522945
13165,13165,-111.92584,33.49162
13166,13166,-111.924934,33.6239
13167,13167,-111.97811,33.59784
13168,28706,-112.23968,33.609863
13169,28706,-111.92133,33.636242
13170,13170,-111.878845,33.55517
13171,28706,-111.944046,33.436962
13172,28706,-111.92584,33.49162
13173,13375,-111.93308,33.65803
13174,30769,-111.9259,33.585285
13175,30769,-111.93103,33.493267
13176,28706,-111.924095,33.492203
13177,28706,-111.909386,33.485096
13178,30769,-115.16587,36.126877
13179,28706,-115.185196,36.12566
13180,28706,-115.19906,36.114304
13181,30769,-111.86569,33.53887
13182,28706,-115.176704,36.09028
13183,30557,-115.2682,36.207485
13184,28706,-115.17259,36.112953
13185,28706,-111.9265,33.49973
13186,13186,-111.831474,33.415356
13187,28706,-111.93084,33.496696
13188,13188,-111.92448,33.62557
13189,28706,-111.92857,33.498913
13190,28706,-115.193504,36.038464
13191,28706,-111.940346,33.62533
13192,28706,-111.92531,33.526226
13193,13193,-112.39657,33.6385
13194,28706,-111.99511,33.494488
13195,28706,-115.173874,36.109753
13196,28706,-111.923,33.5015
13197,13197,-112.06453,33.537617
13198,30769,-115.1563,36.142338
13199,13199,-111.91088,33.479633
13200,13200,-111.82445,33.382034
13201,28706,-111.886665,33.536114
13202,28706,-112.0675,33.445362
13203,23608,-111.89904,33.55519
13204,30769,-111.92594,33.497276
13205,13205,-111.92632,33.494377
13206,28706,-112.04791,33.47893
13207,13207,-112.340294,33.510586
13208,13208,-112.02769,33.510315
13209,13209,-111.98837,33.47994
13210,28706,-111.91153,33.509792
13211,28706,-112.082855,33.465343
13212,13212,-115.17153,36.117573
13213,13213,-111.924644,33.497574
13214,30769,-115.1696,36.121452
13215,28706,-89.4077,43.067436
13216,28706,-115.15387,36.110085
13217,28706,-115.1746,36.116764
13218,28706,-112.07603,33.375362
13219,28706,-115.20247,36.144047
13220,13220,-115.17618,36.115856
13221,28706,-111.92796,33.49821
13222,28706,-115.13576,36.035084
13223,13223,-115.12269,36.057693
13224,28706,-111.864815,33.614304
13225,23074,-111.87686,33.54105
13226,28706,-111.92541,33.515713
13227,28706,-112.06096,33.50953
13228,28706,-111.918,33.50232
13229,13229,-111.87624,33.554436
13230,28706,-111.92033,33.54949
13231,13231,-111.92454,33.530727
13232,30769,-111.92454,33.530727
13233,28706,-115.206345,35.994972
13234,30769,-112.065636,33.44916
13235,28706,-115.17124,36.11788
13236,13236,-111.90516,33.431896
13237,13237,-115.17332,36.11567
13238,30769,-111.924904,33.510914
13239,28706,-111.995514,33.50243
13240,28706,-115.14528,36.1616
13241,28706,-111.9233,33.500515
13242,13242,-111.88075,33.55738
13243,28706,-111.88503,33.53814
13244,13244,-111.7903,33.329292
13245,28706,-89.35532,43.092377
13246,13246,-111.72084,33.306175
13247,28706,-111.921135,33.499172
13248,13248,-111.887695,33.538803
13249,13249,-111.92648,33.474552
13250,30769,-112.11519,33.56719
13251,28706,-111.86569,33.53887
13252,28706,-115.28703,36.166676
13253,28706,-112.00837,33.418617
13254,13254,-111.93095,33.492477
13255,28706,-111.93621,33.378216
13256,28706,-111.85926,33.31954
13257,28706,-111.94457,33.335052
13258,28706,-115.22587,36.055244
13259,28706,-115.17258,36.117775
13260,13260,-111.900154,33.522736
13261,28706,-3.2078898,55.950645
13262,28706,-112.14925,34.048668
13263,13263,-115.14277,36.16997
13264,28706,-111.97846,33.598522
13265,13265,-111.92562,33.493855
13266,28706,-112.04739,33.4692
13267,13267,-112.079155,33.462337
13268,28706,-115.180565,36.14486
13269,13269,-111.9265,33.49973
13270,30769,-115.1763,36.11227
13271,28706,-111.95478,33.827812
13272,30769,-111.92605,33.49417
13273,28706,-111.899925,33.297394
13274,13274,-111.88882,33.536194
13275,13275,-112.07669,33.451775
13276,13276,-111.7212,33.3666
13277,28706,-111.9259,33.4943
13278,13278,-112.03594,33.508713
13279,28706,-111.9104,33.510536
13280,30557,-111.92568,33.50306
13281,30769,-112.07085,33.45184
13282,28706,-111.909294,33.480995
13283,28706,-111.92718,33.499454
13284,30769,-115.1696,36.121452
13285,30769,-111.92796,33.49821
13286,13286,-112.17907,33.639347
13287,28706,-112.082306,33.465755
13288,13288,-112.35873,33.459194
13289,30769,-112.35789,33.49642
13290,28706,-115.14879,36.167496
13291,13291,-111.925766,33.778988
13292,13292,-80.85149,35.05261
13293,13293,-112.07461,33.474236
13294,28706,-112.099625,33.611423
13295,13295,-111.78603,33.30524
13296,13296,-111.92373,33.635464
13297,13297,-112.06343,33.44752
13298,13298,-112.134315,33.59905
13299,28706,-111.91699,33.495335
13300,28706,-111.92351,33.62336
13301,28706,-111.83741,33.58735
13302,30769,-111.94043,33.42665
13303,28706,-111.96637,33.37875
13304,13304,-111.99844,33.611675
13305,28706,-111.925835,33.621162
13306,13306,-111.9267,33.581894
13307,28706,-115.17524,36.116566
13308,13308,-111.986916,33.449505
13309,30769,-111.921234,33.428543
13310,13310,-111.93953,33.42387
13311,13311,-112.179596,33.609203
13312,28706,-112.23567,33.56168
13313,13313,-111.927216,33.5314
13314,13314,-112.10124,33.69889
13315,13315,-112.08777,33.474533
13316,13316,-111.97976,33.58406
13317,30769,-111.89228,33.62004
13318,28706,-115.17106,36.11242
13319,13319,-112.13908,33.86405
13320,28706,-112.09086,33.68786
13321,28706,-112.06096,33.50953
13322,13322,-112.361534,33.61106
13323,28706,-111.86466,33.62588
13324,13324,-111.86066,33.410545
13325,13325,-111.890274,33.56924
13326,28706,-111.84261,33.302094
13327,28706,-111.88892,33.56866
13328,30769,-115.152756,36.04253
13329,28706,-111.89623,33.62662
13330,13330,-111.89105,33.6271
13331,13331,-111.88846,33.70003
13332,28706,-115.209915,36.126427
13333,13333,-111.9257,33.58142
13334,28706,-112.26204,33.53305
13335,13335,-111.99559,33.511234
13336,28706,-112.341606,33.456554
13337,28706,-111.889786,33.700935
13338,28706,-111.88807,33.630234
13339,13339,-111.92922,33.497566
13340,28706,-111.87475,33.32603
13341,13341,-111.92986,33.62345
13342,13342,-111.94819,33.393543
13343,28706,-111.92595,33.492382
13344,30769,-111.97827,33.742886
13345,28706,-115.17086,36.10993
13346,28706,-111.92691,33.463375
13347,13347,-112.06551,33.576332
13348,28706,-111.97119,33.67655
13349,28706,-111.968124,33.336864
13350,13350,-111.941315,33.625683
13351,28706,-111.9348,33.42384
13352,28706,-111.899635,33.554825
13353,13353,-111.92505,33.625366
13354,13354,-112.0737,33.44718
13355,13355,-111.92569,33.581585
13356,13356,-111.988716,33.509197
13357,13357,-111.92303,33.63381
13358,28706,-115.16879,36.122967
13359,13359,-112.23371,33.652077
13360,28706,-115.16296,36.12714
13361,28706,-111.92255,33.63534
13362,13362,-111.926285,33.624992
13363,13363,-111.85306,33.72681
13364,13364,-111.9245,33.624264
13365,13365,-112.06892,33.640152
13366,13366,-115.15458,36.119186
13367,28706,-111.91648,33.64488
13368,28706,-115.19083,36.13164
13369,28706,-115.106995,36.001556
13370,13370,-111.92413,33.6343
13371,13371,-111.98907,33.59956
13372,23074,-111.92555,33.564976
13373,28706,-115.333855,36.155964
13374,30769,-115.17516,36.109875
13375,13375,-111.93308,33.65803
13376,28706,-111.92524,33.640568
13377,28706,-111.89747,33.622242
13378,30769,-111.88353,33.58348
13379,28706,-115.1613,36.138298
13380,28706,-111.899635,33.554825
13381,28706,-111.94082,33.423077
13382,13382,-111.75427,33.37781
13383,28706,-111.8871,33.547974
13384,28706,-111.97359,33.281574
13385,28706,-111.92535,33.633804
13386,28706,-111.86267,33.32013
13387,28706,-111.88893,33.700867
13388,28706,-112.02636,33.50909
13389,28706,-115.139915,36.169243
13390,28706,-112.11373,33.715096
13391,28706,-111.922005,33.416733
13392,13392,-111.90923,33.590168
13393,28706,-111.83618,33.72979
13394,28706,-111.74095,33.379765
13395,28706,-111.92133,33.636242
13396,28706,-115.27853,36.057846
13397,13397,-111.92133,33.636242
13398,30769,-115.20888,36.09506
13399,28706,-115.167725,36.103397
13400,28706,-115.17669,36.117455
13401,30769,-111.93256,33.625645
13402,13402,-112.354836,33.640923
13403,28706,-115.1702,36.12269
13404,30769,-111.93256,33.625645
13405,28706,-3.2080517,55.94347
13406,13406,-115.170975,36.114277
13407,30769,-111.878845,33.55517
13408,28706,-115.286835,36.16732
13409,28706,-111.93256,33.625645
13410,28706,-115.28672,36.167316
13411,28706,-80.82462,35.20136
13412,28706,-111.92589,33.586834
13413,28706,-111.93498,33.480534
13414,28706,-111.80616,33.33455
13415,28706,-111.92555,33.492203
13416,28706,-111.87393,33.622734
13417,13417,-111.97308,33.52883
13418,28706,-111.97852,33.583923
13419,28706,-112.073875,33.446995
13420,28706,-111.899635,33.554825
13421,28706,-115.15531,36.11022
13422,13422,-112.07486,33.448936
13423,13423,-111.92427,33.492287
13424,28706,-115.10661,36.176548
13425,30769,-112.03701,33.50547
13426,28706,-115.17203,36.11494
13427,13427,-111.92765,33.61101
13428,13428,-111.89497,33.582962
13429,28706,-111.924065,33.5797
13430,13430,-111.92503,33.565964
13431,13431,-111.88332,33.583534
13432,28706,-111.94438,33.6397
13433,28706,-111.91585,33.697605
13434,28706,-112.08164,33.465992
13435,28706,-112.35826,33.638195
13436,30769,-111.91033,33.486916
13437,28706,-111.92796,33.49821
13438,28706,-111.92657,33.499386
13439,28706,-111.92719,33.61297
13440,13440,-112.07991,33.45496
13441,30769,-111.928825,33.82903
13442,13442,-112.07308,33.56747
13443,13443,-111.94353,33.62466
13444,28706,-111.92586,33.52929
13445,28706,-111.8557,33.39083
13446,28706,-115.30628,36.114822
13447,13447,-111.97461,33.678616
13448,28706,-115.17618,36.115856
13449,28706,-111.92555,33.564976
13450,13450,-115.1177,36.017395
13451,13451,-111.92365,33.625546
13452,13452,-112.06483,33.457333
13453,28706,-111.927666,33.579617
13454,28706,-111.92663,33.475277
13455,28706,-111.97931,33.675674
13456,28706,-112.18689,33.662468
13457,28706,-111.9272,33.60663
13458,13458,-111.88812,33.576557
13459,13459,-115.164345,36.06004
13460,13460,-111.88905,33.628826
13461,28706,-111.92405,33.581863
13462,28706,-111.92794,33.58294
13463,28706,-112.02123,33.496204
13464,13464,-112.028336,33.480034
13465,13465,-115.172226,36.11094
13466,28706,-111.92269,33.500526
13467,28706,-111.879074,33.579002
13468,13468,-115.27639,36.129875
13469,28706,-111.96635,33.31977
13470,13470,-112.00717,33.435467
13471,30769,-112.05806,33.550854
13472,28706,-111.921486,33.6365
13473,28706,-112.05858,33.800053
13474,13474,-111.91994,33.50182
13475,13475,-112.35939,33.611492
13476,28706,-111.90859,33.406624
13477,13477,-111.90551,33.573765
13478,28706,-115.16591,36.127686
13479,13479,-111.92612,33.532578
13480,28706,-111.92637,33.62349
13481,28706,-111.929245,33.65774
13482,23074,-115.15126,36.10913
13483,28706,-115.174355,36.092293
13484,30769,-111.96063,33.64
13485,28706,-111.92245,33.634277
13486,28706,-111.92796,33.49821
13487,13487,-115.27943,36.19797
13488,28706,-115.04282,36.067123
13489,13489,-111.92713,33.57968
13490,28706,-111.8795,33.581333
13491,13491,-111.97952,33.6384
13492,13492,-111.92427,33.539143
13493,28706,-111.92713,33.57968
13494,28706,-111.9283,33.502007
13495,28706,-111.88672,33.57047
13496,13496,-112.04751,33.52433
13497,30769,-115.20631,36.12659
13498,28706,-111.93072,33.363735
13499,13499,-115.16559,36.12689
13500,28706,-111.98048,33.596786
13501,13501,-112.120705,33.667572
13502,13502,-112.02581,33.441082
13503,28706,-111.89145,33.62742
13504,13504,-112.10023,33.626423
13505,13505,-112.06544,33.595097
13506,13506,-111.89832,33.299843
13507,28706,-111.89839,33.619488
13508,28706,-115.28559,36.16719
13509,28706,-115.17262,36.12956
13510,13510,-111.954414,33.449184
13511,13511,-111.90713,33.39263
13512,28706,-112.35912,33.638172
13513,30769,-111.978775,33.60077
13514,28706,-111.970184,33.340645
13515,13515,-115.14164,36.169453
13516,28706,-111.92405,33.581863
13517,30769,-111.89105,33.6271
13518,13518,-112.07908,33.49112
13519,28706,-112.02814,33.510223
13520,13520,-111.9784,33.59783
13521,13521,-111.88672,33.57047
13522,28706,-115.19791,36.125908
13523,28706,-111.92589,33.586834
13524,28706,-111.91382,33.494644
13525,28706,-111.89946,33.557293
13526,28706,-115.17259,36.112953
13527,28706,-111.93644,33.422863
13528,28706,-111.89122,33.6281
13529,28706,-111.923256,33.58223
13530,13530,-111.92514,33.542786
13531,28706,-115.16901,35.965446
13532,28706,-111.931244,33.49337
13533,28706,-112.049126,33.4368
13534,28706,-111.873436,33.413322
13535,13535,-112.15217,33.479485
13536,28706,-111.87385,33.619835
13537,13537,-112.15222,33.596447
13538,28706,-111.93961,33.42608
13539,28706,-112.00361,33.494633
13540,28706,-111.924065,33.5797
13541,30557,-111.88672,33.57047
13542,13542,-112.00845,33.581757
13543,28706,-111.9348,33.42384
13544,28706,-111.88672,33.57047
13545,13545,-115.21632,36.143684
13546,28706,-111.92589,33.586834
13547,13547,-111.883736,33.583702
13548,13548,-112.056564,33.550343
13549,28706,-111.88672,33.57047
13550,28706,-115.17249,36.105267
13551,28706,-111.92453,33.626465
13552,28706,-111.92858,33.507435
13553,13553,-115.1952,36.11531
13554,28706,-111.89978,33.523556
13555,28706,-111.97784,33.678036
13556,13556,-111.8864,33.581165
13557,13557,-111.91699,33.495335
13558,28706,-112.07908,33.49112
13559,28706,-115.17462,36.11694
13560,28706,-111.87953,33.581432
13561,13561,-115.17516,36.109875
13562,28706,-111.926476,33.497753
13563,28706,-111.71668,33.604015
13564,28706,-111.93972,33.42531
13565,28706,-111.89497,33.582962
13566,13566,-111.8802,33.581043
13567,28706,-111.925316,33.577934
13568,13568,-112.040794,33.68793
13569,13569,-111.92227,33.584015
13570,13570,-111.715385,33.60149
13571,28706,-111.78678,33.450356
13572,13572,-112.3355,33.460354
13573,28706,-111.87599,33.41335
13574,13574,-112.03017,33.671425
13575,30557,-111.89915,33.556744
13576,13576,-112.35909,33.608376
13577,28706,-111.77289,33.423706
13578,28706,-111.8859,33.545685
13579,30769,-112.255974,33.572426
13580,30769,-111.92432,33.499275
13581,13581,-111.90713,33.432552
13582,28706,-111.92414,33.6247
13583,28706,-112.1159,33.587765
13584,13584,-111.918,33.50232
13585,28706,-112.0404,33.509445
13586,28706,-115.16348,36.113026
13587,28706,-115.17425,36.102516
13588,28706,-111.92933,33.583122
13589,28706,-111.88627,33.57712
13590,28706,-115.22431,36.049065
13591,28706,-111.865005,33.730907
13592,13592,-111.9787,33.678043
13593,13593,-111.92387,33.539803
13594,28706,-115.15259,36.108295
13595,28706,-115.173874,36.109753
13596,13596,-112.02814,33.510223
13597,13597,-111.88815,33.56837
13598,28706,-111.92239,33.501007
13599,13599,-111.89351,33.627815
13600,28706,-111.79169,33.36009
13601,13601,-111.92066,33.48725
13602,28706,-115.1725,36.110065
13603,28706,-111.889626,33.56953
13604,13604,-111.89904,33.620514
13605,13605,-111.89205,33.622887
13606,28706,-111.90547,33.544228
13607,28706,-111.92325,33.499825
13608,28706,-111.92068,33.497047
13609,28706,-111.92427,33.492287
13610,13610,-115.13952,36.169872
13611,13611,-111.90547,33.544228
13612,30769,-111.85414,33.40779
13613,28706,-111.890686,33.546608
13614,28706,-115.14879,36.167496
13615,13615,-111.92559,33.564953
13616,30769,-79.981895,40.42913
13617,28706,-111.92351,33.4998
13618,28706,-112.07427,33.447517
13619,13619,-80.00245,40.440094
13620,30769,-115.17105,36.12595
13621,28706,-111.95935,33.521988
13622,28706,-112.082855,33.465343
13623,28706,-111.91234,33.634113
13624,13624,-111.92427,33.492287
13625,28706,-115.16821,36.127586
13626,13626,-115.17277,36.10408
13627,13627,-111.875984,33.413902
13628,28706,-115.17105,36.12595
13629,28706,-112.065346,33.511677
13630,13630,-111.92933,33.583122
13631,30769,-115.00943,36.27326
13632,28706,-111.92477,33.637135
13633,13633,-111.94324,33.42773
13634,30769,-115.176674,36.090755
13635,28706,-115.17305,36.118965
13636,28706,-111.73239,33.258827
13637,28706,-73.55351,45.505966
13638,28706,-115.17141,36.099007
13639,28706,-112.073425,33.447334
13640,28706,-111.92427,33.492287
13641,28706,-111.918686,33.566635
13642,13642,-111.918686,33.566635
13643,28706,-112.22394,33.637062
13644,28706,-111.951614,33.421337
13645,28706,-111.906,33.542786
13646,13646,-111.892105,33.622715
13647,30557,-111.78991,33.355118
13648,28706,-111.90435,33.543568
13649,13649,-111.87138,33.43566
13650,28706,-112.0395,33.50987
13651,28706,-111.930336,33.624638
13652,30769,-111.99497,33.43605
13653,13653,-111.83645,33.586655
13654,28706,-111.99492,33.50903
13655,28706,-111.916115,33.54898
13656,28706,-111.916115,33.54898
13657,28706,-111.92222,33.482235
13658,30769,-111.92473,33.626343
13659,28706,-115.243866,36.086548
13660,28706,-111.924614,33.63925
13661,13661,-111.97862,33.58383
13662,28706,-112.75274,33.96392
13663,28706,-115.152214,36.238003
13664,30769,-115.17229,36.115147
13665,28706,-115.15078,36.238735
13666,13666,-112.11067,33.640343
13667,30769,-115.04833,36.05661
13668,13668,-111.88664,33.652416
13669,28706,-115.17459,36.112022
13670,30769,-112.23166,33.638668
13671,13671,-111.864914,33.612568
13672,28706,-115.209656,36.127045
13673,13673,-111.76157,33.5782
13674,13674,-111.92381,33.630455
13675,13675,-111.855576,33.626987
13676,30769,-115.1696,36.121452
13677,28706,-111.89145,33.62742
13678,28706,-115.16908,36.123558
13679,30769,-115.17704,36.10762
13680,13680,-112.00975,33.652214
13681,28706,-115.17076,36.123367
13682,28706,-111.92448,33.62557
13683,28706,-112.00525,33.4954
13684,13684,-111.92898,33.494953
13685,13685,-111.92463,33.526604
13686,28706,-111.70334,33.450253
13687,28706,-112.219315,33.597385
13688,13688,-111.92414,33.6247
13689,28706,-111.9309,33.58303
13690,13690,-112.07421,33.448036
13691,28706,-112.26073,33.53095
13692,13692,-115.23067,36.145134
13693,13693,-115.20169,36.103138
13694,30769,-111.924934,33.6239
13695,30769,-111.95117,33.421658
13696,28706,-111.95709,33.377953
13697,28706,-111.88573,33.56917
13698,23074,-111.96461,33.34455
13699,28706,-111.92384,33.635555
13700,28706,-112.078766,33.50958
13701,30769,-111.86059,33.32102
13702,28706,-112.126114,33.47456
13703,13703,-111.89814,33.62055
13704,28706,-111.92589,33.586834
13705,13705,-111.97128,33.6758
13706,28706,-111.86594,33.656197
13707,28706,-115.17345,36.10306
13708,28706,-112.078766,33.50958
13709,28706,-111.93356,33.492912
13710,28706,-111.89891,33.583294
13711,28706,-111.922264,33.636967
13712,13712,-111.9309,33.58303
13713,13713,-111.94537,33.63992
13714,28706,-111.97858,33.677853
13715,13715,-112.070465,33.452625
13716,13716,-112.06535,33.519577
13717,28706,-111.893005,33.629578
13718,28706,-111.93508,33.48131
13719,30769,-115.11905,36.06513
13720,28706,-111.89477,33.627304
13721,13721,-89.39336,43.07273
13722,13722,-111.85499,33.62719
13723,28706,-111.905495,33.43018
13724,28706,-111.982765,33.60154
13725,13725,-111.89741,33.639843
13726,28706,-115.279594,36.084366
13727,28706,-112.221115,33.467304
13728,28706,-115.17261,36.109623
13729,28706,-112.07346,33.566128
13730,28706,-111.89623,33.62662
13731,28706,-111.642784,33.27908
13732,28706,-112.07449,33.509724
13733,30557,-112.27923,33.680916
13734,13734,-112.35909,33.608376
13735,13735,-111.90483,33.57417
13736,13736,-112.15434,33.63888
13737,13737,-111.80486,33.33455
13738,28706,-111.891525,33.627163
13739,13739,-111.90578,33.671642
13740,13740,-111.92588,33.61741
13741,13741,-111.925575,33.564854
13742,13742,-111.92106,33.636818
13743,13743,-111.92429,33.480343
13744,28706,-112.02636,33.50909
13745,13745,-111.89477,33.627304
13746,28706,-111.83741,33.58735
13747,13747,-111.92389,33.63416
13748,13748,-112.13489,33.653374
13749,13749,-111.97565,33.31796
13750,13750,-111.92473,33.626343
13751,13751,-112.18759,33.66274
13752,13752,-111.99566,33.626667
13753,13753,-111.84582,33.334644
13754,28706,-112.06567,33.487747
13755,13755,-111.78977,33.356873
13756,28706,-112.35909,33.608376
13757,13757,-111.92635,33.46439
13758,28706,-111.92415,33.50155
13759,13759,-111.715546,33.6058
13760,28706,-112.14925,34.048668
13761,28706,-111.8957,33.628017
13762,28706,-111.90865,33.42681
13763,28706,-115.17818,36.10713
13764,13764,-112.127106,33.581795
13765,28706,-111.86321,33.638275
13766,28706,-111.94167,33.463852
13767,28706,-111.92716,33.45379
13768,28706,-111.91804,33.69925
13769,28706,-111.923874,33.613426
13770,30557,-115.270836,36.115585
13771,13771,-112.201744,33.67057
13772,13772,-112.07228,33.45587
13773,13773,-111.92106,33.636818
13774,13774,-111.860954,33.3336
13775,28706,-111.92255,33.63534
13776,28706,-115.172554,36.115673
13777,13777,-112.04673,33.523743
13778,13778,-111.929985,33.496662
13779,28706,-115.13441,36.166664
13780,13780,-111.96778,33.305794
13781,13781,-111.8921,33.29809
13782,28706,-111.97705,33.62529
13783,28706,-115.242485,36.146217
13784,28706,-111.83422,33.585438
13785,28706,-111.92663,33.65241
13786,28706,-111.926575,33.61727
13787,28706,-111.9863,33.60374
13788,28706,-111.93946,33.424164
13789,13789,-115.17204,36.10654
13790,28706,-112.0037,33.49516
13791,28706,-115.17849,36.10924
13792,13792,-111.9309,33.58303
13793,28706,-111.9254,33.43438
13794,13794,-111.932915,33.830177
13795,13795,-111.924515,33.497276
13796,28706,-111.92589,33.586834
13797,13797,-111.937874,33.6769
13798,28706,-111.92681,33.655525
13799,28706,-111.95564,33.442375
13800,13800,-111.92589,33.586834
13801,13801,-111.926735,33.657112
13802,13802,-111.88693,33.578854
13803,13803,-112.08303,33.487476
13804,30769,-111.925156,33.623657
13805,13805,-112.08679,33.45524
13806,28706,-112.406685,33.638386
13807,28706,-111.92529,33.478733
13808,13808,-115.04282,36.067123
13809,13809,-111.86656,33.656647
13810,28706,-111.93228,33.496403
13811,13811,-111.924675,33.676567
13812,13812,-112.082504,33.44052
13813,28706,-115.17435,36.113964
13814,13814,-111.92485,33.700066
13815,28706,-111.8916,33.627735
13816,28706,-115.17345,36.10306
13817,13817,-111.926445,33.490032
13818,13818,-112.01307,33.610554
13819,28706,-112.165565,33.611652
13820,13820,-111.92477,33.64053
13821,30769,-111.92746,33.442947
13822,28706,-115.239815,36.247677
13823,28706,-115.16876,36.12438
13824,28706,-115.29539,36.072163
13825,28706,-115.209366,36.11818
13826,28706,-111.84298,33.60665
13827,28706,-115.17264,36.11758
13828,28706,-112.3355,33.460354
13829,28706,-115.17375,36.103863
13830,28706,-115.16904,36.124878
13831,28706,-111.85296,33.731174
13832,28706,-111.85296,33.731174
13833,13833,-112.07285,33.449226
13834,28706,-111.87588,33.33712
13835,13835,-115.124886,36.046875
13836,28706,-111.92492,33.62348
13837,13837,-112.38717,33.63924
13838,13838,-111.88703,33.58109
13839,13839,-115.194374,36.11659
13840,28706,-112.07377,33.45838
13841,28706,-112.359474,33.4629
13842,28706,-111.953125,33.42159
13843,28706,-115.09928,36.1158
13844,30557,-111.97956,33.742207
13845,13845,-111.89859,33.490013
13846,28706,-111.94858,33.832657
13847,13847,-111.92993,33.379704
13848,13848,-111.92697,33.462616
13849,28706,-111.71406,33.573933
13850,28706,-112.0362,33.596832
13851,28706,-111.93644,33.422863
13852,30769,-111.88807,33.630234
13853,28706,-112.01427,33.530174
13854,28706,-112.068504,33.452827
13855,28706,-111.89049,33.67213
13856,13856,-111.72926,33.60943
13857,13857,-111.92555,33.49208
13858,28706,-111.7157,33.603813
13859,13859,-112.18542,33.5525
13860,30769,-115.17106,36.11242
13861,28706,-112.51256,33.495914
13862,13862,-111.95183,33.50222
13863,13863,-111.9235,33.625095
13864,30769,-115.17618,36.115856
13865,28706,-115.2782,36.04246
13866,30769,-115.20247,36.144047
13867,28706,-111.944756,33.421448
13868,28706,-115.15822,36.161972
13869,28706,-111.97041,33.40094
13870,28706,-111.874886,33.276276
13871,28706,-112.07269,33.447872
13872,28706,-112.12633,33.581448
13873,28706,-111.90802,33.422424
13874,28706,-111.95392,33.40789
13875,13875,-112.358376,33.638565
13876,28706,-111.90979,33.48124
13877,28706,-111.92074,33.414455
13878,28706,-111.92645,33.497555
13879,13879,-112.01307,33.610554
13880,13880,-111.83955,33.420338
13881,28706,-112.09964,33.48989
13882,13882,-111.938385,33.39157
13883,28706,-115.10161,35.987434
13884,28706,-112.07228,33.45587
13885,30769,-111.92697,33.52771
13886,28706,-112.003395,33.495155
13887,13887,-111.88627,33.537872
13888,13888,-111.90913,33.305134
13889,13889,-111.91262,33.362465
13890,28706,-112.06783,33.458065
13891,28706,-115.17469,36.160713
13892,13892,-111.92796,33.465588
13893,13893,-111.93942,33.424335
13894,13894,-111.909775,33.41427
13895,28706,-112.22394,33.637062
13896,28706,-115.20741,36.123623
13897,28706,-111.84114,33.29091
13898,28706,-111.90998,33.347878
13899,28706,-111.89997,33.4276
13900,28706,-111.93966,33.42373
13901,28706,-111.79081,33.27119
13902,28706,-111.91017,33.48699
13903,28706,-115.17462,36.142902
13904,30769,-112.278114,33.465
13905,30769,-111.84065,33.395973
13906,28706,-115.17203,36.11494
13907,13907,-111.92906,33.35001
13908,28706,-111.96597,33.380142
13909,28706,-111.9429,33.421566
13910,13910,-111.90812,33.393623
13911,28706,-112.06773,33.458202
13912,28706,-111.752884,33.37769
13913,13913,-111.98451,33.509106
13914,28706,-111.93966,33.42373
13915,28706,-111.97702,33.583447
13916,28706,-112.06518,33.57531
13917,13917,-112.09144,33.45804
13918,28706,-112.07232,33.457657
13919,13919,-111.95077,33.407825
13920,13920,-111.77341,33.29329
13921,28706,-111.91124,33.362206
13922,13922,-115.17659,36.091938
13923,13923,-112.39657,33.6385
13924,13924,-111.86944,33.540287
13925,28706,-115.11909,36.02112
13926,13926,-111.90713,33.39263
13927,28706,-111.90753,33.392403
13928,28706,-115.29494,36.144653
13929,28706,-111.936485,33.422974
13930,28706,-115.173004,36.08616
13931,28706,-111.90193,33.433937
13932,28706,-111.99402,33.49537
13933,13933,-112.06783,33.458065
13934,13934,-111.95785,33.407825
13935,30557,-111.940056,33.37929
13936,28706,-111.9102,33.48628
13937,28706,-111.75701,33.383377
13938,28706,-111.86142,33.37831
13939,28706,-111.84235,33.303055
13940,28706,-111.926895,33.445057
13941,28706,-111.90577,33.414867
13942,13942,-111.91991,33.422413
13943,28706,-111.90752,33.4066
13944,30769,-111.842026,33.302025
13945,28706,-111.91188,33.449238
13946,28706,-111.94298,33.421413
13947,28706,-112.0739,33.500202
13948,28706,-111.94513,33.34795
13949,13949,-112.071434,33.44589
13950,28706,-112.26853,33.581406
13951,13951,-112.35738,33.60866
13952,13952,-111.62122,33.250507
13953,28706,-111.69228,33.39339
13954,13954,-111.94087,33.421497
13955,28706,-111.9429,33.421566
13956,28706,-111.9348,33.42384
13957,28706,-111.925095,33.408787
13958,13958,-111.9348,33.42384
13959,28706,-115.11066,36.002857
13960,13960,-111.90765,33.394054
13961,13961,-111.938385,33.39157
13962,28706,-115.14963,36.16695
13963,28706,-115.333855,36.155964
13964,28706,-111.907875,33.377914
13965,13965,-111.939285,33.39397
13966,30769,-88.20769,40.11382
13967,28706,-111.936,33.41438
13968,28706,-111.926796,33.39335
13969,28706,-112.069435,33.455498
13970,28706,-111.910835,33.391663
13971,28706,-111.90634,33.432297
13972,28706,-111.842354,33.302765
13973,28706,-111.945045,33.3702
13974,28706,-111.957985,33.40045
13975,13975,-111.84253,33.303234
13976,13976,-111.91612,33.4083
13977,13977,-111.95189,33.421677
13978,13978,-111.964485,33.38312
13979,28706,-111.94457,33.335052
13980,28706,-111.926056,33.434616
13981,30769,-115.17087,36.10242
13982,28706,-111.93772,33.391724
13983,28706,-111.9348,33.42384
13984,28706,-111.94025,33.423023
13985,28706,-111.86058,33.33606
13986,28706,-111.98852,33.44883
13987,13987,-111.94457,33.335052
13988,13988,-112.34913,33.442703
13989,28706,-115.101585,35.99378
13990,13990,-111.93966,33.42373
13991,13991,-112.08241,33.5027
13992,28706,-111.93897,33.392853
13993,28706,-111.92575,33.479183
13994,13994,-111.922005,33.416733
13995,13995,-111.92623,33.487377
13996,28706,-111.93953,33.42387
13997,28706,-111.92288,33.407772
13998,13998,-112.15222,33.596447
13999,28706,-111.9198,33.375698
14000,14000,-111.908585,33.39378
14001,30557,-79.956856,40.44166
14002,28706,-112.36116,33.463722
14003,14003,-111.898705,33.556156
14004,28706,-111.92621,33.53352
14005,30769,-111.910545,33.36135
14006,28706,-111.873436,33.413322
14007,28706,-111.87926,33.63937
14008,14008,-111.92621,33.53352
14009,14009,-112.10129,33.678238
14010,28706,-111.757416,33.30427
14011,14011,-115.16342,36.112488
14012,28706,-111.75459,33.38057
14013,28706,-115.178215,36.068935
14014,28706,-112.064095,33.5219
14015,30769,-111.91967,33.41524
14016,14016,-111.875336,33.277004
14017,14017,-112.06567,33.487747
14018,14018,-115.17223,36.110733
14019,14019,-111.75614,33.36745
14020,28706,-111.94031,33.423107
14021,14021,-111.927536,33.32154
14022,14022,-111.926476,33.497753
14023,30557,-111.943954,33.42853
14024,28706,-111.909645,33.40716
14025,28706,-111.92857,33.498913
14026,28706,-111.90768,33.43246
14027,14027,-111.85407,33.39349
14028,28706,-115.164635,36.15917
14029,14029,-111.92667,33.48332
14030,30769,-111.928185,33.501774
14031,28706,-112.23992,33.611088
14032,14032,-111.91991,33.422413
14033,28706,-111.995926,33.466976
14034,28706,-112.26038,33.533157
14035,28706,-111.938385,33.39157
14036,28706,-111.96481,33.378925
14037,14037,-111.94298,33.421413
14038,28706,-111.92793,33.489388
14039,30769,-111.936104,33.378216
14040,30769,-112.071495,33.458748
14041,28706,-115.117386,36.019474
14042,28706,-115.257774,36.197437
14043,14043,-111.995514,33.50243
14044,30769,-111.80543,33.280136
14045,14045,-112.05343,33.305244
14046,14046,-111.95375,33.407803
14047,14047,-112.00525,33.4954
14048,14048,-112.03524,33.464256
14049,28706,-112.08214,33.50671
14050,28706,-111.92365,33.625546
14051,14051,-111.92595,33.422276
14052,28706,-111.63997,33.28187
14053,28706,-112.07379,33.435524
14054,14108,-111.941376,33.423275
14055,14055,-111.98909,33.42159
14056,28706,-111.90545,33.432915
14057,14057,-115.22625,36.086525
14058,14058,-111.842514,33.300156
14059,28706,-115.1563,36.142338
14060,28706,-111.877106,33.337326
14061,28706,-112.23991,33.68106
14062,28706,-115.17496,36.121323
14063,14063,-115.12194,36.239635
14064,28706,-111.9075,33.421463
14065,14065,-111.95149,33.42273
14066,28706,-111.757416,33.30427
14067,14067,-112.111946,33.714478
14068,28706,-111.92568,33.422756
14069,14069,-111.948746,33.34968
14070,30769,-111.909645,33.40716
14071,28706,-112.07669,33.451775
14072,28706,-112.08227,33.4657
14073,28706,-111.82584,33.41346
14074,28706,-115.30272,36.144875
14075,14075,-115.174225,36.106884
14076,28706,-115.11838,36.02763
14077,28706,-111.97094,33.403538
14078,14078,-112.217834,33.49427
14079,28706,-111.97094,33.403538
14080,30769,-115.17315,36.10988
14081,28706,-111.638664,33.25568
14082,30769,-111.98156,33.304703
14083,30769,-115.15421,36.119675
14084,14084,-89.37943,43.081955
14085,28706,-111.743256,33.29787
14086,28706,-115.123695,36.16971
14087,28706,-111.92566,33.48609
14088,28706,-111.938225,33.378216
14089,14089,-112.119194,33.60981
14090,14090,-111.7565,33.307278
14091,14091,-112.024,33.50923
14092,28706,-111.94037,33.425762
14093,14093,-111.72063,33.23511
14094,14094,-111.96473,33.340286
14095,28706,-111.9288,33.49526
14096,28706,-111.842354,33.302902
14097,28706,-111.91153,33.34884
14098,28706,-111.93007,33.378265
14099,28706,-112.07991,33.45496
14100,30769,-111.99629,33.50219
14101,28706,-111.940285,33.4239
14102,28706,-111.74272,33.31082
14103,14103,-111.8411,33.308956
14104,30769,-111.889854,33.56891
14105,28706,-111.913475,33.334187
14106,14106,-112.26038,33.533157
14107,30769,-112.07714,33.479996
14108,14108,-111.91015,33.36143
14109,30769,-111.74018,33.378
14110,14110,-111.86773,33.43473
14111,28706,-115.17179,36.12469
14112,14112,-111.96536,33.348595
14113,28706,-112.08345,33.511223
14114,28706,-111.806076,33.33379
14115,14115,-111.9309,33.58303
14116,14116,-112.042145,33.50762
14117,28706,-111.940834,33.426746
14118,30769,-112.233604,33.631218
14119,14119,-111.789406,33.343132
14120,28706,-111.583275,33.220783
14121,14121,-111.79001,33.23642
14122,14122,-111.89477,33.627304
14123,28706,-111.90133,33.297695
14124,14124,-111.786835,33.305935
14125,14125,-111.79526,33.32913
14126,28706,-111.79019,33.361027
14127,28706,-111.7922,33.276756
14128,14128,-111.7716,33.33517
14129,28706,-111.93984,33.42521
14130,14130,-115.17659,36.091938
14131,28706,-111.79091,33.33001
14132,28706,-111.94457,33.335052
14133,28706,-111.96481,33.378925
14134,28706,-112.07397,33.513077
14135,14135,-111.84169,33.3019
14136,28706,-111.89843,33.30038
14137,14137,-111.78979,33.35617
14138,14138,-111.85944,33.260887
14139,14139,-112.35779,33.638268
14140,14140,-112.11836,33.58035
14141,28706,-112.20085,33.610016
14142,28706,-112.11634,33.68425
14143,28706,-111.978355,33.628124
14144,28706,-111.874825,33.3346
14145,14145,-112.34119,33.46296
14146,14146,-112.20063,33.58138
14147,28706,-112.15237,33.570454
14148,30769,-112.261375,33.539352
14149,14149,-112.19021,33.639206
14150,14150,-112.10182,33.64176
14151,14151,-112.10012,33.576057
14152,28706,-112.15374,33.578506
14153,14153,-112.23536,33.6341
14154,28706,-115.2503,36.26133
14155,14155,-112.23345,33.634666
14156,28706,-112.092094,33.495777
14157,14157,-112.236946,33.582
14158,28706,-112.26852,33.55204
14159,14159,-112.23569,33.637604
14160,14160,-112.306465,33.456245
14161,28706,-112.073616,33.47703
14162,28706,-111.99943,33.434166
14163,28706,-111.87436,33.336075
14164,28706,-112.10831,33.538857
14165,14165,-112.261986,33.534485
14166,14166,-112.1547,33.582264
14167,14167,-112.393166,33.45401
14168,14168,-112.169464,33.596962
14169,14169,-112.179955,33.639374
14170,28706,-112.21995,33.639614
14171,28706,-112.15249,33.595848
14172,28706,-112.16651,33.53807
14173,28706,-112.273056,33.46414
14174,28706,-112.099625,33.611423
14175,28706,-115.14471,36.17297
14176,28706,-111.83024,33.58468
14177,14177,-111.97956,33.742207
14178,14178,-111.92555,33.564976
14179,14179,-112.15249,33.595848
14180,14180,-112.27733,33.465477
14181,14181,-112.03918,33.494343
14182,14182,-88.20945,40.11271
14183,28706,-112.20145,33.637093
14184,14184,-112.24855,33.638035
14185,28706,-112.18553,33.611176
14186,14186,-112.17426,33.63955
14187,28706,-112.124596,33.666637
14188,28706,-115.17264,36.11758
14189,14189,-112.07421,33.448036
14190,28706,-112.358765,33.507095
14191,14191,-112.389984,33.465
14192,14192,-111.908585,33.39378
14193,14193,-112.20413,33.611145
14194,30769,-112.26056,33.534855
14195,28706,-112.01307,33.610554
14196,28706,-115.20198,36.10272
14197,14197,-112.179596,33.609203
14198,28706,-115.0849,36.133053
14199,28706,-111.99641,33.433895
14200,14200,-111.80274,33.384647
14201,14201,-112.23696,33.62722
14202,28706,-112.10023,33.626423
14203,14203,-112.14868,33.60927
14204,28706,-112.00525,33.4954
14205,28706,-111.945366,33.422176
14206,28706,-112.20237,33.63953
14207,28706,-112.18495,33.62666
14208,14208,-112.14989,33.582363
14209,14209,-112.17426,33.63955
14210,28706,-112.119,33.63949
14211,14211,-112.380104,33.49272
14212,28706,-112.127,33.581833
14213,14207,-112.13459,33.595837
14214,28706,-115.17516,36.109875
14215,28706,-112.27315,33.711445
14216,14216,-111.92811,33.655914
14217,28706,-112.42459,33.622913
14218,28706,-111.97562,33.675262
14219,14219,-112.26123,33.53409
14220,28706,-112.083374,33.49749
14221,28706,-112.21981,33.639004
14222,14222,-112.255974,33.572426
14223,14223,-112.35909,33.608376
14224,28706,-112.16848,33.611618
14225,28706,-111.92306,33.49227
14226,14226,-112.23371,33.652077
14227,28706,-111.43695,33.325783
14228,14228,-112.23827,33.63088
14229,14229,-112.07486,33.448936
14230,14230,-112.11395,33.713455
14231,14231,-112.07486,33.448936
14232,28706,-112.23827,33.63088
14233,14233,-112.18652,33.639526
14234,28706,-112.15017,33.639275
14235,28706,-112.07127,33.508995
14236,14236,-112.20224,33.71069
14237,14237,-112.17962,33.638466
14238,28706,-112.17049,33.611523
14239,28706,-112.19261,33.53826
14240,14240,-112.13981,33.713345
14241,28706,-112.18482,33.65357
14242,28706,-112.35621,33.637142
14243,28706,-112.200554,33.670937
14244,14244,-112.18652,33.639526
14245,28706,-112.22666,33.637676
14246,14246,-112.07427,33.447517
14247,28706,-112.26495,33.535923
14248,14248,-112.18393,33.53842
14249,28706,-112.22337,33.638668
14250,14250,-112.25282,33.65265
14251,28706,-112.06516,33.519554
14252,14252,-112.11646,33.560856
14253,28706,-112.34428,33.461773
14254,14254,-112.15303,33.507313
14255,14255,-115.17382,36.107162
14256,14256,-115.20631,36.12659
14257,14257,-112.18393,33.53842
14258,14258,-112.23827,33.63088
14259,28706,-112.42533,33.639748
14260,28706,-112.05003,33.46554
14261,14261,-111.939766,33.42518
14262,28706,-112.1159,33.587765
14263,28706,-112.236786,33.63244
14264,14264,-112.24642,33.6103
14265,28706,-112.18089,33.6393
14266,28706,-115.17641,36.11316
14267,28706,-89.38136,43.073986
14268,14268,-115.17582,36.11773
14269,14269,-111.91345,33.414272
14270,28706,-112.237564,33.632164
14271,28706,-112.02123,33.496204
14272,28706,-112.1853,33.652706
14273,14273,-112.065636,33.44916
14274,28706,-112.07358,33.442486
14275,28706,-112.06551,33.576332
14276,14276,-111.92803,33.502003
14277,28706,-111.94741,33.3045
14278,14278,-112.38717,33.639236
14279,14279,-112.186844,33.669155
14280,28706,-111.99411,33.479755
14281,28706,-112.07379,33.435524
14282,14282,-112.09661,33.640316
14283,28706,-112.07341,33.5137
14284,28706,-111.982864,33.637707
14285,28706,-112.240456,33.581093
14286,14286,-111.92514,33.542786
14287,28706,-115.04282,36.067123
14288,14288,-112.124596,33.666637
14289,14289,-112.277504,33.598698
14290,28706,-112.075294,33.68302
14291,14291,-112.05003,33.46554
14292,14292,-112.232635,33.63769
14293,14293,-111.87599,33.41335
14294,28706,-112.26091,33.531467
14295,14295,-111.92318,33.699768
14296,14296,-112.18817,33.662697
14297,14297,-112.02995,33.488026
14298,28706,-112.237854,33.63042
14299,28706,-111.93051,33.49245
14300,28706,-112.0648,33.47468
14301,28706,-115.11687,36.072422
14302,28706,-115.19232,36.124928
14303,28706,-112.12003,33.64044
14304,14304,-112.33905,33.494873
14305,14305,-115.28673,36.30208
14306,14306,-111.63411,33.250214
14307,28706,-112.13459,33.595837
14308,28706,-112.065636,33.44916
14309,14309,-112.17907,33.639347
14310,28706,-112.12201,33.57997
14311,28706,-112.09938,33.65325
14312,14312,-112.38765,33.464397
14313,14313,-112.3659,33.638557
14314,14314,-112.273315,33.708637
14315,14315,-112.21995,33.639614
14316,28706,-111.922,33.50141
14317,28706,-112.219315,33.597385
14318,14318,-112.261986,33.534485
14319,28706,-111.92796,33.49821
14320,14320,-112.07491,33.449474
14321,14321,-112.3355,33.460354
14322,14322,-112.184875,33.671173
14323,14323,-112.11026,33.712284
14324,28706,-112.239525,33.61008
14325,28706,-111.96444,33.67591
14326,30769,-112.0404,33.509445
14327,28706,-112.11054,33.64068
14328,30557,-111.92428,33.639065
14329,14329,-112.22832,33.634636
14330,30557,-112.20363,33.666588
14331,14331,-112.424706,33.62366
14332,28706,-112.07551,33.449596
14333,14333,-112.20485,33.681496
14334,28706,-112.23696,33.62722
14335,28706,-112.16568,33.611366
14336,28706,-112.07409,33.4975
14337,28706,-112.0739,33.500202
14338,14338,-112.17426,33.63955
14339,14339,-112.07232,33.457657
14340,28706,-112.16629,33.53872
14341,14341,-112.20556,33.66659
14342,28706,-111.970184,33.340645
14343,28706,-111.908585,33.39378
14344,14344,-111.955215,33.83297
14345,28706,-112.09243,33.683323
14346,28706,-111.874825,33.3346
14347,14347,-112.07492,33.483
14348,28706,-112.15301,33.639202
14349,28706,-111.9864,33.5107
14350,28706,-112.23827,33.63088
14351,28706,-112.273315,33.708637
14352,28706,-112.13153,33.640965
14353,28706,-112.00717,33.435467
14354,14354,-112.15278,33.655704
14355,28706,-112.18625,33.67218
14356,14356,-111.89477,33.627304
14357,28706,-112.114044,33.68167
14358,28706,-112.201866,33.669647
14359,28706,-111.89351,33.627815
14360,14360,-112.22263,33.609577
14361,28706,-112.03788,33.509254
14362,14362,-112.23695,33.627163
14363,14363,-112.06799,33.640053
14364,28706,-112.064644,33.450397
14365,14365,-112.201866,33.669647
14366,28706,-112.201866,33.669647
14367,28706,-112.42134,33.437656
14368,28706,-111.92976,33.49328
14369,14369,-112.39554,33.45657
14370,14370,-112.22666,33.637676
14371,14371,-112.357574,33.45569
14372,14372,-112.20006,33.637154
14373,28706,-112.07,33.45
14374,14374,-112.12042,33.5694
14375,14375,-115.11797,36.01842
14376,14376,-112.20006,33.637154
14377,28706,-112.311424,33.638252
14378,30769,-112.16848,33.611618
14379,14379,-112.17049,33.611523
14380,28706,-111.94182,33.625153
14381,14381,-112.20006,33.637154
14382,28706,-111.92621,33.53352
14383,14383,-112.41438,33.62518
14384,28706,-112.34056,33.467358
14385,28706,-115.26451,36.27111
14386,14386,-112.411354,33.550407
14387,14387,-112.22085,33.634846
14388,14388,-112.22938,33.640213
14389,28706,-112.306465,33.456245
14390,14390,-112.222885,33.596703
14391,30769,-115.17305,36.118965
14392,14392,-112.2732,33.708668
14393,30769,-115.04762,36.043396
14394,28706,-112.165565,33.611652
14395,28706,-111.92559,33.478718
14396,28706,-111.97417,33.4133
14397,28706,-112.15378,33.568226
14398,28706,-112.22643,33.644157
14399,28706,-112.380104,33.49272
14400,14400,-115.1613,36.138298
14401,14401,-112.20032,33.710823
14402,14402,-111.92589,33.527847
14403,28706,-112.2349,33.654285
14404,28706,-112.16867,33.545204
14405,28706,-112.35577,33.64142
14406,14406,-112.22532,33.642204
14407,14407,-111.926445,33.490032
14408,28706,-112.35873,33.459194
14409,28706,-112.18625,33.67218
14410,28706,-112.183876,33.538338
14411,14411,-112.15075,33.59817
14412,28706,-112.3589,33.64478
14413,28706,-112.13153,33.640965
14414,14414,-112.26852,33.55204
14415,28706,-112.237564,33.632164
14416,14416,-115.175896,36.097015
14417,30769,-112.35747,33.461906
14418,30769,-111.995995,33.50922
14419,28706,-115.17581,36.112846
14420,14420,-112.18716,33.669304
14421,30769,-111.929924,33.349712
14422,28706,-112.390724,33.638966
14423,14423,-111.52829,33.43119
14424,28706,-111.95176,33.422905
14425,28706,-115.17712,36.13198
14426,28706,-112.06483,33.457333
14427,28706,-115.17676,36.10449
14428,28706,-111.94969,33.40756
14429,28706,-111.96901,33.315628
14430,28706,-112.14925,34.048668
14431,14431,-112.11634,33.68425
14432,14432,-111.95936,33.421658
14433,28706,-112.357574,33.45569
14434,28706,-112.358925,33.494473
14435,14435,-112.27418,33.464333
14436,28706,-112.35561,33.495285
14437,28706,-111.9251,33.42234
14438,14438,-111.92359,33.70057
14439,14439,-112.39554,33.45657
14440,28706,-112.06483,33.457333
14441,28706,-112.39554,33.45657
14442,14442,-112.388405,33.46402
14443,14443,-112.340225,33.465664
14444,28706,-112.065346,33.51108
14445,14445,-112.065636,33.44916
14446,28706,-112.23696,33.62722
14447,28706,-112.27196,33.552067
14448,14448,-112.273056,33.46414
14449,28706,-112.391945,33.462597
14450,28706,-112.27444,33.467335
14451,28706,-112.42678,33.448696
14452,14452,-112.38765,33.464397
14453,14453,-112.34188,33.463543
14454,14454,-115.298615,36.115734
14455,14455,-112.22119,33.477585
14456,14456,-112.34036,33.45522
14457,28706,-112.34503,33.463116
14458,28706,-111.85926,33.31954
14459,14459,-112.35883,33.467022
14460,30557,-112.23926,33.608532
14461,28706,-112.26105,33.533955
14462,14462,-111.82407,33.423416
14463,28706,-112.0037,33.49516
14464,14464,-115.16821,36.127586
14465,14465,-112.391945,33.462597
14466,14466,-115.13988,36.1688
14467,28706,-115.16919,36.105984
14468,28706,-112.339,33.4801
14469,14469,-115.12652,36.15846
14470,28706,-112.27275,33.46457
14471,14471,-115.1613,36.138298
14472,14472,-112.34261,33.450146
14473,28706,-112.23287,33.47082
14474,28706,-112.06516,33.519554
14475,14475,-112.10023,33.626423
14476,28706,-112.366554,33.64949
14477,28706,-111.924805,33.52681
14478,14478,-112.39554,33.45657
14479,28706,-115.32429,36.12181
14480,30769,-115.15261,36.151554
14481,28706,-112.18157,33.539257
14482,28706,-112.25756,33.480137
14483,28706,-112.341606,33.456554
14484,14484,-112.38777,33.465282
14485,28706,-112.35514,33.463253
14486,28706,-112.393776,33.62668
14487,28706,-112.05104,33.477036
14488,14488,-112.349045,33.489315
14489,28706,-112.28943,33.493145
14490,14490,-112.34056,33.467358
14491,28706,-115.17143,36.135014
14492,28706,-115.298325,36.112583
14493,14493,-112.34079,33.468014
14494,14494,-112.28586,33.49289
14495,28706,-115.17103,36.099377
14496,28706,-111.94082,33.423077
14497,28706,-112.30401,33.63989
14498,14498,-112.3564,33.465137
14499,14499,-111.90847,33.47997
14500,28706,-112.26204,33.53305
14501,14501,-112.04791,33.47893
14502,14502,-112.18318,33.538486
14503,28706,-112.35899,33.494404
14504,30769,-112.064644,33.450397
14505,28706,-115.17117,36.112244
14506,28706,-115.129555,36.15899
14507,14507,-112.261604,33.534298
14508,14508,-112.06892,33.640152
14509,30769,-115.11622,36.042686
14510,14510,-112.35254,33.638336
14511,14511,-112.424706,33.62366
14512,14512,-111.9309,33.58303
14513,28706,-115.20888,36.09506
14514,14514,-112.235085,33.654278
14515,28706,-111.94996,33.451237
14516,14516,-111.91667,33.451714
14517,14517,-112.19062,33.638363
14518,14518,-112.08711,33.45496
14519,14519,-112.3928,33.638638
14520,28706,-112.42433,33.623653
14521,28706,-112.359604,33.60966
14522,28706,-111.9309,33.58303
14523,14523,-112.357574,33.45569
14524,14524,-115.17177,36.11934
14525,14525,-112.35528,33.638565
14526,28706,-112.35738,33.60866
14527,14527,-115.17105,36.12595
14528,14528,-112.35087,33.638256
14529,28706,-115.1746,36.116764
14530,14530,-112.339,33.4801
14531,14531,-112.23968,33.609863
14532,14532,-111.9864,33.5107
14533,14533,-112.311424,33.638252
14534,14534,-112.36344,33.638203
14535,28706,-112.35909,33.608498
14536,14536,-112.07444,33.447647
14537,28706,-112.07405,33.44995
14538,28706,-111.94451,33.42969
14539,28706,-112.04739,33.4692
14540,28706,-115.11839,36.01761
14541,14541,-115.16901,35.965446
14542,14542,-112.30007,33.594315
14543,14543,-111.89905,33.556004
14544,28706,-111.999565,33.495495
14545,28706,-112.42459,33.622913
14546,28706,-112.236946,33.582
14547,14547,-115.14683,36.172176
14548,14548,-112.09187,33.64056
14549,30769,-80.83551,35.209496
14550,30769,-112.23624,33.637596
14551,28706,-111.997696,33.435596
14552,28706,-112.3598,33.452316
14553,28706,-112.13726,33.50915
14554,14554,-111.92775,33.492905
14555,14555,-111.71668,33.604015
14556,14556,-112.35838,33.641026
14557,14557,-111.92645,33.497555
14558,14558,-112.18469,33.609394
14559,14559,-112.239525,33.61008
14560,14560,-112.18803,33.538708
14561,30769,-112.34913,33.442703
14562,28706,-112.235,33.634686
14563,28706,-112.55654,33.4429
14564,14564,-115.242485,36.146217
14565,28706,-112.356064,33.464493
14566,14566,-112.0741,33.506855
14567,30769,-111.92566,33.47535
14568,14568,-112.237564,33.632164
14569,14569,-112.359604,33.60966
14570,28706,-112.099625,33.611423
14571,14571,-111.742744,33.29706
14572,28706,-112.124596,33.666637
14573,28706,-112.22098,33.641773
14574,14574,-112.06551,33.576332
14575,28706,-112.23775,33.673027
14576,28706,-112.23657,33.64641
14577,14577,-112.25282,33.65265
14578,14578,-112.13472,33.843456
14579,28706,-115.243195,36.062325
14580,28706,-112.2732,33.708668
14581,14581,-89.34394,43.103706
14582,14582,-111.82275,33.224022
14583,28706,-112.36406,33.63846
14584,28706,-112.011635,33.628117
14585,14585,-112.23827,33.63088
14586,28706,-115.14525,36.08316
14587,14587,-112.152214,33.595585
14588,28706,-112.127106,33.581795
14589,28706,-112.12435,33.666695
14590,14590,-112.26003,33.552128
14591,28706,-112.11141,33.71098
14592,28706,-112.23077,33.636528
14593,30769,-112.0792,33.49111
14594,28706,-112.26123,33.53409
14595,28706,-112.23757,33.633236
14596,14596,-115.1736,36.104923
14597,30769,-112.27315,33.711445
14598,14598,-115.1976,36.125965
14599,14599,-112.239044,33.669716
14600,14600,-112.21744,33.637657
14601,28706,-112.18817,33.662697
14602,14602,-112.183464,33.61198
14603,14603,-111.90436,33.670033
14604,28706,-112.18595,33.64035
14605,14605,-112.273315,33.708637
14606,14606,-112.33277,33.491962
14607,30769,-111.84065,33.395973
14608,28706,-112.18158,33.64012
14609,14609,-112.18393,33.53842
14610,14610,-115.04124,36.0614
14611,14611,-112.082504,33.44052
14612,14612,-112.099625,33.611423
14613,14613,-112.14982,33.640068
14614,28706,-111.941376,33.423275
14615,14615,-115.20717,36.14959
14616,14616,-112.339,33.4801
14617,28706,-112.23757,33.633236
14618,14618,-112.37402,33.65579
14619,14619,-112.252396,33.639862
14620,28706,-112.23696,33.62722
14621,28706,-115.20658,36.17168
14622,28706,-115.12092,36.240192
14623,28706,-115.12092,36.240192
14624,28706,-112.07359,33.476837
14625,28706,-111.943954,33.42853
14626,28706,-111.92336,33.495514
14627,28706,-115.33553,36.14631
14628,28706,-115.144745,36.17295
14629,28706,-115.04209,36.06827
14630,28706,-115.02772,36.048725
14631,14631,-115.08496,36.00635
14632,28706,-115.03808,36.064583
14633,28706,-115.27853,36.057846
14634,28706,-115.241516,36.064106
14635,28706,-115.11716,36.014626
14636,14636,-115.13913,36.168243
14637,28706,-115.114,36.02573
14638,28706,-115.0452,36.063137
14639,28706,-115.333496,36.15076
14640,14640,-115.162964,36.189293
14641,28706,-115.173416,36.161705
14642,28706,-115.0845,36.056213
14643,28706,-115.03324,36.060707
14644,28706,-115.33317,36.15002
14645,14645,-115.07661,36.070503
14646,14646,-115.166954,36.106236
14647,28706,-115.0457,36.058296
14648,14648,-115.243866,36.086548
14649,28706,-115.11734,36.022045
14650,30769,-115.15098,36.106007
14651,28706,-115.17025,36.1238
14652,28706,-115.20703,36.126266
14653,28706,-115.225945,36.239635
14654,28706,-115.04508,36.068527
14655,28706,-115.04604,36.040398
14656,28706,-115.135,36.1155
14657,14657,-115.040665,36.106735
14658,28706,-115.10561,36.00054
14659,28706,-115.11876,36.0545
14660,28706,-115.04664,36.02288
14661,28706,-115.107475,36.00292
14662,28706,-115.246254,36.064285
14663,28706,-115.11617,36.00676
14664,28706,-115.157875,36.142757
14665,28706,-115.168846,36.122505
14666,30769,-115.15822,36.161972
14667,28706,-115.241554,36.064533
14668,28706,-115.28009,36.298874
14669,28706,-115.0324,36.083195
14670,28706,-115.05508,36.01792
14671,28706,-115.043594,36.063164
14672,28706,-115.33272,36.148514
14673,28706,-115.04124,36.0614
14674,30769,-115.13224,36.193233
14675,28706,-115.11793,36.021038
14676,28706,-115.08509,36.029533
14677,30769,-115.14511,36.1741
14678,28706,-115.04628,36.060772
14679,28706,-115.22587,36.055244
14680,14680,-115.04762,36.043396
14681,28706,-115.049446,36.028194
14682,14682,-115.19448,36.126213
14683,28706,-115.12637,35.997757
14684,28706,-115.04912,36.020336
14685,30769,-115.10691,35.999065
14686,28706,-115.334816,36.155132
14687,28706,-115.11941,36.016144
14688,28706,-115.146904,36.171864
14689,28706,-115.10288,35.99202
14690,28706,-115.17684,36.06878
14691,14691,-115.120026,36.055832
14692,28706,-115.22625,36.086525
14693,28706,-115.17225,36.05647
14694,28706,-115.209915,36.126427
14695,28706,-115.117096,36.016495
14696,28706,-115.17279,36.11766
14697,28706,-115.17743,36.067726
14698,28706,-115.20638,36.006573
14699,28706,-115.04282,36.067123
14700,14700,-115.08227,36.07001
14701,28706,-115.17155,36.05199
14702,30769,-115.08284,36.074104
14703,14703,-115.101204,35.99359
14704,14704,-115.287155,36.278053
14705,28706,-115.06298,36.02416
14706,30769,-115.06298,36.02416
14707,28706,-115.170975,36.114277
14708,28706,-115.1892,36.1472
14709,28706,-115.193,36.15938
14710,28706,-115.24882,36.195763
14711,28706,-115.24189,36.112988
14712,28706,-115.137085,36.106686
14713,14713,-115.29179,36.113693
14714,14714,-115.1087,36.14329
14715,28706,-115.21197,36.12554
14716,28706,-115.26066,36.188366
14717,14717,-115.17087,36.10242
14718,28706,-115.048256,36.058395
14719,28706,-115.087364,36.029713
14720,28706,-115.09903,36.072247
14721,14721,-115.09916,36.04198
14722,14722,-115.20848,36.07308
14723,28706,-115.10561,36.00054
14724,14724,-111.96792,33.336803
14725,28706,-115.08588,36.02942
14726,28706,-115.17593,36.068153
14727,28706,-115.171265,36.01484
14728,28706,-115.17186,36.11744
14729,28706,-115.20388,36.087532
14730,28706,-115.22638,36.1432
14731,14731,-115.11687,36.072422
14732,28706,-115.242485,36.146217
14733,14733,-115.04146,36.05681
14734,28706,-115.04774,36.065594
14735,14735,-115.24316,36.077072
14736,14736,-115.04574,36.060097
14737,28706,-115.04574,36.060097
14738,28706,-115.04574,36.060097
14739,28706,-111.90928,33.50101
14740,28706,-115.100044,36.099277
14741,28706,-115.13913,36.168243
14742,28706,-115.29798,36.097534
14743,28706,-115.22343,36.115295
14744,14744,-115.15098,36.106007
14745,28706,-115.04003,36.06485
14746,28706,-115.1976,36.125965
14747,28706,-115.20888,36.09506
14748,28706,-115.110466,36.071354
14749,28706,-115.03597,36.06237
14750,28706,-115.17283,36.132774
14751,28706,-115.08498,36.03524
14752,14752,-115.170616,36.124756
14753,14753,-115.14007,36.167534
14754,14754,-115.08003,36.069836
14755,30557,-115.17352,36.10309
14756,28706,-115.15797,36.158264
14757,28706,-114.979904,36.02931
14758,28706,-115.102486,36.09906
14759,28706,-115.29434,36.095753
14760,28706,-115.04282,36.067123
14761,28706,-115.194626,36.172672
14762,28706,-115.21405,36.220078
14763,28706,-115.23096,36.1148
14764,14764,-115.21148,36.227207
14765,14765,-115.04664,36.02288
14766,28706,-115.04664,36.02288
14767,14767,-115.05218,36.0197
14768,28706,-115.13894,36.16672
14769,14769,-115.04664,36.02288
14770,28706,-115.02765,36.04114
14771,28706,-115.22062,36.144825
14772,28706,-115.01827,36.048473
14773,28706,-115.302826,36.14494
14774,28706,-115.15126,36.1089
14775,28706,-115.2916,36.053307
14776,28706,-115.047714,36.026855
14777,28706,-115.08234,36.070396
14778,14778,-115.04282,36.067123
14779,14779,-114.987305,36.036503
14780,28706,-115.20887,36.094456
14781,14781,-115.13684,36.105747
14782,28706,-115.21987,36.125305
14783,28706,-115.11839,36.01761
14784,28706,-115.175285,36.06618
14785,28706,-114.96364,36.013103
14786,28706,-115.1765,36.116962
14787,28706,-115.17131,36.11928
14788,28706,-115.30234,36.100346
14789,28706,-115.10187,36.170284
14790,14790,-115.17196,36.120907
14791,28706,-115.242096,36.041706
14792,14792,-115.17698,36.111977
14793,14793,-115.177,36.11199
14794,28706,-115.20743,36.163544
14795,14795,-115.22526,36.159985
14796,28706,-115.19203,36.126144
14797,28706,-115.142006,36.17183
14798,28706,-115.11619,36.240265
14799,28706,-115.29987,36.147263
14800,30769,-115.166954,36.106236
14801,28706,-115.09606,36.00499
14802,28706,-115.15548,36.238903
14803,28706,-115.27994,36.127228
14804,30769,-115.04675,36.043884
14805,28706,-115.11167,36.100384
14806,14806,-115.04358,36.06423
14807,28706,-115.157875,36.142757
14808,28706,-115.257416,36.142918
14809,28706,-115.04124,36.0614
14810,28706,-115.17127,36.11288
14811,28706,-115.333595,36.156967
14812,28706,-115.072075,36.07385
14813,28706,-115.25775,36.19565
14814,28706,-115.16146,36.14413
14815,28706,-115.334816,36.15839
14816,30557,-115.20198,36.10272
14817,28706,-115.04803,36.043564
14818,28706,-115.04141,36.061325
14819,28706,-115.28773,36.290314
14820,28706,-115.2439,36.044876
14821,28706,-115.1359,36.133198
14822,28706,-3.195602,55.9491
14823,28706,-115.04762,36.043396
14824,28706,-115.14064,36.167877
14825,28706,-115.141846,36.17241
14826,28706,-115.17437,36.10206
14827,28706,-115.09543,36.07111
14828,28706,-115.33387,36.152832
14829,14829,-115.14096,36.143673
14830,28706,-115.17087,36.10242
14831,28706,-115.17686,36.11768
14832,28706,-115.1952,36.11531
14833,25376,-115.11687,36.072422
14834,14834,-115.17058,35.96511
14835,28706,-115.11862,36.115192
14836,28706,-115.04141,36.061325
14837,14837,-115.04282,36.067123
14838,28706,-115.13871,36.169216
14839,28706,-115.173996,36.12161
14840,28706,-115.20628,36.12662
14841,30769,-115.029915,36.030262
14842,14842,-115.04282,36.067123
14843,28706,-115.243866,36.086548
14844,28706,-115.17647,36.14513
14845,28706,-115.17618,36.115856
14846,14846,-115.17535,36.070137
14847,28706,-115.14741,36.114876
14848,28706,-115.11772,36.099663
14849,28706,-115.13714,36.010777
14850,30769,-115.04141,36.061325
14851,14851,-115.08348,36.003994
14852,28706,-115.180664,36.291985
14853,28706,-115.13913,36.168243
14854,28706,-115.17143,36.109825
14855,14855,-115.04141,36.061325
14856,14856,-115.04141,36.061325
14857,14857,-115.04282,36.067123
14858,28706,-115.17143,36.135014
14859,28706,-115.04003,36.06485
14860,28706,-115.04141,36.061325
14861,28706,-115.04553,36.061695
14862,30769,-115.08998,36.020554
14863,28706,-115.17462,36.142902
14864,14864,-115.04141,36.061325
14865,28706,-115.22349,36.125526
14866,28706,-115.1563,36.142338
14867,28706,-115.04548,36.060318
14868,30769,-115.15458,36.119186
14869,28706,-115.28331,36.05509
14870,28706,-115.30617,36.113316
14871,14871,-115.11949,36.01578
14872,28706,-115.19263,36.03985
14873,14873,-115.029915,36.030262
14874,28706,-115.11157,36.00645
14875,28706,-115.13792,36.168026
14876,28706,-115.2072,36.271782
14877,28706,-115.13838,36.11365
14878,28706,-115.14528,36.1616
14879,14879,-115.12009,36.03372
14880,28706,-115.02463,36.04688
14881,28706,-115.278175,36.041817
14882,14882,-115.112274,36.0682
14883,28706,-115.02463,36.04688
14884,30769,-115.02463,36.04688
14885,28706,-115.11698,36.009254
14886,28706,-112.06518,33.57531
14887,28706,-115.24404,36.04547
14888,28706,-114.98345,36.03831
14889,14889,-115.17155,36.05199
14890,14890,-115.10044,35.979927
14891,28706,-115.281075,36.05369
14892,28706,-115.33276,36.15119
14893,28706,-115.053116,36.047115
14894,28706,-115.29072,36.16293
14895,28706,-115.28685,36.289684
14896,14896,-115.252,36.063618
14897,28706,-115.26318,36.271908
14898,28706,-115.333855,36.155964
14899,14899,-115.243385,36.062267
14900,28706,-115.24166,36.194546
14901,14901,-115.19317,36.16677
14902,28706,-115.17223,36.067635
14903,14903,-115.24878,36.21115
14904,28706,-115.090195,36.116203
14905,28706,-115.12047,36.026196
14906,28706,-115.22343,36.115295
14907,28706,-115.19242,36.12601
14908,28706,-115.15323,36.042797
14909,28706,-115.20198,36.10272
14910,14910,-115.03997,36.040295
14911,28706,-115.21327,36.12656
14912,28706,-115.20671,36.145184
14913,28706,-115.225876,36.126358
14914,28706,-115.0411,36.0563
14915,14915,-115.03688,36.060844
14916,28706,-115.04282,36.067123
14917,28706,-115.26776,36.271168
14918,28706,-115.07779,36.07372
14919,28706,-115.04282,36.067123
14920,14920,-115.19397,36.12618
14921,28706,-115.16587,36.126877
14922,28706,-115.03721,36.06575
14923,30769,-115.17516,36.109875
14924,28706,-115.0864,36.02079
14925,30769,-114.96489,36.026684
14926,28706,-115.19094,36.126175
14927,28706,-115.19233,36.12587
14928,28706,-115.118416,36.025414
14929,28706,-115.121376,36.010296
14930,30769,-115.102486,36.09906
14931,28706,-115.33276,36.15119
14932,28706,-115.23664,36.115025
14933,28706,-115.10107,35.989494
14934,28706,-115.090195,36.116203
14935,28706,-115.04883,36.02805
14936,14936,-115.11616,36.006657
14937,14937,-114.992676,36.013332
14938,28706,-115.025375,36.04886
14939,28706,-115.08384,36.022102
14940,28706,-115.26318,36.271908
14941,28706,-115.207146,36.07245
14942,14942,-115.04273,36.06695
14943,14943,-115.11793,36.09981
14944,14944,-115.03819,36.065517
14945,14945,-115.02826,36.045822
14946,28706,-115.311,36.113472
14947,14947,-115.10386,35.998825
14948,30769,-114.98361,36.03274
14949,28706,-115.298065,36.147495
14950,14950,-115.298325,36.112583
14951,30557,-115.09916,36.04198
14952,28706,-115.09903,36.072247
14953,28706,-115.25231,36.063236
14954,28706,-115.29998,36.147152
14955,28706,-115.09358,36.130005
14956,28706,-115.19496,36.101418
14957,28706,-115.08955,36.02054
14958,28706,-115.04165,36.05552
14959,28706,-115.17229,36.115147
14960,28706,-115.08231,36.069843
14961,28706,-115.10561,36.00054
14962,28706,-115.24373,36.08461
14963,28706,-115.19496,36.114685
14964,28706,-115.11279,36.005222
14965,28706,-115.14277,36.16997
14966,28706,-115.120316,36.057457
14967,28706,-115.2008,36.114964
14968,30769,-111.72063,33.23511
14969,28706,-115.100845,35.993855
14970,14970,-115.20847,36.033684
14971,14971,-115.1725,36.110065
14972,28706,-115.134964,36.013805
14973,28706,-115.11876,36.0545
14974,14974,-115.157036,36.165985
14975,28706,-115.15333,36.10952
14976,14976,-115.24133,36.055412
14977,28706,-115.10142,36.08595
14978,14978,-115.01699,36.054703
14979,28706,-115.17504,36.144676
14980,28706,-115.112,36.10026
14981,14981,-115.10715,36.09965
14982,28706,-115.030464,36.03026
14983,28706,-115.11243,36.006176
14984,28706,-115.04883,36.02805
14985,28706,-115.10143,36.04214
14986,14986,-115.062546,36.029587
14987,28706,-114.99299,36.014114
14988,14988,-115.04142,36.055454
14989,28706,-111.999176,33.442745
14990,14990,-115.05648,36.015625
14991,28706,-115.02351,36.063915
14992,28706,-115.30971,36.11463
14993,28706,-115.22406,36.12772
14994,28706,-115.08573,36.029755
14995,14995,-115.11819,36.003147
14996,28706,-115.101204,35.99359
14997,28706,-115.24322,36.18759
14998,14998,-115.08353,36.055374
14999,28706,-115.295586,36.114517
15000,15000,-115.037834,36.063442
15001,28706,-115.14289,36.143345
15002,28706,-115.04282,36.067123
15003,28706,-115.13526,36.012794
15004,15004,-115.06298,36.02416
15005,28706,-115.02097,36.047676
15006,15006,-115.20741,36.123623
15007,15007,-115.02468,36.070908
15008,15008,-115.00884,36.034294
15009,15009,-115.11066,36.002857
15010,15010,-115.30186,36.145638
15011,28706,-115.27943,36.142227
15012,28706,-115.138504,36.117256
15013,28706,-115.23847,36.246967
15014,30769,-115.123695,36.16971
15015,28706,-115.291306,36.16911
15016,28706,-115.10386,35.998825
15017,28706,-115.10773,36.002964
15018,15018,-115.04508,36.068527
15019,28706,-115.10313,36.001965
15020,15020,-115.33276,36.15119
15021,28706,-114.93324,35.993443
15022,28706,-112.0739,33.500202
15023,28706,-115.07723,36.071445
15024,15024,-115.04225,36.066628
15025,15025,-115.11866,36.01004
15026,28706,-115.09063,36.115353
15027,28706,-115.17371,36.109867
15028,28706,-115.18287,36.027077
15029,15029,-115.04548,36.060318
15030,28706,-115.209366,36.11818
15031,28706,-115.04658,36.06558
15032,28706,-115.21258,36.15882
15033,28706,-115.11793,36.09981
15034,28706,-115.225,36.069855
15035,30769,-115.197075,36.12586
15036,28706,-115.13617,36.011944
15037,28706,-115.35053,36.16064
15038,28706,-115.17527,36.120514
15039,15039,-115.03649,36.067413
15040,28706,-115.16555,36.11523
15041,30769,-115.138756,36.11665
15042,28706,-115.16269,36.144295
15043,28706,-115.176,36.119038
15044,28706,-115.04708,36.15808
15045,28706,-115.086914,36.019207
15046,28706,-115.20778,36.03378
15047,15047,-115.118126,36.015793
15048,28706,-115.148346,36.15669
15049,28706,-115.21124,36.125538
15050,28706,-115.10165,35.995304
15051,30769,-115.081116,36.069817
15052,28706,-115.16373,36.056416
15053,28706,-115.241806,36.199173
15054,28706,-115.117836,36.028442
15055,28706,-115.11698,36.009254
15056,28706,-115.01699,36.054703
15057,28706,-115.025375,36.04886
15058,15058,-115.02453,36.03521
15059,28706,-115.204956,36.0942
15060,28706,-111.99497,33.43605
15061,28706,-115.243546,36.04771
15062,28706,-115.16915,36.054928
15063,15063,-115.084076,36.056026
15064,28706,-115.26378,36.0842
15065,28706,-115.059395,36.107304
15066,28706,-115.286575,36.277733
15067,28706,-115.178215,36.068935
15068,28706,-115.12269,36.057693
15069,28706,-115.08686,36.02104
15070,28706,-115.119385,36.026558
15071,28706,-115.16153,36.132683
15072,28706,-114.98115,36.0414
15073,15073,-115.08253,36.02307
15074,28706,-115.298294,36.077114
15075,28706,-115.1068,36.071945
15076,28706,-114.987305,36.036503
15077,28706,-115.177536,36.06837
15078,15078,-115.15304,36.150703
15079,28706,-115.2256,36.14364
15080,28706,-115.035706,36.086338
15081,28706,-115.11428,36.00516
15082,28706,-115.16174,36.149128
15083,28706,-115.283875,36.282036
15084,28706,-115.04282,36.067123
15085,15085,-115.173996,36.01219
15086,28706,-115.081116,36.069817
15087,28706,-115.14471,36.17297
15088,15088,-115.02606,36.044388
15089,28706,-115.07271,36.070415
15090,15090,-115.17618,36.115856
15091,28706,-115.33271,36.15179
15092,28706,-115.10142,36.08595
15093,30769,-115.15123,36.162724
15094,28706,-115.13574,36.03067
15095,28706,-115.08218,36.15933
15096,28706,-115.25242,36.195633
15097,28706,-115.1721,36.160328
15098,28706,-115.08231,36.070026
15099,28706,-115.16963,36.117516
15100,15100,-115.1068,36.071945
15101,28706,-115.25766,36.27585
15102,28706,-115.07271,36.070415
15103,15103,-115.281075,36.15764
15104,28706,-115.11812,36.01612
15105,28706,-115.173874,36.109753
15106,15106,-115.14255,36.142525
15107,28706,-115.17273,36.108913
15108,15108,-115.334816,36.155132
15109,15109,-115.083755,36.07296
15110,28706,-115.115364,36.007637
15111,15111,-115.118416,36.025414
15112,15112,-115.155495,36.012794
15113,15113,-115.27217,36.057384
15114,30769,-115.241516,36.064106
15115,30769,-115.03709,36.062363
15116,28706,-115.04728,36.06657
15117,28706,-115.16331,36.13711
15118,28706,-115.164894,36.129868
15119,28706,-115.22412,36.127884
15120,28706,-115.20959,36.12621
15121,15121,-115.157875,36.142757
15122,28706,-115.17628,36.02245
15123,28706,-115.17234,36.110107
15124,30769,-115.24227,36.144756
15125,28706,-115.11866,36.01004
15126,28706,-115.24136,36.0845
15127,28706,-115.265976,36.168346
15128,28706,-115.17093,36.110065
15129,28706,-115.10773,36.002964
15130,28706,-115.19482,36.114483
15131,28706,-115.11866,36.01004
15132,28706,-115.23168,36.152233
15133,30769,-115.04796,36.06549
15134,28706,-115.17849,36.10924
15135,28706,-115.17688,36.091255
15136,28706,-115.19138,36.19741
15137,28706,-115.037926,36.05781
15138,15138,-115.12081,36.04105
15139,28706,-115.15448,36.11884
15140,28706,-115.16849,35.96477
15141,28706,-115.24799,36.262856
15142,28706,-115.178215,36.068935
15143,28706,-115.19761,36.14399
15144,28706,-115.28963,36.16418
15145,28706,-115.17229,36.115147
15146,28706,-115.17557,36.05726
15147,28706,-115.2317,36.23775
15148,30557,-115.173775,36.090916
15149,28706,-115.16357,36.06084
15150,28706,-115.13962,36.170086
15151,15151,-115.26218,36.19653
15152,28706,-115.209816,36.14866
15153,28706,-115.19094,36.126175
15154,15154,-115.02772,36.048725
15155,28706,-115.171844,36.12083
15156,28706,-115.180664,36.291985
15157,28706,-115.20698,36.099552
15158,28706,-115.08639,36.0206
15159,28706,-115.1736,36.101585
15160,28706,-115.164,36.131218
15161,28706,-115.04282,36.067123
15162,28706,-115.05253,36.049995
15163,28706,-115.332954,36.152374
15164,28706,-115.33268,36.14496
15165,28706,-115.05626,36.107853
15166,15166,-115.17484,36.068127
15167,15167,-115.1149,36.142403
15168,28706,-115.29808,36.14341
15169,28706,-115.19075,36.069
15170,15170,-115.083534,36.026
15171,28706,-115.17143,36.135014
15172,28706,-115.106,35.99912
15173,28706,-115.11698,36.009254
15174,15174,-115.103355,36.00042
15175,15175,-115.246315,36.042377
15176,28706,-115.17712,36.13198
15177,28706,-115.29864,36.076557
15178,28706,-115.17134,35.96494
15179,28706,-115.17593,36.068153
15180,28706,-115.04282,36.067123
15181,28706,-115.17214,36.10866
15182,15182,-115.2317,36.23775
15183,15183,-115.04282,36.067123
15184,28706,-115.10143,36.04214
15185,28706,-115.138664,36.10018
15186,28706,-115.06262,36.02959
15187,28706,-115.20547,35.99621
15188,28706,-114.92317,36.10016
15189,28706,-115.17858,36.106277
15190,15190,-115.22406,36.12772
15191,28706,-115.15097,36.085175
15192,28706,-115.163124,36.133614
15193,15193,-115.206345,35.994972
15194,28706,-115.04797,36.025887
15195,15195,-115.16345,36.112988
15196,15196,-115.04146,36.05681
15197,30769,-115.100845,35.993855
15198,28706,-115.147224,36.239025
15199,28706,-115.17684,36.1206
15200,28706,-115.090195,36.116203
15201,15201,-115.124886,36.046875
15202,15202,-115.142586,36.14457
15203,15203,-115.102516,36.07862
15204,30557,-115.117096,36.016495
15205,28706,-115.208176,36.115437
15206,28706,-115.04358,36.06423
15207,28706,-115.04815,36.0588
15208,30769,-115.28705,36.277615
15209,15209,-115.24536,36.161877
15210,30769,-115.16901,35.965446
15211,28706,-115.17099,36.114353
15212,15212,-115.17229,36.115147
15213,28706,-115.15078,36.238735
15214,28706,-115.17625,36.092876
15215,28706,-115.13661,36.10305
15216,28706,-115.25983,36.197533
15217,28706,-115.17155,36.127342
15218,28706,-115.174934,36.065132
15219,28706,-115.04282,36.067123
15220,28706,-115.21327,36.12656
15221,28706,-115.1401,36.169327
15222,28706,-115.17286,36.127224
15223,28706,-115.230415,36.257675
15224,28706,-115.20888,36.09506
15225,15225,-115.25924,36.263817
15226,28706,-115.168846,36.122505
15227,28706,-115.259766,36.19505
15228,28706,-115.22547,36.14299
15229,30769,-115.16105,36.107574
15230,28706,-115.119385,36.026558
15231,15231,-115.13833,36.141514
15232,30769,-115.17493,36.10478
15233,28706,-115.14289,36.143345
15234,28706,-115.04282,36.067123
15235,28706,-115.35068,36.159378
15236,28706,-115.13894,36.16672
15237,28706,-115.15458,36.119186
15238,28706,-115.30752,36.08616
15239,15239,-115.16938,36.12179
15240,28706,-115.28257,36.198036
15241,28706,-115.24243,36.198135
15242,28706,-115.085266,36.02177
15243,28706,-115.15126,36.1089
15244,28706,-115.190506,36.08786
15245,28706,-115.27777,36.130028
15246,28706,-115.11869,36.01635
15247,28706,-115.173996,36.01219
15248,28706,-115.15418,36.01399
15249,28706,-115.22466,36.127693
15250,15250,-115.18291,35.972897
15251,28706,-115.13767,36.124825
15252,28706,-115.17229,36.115147
15253,28706,-115.30971,36.11463
15254,28706,-114.987305,36.036503
15255,28706,-115.33276,36.15119
15256,28706,-115.28703,36.166676
15257,28706,-115.18159,36.107388
15258,28706,-115.117096,36.016495
15259,28706,-115.093315,36.005344
15260,28706,-115.04282,36.067123
15261,28706,-115.351524,36.159336
15262,15262,-115.08588,36.02942
15263,15263,-115.047195,36.05532
15264,28706,-115.059525,36.064236
15265,28706,-115.24255,36.148113
15266,28706,-115.16456,36.131496
15267,28706,-115.20741,36.123623
15268,28706,-115.072266,36.071365
15269,15269,-114.98115,36.0414
15270,28706,-115.07661,36.070503
15271,28706,-115.11716,36.014626
15272,15272,-115.07723,36.071445
15273,28706,-115.1912,36.126503
15274,28706,-115.15254,36.151268
15275,15275,-115.08998,36.020554
15276,28706,-115.29321,36.084576
15277,28706,-115.19388,36.144024
15278,28706,-115.101685,35.997723
15279,28706,-115.17698,36.107407
15280,28706,-115.15323,36.042797
15281,15281,-115.16522,36.099003
15282,15282,-115.2782,36.108463
15283,15283,-115.136406,36.106606
15284,28706,-115.11493,36.114117
15285,28706,-115.04379,36.033794
15286,28706,-115.20964,36.12702
15287,15287,-115.152336,36.11395
15288,28706,-115.15078,36.238735
15289,30769,-115.120026,36.055832
15290,15290,-115.25884,36.190624
15291,28706,-115.11909,36.018726
15292,28706,-115.10123,36.018024
15293,28706,-115.22456,36.128075
15294,28706,-115.11772,36.099663
15295,28706,-115.08348,36.003994
15296,15296,-115.13714,36.010777
15297,28706,-115.1988,36.11421
15298,28706,-115.27853,36.057182
15299,28706,-115.17593,36.068153
15300,28706,-115.01699,36.054703
15301,28706,-115.28703,36.166676
15302,15302,-115.19388,36.144024
15303,28706,-115.2966,36.0958
15304,15304,-115.30664,36.188248
15305,28706,-115.17647,36.14513
15306,28706,-115.17395,36.11303
15307,28706,-115.01699,36.054703
15308,15308,-115.072266,36.071365
15309,28706,-115.11716,36.014626
15310,28706,-115.20628,36.12662
15311,28706,-115.072266,36.071365
15312,28706,-115.04282,36.067123
15313,28706,-115.17578,36.109585
15314,28706,-115.062546,36.029587
15315,28706,-115.16937,36.121815
15316,28706,-115.046844,36.05945
15317,15317,-115.23108,36.143196
15318,28706,-115.04741,36.04008
15319,28706,-115.04003,36.06485
15320,15320,-115.242714,36.036674
15321,15321,-115.087364,36.029713
15322,28706,-115.11719,36.028934
15323,28706,-115.101585,35.99378
15324,28706,-115.17155,36.05243
15325,30769,-115.18191,36.09612
15326,28706,-115.13804,36.10086
15327,30769,-115.1068,36.071945
15328,15328,-115.17496,36.121323
15329,28706,-115.13637,36.129395
15330,28706,-115.205574,36.150757
15331,28706,-115.02097,36.047676
15332,28706,-115.08998,36.020554
15333,28706,-115.08011,36.167046
15334,28706,-115.31442,36.12195
15335,15335,-115.12269,36.057693
15336,28706,-111.97119,33.67655
15337,28706,-115.084076,36.056026
15338,28706,-115.04124,36.0614
15339,28706,-115.172714,36.11888
15340,28706,-115.1393,36.158985
15341,28706,-115.1786,36.06816
15342,28706,-115.11157,36.00645
15343,28706,-115.23096,36.1148
15344,28706,-115.13894,36.16672
15345,28706,-115.15126,36.1089
15346,28706,-115.13615,36.013145
15347,28706,-115.184906,36.11118
15348,28706,-115.13987,36.168903
15349,28706,-115.11869,36.01635
15350,28706,-115.33276,36.15119
15351,28706,-115.09935,36.100647
15352,28706,-115.20685,36.11581
15353,28706,-115.11866,36.01004
15354,28706,-115.27553,36.129856
15355,15355,-115.11735,36.10072
15356,15356,-115.08003,36.069836
15357,15357,-115.17618,36.115856
15358,28706,-115.33344,36.150024
15359,28706,-115.178,36.068428
15360,28706,-115.04003,36.06485
15361,15361,-115.118126,36.015793
15362,15362,-115.04003,36.06485
15363,28706,-115.118965,36.01231
15364,28706,-115.0853,36.021717
15365,28706,-115.17751,36.117035
15366,28706,-115.04282,36.067123
15367,28706,-115.20849,36.129417
15368,28706,-115.1912,36.126503
15369,28706,-115.1952,36.11531
15370,28706,-115.20741,36.123623
15371,28706,-115.24339,36.062386
15372,28706,-115.04883,36.02805
15373,28706,-115.262474,36.219177
15374,28706,-115.11793,36.01752
15375,28706,-115.306274,36.115807
15376,15376,-115.334816,36.155132
15377,28706,-115.04685,36.059486
15378,15378,-115.24928,36.159676
15379,28706,-115.2911,36.08381
15380,28706,-115.15271,36.108807
15381,28706,-115.28637,36.157627
15382,28706,-115.191086,36.197346
15383,28706,-115.173874,36.109753
15384,28706,-115.02748,36.040417
15385,15385,-115.04829,36.056885
15386,15386,-115.04508,36.068527
15387,28706,-115.30402,36.100548
15388,28706,-115.134964,36.013805
15389,28706,-115.11716,36.014626
15390,28706,-115.17601,36.104332
15391,28706,-115.200645,36.115417
15392,30769,-115.23525,36.05661
15393,28706,-115.209915,36.126427
15394,15394,-112.06401,33.538994
15395,15395,-115.17503,36.143192
15396,28706,-115.21148,36.227207
15397,28706,-115.20853,36.11553
15398,15398,-115.119896,36.113
15399,28706,-115.14259,36.142487
15400,28706,-115.08304,36.071857
15401,15401,-115.07656,36.071907
15402,28706,-115.0833,36.00489
15403,28706,-115.20722,36.03344
15404,15404,-114.99158,36.0092
15405,30769,-115.11167,36.100384
15406,28706,-115.119194,36.02536
15407,28706,-115.135,36.1155
15408,28706,-115.137085,36.106686
15409,28706,-115.10254,35.997574
15410,28706,-115.17516,36.091866
15411,28706,-115.31747,36.180336
15412,28706,-115.20705,36.096886
15413,28706,-115.110344,36.002796
15414,28706,-115.03568,36.0642
15415,28706,-115.27432,36.144367
15416,15416,-115.10205,36.098873
15417,28706,-115.30882,36.183144
15418,28706,-115.03742,36.065792
15419,15419,-115.07723,36.071445
15420,28706,-115.11712,36.01646
15421,28706,-115.0845,36.056213
15422,28706,-115.04282,36.067123
15423,15423,-115.02425,36.044903
15424,28706,-115.101204,35.99359
15425,28706,-115.03803,36.080364
15426,28706,-115.11736,36.014675
15427,15427,-115.10165,35.995304
15428,28706,-115.15427,36.1187
15429,30769,-115.17277,36.10465
15430,28706,-115.13987,36.168903
15431,28706,-115.16879,36.122967
15432,30769,-115.20929,36.117195
15433,15433,-115.10157,35.99044
15434,28706,-115.16592,36.127502
15435,28706,-115.24193,36.143177
15436,28706,-115.10161,35.987434
15437,28706,-115.14027,36.171307
15438,28706,-115.152214,36.238003
15439,28706,-115.01699,36.054703
15440,28706,-115.16269,36.144295
15441,28706,-115.20635,35.995155
15442,28706,-115.20959,36.12621
15443,15443,-115.24927,36.23926
15444,15444,-115.22638,36.1432
15445,28706,-115.33513,36.15711
15446,28706,-115.045074,36.06824
15447,28706,-115.18343,36.041916
15448,28706,-115.13576,36.035084
15449,28706,-115.045074,36.06824
15450,28706,-115.28412,36.138985
15451,28706,-115.06837,36.115532
15452,28706,-115.17647,36.14513
15453,28706,-80.944016,35.220257
15454,15454,-115.04929,36.158897
15455,15455,-115.19223,36.1681
15456,28706,-115.17165,36.04078
15457,28706,-115.02987,36.039547
15458,15458,-115.045074,36.06824
15459,15459,-115.045074,36.06824
15460,28706,-115.124886,36.046875
15461,28706,-115.04282,36.067123
15462,28706,-115.153885,36.13335
15463,28706,-115.13907,36.10017
15464,28706,-115.16915,36.054928
15465,15465,-115.15448,36.11884
15466,30769,-115.15271,36.108807
15467,28706,-115.280426,36.056282
15468,15468,-115.19177,36.12637
15469,28706,-115.172295,36.127068
15470,28706,-115.17644,36.116367
15471,28706,-115.241806,36.199173
15472,15472,-115.14259,36.142487
15473,28706,-115.2064,36.089012
15474,28706,-115.15323,36.042797
15475,28706,-115.241516,36.064106
15476,15476,-115.172424,36.10882
15477,28706,-115.24239,36.0542
15478,28706,-115.16963,36.117516
15479,15479,-115.0884,36.071453
15480,28706,-115.1401,36.168667
15481,28706,-115.11704,36.01736
15482,28706,-115.334236,36.145416
15483,28706,-115.09124,36.07067
15484,28706,-115.09996,36.100533
15485,28706,-115.10186,35.99837
15486,15486,-115.33513,36.15711
15487,28706,-115.02468,36.070908
15488,28706,-115.20644,35.99523
15489,28706,-115.19049,35.98293
15490,15490,-115.101585,35.99378
15491,15491,-115.071754,36.070538
15492,28706,-115.04282,36.067123
15493,28706,-115.04147,36.061275
15494,28706,-115.08384,36.022102
15495,15495,-115.28482,36.291054
15496,28706,-115.13648,36.01165
15497,28706,-115.06262,36.02959
15498,28706,-115.16242,36.131897
15499,28706,-115.132935,36.16576
15500,28706,-115.07645,36.069553
15501,15501,-115.08384,36.022102
15502,28706,-115.151,36.15851
15503,28706,-115.28366,36.201637
15504,28706,-115.0379,36.06996
15505,15505,-115.109314,36.128593
15506,15506,-114.95325,36.01422
15507,28706,-115.248184,36.238476
15508,28706,-115.12315,36.042107
15509,30769,-115.119125,36.02624
15510,28706,-115.0969,36.005417
15511,28706,-115.1068,36.071945
15512,28706,-115.16591,36.127495
15513,28706,-115.0969,36.005417
15514,28706,-114.962135,36.013103
15515,28706,-79.964424,40.462208
15516,15516,-115.31554,36.291206
15517,28706,-115.06955,36.068676
15518,28706,-115.08955,36.02054
15519,28706,-115.27944,36.123875
15520,28706,-115.29717,36.143997
15521,28706,-115.11047,36.0034
15522,15522,-115.04225,36.066628
15523,15523,-115.13575,36.028713
15524,28706,-115.309296,36.108513
15525,28706,-115.17012,36.122276
15526,28706,-115.152336,36.136433
15527,28706,-115.12802,35.999496
15528,28706,-115.04282,36.067123
15529,30769,-115.04675,36.043884
15530,28706,-115.27998,36.298416
15531,28706,-115.13413,36.011982
15532,28706,-115.11734,36.022045
15533,15533,-115.14945,36.05745
15534,28706,-115.2833,36.05521
15535,28706,-115.2032,36.092003
15536,15536,-115.242485,36.146217
15537,28706,-115.332,36.151814
15538,28706,-115.17274,36.11424
15539,28706,-115.17144,36.05287
15540,28706,-115.16591,36.127495
15541,28706,-115.30076,36.145542
15542,28706,-115.11716,36.014626
15543,28706,-115.13987,36.168903
15544,30769,-115.24239,36.0542
15545,28706,-115.242615,36.112545
15546,28706,-115.225,36.069855
15547,28706,-115.17712,36.13198
15548,28706,-115.04152,36.05673
15549,28706,-115.04282,36.067123
15550,28706,-115.17177,36.01076
15551,28706,-115.28165,36.200096
15552,28706,-115.04282,36.067123
15553,28706,-115.21124,36.125538
15554,28706,-115.33338,36.145733
15555,15555,-115.17087,36.10242
15556,28706,-115.20571,35.997555
15557,30769,-115.20899,36.09942
15558,15558,-115.07723,36.071445
15559,28706,-115.03709,36.062363
15560,28706,-115.207306,36.131718
15561,28706,-115.243004,36.098354
15562,15562,-115.22434,36.062725
15563,15563,-115.297585,36.09778
15564,28706,-115.17196,36.120907
15565,28706,-115.20728,36.15881
15566,28706,-115.29822,36.09571
15567,28706,-115.08639,36.0206
15568,15568,-115.22045,36.099846
15569,28706,-115.20851,36.117317
15570,15570,-115.07723,36.071445
15571,28706,-115.13792,36.168026
15572,28706,-115.117744,36.010067
15573,28706,-115.17435,36.106205
15574,15574,-115.1414,36.169987
15575,28706,-115.26048,36.17591
15576,28706,-115.17581,36.112846
15577,15577,-115.046295,36.06055
15578,15578,-115.22854,36.145
15579,28706,-115.16818,36.117462
15580,28706,-115.16769,36.10302
15581,28706,-115.1394,36.181416
15582,28706,-115.2274,36.100925
15583,28706,-115.11814,36.017586
15584,15584,-115.173996,36.01219
15585,30769,-115.143135,36.171062
15586,28706,-115.04553,36.061695
15587,15587,-115.13678,36.10622
15588,28706,-115.224075,36.12743
15589,28706,-115.33271,36.15179
15590,28706,-115.08384,36.022102
15591,15591,-115.047195,36.05532
15592,28706,-115.190506,36.08786
15593,28706,-115.046844,36.05945
15594,28706,-115.2418,36.078686
15595,28706,-115.22625,36.086525
15596,28706,-115.2431,36.124302
15597,28706,-115.046844,36.05945
15598,15598,-115.14572,36.168118
15599,28706,-115.17223,36.06783
15600,28706,-115.100845,35.993855
15601,28706,-115.296776,36.09508
15602,15602,-115.0391,36.06487
15603,15603,-115.0325,36.05747
15604,28706,-115.24882,36.195763
15605,15605,-115.046814,36.0576
15606,15606,-115.046814,36.0576
15607,28706,-115.046814,36.0576
15608,28706,-115.13871,36.169216
15609,28706,-115.18159,36.107388
15610,28706,-115.17223,36.110733
15611,28706,-115.08348,36.003994
15612,15612,-115.24495,36.07086
15613,28706,-115.16963,36.117516
15614,28706,-115.205574,36.150757
15615,28706,-115.03914,36.064686
15616,28706,-115.30971,36.11463
15617,28706,-115.28212,36.302612
15618,28706,-115.119385,36.026558
15619,28706,-115.08266,36.15512
15620,15620,-115.18331,36.041283
15621,28706,-115.17815,36.06713
15622,28706,-115.24362,36.202663
15623,28706,-115.11979,36.238106
15624,28706,-115.12009,36.03372
15625,28706,-115.20959,36.12621
15626,28706,-115.09903,36.072247
15627,15627,-115.27853,36.057846
15628,28706,-115.17647,36.14513
15629,28706,-115.176,36.119038
15630,28706,-115.10041,36.07238
15631,15631,-115.31731,36.160122
15632,28706,-115.062546,36.029587
15633,28706,-115.14741,36.114876
15634,28706,-115.117096,36.016495
15635,28706,-115.16591,36.127495
15636,28706,-115.11698,36.009254
15637,28706,-115.20631,36.12659
15638,28706,-115.28703,36.166676
15639,30769,-115.1613,36.138298
15640,28706,-115.262764,36.143272
15641,28706,-114.98724,36.036552
15642,15642,-114.98589,36.03594
15643,30769,-115.30428,36.19106
15644,15644,-115.14124,36.172813
15645,28706,-115.17028,36.12229
15646,28706,-115.15427,36.1187
15647,28706,-115.1206,36.0114
15648,28706,-115.17524,36.09232
15649,28706,-115.20959,36.12621
15650,15650,-115.08566,36.02736
15651,28706,-115.13567,36.176983
15652,28706,-115.116585,36.18794
15653,28706,-115.22625,36.086525
15654,28706,-115.306274,36.115807
15655,28706,-115.15448,36.11884
15656,28706,-115.24239,36.0542
15657,15657,-115.14056,36.16785
15658,28706,-115.116974,36.020264
15659,15659,-115.04165,36.05552
15660,28706,-115.21156,36.125397
15661,28706,-115.15202,36.159885
15662,28706,-115.15123,36.162724
15663,28706,-115.172554,36.111877
15664,15664,-115.11047,36.0034
15665,28706,-115.24246,36.09864
15666,28706,-115.17698,36.111977
15667,15667,-115.146866,36.159966
15668,28706,-115.09916,36.04198
15669,28706,-115.16769,36.10302
15670,28706,-115.142006,36.17183
15671,28706,-115.147255,36.15942
15672,28706,-115.17406,36.107925
15673,28706,-115.15126,36.1089
15674,28706,-115.27994,36.122913
15675,15675,-115.13575,36.028713
15676,15676,-115.089966,36.020554
15677,28706,-114.984924,36.034855
15678,28706,-115.17712,36.13198
15679,28706,-115.21148,36.227207
15680,28706,-115.19189,36.126472
15681,28706,-115.240555,36.197216
15682,28706,-115.0391,36.06487
15683,15683,-115.24386,36.047413
15684,28706,-115.11793,36.01752
15685,28706,-115.11046,36.003387
15686,28706,-115.10386,35.998825
15687,28706,-115.08588,36.02942
15688,15688,-115.19575,36.126385
15689,15689,-115.08003,36.069836
15690,28706,-115.15686,36.10225
15691,28706,-115.173706,36.107292
15692,28706,-115.23752,36.14488
15693,15693,-115.19,36.23888
15694,28706,-115.13785,36.116135
15695,28706,-115.17169,36.055344
15696,15696,-115.13713,36.01069
15697,28706,-115.22438,36.048576
15698,15698,-115.11157,36.00645
15699,28706,-115.11668,36.187164
15700,28706,-115.061554,36.112236
15701,28706,-115.046844,36.05945
15702,28706,-115.20149,36.101982
15703,15703,-115.11921,36.03455
15704,28706,-115.13576,36.035084
15705,28706,-115.25156,36.14358
15706,15706,-115.1466,36.171837
15707,28706,-115.333496,36.15076
15708,15708,-115.33276,36.15119
15709,15709,-115.112,36.10026
15710,28706,-115.22582,36.145847
15711,15711,-115.135,36.1155
15712,28706,-115.24536,36.16115
15713,28706,-115.2991,36.145622
15714,28706,-115.15797,36.158264
15715,28706,-115.188034,36.09308
15716,15716,-115.2782,36.108463
15717,28706,-115.20955,36.12644
15718,28706,-115.08485,36.004303
15719,28706,-115.20741,36.123623
15720,28706,-115.08003,36.069836
15721,28706,-115.16908,36.116745
15722,15722,-115.102715,35.99111
15723,28706,-115.17647,36.14513
15724,28706,-115.27973,36.119114
15725,15725,-115.04146,36.05681
15726,28706,-115.08003,36.069836
15727,15727,-115.05336,36.01981
15728,15728,-115.17491,36.01144
15729,15729,-115.08003,36.069836
15730,28706,-115.1414,36.169987
15731,28706,-115.17712,36.13198
15732,28706,-115.253624,36.14308
15733,28706,-115.31443,36.101513
15734,28706,-115.17389,36.10978
15735,28706,-115.2531,36.274574
15736,28706,-115.13576,36.035084
15737,28706,-115.043175,36.06358
15738,15738,-115.04345,36.055702
15739,28706,-115.21156,36.125397
15740,15740,-115.1714,36.117455
15741,15741,-115.03668,36.06621
15742,15742,-115.046844,36.05945
15743,28706,-111.883736,33.583702
15744,28706,-115.03668,36.06621
15745,30769,-115.27694,36.020416
15746,28706,-115.1969,36.12608
15747,30769,-115.09615,36.240704
15748,28706,-115.14064,36.167877
15749,15749,-115.24157,36.144634
15750,28706,-115.242485,36.146217
15751,28706,-114.96386,36.02525
15752,28706,-115.08218,36.15933
15753,28706,-115.21733,36.223446
15754,15754,-115.169556,36.10338
15755,28706,-115.172455,36.111073
15756,15756,-115.207245,36.124905
15757,28706,-115.30644,36.114285
15758,15758,-115.1068,36.071945
15759,28706,-115.11793,36.01752
15760,28706,-115.13694,36.11391
15761,28706,-115.11931,36.020374
15762,28706,-115.08639,36.0206
15763,28706,-115.30882,36.183144
15764,28706,-115.123695,36.16971
15765,15765,-115.24309,36.21847
15766,28706,-115.33513,36.15711
15767,28706,-115.100845,35.993855
15768,28706,-115.04661,36.02556
15769,30769,-115.2835,36.14013
15770,28706,-115.29946,36.145557
15771,28706,-115.19812,36.197575
15772,28706,-115.11894,36.020554
15773,28706,-115.20722,36.03344
15774,28706,-115.06381,36.167458
15775,28706,-115.06165,36.160526
15776,28706,-115.252426,36.062756
15777,28706,-115.17466,36.02949
15778,28706,-115.243004,36.03598
15779,28706,-115.08588,36.02942
15780,15780,-115.13576,36.035084
15781,28706,-115.03324,36.060707
15782,15782,-115.03789,36.055847
15783,30769,-115.17144,36.05287
15784,28706,-115.14963,36.16695
15785,28706,-115.244095,36.0458
15786,28706,-115.11757,36.080364
15787,30769,-115.15458,36.119186
15788,28706,-115.08639,36.0206
15789,28706,-115.02987,36.039547
15790,30769,-115.17234,36.055244
15791,28706,-115.17093,36.110065
15792,15792,-115.17481,36.10987
15793,28706,-115.31403,36.218792
15794,28706,-115.11822,36.017567
15795,28706,-115.14471,36.17297
15796,28706,-115.030464,36.03026
15797,15797,-115.227455,36.10028
15798,28706,-115.207695,36.15643
15799,28706,-115.04142,36.055454
15800,15800,-115.125404,36.21865
15801,15801,-115.17294,36.118397
15802,28706,-115.04142,36.055454
15803,15803,-114.99218,36.01148
15804,15804,-115.046875,36.055714
15805,15805,-115.261665,36.107723
15806,28706,-115.10188,36.10076
15807,28706,-115.0334,36.08369
15808,30769,-115.11716,36.014626
15809,30769,-115.10773,36.002964
15810,28706,-115.08566,36.02736
15811,28706,-115.17262,36.12956
15812,28706,-115.04131,36.05594
15813,28706,-115.246254,36.064285
15814,28706,-115.04165,36.05552
15815,28706,-115.172424,36.10882
15816,15816,-115.050644,36.056293
15817,28706,-115.18609,36.27883
15818,28706,-115.269745,36.020267
15819,28706,-115.15557,36.135155
15820,28706,-115.04282,36.067123
15821,15821,-115.08231,36.069843
15822,15822,-115.112,36.10026
15823,28706,-115.14032,36.169064
15824,28706,-115.11833,36.013557
15825,28706,-115.33198,36.151814
15826,28706,-115.061554,36.112236
15827,15827,-115.17535,36.070137
15828,15828,-115.08485,36.004303
15829,28706,-115.134926,36.01409
15830,28706,-115.15342,36.01457
15831,28706,-115.17294,36.118397
15832,28706,-115.20964,36.12702
15833,15833,-115.20848,36.07308
15834,15834,-115.00329,36.057842
15835,28706,-115.072784,36.07703
15836,15836,-115.178,36.068428
15837,30769,-115.2858,36.158028
15838,28706,-115.17914,36.27604
15839,28706,-115.038345,36.06321
15840,15840,-115.17712,36.13198
15841,28706,-115.11779,36.013794
15842,28706,-115.14255,36.142525
15843,28706,-115.24239,36.0542
15844,28706,-115.281296,36.05612
15845,28706,-115.102715,35.99111
15846,28706,-115.333084,36.15087
15847,28706,-115.08955,36.02054
15848,28706,-115.17484,36.068127
15849,15849,-115.11803,36.02843
15850,28706,-115.20848,36.07308
15851,28706,-115.07943,36.019363
15852,28706,-115.24367,36.0793
15853,15853,-115.2439,36.044876
15854,28706,-115.17155,36.05199
15855,28706,-115.048035,36.023315
15856,28706,-115.227455,36.10028
15857,15857,-115.11719,36.028934
15858,28706,-115.24418,36.04813
15859,15859,-115.12658,36.100414
15860,28706,-115.27777,36.130028
15861,28706,-115.0819,36.069767
15862,28706,-115.0833,36.00489
15863,28706,-115.1187,36.01658
15864,28706,-115.056305,36.056038
15865,30769,-115.17259,36.112953
15866,28706,-115.190506,36.08786
15867,28706,-115.14572,36.168118
15868,28706,-115.209656,36.127045
15869,28706,-115.17101,36.12469
15870,28706,-115.29149,36.085815
15871,15871,-115.019066,36.052845
15872,28706,-115.18995,36.12553
15873,28706,-115.13931,36.167286
15874,15874,-115.15265,36.012516
15875,28706,-79.985535,40.45074
15876,15876,-115.153404,36.027
15877,28706,-115.08639,36.0206
15878,28706,-115.15662,36.14225
15879,15879,-115.11772,36.099663
15880,28706,-115.08814,36.070644
15881,28706,-115.17462,36.142902
15882,28706,-115.117165,36.016724
15883,28706,-115.241516,36.064106
15884,15884,-115.05954,36.064503
15885,28706,-115.33192,36.159554
15886,28706,-115.19448,36.126213
15887,28706,-115.1191,36.040413
15888,28706,-115.14096,36.16953
15889,28706,-115.20954,36.099316
15890,15890,-115.1414,36.169987
15891,28706,-115.31348,36.157883
15892,28706,-115.17593,36.068153
15893,28706,-115.17542,36.012497
15894,28706,-115.20964,36.12702
15895,15895,-115.27994,36.052994
15896,28706,-115.2782,36.108463
15897,15897,-115.16348,36.113026
15898,28706,-115.198975,36.130802
15899,28706,-115.0833,36.00489
15900,28706,-115.29776,36.097992
15901,15901,-115.195984,36.12538
15902,28706,-115.04675,36.043884
15903,28706,-88.20769,40.11382
15904,28706,-115.04146,36.05681
15905,15905,-115.153595,36.011986
15906,15906,-115.18949,36.10455
15907,28706,-115.13882,36.16736
15908,28706,-115.15323,36.042797
15909,30769,-115.12009,36.03372
15910,28706,-111.85335,33.393387
15911,15911,-115.07661,36.070503
15912,28706,-115.3158,36.29146
15913,28706,-115.078415,36.07147
15914,15914,-115.11047,36.002903
15915,15915,-115.11822,36.017567
15916,28706,-115.24359,36.04637
15917,30769,-115.17139,35.964874
15918,28706,-115.17407,36.121197
15919,30769,-115.14214,36.17187
15920,28706,-115.19611,36.201637
15921,28706,-115.333084,36.15087
15922,28706,-115.05399,36.036213
15923,15923,-115.21327,36.12656
15924,15924,-115.09973,36.036064
15925,28706,-115.06448,36.099808
15926,28706,-115.298485,36.078434
15927,15927,-115.27977,36.298897
15928,15928,-115.02772,36.048725
15929,28706,-115.11793,36.01752
15930,28706,-115.132225,36.101387
15931,15931,-115.112,36.10026
15932,15932,-115.11839,36.01761
15933,15933,-115.21327,36.12656
15934,28706,-115.16961,36.121452
15935,28706,-115.08399,36.07271
15936,28706,-115.13785,36.116135
15937,28706,-115.10561,36.00054
15938,28706,-115.14891,36.08587
15939,30557,-115.117165,36.016724
15940,15940,-115.137955,36.138744
15941,28706,-115.14513,36.17488
15942,15942,-115.03642,36.06336
15943,28706,-115.19397,36.12618
15944,15944,-115.17625,36.092876
15945,28706,-115.200645,36.115417
15946,15946,-115.17159,36.05579
15947,28706,-115.17889,36.067535
15948,28706,-115.14252,36.142284
15949,30769,-115.19307,36.12646
15950,28706,-115.33295,36.146164
15951,15951,-115.15323,36.042797
15952,28706,-115.04508,36.068527
15953,28706,-115.218315,36.125317
15954,28706,-115.20685,36.11581
15955,15955,-115.118126,36.015793
15956,28706,-115.08336,36.022465
15957,28706,-115.174355,36.109806
15958,28706,-115.155594,36.11496
15959,15959,-115.208176,36.115437
15960,28706,-115.117386,36.019474
15961,28706,-115.33325,36.149357
15962,28706,-115.118416,36.025414
15963,28706,-115.30353,36.19177
15964,28706,-115.244,36.05142
15965,28706,-115.1068,36.071945
15966,28706,-115.26447,36.27155
15967,15967,-115.08566,36.025993
15968,28706,-115.138954,36.11575
15969,30769,-115.04797,36.025887
15970,28706,-115.05262,36.100742
15971,28706,-115.10386,35.998825
15972,15972,-115.116776,36.020107
15973,28706,-115.10165,36.0795
15974,15974,-115.04508,36.068527
15975,28706,-115.132126,36.04201
15976,28706,-115.243515,36.072624
15977,28706,-115.15271,36.108807
15978,28706,-115.16788,36.099346
15979,28706,-115.163124,36.133614
15980,15980,-115.29141,36.160778
15981,15981,-115.11944,36.085712
15982,15982,-115.151955,36.114975
15983,15983,-115.12573,36.173634
15984,30769,-115.20641,36.17994
15985,28706,-115.1912,36.126503
15986,28706,-115.20741,36.123623
15987,28706,-115.127,36.100117
15988,28706,-115.10177,35.998737
15989,28706,-115.02097,36.047676
15990,28706,-115.243546,36.04771
15991,15991,-115.04508,36.068527
15992,28706,-115.11687,36.072422
15993,28706,-115.20555,36.125256
15994,28706,-115.16901,35.965446
15995,28706,-115.138756,36.11665
15996,28706,-115.05508,36.01792
15997,30769,-114.92394,35.992123
15998,28706,-114.92266,36.11394
15999,28706,-115.01699,36.054703
16000,28706,-115.13637,36.108074
16001,28706,-115.14253,36.169502
16002,28706,-115.17669,36.117455
16003,28706,-115.02988,36.040874
16004,16004,-115.10142,36.08595
16005,30769,-115.05253,36.049995
16006,28706,-115.08566,36.02736
16007,28706,-115.19287,36.126762
16008,30769,-115.33268,36.14496
16009,28706,-115.046684,36.025402
16010,28706,-115.04147,36.061275
16011,16011,-115.204926,36.17127
16012,30769,-115.04165,36.05552
16013,16013,-115.1563,36.142338
16014,28706,-79.98588,40.45011
16015,28706,-115.17669,36.117455
16016,30769,-115.191086,36.197346
16017,28706,-115.14788,36.161
16018,28706,-115.17544,36.09935
16019,28706,-114.92317,36.10016
16020,16020,-115.17577,36.011356
16021,28706,-115.16904,36.124878
16022,16022,-114.99369,36.03624
16023,28706,-115.171776,36.102093
16024,28706,-115.22431,36.049065
16025,16025,-114.967,36.024372
16026,28706,-111.97583,33.626015
16027,16027,-115.11862,36.115192
16028,28706,-115.13574,36.03067
16029,16029,-115.03406,36.03624
16030,28706,-115.281876,36.200466
16031,28706,-115.04068,36.06382
16032,28706,-115.185074,36.11716
16033,28706,-112.25756,33.480137
16034,28706,-115.09048,36.11702
16035,30769,-115.334236,36.145416
16036,16036,-115.29649,36.113503
16037,28706,-115.17223,36.110733
16038,28706,-115.334236,36.145416
16039,28706,-115.20689,36.072517
16040,28706,-115.15373,36.08406
16041,28706,-115.19094,36.126175
16042,28706,-115.05397,36.08003
16043,28706,-115.18644,36.11881
16044,16044,-115.060974,36.111828
16045,28706,-115.02826,36.045822
16046,28706,-115.06298,36.02416
16047,28706,-115.27777,36.130028
16048,28706,-115.07337,36.21706
16049,28706,-115.16899,36.124603
16050,16050,-115.10846,36.130527
16051,28706,-115.132935,36.16576
16052,28706,-115.11909,36.06513
16053,28706,-115.176414,36.092564
16054,28706,-115.10773,36.002964
16055,28706,-115.176575,36.091194
16056,28706,-115.13987,36.168903
16057,28706,-115.244255,36.145123
16058,28706,-115.29998,36.147152
16059,28706,-115.133606,36.20977
16060,28706,-115.118126,36.015793
16061,16061,-115.1752,36.091843
16062,28706,-115.18085,36.292507
16063,28706,-115.10691,35.999065
16064,28706,-115.24246,36.09864
16065,28706,-115.0853,36.021717
16066,28706,-115.11687,36.072422
16067,28706,-115.24407,36.047813
16068,28706,-115.17743,36.067726
16069,28706,-115.2411,36.19917
16070,16070,-115.17406,36.107925
16071,28706,-115.24239,36.0542
16072,28706,-115.331406,36.15959
16073,28706,-115.332794,36.156055
16074,28706,-115.02739,36.044228
16075,28706,-115.02739,36.044228
16076,28706,-115.101685,35.997723
16077,28706,-115.11929,36.081306
16078,16078,-115.08771,36.035824
16079,16079,-115.12155,36.04155
16080,30769,-115.02772,36.048725
16081,28706,-115.11959,36.09969
16082,28706,-115.12861,36.057144
16083,28706,-115.267746,36.020947
16084,28706,-115.11351,36.12936
16085,28706,-115.120316,36.057457
16086,28706,-115.25156,36.14358
16087,28706,-115.16642,36.069885
16088,28706,-115.136215,36.099274
16089,28706,-115.126816,36.021282
16090,28706,-115.31348,36.157883
16091,28706,-115.181786,36.054447
16092,28706,-115.101585,35.99378
16093,16093,-115.13574,36.03067
16094,28706,-115.155685,36.013283
16095,28706,-115.29408,36.14382
16096,28706,-115.33143,36.15486
16097,16097,-115.18939,36.11789
16098,28706,-115.02606,36.044388
16099,28706,-115.10846,36.130527
16100,16100,-115.17875,36.284214
16101,28706,-115.2792,36.025677
16102,28706,-115.06381,36.167458
16103,28706,-115.21327,36.12656
16104,16104,-115.13648,36.01165
16105,16105,-115.09543,36.07111
16106,16106,-115.17466,36.02949
16107,28706,-115.299644,36.11574
16108,28706,-115.20755,36.143238
16109,28706,-115.30016,36.115658
16110,28706,-115.13609,36.01191
16111,16111,-115.22577,36.101196
16112,28706,-115.10561,36.00054
16113,28706,-115.3115,36.158897
16114,28706,-115.20207,36.090256
16115,16115,-115.02097,36.047676
16116,16116,-115.1401,36.169327
16117,28706,-115.101585,35.99378
16118,28706,-115.277664,36.02164
16119,28706,-115.15323,36.042797
16120,28706,-115.108116,36.00007
16121,28706,-115.220406,36.0995
16122,28706,-115.174706,36.01131
16123,28706,-115.253624,36.274426
16124,30557,-115.10889,36.00196
16125,28706,-115.15126,36.1089
16126,28706,-115.17815,36.06713
16127,30557,-112.09069,33.480274
16128,28706,-115.04599,36.060104
16129,28706,-115.09037,36.02096
16130,28706,-114.99299,36.014114
16131,28706,-115.24303,36.149204
16132,28706,-115.08639,36.0206
16133,28706,-115.17143,36.135014
16134,28706,-115.24341,36.130524
16135,16135,-115.17535,36.070137
16136,30557,-115.04282,36.067123
16137,28706,-115.04759,36.040302
16138,16138,-115.17113,36.12856
16139,28706,-115.15458,36.119186
16140,16140,-115.13056,36.10134
16141,28706,-115.04131,36.05594
16142,16142,-115.04131,36.05594
16143,16143,-115.17815,36.06713
16144,28706,-115.16586,36.14785
16145,16145,-115.17676,36.10449
16146,28706,-115.17143,36.135014
16147,28706,-115.22625,36.086525
16148,28706,-115.17041,36.110847
16149,28706,-112.030495,33.49422
16150,28706,-115.28685,36.289684
16151,28706,-115.13938,36.168507
16152,28706,-115.00884,36.034294
16153,28706,-115.13648,36.01165
16154,28706,-115.20233,36.14488
16155,28706,-115.17509,36.143238
16156,30557,-115.14055,36.169167
16157,28706,-115.089264,36.070396
16158,28706,-115.16904,36.124878
16159,28706,-115.17157,36.051224
16160,28706,-115.28992,36.160503
16161,28706,-115.04282,36.067123
16162,28706,-115.20388,36.087532
16163,16163,-115.04282,36.067123
16164,28706,-115.043594,36.06316
16165,28706,-115.19094,36.126175
16166,28706,-115.10377,36.130226
16167,28706,-115.117096,36.016495
16168,28706,-115.174324,36.067642
16169,28706,-115.09935,36.100647
16170,16170,-115.21148,36.227207
16171,28706,-115.17277,36.082066
16172,28706,-115.14124,36.172813
16173,16173,-115.17712,36.13198
16174,28706,-114.8582,35.969296
16175,28706,-115.01699,36.054703
16176,16176,-115.20888,36.09506
16177,16177,-115.15323,36.042797
16178,28706,-115.210464,36.23675
16179,28706,-115.13904,36.16885
16180,30557,-115.08955,36.02054
16181,28706,-111.97244,33.68464
16182,16182,-115.08336,36.022465
16183,16183,-115.13833,36.141514
16184,28706,-115.28299,36.070362
16185,28706,-115.23664,36.115025
16186,28706,-115.04415,36.063168
16187,28706,-115.1283,36.0573
16188,28706,-115.04728,36.06657
16189,28706,-115.08335,36.071888
16190,28706,-115.25142,36.067112
16191,28706,-115.04625,36.0659
16192,28706,-115.04883,36.02805
16193,28706,-115.02986,36.04018
16194,28706,-115.119255,36.02623
16195,28706,-115.04671,36.026028
16196,16196,-115.2682,36.207485
16197,28706,-115.15427,36.1187
16198,28706,-115.04625,36.0659
16199,28706,-115.118965,36.01231
16200,28706,-115.046684,36.025402
16201,28706,-115.20766,36.124832
16202,28706,-115.11793,36.021038
16203,28706,-115.35168,36.159485
16204,28706,-115.20886,36.122192
16205,16205,-115.08362,36.07416
16206,28706,-115.17397,36.10626
16207,30769,-115.04282,36.067123
16208,30769,-115.15387,36.110085
16209,28706,-115.258965,36.180824
16210,30769,-115.17712,36.13198
16211,30769,-115.299835,36.147236
16212,28706,-115.35095,36.15929
16213,28706,-115.17647,36.14513
16214,28706,-115.23168,36.152233
16215,28706,-115.176765,36.14523
16216,28706,-115.11297,36.00433
16217,28706,-115.29321,36.084576
16218,28706,-115.08955,36.02054
16219,29362,-115.046875,36.055714
16220,28706,-115.1191,36.040413
16221,28706,-115.04358,36.06423
16222,28706,-115.17582,36.11773
16223,28706,-115.24359,36.045593
16224,16224,-115.19213,36.124943
16225,28706,-115.12253,36.04208
16226,16226,-115.20413,36.0348
16227,28706,-115.11645,36.239567
16228,28706,-115.261665,36.107723
16229,16229,-115.18908,36.07802
16230,28706,-115.275795,36.143433
16231,28706,-115.144745,36.173252
16232,28706,-89.39177,43.075077
16233,28706,-115.13609,36.01191
16234,28706,-115.15414,36.012283
16235,28706,-115.1392,36.14452
16236,16236,-115.243904,36.090073
16237,16237,-115.12191,36.02072
16238,16238,-115.29713,36.143776
16239,28706,-115.242615,36.112545
16240,16240,-115.08963,36.020706
16241,28706,-115.17186,36.11744
16242,28706,-115.15254,36.151268
16243,16243,-115.10229,36.1156
16244,16244,-115.04797,36.025887
16245,30769,-115.17012,36.122276
16246,28706,-114.992676,36.013332
16247,28706,-115.12047,36.026196
16248,16248,-115.10471,36.115803
16249,30769,-80.94362,35.219006
16250,28706,-115.101585,35.98974
16251,28706,-115.29805,36.070038
16252,28706,-115.17493,36.10478
16253,16253,-114.987305,36.036503
16254,28706,-115.14556,36.172424
16255,28706,-115.06167,36.15957
16256,16256,-115.29135,36.16915
16257,28706,-115.15822,36.161972
16258,28706,-115.132935,36.16576
16259,16259,-115.24373,36.08461
16260,28706,-114.9647,36.026493
16261,16261,-115.27973,36.119114
16262,16262,-115.06312,36.173996
16263,28706,-115.16866,36.117542
16264,28706,-115.08076,36.07135
16265,28706,-115.17504,36.144676
16266,28706,-115.17274,36.11424
16267,16267,-115.24201,36.042435
16268,28706,-115.15126,36.1089
16269,16269,-115.24562,36.1436
16270,16270,-115.24359,36.045593
16271,28706,-115.20388,36.087532
16272,30769,-111.97308,33.52883
16273,30769,-115.308495,36.11394
16274,28706,-115.22412,36.127884
16275,28706,-114.98343,36.031956
16276,28706,-115.08509,36.029533
16277,16277,-115.11793,36.01752
16278,16278,-115.17234,36.110107
16279,16279,-115.096466,36.006683
16280,28706,-115.145645,36.124844
16281,28706,-115.08955,36.02054
16282,16282,-115.31348,36.157883
16283,28706,-115.186485,36.1187
16284,30769,-115.16997,36.11293
16285,28706,-115.17457,36.11622
16286,28706,-115.20723,36.163433
16287,28706,-115.207245,36.124905
16288,30769,-3.1795256,55.951454
16289,28706,-115.33344,36.150024
16290,28706,-115.16792,36.11547
16291,28706,-115.100464,36.086742
16292,28706,-115.18219,36.10132
16293,28706,-115.038345,36.06321
16294,28706,-115.27943,36.19797
16295,28706,-115.201775,36.126526
16296,28706,-115.062614,36.161926
16297,28706,-115.17332,36.11567
16298,28706,-115.16309,36.136738
16299,28706,-115.0849,36.133053
16300,16300,-115.08218,36.15933
16301,16301,-115.188644,36.126087
16302,16302,-115.15797,36.158264
16303,28706,-115.244194,36.045704
16304,28706,-115.190506,36.08786
16305,28706,-115.17041,36.110847
16306,28706,-115.1929,36.116634
16307,28706,-115.175804,36.09531
16308,28706,-115.100845,35.993855
16309,30769,-115.15155,36.151466
16310,28706,-115.14255,36.142525
16311,28706,-115.0849,36.133053
16312,16312,-115.180664,36.291985
16313,16313,-115.17395,36.11303
16314,28706,-115.13482,36.11362
16315,16315,-115.11772,36.099663
16316,16316,-115.10359,36.116684
16317,28706,-115.17143,36.135014
16318,28706,-115.3352,36.15803
16319,16319,-115.0849,36.133053
16320,30769,-115.20955,36.12644
16321,30769,-115.14513,36.17488
16322,28706,-115.284874,36.29139
16323,28706,-115.17279,36.11766
16324,28706,-115.15427,36.1187
16325,16325,-115.15112,36.086338
16326,16326,-115.138435,36.167526
16327,30769,-115.13233,36.193367
16328,16328,-115.195984,36.12538
16329,28706,-115.24271,36.219223
16330,30769,-115.13907,36.17015
16331,30769,-115.186104,36.11628
16332,30769,-115.28165,36.200096
16333,28706,-115.00147,36.271496
16334,28706,-115.176765,36.14523
16335,28706,-115.00147,36.271496
16336,28706,-115.27853,36.057846
16337,16337,-115.11585,36.240154
16338,28706,-115.17146,36.10095
16339,28706,-115.14406,36.171234
16340,16340,-115.18995,36.12553
16341,28706,-115.242546,36.098583
16342,28706,-115.24227,36.144756
16343,28706,-115.20667,36.114872
16344,16344,-115.26318,36.271908
16345,28706,-115.13618,36.10516
16346,28706,-115.29076,36.15755
16347,28706,-115.16918,36.10844
16348,28706,-115.244156,36.047306
16349,28706,-115.134575,36.101467
16350,28706,-115.30428,36.19106
16351,28706,-115.153946,36.26045
16352,28706,-115.17177,36.01076
16353,28706,-112.00845,33.581757
16354,28706,-115.27989,36.124878
16355,16355,-115.17712,36.13198
16356,28706,-115.19265,36.132973
16357,16357,-115.17419,36.110485
16358,16358,-115.2696,36.270027
16359,28706,-114.979904,36.02931
16360,28706,-115.17229,36.115147
16361,28706,-115.15112,36.086338
16362,28706,-115.29939,36.145184
16363,28706,-115.124794,36.220394
16364,28706,-115.17457,36.11622
16365,28706,-115.15716,36.114746
16366,28706,-115.120384,36.27603
16367,16367,-115.14224,36.240005
16368,28706,-115.17223,36.105675
16369,28706,-115.19283,36.144253
16370,16370,-115.28655,36.28842
16371,28706,-115.20513,36.27028
16372,16372,-115.29656,36.0931
16373,28706,-111.97982,33.49482
16374,30769,-115.23995,36.14467
16375,28706,-115.286575,36.277733
16376,28706,-115.13894,36.16672
16377,28706,-115.17712,36.13198
16378,28706,-111.92741,33.496716
16379,28706,-115.203186,36.09046
16380,16380,-115.17462,36.142902
16381,28706,-115.170975,36.114277
16382,16382,-115.20513,36.27028
16383,28706,-115.19242,36.12601
16384,28706,-115.266174,36.144306
16385,28706,-115.244255,36.145123
16386,28706,-115.21733,36.223446
16387,28706,-115.206375,36.27993
16388,16388,-115.163124,36.133614
16389,30769,-111.899635,33.554825
16390,28706,-115.17572,36.009
16391,16391,-115.19622,36.205273
16392,28706,-115.24271,36.219223
16393,16393,-115.29434,36.095753
16394,28706,-115.241516,36.064106
16395,28706,-115.169655,36.12119
16396,28706,-115.33344,36.150024
16397,16397,-115.234955,36.243893
16398,28706,-115.28819,36.291035
16399,28706,-115.14639,36.081303
16400,28706,-115.16114,36.144093
16401,16401,-115.24362,36.202663
16402,16402,-115.11635,36.2778
16403,28706,-115.200645,36.115417
16404,28706,-115.242905,36.152386
16405,28706,-115.116295,36.240383
16406,28706,-114.98926,36.202255
16407,16407,-115.15472,36.115124
16408,28706,-115.09303,36.218987
16409,16409,-115.22455,36.238483
16410,28706,-115.24354,36.073208
16411,16411,-115.13637,36.108074
16412,16412,-115.20645,36.279408
16413,28706,-115.11736,36.014675
16414,16414,-115.27849,36.13345
16415,28706,-115.05501,36.015766
16416,28706,-115.15096,36.15308
16417,16417,-115.28217,36.302864
16418,28706,-115.233406,36.23862
16419,16419,-115.14055,36.169167
16420,16420,-115.17123,36.15944
16421,16421,-115.09615,36.240704
16422,28706,-115.12652,36.15846
16423,28706,-115.09615,36.240704
16424,16424,-115.334236,36.145416
16425,28706,-115.27832,36.056545
16426,16426,-115.23975,36.14317
16427,28706,-115.28703,36.166676
16428,16428,-115.16296,36.12714
16429,30769,-115.225876,36.055565
16430,28706,-115.14055,36.169167
16431,30769,-115.207245,36.124905
16432,16432,-115.09615,36.240704
16433,28706,-115.119385,36.026558
16434,16434,-115.2072,36.271782
16435,28706,-115.23168,36.152233
16436,28706,-115.17211,36.159092
16437,16437,-115.27721,36.306732
16438,28706,-115.22406,36.12772
16439,28706,-115.17153,36.054417
16440,16440,-115.227615,36.129646
16441,28706,-115.24415,36.05087
16442,28706,-115.14027,36.171307
16443,28706,-115.172455,36.106503
16444,28706,-115.12652,36.15846
16445,28706,-115.20695,35.99532
16446,28706,-115.168144,36.110283
16447,28706,-115.173904,36.110092
16448,30769,-115.15323,36.042797
16449,28706,-115.27777,36.130028
16450,28706,-115.20741,36.123623
16451,16451,-115.17201,36.159367
16452,28706,-115.138435,36.167526
16453,28706,-115.16769,36.10302
16454,28706,-115.22227,36.099506
16455,16455,-115.141846,36.17241
16456,28706,-115.14333,36.19606
16457,16457,-115.17143,36.135014
16458,16458,-115.243546,36.064587
16459,28706,-115.17652,36.11303
16460,16460,-115.11707,36.204414
16461,28706,-115.11707,36.204414
16462,30769,-115.24303,36.062855
16463,28706,-115.334816,36.15839
16464,16464,-115.24946,36.242676
16465,28706,-115.21917,36.126225
16466,28706,-115.29755,36.112892
16467,28706,-115.17625,36.092876
16468,28706,-115.17259,36.112953
16469,28706,-115.177,36.11199
16470,28706,-115.15126,36.10913
16471,28706,-115.29926,36.098995
16472,28706,-115.2858,36.158028
16473,28706,-115.28774,36.15778
16474,28706,-115.14656,36.23896
16475,16475,-115.13639,36.175
16476,28706,-115.1795,36.286583
16477,28706,-115.21359,36.12667
16478,30769,-115.24508,36.159706
16479,28706,-115.24536,36.16115
16480,28706,-115.14156,36.27635
16481,28706,-114.98345,36.03831
16482,28706,-115.100845,35.993855
16483,28706,-115.15411,36.107388
16484,16484,-115.29402,36.093773
16485,28706,-115.16081,36.237892
16486,28706,-115.27846,36.134956
16487,30769,-115.20198,36.10272
16488,28706,-115.209656,36.127045
16489,28706,-115.26988,36.2835
16490,28706,-115.24588,36.16519
16491,16491,-115.281105,36.05382
16492,28706,-115.2411,36.114986
16493,16493,-115.16255,36.147816
16494,28706,-115.24367,36.0793
16495,28706,-115.2503,36.26133
16496,28706,-115.175804,36.096684
16497,28706,-115.17601,36.104332
16498,28706,-111.89714,33.67805
16499,28706,-115.15383,36.157158
16500,28706,-115.286644,36.277836
16501,30769,-115.31363,36.157314
16502,28706,-115.252,36.063618
16503,16503,-115.170906,36.103455
16504,28706,-115.17618,36.115856
16505,28706,-115.2092,36.246758
16506,16506,-115.265656,36.273514
16507,28706,-115.17582,36.11773
16508,28706,-115.24362,36.202663
16509,16509,-115.244255,36.145123
16510,28706,-115.17457,36.102413
16511,16511,-115.287155,36.282867
16512,28706,-115.161804,36.144165
16513,16513,-115.20513,36.27028
16514,16514,-115.250565,36.14357
16515,28706,-115.335365,36.15747
16516,28706,-115.2414,36.197395
16517,28706,-115.33192,36.159554
16518,30557,-115.19138,36.19741
16519,16519,-115.19443,36.12589
16520,28706,-115.2983,36.147083
16521,16521,-115.11758,36.264038
16522,28706,-115.28217,36.302864
16523,28706,-115.15594,36.10788
16524,28706,-115.19812,36.197575
16525,28706,-115.06262,36.02959
16526,16526,-115.133606,36.20977
16527,16527,-115.206375,36.2394
16528,28706,-115.2032,36.092003
16529,28706,-115.081985,36.14379
16530,28706,-115.26378,36.0842
16531,28706,-115.28009,36.298874
16532,16532,-115.174706,36.01131
16533,28706,-115.206375,36.2394
16534,30769,-115.17577,36.011356
16535,28706,-115.17229,36.115147
16536,28706,-115.13916,36.085407
16537,28706,-115.13774,36.157787
16538,28706,-115.174706,36.01131
16539,28706,-115.29966,36.14726
16540,16540,-115.25734,36.195675
16541,16541,-115.16282,36.230705
16542,16542,-115.274574,36.130314
16543,28706,-115.177536,36.06837
16544,28706,-115.24227,36.144756
16545,28706,-115.31348,36.157883
16546,30769,-112.27332,33.464325
16547,16547,-115.201775,36.126526
16548,30769,-115.20247,36.144047
16549,28706,-115.17358,36.1601
16550,28706,-115.17563,36.144997
16551,28706,-115.124176,36.23902
16552,16552,-115.241974,36.17968
16553,16553,-115.15979,36.11516
16554,16554,-115.15496,35.978703
16555,28706,-115.17535,36.070137
16556,28706,-115.11942,36.05963
16557,28706,-115.12092,36.240192
16558,28706,-115.21733,36.223446
16559,16559,-115.24628,36.27423
16560,16560,-115.20636,36.27776
16561,28706,-115.302826,36.14494
16562,28706,-115.1712,36.11172
16563,16563,-115.17087,36.10242
16564,28706,-115.186104,36.11628
16565,28706,-112.07232,33.457657
16566,28706,-115.178696,36.17993
16567,28706,-115.13809,36.010376
16568,28706,-115.141304,36.169323
16569,28706,-115.31554,36.291206
16570,28706,-115.19478,36.126404
16571,28706,-115.2317,36.23775
16572,28706,-115.25017,36.19709
16573,16573,-115.29939,36.145184
16574,28706,-115.14741,36.114876
16575,28706,-115.2092,36.246758
16576,16576,-115.14289,36.143345
16577,16577,-115.25018,36.197487
16578,16578,-115.25014,36.24172
16579,16579,-115.14827,36.276245
16580,16580,-115.21733,36.223446
16581,28706,-115.153595,36.011986
16582,28706,-115.30121,36.115658
16583,28706,-115.08284,36.074104
16584,28706,-115.16918,36.10844
16585,16585,-115.20422,36.126564
16586,16586,-115.28078,36.11531
16587,28706,-114.97707,36.04322
16588,28706,-115.15383,36.157158
16589,28706,-115.27989,36.124878
16590,28706,-115.26148,36.113655
16591,28706,-115.27997,36.078644
16592,28706,-115.1726,36.118793
16593,28706,-115.25998,36.143147
16594,16594,-115.24309,36.21847
16595,28706,-115.27923,36.05208
16596,28706,-115.2782,36.108463
16597,28706,-115.24166,36.194546
16598,28706,-115.135,36.1155
16599,16599,-115.286095,36.167023
16600,16600,-115.13987,36.168903
16601,28706,-115.2092,36.246758
16602,28706,-115.20707,36.271137
16603,30769,-115.179146,36.145535
16604,16604,-115.152336,36.136433
16605,16605,-115.168846,36.122505
16606,28706,-115.15391,36.255234
16607,16607,-115.257774,36.197437
16608,28706,-115.17756,36.23901
16609,16609,-115.17756,36.23901
16610,28706,-115.17143,36.135014
16611,28706,-115.14683,36.172176
16612,28706,-115.24322,36.18759
16613,30769,-111.76795,33.38265
16614,16614,-115.306694,36.111958
16615,16615,-115.1783,36.23889
16616,28706,-115.17177,36.11931
16617,28706,-115.18286,36.0408
16618,30769,-115.36672,36.171062
16619,16619,-115.2682,36.207485
16620,28706,-115.17278,36.11766
16621,28706,-115.29765,36.09471
16622,16622,-115.14624,36.171215
16623,28706,-115.25826,36.195614
16624,16624,-115.24287,36.044266
16625,16625,-115.29833,36.211716
16626,16626,-115.155594,36.11496
16627,28706,-115.24721,36.04437
16628,28706,-115.2096,36.15876
16629,16629,-115.17224,36.041023
16630,28706,-115.25111,36.21987
16631,16631,-115.2757,36.14452
16632,28706,-115.13813,36.011578
16633,28706,-115.16525,36.239037
16634,16634,-115.22455,36.238483
16635,28706,-115.17875,36.284214
16636,16636,-115.10084,36.03525
16637,28706,-115.24374,36.047146
16638,28706,-80.94421,35.223606
16639,16639,-115.10165,35.995304
16640,28706,-115.11932,36.011078
16641,28706,-115.30459,36.11395
16642,28706,-115.11279,36.005222
16643,28706,-115.26203,36.070213
16644,28706,-115.11717,36.005936
16645,16645,-115.179085,36.11224
16646,28706,-115.10186,35.99837
16647,16647,-115.10561,36.00054
16648,28706,-115.08955,36.02054
16649,30769,-73.560295,45.50761
16650,28706,-115.17345,36.10306
16651,28706,-115.324776,36.107853
16652,30769,-115.15074,36.169456
16653,28706,-115.07656,36.071907
16654,30769,-115.09702,36.072758
16655,28706,-115.23975,36.14317
16656,28706,-115.04432,36.079037
16657,16657,-115.100845,35.993855
16658,28706,-115.25077,36.0635
16659,28706,-115.209656,36.126728
16660,16660,-115.113014,36.003452
16661,30769,-115.201775,36.126526
16662,28706,-115.168106,36.103798
16663,16663,-115.18342,36.04206
16664,28706,-115.24186,36.062195
16665,28706,-115.046844,36.05945
16666,28706,-115.134,36.0131
16667,16667,-115.10294,36.100693
16668,30769,-115.17481,36.10987
16669,30769,-115.201775,36.126526
16670,28706,-115.1563,36.142338
16671,28706,-115.25077,36.0635
16672,28706,-115.16269,36.144295
16673,28706,-115.267235,36.020664
16674,16674,-115.117966,36.013836
16675,28706,-115.10773,36.002964
16676,28706,-115.17618,36.115856
16677,28706,-115.298294,36.077114
16678,28706,-115.11275,36.005646
16679,28706,-115.13637,36.108074
16680,28706,-115.21327,36.12656
16681,16681,-115.117775,36.009586
16682,28706,-115.1765,36.10758
16683,16683,-115.153595,36.011986
16684,28706,-115.08566,36.02736
16685,28706,-115.11488,36.02915
16686,28706,-115.119385,36.026558
16687,28706,-115.3115,36.158897
16688,28706,-115.20738,36.0329
16689,28706,-115.111275,36.006683
16690,28706,-115.11795,36.09959
16691,16691,-115.30731,36.086033
16692,28706,-115.15401,36.238834
16693,28706,-80.88002,35.17877
16694,16694,-115.133606,36.20977
16695,16695,-115.047104,36.040707
16696,28706,-115.17065,36.04064
16697,16697,-115.12658,36.100414
16698,28706,-115.2792,36.025677
16699,28706,-115.119385,36.026558
16700,28706,-115.10117,36.01859
16701,28706,-115.246185,36.12342
16702,28706,-115.15097,36.085175
16703,28706,-115.2087,36.043213
16704,28706,-115.02425,36.044903
16705,28706,-115.10574,36.072323
16706,28706,-115.18219,36.10132
16707,28706,-115.135,36.1155
16708,16708,-115.1193,36.02074
16709,16709,-115.24352,36.07097
16710,28706,-115.15427,36.1187
16711,16711,-115.1969,36.143887
16712,28706,-115.16587,36.126877
16713,16713,-115.10313,36.001965
16714,28706,-115.11066,36.002857
16715,16715,-115.15126,36.1089
16716,28706,-115.08384,36.022102
16717,16717,-115.298294,36.077114
16718,16718,-115.11066,36.002857
16719,16719,-115.07943,36.019363
16720,16720,-115.11872,36.035313
16721,28706,-115.28894,36.16201
16722,28706,-115.1206,36.0114
16723,28706,-89.49799,43.032223
16724,28706,-115.24626,36.0646
16725,28706,-115.11822,36.01443
16726,28706,-115.29939,36.145184
16727,28706,-115.13576,36.035084
16728,28706,-115.11997,36.01099
16729,28706,-115.173775,36.090916
16730,28706,-115.165276,36.122143
16731,28706,-115.08955,36.02054
16732,28706,-115.101585,35.99378
16733,28706,-115.17829,36.067524
16734,28706,-115.17146,36.10095
16735,28706,-115.17123,36.15944
16736,28706,-115.11428,36.00516
16737,28706,-115.11869,36.01635
16738,28706,-115.18163,36.075855
16739,28706,-115.19373,36.114956
16740,28706,-115.062614,36.161926
16741,16741,-115.15271,36.13732
16742,30769,-115.17155,36.05243
16743,16743,-115.11771,36.017265
16744,28706,-115.1195,36.015434
16745,16745,-115.24498,36.061962
16746,16746,-115.29103,36.17573
16747,28706,-115.33276,36.15119
16748,28706,-115.11157,36.00645
16749,16749,-115.12464,35.996723
16750,16750,-115.14528,36.1616
16751,28706,-115.22531,36.05553
16752,16752,-115.308495,36.11394
16753,28706,-115.099884,35.99529
16754,28706,-115.11793,36.01752
16755,28706,-115.10889,36.00196
16756,28706,-115.04358,36.06423
16757,16757,-115.0884,36.071453
16758,28706,-115.15323,36.042797
16759,16759,-111.92796,33.49821
16760,28706,-115.233406,36.23862
16761,16761,-115.101204,35.99359
16762,28706,-115.118256,36.054462
16763,28706,-115.117165,36.016342
16764,28706,-115.30866,36.11444
16765,30769,-115.12652,36.15846
16766,16766,-115.197014,36.12641
16767,16767,-115.24079,36.19914
16768,16768,-115.08771,36.035824
16769,28706,-115.2112,36.125587
16770,16770,-115.08998,36.020554
16771,28706,-115.10234,36.001747
16772,28706,-115.08096,36.076263
16773,16773,-115.24302,36.036034
16774,28706,-115.24344,36.247814
16775,28706,-115.241455,36.062717
16776,16776,-115.15265,36.012516
16777,28706,-115.18507,36.102978
16778,28706,-115.07974,36.072388
16779,16779,-115.09916,36.100334
16780,28706,-115.33321,36.152905
16781,28706,-115.265976,36.168346
16782,16782,-114.99288,36.01392
16783,28706,-115.241554,36.064533
16784,28706,-115.28129,36.055817
16785,16785,-115.10561,36.00054
16786,16786,-115.101585,35.99378
16787,28706,-115.142006,36.17183
16788,28706,-115.20959,36.12621
16789,28706,-115.0863,36.02131
16790,28706,-115.22487,36.06982
16791,28706,-112.04094,33.46563
16792,16792,-115.10165,35.995304
16793,16793,-115.10313,36.001965
16794,28706,-115.209236,36.10027
16795,28706,-115.333084,36.15087
16796,28706,-115.19242,36.12601
16797,28706,-115.11869,36.01635
16798,28706,-115.08227,36.07001
16799,30769,-115.17143,36.135014
16800,16800,-115.288,36.159424
16801,28706,-115.11819,36.003147
16802,16802,-115.103134,35.99997
16803,16803,-115.30882,36.183144
16804,28706,-115.17669,36.117455
16805,28706,-115.11243,36.006176
16806,28706,-115.24882,36.06497
16807,16807,-115.118126,36.015793
16808,16808,-115.11243,36.006176
16809,28706,-115.13574,36.03067
16810,28706,-114.96562,36.026855
16811,28706,-115.11243,36.006176
16812,28706,-115.27892,36.038082
16813,28706,-115.225876,36.126358
16814,28706,-115.06411,36.02573
16815,28706,-115.15271,36.108807
16816,28706,-115.14418,36.122654
16817,28706,-115.17581,36.08995
16818,28706,-115.13463,36.161926
16819,28706,-115.173775,36.090916
16820,16820,-115.18449,36.093613
16821,28706,-115.33279,36.148457
16822,16822,-115.178,36.068428
16823,16823,-115.23664,36.115025
16824,16824,-115.11797,36.01842
16825,28706,-115.14085,36.170055
16826,28706,-115.11822,36.01443
16827,16827,-115.14214,36.17187
16828,16828,-115.31403,36.115417
16829,16829,-115.11961,36.070183
16830,16830,-115.297844,36.07753
16831,16831,-115.175865,36.010883
16832,28706,-115.064064,36.14582
16833,28706,-115.17179,36.014614
16834,28706,-115.15342,36.01457
16835,28706,-115.11351,36.12936
16836,28706,-115.17165,36.04078
16837,16837,-115.16869,36.127796
16838,28706,-115.08588,36.02203
16839,16839,-115.13609,36.116165
16840,28706,-115.21449,36.143353
16841,16841,-115.11997,36.01099
16842,28706,-115.100845,35.993855
16843,28706,-115.158325,36.05773
16844,28706,-115.149734,36.11512
16845,28706,-115.30226,36.19719
16846,28706,-115.11066,36.002857
16847,28706,-115.135925,36.11814
16848,28706,-115.24371,36.05824
16849,16849,-115.08639,36.0206
16850,30557,-115.19142,36.126163
16851,16851,-115.25494,36.195427
16852,28706,-115.29179,36.113693
16853,16853,-115.20964,36.12702
16854,16854,-115.10044,35.979927
16855,16855,-115.20818,36.149048
16856,28706,-115.22456,36.128075
16857,28706,-115.17318,36.110085
16858,28706,-115.2786,36.307632
16859,16859,-115.10157,35.99044
16860,16860,-115.04282,36.067123
16861,30769,-115.119385,36.026558
16862,16862,-115.17491,36.01144
16863,28706,-115.100845,35.993855
16864,28706,-115.08556,36.003056
16865,28706,-115.20347,36.27606
16866,28706,-115.19094,36.126175
16867,28706,-115.19287,36.126762
16868,16868,-115.11799,36.014458
16869,29068,-115.100845,35.993855
16870,28706,-115.10399,35.99897
16871,28706,-115.10142,36.08595
16872,28706,-115.10399,35.99897
16873,28706,-115.11504,36.00442
16874,28706,-115.24214,36.078087
16875,30769,-115.11047,36.002903
16876,30769,-115.280396,36.113922
16877,28706,-115.107544,36.00268
16878,16878,-115.11617,36.00676
16879,28706,-115.138504,36.117256
16880,16880,-115.11931,36.01597
16881,16881,-115.15323,36.042797
16882,28706,-115.18507,36.102978
16883,16883,-115.17224,36.041023
16884,28706,-115.241516,36.064106
16885,28706,-115.16457,36.147957
16886,28706,-115.24127,36.084476
16887,28706,-115.29494,36.144653
16888,28706,-115.102715,35.99111
16889,28706,-115.18048,36.275616
16890,28706,-115.153595,36.011986
16891,28706,-115.08266,36.021996
16892,28706,-115.31087,36.15766
16893,16893,-115.11944,36.085712
16894,28706,-115.22492,36.048195
16895,28706,-115.153595,36.011986
16896,28706,-115.20142,36.12633
16897,28706,-115.10866,36.001587
16898,16898,-115.11793,36.01752
16899,16899,-115.17474,36.115932
16900,28706,-115.17224,36.041023
16901,28706,-115.1563,36.142338
16902,28706,-115.13694,36.11391
16903,28706,-115.29855,36.078938
16904,16904,-115.29874,36.06994
16905,28706,-115.13677,36.104446
16906,28706,-115.17457,36.11622
16907,28706,-115.1546,36.11997
16908,28706,-115.1725,36.127174
16909,28706,-115.121086,36.02073
16910,28706,-115.2983,36.147083
16911,28706,-115.13713,36.01069
16912,16912,-115.30076,36.145542
16913,28706,-115.06262,36.02959
16914,28706,-115.08284,36.074104
16915,28706,-115.27997,36.078644
16916,28706,-115.11186,36.0059
16917,30769,-115.186485,36.1187
16918,28706,-115.17618,36.115856
16919,28706,-115.16907,36.124435
16920,28706,-115.17601,36.104332
16921,28706,-115.071304,36.071278
16922,30769,-115.09138,36.021954
16923,28706,-115.13717,36.082092
16924,28706,-115.19868,36.12749
16925,28706,-115.13677,36.104446
16926,28706,-115.173874,36.109753
16927,28706,-114.97673,36.036606
16928,28706,-115.19819,36.125896
16929,28706,-115.28091,36.143623
16930,28706,-115.176346,36.117317
16931,28706,-115.185265,36.125122
16932,28706,-115.08348,36.003994
16933,28706,-115.18163,36.075855
16934,28706,-115.105194,36.001156
16935,28706,-115.105194,36.001156
16936,28706,-115.16821,36.127586
16937,28706,-115.119255,36.02623
16938,28706,-115.11931,36.01597
16939,30769,-115.178215,36.068935
16940,28706,-115.11107,36.005146
16941,16941,-115.118416,36.025414
16942,16942,-115.105194,36.001156
16943,28706,-115.08588,36.02942
16944,16944,-115.119194,36.02536
16945,28706,-115.04115,36.060524
16946,28706,-115.33354,36.148144
16947,16947,-115.171616,36.041164
16948,28706,-115.11428,36.00516
16949,28706,-115.11311,35.986782
16950,28706,-115.15979,36.11516
16951,28706,-115.21984,36.12607
16952,28706,-115.04282,36.067123
16953,28706,-115.24374,36.047146
16954,30557,-115.17849,36.10924
16955,28706,-115.13988,36.1688
16956,28706,-115.29713,36.143776
16957,28706,-115.18449,36.093613
16958,28706,-115.14007,36.167534
16959,28706,-115.32508,36.124886
16960,16960,-115.14777,36.115116
16961,28706,-115.10917,36.000813
16962,16962,-115.048035,36.023315
16963,28706,-115.1197,36.012512
16964,28706,-115.23284,36.145054
16965,28706,-115.17625,36.092876
16966,16966,-115.11935,36.011665
16967,28706,-115.2069,36.07251
16968,30769,-115.15112,36.086338
16969,16969,-115.12637,35.997757
16970,30769,-115.17875,36.284214
16971,28706,-115.104004,35.999252
16972,16972,-115.25659,36.1972
16973,16973,-115.20744,36.113472
16974,28706,-115.04869,36.021805
16975,28706,-115.119385,36.026558
16976,28706,-115.05336,36.01981
16977,16977,-115.10142,36.08595
16978,28706,-115.332954,36.152374
16979,16979,-115.17113,36.134106
16980,28706,-115.167694,36.103054
16981,28706,-115.298294,36.077114
16982,28706,-115.22343,36.115295
16983,16983,-115.16937,36.121815
16984,28706,-115.17593,36.068153
16985,16985,-115.278114,36.042046
16986,28706,-115.11703,36.02034
16987,16987,-115.14347,36.06351
16988,16988,-115.118126,36.015793
16989,30769,-115.083374,36.071457
16990,16990,-115.20698,36.099552
16991,28706,-115.085266,36.02177
16992,28706,-115.111275,36.006683
16993,16993,-115.206345,35.994972
16994,28706,-115.111786,36.00694
16995,16995,-115.08231,36.069843
16996,28706,-115.26802,36.055946
16997,16997,-115.15323,36.042797
16998,28706,-115.278625,36.110703
16999,16999,-115.25151,36.23309
17000,28706,-115.170975,36.114277
17001,28706,-115.1761,36.21468
17002,28706,-115.11107,36.005146
17003,28706,-115.29494,36.144653
17004,17004,-115.24352,36.07097
17005,30769,-115.13574,36.03067
17006,28706,-115.13813,36.011578
17007,28706,-115.11107,36.005146
17008,17008,-115.14289,36.143345
17009,28706,-115.13573,36.118217
17010,28706,-115.11839,36.01761
17011,28706,-115.19,36.23888
17012,28706,-115.11107,36.005146
17013,17013,-115.273575,36.275772
17014,28706,-115.13688,36.11789
17015,28706,-115.11107,36.005146
17016,28706,-115.28965,36.159534
17017,28706,-115.19906,36.114304
17018,28706,-115.16456,36.131496
17019,28706,-115.33513,36.15711
17020,17020,-115.243004,36.098354
17021,17021,-115.121376,36.010296
17022,28706,-115.20848,36.07308
17023,17023,-115.17143,36.135014
17024,28706,-115.173904,36.110092
17025,17025,-115.086464,36.02119
17026,28706,-115.20964,36.12702
17027,28706,-115.12155,36.04155
17028,28706,-115.16879,36.122967
17029,28706,-115.17089,36.114025
17030,17030,-115.101685,35.997723
17031,30769,-115.17382,36.107162
17032,17032,-115.172554,36.115673
17033,28706,-115.20764,36.10508
17034,28706,-115.167694,36.103054
17035,28706,-115.11891,36.016483
17036,30769,-115.17028,36.12229
17037,28706,-115.15228,36.113487
17038,28706,-115.173515,36.103
17039,28706,-115.11703,36.02034
17040,28706,-115.176575,36.091194
17041,28706,-115.17105,36.12595
17042,28706,-115.241974,36.1434
17043,17043,-115.23108,36.143196
17044,28706,-115.21002,36.126923
17045,28706,-115.25736,36.19518
17046,28706,-115.19408,36.12642
17047,28706,-115.173874,36.109753
17048,28706,-115.293,36.160576
17049,28706,-115.17618,36.115856
17050,28706,-115.11698,36.009254
17051,28706,-115.25953,36.26515
17052,28706,-115.13792,36.168026
17053,28706,-80.84573,35.231762
17054,28706,-115.17298,36.161358
17055,28706,-115.17229,36.115147
17056,28706,-114.92228,36.11427
17057,28706,-115.1725,36.110065
17058,28706,-115.176704,36.09028
17059,28706,-115.22056,36.04819
17060,28706,-115.13694,36.11391
17061,28706,-115.173996,36.12161
17062,17062,-115.10824,36.001453
17063,28706,-115.177864,36.06759
17064,28706,-115.18953,36.1257
17065,28706,-115.12045,36.041096
17066,28706,-115.01837,36.04717
17067,28706,-73.57553,45.515884
17068,28706,-115.27777,36.130028
17069,28706,-115.15531,36.11022
17070,17070,-115.08496,36.00635
17071,28706,-115.32523,36.161198
17072,28706,-115.17688,36.091255
17073,28706,-115.13808,36.167904
17074,28706,-115.167755,36.123978
17075,28706,-115.13988,36.1688
17076,17076,-115.12861,36.057144
17077,28706,-115.272675,36.144188
17078,28706,-115.15265,36.012516
17079,28706,-115.048035,36.023315
17080,28706,-115.13962,36.170086
17081,28706,-115.15797,36.158264
17082,28706,-115.20942,36.12682
17083,28706,-115.11783,36.005405
17084,28706,-115.117836,36.028442
17085,28706,-115.275795,36.143433
17086,28706,-115.0863,36.02131
17087,28706,-115.17684,36.06878
17088,28706,-115.185265,36.125122
17089,28706,-115.24326,36.08205
17090,28706,-115.173874,36.109753
17091,28706,-115.23011,36.143112
17092,28706,-115.11599,36.027836
17093,30769,-115.286095,36.167023
17094,28706,-115.33272,36.148514
17095,30769,-115.102715,35.99111
17096,17096,-115.15323,36.042797
17097,28706,-115.11734,36.022045
17098,28706,-115.17278,36.11766
17099,17099,-115.24169,36.064114
17100,28706,-115.33198,36.151814
17101,28706,-115.14253,36.169502
17102,28706,-114.92317,36.10016
17103,28706,-115.0863,36.02131
17104,28706,-114.992935,36.01152
17105,30557,-115.17524,36.09232
17106,17106,-115.11599,36.027836
17107,28706,-115.17367,36.107143
17108,28706,-115.13723,36.108643
17109,28706,-115.29864,36.076557
17110,28706,-115.16965,36.121178
17111,28706,-115.33351,36.149036
17112,17112,-115.084946,36.005207
17113,28706,-115.11909,36.06513
17114,17114,-115.19397,36.12618
17115,28706,-115.25659,36.1972
17116,17116,-115.11779,36.013794
17117,28706,-115.17552,36.112335
17118,17118,-115.20635,35.995155
17119,30557,-115.181656,36.074207
17120,17120,-115.11808,36.021404
17121,17121,-115.03742,36.063168
17122,17122,-115.19822,36.12595
17123,17123,-115.139595,36.168007
17124,28706,-115.11704,36.01736
17125,28706,-115.17143,36.135014
17126,17126,-115.04282,36.067123
17127,28706,-115.134926,36.01411
17128,30769,-115.116776,36.020107
17129,28706,-115.22406,36.12772
17130,28706,-115.08231,36.069843
17131,17131,-115.14056,36.16785
17132,17132,-80.9438,35.221424
17133,17133,-115.27973,36.119114
17134,28706,-115.16801,35.965363
17135,28706,-115.17693,36.068497
17136,28706,-115.14055,36.169167
17137,17137,-115.14056,36.16785
17138,28706,-115.242714,36.036674
17139,17139,-115.102715,35.99111
17140,28706,-115.21823,36.15882
17141,28706,-115.118965,36.01231
17142,17142,-115.06269,36.011925
17143,30769,-115.178,36.068428
17144,30769,-115.17556,36.11377
17145,17145,-115.17143,36.135014
17146,28706,-115.17234,36.110107
17147,28706,-115.117096,36.016495
17148,17148,-115.13838,36.11365
17149,28706,-115.17516,36.109875
17150,28706,-114.9926,36.01306
17151,28706,-115.02351,36.063915
17152,28706,-115.174324,36.067642
17153,28706,-115.11921,36.03455
17154,28706,-115.27994,36.122913
17155,17155,-115.10561,36.00054
17156,28706,-115.102715,35.99111
17157,17157,-115.102715,35.99111
17158,28706,-115.102715,35.99111
17159,17159,-115.102715,35.99111
17160,28706,-115.17503,36.143192
17161,28706,-115.291916,36.15935
17162,28706,-115.11779,36.013794
17163,28706,-115.30428,36.19106
17164,17164,-115.10889,36.00196
17165,28706,-115.046844,36.05945
17166,28706,-115.1912,36.039337
17167,28706,-115.15323,36.042797
17168,30769,-115.11808,36.021404
17169,17169,-115.040665,36.106735
17170,28706,-115.12515,36.10026
17171,17171,-115.162964,36.189293
17172,28706,-115.1954,36.040794
17173,28706,-115.1344,36.03022
17174,17174,-115.09916,36.04198
17175,30769,-115.1404,36.16785
17176,28706,-115.08096,36.076263
17177,30769,-115.185265,36.125122
17178,28706,-115.05262,36.100742
17179,28706,-115.24381,36.061695
17180,28706,-115.10084,36.03525
17181,28706,-115.150215,36.043182
17182,28706,-115.170616,36.124756
17183,28706,-115.17516,36.091866
17184,28706,-115.20863,36.1587
17185,28706,-115.11617,36.00676
17186,17186,-115.191826,36.144268
17187,17187,-115.11687,36.072422
17188,28706,-115.17618,36.067936
17189,28706,-115.120605,36.025345
17190,28706,-115.104416,36.042297
17191,17191,-115.10143,36.04214
17192,28706,-115.243546,36.04771
17193,28706,-115.22461,36.05132
17194,28706,-115.279,36.0605
17195,28706,-115.18609,36.27883
17196,28706,-115.13761,36.10351
17197,28706,-115.302826,36.14494
17198,17198,-115.1267,36.0571
17199,17199,-115.19388,36.144024
17200,28706,-115.09925,36.04168
17201,28706,-115.24279,36.198753
17202,28706,-115.141846,36.17241
17203,28706,-115.09925,36.04168
17204,28706,-115.12081,36.04105
17205,28706,-115.05648,36.015625
17206,28706,-115.20198,36.10272
17207,28706,-115.11783,36.034397
17208,17208,-115.05456,36.101704
17209,17209,-115.14289,36.143345
17210,28706,-115.200645,36.115417
17211,28706,-115.10949,36.007076
17212,28706,-115.136406,36.106606
17213,28706,-115.08231,36.069843
17214,17214,-115.30952,36.114628
17215,28706,-115.2053,36.12517
17216,28706,-115.16242,36.131897
17217,30769,-115.308495,36.11394
17218,17218,-115.08588,36.02942
17219,28706,-115.35092,36.159397
17220,17220,-115.15622,36.167824
17221,17221,-115.11622,36.042686
17222,17222,-115.17593,36.068153
17223,17223,-115.10129,36.042088
17224,30557,-115.14055,36.169167
17225,17225,-115.11814,36.017586
17226,17226,-115.2411,36.114986
17227,28706,-115.33276,36.15119
17228,17228,-115.036026,36.061783
17229,28706,-115.13056,36.10134
17230,17230,-115.11687,36.072422
17231,28706,-115.17869,36.06815
17232,28706,-115.08566,36.02736
17233,28706,-115.1726,36.118793
17234,28706,-115.086464,36.02119
17235,28706,-115.04146,36.05681
17236,28706,-115.10815,36.129353
17237,28620,-115.260666,36.014347
17238,28706,-115.11695,36.00863
17239,28706,-115.17615,36.093422
17240,17240,-115.17615,36.093422
17241,28706,-115.04345,36.055702
17242,17242,-115.20379,36.156246
17243,17243,-115.10773,36.002964
17244,28706,-115.09923,36.03674
17245,28706,-115.17178,36.120705
17246,17246,-115.246185,36.12342
17247,28706,-115.17144,36.05287
17248,30557,-115.169624,36.068302
17249,28706,-115.15458,36.119186
17250,30769,-115.23284,36.145054
17251,28706,-115.1068,36.071945
17252,30769,-115.09996,36.100533
17253,28706,-115.20371,36.12588
17254,28706,-115.08218,36.15933
17255,28706,-115.12155,36.04155
17256,30769,-115.241806,36.1122
17257,28706,-115.134926,36.01411
17258,28706,-115.15342,36.01457
17259,28706,-114.93191,36.10195
17260,28706,-115.17815,36.06713
17261,17261,-115.206535,36.116776
17262,17262,-115.11157,36.00645
17263,28706,-115.176704,36.09028
17264,17264,-115.1563,36.142338
17265,28706,-115.17382,36.107162
17266,28706,-115.17684,36.1206
17267,28706,-115.3352,36.15803
17268,28706,-115.134926,36.01411
17269,28706,-115.234955,36.243893
17270,30769,-115.03709,36.062363
17271,17271,-115.17647,36.14513
17272,28706,-115.08231,36.069843
17273,28706,-115.08531,36.021725
17274,17274,-115.11167,36.100384
17275,17275,-115.04601,36.061684
17276,28706,-115.24157,36.144634
17277,28706,-115.17669,36.117455
17278,28706,-115.20738,36.071205
17279,28706,-115.19213,36.124943
17280,28706,-115.09037,36.02096
17281,28706,-115.21327,36.12656
17282,28706,-115.1741,36.121082
17283,28706,-115.117744,36.010067
17284,17284,-114.992676,36.013332
17285,28706,-115.12092,36.240192
17286,28706,-115.29442,36.116028
17287,28706,-115.28559,36.16719
17288,30769,-115.14683,36.172176
17289,28706,-115.25775,36.19565
17290,30769,-115.18098,36.114388
17291,28706,-115.24304,36.036724
17292,30769,-115.197014,36.12641
17293,30769,-115.15448,36.11884
17294,28706,-115.28973,36.1641
17295,28706,-115.17618,36.115856
17296,28706,-115.17457,36.10259
17297,17297,-115.17637,36.06801
17298,28706,-115.157875,36.142757
17299,30769,-115.2435,36.08808
17300,30769,-115.17333,36.119556
17301,28706,-115.154106,36.107456
17302,28706,-115.262115,36.196945
17303,17303,-115.257774,36.197437
17304,28706,-112.07285,33.449226
17305,30769,-115.14715,36.15981
17306,28706,-115.20631,36.12659
17307,30769,-115.174225,36.121616
17308,28706,-115.29634,36.07794
17309,30769,-115.16979,36.143673
17310,28706,-115.175896,36.093586
17311,28706,-115.29864,36.076557
17312,28706,-115.0249,36.10016
17313,28706,-115.1398,36.16868
17314,28706,-115.19777,36.126934
17315,28706,-115.191826,36.144268
17316,17316,-115.124886,36.046875
17317,28706,-115.17663,36.145187
17318,28706,-115.101204,35.99359
17319,28706,-115.241455,36.062717
17320,28706,-115.16961,36.121452
17321,30769,-115.14335,36.171127
17322,28706,-115.15254,36.151268
17323,28706,-111.925995,33.5276
17324,28706,-115.04155,36.063816
17325,17325,-115.27867,36.110104
17326,28706,-115.208694,36.125504
17327,28706,-115.24374,36.047146
17328,28706,-115.3115,36.158897
17329,28706,-115.16796,36.127712
17330,17330,-115.05508,36.01792
17331,28706,-115.17223,36.06783
17332,28706,-115.14339,36.169838
17333,28706,-115.225945,36.239635
17334,28706,-115.15389,36.156593
17335,28706,-115.306496,36.192513
17336,28706,-115.16979,36.143673
17337,28706,-115.20754,36.126827
17338,28706,-115.16979,36.143673
17339,28706,-115.14683,36.172176
17340,28706,-115.15265,36.012516
17341,30557,-115.20379,36.156246
17342,28706,-115.14059,36.169098
17343,17343,-115.17575,36.108307
17344,17344,-115.157875,36.142757
17345,28706,-115.17229,36.115147
17346,28706,-115.17435,36.106205
17347,28706,-115.19822,36.12595
17348,28706,-115.02017,36.27962
17349,28706,-115.13663,36.14112
17350,28706,-115.17087,36.10242
17351,28706,-115.173904,36.110092
17352,28706,-115.29426,36.14384
17353,28706,-115.11793,36.01752
17354,28706,-115.157875,36.142757
17355,28706,-80.80948,35.24555
17356,17356,-115.29414,36.084427
17357,28706,-115.334816,36.155132
17358,28706,-115.17279,36.11766
17359,28706,-115.047195,36.05532
17360,17360,-115.12464,35.996723
17361,28706,-115.174644,36.109913
17362,28706,-115.22538,36.217148
17363,28706,-115.163124,36.133614
17364,28706,-115.15248,36.11378
17365,28706,-115.117966,36.013836
17366,28706,-115.24514,36.160145
17367,17367,-115.22581,36.055252
17368,28706,-115.17831,36.12849
17369,30769,-115.19706,36.12636
17370,28706,-115.13955,36.16874
17371,28706,-115.155594,36.11496
17372,28706,-115.142395,36.142128
17373,30769,-115.23995,36.14467
17374,28706,-115.20764,36.10508
17375,28706,-115.1613,36.138298
17376,30769,-115.17205,36.11012
17377,28706,-115.21057,36.126152
17378,28706,-115.20888,36.09506
17379,28706,-115.27962,36.054382
17380,28706,-115.063515,36.165894
17381,28706,-115.29828,36.10132
17382,30769,-115.173874,36.10978
17383,28706,-115.155594,36.11496
17384,28706,-115.17324,36.109814
17385,28706,-115.14471,36.17297
17386,28706,-115.18507,36.102978
17387,17387,-115.29321,36.084576
17388,30769,-115.2067,36.110413
17389,28706,-115.17869,36.06815
17390,28706,-115.119385,36.100418
17391,28706,-115.17618,36.115856
17392,28706,-115.16904,36.124878
17393,28706,-115.29747,36.059624
17394,28706,-115.15342,36.01457
17395,17395,-115.15126,36.1089
17396,28706,-115.197014,36.12641
17397,30769,-115.16591,36.127686
17398,28706,-115.20888,36.09506
17399,28706,-115.1613,36.138298
17400,28706,-115.24179,36.11222
17401,17401,-115.277405,36.05442
17402,28706,-115.24239,36.0542
17403,28706,-115.18331,36.041283
17404,28706,-115.204056,36.12628
17405,28706,-115.26048,36.17591
17406,28706,-115.16242,36.131897
17407,28706,-115.243996,36.1615
17408,28706,-115.27961,36.125526
17409,30557,-115.16818,36.117462
17410,28706,-115.200645,36.115417
17411,28706,-115.155594,36.11496
17412,28706,-115.20643,36.124985
17413,28706,-115.20995,36.12662
17414,17414,-115.29823,36.095207
17415,17415,-115.29827,36.101395
17416,28706,-115.20568,36.158234
17417,28706,-115.19287,36.126762
17418,28706,-115.28672,36.167316
17419,28706,-115.26749,36.02092
17420,28706,-115.17234,36.110107
17421,28706,-115.18163,36.075855
17422,28706,-115.138435,36.167526
17423,28706,-115.13916,36.085407
17424,30769,-115.17669,36.117455
17425,17425,-115.28963,36.16418
17426,28706,-115.16931,36.102528
17427,30769,-115.17422,36.109562
17428,28706,-115.15078,36.238735
17429,30769,-115.176674,36.090755
17430,28706,-115.05508,36.01792
17431,30769,-115.17028,36.12433
17432,28706,-115.29151,36.160225
17433,30769,-115.17575,36.108307
17434,28706,-115.173996,36.01219
17435,28706,-115.13609,36.01191
17436,28706,-115.16573,36.126507
17437,30769,-115.167015,36.126884
17438,30769,-115.177,36.11199
17439,28706,-115.292,36.156925
17440,28706,-115.17234,36.110107
17441,30769,-115.19791,36.125908
17442,28706,-111.9307,33.493748
17443,28706,-115.20955,36.12644
17444,28706,-115.28994,36.16387
17445,28706,-111.925896,33.5025
17446,28706,-115.173515,36.103
17447,17447,-115.14289,36.143345
17448,30769,-115.17259,36.112953
17449,28706,-115.20663,36.27714
17450,28706,-115.21327,36.12656
17451,28706,-115.19695,36.126366
17452,28706,-115.16296,36.12714
17453,28706,-115.186485,36.1187
17454,28706,-115.17022,36.11236
17455,30557,-115.19177,36.12637
17456,28706,-115.17459,36.112022
17457,30769,-115.14085,36.170055
17458,28706,-115.138466,36.14267
17459,30769,-115.177,36.11199
17460,28706,-115.1725,36.110065
17461,28706,-115.21921,36.126545
17462,30769,-115.30234,36.100346
17463,28706,-115.17332,36.11567
17464,30769,-115.17413,36.109634
17465,30769,-115.16997,36.11293
17466,30769,-115.1725,36.127174
17467,30769,-115.14471,36.17297
17468,30769,-115.261665,36.107723
17469,28706,-115.14259,36.142487
17470,30769,-115.20685,36.11581
17471,28706,-115.16801,35.965363
17472,28706,-115.16923,36.121773
17473,30769,-115.17011,36.12751
17474,28706,-115.23995,36.14467
17475,28706,-115.11888,36.028095
17476,28706,-115.1752,36.091843
17477,17477,-115.29072,36.16293
17478,28706,-115.2492,36.19677
17479,28706,-115.20142,36.12633
17480,28706,-115.24136,36.0845
17481,28706,-115.29794,36.106503
17482,28706,-115.20964,36.12702
17483,28706,-115.17618,36.115856
17484,28706,-115.17462,36.142902
17485,28706,-115.19777,36.126934
17486,28706,-115.20741,36.123623
17487,28706,-112.12086,33.576492
17488,28706,-115.19397,36.12618
17489,28706,-115.17106,36.12008
17490,28706,-115.33337,36.152176
17491,28706,-115.17493,36.10478
17492,28706,-115.17106,36.12008
17493,28706,-115.14631,36.164467
17494,28706,-115.17028,36.12229
17495,28706,-73.596985,45.518787
17496,30769,-115.17011,36.12751
17497,28706,-115.10161,35.987434
17498,17498,-115.30971,36.11463
17499,30769,-115.15448,36.11884
17500,30769,-115.17751,36.117035
17501,28706,-115.21232,36.12605
17502,28706,-115.1752,36.091843
17503,28706,-115.25734,36.195675
17504,28706,-115.17483,36.13367
17505,30769,-115.16559,36.12689
17506,28706,-115.163124,36.133614
17507,28706,-115.18961,36.125954
17508,28706,-115.207146,36.07245
17509,28706,-115.28715,36.27809
17510,28706,-115.13641,36.142178
17511,28706,-115.16901,35.965446
17512,17512,-115.19791,36.125908
17513,28706,-115.241455,36.12706
17514,28706,-115.140305,36.168964
17515,28706,-115.28644,36.15855
17516,30769,-115.11599,36.027836
17517,30769,-115.19408,36.12642
17518,28706,-115.242485,36.146217
17519,28706,-115.197075,36.12586
17520,28706,-115.17259,36.112953
17521,28706,-115.19397,36.12618
17522,28706,-115.14027,36.171307
17523,28706,-115.16559,36.12689
17524,28706,-115.13962,36.170086
17525,28706,-115.186485,36.1187
17526,28706,-115.17725,36.119125
17527,28706,-115.110344,36.002796
17528,30769,-115.17234,36.110107
17529,28706,-115.24314,36.083588
17530,28706,-115.172714,36.118225
17531,28706,-115.140854,36.130314
17532,28706,-115.173874,36.10978
17533,28706,-115.17501,36.117245
17534,28706,-115.17618,36.115856
17535,28706,-115.17229,36.115147
17536,28706,-115.17462,36.1098
17537,28706,-115.177864,36.06759
17538,28706,-115.174644,36.109913
17539,28706,-115.1696,36.121452
17540,28706,-115.19528,36.11444
17541,28706,-115.176346,36.117317
17542,28706,-115.15112,36.086338
17543,30557,-115.16592,36.127518
17544,28706,-115.24288,36.072594
17545,17545,-115.30272,36.144875
17546,28706,-115.15078,36.238735
17547,28706,-115.146866,36.14323
17548,28706,-115.174355,36.109806
17549,28706,-115.142494,36.12942
17550,28706,-115.252686,36.207165
17551,28706,-115.198,36.127663
17552,30769,-115.177536,36.06837
17553,28706,-115.15323,36.042797
17554,28706,-115.17516,36.109875
17555,28706,-115.17262,36.12956
17556,28706,-115.10182,35.987423
17557,28706,-115.13792,36.168026
17558,28706,-115.173706,36.14001
17559,28706,-115.17106,36.12008
17560,28706,-115.273125,36.06686
17561,28706,-115.17577,36.10771
17562,28706,-115.33896,36.151318
17563,30769,-115.17464,36.1021
17564,28706,-112.02814,33.510223
17565,30769,-115.17345,36.10306
17566,28706,-115.15254,36.151268
17567,28706,-115.30226,36.19719
17568,28706,-115.19397,36.12618
17569,28706,-115.176315,36.109913
17570,28706,-115.298294,36.077114
17571,17571,-115.20734,36.088776
17572,28706,-115.1752,36.091843
17573,30769,-115.17389,36.109882
17574,28706,-115.1746,36.116764
17575,28706,-115.17419,36.110485
17576,28706,-115.17457,36.11622
17577,28706,-115.24457,36.158695
17578,28706,-115.17012,36.122276
17579,28706,-115.17124,36.11788
17580,28706,-115.20371,36.12588
17581,28706,-115.17322,36.11784
17582,28706,-115.16578,36.128788
17583,28706,-115.16918,36.10844
17584,30769,-115.20722,36.03344
17585,28706,-115.22547,36.14299
17586,28706,-115.30866,36.11444
17587,28706,-115.195984,36.12538
17588,28706,-115.176704,36.09028
17589,28706,-115.25981,36.068604
17590,30769,-115.17704,36.10762
17591,28706,-115.16996,36.10984
17592,28706,-115.16963,36.117516
17593,28706,-115.17601,36.104332
17594,28706,-115.18995,36.12553
17595,28706,-115.29809,36.14342
17596,17596,-115.243454,36.08235
17597,28706,-115.16456,36.131496
17598,28706,-115.17516,36.109875
17599,28706,-115.21984,36.12607
17600,28706,-115.17534,36.11709
17601,28706,-115.1952,36.11531
17602,28706,-115.11909,36.02112
17603,30769,-115.17607,35.952827
17604,28706,-115.224075,36.12743
17605,28706,-115.09039,36.071842
17606,28706,-115.16348,36.113026
17607,28706,-115.20371,36.12588
17608,28706,-115.20974,36.114937
17609,28706,-115.24378,36.087482
17610,30769,-115.16084,36.139904
17611,28706,-115.17618,36.115856
17612,30769,-115.30081,36.14653
17613,30769,-115.17618,36.115856
17614,28706,-115.18986,36.125668
17615,17615,-115.20754,36.126827
17616,28706,-115.19777,36.126934
17617,28706,-115.03619,36.062096
17618,28706,-115.24239,36.0542
17619,28706,-115.19447,36.126015
17620,28706,-115.25078,36.064754
17621,28706,-115.17618,36.115856
17622,28706,-115.06262,36.02959
17623,28706,-115.242714,36.036674
17624,28706,-115.1676,36.103294
17625,28706,-115.17196,36.120907
17626,28706,-115.33322,36.161266
17627,28706,-115.2068,35.99513
17628,28706,-115.23303,36.15962
17629,28706,-115.29823,36.095207
17630,28706,-115.22406,36.12772
17631,28706,-115.19822,36.12595
17632,28706,-115.13578,36.12074
17633,28706,-115.20643,36.124985
17634,28706,-115.17818,36.10713
17635,28706,-115.17578,36.109585
17636,28706,-112.05359,33.49485
17637,28706,-115.12255,36.012333
17638,17638,-115.17086,36.10993
17639,28706,-115.239815,36.247677
17640,28706,-115.1804,36.293068
17641,28706,-115.14069,36.169037
17642,28706,-115.19203,36.126144
17643,17643,-115.14259,36.142487
17644,30769,-115.19397,36.12618
17645,28706,-115.24428,36.173233
17646,28706,-115.17345,36.10306
17647,28706,-115.207085,36.159557
17648,28706,-115.1563,36.142338
17649,28706,-115.14253,36.169502
17650,30769,-115.17737,36.107616
17651,30769,-115.19075,36.069
17652,28706,-115.25156,36.14358
17653,17653,-115.3352,36.15803
17654,28706,-115.22487,36.06982
17655,28706,-115.14064,36.167877
17656,28706,-112.02849,33.510426
17657,28706,-115.157875,36.142757
17658,28706,-115.17669,36.117455
17659,28706,-115.2811,36.114468
17660,28706,-115.243866,36.086548
17661,28706,-115.15123,36.162724
17662,28706,-115.16559,36.12689
17663,30769,-115.17516,36.109875
17664,28706,-115.167694,36.103054
17665,28706,-115.16961,36.121452
17666,28706,-115.19397,36.12618
17667,25376,-115.226,36.05534
17668,28706,-115.17516,36.109875
17669,28706,-115.11779,36.013794
17670,28706,-115.19478,36.125835
17671,28706,-111.99434,33.43419
17672,28706,-115.293,36.160576
17673,28706,-115.18085,36.292507
17674,28706,-115.167015,36.126884
17675,28706,-115.167,36.12617
17676,28706,-115.17106,36.11242
17677,28706,-115.101204,35.99359
17678,28706,-112.04788,33.525127
17679,28706,-115.17119,36.11476
17680,28706,-115.2811,36.114468
17681,28706,-115.180664,36.291985
17682,17682,-115.28973,36.1641
17683,28706,-115.17712,36.13198
17684,30769,-115.07656,36.071907
17685,28706,-115.04282,36.067123
17686,28706,-115.19373,36.114956
17687,30769,-115.16907,36.124435
17688,28706,-115.11952,36.01592
17689,28706,-115.17106,36.11242
17690,28706,-115.29653,36.09671
17691,28706,-80.8191,35.212875
17692,28706,-115.21327,36.12656
17693,28706,-115.136406,36.106606
17694,28706,-115.146866,36.14323
17695,28706,-115.22589,36.098877
17696,17696,-115.2503,36.26133
17697,28706,-115.15568,36.14763
17698,17698,-115.22455,36.238483
17699,28706,-115.2135,36.12623
17700,28706,-115.15427,36.1187
17701,28706,-115.17613,36.092182
17702,30769,-115.286644,36.277836
17703,28706,-114.96489,36.026684
17704,28706,-115.174355,36.109806
17705,17705,-115.25922,36.265022
17706,28706,-115.24314,36.083588
17707,28706,-115.174355,36.109806
17708,30769,-115.17534,36.11709
17709,17709,-115.17196,36.120907
17710,28706,-115.22481,36.12775
17711,28706,-115.134346,36.10037
17712,28706,-115.16963,36.117516
17713,28706,-115.224075,36.12743
17714,28706,-115.138504,36.117256
17715,30769,-115.1684,36.124554
17716,28706,-115.13609,36.01191
17717,28706,-115.17516,36.109875
17718,28706,-115.1779,36.11717
17719,17719,-115.09039,36.071842
17720,28706,-115.23303,36.15962
17721,28706,-115.2053,36.12517
17722,28706,-115.2782,36.108463
17723,28706,-115.24239,36.0542
17724,17724,-115.17505,36.098984
17725,17725,-115.27867,36.110104
17726,28706,-115.27307,36.103046
17727,17727,-115.209785,36.117493
17728,17728,-115.20207,36.090256
17729,28706,-115.24185,36.043034
17730,28706,-115.14289,36.143345
17731,28706,-115.173874,36.10978
17732,28706,-115.151855,36.12124
17733,28706,-115.14157,36.1716
17734,28706,-115.2433,36.07272
17735,28706,-115.31481,36.121902
17736,28706,-115.245514,36.1714
17737,28706,-115.17712,36.13198
17738,28706,-115.293,36.160576
17739,28706,-115.14096,36.16953
17740,17740,-115.2069,36.07251
17741,28706,-115.29776,36.097992
17742,28706,-115.18299,36.146267
17743,28706,-115.16379,36.13299
17744,28706,-115.175804,36.09531
17745,28706,-115.18918,36.117443
17746,28706,-115.17063,36.12298
17747,28706,-115.19166,36.13237
17748,28706,-115.141846,36.17241
17749,28706,-115.17047,36.11775
17750,28706,-115.19397,36.12618
17751,28706,-115.25093,36.055206
17752,28706,-115.13894,36.16672
17753,28706,-115.16788,36.099346
17754,28706,-115.137085,36.106686
17755,28706,-115.22456,36.128075
17756,17756,-115.29857,36.07719
17757,17757,-115.13987,36.168903
17758,28706,-115.17086,36.10993
17759,28706,-115.17849,36.10924
17760,28706,-115.278114,36.042046
17761,28706,-115.17618,36.115856
17762,30769,-115.169754,36.102917
17763,28706,-115.16427,36.059887
17764,17764,-115.17484,36.102894
17765,17765,-115.28963,36.16418
17766,28706,-115.209785,36.117493
17767,28706,-115.2424,36.098923
17768,28706,-115.04282,36.067123
17769,28706,-115.24283,36.249153
17770,28706,-115.2682,36.207485
17771,28706,-115.17641,36.11316
17772,28706,-115.20651,35.999195
17773,28706,-115.332,36.151814
17774,28706,-115.27962,36.053238
17775,28706,-115.17243,36.119926
17776,28706,-115.17406,36.107925
17777,28706,-115.1912,36.126503
17778,28706,-115.174416,36.1097
17779,28706,-115.173515,36.103
17780,17780,-115.19397,36.12618
17781,28706,-115.14683,36.172176
17782,17782,-115.17481,36.10987
17783,30769,-115.16847,36.124283
17784,28706,-115.21728,36.143658
17785,17785,-115.301636,36.112377
17786,28706,-115.17167,36.11025
17787,28706,-115.17712,36.13198
17788,17788,-115.17516,36.109875
17789,28706,-115.2685,36.142845
17790,28706,-80.97096,35.17005
17791,28706,-115.174706,36.01131
17792,30769,-115.209656,36.127045
17793,17793,-115.22663,36.143787
17794,17794,-115.17577,36.10771
17795,28706,-115.14551,36.12177
17796,28706,-115.24186,36.062195
17797,28706,-115.17473,36.098732
17798,17798,-115.21156,36.125397
17799,28706,-115.17264,36.11758
17800,17800,-115.27307,36.103046
17801,28706,-115.13539,36.010048
17802,28706,-115.20959,36.12621
17803,28706,-115.26182,36.11304
17804,17804,-115.15126,36.1089
17805,28706,-115.12081,36.04105
17806,28706,-115.23664,36.115025
17807,28706,-115.10165,35.995304
17808,28706,-115.16266,36.17171
17809,17809,-115.17535,36.070137
17810,28706,-115.08266,36.021996
17811,28706,-115.15979,36.11516
17812,28706,-115.28413,36.30063
17813,17813,-115.20775,36.142937
17814,28706,-115.174934,36.065132
17815,28706,-115.16269,36.144295
17816,28706,-115.15401,36.238834
17817,28706,-115.15432,36.12187
17818,28706,-115.14741,36.114876
17819,17819,-115.18982,36.143955
17820,28706,-115.14059,36.169098
17821,17821,-115.19397,36.12618
17822,28706,-115.22581,36.055252
17823,28706,-115.30428,36.19106
17824,28706,-115.11565,36.169872
17825,30769,-115.10041,36.07238
17826,17826,-115.134346,36.10037
17827,17827,-115.1952,36.11531
17828,28706,-115.24378,36.087482
17829,28706,-115.19397,36.12618
17830,17830,-115.19397,36.12618
17831,17831,-115.27943,36.142227
17832,28706,-115.17516,36.109875
17833,17833,-115.13618,36.10516
17834,28706,-115.142006,36.17183
17835,28706,-115.163124,36.133614
17836,17836,-115.30644,36.114285
17837,28706,-115.278725,36.07141
17838,28706,-115.17712,36.13198
17839,30557,-115.19397,36.12618
17840,17840,-115.11935,36.011665
17841,28706,-115.25988,36.203743
17842,30769,-115.27853,36.057846
17843,17843,-115.30406,36.193325
17844,28706,-115.15098,36.106007
17845,28706,-115.19397,36.12618
17846,28706,-115.15427,36.1187
17847,17847,-115.25988,36.203743
17848,28706,-115.19203,36.126144
17849,28706,-115.0863,36.02131
17850,28706,-115.174644,36.109913
17851,17851,-115.15323,36.042797
17852,17852,-115.1741,36.12124
17853,28706,-115.19397,36.12618
17854,28706,-115.17154,36.048992
17855,28706,-115.15198,36.152504
17856,28706,-115.20888,36.09506
17857,30769,-115.17106,36.12008
17858,28706,-115.167755,36.123943
17859,17859,-115.19397,36.12618
17860,28706,-115.13792,36.168026
17861,28706,-115.28854,36.163086
17862,28706,-115.25199,36.063637
17863,17863,-115.19397,36.12618
17864,28706,-115.20371,36.12588
17865,28706,-115.22501,36.127186
17866,28706,-115.17154,36.0512
17867,28706,-115.177536,36.06837
17868,28706,-115.207535,36.114986
17869,28706,-115.22456,36.128075
17870,17870,-115.1912,36.126503
17871,28706,-115.17535,36.070137
17872,17872,-115.19336,36.15855
17873,28706,-115.19397,36.12618
17874,17874,-115.209656,36.127045
17875,17875,-115.1986,36.038704
17876,28706,-115.17141,36.11752
17877,28706,-115.314316,36.112083
17878,30769,-115.298615,36.115734
17879,28706,-115.19094,36.126175
17880,30557,-115.06381,36.167458
17881,28706,-115.14637,36.124424
17882,28706,-115.19397,36.12618
17883,28706,-115.1752,36.091843
17884,28706,-115.19397,36.12618
17885,28706,-115.206116,36.1717
17886,28706,-115.19397,36.12618
17887,28706,-115.19397,36.12618
17888,28706,-115.24127,36.084476
17889,17889,-115.19397,36.12618
17890,17890,-115.206535,36.116776
17891,28706,-115.172295,36.127068
17892,28706,-115.2072,36.271782
17893,28706,-115.19203,36.126144
17894,28706,-115.17028,36.12433
17895,17895,-115.298615,36.115734
17896,17896,-115.201775,36.126526
17897,17897,-115.27777,36.130028
17898,28706,-115.24536,36.161877
17899,30557,-115.17457,36.11622
17900,17900,-115.11622,36.042686
17901,28706,-115.27846,36.134956
17902,28706,-115.17875,36.284214
17903,28706,-115.19389,36.13063
17904,30769,-115.151634,36.153503
17905,17905,-115.15112,36.086338
17906,28706,-115.26378,36.0842
17907,28706,-115.209915,36.126427
17908,28706,-115.28129,36.055817
17909,28706,-115.29801,36.125645
17910,28706,-115.24721,36.04437
17911,28706,-111.97698,33.34888
17912,28706,-115.24293,36.071194
17913,28706,-115.143524,36.170765
17914,28706,-115.27839,36.058018
17915,28706,-115.29857,36.07719
17916,28706,-115.26279,36.157238
17917,28706,-115.13506,36.100624
17918,17918,-115.293,36.160576
17919,28706,-115.21391,36.12671
17920,17920,-115.17283,36.132774
17921,28706,-115.11793,36.018227
17922,28706,-115.11997,36.01099
17923,28706,-115.20899,36.09942
17924,28706,-115.22456,36.128075
17925,28706,-115.24271,36.219223
17926,28706,-115.280266,36.14286
17927,28706,-115.22577,36.101196
17928,30769,-115.143524,36.170765
17929,28706,-115.241356,36.11492
17930,28706,-115.096375,36.23609
17931,17931,-115.25647,36.26279
17932,28706,-115.23272,36.159634
17933,28706,-115.17712,36.13198
17934,28706,-115.14393,36.170383
17935,28706,-111.99831,33.436054
17936,28706,-115.17253,36.112015
17937,28706,-115.17406,36.107925
17938,28706,-115.174644,36.109913
17939,28706,-115.17618,36.115856
17940,28706,-115.174355,36.092293
17941,28706,-115.13573,36.118217
17942,28706,-115.17245,36.10503
17943,28706,-115.17611,36.067753
17944,28706,-115.16591,36.127495
17945,30769,-115.22429,36.122986
17946,28706,-115.16578,36.128788
17947,30769,-115.17406,36.107925
17948,28706,-115.17503,36.143192
17949,28706,-115.205574,36.150757
17950,28706,-115.243385,36.06256
17951,17951,-115.15396,36.157898
17952,28706,-115.31169,36.14568
17953,28706,-115.298294,36.077114
17954,28706,-115.24535,36.162655
17955,30557,-115.17153,36.054417
17956,28706,-115.30409,36.19329
17957,30769,-115.27432,36.144367
17958,28706,-115.273575,36.275772
17959,30769,-115.20728,36.15881
17960,28706,-115.244255,36.145123
17961,30769,-115.17141,36.099007
17962,28706,-115.15924,36.162983
17963,28706,-115.25892,36.195686
17964,17964,-115.13573,36.118217
17965,28706,-115.27217,36.057384
17966,28706,-115.278625,36.110703
17967,28706,-115.172195,36.119576
17968,28706,-115.048035,36.023315
17969,28706,-115.206116,36.1717
17970,28706,-115.29874,36.06994
17971,28706,-115.25687,36.26381
17972,28706,-115.24193,36.143177
17973,28706,-115.24046,36.114086
17974,28706,-115.19139,36.131706
17975,28706,-115.30971,36.11463
17976,30769,-115.15777,36.154083
17977,28706,-115.138504,36.117256
17978,17978,-115.13463,36.161926
17979,28706,-115.33439,36.156796
17980,28706,-115.175285,36.06618
17981,28706,-115.197685,36.125946
17982,17982,-115.15818,36.16374
17983,28706,-115.184265,36.143974
17984,30769,-115.17425,36.102516
17985,28706,-115.1978,36.1269
17986,28706,-115.225,36.069855
17987,28706,-115.24373,36.08461
17988,28706,-115.22492,36.048195
17989,30557,-115.28559,36.16719
17990,28706,-115.15389,36.11355
17991,17991,-115.18095,36.292473
17992,28706,-115.17504,36.144676
17993,28706,-115.19577,36.10505
17994,28706,-115.19822,36.12595
17995,28706,-115.242714,36.036674
17996,28706,-115.27777,36.130028
17997,28706,-115.20886,36.122192
17998,30769,-115.1779,36.11717
17999,28706,-115.175285,36.06618
18000,28706,-115.270966,36.019173
18001,28706,-115.21987,36.125305
18002,28706,-115.143524,36.170765
18003,18003,-80.85876,35.211227
18004,28706,-115.20743,36.163544
18005,28706,-115.209656,36.127045
18006,28706,-115.152214,36.238003
18007,28706,-115.21632,36.143684
18008,18008,-115.30871,36.114124
18009,28706,-115.19761,36.14399
18010,28706,-115.289116,36.158028
18011,18011,-115.192665,36.11576
18012,18012,-115.291214,36.168724
18013,18013,-115.09903,36.072247
18014,28706,-115.124794,36.220394
18015,28706,-115.188286,36.145744
18016,28706,-115.298325,36.112583
18017,18017,-115.174225,36.106884
18018,18018,-115.305954,36.112957
18019,28706,-115.23108,36.143196
18020,28706,-115.16875,36.11044
18021,28706,-115.27994,36.127228
18022,18022,-115.29792,36.11212
18023,28706,-115.17362,36.10557
18024,28706,-115.16792,36.11547
18025,28706,-115.29302,36.157192
18026,18026,-115.157875,36.142757
18027,28706,-80.81488,35.22101
18028,18028,-115.15979,36.11516
18029,28706,-115.28576,36.15842
18030,28706,-115.33387,36.152832
18031,28706,-115.12194,36.239635
18032,28706,-115.13821,36.167797
18033,28706,-115.2431,36.124302
18034,28706,-115.332825,36.14505
18035,30769,-115.17647,36.14513
18036,28706,-115.206345,35.994972
18037,28706,-115.046814,36.056797
18038,14207,-115.02564,36.050434
18039,18039,-115.153595,36.011986
18040,28706,-115.17644,36.116367
18041,30769,-115.33268,36.14496
18042,30769,-73.59317,45.52248
18043,28706,-115.17086,36.10993
18044,28706,-115.20643,36.124985
18045,18045,-115.1976,36.125965
18046,30769,-115.17368,36.12316
18047,28706,-115.17253,36.112015
18048,30769,-115.16997,36.11293
18049,28706,-115.15271,36.108807
18050,28706,-115.20247,36.144047
18051,28706,-115.20888,36.09506
18052,28706,-115.30081,36.14653
18053,30769,-115.176025,36.10461
18054,28706,-115.1726,36.112434
18055,28706,-115.17618,36.115856
18056,28706,-115.17601,36.104332
18057,30769,-115.138504,36.117256
18058,30769,-115.17253,36.112015
18059,28706,-115.06269,36.011925
18060,28706,-115.29158,36.158367
18061,28706,-115.29823,36.095207
18062,28706,-115.21002,36.126923
18063,18063,-115.16449,36.193768
18064,30769,-115.17544,36.09935
18065,28706,-115.20114,36.14425
18066,28706,-115.22547,36.14299
18067,28706,-115.166954,36.106236
18068,28706,-115.188286,36.145744
18069,28706,-115.166954,36.106236
18070,18070,-115.21869,36.15956
18071,28706,-115.07656,36.071907
18072,28706,-115.170975,36.114277
18073,28706,-115.24508,36.159706
18074,28706,-115.27994,36.127228
18075,30769,-115.289116,36.158028
18076,28706,-115.18986,36.125668
18077,28706,-115.13714,36.010777
18078,28706,-115.258965,36.180824
18079,28706,-115.17262,36.12956
18080,28706,-115.29987,36.147263
18081,28706,-115.08811,36.11655
18082,28706,-115.25494,36.195427
18083,28706,-115.08384,36.022102
18084,28706,-115.2053,36.12517
18085,28706,-73.57688,45.479656
18086,28706,-115.17516,36.109875
18087,18087,-115.308624,36.11392
18088,28706,-115.191826,36.144268
18089,28706,-115.248405,36.124184
18090,28706,-115.1726,36.118793
18091,30769,-115.175026,36.121967
18092,18092,-115.17582,36.11773
18093,28706,-115.13617,36.011944
18094,28706,-115.11735,36.10072
18095,28706,-115.17797,36.067535
18096,18096,-115.17618,36.115856
18097,28706,-115.22412,36.127884
18098,28706,-115.27553,36.129856
18099,28706,-115.243546,36.04771
18100,28706,-115.15458,36.119186
18101,28706,-115.20762,36.125244
18102,18102,-115.22481,36.12775
18103,28706,-115.21327,36.12656
18104,18104,-115.17624,36.092644
18105,28706,-115.135925,36.11814
18106,28706,-115.22432,36.127754
18107,28706,-115.14027,36.171307
18108,28706,-115.25093,36.055206
18109,28706,-115.16559,36.12689
18110,28706,-115.20942,36.12682
18111,28706,-115.17141,36.034245
18112,28706,-115.08516,36.13109
18113,28706,-115.28559,36.16719
18114,28706,-115.17641,36.11316
18115,28706,-115.17457,36.127308
18116,28706,-115.18163,36.075855
18117,28706,-115.17028,36.12229
18118,28706,-115.16876,36.12438
18119,28706,-115.23581,36.24242
18120,28706,-115.08266,36.15512
18121,28706,-115.333084,36.15087
18122,18122,-115.11047,36.002903
18123,28706,-115.17277,36.082066
18124,28706,-115.20995,36.12662
18125,28706,-115.17618,36.115856
18126,28706,-115.297585,36.09778
18127,28706,-115.22466,36.127693
18128,28706,-115.17089,36.114025
18129,28706,-115.242905,36.152386
18130,28706,-115.10041,36.07238
18131,28706,-115.20643,36.124985
18132,18132,-115.2435,36.08808
18133,28706,-115.17264,36.11758
18134,30769,-115.24239,36.0542
18135,18135,-115.16997,36.11293
18136,30557,-115.19283,36.144253
18137,28706,-115.11932,36.011078
18138,28706,-115.21327,36.12656
18139,28706,-115.168106,36.103798
18140,18140,-115.15126,36.10913
18141,28706,-115.22432,36.127754
18142,28706,-115.117836,36.028442
18143,28706,-115.17217,36.108135
18144,28706,-115.267365,36.270584
18145,28706,-115.15323,36.042797
18146,28706,-115.27785,36.135544
18147,28706,-115.19189,36.126472
18148,28706,-115.04282,36.067123
18149,28706,-115.296776,36.09508
18150,28706,-115.27994,36.127228
18151,28706,-115.139786,36.114964
18152,28706,-115.22422,36.12766
18153,28706,-115.280426,36.056282
18154,28706,-115.20643,36.124985
18155,28706,-115.17637,36.06801
18156,28706,-115.15349,36.11522
18157,28706,-115.25912,36.219067
18158,28706,-115.16788,36.099346
18159,18159,-115.24818,36.195312
18160,28706,-115.209656,36.127045
18161,28706,-115.24359,36.152584
18162,28706,-115.09935,36.100647
18163,30769,-115.22422,36.12766
18164,18164,-115.15126,36.1089
18165,28706,-115.20279,36.158993
18166,28706,-115.20643,36.124985
18167,18167,-115.218285,36.126507
18168,28706,-115.26186,36.11331
18169,18169,-115.29634,36.07794
18170,28706,-115.17647,36.14513
18171,28706,-115.16818,36.117462
18172,18172,-115.13648,36.01165
18173,18173,-115.20847,36.033684
18174,28706,-115.241516,36.064106
18175,18175,-115.22412,36.127884
18176,28706,-115.21327,36.12656
18177,28706,-115.16962,36.121437
18178,28706,-115.24882,36.195763
18179,28706,-115.174194,36.011425
18180,28706,-115.22555,36.101685
18181,28706,-115.13441,36.166664
18182,28706,-115.25231,36.063236
18183,28706,-115.254234,36.273678
18184,30769,-115.17459,36.112022
18185,28706,-115.155174,36.1447
18186,30769,-115.1873,36.11812
18187,30769,-115.15152,36.10749
18188,28706,-115.194405,36.1442
18189,18189,-115.188644,36.126087
18190,28706,-115.22555,36.101685
18191,28706,-115.29448,36.11463
18192,28706,-115.28206,36.302727
18193,28706,-115.21984,36.12607
18194,30557,-80.76364,35.29284
18195,30769,-115.21351,36.12623
18196,18196,-115.22343,36.115295
18197,28706,-115.28931,36.164562
18198,28706,-115.17618,36.115856
18199,30769,-115.19831,36.12634
18200,28706,-115.30797,36.11343
18201,28706,-115.224075,36.12743
18202,28706,-115.146866,36.14323
18203,28706,-115.14259,36.142487
18204,28706,-115.22431,36.049065
18205,28706,-115.30081,36.14653
18206,30769,-115.1396,36.169117
18207,28706,-115.183846,36.0417
18208,28706,-115.135,36.1155
18209,28706,-115.182556,36.261932
18210,28706,-115.29939,36.145184
18211,28706,-115.17011,36.12751
18212,28706,-115.1457,36.144318
18213,18213,-115.20142,36.12633
18214,28706,-115.173904,36.110092
18215,30769,-115.209915,36.126427
18216,18216,-115.24374,36.047146
18217,28706,-115.16901,35.965446
18218,28706,-115.20714,36.034924
18219,28706,-115.185875,36.126682
18220,28706,-115.24219,36.054207
18221,28706,-115.24371,36.05824
18222,18222,-115.25085,36.062187
18223,28706,-115.198975,36.130802
18224,18224,-115.209236,36.10027
18225,18225,-115.240944,36.126812
18226,28706,-115.29815,36.10169
18227,28706,-115.13576,36.118237
18228,28706,-115.25219,36.195995
18229,28706,-115.32144,36.160416
18230,28706,-115.2435,36.072044
18231,28706,-115.27553,36.129856
18232,28706,-115.28703,36.166676
18233,28706,-115.116776,36.020107
18234,28706,-111.68464,33.395008
18235,28706,-115.20959,36.12621
18236,28706,-115.22522,36.127533
18237,28706,-115.20964,36.12702
18238,28706,-115.17258,36.117775
18239,28706,-115.136406,36.106606
18240,28706,-115.27989,36.124878
18241,28706,-115.11952,36.01592
18242,28706,-115.25025,36.158573
18243,28706,-115.27839,36.058018
18244,28706,-115.200645,36.115417
18245,28706,-115.11869,36.01635
18246,28706,-115.24269,36.04463
18247,18247,-115.284256,36.13842
18248,28706,-115.2053,36.12517
18249,28706,-115.23124,36.237267
18250,28706,-115.297585,36.09778
18251,28706,-115.244156,36.047306
18252,28706,-115.20685,36.11581
18253,28706,-115.19203,36.126144
18254,28706,-115.332,36.151814
18255,28706,-115.209656,36.127045
18256,28706,-115.139854,36.145847
18257,28706,-115.24364,36.10032
18258,28706,-115.28257,36.198036
18259,28706,-115.25093,36.055206
18260,28706,-115.100845,35.993855
18261,18261,-115.225296,36.126614
18262,28706,-115.03997,36.040295
18263,28706,-115.15126,36.1089
18264,28706,-115.176735,36.136032
18265,28706,-115.23027,36.159695
18266,18266,-115.250565,36.14357
18267,28706,-115.259735,36.19451
18268,28706,-115.138504,36.117256
18269,28706,-115.16876,36.12438
18270,28706,-115.19242,36.12601
18271,28706,-115.14085,36.170055
18272,28706,-115.17086,36.10993
18273,18273,-115.19233,36.12587
18274,28706,-115.17869,36.06815
18275,18275,-115.26148,36.113655
18276,28706,-115.20764,36.10508
18277,28706,-115.24079,36.19914
18278,28706,-115.206406,35.998116
18279,28706,-115.17647,36.14513
18280,18280,-115.201775,36.126526
18281,28706,-115.155594,36.11496
18282,28706,-115.14252,36.142284
18283,28706,-115.262115,36.196945
18284,28706,-115.21327,36.12656
18285,18285,-115.332,36.151814
18286,28706,-115.17484,36.102894
18287,28706,-115.22625,36.086525
18288,18288,-115.19287,36.126762
18289,28706,-115.19993,36.11499
18290,28706,-115.32508,36.124886
18291,28706,-115.15585,36.259933
18292,28706,-115.289375,36.163605
18293,18293,-115.10386,35.998825
18294,28706,-115.04155,36.063816
18295,18295,-115.17462,36.067844
18296,18296,-115.17795,36.069214
18297,30769,-114.98343,36.031956
18298,30769,-115.134346,36.10037
18299,28706,-115.127,36.100117
18300,18300,-115.19845,36.158646
18301,18301,-115.2439,36.160797
18302,28706,-115.22581,36.055252
18303,28706,-115.15427,36.1187
18304,28706,-115.2757,36.14452
18305,28706,-115.20379,36.156246
18306,28706,-115.167,36.12617
18307,28706,-115.27777,36.130028
18308,28706,-115.17462,36.142902
18309,28706,-115.157875,36.142757
18310,28706,-115.27777,36.130028
18311,28706,-115.13609,36.116165
18312,30557,-115.13962,36.170086
18313,28706,-115.15254,36.151268
18314,28706,-115.332954,36.163654
18315,28706,-115.2256,36.14364
18316,28706,-115.17815,36.06713
18317,18317,-115.257416,36.142918
18318,18318,-112.151276,33.48189
18319,28706,-115.2068,35.99513
18320,28706,-115.20422,36.126564
18321,28706,-115.17144,36.05287
18322,28706,-115.20636,36.149452
18323,28706,-115.17283,36.132774
18324,28706,-115.14451,36.17035
18325,28706,-115.19791,36.125908
18326,18326,-115.25093,36.055206
18327,18327,-115.14551,36.12177
18328,28706,-115.27777,36.130028
18329,28706,-115.10165,35.995304
18330,28706,-115.17481,36.10987
18331,18331,-115.245514,36.1714
18332,28706,-115.2983,36.147083
18333,28706,-115.20974,36.114937
18334,28706,-115.17669,36.117455
18335,18335,-115.24367,36.084496
18336,18336,-115.29998,36.147152
18337,18337,-115.118256,36.054462
18338,30769,-115.24371,36.05824
18339,18339,-115.33322,36.161266
18340,28706,-115.19283,36.144253
18341,18341,-115.13894,36.16672
18342,28706,-115.24562,36.1436
18343,28706,-115.25093,36.055206
18344,28706,-115.20207,36.090256
18345,28706,-115.26182,36.11304
18346,28706,-115.17516,36.091866
18347,18347,-115.25988,36.203743
18348,28706,-115.04282,36.067123
18349,18349,-115.29794,36.106503
18350,18350,-115.08397,36.006344
18351,28706,-115.2431,36.124302
18352,18352,-115.16801,35.965363
18353,18353,-115.168846,36.122505
18354,28706,-115.14277,36.16997
18355,28706,-115.093315,36.005344
18356,28706,-115.173874,36.109753
18357,28706,-115.15662,36.14225
18358,28706,-115.27994,36.122913
18359,28706,-115.174416,36.1097
18360,28706,-115.28613,36.15764
18361,28706,-115.20651,35.999195
18362,28706,-115.27994,36.127228
18363,30769,-115.04091,36.06197
18364,28706,-115.13615,36.013145
18365,28706,-115.20899,36.09942
18366,18366,-115.22581,36.055252
18367,28706,-115.279465,36.21045
18368,28706,-115.14294,36.16929
18369,28706,-115.116776,36.020107
18370,30557,-115.25736,36.19518
18371,28706,-115.15387,36.110085
18372,30769,-115.138504,36.117256
18373,18373,-115.17496,36.121323
18374,28706,-115.28703,36.166676
18375,18375,-115.1873,36.11812
18376,28706,-115.24157,36.144634
18377,28706,-115.20705,36.096886
18378,18378,-115.22482,36.14874
18379,28706,-115.18908,36.07802
18380,28706,-115.18908,36.07802
18381,28706,-115.17234,36.110107
18382,30557,-115.20942,36.12682
18383,28706,-115.1912,36.039337
18384,28706,-115.20523,36.1256
18385,28706,-115.20635,35.995155
18386,28706,-115.17613,36.107327
18387,28706,-115.1445,36.16321
18388,28706,-115.20523,36.1256
18389,28706,-115.152016,36.163563
18390,28706,-115.33544,36.16104
18391,28706,-115.174614,36.130066
18392,18392,-115.155556,36.14742
18393,28706,-115.174644,36.109913
18394,28706,-115.075806,36.1242
18395,28706,-115.20741,36.123623
18396,28706,-115.15689,36.113342
18397,30557,-115.306274,36.115807
18398,28706,-115.152016,36.163563
18399,28706,-115.20899,36.09942
18400,28706,-115.13278,36.11422
18401,28706,-115.07877,36.24086
18402,28706,-115.09037,36.02096
18403,28706,-115.33317,36.15002
18404,28706,-115.27856,36.058853
18405,23817,-115.22406,36.12772
18406,18406,-115.22625,36.086525
18407,28706,-115.20888,36.09506
18408,28706,-115.1726,36.101814
18409,28706,-115.18949,36.10455
18410,30769,-115.18211,36.144463
18411,28706,-115.15123,36.162724
18412,28706,-115.175385,36.093647
18413,18413,-115.1912,36.126503
18414,28706,-115.273964,36.1448
18415,28706,-115.117096,36.016495
18416,28706,-115.332,36.151814
18417,30769,-115.21149,36.126072
18418,30769,-115.278175,36.041817
18419,30769,-111.92656,33.485966
18420,28706,-115.27923,36.05208
18421,30769,-115.174515,36.121548
18422,30769,-115.17306,36.091965
18423,30769,-115.19861,36.0394
18424,28706,-115.17199,36.12483
18425,28706,-115.27897,36.1599
18426,28706,-115.17086,36.10993
18427,28706,-115.17279,36.11766
18428,18428,-115.159805,36.113083
18429,28706,-115.17669,36.117455
18430,28706,-115.24362,36.049652
18431,28706,-115.24359,36.045593
18432,28706,-111.87599,33.41335
18433,28706,-115.17124,36.11788
18434,28706,-115.17033,36.12362
18435,30769,-115.209816,36.14866
18436,18436,-115.15126,36.1089
18437,28706,-115.14064,36.167877
18438,28706,-115.20974,36.114937
18439,28706,-115.26186,36.11331
18440,28706,-115.17618,36.115856
18441,30769,-115.24996,36.12515
18442,28706,-115.173515,36.103
18443,28706,-115.19822,36.12595
18444,28706,-115.144745,36.17295
18445,28706,-115.11703,36.02034
18446,28706,-115.24721,36.04437
18447,28706,-115.17389,36.109882
18448,28706,-115.13513,36.142536
18449,28706,-115.17196,36.120907
18450,28706,-115.242485,36.146217
18451,18451,-115.31454,36.10593
18452,28706,-115.29646,36.101376
18453,28706,-115.11735,36.10072
18454,28706,-115.01837,36.04717
18455,28706,-115.19482,36.114483
18456,28706,-115.302826,36.14494
18457,18457,-115.22227,36.099506
18458,28706,-115.14252,36.142284
18459,28706,-115.112,36.10026
18460,28706,-111.856606,33.39399
18461,28706,-115.19861,36.0394
18462,28706,-115.17158,36.05367
18463,28706,-115.19094,36.126175
18464,28706,-115.04282,36.067123
18465,28706,-115.14442,36.10476
18466,28706,-115.20935,36.14297
18467,28706,-115.16908,36.123558
18468,28706,-115.20764,36.10508
18469,28706,-115.24536,36.16115
18470,28706,-115.26279,36.157238
18471,18471,-115.33295,36.146164
18472,28706,-115.14564,36.172935
18473,18473,-115.29822,36.09571
18474,18474,-115.30644,36.114285
18475,18475,-115.2008,36.114964
18476,28706,-115.19242,36.12601
18477,28706,-115.165794,36.15853
18478,28706,-115.27463,36.21889
18479,28706,-115.06592,36.240154
18480,28706,-115.17435,36.113964
18481,28706,-115.11698,36.009254
18482,28706,-115.27986,36.05459
18483,28706,-115.10188,36.10076
18484,18484,-115.177666,36.107014
18485,18485,-115.29794,36.106503
18486,18486,-115.21482,36.1262
18487,18487,-115.24363,36.123173
18488,18488,-115.26918,36.273994
18489,28706,-115.13567,36.176983
18490,28706,-115.260765,36.266853
18491,18491,-115.25175,36.21913
18492,28706,-115.20347,36.27606
18493,18493,-115.14056,36.16785
18494,28706,-115.29653,36.102016
18495,30769,-115.30121,36.099983
18496,28706,-115.27977,36.298897
18497,28706,-115.33513,36.15711
18498,28706,-115.27553,36.129856
18499,30769,-115.24239,36.0542
18500,18500,-115.29868,36.06897
18501,18501,-115.18982,36.143955
18502,28706,-115.22625,36.086525
18503,28706,-115.298485,36.078434
18504,18504,-115.20567,36.16626
18505,18505,-115.292,36.156925
18506,28706,-115.17111,35.96575
18507,28706,-115.20849,36.129417
18508,28706,-115.17315,36.10988
18509,30769,-115.16935,35.965126
18510,18510,-115.19489,36.126404
18511,28706,-115.17425,36.102516
18512,28706,-115.20476,36.158623
18513,28706,-115.13714,36.11791
18514,28706,-115.132225,36.101387
18515,28706,-115.17345,36.10306
18516,28706,-115.2796,36.12396
18517,28706,-115.170975,36.114277
18518,28706,-115.20887,36.094456
18519,30557,-115.2085,36.143112
18520,18520,-115.071304,36.071278
18521,28706,-115.253624,36.14308
18522,18522,-115.19388,36.144024
18523,28706,-115.27994,36.122913
18524,28706,-115.249435,36.301983
18525,28706,-115.300606,36.145565
18526,28706,-115.207306,36.131718
18527,18527,-115.155174,36.1447
18528,18528,-115.119194,36.02536
18529,28706,-115.30752,36.08616
18530,28706,-115.155594,36.11496
18531,28706,-115.05262,36.100742
18532,28706,-115.05218,36.0197
18533,28706,-115.13838,36.11365
18534,18534,-115.1912,36.126503
18535,18535,-115.14741,36.114876
18536,18536,-115.101585,35.99378
18537,28706,-115.155174,36.1447
18538,28706,-115.142006,36.17183
18539,18539,-115.16242,36.131897
18540,18540,-115.25827,36.21899
18541,28706,-115.14252,36.142284
18542,28706,-115.31634,36.218384
18543,28706,-115.1404,36.16785
18544,28706,-115.172005,36.15967
18545,28706,-115.16744,36.127686
18546,28706,-115.244095,36.0458
18547,28706,-115.13639,36.175
18548,28706,-115.207664,36.13174
18549,28706,-115.02468,36.070908
18550,28706,-115.14568,36.125534
18551,18551,-115.26186,36.11331
18552,18552,-115.2811,36.114468
18553,28706,-115.243416,36.191948
18554,28706,-115.307526,36.086044
18555,28706,-115.20247,36.144047
18556,28706,-115.08336,36.022465
18557,30769,-115.24407,36.047813
18558,28706,-115.17688,36.111946
18559,28706,-115.291916,36.15935
18560,28706,-115.19831,36.12634
18561,18561,-115.16242,36.131897
18562,28706,-115.24322,36.18759
18563,28706,-115.2682,36.207485
18564,28706,-115.15125,36.136257
18565,28706,-115.164345,36.06004
18566,30769,-115.15112,36.086338
18567,28706,-115.132935,36.16576
18568,28706,-115.26186,36.11331
18569,28706,-115.332,36.151814
18570,28706,-115.1445,36.16321
18571,28706,-112.07379,33.435524
18572,28706,-115.17815,36.06713
18573,28706,-115.17143,36.135014
18574,28706,-115.243546,36.064587
18575,28706,-115.17663,36.145187
18576,28706,-115.207344,36.15485
18577,28706,-115.24169,36.064114
18578,28706,-115.17278,36.11766
18579,28706,-115.33308,36.14901
18580,18580,-115.209816,36.14866
18581,18581,-115.209816,36.14866
18582,28706,-115.038345,36.06321
18583,18583,-115.17283,36.132774
18584,18584,-115.23303,36.15962
18585,28706,-115.29135,36.07459
18586,28706,-115.20886,36.122192
18587,28706,-115.19151,36.136303
18588,28706,-115.28009,36.298874
18589,28706,-115.26133,36.28005
18590,28706,-115.25988,36.203743
18591,28706,-115.12047,36.026196
18592,28706,-115.30428,36.19106
18593,18593,-115.30549,36.190956
18594,28706,-115.2059,36.167915
18595,18595,-115.116585,36.18794
18596,18596,-115.254234,36.273678
18597,28706,-115.139854,36.145847
18598,28706,-115.02823,36.044483
18599,30769,-115.14007,36.167534
18600,18600,-115.32508,36.124886
18601,28706,-115.24374,36.047146
18602,28706,-115.14255,36.142525
18603,28706,-115.28109,36.114536
18604,18604,-115.17326,36.127693
18605,30557,-115.17179,36.12469
18606,28706,-115.179146,36.145535
18607,28706,-115.17196,36.120907
18608,18608,-112.23287,33.47082
18609,28706,-115.112,36.10026
18610,28706,-115.227455,36.10028
18611,28706,-115.30428,36.19106
18612,28706,-115.2435,36.08808
18613,30769,-115.13056,36.10134
18614,18614,-115.334236,36.145416
18615,30769,-115.20959,36.12621
18616,30769,-115.20482,36.144962
18617,28706,-115.17712,36.13198
18618,28706,-115.35168,36.159485
18619,28706,-115.11687,36.072422
18620,30557,-115.119385,36.026558
18621,28706,-115.13705,36.106594
18622,28706,-115.25988,36.203743
18623,28706,-115.195984,36.12538
18624,28706,-115.179146,36.145535
18625,28706,-115.33267,36.151546
18626,28706,-115.14055,36.169167
18627,18627,-115.179146,36.145535
18628,28706,-115.201775,36.126526
18629,28706,-115.18644,36.1187
18630,28706,-115.16841,36.12458
18631,18631,-115.14637,36.124424
18632,28706,-115.2435,36.08808
18633,18633,-115.17516,36.091866
18634,30769,-115.14479,36.170017
18635,30769,-115.1404,36.16785
18636,18636,-115.1726,36.118793
18637,28706,-115.17712,36.13198
18638,30769,-115.17625,36.092876
18639,28706,-115.28703,36.166676
18640,30769,-115.15112,36.086338
18641,28706,-115.16788,36.099346
18642,30769,-115.17503,36.143192
18643,28706,-115.17688,36.111946
18644,18644,-115.1702,36.12269
18645,28706,-115.16919,36.105984
18646,30769,-89.36432,43.083252
18647,28706,-115.334816,36.155132
18648,28706,-115.16907,36.124435
18649,18649,-115.16296,36.12714
18650,30769,-115.15248,36.11378
18651,28706,-115.18646,36.11876
18652,30769,-115.17503,36.143192
18653,28706,-115.145004,36.173058
18654,18654,-111.94741,33.3045
18655,28706,-115.1752,36.091843
18656,28706,-115.160965,36.09982
18657,28706,-115.170364,36.127617
18658,28706,-115.15448,36.11884
18659,28706,-115.16818,36.117462
18660,28706,-115.15706,36.163692
18661,28706,-115.16967,36.11949
18662,18662,-115.154015,36.12784
18663,28706,-115.17618,36.115856
18664,30769,-115.17364,36.121155
18665,28706,-115.17106,36.11242
18666,28706,-111.90558,33.432926
18667,18667,-115.16813,36.11106
18668,28706,-115.17264,36.11758
18669,28706,-115.17124,36.11788
18670,28706,-115.119644,36.082012
18671,28706,-115.17345,36.10306
18672,28706,-115.142006,36.17183
18673,28706,-115.17503,36.143192
18674,18674,-115.253624,36.14308
18675,30557,-115.163155,36.118034
18676,28706,-115.14513,36.17488
18677,30769,-115.17103,36.099377
18678,18678,-115.24126,36.055508
18679,28706,-115.209915,36.126427
18680,18680,-115.16348,36.113026
18681,28706,-115.177,36.11199
18682,18682,-115.28066,36.101215
18683,18683,-115.18817,36.110867
18684,18684,-115.175804,36.09531
18685,28706,-115.33338,36.145733
18686,18686,-115.15711,36.14422
18687,30769,-115.25687,36.26381
18688,18688,-115.17086,36.10993
18689,30769,-115.20955,36.12644
18690,30769,-115.19791,36.125908
18691,30769,-115.17028,36.12229
18692,28706,-115.14564,36.172935
18693,30769,-89.38087,43.07401
18694,30769,-73.572044,45.528114
18695,30769,-115.167755,36.123978
18696,30769,-115.1741,36.121082
18697,28706,-115.173706,36.107292
18698,30769,-115.1873,36.11812
18699,30769,-115.17234,36.110107
18700,18700,-115.17099,36.114353
18701,30769,-115.15323,36.042797
18702,30769,-115.176414,36.092564
18703,28706,-115.170906,36.103455
18704,28706,-115.16899,36.124603
18705,28706,-115.174355,36.109806
18706,30769,-115.265976,36.198853
18707,30769,-115.16296,36.12714
18708,28706,-115.17516,36.109875
18709,30769,-115.16935,35.965126
18710,28706,-115.2991,36.145622
18711,28706,-115.17167,36.11025
18712,28706,-115.19791,36.125908
18713,30769,-115.17299,36.128223
18714,28706,-115.17652,36.11303
18715,18715,-115.12269,36.057693
18716,28706,-115.241516,36.064106
18717,28706,-115.175125,36.11013
18718,30769,-115.2983,36.147083
18719,28706,-115.134964,36.013805
18720,30769,-115.11931,36.01597
18721,30769,-115.14289,36.143345
18722,30769,-115.17259,36.112953
18723,30769,-115.20145,36.114807
18724,18724,-115.27989,36.143597
18725,18725,-115.17688,36.091255
18726,28706,-115.17704,36.10762
18727,30769,-115.17625,36.092876
18728,30557,-115.135,36.1155
18729,28706,-115.04548,36.060318
18730,28706,-115.20888,36.09506
18731,30769,-115.17358,36.1601
18732,30769,-115.17028,36.12229
18733,28706,-115.17577,36.011356
18734,30769,-115.17618,36.115856
18735,18735,-115.242485,36.146217
18736,30769,-115.17229,36.115147
18737,28706,-115.17496,36.121323
18738,28706,-115.1529,36.13159
18739,30769,-115.173195,36.10871
18740,30769,-115.17625,36.092876
18741,28706,-115.180565,36.14486
18742,28706,-115.22045,36.099846
18743,28706,-115.17345,36.10306
18744,28706,-115.17669,36.117455
18745,28706,-115.17535,36.070137
18746,30769,-115.15155,36.151466
18747,28706,-115.22487,36.06982
18748,30769,-115.28091,36.143623
18749,30769,-115.281105,36.05382
18750,28706,-115.209656,36.127045
18751,28706,-73.5745,45.52199
18752,28706,-115.29459,36.115944
18753,30769,-115.17466,36.02949
18754,28706,-115.33343,36.155937
18755,28706,-115.17156,36.11732
18756,28706,-115.19791,36.125908
18757,30769,-115.16592,36.127502
18758,28706,-115.136215,36.103954
18759,28706,-114.992455,36.009563
18760,28706,-115.20413,36.0348
18761,28706,-115.14998,36.1055
18762,18762,-115.22308,36.125862
18763,18763,-115.17259,36.112953
18764,28706,-115.311,36.113472
18765,30557,-115.17593,36.068153
18766,18766,-115.19791,36.125908
18767,28706,-115.344696,36.169044
18768,28706,-115.17556,36.098907
18769,28706,-111.92909,33.58254
18770,18770,-115.1763,36.11227
18771,28706,-115.117096,36.016495
18772,28706,-115.27989,36.12319
18773,28706,-115.08588,36.02942
18774,18774,-115.20658,36.17168
18775,28706,-115.224075,36.12743
18776,28706,-115.17295,36.10156
18777,30769,-115.19791,36.125908
18778,28706,-115.17618,36.115856
18779,30769,-115.189606,36.125645
18780,30769,-115.175125,36.11013
18781,28706,-115.24177,36.111794
18782,18782,-115.15448,36.11884
18783,28706,-115.153595,36.011986
18784,18784,-115.227455,36.10028
18785,28706,-115.16636,36.158684
18786,30769,-115.278175,36.041817
18787,28706,-111.69477,33.416233
18788,28706,-115.19203,36.126144
18789,28706,-115.16961,36.121452
18790,28706,-115.157875,36.142757
18791,18791,-115.17462,36.142902
18792,30769,-115.172554,36.111877
18793,28706,-115.20955,36.12644
18794,28706,-115.200645,36.115417
18795,30769,-115.17505,36.098984
18796,28706,-115.24818,36.195312
18797,28706,-115.209656,36.127045
18798,28706,-115.11703,36.02034
18799,28706,-115.28471,36.186348
18800,30769,-115.15109,36.084923
18801,28706,-115.20964,36.12702
18802,18802,-115.1401,36.169327
18803,28706,-115.11942,36.028084
18804,18804,-115.213745,36.145252
18805,28706,-115.2418,36.078686
18806,28706,-115.17541,36.093304
18807,28706,-115.145645,36.124844
18808,28706,-115.21391,36.12671
18809,18809,-115.201775,36.126526
18810,28706,-115.21124,36.125538
18811,28706,-115.22663,36.143787
18812,28706,-115.174355,36.109806
18813,28706,-115.02564,36.050434
18814,30769,-115.204056,36.12628
18815,28706,-115.2111,36.15877
18816,18816,-115.07974,36.072388
18817,28706,-115.11993,36.112522
18818,18818,-115.11771,36.017265
18819,28706,-115.28994,36.16387
18820,28706,-115.13576,36.035084
18821,28706,-115.308624,36.11392
18822,28706,-115.14289,36.143345
18823,28706,-115.188644,36.126087
18824,28706,-115.17516,36.109875
18825,30769,-115.15421,36.118145
18826,28706,-115.21883,36.125946
18827,28706,-115.17262,36.12956
18828,28706,-115.225006,36.126816
18829,30769,-115.17306,36.091965
18830,28706,-115.17473,36.098732
18831,28706,-115.24288,36.072594
18832,28706,-115.20207,36.090256
18833,28706,-115.152214,36.238003
18834,28706,-115.242935,36.044125
18835,28706,-115.16929,36.122322
18836,30557,-115.20959,36.12621
18837,28706,-115.27989,36.124878
18838,30769,-115.17262,36.12956
18839,28706,-115.172455,36.12073
18840,30769,-115.16923,36.121773
18841,18841,-115.20567,36.16626
18842,28706,-115.209656,36.127045
18843,28706,-115.1546,36.11997
18844,28706,-115.21156,36.125397
18845,30769,-115.20888,36.09506
18846,28706,-115.19791,36.125908
18847,28706,-115.153496,36.109165
18848,28706,-115.19791,36.125908
18849,30769,-115.169266,36.102703
18850,28706,-115.18646,36.11876
18851,18851,-115.155235,36.144604
18852,28706,-115.173874,36.109753
18853,28706,-115.22581,36.055252
18854,28706,-115.22349,36.125526
18855,28706,-115.17462,36.067844
18856,28706,-115.13931,36.167286
18857,28706,-115.22522,36.114616
18858,28706,-115.17618,36.115856
18859,28706,-115.17299,36.128223
18860,28706,-115.241516,36.064106
18861,18861,-115.25154,36.159424
18862,18862,-115.2112,36.125587
18863,28706,-115.22353,36.11528
18864,28706,-115.0969,36.005417
18865,30769,-115.22625,36.086525
18866,28706,-115.19791,36.125908
18867,28706,-115.17105,36.12595
18868,28706,-115.117165,36.016342
18869,28706,-115.209656,36.127045
18870,28706,-115.334236,36.145416
18871,18871,-115.207664,36.13174
18872,28706,-115.21002,36.126923
18873,28706,-115.13441,36.166664
18874,28706,-115.13576,36.035084
18875,30557,-115.29939,36.145184
18876,28706,-115.278175,36.041817
18877,28706,-115.16591,36.127495
18878,28706,-115.2075,36.1462
18879,28706,-115.17259,36.112953
18880,28706,-115.29939,36.145184
18881,18881,-115.25988,36.203743
18882,28706,-115.2431,36.124302
18883,28706,-115.17767,36.10741
18884,28706,-115.31443,36.101513
18885,28706,-115.242935,36.044125
18886,30769,-115.11942,36.028084
18887,28706,-115.141884,36.16918
18888,28706,-115.17618,36.115856
18889,30769,-115.207664,36.13174
18890,28706,-115.29442,36.116028
18891,28706,-115.22587,36.055244
18892,28706,-115.33553,36.14631
18893,30557,-115.04675,36.043884
18894,28706,-111.997826,33.43523
18895,28706,-115.167,36.12617
18896,28706,-115.17075,36.101788
18897,18897,-115.08253,36.02307
18898,28706,-115.25093,36.055206
18899,18899,-115.167725,36.103397
18900,30769,-115.224075,36.12743
18901,28706,-115.24131,36.115414
18902,28706,-115.12652,36.15846
18903,28706,-115.15261,36.151554
18904,30769,-115.19791,36.125908
18905,28706,-115.17306,36.091965
18906,28706,-115.13441,36.166664
18907,28706,-115.04282,36.067123
18908,28706,-115.141884,36.16918
18909,18909,-115.1726,36.118793
18910,28706,-115.27917,36.124897
18911,28706,-115.17203,36.11494
18912,28706,-115.209656,36.127045
18913,28706,-115.20685,36.11581
18914,28706,-115.17101,36.12469
18915,30769,-115.13014,36.07145
18916,28706,-115.15126,36.1089
18917,28706,-115.29402,36.093773
18918,28706,-115.19791,36.125908
18919,18919,-115.19791,36.125908
18920,28706,-115.24362,36.202663
18921,28706,-115.203316,36.125885
18922,18922,-115.17282,36.161526
18923,28706,-115.29862,36.077145
18924,30769,-115.18357,36.133995
18925,28706,-115.118515,36.019787
18926,28706,-115.137085,36.106686
18927,28706,-115.333855,36.155964
18928,28706,-115.30234,36.100346
18929,28706,-115.09787,35.979855
18930,28706,-115.1714,36.1207
18931,30769,-115.19575,36.126385
18932,28706,-115.14289,36.143345
18933,28706,-115.241455,36.12706
18934,18934,-115.22422,36.12766
18935,28706,-115.174355,36.092293
18936,28706,-115.14064,36.167877
18937,18937,-115.20929,36.117195
18938,28706,-115.17332,36.11567
18939,28706,-115.19697,36.12543
18940,18940,-115.241974,36.17968
18941,28706,-115.146904,36.171864
18942,28706,-112.07445,33.449436
18943,18943,-115.12637,35.997757
18944,28706,-115.17603,36.11833
18945,18945,-115.17141,36.034245
18946,28706,-115.271,36.019787
18947,28706,-115.24362,36.202663
18948,28706,-115.11952,36.0125
18949,18949,-112.073105,33.449383
18950,30769,-79.98048,40.453846
18951,30769,-115.195984,36.12538
18952,28706,-115.15689,36.113342
18953,30769,-115.314476,36.12843
18954,28706,-115.11135,36.100388
18955,30769,-115.17028,36.12229
18956,28706,-115.21921,36.126545
18957,30769,-115.17033,36.12362
18958,30769,-115.13609,36.01191
18959,28706,-115.1613,36.138298
18960,30769,-115.19648,36.125454
18961,28706,-115.17341,36.118275
18962,28706,-115.173874,36.109753
18963,28706,-115.172295,36.127068
18964,30769,-115.17086,36.10993
18965,30557,-115.25605,36.143414
18966,28706,-115.17259,36.112953
18967,18967,-115.19826,36.11444
18968,28706,-115.306274,36.115807
18969,28706,-115.20764,36.10508
18970,28706,-115.185196,36.12566
18971,28706,-111.88593,33.454037
18972,28706,-115.24239,36.0542
18973,30769,-115.17028,36.12229
18974,28706,-115.11477,36.239555
18975,30769,-115.17143,36.135014
18976,30769,-115.1195,36.015434
18977,28706,-115.19559,36.114346
18978,18978,-115.197075,36.12586
18979,18979,-115.28992,36.160503
18980,28706,-115.28685,36.289684
18981,28706,-115.17282,36.161526
18982,18982,-115.18095,36.292473
18983,28706,-115.28921,36.164627
18984,28706,-115.063515,36.165894
18985,28706,-115.08231,36.069843
18986,28706,-115.107475,36.00292
18987,28706,-115.14513,36.17488
18988,18988,-115.11047,36.0034
18989,28706,-115.112,36.10026
18990,28706,-115.20899,36.09942
18991,28706,-115.254234,36.273678
18992,18992,-115.261406,36.15655
18993,28706,-115.15448,36.11884
18994,18994,-115.28703,36.166676
18995,28706,-115.13637,36.145214
18996,28706,-115.27785,36.135544
18997,18997,-115.17223,36.105675
18998,30769,-115.22345,36.125664
18999,28706,-115.05508,36.01792
19000,19000,-115.146904,36.171864
19001,28706,-115.29743,36.089565
19002,28706,-115.16296,36.12714
19003,28706,-115.17781,36.093067
19004,28706,-115.30406,36.193325
19005,30769,-115.14277,36.16997
19006,30769,-115.166954,36.106236
19007,28706,-115.24232,36.0562
19008,28706,-115.136406,36.106606
19009,19009,-115.22562,36.12503
19010,28706,-115.176735,36.136032
19011,19011,-115.270966,36.019173
19012,28706,-115.25033,36.21986
19013,28706,-115.19726,36.17253
19014,28706,-115.10472,36.14335
19015,19015,-115.20762,36.125244
19016,28706,-115.187065,36.03707
19017,28706,-115.17128,36.11289
19018,19018,-115.19791,36.125908
19019,28706,-115.04282,36.067123
19020,28706,-115.05262,36.100742
19021,28706,-115.20635,35.995155
19022,19022,-115.03914,36.064686
19023,19023,-115.19791,36.125908
19024,28706,-115.28992,36.160503
19025,28706,-115.19791,36.125908
19026,28706,-115.05022,36.02248
19027,28706,-115.23788,36.11488
19028,28706,-112.135994,33.56674
19029,28706,-115.28533,36.15953
19030,28706,-115.30617,36.113316
19031,19031,-115.13838,36.11365
19032,28706,-115.25093,36.055206
19033,28706,-115.14224,36.170544
19034,28706,-115.13639,36.173893
19035,28706,-115.16587,36.126877
19036,28706,-115.16586,36.14785
19037,28706,-115.08955,36.02054
19038,19038,-115.16586,36.14785
19039,30769,-115.17692,36.106705
19040,19040,-115.171555,36.127224
19041,28706,-115.14255,36.142525
19042,28706,-115.14479,36.170017
19043,30769,-115.2983,36.147083
19044,28706,-115.1702,36.12269
19045,28706,-115.23581,36.24242
19046,30769,-115.15323,36.042797
19047,30769,-115.17143,36.135014
19048,28706,-115.20198,36.10272
19049,28706,-111.95149,33.42273
19050,19050,-115.110344,36.002796
19051,19051,-115.155754,36.14755
19052,28706,-115.17367,36.107143
19053,19053,-115.17272,36.135555
19054,28706,-115.19622,36.205273
19055,30769,-115.15531,36.11022
19056,28706,-115.24237,36.152786
19057,30769,-115.30234,36.100346
19058,28706,-115.167725,36.103397
19059,28706,-115.242714,36.036674
19060,28706,-115.243904,36.090073
19061,28706,-115.15271,36.108807
19062,28706,-79.99823,40.44394
19063,30557,-115.101204,35.99359
19064,19064,-115.243004,36.098354
19065,28706,-115.178215,36.068935
19066,28706,-115.22349,36.125526
19067,28706,-115.137764,36.10344
19068,19068,-115.14064,36.167877
19069,28706,-115.18949,36.10455
19070,28706,-115.17382,36.107162
19071,19071,-115.173706,36.104473
19072,19072,-115.142006,36.17183
19073,28706,-115.13838,36.11365
19074,28706,-115.197014,36.12641
19075,28706,-115.17875,36.284214
19076,28706,-115.13417,36.071465
19077,19077,-115.17127,36.11288
19078,30769,-115.23672,36.158604
19079,30769,-80.853,35.19803
19080,19080,-115.136406,36.106606
19081,28706,-115.243904,36.12834
19082,28706,-115.351524,36.159336
19083,19083,-115.17457,36.11622
19084,19084,-115.11167,36.100384
19085,28706,-115.17911,36.285877
19086,28706,-115.29765,36.09471
19087,19087,-112.04791,33.47893
19088,28706,-115.16114,36.144093
19089,28706,-115.207245,36.124905
19090,28706,-115.16114,36.144093
19091,19091,-115.14294,36.16929
19092,28706,-115.11383,36.240646
19093,28706,-115.25093,36.055206
19094,28706,-115.271904,36.2331
19095,19095,-115.13278,36.11422
19096,28706,-115.209274,36.24819
19097,19097,-115.26541,36.26369
19098,28706,-115.18995,36.12553
19099,28706,-115.15259,36.108295
19100,19100,-115.209915,36.126427
19101,19101,-115.11951,36.113743
19102,19102,-115.17712,36.13198
19103,28706,-115.1445,36.16321
19104,19104,-115.11754,36.01826
19105,28706,-115.16114,36.144093
19106,28706,-115.302826,36.14494
19107,19107,-115.1741,36.12124
19108,19108,-115.1149,36.142403
19109,28706,-115.28412,36.138985
19110,28706,-115.33192,36.159554
19111,28706,-115.20247,36.144047
19112,28706,-115.08266,36.15512
19113,30769,-115.33192,36.159554
19114,28706,-115.11634,36.24045
19115,28706,-115.141884,36.16918
19116,19116,-73.5747,45.525303
19117,28706,-115.08335,36.071888
19118,28706,-115.1748,36.116924
19119,19119,-115.16961,36.121452
19120,28706,-115.17516,36.109875
19121,28706,-115.20689,36.072517
19122,28706,-112.07285,33.449226
19123,28706,-115.2691,36.056004
19124,28706,-79.98314,40.429054
19125,28706,-115.18411,36.261887
19126,19126,-115.33145,36.160034
19127,19127,-115.31597,36.158623
19128,28706,-115.14085,36.170055
19129,30557,-115.17167,36.11025
19130,28706,-115.11793,36.018227
19131,28706,-115.138756,36.11665
19132,30769,-115.17012,36.122276
19133,28706,-115.171524,36.05969
19134,28706,-115.244095,36.0458
19135,28706,-115.17386,36.102005
19136,28706,-115.17123,36.15944
19137,28706,-115.16938,36.10251
19138,28706,-115.13894,36.16672
19139,19139,-115.12652,36.15846
19140,19140,-80.85876,35.211227
19141,19141,-115.28715,36.27809
19142,30769,-115.14289,36.143345
19143,28706,-115.1752,36.091843
19144,19144,-115.176315,36.109913
19145,28706,-115.15822,36.161972
19146,28706,-115.144745,36.17295
19147,30769,-115.20942,36.12682
19148,28706,-114.98724,36.036552
19149,19149,-115.2098,36.146904
19150,28706,-115.17712,36.13198
19151,28706,-115.17425,36.102516
19152,28706,-115.19046,36.12615
19153,30557,-115.15979,36.11516
19154,19154,-115.194405,36.1442
19155,28706,-115.14124,36.172813
19156,19156,-115.12529,36.10026
19157,28706,-115.21148,36.227207
19158,28706,-115.14055,36.169167
19159,28706,-115.02418,36.063175
19160,28706,-115.12658,36.100414
19161,28706,-115.1283,36.0573
19162,28706,-115.14064,36.167877
19163,19163,-115.11932,36.011078
19164,28706,-115.141884,36.16918
19165,19165,-115.15304,36.150703
19166,19166,-115.157875,36.142757
19167,28706,-115.138504,36.117256
19168,28706,-115.08686,36.02104
19169,30769,-115.17087,36.10242
19170,19170,-115.244026,36.045532
19171,28706,-115.17264,36.11758
19172,28706,-115.17123,36.15944
19173,19173,-115.13506,36.010784
19174,28706,-115.15427,36.1187
19175,19175,-115.233086,36.159576
19176,19176,-115.15602,36.145348
19177,28706,-115.26218,36.19653
19178,19178,-115.250565,36.14357
19179,30557,-115.17359,36.10352
19180,28706,-115.19763,36.12593
19181,30769,-115.179184,36.275158
19182,28706,-115.27611,36.142998
19183,28706,-115.24675,36.144825
19184,19184,-111.97678,33.675884
19185,19185,-115.197075,36.12586
19186,28706,-115.13713,36.01069
19187,19187,-115.121086,36.02073
19188,28706,-115.13463,36.161926
19189,19189,-111.9787,33.59762
19190,28706,-115.17484,36.068127
19191,28706,-112.04086,33.431583
19192,30769,-115.3317,36.16127
19193,28706,-115.15716,36.114746
19194,30769,-115.17632,36.113846
19195,30769,-115.17113,36.12856
19196,28706,-115.15112,36.086338
19197,28706,-115.17652,36.11301
19198,28706,-115.333855,36.155964
19199,30557,-115.120575,36.010967
19200,28706,-115.17575,36.108307
19201,28706,-115.174225,36.106884
19202,28706,-115.16961,36.121452
19203,28706,-115.17413,36.121143
19204,28706,-115.144745,36.17295
19205,19205,-115.2983,36.11527
19206,30769,-80.90446,35.234165
19207,28706,-114.96625,36.024345
19208,30769,-115.16174,36.149128
19209,30769,-115.16174,36.149128
19210,28706,-115.170975,36.114277
19211,19211,-115.30406,36.193325
19212,30557,-115.17264,36.11758
19213,28706,-115.16841,36.12458
19214,19214,-115.26048,36.17591
19215,28706,-115.33354,36.148144
19216,28706,-115.156845,36.16383
19217,28706,-115.175026,36.090862
19218,28706,-115.17283,36.132774
19219,28706,-115.13609,36.116165
19220,28706,-115.306496,36.192513
19221,28706,-115.13962,36.170086
19222,28706,-115.207794,36.276955
19223,28706,-115.27432,36.144367
19224,30769,-115.24246,36.09864
19225,28706,-115.17234,36.055244
19226,28706,-115.22456,36.128075
19227,28706,-115.17019,36.123405
19228,28706,-115.272705,36.144665
19229,28706,-115.29857,36.07719
19230,28706,-115.14624,36.171215
19231,28706,-115.16636,36.158684
19232,28706,-115.04282,36.067123
19233,30769,-115.173515,36.10301
19234,28706,-115.1398,36.16868
19235,28706,-115.278175,36.041817
19236,28706,-115.16938,36.12179
19237,28706,-115.17234,36.110107
19238,28706,-115.20513,36.27028
19239,19239,-115.08588,36.02942
19240,28706,-115.11894,36.196198
19241,19241,-115.08231,36.069843
19242,28706,-115.334816,36.155132
19243,28706,-115.186485,36.1187
19244,30769,-115.1725,36.110065
19245,30769,-115.17105,36.12595
19246,19246,-115.15126,36.10913
19247,28706,-115.11931,36.01597
19248,28706,-115.13954,36.085697
19249,28706,-115.13894,36.16672
19250,28706,-115.14998,36.1055
19251,30769,-115.204056,36.12628
19252,28706,-115.16788,36.099346
19253,28706,-73.596985,45.518787
19254,30769,-115.29939,36.145184
19255,28706,-115.16363,36.13698
19256,28706,-73.561226,45.560333
19257,30769,-115.15191,36.108463
19258,28706,-115.17516,36.109875
19259,28706,-115.09541,36.115875
19260,28706,-115.280426,36.056282
19261,28706,-115.19083,36.13164
19262,30769,-115.15126,36.1089
19263,28706,-115.26144,36.112984
19264,28706,-115.24193,36.143177
19265,30769,-115.16587,36.126877
19266,28706,-115.15539,36.11793
19267,28706,-115.24349,36.05007
19268,30769,-115.176926,36.115837
19269,28706,-115.20744,36.113472
19270,28706,-112.42678,33.448696
19271,19271,-115.143135,36.171062
19272,28706,-115.04165,36.05552
19273,28706,-115.19743,36.039803
19274,19274,-115.19575,36.126385
19275,28706,-115.17143,36.135014
19276,19276,-115.13452,36.165707
19277,28706,-115.17234,36.10353
19278,28706,-115.146904,36.171864
19279,28706,-115.15152,36.156292
19280,28706,-115.170364,36.127617
19281,28706,-115.20636,36.149452
19282,28706,-111.92796,33.490696
19283,28706,-115.30076,36.145542
19284,30769,-115.139786,36.169167
19285,28706,-115.14637,36.124424
19286,28706,-115.16255,36.147816
19287,30769,-115.15427,36.1187
19288,28706,-115.17139,36.135098
19289,19289,-115.17105,36.12595
19290,30769,-115.172195,36.119576
19291,30769,-115.16255,36.147816
19292,28706,-115.24279,36.151924
19293,28706,-115.14548,36.16939
19294,28706,-115.15475,36.12697
19295,28706,-115.14556,36.172424
19296,28706,-115.32429,36.12181
19297,30769,-115.173874,36.109753
19298,30769,-115.16255,36.147816
19299,28706,-115.17481,36.10987
19300,28706,-115.16255,36.147816
19301,28706,-115.17421,36.106213
19302,19302,-115.33321,36.152905
19303,28706,-115.16918,36.10844
19304,30769,-115.16961,36.121452
19305,19305,-115.17524,36.116566
19306,19306,-115.20247,36.144047
19307,30769,-115.17674,36.10449
19308,28706,-115.14451,36.17035
19309,30769,-115.16744,36.127686
19310,30769,-115.17179,36.1112
19311,28706,-115.203186,36.09046
19312,28706,-115.16255,36.147816
19313,28706,-115.142006,36.17183
19314,28706,-115.17849,36.10924
19315,28706,-115.17253,36.10185
19316,28706,-115.17575,36.108307
19317,19317,-115.17684,36.1206
19318,19318,-115.189125,36.145893
19319,28706,-115.25988,36.203743
19320,28706,-115.17155,36.05243
19321,19321,-115.173515,36.103
19322,28706,-115.17535,36.070137
19323,19323,-115.17278,36.11766
19324,30769,-115.14007,36.167534
19325,28706,-115.16255,36.147816
19326,28706,-115.14007,36.167534
19327,19327,-115.2682,36.207485
19328,28706,-115.1546,36.11997
19329,19329,-115.174416,36.127724
19330,28706,-115.18939,36.11789
19331,28706,-115.19336,36.15855
19332,28706,-115.1726,36.118793
19333,19333,-115.236664,36.144512
19334,28706,-115.30752,36.08616
19335,19335,-115.243996,36.1615
19336,19336,-115.173996,36.01219
19337,30769,-89.380646,43.072697
19338,19338,-115.272705,36.144665
19339,28706,-115.3158,36.29146
19340,19340,-115.28165,36.200096
19341,30769,-115.25826,36.195614
19342,28706,-115.17641,36.11316
19343,30769,-115.172554,36.111877
19344,19344,-115.17618,36.115856
19345,28706,-115.2435,36.08808
19346,19346,-115.08253,36.02307
19347,28706,-115.278175,36.041817
19348,28706,-115.26147,36.269814
19349,19349,-115.061554,36.112236
19350,28706,-115.332794,36.156055
19351,28706,-115.33338,36.145733
19352,28706,-115.22496,36.069824
19353,28706,-115.2858,36.158028
19354,28706,-115.197685,36.125946
19355,30769,-115.25827,36.21899
19356,28706,-115.22467,36.159973
19357,28706,-115.17025,36.1238
19358,28706,-115.30121,36.099983
19359,19359,-111.92255,33.63534
19360,28706,-115.21984,36.12607
19361,28706,-115.21124,36.125538
19362,28706,-115.207596,36.149788
19363,28706,-115.20279,36.158993
19364,19364,-115.3158,36.29146
19365,28706,-115.33325,36.150074
19366,28706,-115.28559,36.16719
19367,28706,-115.25912,36.219067
19368,28706,-115.17286,36.127224
19369,30769,-115.28973,36.1641
19370,28706,-115.33143,36.15486
19371,28706,-115.29995,36.08368
19372,30769,-115.17214,36.110973
19373,28706,-115.17113,36.12856
19374,28706,-115.17618,36.067936
19375,28706,-115.12464,35.996723
19376,19376,-115.23995,36.14467
19377,28706,-115.243546,36.04771
19378,28706,-115.15126,36.1089
19379,28706,-115.20169,36.103138
19380,28706,-115.177666,36.107014
19381,28706,-115.278175,36.041817
19382,28706,-115.20685,36.11581
19383,28706,-115.290825,36.1634
19384,28706,-115.22638,36.1432
19385,19385,-115.19388,36.144024
19386,30769,-115.17382,36.107162
19387,28706,-115.17462,36.142902
19388,28706,-115.1892,36.1472
19389,30557,-115.20142,36.12633
19390,19390,-115.20888,36.09506
19391,19391,-115.28567,36.28986
19392,28706,-115.14467,36.17062
19393,28706,-115.20517,35.99558
19394,28706,-115.17127,36.11288
19395,28706,-115.17345,36.10306
19396,28706,-115.14406,36.171234
19397,28706,-115.27785,36.135544
19398,28706,-115.234955,36.243893
19399,28706,-115.26148,36.113655
19400,28706,-115.16456,36.131496
19401,28706,-115.24407,36.047813
19402,28706,-115.08227,36.07001
19403,28706,-115.20942,36.142094
19404,28706,-115.206345,35.994972
19405,28706,-115.29321,36.084576
19406,19406,-115.28637,36.157627
19407,19407,-111.978836,33.67586
19408,28706,-115.19388,36.144024
19409,28706,-115.24316,36.076504
19410,28706,-115.29747,36.059624
19411,28706,-115.1696,36.121452
19412,28706,-115.22555,36.101685
19413,28706,-115.19228,36.144
19414,19414,-115.15036,36.01979
19415,28706,-115.16833,36.127647
19416,28706,-115.151,36.15851
19417,30769,-115.15203,36.14401
19418,19418,-115.19388,36.144024
19419,28706,-115.31403,36.218792
19420,19420,-115.1912,36.126503
19421,19421,-115.16269,36.144295
19422,28706,-115.157875,36.142757
19423,28706,-115.26148,36.113655
19424,28706,-115.17105,36.12595
19425,28706,-115.33338,36.145733
19426,19426,-115.21327,36.12656
19427,28706,-115.21246,36.101505
19428,28706,-115.22625,36.086525
19429,19429,-115.10378,36.085686
19430,19430,-115.333855,36.155964
19431,30769,-115.21733,36.223446
19432,19432,-115.20247,36.144047
19433,19433,-115.26955,36.1435
19434,19434,-115.20142,36.12633
19435,28706,-115.24127,36.084476
19436,19436,-115.11797,36.01842
19437,28706,-112.073425,33.447334
19438,28706,-115.24185,36.043034
19439,28706,-115.281075,36.15764
19440,30769,-115.23664,36.115025
19441,28706,-115.33276,36.15119
19442,19442,-115.17665,36.145218
19443,19443,-115.33513,36.15711
19444,28706,-115.278465,36.1428
19445,30769,-115.2048,36.03419
19446,30769,-115.22343,36.115295
19447,30769,-115.173874,36.10978
19448,28706,-115.102104,36.1792
19449,28706,-115.11048,36.002815
19450,28706,-115.19594,36.12541
19451,28706,-115.16588,36.126873
19452,19452,-115.13615,36.013145
19453,28706,-115.293,36.160576
19454,28706,-115.17223,36.105675
19455,28706,-115.1892,36.1472
19456,30557,-115.1969,36.12608
19457,28706,-115.21984,36.12607
19458,28706,-115.117386,36.019474
19459,28706,-115.17462,36.142902
19460,28706,-115.137024,36.174553
19461,19461,-115.30081,36.14653
19462,28706,-115.28992,36.160503
19463,28706,-115.24205,36.11356
19464,28706,-111.976906,33.612934
19465,19465,-115.21728,36.143658
19466,28706,-115.17264,36.11758
19467,19467,-115.17659,36.091938
19468,30769,-115.241516,36.064106
19469,30769,-115.15126,36.1089
19470,28706,-115.19479,36.114464
19471,28706,-115.30186,36.145638
19472,28706,-115.278175,36.041817
19473,28706,-115.24378,36.087482
19474,28706,-115.210464,36.23675
19475,30769,-115.29442,36.116028
19476,19476,-115.22487,36.06982
19477,28706,-115.167755,36.123943
19478,19478,-115.139786,36.114964
19479,30769,-115.19594,36.12541
19480,28706,-115.17484,36.068127
19481,19481,-115.21883,36.125946
19482,28706,-115.17269,36.11025
19483,28706,-115.242905,36.152386
19484,28706,-115.19594,36.12541
19485,28706,-115.16555,36.11523
19486,30769,-115.17516,36.109875
19487,30769,-115.25988,36.203743
19488,30769,-115.17179,36.1112
19489,30557,-79.9645,40.42877
19490,30557,-73.57907,45.493977
19491,30769,-115.15622,36.167824
19492,28706,-115.163536,36.126423
19493,30769,-115.17361,36.109997
19494,28706,-115.11932,36.011078
19495,28706,-115.176315,36.109913
19496,30769,-115.186485,36.1187
19497,19497,-115.286194,36.166782
19498,28706,-115.17345,36.10306
19499,30769,-115.297585,36.09778
19500,19500,-115.29646,36.101376
19501,19501,-115.046684,36.025402
19502,19502,-115.30114,36.09934
19503,30769,-115.30186,36.145638
19504,30769,-115.30105,36.146008
19505,28706,-79.94961,40.427044
19506,28706,-115.15539,36.11793
19507,30557,-115.24127,36.084476
19508,30769,-115.17234,36.10353
19509,28706,-115.17089,36.11006
19510,28706,-115.15226,36.10708
19511,30769,-115.169655,36.12119
19512,28706,-115.152725,36.159145
19513,28706,-115.24365,36.05732
19514,30557,-115.15509,36.129982
19515,30769,-115.27973,36.119114
19516,29068,-115.27777,36.130028
19517,28706,-115.28129,36.055817
19518,28706,-115.17548,36.023438
19519,28706,-115.19,36.23888
19520,28706,-115.17712,36.13198
19521,30769,-115.17124,36.11788
19522,28706,-115.10235,35.992874
19523,28706,-115.11698,36.009254
19524,30769,-115.26182,36.11304
19525,28706,-115.284355,36.138515
19526,30769,-115.176,36.119038
19527,28706,-115.14963,36.16695
19528,30769,-115.176346,36.117317
19529,19529,-115.175896,36.097015
19530,28706,-115.21728,36.143658
19531,19531,-115.20959,36.12621
19532,28706,-115.24378,36.087482
19533,28706,-115.1563,36.142338
19534,28706,-115.17106,36.11242
19535,30557,-115.180565,36.14486
19536,28706,-115.243324,36.058723
19537,28706,-115.112,36.10026
19538,28706,-115.1543,36.014694
19539,28706,-115.285164,36.16857
19540,19540,-115.14289,36.143345
19541,28706,-115.086464,36.02119
19542,28706,-115.20635,35.995155
19543,28706,-115.20722,36.03344
19544,28706,-114.962135,36.013103
19545,28706,-115.171524,36.05969
19546,19546,-115.28963,36.16055
19547,19547,-115.2435,36.072044
19548,30557,-115.173874,36.109753
19549,30769,-115.13931,36.167286
19550,28706,-115.15383,36.157158
19551,28706,-115.05336,36.01981
19552,28706,-115.13759,36.14262
19553,19553,-115.17234,36.110107
19554,28706,-115.265976,36.168346
19555,28706,-115.10561,36.00054
19556,28706,-115.243546,36.04771
19557,19557,-115.3241,36.1221
19558,19558,-115.22625,36.086525
19559,28706,-115.16591,36.127686
19560,19560,-112.281944,33.493916
19561,28706,-115.17457,36.11622
19562,30557,-115.20247,36.144047
19563,19563,-115.243515,36.072624
19564,28706,-115.24868,36.06216
19565,19565,-115.24508,36.159706
19566,28706,-115.31481,36.121902
19567,28706,-115.16849,35.96477
19568,30769,-115.20422,36.126564
19569,28706,-115.21327,36.12656
19570,19570,-115.25931,36.191574
19571,28706,-115.24816,36.195286
19572,19572,-115.19062,36.126125
19573,28706,-115.2418,36.078686
19574,19574,-115.17262,36.118378
19575,28706,-115.17105,36.12595
19576,28706,-111.98678,33.495716
19577,30769,-115.207085,36.159557
19578,19578,-115.17647,36.14513
19579,19579,-115.30076,36.145542
19580,28706,-115.19388,36.144024
19581,28706,-115.19388,36.144024
19582,19582,-115.19388,36.144024
19583,28706,-115.13463,36.161926
19584,19584,-115.29103,36.17573
19585,28706,-115.207306,36.131718
19586,19586,-115.284355,36.138515
19587,19587,-115.22538,36.217148
19588,30769,-115.153496,36.109165
19589,28706,-115.16296,36.12714
19590,19590,-115.17096,36.09936
19591,19591,-115.29857,36.07719
19592,30769,-115.312225,36.158894
19593,28706,-115.17501,36.11692
19594,28706,-115.119385,36.03086
19595,19595,-115.28672,36.167316
19596,28706,-115.251564,36.06299
19597,28706,-115.243904,36.12834
19598,19598,-115.134346,36.10037
19599,28706,-115.11812,36.01612
19600,19600,-115.2032,36.092003
19601,28706,-115.179184,36.275158
19602,30769,-115.24814,36.195267
19603,28706,-115.24536,36.161877
19604,30769,-115.17361,36.109997
19605,28706,-115.142006,36.17183
19606,19606,-115.15254,36.151268
19607,28706,-115.24269,36.04463
19608,28706,-115.28331,36.05509
19609,28706,-115.17245,36.10503
19610,19610,-115.17577,36.011356
19611,19611,-115.25199,36.05545
19612,30557,-111.9348,33.42384
19613,28706,-115.2075,36.16593
19614,19614,-115.14711,36.08609
19615,28706,-115.242386,36.112858
19616,28706,-115.2983,36.147083
19617,28706,-115.30121,36.115658
19618,28706,-115.13962,36.170086
19619,28706,-115.17676,36.10449
19620,19620,-115.17367,36.107143
19621,19621,-115.15126,36.1089
19622,28706,-115.306274,36.115807
19623,30769,-115.135445,36.119934
19624,28706,-115.24314,36.083588
19625,28706,-115.1969,36.143887
19626,28706,-115.29776,36.097992
19627,28706,-115.20855,36.142483
19628,19628,-115.24775,36.19531
19629,19629,-115.17483,36.13367
19630,19630,-115.294365,36.115223
19631,19631,-115.333084,36.15087
19632,30769,-115.19875,36.10376
19633,30769,-115.12047,36.026196
19634,28706,-112.114044,33.68167
19635,28706,-115.17086,36.10993
19636,28706,-115.30971,36.11463
19637,28706,-73.596985,45.518787
19638,28706,-115.1398,36.16868
19639,19639,-115.14479,36.170017
19640,28706,-115.27777,36.130028
19641,30769,-115.17582,36.11773
19642,28706,-115.19448,36.126213
19643,28706,-115.205345,36.158405
19644,19644,-115.24214,36.078087
19645,28706,-115.3007,36.14558
19646,28706,-115.20848,36.07308
19647,28706,-115.18666,36.130444
19648,28706,-115.28257,36.198036
19649,28706,-115.172424,36.101204
19650,28706,-115.33439,36.156796
19651,19651,-115.175865,36.092865
19652,28706,-115.23995,36.14467
19653,28706,-115.33159,36.160686
19654,28706,-115.1087,36.14329
19655,28706,-115.1558,35.968914
19656,28706,-115.17259,36.112953
19657,28706,-115.14511,36.1741
19658,19658,-115.24186,36.062195
19659,28706,-115.25033,36.21986
19660,28706,-115.28622,36.281162
19661,28706,-115.17815,36.06713
19662,28706,-115.1563,36.142338
19663,28706,-115.26764,36.28149
19664,28706,-115.17345,36.10306
19665,30557,-115.24266,36.21786
19666,19666,-115.25142,36.067112
19667,28706,-115.17195,36.12104
19668,19668,-115.17086,36.10993
19669,30769,-115.12009,36.03372
19670,19670,-115.28702,36.291435
19671,19671,-115.2796,36.05317
19672,28706,-115.16879,36.122967
19673,28706,-115.22625,36.086525
19674,28706,-115.27777,36.130028
19675,28706,-115.280426,36.056282
19676,28706,-115.3352,36.15803
19677,19677,-115.23672,36.158604
19678,28706,-115.13578,36.100525
19679,28706,-115.28992,36.160503
19680,19680,-115.13637,36.129395
19681,28706,-115.06245,36.112835
19682,28706,-115.14963,36.16695
19683,19683,-115.28992,36.160503
19684,28706,-115.306274,36.115807
19685,28706,-115.16845,36.123913
19686,28706,-114.994995,36.05215
19687,28706,-115.26318,36.271908
19688,28706,-115.17332,36.11567
19689,28706,-115.21327,36.12656
19690,28706,-115.17712,36.13198
19691,30769,-115.173874,36.10978
19692,28706,-115.16559,36.12689
19693,30769,-115.17178,36.115017
19694,19694,-115.174515,36.121548
19695,28706,-80.001625,40.430992
19696,28706,-115.17028,36.12229
19697,30769,-115.17345,36.10306
19698,19698,-115.22308,36.125862
19699,28706,-115.259766,36.19505
19700,19700,-115.138435,36.167526
19701,28706,-115.16908,36.124203
19702,30557,-115.20343,36.125954
19703,19703,-115.17259,36.112953
19704,28706,-115.25892,36.195686
19705,28706,-115.15259,36.108295
19706,19706,-115.20343,36.125954
19707,28706,-115.17688,36.111946
19708,30557,-115.15383,36.157158
19709,30769,-115.26048,36.17591
19710,28706,-115.14255,36.142525
19711,28706,-115.24239,36.0542
19712,19712,-115.17229,36.115147
19713,28706,-115.15427,36.1187
19714,19714,-115.23975,36.14317
19715,28706,-115.2916,36.053307
19716,28706,-115.17618,36.115856
19717,19717,-115.29683,36.095818
19718,19718,-115.334816,36.155132
19719,28706,-115.28672,36.167316
19720,28706,-115.28553,36.166573
19721,19721,-115.27845,36.130943
19722,30557,-73.60077,45.523613
19723,28706,-115.27923,36.05208
19724,28706,-112.26091,33.531467
19725,28706,-115.24814,36.195267
19726,30769,-115.19478,36.126404
19727,19727,-115.1912,36.126503
19728,19728,-115.3158,36.29146
19729,19729,-115.26674,36.272594
19730,28706,-115.177956,36.12037
19731,28706,-115.20343,36.125954
19732,28706,-115.306274,36.115807
19733,30769,-115.11952,36.01592
19734,30769,-115.17177,36.11931
19735,30769,-115.172554,36.111877
19736,28706,-115.15389,36.11355
19737,28706,-115.20631,36.12659
19738,28706,-115.048035,36.023315
19739,28706,-115.27989,36.143597
19740,30769,-115.14844,36.16738
19741,28706,-115.33387,36.152832
19742,19742,-115.17692,36.106655
19743,30557,-115.17345,36.10306
19744,30769,-115.1976,36.125965
19745,28706,-115.20571,35.997555
19746,28706,-115.21327,36.12656
19747,28706,-79.93266,40.451252
19748,19748,-115.27853,36.057846
19749,30769,-115.30752,36.08616
19750,28706,-115.3087,36.183765
19751,28706,-115.16901,35.965446
19752,28706,-115.119125,36.02624
19753,19753,-115.20888,36.09506
19754,28706,-115.257416,36.142918
19755,28706,-115.1917,36.12644
19756,28706,-115.241455,36.062717
19757,28706,-115.17704,36.10762
19758,30769,-115.15097,36.085175
19759,30769,-115.17582,36.09558
19760,28706,-115.14289,36.143345
19761,30769,-115.1068,36.071945
19762,28706,-115.22625,36.086525
19763,28706,-115.23096,36.1148
19764,28706,-115.138504,36.117256
19765,28706,-115.173874,36.10978
19766,30769,-115.13576,36.118237
19767,28706,-115.29794,36.106503
19768,28706,-115.08336,36.022465
19769,19769,-115.17435,36.106205
19770,28706,-115.14064,36.167877
19771,19771,-115.2811,36.114468
19772,28706,-115.35078,36.16032
19773,30769,-115.15152,36.10749
19774,28706,-115.24302,36.036034
19775,28706,-115.17154,36.048992
19776,19776,-115.188644,36.126087
19777,28706,-115.17457,36.11622
19778,28706,-115.17818,36.10713
19779,28706,-115.2796,36.12396
19780,19780,-115.20738,36.071205
19781,28706,-115.19791,36.125908
19782,28706,-115.171616,36.041164
19783,19783,-115.132935,36.16576
19784,19784,-115.26359,36.15867
19785,30769,-115.1917,36.12644
19786,19786,-115.19822,36.12595
19787,19787,-115.14064,36.167877
19788,28706,-115.13567,36.176983
19789,19789,-115.33896,36.151318
19790,28706,-115.31947,36.15959
19791,30769,-115.207535,36.114986
19792,28706,-115.2858,36.158028
19793,28706,-115.1976,36.125965
19794,30769,-115.28109,36.114536
19795,28706,-115.198,36.127663
19796,28706,-115.12652,36.15846
19797,28706,-115.19189,36.126472
19798,28706,-111.92239,33.501007
19799,19799,-115.2092,36.246758
19800,30769,-115.20888,36.09506
19801,30769,-115.243004,36.03598
19802,28706,-115.15254,36.151268
19803,30769,-115.11984,36.069088
19804,28706,-115.22406,36.12772
19805,30769,-115.17113,36.12856
19806,19806,-115.287,36.166702
19807,30557,-115.267365,36.270584
19808,28706,-115.25766,36.27585
19809,28706,-115.20741,36.123623
19810,28706,-3.214468,55.959152
19811,28706,-115.2439,36.160797
19812,28706,-115.11952,36.01592
19813,28706,-115.22547,36.14299
19814,28706,-115.20567,36.16626
19815,28706,-115.24239,36.0542
19816,19816,-115.03154,36.08272
19817,28706,-115.16906,36.054974
19818,19818,-115.13777,36.103626
19819,28706,-115.055786,36.017376
19820,28706,-115.1268,36.145287
19821,30769,-115.186104,36.11628
19822,28706,-115.31462,36.12889
19823,28706,-115.14626,36.17125
19824,30769,-115.15154,36.12109
19825,19825,-115.213844,36.14502
19826,30769,-3.1879406,55.949512
19827,28706,-115.17462,36.142902
19828,28706,-115.20667,36.114872
19829,28706,-115.14998,36.1055
19830,28706,-115.22551,36.17232
19831,28706,-115.152725,36.159145
19832,30769,-115.23581,36.24242
19833,19833,-114.93191,36.10195
19834,28706,-115.15349,36.11522
19835,28706,-115.13952,36.169872
19836,30769,-115.334816,36.15839
19837,30769,-115.14572,36.168118
19838,28706,-115.19189,36.126472
19839,19839,-115.1404,36.16785
19840,30769,-111.92477,33.637135
19841,30769,-115.141884,36.16918
19842,30769,-115.17361,36.109997
19843,28706,-115.17457,36.10259
19844,28706,-115.17022,36.11236
19845,28706,-73.56346,45.515118
19846,30769,-115.14954,36.155178
19847,28706,-115.14954,36.155178
19848,19848,-115.174355,36.092293
19849,30769,-115.173515,36.103
19850,28706,-115.164345,36.06004
19851,28706,-115.17618,36.115856
19852,30769,-115.144554,36.170265
19853,28706,-115.11874,36.084557
19854,28706,-115.1725,36.110065
19855,28706,-115.17704,36.10762
19856,28706,-115.15603,36.147247
19857,30557,-115.17524,36.116566
19858,30769,-115.163155,36.118034
19859,19859,-115.172455,36.111073
19860,19860,-115.08815,36.07073
19861,19861,-115.171776,36.102093
19862,28706,-115.170975,36.114277
19863,28706,-115.14099,36.169754
19864,28706,-115.147255,36.15942
19865,30769,-115.18939,36.11789
19866,30769,-115.17028,36.12433
19867,28706,-115.16879,36.122967
19868,28706,-115.17669,36.117455
19869,28706,-115.17354,36.109516
19870,30769,-115.137596,36.104164
19871,28706,-73.553116,45.506275
19872,19872,-115.17524,36.09232
19873,28706,-115.155205,36.14771
19874,28706,-115.16938,36.12179
19875,28706,-115.17439,36.14444
19876,30557,-115.17141,36.11752
19877,28706,-112.11054,33.64068
19878,30557,-73.57707,45.49807
19879,28706,-115.295586,36.114517
19880,28706,-115.16841,36.113533
19881,28706,-115.173515,36.103
19882,28706,-115.17496,36.121323
19883,28706,-115.334816,36.155132
19884,28706,-115.17274,36.11424
19885,28706,-115.226295,36.239178
19886,30557,-115.17582,36.11773
19887,30769,-115.08944,36.220097
19888,19888,-115.163124,36.133614
19889,28706,-115.15126,36.1089
19890,19890,-115.25312,36.19598
19891,28706,-115.169624,36.068302
19892,28706,-73.585266,45.488544
19893,19893,-115.138435,36.167526
19894,19894,-115.15152,36.156292
19895,30769,-115.17177,36.120094
19896,28706,-115.17501,36.117245
19897,30769,-115.26147,36.269814
19898,28706,-115.20959,36.12621
19899,19899,-111.86773,33.43473
19900,30769,-115.15822,36.161972
19901,28706,-115.21002,36.126923
19902,30769,-115.13639,36.175
19903,19903,-115.2071,36.110973
19904,30769,-115.17516,36.109875
19905,28706,-115.20247,36.144047
19906,28706,-115.27844,36.056824
19907,28706,-115.145004,36.173058
19908,28706,-115.20247,36.144047
19909,19909,-115.17704,36.10762
19910,30769,-115.332794,36.156055
19911,30769,-115.15323,36.042797
19912,28706,-115.28129,36.055817
19913,28706,-115.14289,36.143345
19914,19914,-115.19,36.23888
19915,28706,-115.15126,36.1089
19916,28706,-115.17858,36.106277
19917,28706,-115.101685,35.997723
19918,28706,-115.13804,36.10086
19919,28706,-115.302345,36.207073
19920,30769,-115.169655,36.12119
19921,30557,-115.17216,36.126064
19922,19922,-115.16996,36.10984
19923,28706,-115.12046,36.0411
19924,28706,-115.06262,36.02959
19925,30769,-115.167725,36.103397
19926,28706,-112.050545,33.024113
19927,19927,-115.09606,36.00499
19928,28706,-115.17618,36.115856
19929,28706,-115.20616,36.144
19930,19930,-115.15258,36.150463
19931,28706,-115.27856,36.058853
19932,30769,-115.2782,36.04246
19933,30769,-115.14124,36.172813
19934,28706,-115.22492,36.048195
19935,28706,-115.16961,36.121452
19936,28706,-115.01003,36.272373
19937,28706,-3.1873095,55.94987
19938,28706,-115.286644,36.277836
19939,28706,-115.333595,36.156967
19940,28706,-115.15155,36.151466
19941,28706,-115.15152,36.10749
19942,28706,-3.2097902,55.951057
19943,19943,-115.30882,36.183144
19944,19944,-115.2075,36.1462
19945,28706,-115.20169,36.103138
19946,30769,-115.167694,36.103054
19947,28706,-115.1363,36.102707
19948,28706,-115.04548,36.060318
19949,28706,-115.17397,36.10626
19950,19950,-115.17469,36.160713
19951,28706,-115.287,36.166702
19952,19952,-115.278175,36.041817
19953,19953,-115.06381,36.167458
19954,28706,-115.21258,36.15882
19955,28706,-115.14525,36.08316
19956,19956,-115.142006,36.17183
19957,19957,-115.28553,36.166573
19958,28706,-115.137024,36.174553
19959,28706,-115.17516,36.109875
19960,28706,-115.17712,36.13198
19961,28706,-115.24495,36.07086
19962,30769,-115.15822,36.161972
19963,28706,-115.06383,36.174416
19964,28706,-115.332,36.151814
19965,30557,-115.16923,36.102325
19966,19966,-115.20717,36.14959
19967,28706,-115.225,36.069855
19968,28706,-115.333084,36.15087
19969,28706,-115.16296,36.12714
19970,28706,-115.17462,36.142902
19971,28706,-115.19242,36.12601
19972,28706,-115.20954,36.099316
19973,19973,-115.28703,36.166676
19974,28706,-115.2317,36.23775
19975,28706,-115.13716,35.996834
19976,28706,-115.28872,36.277596
19977,28706,-115.15126,36.1089
19978,28706,-115.15155,36.151466
19979,28706,-115.15155,36.151466
19980,19980,-115.14551,36.12177
19981,30769,-115.152596,36.15112
19982,28706,-115.19283,36.144253
19983,28706,-115.27973,36.119114
19984,30769,-115.14255,36.142525
19985,28706,-115.17299,36.128223
19986,28706,-115.04829,36.056885
19987,19987,-115.27943,36.142227
19988,28706,-115.298744,36.115807
19989,19989,-115.24348,36.03135
19990,19990,-115.20567,36.16626
19991,19991,-115.17322,36.127586
19992,28706,-115.20846,36.0989
19993,19993,-115.207466,36.03409
19994,28706,-115.31462,36.12889
19995,28706,-115.15096,36.15308
19996,19996,-115.17535,36.070137
19997,28706,-115.17425,36.102516
19998,28706,-115.29634,36.07794
19999,28706,-115.29982,36.115826
20000,28706,-115.1613,36.138298
20001,28706,-115.174416,36.1097
20002,20002,-115.204926,36.17127
20003,20003,-115.11869,36.01635
20004,28706,-115.12225,36.100002
20005,28706,-115.18995,36.12553
20006,28706,-115.139915,36.169243
20007,20007,-115.170616,36.124756
20008,28706,-115.261024,36.17444
20009,28706,-115.23124,36.237267
20010,28706,-115.135445,36.119934
20011,28706,-115.27973,36.119114
20012,20012,-112.08212,33.505096
20013,30769,-115.28009,36.298874
20014,28706,-115.243904,36.090073
20015,20015,-115.04553,36.061695
20016,20016,-114.8582,35.969296
20017,20017,-115.206635,36.2769
20018,28706,-115.33192,36.159554
20019,30769,-115.15126,36.1089
20020,30769,-115.20974,36.114937
20021,28706,-115.17234,36.10353
20022,28706,-115.17358,36.10267
20023,28706,-115.1741,36.12124
20024,30769,-115.17466,36.02949
20025,28706,-115.13792,36.168026
20026,28706,-115.19826,36.11444
20027,30769,-115.174515,36.121548
20028,30769,-115.16296,36.12714
20029,28706,-115.29103,36.17573
20030,20030,-115.09935,36.100647
20031,30769,-115.15711,36.14422
20032,20032,-115.17214,36.10866
20033,28706,-115.270004,36.297714
20034,30557,-115.174355,36.092293
20035,28706,-115.17582,36.11773
20036,30769,-115.17618,36.115856
20037,30557,-115.15711,36.14422
20038,28706,-115.17407,36.121197
20039,30769,-115.17698,36.107407
20040,28706,-111.790016,33.35597
20041,30769,-115.17022,36.11236
20042,30769,-115.17781,36.093067
20043,28706,-115.17089,36.11006
20044,30769,-115.17106,36.11242
20045,30769,-115.1765,36.116962
20046,30769,-115.17054,36.10259
20047,30769,-115.17572,36.009
20048,30769,-115.17127,36.11288
20049,28706,-115.1725,36.110065
20050,28706,-115.17332,36.11567
20051,30769,-111.92975,33.494247
20052,20052,-115.16348,36.113026
20053,28706,-115.20848,36.07308
20054,20054,-115.151344,36.152264
20055,28706,-115.16296,36.12714
20056,30769,-115.17223,36.110733
20057,28706,-115.173874,36.10978
20058,20058,-114.99299,36.014114
20059,28706,-115.22587,36.055244
20060,28706,-115.17124,36.11788
20061,20061,-115.175865,36.092865
20062,20062,-115.17613,36.092182
20063,28706,-115.24508,36.159706
20064,28706,-115.17615,36.093422
20065,28706,-115.151344,36.152264
20066,20066,-115.17119,36.12122
20067,30769,-115.17516,36.091866
20068,28706,-115.17457,36.11622
20069,28706,-115.17258,36.117775
20070,28706,-115.13894,36.16672
20071,28706,-115.151344,36.152264
20072,20072,-115.17582,36.09558
20073,28706,-115.1392,36.14452
20074,20074,-115.33276,36.15119
20075,28706,-115.29302,36.157192
20076,28706,-115.297485,36.11145
20077,28706,-115.22509,36.15942
20078,20078,-115.29743,36.089565
20079,28706,-115.271736,36.276844
20080,28706,-115.28703,36.166676
20081,28706,-115.33308,36.14901
20082,28706,-115.117966,36.013836
20083,20083,-115.19893,36.238926
20084,28706,-115.19242,36.12601
20085,20085,-115.298035,36.123745
20086,30769,-115.1753,36.09208
20087,28706,-115.173874,36.109753
20088,28706,-115.20247,36.144047
20089,28706,-80.842155,35.22921
20090,28706,-115.244194,36.045704
20091,30769,-115.10613,36.099968
20092,28706,-115.18159,36.107388
20093,28706,-115.17124,36.11788
20094,28706,-115.1401,36.169327
20095,28706,-115.22227,36.099506
20096,28706,-115.24239,36.0542
20097,28706,-115.138504,36.117256
20098,28706,-115.20964,36.12702
20099,28706,-115.148346,36.15669
20100,28706,-115.19831,36.12634
20101,20101,-115.14055,36.169167
20102,28706,-115.13952,36.169872
20103,28706,-115.14255,36.142525
20104,20104,-115.117386,36.019466
20105,20105,-115.17582,36.11773
20106,28706,-115.206345,35.994972
20107,20107,-115.09138,36.021954
20108,28706,-111.8741,33.31915
20109,28706,-80.8585,35.211533
20110,28706,-115.2064,36.089012
20111,30769,-115.26929,36.14277
20112,28706,-115.10512,36.144268
20113,30769,-115.135925,36.11814
20114,30557,-115.28703,36.166676
20115,28706,-115.11157,36.00645
20116,28706,-115.17234,36.110107
20117,28706,-115.2782,36.108463
20118,30769,-115.16876,36.12438
20119,28706,-115.15123,36.162724
20120,28706,-115.11493,36.114117
20121,30769,-111.9704,33.30582
20122,28706,-115.273125,36.06686
20123,20123,-115.08396,36.027554
20124,20124,-115.12652,36.15846
20125,30557,-115.17406,36.107925
20126,20126,-115.23284,36.145054
20127,30769,-115.14252,36.142284
20128,28706,-115.27863,36.112865
20129,28706,-115.14259,36.142487
20130,28706,-115.18953,36.1257
20131,28706,-115.06474,36.121418
20132,28706,-115.09935,36.100647
20133,28706,-115.24816,36.195286
20134,28706,-115.26148,36.113655
20135,28706,-115.04789,36.1453
20136,20136,-115.19893,36.238926
20137,28706,-115.16694,36.126575
20138,20138,-115.30406,36.193325
20139,28706,-115.13952,36.169872
20140,28706,-115.20638,36.006573
20141,28706,-115.12756,36.158455
20142,20142,-115.17581,36.08995
20143,28706,-115.12756,36.158455
20144,20144,-115.164635,36.15917
20145,28706,-115.227455,36.10028
20146,28706,-115.18186,36.10503
20147,20147,-115.082146,36.143776
20148,28706,-115.153564,36.157665
20149,28706,-115.15254,36.151268
20150,28706,-115.191826,36.144268
20151,28706,-115.100845,35.993855
20152,20152,-115.29797,36.12315
20153,20153,-115.177864,36.068176
20154,30769,-115.15389,36.11355
20155,30769,-115.1988,36.11421
20156,20156,-115.1726,36.118793
20157,30557,-115.20764,36.10508
20158,28706,-114.98542,36.033108
20159,20159,-115.11799,36.014458
20160,28706,-115.308624,36.11392
20161,30769,-115.241325,36.195393
20162,28706,-115.08426,36.134216
20163,28706,-115.30076,36.145542
20164,28706,-115.04601,36.061684
20165,28706,-115.14259,36.142487
20166,28706,-115.31462,36.12889
20167,28706,-115.15202,36.159885
20168,28706,-115.280426,36.056282
20169,28706,-115.14007,36.167534
20170,20170,-115.29747,36.059624
20171,28706,-115.19777,36.126934
20172,20172,-115.2911,36.08381
20173,20173,-115.178474,36.28633
20174,20174,-115.305016,36.191784
20175,28706,-115.225,36.069855
20176,20176,-115.26359,36.15867
20177,28706,-115.28078,36.11531
20178,28706,-115.13931,36.167286
20179,20179,-115.25014,36.24172
20180,28706,-115.17229,36.115147
20181,28706,-115.17667,36.12681
20182,28706,-115.31947,36.15959
20183,28706,-115.19242,36.12601
20184,28706,-115.239815,36.247677
20185,28706,-115.17785,36.276077
20186,28706,-115.11958,36.01292
20187,28706,-115.23011,36.143112
20188,20188,-115.17516,36.109875
20189,28706,-115.209656,36.127045
20190,28706,-115.26228,36.21913
20191,28706,-115.14259,36.142487
20192,28706,-115.333084,36.15087
20193,28706,-115.14259,36.142487
20194,28706,-115.13916,36.085407
20195,28706,-115.24224,36.180805
20196,20196,-115.167755,36.123978
20197,28706,-115.185196,36.12566
20198,28706,-115.30757,36.113693
20199,28706,-115.14056,36.16785
20200,28706,-115.04766,36.040375
20201,28706,-115.332,36.151814
20202,20202,-115.24221,36.073807
20203,28706,-115.17371,36.109867
20204,20204,-115.146866,36.14323
20205,28706,-115.09541,36.115875
20206,28706,-115.15323,36.042797
20207,28706,-115.12529,36.10026
20208,28706,-115.15074,36.169456
20209,30769,-115.17106,36.11242
20210,20210,-115.16904,36.124878
20211,28706,-115.13463,36.161926
20212,30008,-115.20959,36.12621
20213,20213,-115.14569,36.14431
20214,28706,-115.18291,35.972897
20215,30557,-115.176704,36.09028
20216,28706,-115.274574,36.130314
20217,28706,-115.17914,36.27604
20218,30769,-115.334816,36.155132
20219,28706,-115.28788,36.055676
20220,28706,-112.08219,33.466106
20221,28706,-115.15387,36.110085
20222,20222,-115.14096,36.143673
20223,28706,-115.14064,36.167877
20224,20224,-115.17484,36.069973
20225,28706,-115.16867,36.123558
20226,20226,-115.142006,36.17183
20227,30557,-115.174355,36.092293
20228,20228,-115.171524,36.119305
20229,28706,-115.17593,36.068153
20230,28706,-115.15258,36.150463
20231,28706,-112.03612,33.37785
20232,28706,-115.17041,36.110847
20233,30769,-115.132935,36.16576
20234,28706,-115.08253,36.02307
20235,28706,-115.14007,36.167534
20236,20236,-115.06245,36.112835
20237,28706,-115.22538,36.217148
20238,20238,-115.17128,36.11289
20239,20239,-115.20717,36.14959
20240,30769,-89.37374,43.047718
20241,30769,-111.98909,33.42159
20242,20242,-115.20998,36.126503
20243,30769,-115.17818,36.106815
20244,28706,-115.17306,36.091965
20245,28706,-115.201775,36.126526
20246,28706,-115.241516,36.064106
20247,28706,-115.16427,36.059887
20248,28706,-115.179085,36.11224
20249,30557,-115.29103,36.17573
20250,30769,-115.172455,36.106503
20251,30769,-115.17022,36.123844
20252,28706,-115.17818,36.106815
20253,30769,-115.13761,36.12612
20254,20254,-115.17155,36.05243
20255,28706,-115.27994,36.052994
20256,28706,-115.252686,36.207165
20257,28706,-115.16573,36.163803
20258,20258,-115.20667,36.114872
20259,30769,-115.279755,36.056583
20260,28706,-115.16578,36.128788
20261,28706,-115.18609,36.27883
20262,28706,-115.307304,36.113556
20263,28706,-115.173416,36.161705
20264,28706,-115.14624,36.171215
20265,28706,-115.11793,36.01752
20266,28706,-115.16963,36.117516
20267,28706,-115.19817,36.126373
20268,28706,-115.278175,36.041817
20269,28706,-115.20767,36.152702
20270,28706,-115.241455,36.062717
20271,28706,-111.79061,33.329014
20272,20272,-115.14255,36.142525
20273,30769,-115.201775,36.126526
20274,20274,-115.25242,36.195633
20275,20275,-115.26182,36.11304
20276,20276,-115.27114,36.11428
20277,20277,-115.18163,36.075855
20278,20278,-115.08011,36.167046
20279,28706,-115.328674,36.221024
20280,28706,-115.264595,36.218834
20281,28706,-115.142006,36.17183
20282,20282,-115.24407,36.047813
20283,28706,-115.1954,36.040794
20284,28706,-115.14289,36.143345
20285,28706,-115.24224,36.180805
20286,28706,-115.16266,36.17171
20287,28706,-115.24457,36.158695
20288,28706,-115.13916,36.085407
20289,30769,-115.17704,36.10762
20290,28706,-115.209656,36.126728
20291,28706,-115.163124,36.133614
20292,28706,-115.22593,36.12658
20293,28706,-115.14467,36.17062
20294,28706,-115.17124,36.11788
20295,28706,-115.157936,36.162094
20296,28706,-115.169655,36.12119
20297,28706,-115.28973,36.1641
20298,28706,-115.24431,36.10102
20299,28706,-115.13894,36.16672
20300,28706,-115.11927,36.02517
20301,28706,-115.21148,36.227207
20302,30557,-115.14408,36.16905
20303,28706,-115.172424,36.10882
20304,28706,-115.14614,36.167233
20305,20305,-115.26048,36.17591
20306,20306,-115.11952,36.0125
20307,28706,-115.30971,36.11463
20308,20308,-115.29857,36.07719
20309,28706,-115.280426,36.056282
20310,28706,-115.11047,36.0034
20311,20311,-115.08384,36.022102
20312,20312,-115.11687,36.072422
20313,20313,-115.08227,36.07001
20314,20314,-115.30727,36.08632
20315,20315,-115.152336,36.136433
20316,28706,-115.11167,36.100384
20317,20317,-115.07642,36.145386
20318,20318,-115.257744,36.180607
20319,20319,-115.292046,36.15843
20320,28706,-115.152336,36.11395
20321,20321,-115.11795,36.09959
20322,28706,-115.225006,36.126816
20323,28706,-115.30206,36.10069
20324,28706,-115.162964,36.189293
20325,20325,-115.1514,36.1208
20326,20326,-115.28703,36.166676
20327,28706,-115.162964,36.189293
20328,20328,-115.162964,36.189293
20329,28706,-115.04282,36.067123
20330,20330,-115.11779,36.013794
20331,20331,-115.22374,36.06325
20332,20332,-115.26318,36.271908
20333,28706,-115.15472,36.115124
20334,28706,-115.30521,36.193584
20335,20335,-115.289116,36.158028
20336,28706,-115.16064,36.170902
20337,28706,-115.334236,36.145416
20338,28706,-115.10544,35.999233
20339,28706,-115.13452,36.165707
20340,28706,-115.2092,36.246758
20341,28706,-115.15458,36.119186
20342,28706,-115.332794,36.156055
20343,28706,-115.17581,36.08995
20344,30769,-115.176315,36.109913
20345,28706,-115.13362,36.114254
20346,28706,-115.11351,36.12936
20347,20347,-115.31747,36.180336
20348,28706,-115.17393,36.122036
20349,28706,-115.1354,36.04166
20350,20350,-115.23168,36.152233
20351,20351,-115.15832,36.16293
20352,28706,-115.3352,36.15803
20353,28706,-115.1528,36.156246
20354,28706,-115.171265,36.01484
20355,28706,-115.16856,36.133137
20356,28706,-115.23096,36.1148
20357,20357,-115.20848,36.07308
20358,20358,-115.16069,36.194885
20359,20359,-115.2411,36.114986
20360,28706,-115.152054,36.04286
20361,28706,-115.24362,36.202663
20362,28706,-115.102516,35.99787
20363,28706,-115.24182,36.218525
20364,28706,-115.18286,36.0408
20365,28706,-115.13894,36.16672
20366,28706,-115.13417,36.071465
20367,28706,-115.14064,36.167877
20368,30557,-115.188286,36.145744
20369,28706,-115.17234,36.10353
20370,20370,-115.145004,36.173058
20371,28706,-115.25685,36.263187
20372,28706,-115.17358,36.1601
20373,28706,-115.25025,36.158573
20374,20374,-115.242096,36.041706
20375,28706,-115.27952,36.02197
20376,28706,-115.2096,36.053562
20377,20377,-115.06398,36.025986
20378,28706,-115.142006,36.17183
20379,30769,-115.17618,36.115856
20380,28706,-115.24385,36.04967
20381,28706,-115.14528,36.17145
20382,28706,-115.24322,36.18759
20383,28706,-115.177536,36.06837
20384,28706,-115.13882,36.16736
20385,28706,-115.11909,36.018726
20386,28706,-115.16269,36.144295
20387,30769,-115.24279,36.198753
20388,20388,-115.265915,36.263878
20389,28706,-115.15123,36.162724
20390,20390,-115.17251,36.110764
20391,28706,-115.24344,36.247814
20392,28706,-115.175026,36.090862
20393,20393,-115.17243,36.118168
20394,28706,-115.10925,36.000908
20395,28706,-115.24334,36.04716
20396,20396,-115.2794,36.123833
20397,28706,-115.244156,35.998432
20398,20398,-115.20741,36.123623
20399,28706,-115.174706,36.01131
20400,28706,-115.20836,36.099403
20401,28706,-115.11616,36.006657
20402,28706,-115.24367,36.084496
20403,28706,-115.11813,36.00921
20404,20404,-115.111275,36.006683
20405,20405,-115.02468,36.070908
20406,20406,-115.13813,36.011578
20407,28706,-115.14124,36.172813
20408,20408,-115.11855,36.010452
20409,20409,-115.08266,36.021996
20410,28706,-115.172714,36.118225
20411,20411,-115.24185,36.2022
20412,28706,-115.22322,36.20224
20413,28706,-115.23272,36.159634
20414,28706,-115.264595,36.218834
20415,20415,-115.22322,36.20224
20416,28706,-115.25151,36.23309
20417,28706,-111.92349,33.49741
20418,20418,-115.11793,36.01752
20419,30769,-115.15716,36.114746
20420,20420,-115.22326,36.175903
20421,28706,-115.24414,36.172318
20422,28706,-115.26599,36.26386
20423,20423,-115.33279,36.148457
20424,28706,-115.1804,36.293068
20425,28706,-115.27939,36.219063
20426,28706,-115.24122,36.217167
20427,20427,-115.31207,36.15775
20428,28706,-115.176315,36.109913
20429,20429,-115.24414,36.172318
20430,28706,-115.23839,36.19757
20431,28706,-115.2068,35.99513
20432,28706,-115.334236,36.145416
20433,28706,-114.93191,36.10195
20434,28706,-115.12116,36.071136
20435,20435,-115.15391,36.255234
20436,28706,-115.25156,36.14358
20437,28706,-115.302345,36.207073
20438,28706,-115.240555,36.197216
20439,30769,-115.18939,36.11789
20440,20440,-115.07661,36.070503
20441,28706,-115.12363,36.06645
20442,28706,-115.31731,36.160122
20443,28706,-115.172455,36.111073
20444,20444,-115.22412,36.127884
20445,28706,-115.13962,36.170086
20446,20446,-115.25827,36.21899
20447,28706,-115.23852,36.196472
20448,20448,-115.302826,36.14494
20449,28706,-115.27553,36.129856
20450,28706,-115.15553,36.151997
20451,28706,-115.20758,36.18557
20452,20452,-115.30459,36.11395
20453,28706,-115.12294,35.9991
20454,28706,-115.1394,36.181416
20455,30557,-115.20247,36.144047
20456,28706,-115.30234,36.206795
20457,20457,-115.11493,36.114117
20458,28706,-115.24508,36.159706
20459,28706,-115.18908,36.07802
20460,28706,-115.21869,36.15956
20461,28706,-115.17647,36.14513
20462,28706,-115.209656,36.127045
20463,28706,-115.08227,36.07001
20464,28706,-115.31462,36.12889
20465,30769,-115.27841,36.112347
20466,20466,-115.24362,36.202663
20467,28706,-115.2427,36.2017
20468,20468,-115.11514,36.10021
20469,28706,-115.14156,36.27635
20470,20470,-115.2446,36.215084
20471,28706,-115.286644,36.277836
20472,28706,-115.25988,36.203743
20473,28706,-115.10866,36.001587
20474,30769,-79.98202,40.45236
20475,30769,-112.04086,33.431583
20476,28706,-115.16269,36.144295
20477,28706,-115.15152,36.10749
20478,28706,-115.25175,36.21913
20479,30769,-115.25091,36.19628
20480,28706,-115.2345,36.24181
20481,20481,-115.24349,36.124844
20482,28706,-115.07237,36.071304
20483,28706,-115.29178,36.143696
20484,28706,-115.28921,36.164627
20485,20485,-115.28929,36.16367
20486,30769,-115.243004,36.098354
20487,28706,-115.30272,36.144875
20488,28706,-115.22551,36.17232
20489,20489,-115.29141,36.160778
20490,20490,-115.29857,36.07719
20491,28706,-115.20942,36.12682
20492,20492,-115.24279,36.198753
20493,28706,-115.218315,36.125317
20494,28706,-115.244194,36.218292
20495,28706,-115.2682,36.207485
20496,20496,-115.1401,36.168667
20497,28706,-115.15112,36.086338
20498,28706,-115.119385,36.026558
20499,28706,-115.13615,36.013145
20500,20500,-115.15427,36.1187
20501,28706,-115.12652,36.15846
20502,28706,-115.243416,36.191948
20503,28706,-115.13894,36.16672
20504,30769,-115.31947,36.15959
20505,28706,-115.13955,36.16874
20506,28706,-115.20575,36.279873
20507,20507,-115.11869,36.01635
20508,28706,-115.132935,36.16576
20509,20509,-115.241516,36.064106
20510,28706,-115.22119,36.144196
20511,28706,-115.257744,36.26483
20512,28706,-115.0863,36.02131
20513,20513,-115.29966,36.14726
20514,20514,-115.11805,36.01824
20515,30557,-115.24133,36.055412
20516,20516,-115.21232,36.12605
20517,20517,-115.10561,36.00054
20518,20518,-115.25175,36.21913
20519,28706,-115.17447,36.068455
20520,20520,-115.17143,36.135014
20521,20521,-115.241325,36.195393
20522,28706,-115.16671,36.126022
20523,20523,-115.24961,36.239956
20524,28706,-115.24818,36.195312
20525,28706,-115.178215,36.068935
20526,20526,-115.31887,36.160553
20527,28706,-115.28257,36.198036
20528,28706,-115.191826,36.144268
20529,28706,-115.20964,36.12702
20530,20530,-115.28114,36.300446
20531,20531,-115.21148,36.227207
20532,20532,-115.17127,36.11288
20533,20533,-115.176704,36.09028
20534,20534,-115.28921,36.164627
20535,20535,-115.25827,36.21899
20536,28706,-115.31458,36.128937
20537,30769,-115.25156,36.14358
20538,20538,-115.17582,36.011875
20539,20539,-115.24487,36.17133
20540,28706,-115.305016,36.191784
20541,28706,-115.17134,35.96494
20542,20542,-115.302345,36.207073
20543,20543,-115.17178,36.120705
20544,20544,-115.16879,36.122967
20545,20545,-115.33337,36.152176
20546,28706,-115.17054,36.10259
20547,28706,-115.19822,36.12595
20548,30769,-115.20758,36.18557
20549,20549,-115.26066,36.188366
20550,28706,-73.5552,45.49941
20551,20551,-115.11909,36.02112
20552,20552,-115.31169,36.14568
20553,28706,-115.13945,36.1674
20554,28706,-115.23581,36.24242
20555,20555,-115.27944,36.123875
20556,28706,-115.096466,36.006683
20557,28706,-115.16923,36.102325
20558,28706,-115.17577,36.10771
20559,20559,-115.208176,36.115437
20560,28706,-115.20758,36.18557
20561,30557,-112.13882,33.864964
20562,20562,-115.27432,36.144367
20563,28706,-115.24271,36.219223
20564,28706,-115.174644,36.109913
20565,30557,-115.1725,36.110065
20566,20566,-115.15585,36.259933
20567,28706,-115.15259,36.108295
20568,28706,-115.29833,36.211716
20569,30769,-115.14157,36.1716
20570,30557,-115.16901,35.965446
20571,30769,-115.11619,36.240265
20572,30769,-115.06262,36.02959
20573,28706,-115.12816,36.100746
20574,28706,-115.100845,35.993855
20575,28706,-115.28994,36.16387
20576,28706,-115.33271,36.15179
20577,28706,-115.28921,36.164627
20578,20578,-115.35078,36.16032
20579,20579,-115.02823,36.044483
20580,28706,-115.29961,36.145576
20581,28706,-115.334236,36.145416
20582,20582,-115.24166,36.194546
20583,30769,-115.25827,36.21899
20584,28706,-115.16879,36.122967
20585,30769,-115.29782,36.097614
20586,28706,-115.172455,36.111073
20587,28706,-115.297485,36.11145
20588,20588,-115.28366,36.201637
20589,28706,-115.15472,36.115124
20590,30769,-115.13952,36.169872
20591,28706,-115.11878,36.14522
20592,28706,-115.24309,36.21847
20593,28706,-111.74018,33.378
20594,28706,-115.21047,36.158558
20595,28706,-115.20388,36.087532
20596,28706,-115.334236,36.145416
20597,20597,-115.20743,36.163544
20598,28706,-115.262474,36.219177
20599,20599,-115.244194,36.045704
20600,28706,-115.28165,36.200096
20601,28706,-115.17815,36.06713
20602,28706,-115.24243,36.198135
20603,20603,-115.243904,36.090073
20604,28706,-115.24243,36.198135
20605,20605,-115.24243,36.198135
20606,30769,-115.224655,36.12339
20607,28706,-115.243256,36.203842
20608,20608,-115.225945,36.239635
20609,20609,-115.207146,36.07245
20610,28706,-115.19528,36.11444
20611,20611,-115.24227,36.144756
20612,28706,-115.249435,36.301983
20613,28706,-115.24259,36.216095
20614,20614,-115.24259,36.216095
20615,28706,-115.157875,36.142757
20616,20616,-115.17636,36.117344
20617,28706,-115.25931,36.191574
20618,20618,-115.24969,36.211124
20619,28706,-115.19697,36.239685
20620,28706,-115.262115,36.196945
20621,28706,-115.33276,36.15119
20622,20622,-115.22538,36.217148
20623,20623,-115.207146,36.07245
20624,28706,-115.26228,36.21913
20625,20625,-115.29112,36.16154
20626,20626,-115.264595,36.218834
20627,20627,-115.15126,36.1089
20628,28706,-115.240974,36.12461
20629,28706,-115.14085,36.170055
20630,20630,-115.2317,36.23775
20631,28706,-115.09903,36.072247
20632,28706,-115.04548,36.060318
20633,28706,-115.048775,36.245132
20634,20634,-115.334236,36.145416
20635,28706,-115.076256,36.14975
20636,28706,-115.11943,36.0855
20637,20637,-115.206345,35.994972
20638,28706,-115.11757,36.073105
20639,28706,-115.06332,36.164787
20640,28706,-115.155556,36.14742
20641,20641,-115.09092,36.11396
20642,28706,-115.184906,36.11118
20643,28706,-115.132225,36.101387
20644,28706,-115.13931,36.167286
20645,28706,-115.28613,36.15764
20646,28706,-115.22374,36.06325
20647,28706,-115.17841,36.06958
20648,28706,-115.05918,36.107094
20649,28706,-115.14252,36.142284
20650,28706,-115.145004,36.173058
20651,20651,-115.112,36.10026
20652,28706,-115.20388,36.087532
20653,30769,-115.26148,36.113655
20654,28706,-115.25111,36.21987
20655,30769,-115.297585,36.09778
20656,28706,-115.252846,36.19609
20657,20657,-115.27903,36.117447
20658,28706,-115.244026,36.045532
20659,20659,-115.2682,36.207485
20660,28706,-115.16591,36.127686
20661,20661,-115.24297,36.078796
20662,20662,-115.22587,36.055244
20663,20663,-115.18163,36.075855
20664,20664,-115.24378,36.087482
20665,28706,-115.04282,36.067123
20666,28706,-115.334236,36.145416
20667,28706,-115.17644,36.116367
20668,30557,-115.17229,36.115147
20669,28706,-115.207535,36.114986
20670,20670,-115.17652,36.11303
20671,28706,-115.18191,36.09612
20672,28706,-115.30081,36.14653
20673,30769,-115.28331,36.05509
20674,20674,-115.209366,36.11818
20675,20675,-115.17019,36.123405
20676,28706,-115.17275,36.106205
20677,28706,-115.17437,36.10206
20678,28706,-115.17251,36.11073
20679,28706,-111.908165,33.457745
20680,28706,-115.280426,36.056282
20681,20681,-115.11141,36.239677
20682,30769,-115.17193,36.127487
20683,30769,-115.17784,36.092987
20684,30769,-115.16796,36.127712
20685,28706,-111.94678,33.40739
20686,28706,-115.16009,36.113396
20687,20687,-115.17278,36.0908
20688,28706,-115.18219,36.10132
20689,20689,-115.15401,36.1169
20690,28706,-115.17283,36.132774
20691,28706,-115.244,36.05142
20692,28706,-115.17345,36.10306
20693,30769,-115.205574,36.150757
20694,28706,-115.30732,36.086037
20695,28706,-115.29864,36.076557
20696,20696,-115.142006,36.17183
20697,20697,-115.28518,36.158504
20698,30769,-115.29857,36.07719
20699,20699,-115.17226,36.0696
20700,28706,-115.13988,36.1688
20701,28706,-115.206345,35.994972
20702,28706,-115.17652,36.11301
20703,20703,-115.173775,36.090916
20704,25376,-115.2164,36.02983
20705,20705,-115.17223,36.110733
20706,28706,-114.9838,36.042046
20707,28706,-115.23752,36.14488
20708,28706,-115.24359,36.04637
20709,28706,-115.30664,36.188248
20710,28706,-115.28703,36.166676
20711,28706,-115.046684,36.064075
20712,28706,-115.27956,36.053383
20713,28706,-115.24365,36.05732
20714,28706,-115.267235,36.020664
20715,28706,-115.05262,36.100742
20716,20716,-115.273575,36.275772
20717,20717,-115.08336,36.022465
20718,28706,-115.18508,36.083508
20719,28706,-115.17625,36.092876
20720,28706,-115.17382,36.107162
20721,30769,-115.24316,36.077072
20722,28706,-115.2966,36.0958
20723,28706,-115.14553,36.16981
20724,28706,-115.183846,36.0417
20725,20725,-115.22548,36.10077
20726,20726,-115.24219,36.091194
20727,30769,-115.24219,36.091194
20728,28706,-115.24378,36.087482
20729,28706,-115.134346,36.10037
20730,20730,-115.163124,36.133614
20731,28706,-115.27998,36.298416
20732,20732,-115.18174,36.291164
20733,28706,-115.17493,36.10478
20734,20734,-115.11351,36.12936
20735,28706,-115.33356,36.160988
20736,20736,-115.28518,36.158504
20737,28706,-115.14636,36.171658
20738,28706,-115.17466,36.02949
20739,20739,-115.04282,36.067123
20740,28706,-115.33354,36.148144
20741,28706,-115.281075,36.15764
20742,28706,-115.246254,36.064285
20743,28706,-115.26318,36.271908
20744,28706,-115.17601,36.104332
20745,30769,-115.18085,36.292507
20746,28706,-115.14479,36.170017
20747,28706,-115.16963,36.117516
20748,28706,-115.280945,36.057842
20749,28706,-115.153496,36.109165
20750,28706,-115.24378,36.087482
20751,28706,-115.11719,36.028934
20752,20752,-115.24316,36.06159
20753,20753,-115.1726,36.118793
20754,30769,-115.17179,36.12469
20755,20755,-115.17089,36.11006
20756,20756,-73.56351,45.515137
20757,20757,-115.17332,36.11567
20758,28706,-115.17406,36.107925
20759,20759,-115.17618,36.115856
20760,20760,-115.176094,36.10822
20761,20761,-115.1741,36.12134
20762,28706,-115.175095,36.095818
20763,28706,-115.16904,36.124878
20764,20764,-115.30866,36.11444
20765,28706,-115.13014,36.07145
20766,30769,-115.27777,36.130028
20767,28706,-115.11994,36.130054
20768,28706,-115.292,36.156925
20769,28706,-115.17038,36.119
20770,28706,-115.17105,36.12595
20771,28706,-115.16875,36.11044
20772,20772,-115.242935,36.044125
20773,28706,-115.20641,36.17994
20774,20774,-115.29649,36.113503
20775,28706,-115.29649,36.113503
20776,30769,-115.13553,36.166763
20777,20777,-115.137085,36.106686
20778,28706,-115.24293,36.071194
20779,20779,-115.30114,36.09934
20780,28706,-115.10561,36.00054
20781,28706,-115.17618,36.115856
20782,28706,-115.28703,36.166676
20783,28706,-115.33321,36.152905
20784,28706,-115.24325,36.076553
20785,20785,-115.29076,36.15755
20786,28706,-115.28009,36.298874
20787,28706,-115.08955,36.02054
20788,28706,-115.332825,36.14505
20789,28706,-115.155365,36.14737
20790,20790,-115.292,36.156925
20791,20791,-115.29857,36.07719
20792,28706,-115.17503,36.118713
20793,20793,-115.15254,36.151268
20794,28706,-115.06245,36.112835
20795,28706,-115.192894,36.086323
20796,28706,-115.298485,36.078434
20797,20797,-115.307304,36.113556
20798,28706,-115.10866,36.001587
20799,28706,-115.15315,36.013393
20800,20800,-115.17076,36.123367
20801,28706,-115.19478,36.126404
20802,20802,-115.17636,36.117344
20803,28706,-115.220566,36.228363
20804,28706,-115.13987,36.168903
20805,28706,-115.11716,36.014626
20806,20806,-115.230415,36.257675
20807,20807,-115.11997,36.01099
20808,28706,-114.90861,35.969086
20809,28706,-111.970184,33.340645
20810,20810,-115.27217,36.057384
20811,28706,-115.13767,36.124825
20812,28706,-115.24237,36.152786
20813,28706,-115.185265,36.125122
20814,20814,-115.061554,36.112236
20815,28706,-114.9856,36.03308
20816,20816,-115.252426,36.062756
20817,28706,-115.17266,36.068363
20818,28706,-115.119385,36.026558
20819,28706,-115.11196,36.075684
20820,28706,-115.17753,36.10671
20821,20821,-115.12009,36.03372
20822,20822,-115.151955,36.114975
20823,20823,-115.244095,36.049805
20824,28706,-115.08227,36.07001
20825,20825,-115.1183,36.274784
20826,20826,-115.04282,36.067123
20827,20827,-115.17177,36.11931
20828,28706,-115.19124,36.119446
20829,28706,-115.168526,35.96478
20830,28706,-115.2785,36.05658
20831,30557,-115.16965,36.121864
20832,20832,-115.17712,36.13198
20833,30769,-111.842606,33.304005
20834,20834,-115.102516,36.07862
20835,20835,-115.101585,36.078705
20836,20836,-115.075806,36.1242
20837,20837,-114.96007,36.01326
20838,30769,-115.10359,36.116684
20839,20839,-115.187065,36.03707
20840,28706,-111.92555,33.492203
20841,20841,-115.16068,36.175575
20842,28706,-115.29805,36.070038
20843,20843,-115.22447,36.047886
20844,20844,-115.17647,36.14513
20845,30769,-112.28586,33.49289
20846,20846,-115.13575,36.028713
20847,30557,-115.17167,36.11025
20848,20848,-115.11814,36.017586
20849,28706,-115.174355,36.109806
20850,28706,-115.07974,36.072388
20851,20851,-115.08384,36.022102
20852,28706,-115.12043,36.010056
20853,28706,-115.17113,36.12856
20854,20854,-115.10842,36.078125
20855,20855,-112.20237,33.63953
20856,20856,-115.08815,36.07073
20857,28706,-115.10842,36.078125
20858,20858,-115.03126,36.08413
20859,28706,-114.97707,36.04322
20860,20860,-114.98471,36.032623
20861,28706,-115.26008,36.14331
20862,20862,-115.14556,36.172424
20863,28706,-115.16218,36.135162
20864,30769,-115.207405,36.129993
20865,20865,-111.909615,33.348724
20866,20866,-115.14528,36.17145
20867,30769,-115.173874,36.109753
20868,28706,-115.061554,36.112236
20869,29068,-115.17279,36.11766
20870,28706,-115.13792,36.168026
20871,28706,-115.25875,36.19565
20872,28706,-115.2032,36.092003
20873,28706,-115.33338,36.145733
20874,20874,-115.16587,36.126877
20875,28706,-115.16631,36.12757
20876,20876,-115.168846,36.122505
20877,20877,-115.061554,36.112236
20878,20878,-115.24547,36.165813
20879,30769,-112.07551,33.449596
20880,20880,-115.227455,36.10028
20881,28706,-115.061554,36.112236
20882,20882,-115.1726,36.118793
20883,28706,-115.05253,36.049995
20884,28706,-115.138504,36.117256
20885,28706,-115.09037,36.02096
20886,28706,-115.28553,36.166573
20887,28706,-115.17096,36.09936
20888,28706,-115.046844,36.1084
20889,28706,-115.135445,36.119934
20890,28706,-115.17548,36.098915
20891,20891,-115.201775,36.126526
20892,28706,-115.12638,36.22162
20893,28706,-115.17224,36.041023
20894,28706,-115.15226,36.10708
20895,20895,-115.14637,36.124424
20896,20896,-115.17306,36.091965
20897,28706,-111.99899,33.436527
20898,30769,-115.273964,36.1448
20899,28706,-115.23995,36.14467
20900,28706,-115.22062,36.144825
20901,28706,-115.141846,36.17241
20902,28706,-115.31455,36.12843
20903,28706,-115.18174,36.291164
20904,20904,-115.167755,36.123943
20905,20905,-115.243126,36.089718
20906,20906,-115.28994,36.16387
20907,28706,-115.170975,36.114277
20908,28706,-115.28559,36.16719
20909,28706,-115.314476,36.12843
20910,20910,-115.17273,36.1108
20911,28706,-115.15202,36.159885
20912,20912,-115.293,36.160576
20913,28706,-115.25775,36.19565
20914,30769,-115.28685,36.289684
20915,28706,-115.2531,36.274574
20916,28706,-115.15123,36.162724
20917,28706,-115.09442,36.005512
20918,28706,-115.297585,36.09778
20919,28706,-115.334816,36.155132
20920,28706,-115.28257,36.198036
20921,20921,-115.24341,36.130524
20922,28706,-115.207794,36.276955
20923,20923,-115.28203,36.302856
20924,20924,-115.29946,36.145557
20925,20925,-115.33271,36.15179
20926,28706,-115.19577,36.10505
20927,20927,-115.33387,36.152832
20928,28706,-115.27994,36.122913
20929,20929,-115.15354,36.11416
20930,28706,-115.22587,36.055244
20931,28706,-115.17328,36.111885
20932,28706,-115.33276,36.15119
20933,20933,-115.27461,36.129803
20934,30769,-115.31481,36.121902
20935,28706,-115.297485,36.11145
20936,28706,-115.30076,36.145542
20937,20937,-115.1401,36.169327
20938,30769,-115.17012,36.122276
20939,28706,-115.28655,36.28842
20940,30557,-115.29679,36.10063
20941,30769,-115.17698,36.111977
20942,28706,-115.27461,36.129803
20943,28706,-115.132225,36.101387
20944,28706,-115.22487,36.06982
20945,28706,-115.12652,36.15846
20946,20946,-115.29809,36.14342
20947,30769,-115.154015,36.12784
20948,28706,-115.13656,36.104473
20949,20949,-115.172554,36.115673
20950,20950,-115.19519,36.20157
20951,20951,-115.16427,36.059887
20952,28706,-115.23581,36.24242
20953,28706,-115.24246,36.09864
20954,20954,-115.27939,36.30072
20955,28706,-115.155754,36.14755
20956,28706,-115.14224,36.170544
20957,28706,-115.33267,36.151546
20958,28706,-115.16904,36.124878
20959,28706,-115.1765,36.10758
20960,20960,-115.29749,36.084473
20961,28706,-115.16792,36.11547
20962,28706,-115.17457,36.127308
20963,20963,-115.196434,36.04008
20964,20964,-115.25231,36.063236
20965,28706,-115.30617,36.113316
20966,28706,-115.25615,36.19697
20967,28706,-115.24333,36.252598
20968,28706,-115.334816,36.155132
20969,20969,-115.298325,36.112583
20970,28706,-115.145584,36.172745
20971,28706,-115.35053,36.16064
20972,28706,-115.181656,36.074207
20973,20973,-115.28794,36.287823
20974,28706,-115.20638,36.006573
20975,20975,-115.117775,36.009586
20976,20976,-115.29656,36.0931
20977,20977,-115.271736,36.276844
20978,28706,-115.29103,36.17573
20979,28706,-115.25931,36.191574
20980,30769,-115.09903,36.072247
20981,30769,-115.115486,36.268105
20982,20982,-115.14214,36.17187
20983,28706,-115.29639,36.114094
20984,20984,-115.260666,36.014347
20985,28706,-115.27998,36.298416
20986,20986,-115.333496,36.15076
20987,28706,-115.287285,36.28381
20988,28706,-115.33276,36.15119
20989,28706,-115.134926,36.01411
20990,20990,-115.302345,36.207073
20991,20991,-115.25931,36.191574
20992,30769,-115.17299,36.128223
20993,20993,-115.332825,36.14505
20994,20994,-115.180664,36.291985
20995,30769,-115.24257,36.199387
20996,20996,-115.11351,36.12936
20997,20997,-114.92394,35.992123
20998,28706,-115.243126,36.089718
20999,28706,-115.15226,36.10708
21000,21000,-115.236664,36.144512
21001,28706,-115.297806,36.101395
21002,21002,-115.17105,36.12595
21003,21003,-115.287285,36.28381
21004,21004,-115.13595,36.159363
21005,21005,-115.25988,36.203743
21006,30769,-115.26148,36.113655
21007,21007,-115.31363,36.157314
21008,28706,-115.33356,36.160988
21009,21009,-115.24271,36.219223
21010,28706,-115.29426,36.14384
21011,30769,-115.259735,36.19451
21012,21012,-111.95149,33.42273
21013,21013,-115.29998,36.147152
21014,28706,-115.24814,36.195267
21015,28706,-115.289116,36.158028
21016,28706,-115.332,36.151814
21017,21017,-115.30882,36.183144
21018,21018,-115.25199,36.05545
21019,21019,-115.25474,36.17893
21020,21020,-115.24628,36.27423
21021,28706,-115.148315,36.11412
21022,21022,-115.32508,36.124886
21023,21023,-115.26048,36.17591
21024,28706,-115.257416,36.142918
21025,28706,-115.3158,36.29146
21026,21026,-115.33276,36.15119
21027,28706,-115.29998,36.147152
21028,21028,-115.284424,36.13854
21029,21029,-115.20145,36.114807
21030,28706,-115.296715,36.09575
21031,28706,-115.31462,36.12889
21032,28706,-115.25931,36.191574
21033,28706,-115.17647,36.14513
21034,28706,-115.29302,36.157192
21035,28706,-115.19051,36.125626
21036,21036,-115.25988,36.203743
21037,21037,-115.25884,36.190624
21038,28706,-115.33338,36.145733
21039,28706,-115.27943,36.142227
21040,30769,-115.17704,36.06895
21041,28706,-115.33241,36.15822
21042,28706,-115.17684,36.1206
21043,21043,-115.281876,36.200466
21044,21044,-115.19263,36.03985
21045,21045,-115.10691,35.999065
21046,30769,-115.191826,36.144268
21047,28706,-115.30882,36.183144
21048,28706,-115.291824,36.158566
21049,28706,-115.32508,36.124886
21050,28706,-115.17453,36.104614
21051,28706,-115.24628,36.27423
21052,28706,-115.110466,36.071354
21053,28706,-114.92888,36.102833
21054,21054,-115.302345,36.207073
21055,28706,-115.096375,36.23609
21056,30769,-115.06474,36.121418
21057,28706,-115.262474,36.219177
21058,28706,-115.2757,36.14452
21059,30769,-115.15152,36.10749
21060,28706,-115.17028,36.12229
21061,28706,-80.005325,40.447388
21062,21062,-115.14096,36.16953
21063,30557,-115.30971,36.11463
21064,28706,-115.2435,36.072044
21065,28706,-115.286934,36.168594
21066,21066,-115.16788,36.099346
21067,28706,-115.33439,36.156796
21068,28706,-115.26147,36.269814
21069,21069,-115.24185,36.043034
21070,28706,-115.24362,36.202663
21071,28706,-115.27639,36.129875
21072,28706,-115.243324,36.08245
21073,28706,-115.173416,36.161705
21074,21074,-115.26494,36.14309
21075,28706,-115.25736,36.19518
21076,28706,-115.287155,36.278053
21077,21077,-115.23672,36.158604
21078,28706,-115.32032,36.159416
21079,21079,-115.1726,36.118793
21080,28706,-115.11942,36.028084
21081,21081,-115.24473,36.064617
21082,28706,-115.209366,36.11818
21083,28706,-115.152054,36.042896
21084,28706,-115.2643,36.142757
21085,28706,-115.27846,36.134956
21086,28706,-115.31455,36.12843
21087,21087,-115.33334,36.16098
21088,21088,-115.04883,36.02805
21089,21089,-115.2682,36.207485
21090,21090,-115.33387,36.152832
21091,21091,-115.168144,36.110283
21092,28706,-115.30664,36.188248
21093,21093,-115.21148,36.227207
21094,28706,-115.17462,36.067844
21095,21095,-115.334236,36.145416
21096,21096,-114.96395,36.01146
21097,28706,-115.288,36.159424
21098,28706,-115.152756,36.04253
21099,28706,-115.30402,36.100548
21100,28706,-115.21327,36.12656
21101,28706,-115.24816,36.195286
21102,28706,-115.178,36.068428
21103,28706,-115.22625,36.086525
21104,21104,-115.26228,36.21913
21105,21105,-79.94959,40.44351
21106,28706,-115.281075,36.05369
21107,21107,-115.25033,36.21986
21108,28706,-115.16965,36.121864
21109,30769,-115.3158,36.29146
21110,28706,-115.150055,36.239807
21111,28706,-115.25988,36.203743
21112,21112,-115.230415,36.257675
21113,28706,-115.28963,36.16418
21114,28706,-115.24816,36.195286
21115,28706,-115.271904,36.2331
21116,28706,-115.12652,36.15846
21117,28706,-115.13809,36.010376
21118,21118,-115.15458,36.119186
21119,30769,-115.29987,36.147263
21120,28706,-115.15123,36.162724
21121,21121,-115.20929,36.117195
21122,28706,-115.19822,36.12595
21123,21123,-115.224655,36.12339
21124,28706,-115.2531,36.274574
21125,28706,-115.147995,36.239197
21126,21126,-115.30406,36.193325
21127,21127,-115.142944,36.27507
21128,21128,-115.25659,36.1972
21129,28706,-115.25066,36.19562
21130,30769,-115.12652,36.15846
21131,28706,-115.31169,36.14568
21132,21132,-115.16901,35.965446
21133,30769,-112.29537,33.511894
21134,30769,-115.15126,36.1089
21135,28706,-115.17223,36.067635
21136,28706,-115.10457,36.130226
21137,30769,-115.19263,36.03985
21138,28706,-115.1721,36.160328
21139,21139,-115.20964,36.12702
21140,28706,-115.17111,35.96575
21141,21141,-115.095665,35.955563
21142,30769,-115.20641,36.17994
21143,28706,-115.17561,36.09244
21144,28706,-115.13894,36.16672
21145,30769,-115.33513,36.15711
21146,28706,-115.2782,36.04246
21147,28706,-115.30664,36.188248
21148,21148,-115.22587,36.055244
21149,28706,-115.15387,36.110085
21150,28706,-115.35168,36.159485
21151,28706,-80.83798,35.227764
21152,21152,-115.29656,36.0931
21153,28706,-115.150055,36.239807
21154,28706,-115.26048,36.17591
21155,21155,-115.27841,36.112347
21156,28706,-115.179085,36.11224
21157,21157,-115.1068,36.071945
21158,21158,-115.15126,36.1089
21159,28706,-115.30459,36.11395
21160,21160,-115.17698,36.107407
21161,28706,-115.33241,36.15822
21162,21162,-115.20635,35.995155
21163,28706,-115.13962,36.170086
21164,28706,-115.33321,36.152905
21165,28706,-115.28921,36.164627
21166,28706,-115.33308,36.14901
21167,21167,-115.13894,36.16672
21168,21168,-115.14007,36.167534
21169,28706,-115.26318,36.271908
21170,28706,-115.14064,36.167877
21171,28706,-115.17086,36.10993
21172,28706,-115.29855,36.078938
21173,28706,-115.23734,36.143967
21174,21174,-115.2682,36.207485
21175,21175,-115.20942,36.12682
21176,28706,-115.17143,36.135014
21177,21177,-115.25988,36.203743
21178,28706,-115.17375,36.103863
21179,25376,-115.31403,36.115417
21180,21180,-115.28009,36.298874
21181,21181,-115.24127,36.084476
21182,28706,-115.289375,36.163605
21183,28706,-115.13792,36.168026
21184,21184,-115.30234,36.100346
21185,30769,-115.273125,36.06686
21186,28706,-115.2682,36.207485
21187,21187,-115.2682,36.207485
21188,28706,-115.28703,36.166676
21189,21189,-115.25875,36.19565
21190,28706,-115.27838,36.058094
21191,21191,-115.24999,36.240395
21192,28706,-115.27989,36.12319
21193,28706,-115.14224,36.240005
21194,28706,-115.21496,36.158863
21195,28706,-115.2092,36.246758
21196,28706,-115.2116,36.12568
21197,28706,-115.18035,36.261158
21198,21198,-115.17457,36.11622
21199,21199,-115.26451,36.27111
21200,21200,-115.225945,36.239635
21201,28706,-115.13894,36.16672
21202,28706,-115.138435,36.167526
21203,28706,-115.27691,36.219048
21204,21204,-115.24271,36.219223
21205,28706,-115.135925,36.11814
21206,28706,-115.19822,36.12595
21207,28706,-115.234955,36.243893
21208,28706,-115.29776,36.097992
21209,21209,-115.21165,36.23838
21210,28706,-115.22056,36.04819
21211,21211,-115.23011,36.143112
21212,21212,-115.3115,36.158897
21213,21213,-115.21165,36.23838
21214,28706,-115.25988,36.203743
21215,28706,-115.28642,36.220387
21216,28706,-115.13639,36.175
21217,21217,-115.28009,36.298874
21218,28706,-115.207794,36.276955
21219,28706,-115.17712,36.13198
21220,28706,-115.15265,36.012516
21221,28706,-115.225,36.069855
21222,28706,-115.17337,36.104424
21223,28706,-115.24271,36.219223
21224,28706,-115.101585,35.99378
21225,28706,-115.15265,36.012516
21226,28706,-115.11935,36.011665
21227,28706,-115.17593,36.068153
21228,21228,-115.15458,36.119186
21229,28706,-115.11952,36.0125
21230,28706,-115.17582,36.11773
21231,21231,-115.04146,36.05681
21232,21232,-115.28703,36.166676
21233,28706,-115.209656,36.127045
21234,21234,-115.174644,36.109913
21235,21235,-115.257774,36.197437
21236,21236,-115.117096,36.016495
21237,28706,-115.18366,36.04195
21238,21238,-115.20955,36.12644
21239,28706,-114.90861,35.969086
21240,30769,-115.11491,36.02818
21241,21241,-115.17684,36.1206
21242,21242,-115.24293,36.071194
21243,30769,-115.27986,36.05459
21244,28706,-115.28559,36.16719
21245,28706,-115.19822,36.12595
21246,21246,-115.27854,36.04236
21247,28706,-115.14289,36.143345
21248,21248,-115.17618,36.115856
21249,28706,-115.20207,36.090256
21250,21250,-115.16792,36.11547
21251,30769,-115.16915,36.054928
21252,30769,-115.03417,36.06388
21253,30769,-115.1765,36.10758
21254,21254,-115.26148,36.113655
21255,21255,-115.17382,36.107162
21256,28706,-115.11873,36.02791
21257,21257,-115.11157,36.00645
21258,28706,-115.298325,36.112583
21259,21259,-115.19046,36.12615
21260,28706,-115.21148,36.227207
21261,21261,-115.25033,36.21986
21262,28706,-115.20955,36.12644
21263,28706,-115.21148,36.227207
21264,21264,-112.30007,33.594315
21265,28706,-115.21148,36.227207
21266,30769,-115.172455,36.106503
21267,21267,-115.244095,36.0458
21268,21268,-115.243546,36.04771
21269,21269,-115.17818,36.106815
21270,28706,-115.21148,36.227207
21271,28706,-115.21148,36.227207
21272,28706,-115.298256,36.09195
21273,28706,-115.298325,36.112583
21274,28706,-115.128525,36.100018
21275,28706,-115.30727,36.08632
21276,21276,-115.23581,36.24242
21277,28706,-115.15342,36.16589
21278,28706,-115.13988,36.1688
21279,28706,-115.17435,36.106205
21280,21280,-115.23581,36.24242
21281,21281,-115.17143,36.135014
21282,30769,-115.16901,35.965446
21283,28706,-115.225,36.069855
21284,21284,-115.308624,36.11392
21285,30769,-115.325775,36.219326
21286,21286,-115.274605,36.286705
21287,21287,-115.14007,36.167534
21288,28706,-115.24359,36.152584
21289,21289,-115.04358,36.06423
21290,28706,-115.334236,36.145416
21291,28706,-115.32462,36.21867
21292,28706,-115.33276,36.15119
21293,21293,-115.17603,36.11833
21294,21294,-115.13573,36.118217
21295,30769,-115.2274,36.100925
21296,21296,-115.29689,36.095848
21297,21297,-115.17105,36.12595
21298,28706,-115.167725,36.103397
21299,28706,-115.17131,36.11928
21300,21300,-115.27721,36.306732
21301,21301,-115.1726,36.118793
21302,21302,-115.220406,36.0995
21303,21303,-115.17234,36.11635
21304,21304,-115.19812,36.197575
21305,28706,-115.333466,36.14836
21306,28706,-115.275795,36.143433
21307,28706,-115.23664,36.115025
21308,28706,-115.24257,36.199387
21309,28706,-115.28009,36.298874
21310,28706,-115.33276,36.15119
21311,28706,-115.273964,36.1448
21312,28706,-115.13808,36.167904
21313,21313,-115.33276,36.15119
21314,28706,-115.24279,36.198753
21315,21315,-115.22326,36.175903
21316,28706,-115.28553,36.166573
21317,21317,-115.15389,36.11355
21318,28706,-115.253624,36.274426
21319,28706,-115.230415,36.257675
21320,21320,-115.23581,36.24242
21321,28706,-115.15432,36.12187
21322,28706,-115.30521,36.193584
21323,28706,-115.19622,36.205273
21324,30769,-115.24547,36.165813
21325,28706,-115.171005,36.099377
21326,28706,-115.33276,36.15119
21327,28706,-115.23734,36.143967
21328,21328,-115.153404,36.150333
21329,30557,-115.22522,36.127533
21330,21330,-115.229675,36.159576
21331,28706,-115.17193,36.127487
21332,28706,-115.28994,36.16387
21333,21333,-115.25033,36.21986
21334,28706,-115.287254,36.281345
21335,28706,-115.13987,36.168903
21336,21336,-115.286575,36.277733
21337,28706,-115.234184,36.24042
21338,28706,-115.31339,36.178013
21339,21339,-115.286766,36.282753
21340,21340,-115.0864,36.02079
21341,28706,-115.22447,36.047886
21342,21342,-115.28008,36.057022
21343,21343,-115.20899,36.141186
21344,28706,-115.14002,36.16929
21345,28706,-115.23531,36.241806
21346,21346,-115.334236,36.145416
21347,30769,-115.153946,36.26045
21348,30769,-115.17659,36.091938
21349,30769,-115.26802,36.055946
21350,28706,-115.180664,36.291985
21351,21351,-115.174095,36.09128
21352,28706,-115.14788,36.161
21353,28706,-115.175835,36.117725
21354,28706,-115.27027,36.29733
21355,28706,-115.271736,36.276844
21356,21356,-115.24284,36.24908
21357,28706,-115.24284,36.24908
21358,21358,-111.92172,33.49726
21359,28706,-115.30549,36.190956
21360,28706,-115.13962,36.170086
21361,28706,-115.275085,36.056904
21362,30769,-115.20741,36.123623
21363,21363,-115.331406,36.15959
21364,21364,-115.17496,36.121323
21365,28706,-115.29833,36.211716
21366,28706,-115.33151,36.161934
21367,21367,-115.30234,36.100346
21368,21368,-115.33539,36.160652
21369,28706,-115.27785,36.135544
21370,28706,-115.244156,36.047306
21371,21371,-115.33295,36.146164
21372,28706,-115.249435,36.301983
21373,28706,-115.27962,36.054382
21374,21374,-115.28817,36.29043
21375,28706,-115.30406,36.193325
21376,21376,-115.29835,36.077435
21377,28706,-115.14096,36.143673
21378,28706,-115.209915,36.126427
21379,21379,-115.178215,36.068935
21380,21380,-115.11917,36.03546
21381,21381,-115.30353,36.19177
21382,28706,-115.209015,36.276863
21383,28706,-115.176895,36.23922
21384,28706,-115.2876,36.114456
21385,28706,-115.206345,35.994972
21386,30557,-115.294365,36.115223
21387,21387,-115.27957,36.124172
21388,21388,-115.246185,36.12342
21389,28706,-115.29646,36.101376
21390,28706,-115.260765,36.266853
21391,30557,-115.177536,36.06837
21392,28706,-115.30549,36.190956
21393,28706,-115.30234,36.100346
21394,28706,-115.30409,36.19329
21395,21395,-115.2876,36.159523
21396,28706,-115.25154,36.159424
21397,21397,-115.2691,36.056004
21398,28706,-115.27811,36.114395
21399,28706,-115.28829,36.278114
21400,21400,-115.243576,36.140995
21401,30769,-115.25093,36.055206
21402,28706,-115.123695,36.16971
21403,21403,-115.306274,36.115807
21404,28706,-114.945274,36.010345
21405,28706,-115.05954,36.064503
21406,30769,-115.25216,36.30513
21407,30769,-115.04623,36.158062
21408,30769,-115.07913,36.17244
21409,21409,-115.048004,36.135414
21410,28706,-115.1702,36.12269
21411,28706,-115.17196,36.120907
21412,30769,-115.16931,36.102528
21413,30769,-115.30722,36.09957
21414,28706,-115.271736,36.276844
21415,21415,-115.15383,36.157158
21416,28706,-115.309296,36.108513
21417,28706,-115.20848,36.083973
21418,28706,-115.17259,36.112953
21419,30769,-115.33387,36.152832
21420,21420,-115.280014,36.056793
21421,28706,-115.32163,36.160423
21422,28706,-115.30459,36.11395
21423,21423,-115.19582,36.17244
21424,28706,-115.12529,36.10026
21425,30557,-115.334816,36.155132
21426,28706,-115.1795,36.286583
21427,28706,-115.3058,36.10064
21428,21428,-115.29135,36.07459
21429,21429,-115.27989,36.12319
21430,28706,-115.16841,36.12458
21431,28706,-115.04797,36.025887
21432,21432,-115.3083,36.183617
21433,21433,-115.333855,36.155964
21434,28706,-115.33276,36.15119
21435,28706,-115.24407,36.047813
21436,28706,-115.29743,36.09684
21437,28706,-115.278114,36.042046
21438,21438,-115.334236,36.145416
21439,21439,-115.243866,36.086548
21440,30769,-115.25206,36.063076
21441,28706,-115.213745,36.145252
21442,30769,-115.1726,36.118793
21443,28706,-115.20974,36.114937
21444,21444,-111.68752,33.32716
21445,21445,-115.19034,36.09584
21446,30769,-115.17156,36.11732
21447,28706,-115.28257,36.198036
21448,28706,-115.24352,36.07097
21449,28706,-115.11763,36.016068
21450,28706,-115.17516,36.109875
21451,28706,-115.27303,36.14479
21452,30769,-115.09037,36.02096
21453,28706,-115.22625,36.086525
21454,21454,-115.14224,36.170544
21455,30769,-115.241516,36.064106
21456,28706,-115.16935,35.965126
21457,21457,-115.13805,36.121098
21458,28706,-115.30076,36.145542
21459,30769,-115.14479,36.170017
21460,28706,-115.15472,36.115124
21461,21461,-115.22308,36.125862
21462,28706,-115.26203,36.070213
21463,21463,-73.55787,45.50043
21464,28706,-115.17582,36.11773
21465,28706,-112.10023,33.626423
21466,21466,-115.33271,36.15179
21467,28706,-115.17618,36.115856
21468,28706,-115.20638,36.006573
21469,21469,-115.2418,36.078686
21470,28706,-115.110466,36.071354
21471,30769,-115.207306,36.131718
21472,28706,-115.154816,36.124176
21473,21473,-115.13573,36.118217
21474,28706,-115.28992,36.160503
21475,28706,-115.119125,36.02624
21476,30769,-115.100845,35.993855
21477,30769,-115.2811,36.114468
21478,28706,-115.20527,35.995117
21479,30769,-115.25093,36.055206
21480,30769,-115.29776,36.097992
21481,28706,-115.21196,36.143814
21482,28706,-115.314476,36.116676
21483,21483,-115.24235,36.146244
21484,21484,-115.16762,36.126415
21485,21485,-115.25826,36.195614
21486,28706,-115.17196,36.120907
21487,21487,-115.201775,36.126526
21488,28706,-115.138435,36.167526
21489,28706,-115.27553,36.129856
21490,21490,-115.15448,36.11884
21491,21491,-112.35819,33.494293
21492,28706,-115.236664,36.144512
21493,28706,-115.256714,36.195576
21494,28706,-115.27777,36.130028
21495,21495,-115.33387,36.152832
21496,28706,-115.236664,36.144512
21497,28706,-115.2231,36.143227
21498,28706,-115.18299,36.146267
21499,30769,-115.14289,36.143345
21500,28706,-115.17535,36.070137
21501,30769,-115.16842,36.124947
21502,28706,-115.19247,36.157032
21503,28706,-115.2439,36.021667
21504,28706,-115.138504,36.117256
21505,30557,-115.22551,36.17232
21506,28706,-115.29998,36.147152
21507,28706,-115.101585,35.99378
21508,21508,-115.28214,36.201843
21509,28706,-73.55591,45.5014
21510,21510,-115.14406,36.171234
21511,30769,-115.17167,36.11025
21512,28706,-115.17262,36.12956
21513,28706,-115.17644,36.116367
21514,28706,-115.13567,36.176983
21515,30557,-115.17075,36.101788
21516,28706,-115.15097,36.085175
21517,28706,-115.24814,36.195267
21518,30769,-115.17552,36.112335
21519,28706,-115.1728,36.112175
21520,30769,-115.17086,36.10993
21521,28706,-115.14637,36.124424
21522,30769,-115.174355,36.109806
21523,30769,-115.13056,36.10134
21524,21524,-115.17127,36.11288
21525,30769,-115.20114,36.14425
21526,30769,-115.17437,36.10206
21527,30769,-115.16788,36.099346
21528,30557,-115.1732,36.104378
21529,30557,-115.10294,36.100693
21530,30769,-111.96372,33.34416
21531,30769,-115.17307,36.123154
21532,30557,-73.750114,45.456585
21533,30769,-115.209656,36.127045
21534,28706,-115.16587,36.126877
21535,28706,-115.16788,36.099346
21536,28706,-115.17262,36.118378
21537,28706,-111.95117,33.421658
21538,30769,-115.17063,36.12298
21539,28706,-115.155556,36.14742
21540,28706,-115.17577,36.011356
21541,30769,-73.57752,45.516
21542,30769,-115.16342,36.112488
21543,28706,-115.174644,36.109913
21544,21544,-115.1736,36.101585
21545,28706,-115.17493,36.10478
21546,30769,-115.173874,36.109753
21547,28706,-115.176315,36.109913
21548,28706,-115.19448,36.126213
21549,28706,-115.17124,36.11788
21550,28706,-115.16929,36.122322
21551,28706,-115.14406,36.171234
21552,28706,-115.17181,36.12074
21553,21553,-115.201775,36.126526
21554,28706,-115.17704,36.10762
21555,30769,-115.14844,36.16738
21556,28706,-115.16296,36.12714
21557,28706,-115.20685,36.11581
21558,28706,-115.174355,36.092293
21559,28706,-115.19489,36.126404
21560,28706,-115.20741,36.123623
21561,28706,-115.17087,36.10242
21562,28706,-115.17179,36.12469
21563,21563,-115.17473,36.098732
21564,28706,-115.17818,36.10713
21565,28706,-115.1726,36.118793
21566,30769,-115.17437,36.10206
21567,28706,-115.17395,36.11303
21568,28706,-115.16449,36.193768
21569,28706,-115.172714,36.11888
21570,30769,-115.167694,36.103054
21571,28706,-115.16309,36.136738
21572,21572,-115.169395,36.103374
21573,30769,-115.11736,36.014675
21574,30769,-115.16788,36.099346
21575,21575,-115.17345,36.10306
21576,30769,-3.1872525,55.957165
21577,30769,-115.163124,36.133614
21578,28706,-115.172455,36.106503
21579,28706,-115.192665,36.11576
21580,28706,-115.18233,36.112045
21581,28706,-115.16818,36.117462
21582,21582,-115.16788,36.099346
21583,28706,-115.17087,36.10242
21584,28706,-115.186485,36.1187
21585,28706,-115.17345,36.10306
21586,28706,-115.17482,36.095684
21587,30769,-3.1827185,55.949398
21588,30557,-115.257774,36.197437
21589,28706,-115.17601,36.104332
21590,28706,-115.141884,36.16918
21591,30769,-115.171165,36.117874
21592,21592,-115.17698,36.107407
21593,28706,-115.28649,36.29152
21594,21594,-115.20567,36.16626
21595,28706,-115.15152,36.10749
21596,21596,-115.16788,36.099346
21597,28706,-115.17348,36.037968
21598,28706,-115.224655,36.12339
21599,30557,-115.155556,36.14742
21600,28706,-115.17295,36.10156
21601,28706,-115.186485,36.1187
21602,28706,-115.17113,36.12856
21603,21603,-115.175385,36.093647
21604,28706,-115.17139,36.135098
21605,28706,-115.273125,36.06686
21606,28706,-115.15585,36.259933
21607,28706,-115.169624,36.068302
21608,21608,-115.200645,36.115417
21609,28706,-115.18331,36.041283
21610,30769,-115.21883,36.125946
21611,28706,-115.17534,36.11709
21612,28706,-115.23664,36.115025
21613,30769,-115.17669,36.117455
21614,28706,-115.15154,36.13614
21615,28706,-115.17437,36.10206
21616,28706,-115.22562,36.12503
21617,28706,-115.20959,36.12621
21618,28706,-115.224075,36.12743
21619,21619,-115.14289,36.143345
21620,30769,-115.14289,36.143345
21621,28706,-115.16938,36.12179
21622,21622,-115.297585,36.09778
21623,30769,-115.17253,36.1181
21624,28706,-115.17382,36.107162
21625,28706,-115.19443,36.12589
21626,28706,-115.157875,36.142757
21627,28706,-115.16597,36.125782
21628,30769,-115.21883,36.125946
21629,28706,-115.14206,36.10715
21630,28706,-112.073395,33.477222
21631,28706,-115.21883,36.125946
21632,28706,-115.30624,36.192863
21633,28706,-115.286644,36.277836
21634,28706,-115.286934,36.168594
21635,21635,-115.22487,36.06982
21636,28706,-115.062546,36.029587
21637,28706,-115.14252,36.142284
21638,28706,-115.11493,36.02905
21639,28706,-115.24562,36.1436
21640,28706,-115.17086,36.10993
21641,30769,-115.204056,36.12628
21642,28706,-115.21883,36.125946
21643,28706,-115.33387,36.152832
21644,21644,-115.132126,36.04201
21645,28706,-115.17158,36.05367
21646,21646,-115.22433,36.12833
21647,28706,-115.27853,36.057846
21648,30769,-115.18724,36.11537
21649,28706,-115.19,36.23888
21650,28706,-115.31458,36.128937
21651,21651,-115.281296,36.05612
21652,28706,-115.242714,36.036674
21653,28706,-115.306274,36.115807
21654,28706,-115.286766,36.282753
21655,28706,-115.28703,36.166676
21656,21656,-115.17259,36.112953
21657,21657,-115.21391,36.12671
21658,28706,-115.27846,36.134956
21659,28706,-115.27927,36.055016
21660,21660,-115.29656,36.0931
21661,30557,-115.292,36.156925
21662,30769,-115.314476,36.12843
21663,28706,-115.30114,36.09934
21664,28706,-115.222206,36.15993
21665,21665,-115.29794,36.106503
21666,28706,-115.17582,36.11773
21667,21667,-115.20685,36.11581
21668,28706,-115.046585,36.066486
21669,28706,-115.16997,36.11293
21670,21670,-115.16466,36.13767
21671,21671,-115.17535,36.070137
21672,21672,-115.24365,36.05732
21673,28706,-115.22501,36.127296
21674,28706,-115.20169,36.103138
21675,28706,-115.26657,36.021244
21676,30769,-115.19394,36.126083
21677,28706,-115.1563,36.142338
21678,21678,-115.29801,36.125645
21679,21679,-115.24133,36.055412
21680,21680,-115.06383,36.174416
21681,21681,-114.8582,35.969296
21682,30769,-115.21391,36.12671
21683,30769,-115.29653,36.09671
21684,21684,-115.13931,36.167286
21685,28706,-115.22582,36.145847
21686,28706,-115.243546,36.04771
21687,28706,-115.21391,36.12671
21688,28706,-115.19761,36.14399
21689,28706,-115.25659,36.114704
21690,28706,-115.1068,36.071945
21691,21691,-115.07823,36.159264
21692,28706,-115.1752,36.091843
21693,21693,-115.298485,36.078434
21694,28706,-115.24277,36.17973
21695,21695,-115.175285,36.06618
21696,30769,-115.30081,36.14653
21697,30557,-115.172554,36.111877
21698,28706,-115.164635,36.15917
21699,21699,-115.22501,36.127445
21700,28706,-115.251236,36.06695
21701,28706,-115.29646,36.101376
21702,28706,-115.27973,36.119114
21703,21703,-115.17223,36.110733
21704,21704,-115.24359,36.12527
21705,28706,-115.29864,36.076557
21706,30769,-115.24508,36.159706
21707,28706,-115.28559,36.16719
21708,28706,-115.23093,36.154648
21709,21709,-115.20227,36.10571
21710,30769,-115.07974,36.072388
21711,28706,-115.16869,36.127796
21712,21712,-115.27777,36.130028
21713,28706,-115.253624,36.14308
21714,28706,-115.17087,36.10242
21715,28706,-115.29426,36.14384
21716,28706,-115.178,36.068428
21717,28706,-115.29823,36.095207
21718,28706,-115.251495,36.143406
21719,21719,-115.1183,36.274784
21720,28706,-115.30617,36.113316
21721,21721,-115.13811,36.11562
21722,21722,-115.262115,36.196945
21723,28706,-115.29792,36.11229
21724,21724,-115.118515,36.019787
21725,30769,-115.1912,36.126503
21726,28706,-115.163124,36.133614
21727,28706,-115.20741,36.123623
21728,28706,-115.26148,36.113655
21729,28706,-115.186485,36.1187
21730,28706,-115.17259,36.112953
21731,28706,-115.20964,36.12702
21732,28706,-115.23664,36.115025
21733,28706,-115.33896,36.151318
21734,21734,-115.1741,36.12124
21735,28706,-115.20942,36.12682
21736,21736,-115.31392,36.14581
21737,21737,-115.0391,36.06487
21738,28706,-115.23067,36.145134
21739,28706,-115.24189,36.112988
21740,21740,-115.248405,36.124184
21741,21741,-115.23067,36.145134
21742,28706,-115.16762,36.126415
21743,28706,-115.29191,36.0708
21744,28706,-115.27944,36.123875
21745,28706,-115.27989,36.12319
21746,28706,-115.201775,36.126526
21747,28706,-115.20722,36.03344
21748,28706,-115.2249,36.047733
21749,28706,-115.242714,36.036674
21750,21750,-115.244,36.05142
21751,28706,-115.33344,36.150024
21752,21752,-115.13955,36.16874
21753,21753,-115.24186,36.062195
21754,28706,-115.20964,36.12702
21755,21755,-115.29178,36.143696
21756,28706,-115.17223,36.06783
21757,28706,-115.15396,36.157898
21758,28706,-115.223816,36.237503
21759,21759,-115.33302,36.159527
21760,28706,-115.04282,36.067123
21761,28706,-115.18211,36.144463
21762,28706,-115.1087,36.14329
21763,28706,-115.20848,36.07308
21764,21764,-115.08266,36.15512
21765,21765,-115.1396,36.169117
21766,28706,-115.22625,36.086525
21767,21767,-115.24293,36.071194
21768,21768,-115.02765,36.04114
21769,29068,-115.27944,36.123875
21770,21770,-115.24212,36.075893
21771,28706,-115.25199,36.05545
21772,28706,-115.177,36.11199
21773,30769,-115.17229,36.115147
21774,28706,-115.17406,36.107925
21775,21775,-115.21391,36.12671
21776,30769,-115.17106,36.11242
21777,28706,-115.04282,36.067123
21778,28706,-115.167,36.12617
21779,30769,-115.1779,36.11717
21780,28706,-115.181755,36.111107
21781,28706,-115.17345,36.10306
21782,21782,-115.28134,36.167
21783,30769,-115.33159,36.160686
21784,28706,-115.15112,36.086338
21785,28706,-115.17224,36.041023
21786,28706,-115.17234,36.110107
21787,21787,-115.24487,36.17133
21788,21788,-115.20693,36.195778
21789,21789,-115.08955,36.02054
21790,28706,-115.17283,36.132774
21791,28706,-115.2782,36.108463
21792,28706,-115.11599,36.027836
21793,28706,-115.10117,36.01859
21794,28706,-115.33314,36.156986
21795,28706,-115.17262,36.118378
21796,21796,-115.273125,36.06686
21797,28706,-115.10691,35.999065
21798,21798,-115.17785,36.276077
21799,21799,-115.253624,36.14308
21800,28706,-115.180664,36.291985
21801,21801,-115.20818,36.149048
21802,28706,-115.258965,36.180824
21803,28706,-115.20734,36.088776
21804,29068,-115.251495,36.143406
21805,28706,-115.22467,36.159973
21806,21806,-115.112,36.10026
21807,28706,-115.17264,36.11758
21808,21808,-115.20728,36.15881
21809,21809,-115.179085,36.11224
21810,28706,-115.15126,36.1089
21811,28706,-115.17196,36.120907
21812,28706,-115.138504,36.117256
21813,21813,-115.26921,36.159355
21814,21814,-115.17534,36.11709
21815,30769,-115.14027,36.171307
21816,28706,-115.298065,36.147495
21817,28706,-115.26286,36.143204
21818,28706,-115.171005,36.099377
21819,21819,-115.27532,36.054115
21820,21820,-115.15427,36.1187
21821,28706,-115.1978,36.1269
21822,28706,-115.14101,36.16948
21823,28706,-115.28386,36.114388
21824,30769,-115.27853,36.057846
21825,28706,-115.11687,36.072422
21826,21826,-115.26749,36.02092
21827,28706,-114.987305,36.036503
21828,28706,-115.174416,36.1097
21829,28706,-115.225624,36.113327
21830,28706,-115.08136,36.019154
21831,28706,-115.14064,36.167877
21832,28706,-115.22663,36.143787
21833,28706,-115.22663,36.143787
21834,28706,-115.04155,36.063816
21835,30769,-115.2439,36.044876
21836,28706,-115.33278,36.150646
21837,28706,-115.11944,36.085712
21838,28706,-115.26147,36.269814
21839,30557,-115.27973,36.119114
21840,28706,-115.270966,36.019173
21841,21841,-115.20818,36.149048
21842,21842,-115.33511,36.16059
21843,28706,-115.29678,36.09923
21844,28706,-115.246254,36.064285
21845,30769,-115.2782,36.108463
21846,28706,-115.167755,36.123943
21847,21847,-115.29667,36.09778
21848,30769,-115.17274,36.11424
21849,21849,-115.29689,36.095848
21850,28706,-115.17301,36.12827
21851,30557,-115.173874,36.109753
21852,21852,-115.200645,36.115417
21853,21853,-115.279755,36.056583
21854,21854,-115.25093,36.055206
21855,28706,-115.33338,36.145733
21856,21856,-115.27912,36.12602
21857,21857,-115.14096,36.16953
21858,21858,-115.101685,35.997723
21859,21859,-115.16961,36.121452
21860,28706,-115.08096,36.076263
21861,30769,-115.142006,36.17183
21862,21862,-115.209656,36.126728
21863,28706,-115.22461,36.05132
21864,28706,-115.242714,36.036674
21865,21865,-115.17223,36.06783
21866,28706,-115.15323,36.042797
21867,28706,-115.332535,36.116005
21868,30769,-115.242165,36.05671
21869,21869,-115.29822,36.09571
21870,28706,-115.273125,36.06686
21871,21871,-115.30615,36.114666
21872,28706,-115.164894,36.129868
21873,28706,-115.2858,36.158028
21874,28706,-115.045975,36.026535
21875,28706,-115.33439,36.156796
21876,21876,-115.12455,35.996838
21877,21877,-115.29797,36.12315
21878,28706,-115.22381,36.115894
21879,28706,-115.17322,36.119038
21880,28706,-115.117775,36.009586
21881,28706,-115.27553,36.129856
21882,28706,-115.2833,36.05521
21883,26577,-115.28331,36.05509
21884,28706,-115.2966,36.0958
21885,28706,-115.2966,36.0958
21886,28706,-115.17278,36.0908
21887,28706,-115.172424,36.101196
21888,30769,-115.1677,36.125965
21889,28706,-115.141884,36.16918
21890,30769,-115.17465,36.10597
21891,21891,-115.1741,36.12124
21892,30769,-115.16879,36.122967
21893,21893,-115.16792,36.11547
21894,30769,-115.1684,36.124554
21895,28706,-115.1702,36.12269
21896,28706,-80.842155,35.22921
21897,28706,-115.173874,36.10978
21898,28706,-115.16866,36.117542
21899,30769,-115.14294,36.16929
21900,21900,-115.145004,36.173058
21901,28706,-115.21345,36.099895
21902,28706,-115.138016,36.276897
21903,28706,-115.04623,36.158062
21904,28706,-115.23011,36.143112
21905,21905,-115.19636,36.125397
21906,21906,-115.19697,36.239685
21907,21907,-80.841095,35.222584
21908,28706,-115.132935,36.16576
21909,21909,-115.15074,36.169456
21910,21910,-115.20152,36.115112
21911,28706,-115.14637,36.124424
21912,21912,-115.1466,36.171837
21913,21913,-115.25078,36.064754
21914,21914,-115.17234,36.110107
21915,28706,-115.11712,36.01646
21916,21916,-115.17234,36.110107
21917,28706,-115.209816,36.14866
21918,28706,-115.117195,36.101982
21919,28706,-80.944466,35.22019
21920,28706,-115.242775,36.05562
21921,28706,-115.25199,36.05545
21922,28706,-115.17768,36.06848
21923,21923,-79.97875,40.42839
21924,28706,-80.001076,40.454426
21925,28706,-79.94432,40.499287
21926,28706,-80.01507,40.432384
21927,21927,-79.973724,40.458508
21928,28706,-79.90444,40.490192
21929,28706,-79.983826,40.42946
21930,28706,-79.92136,40.437847
21931,28706,-115.169655,36.12119
21932,30557,-115.17264,36.11758
21933,30769,-115.17435,36.106205
21934,21934,-79.95081,40.462925
21935,28706,-79.957695,40.441357
21936,28706,-79.97547,40.457336
21937,28706,-79.94862,40.44485
21938,28706,-79.95889,40.47313
21939,21939,-115.16619,36.062668
21940,28706,-80.00198,40.442326
21941,21941,-80.01645,40.452095
21942,21942,-115.17659,36.091938
21943,28706,-79.98665,40.448902
21944,28706,-80.85876,35.211227
21945,28706,-80.01085,40.445976
21946,30769,-89.32574,43.126083
21947,28706,-79.98332,40.451687
21948,28706,-79.97682,40.428272
21949,21949,-80.00456,40.433006
21950,28706,-115.14406,36.171234
21951,21951,-115.18492,36.126205
21952,28706,-79.95289,40.46396
21953,21953,-79.913895,40.45003
21954,21954,-79.94882,40.44453
21955,21955,-3.195602,55.9491
21956,28706,-79.982544,40.45203
21957,28706,-115.15259,36.108295
21958,21958,-80.0353,40.396107
21959,28706,-80.030235,40.40527
21960,28706,-79.99148,40.457184
21961,28706,-79.964424,40.462208
21962,28706,-79.964424,40.462208
21963,21963,-79.98423,40.45088
21964,21964,-79.95574,40.465664
21965,28706,-79.92535,40.45992
21966,28706,-79.97939,40.428425
21967,30769,-115.13902,36.088516
21968,28706,-79.9645,40.42877
21969,28706,-79.94274,40.458626
21970,28706,-79.98444,40.451694
21971,21971,-79.948975,40.444817
21972,28706,-80.080826,40.440277
21973,28706,-80.00618,40.44055
21974,28706,-79.97943,40.42843
21975,30769,-79.9645,40.42877
21976,21976,-79.97806,40.428833
21977,28706,-79.982285,40.453495
21978,21978,-79.95674,40.441223
21979,21979,-115.17382,36.107162
21980,21980,-79.983086,40.429043
21981,30769,-111.93356,33.492912
21982,21982,-73.571625,45.500557
21983,28706,-115.16961,36.121452
21984,28706,-79.91776,40.407154
21985,28706,-79.99732,40.442425
21986,28706,-115.137596,36.104164
21987,28706,-79.965904,40.426647
21988,28706,-79.94854,40.461113
21989,28706,-111.982285,33.32033
21990,28706,-79.99823,40.44394
21991,21991,-79.972244,40.428
21992,28706,-80.005325,40.447388
21993,28706,-79.95315,40.442776
21994,28706,-79.9935,40.446003
21995,30769,-79.92274,40.43773
21996,28706,-79.95116,40.482693
21997,28706,-79.9693,40.42785
21998,21998,-79.92326,40.433186
21999,30769,-79.95085,40.450356
22000,22000,-79.982285,40.453495
22001,22001,-80.01768,40.437695
22002,28706,-79.961075,40.46995
22003,28706,-115.17179,36.12469
22004,22004,-79.90987,40.40733
22005,30557,-80.001785,40.44048
22006,28706,-79.986626,40.428585
22007,22007,-79.94864,40.446068
22008,22008,-79.950005,40.462513
22009,28706,-79.957184,40.441933
22010,22010,-79.913895,40.45003
22011,30769,-79.92284,40.43771
22012,30769,-73.57003,45.516933
22013,28706,-115.17368,36.12316
22014,30557,-73.574356,45.51462
22015,30769,-115.16833,36.127647
22016,30769,-115.17818,36.106815
22017,28706,-79.920425,40.475708
22018,28706,-115.173874,36.10978
22019,22019,-115.17086,36.10993
22020,28706,-79.95194,40.482704
22021,22021,-79.95116,40.482693
22022,22022,-79.95116,40.482693
22023,28706,-79.99644,40.44395
22024,28706,-79.92006,40.437824
22025,30769,-115.174644,36.109913
22026,28706,-79.91953,40.437683
22027,30557,-79.984215,40.451656
22028,30557,-79.94959,40.44351
22029,22029,-79.99644,40.44395
22030,28706,-79.92316,40.433384
22031,28706,-115.15112,36.086338
22032,28706,-79.94918,40.462025
22033,28706,-73.556335,45.501198
22034,28706,-79.95783,40.44077
22035,30557,-79.965004,40.46577
22036,22036,-79.91949,40.437904
22037,28706,-79.920105,40.43814
22038,22038,-79.957146,40.441902
22039,28706,-79.921364,40.43821
22040,28706,-115.17262,36.12956
22041,22041,-79.98332,40.451687
22042,30769,-79.897575,40.43961
22043,28706,-79.9693,40.42785
22044,28706,-79.956604,40.441246
22045,30557,-73.577415,45.497875
22046,28706,-79.96438,40.46668
22047,28706,-80.02943,40.451973
22048,30769,-115.17054,36.10259
22049,30769,-79.98202,40.45236
22050,30557,-79.95752,40.441025
22051,28706,-79.95074,40.449978
22052,30557,-79.956604,40.441246
22053,22053,-79.99621,40.441677
22054,22054,-80.002045,40.440422
22055,22055,-79.91957,40.475876
22056,22056,-79.921555,40.43789
22057,28706,-115.17229,36.115147
22058,22058,-79.882835,40.488335
22059,28706,-79.89309,40.489143
22060,22060,-79.92522,40.460045
22061,28706,-80.812,35.220078
22062,22062,-79.948975,40.444817
22063,22063,-79.92512,40.458206
22064,28706,-79.92326,40.433186
22065,22065,-115.30882,36.183144
22066,22066,-79.98332,40.451687
22067,22067,-79.921555,40.43789
22068,22068,-79.982285,40.453495
22069,28706,-89.39218,43.06907
22070,22070,-73.5747,45.525303
22071,22071,-79.97118,40.428535
22072,22072,-80.00288,40.44139
22073,30769,-79.96413,40.46707
22074,28706,-89.38154,43.074726
22075,28706,-79.979324,40.42888
22076,28706,-79.99644,40.44395
22077,22077,-80.016235,40.452145
22078,30769,-115.16951,36.102448
22079,28706,-115.332726,36.148315
22080,30557,-80.74955,35.30387
22081,22081,-79.99704,40.444035
22082,28706,-115.174355,36.109806
22083,22083,-80.07382,40.391167
22084,22084,-79.94854,40.461113
22085,22085,-115.17131,36.11928
22086,28706,-79.98017,40.428875
22087,28706,-80.01087,40.44597
22088,22088,-79.96025,40.470783
22089,22089,-80.00288,40.44139
22090,28706,-73.60262,45.531963
22091,30769,-115.16818,36.117462
22092,30557,-80.83004,35.151665
22093,28706,-112.26167,33.531483
22094,28706,-80.81393,35.05862
22095,28706,-80.78621,35.384346
22096,28706,-80.839516,35.152435
22097,22097,-115.172424,36.10882
22098,28706,-80.86248,35.206676
22099,22099,-80.71199,35.36839
22100,30557,-80.00471,40.44087
22101,22101,-80.807144,35.17182
22102,22102,-80.7174,35.36955
22103,30769,-80.94419,35.007748
22104,28706,-80.715256,35.37053
22105,22105,-80.78296,35.372112
22106,28706,-80.85326,35.348793
22107,22107,-80.71177,35.1338
22108,28706,-80.816574,35.07778
22109,22109,-80.73764,35.140625
22110,28706,-80.84946,35.17059
22111,30769,-111.73545,33.450935
22112,30769,-80.84309,35.22877
22113,22113,-80.67756,35.06786
22114,22114,-80.72495,35.146072
22115,22115,-80.719315,35.11679
22116,22116,-80.807144,35.17182
22117,28706,-80.84119,35.228916
22118,28706,-80.81488,35.22101
22119,28706,-80.729324,35.125607
22120,28706,-80.72597,35.3747
22121,22121,-80.8582,35.089745
22122,22122,-80.86714,35.094
22123,28706,-80.83889,35.227463
22124,28706,-80.81426,35.060837
22125,22125,-80.81021,35.220684
22126,22126,-80.86737,35.229053
22127,28706,-80.77147,35.061897
22128,28706,-80.83482,35.055447
22129,28706,-80.710075,35.12335
22130,22130,-80.852196,35.2195
22131,28706,-80.84854,35.22547
22132,28706,-80.84487,35.226196
22133,28706,-80.84382,35.200817
22134,30769,-115.17028,36.12433
22135,30557,-80.81579,35.22064
22136,28706,-80.80712,35.171127
22137,22137,-80.823685,35.156307
22138,22138,-80.80948,35.24555
22139,22139,-80.85876,35.211227
22140,30557,-80.85654,35.215023
22141,30769,-80.841965,35.225376
22142,28706,-115.17259,36.112953
22143,22143,-80.80948,35.24555
22144,28706,-80.737816,35.296696
22145,28706,-80.85588,35.21002
22146,28706,-80.93589,35.093864
22147,28706,-80.824425,35.203094
22148,28706,-80.83493,35.055386
22149,30769,-80.805824,35.24725
22150,28706,-80.84168,35.15213
22151,22151,-80.86957,35.201088
22152,22152,-80.85154,35.057957
22153,22153,-80.8677,35.09378
22154,22154,-80.83519,35.213108
22155,28706,-80.86067,35.208225
22156,28706,-80.859634,35.21071
22157,28706,-80.81716,35.21237
22158,28706,-80.84202,35.225437
22159,22159,-112.06466,33.486187
22160,22160,-80.805695,35.034657
22161,22161,-80.844475,35.070496
22162,28706,-80.856674,35.210552
22163,28706,-80.81716,35.21237
22164,22164,-80.81579,35.22064
22165,28706,-80.80712,35.171127
22166,22166,-80.8478,35.173786
22167,22167,-80.80948,35.24555
22168,22168,-80.84046,35.15285
22169,22169,-80.83791,35.22758
22170,28706,-80.84826,35.174286
22171,22171,-80.855446,35.215378
22172,28706,-80.83176,35.15394
22173,30769,-115.17262,36.118378
22174,22174,-80.84309,35.22877
22175,28706,-80.75586,35.307903
22176,28706,-80.8138,35.059113
22177,22177,-80.805824,35.24725
22178,28706,-80.93228,35.143982
22179,22179,-80.84687,35.172817
22180,28706,-80.81337,35.220215
22181,22181,-80.85654,35.215023
22182,28706,-80.85204,35.34832
22183,28706,-80.84681,35.022648
22184,28706,-80.80712,35.171127
22185,22185,-80.86004,35.207157
22186,28706,-80.855446,35.215378
22187,22187,-80.8572,35.210094
22188,28706,-80.83967,35.228985
22189,28706,-80.82635,35.213825
22190,28706,-80.86098,35.20925
22191,28706,-80.84143,35.068653
22192,28706,-80.855446,35.215378
22193,22193,-115.174644,36.109913
22194,30769,-80.87657,35.15385
22195,30769,-115.175064,36.107677
22196,28706,-80.85757,35.214363
22197,28706,-80.838974,35.15051
22198,22198,-80.82861,35.152634
22199,28706,-80.825935,35.213448
22200,28706,-80.84651,35.224644
22201,30557,-80.791985,35.256
22202,28706,-80.799644,35.176636
22203,22203,-80.77111,35.06428
22204,28706,-80.84402,35.070816
22205,28706,-80.79979,35.17564
22206,30557,-80.85757,35.214363
22207,22207,-80.84442,35.202625
22208,30769,-80.8,35.219612
22209,30769,-80.841965,35.225376
22210,28706,-80.82659,35.214073
22211,28706,-80.84485,35.202366
22212,30557,-80.814415,35.240734
22213,22213,-80.82169,35.216213
22214,28706,-111.92655,33.506542
22215,22215,-80.80948,35.24555
22216,28706,-80.844475,35.070496
22217,28706,-80.8,35.219612
22218,28706,-80.86769,35.205338
22219,28706,-80.861565,35.20874
22220,30557,-80.850105,35.17086
22221,22221,-80.84482,35.199852
22222,28706,-80.85251,35.200462
22223,28706,-80.87516,35.154495
22224,22224,-80.823685,35.156307
22225,28706,-80.80591,35.246723
22226,30769,-80.8258,35.1527
22227,28706,-80.94416,35.007816
22228,22228,-80.84446,35.202034
22229,28706,-80.84499,35.239048
22230,28706,-80.85667,35.215706
22231,28706,-80.85149,35.05261
22232,22232,-80.857635,35.21252
22233,22233,-80.861,35.210987
22234,28706,-80.846344,35.225323
22235,28706,-80.841965,35.225376
22236,28706,-80.79715,35.218998
22237,22237,-80.85465,35.216576
22238,28706,-115.16792,36.11547
22239,28706,-80.81043,35.220932
22240,22240,-80.82453,35.202103
22241,30769,-80.84713,35.053158
22242,28706,-80.94503,35.322533
22243,28706,-80.747345,35.29738
22244,22244,-80.85488,35.21698
22245,30769,-112.04853,33.43353
22246,30769,-80.749275,35.310623
22247,28706,-80.81579,35.22064
22248,28706,-80.84422,35.232487
22249,28706,-80.85989,35.207863
22250,22250,-80.84046,35.15285
22251,22251,-80.84382,35.200817
22252,28706,-80.84794,35.17045
22253,22253,-80.83188,35.156338
22254,30557,-80.85876,35.211227
22255,22255,-80.80482,35.03408
22256,22256,-80.84831,35.17095
22257,28706,-80.85452,35.215023
22258,22258,-89.37962,43.07393
22259,28706,-80.750046,35.30302
22260,28706,-80.820076,35.21439
22261,22261,-80.65617,35.171875
22262,28706,-80.84573,35.231762
22263,28706,-80.80948,35.24555
22264,30769,-80.839516,35.152435
22265,28706,-80.84468,35.226433
22266,22266,-80.84932,35.16113
22267,22267,-80.84446,35.202034
22268,22268,-80.729324,35.125607
22269,30769,-80.84831,35.17095
22270,22270,-80.82171,35.222187
22271,22271,-80.826164,35.213642
22272,28706,-80.80546,35.247375
22273,22273,-80.87523,35.15337
22274,22274,-80.85174,35.0535
22275,28706,-80.77451,35.23672
22276,28706,-80.82169,35.216213
22277,28706,-80.842514,35.228577
22278,28706,-80.850105,35.160545
22279,28706,-80.814545,35.061256
22280,28706,-80.84077,35.226875
22281,28706,-80.83629,35.225216
22282,22282,-80.83493,35.055386
22283,28706,-80.98457,35.102345
22284,28706,-80.81426,35.060837
22285,28706,-80.8138,35.2191
22286,22286,-80.826164,35.213642
22287,22287,-80.81337,35.220215
22288,28706,-80.75586,35.307903
22289,30769,-80.804146,35.247776
22290,28706,-80.81716,35.21237
22291,22291,-80.73913,35.317215
22292,30557,-80.81337,35.220215
22293,22293,-80.81924,35.22178
22294,28706,-80.80712,35.171127
22295,22295,-80.83592,35.212738
22296,28706,-80.94015,35.13591
22297,28706,-80.85676,35.219975
22298,28706,-115.17333,36.119556
22299,28706,-80.853714,35.21609
22300,28706,-80.79713,35.176
22301,22301,-80.81924,35.22178
22302,22302,-115.1765,36.10758
22303,22303,-80.72136,35.114677
22304,22304,-80.882774,35.083984
22305,22305,-80.84446,35.202034
22306,22306,-80.762535,35.211277
22307,28706,-115.16456,36.131496
22308,22308,-80.849,35.171814
22309,28706,-80.84831,35.17095
22310,28706,-80.70758,35.1265
22311,22311,-80.813225,35.219067
22312,22312,-80.85024,35.170532
22313,22313,-80.81488,35.22101
22314,30557,-80.83041,35.151836
22315,28706,-80.84422,35.232487
22316,28706,-73.57754,45.516373
22317,30557,-80.7223,35.14344
22318,28706,-80.76181,35.21186
22319,28706,-80.80773,35.106407
22320,22320,-80.84866,35.17097
22321,22321,-80.79116,35.256294
22322,30557,-80.88197,35.187443
22323,28706,-80.86769,35.205338
22324,22324,-80.80712,35.171127
22325,30557,-80.944695,35.12989
22326,28706,-80.84378,35.227528
22327,28706,-80.80695,35.170803
22328,28706,-80.84241,35.22867
22329,28706,-80.8354,35.34113
22330,22330,-80.82453,35.202103
22331,28706,-80.81328,35.240536
22332,28706,-80.926285,35.149902
22333,28706,-80.84875,35.174877
22334,30769,-80.83901,35.17464
22335,28706,-80.83592,35.212738
22336,22336,-80.81328,35.240536
22337,28706,-80.94419,35.007748
22338,30557,-80.80948,35.24555
22339,28706,-80.84442,35.202625
22340,22340,-80.83883,35.026386
22341,28706,-80.84278,35.22283
22342,22342,-80.94416,35.007816
22343,28706,-80.849625,35.17086
22344,28706,-80.841965,35.225376
22345,22345,-80.88263,35.178288
22346,22346,-80.81696,35.078243
22347,28706,-80.81587,35.2208
22348,22348,-80.81488,35.22101
22349,22349,-80.83041,35.151836
22350,22350,-80.84446,35.202034
22351,22351,-80.73985,35.140774
22352,22352,-80.83889,35.227463
22353,22353,-80.82586,35.196793
22354,22354,-80.81488,35.22101
22355,22355,-80.88822,35.351395
22356,22356,-80.84741,35.05277
22357,22357,-80.81351,35.334774
22358,28706,-80.86563,35.22945
22359,30557,-80.822556,35.216587
22360,22360,-80.88263,35.178288
22361,28706,-80.85005,35.16047
22362,28706,-80.83332,35.148026
22363,28706,-80.82802,35.154266
22364,30769,-80.84979,35.173267
22365,28706,-80.836845,35.15475
22366,22366,-80.77908,35.095238
22367,30769,-115.168106,36.103798
22368,28706,-80.77361,35.063187
22369,28706,-80.84687,35.172817
22370,28706,-80.84687,35.172817
22371,22371,-80.66063,35.17145
22372,22372,-80.81782,35.061104
22373,28706,-80.855835,35.210754
22374,22374,-80.84839,35.022457
22375,30557,-115.17618,36.115856
22376,22376,-80.844315,35.226254
22377,22377,-80.83458,35.213352
22378,22378,-80.86414,35.095043
22379,28706,-115.17526,36.113125
22380,30769,-80.8408,35.226482
22381,28706,-81.03794,35.24141
22382,30769,-80.96351,35.06221
22383,22383,-89.37928,43.074512
22384,30557,-80.839516,35.152435
22385,28706,-80.91943,35.183266
22386,28706,-80.81043,35.220932
22387,28706,-80.841095,35.222584
22388,28706,-80.8465,35.225826
22389,22389,-80.9656,35.030884
22390,22390,-80.8122,35.053814
22391,28706,-80.83946,35.026176
22392,30557,-115.15387,36.110085
22393,22393,-80.83791,35.22758
22394,22394,-80.87687,35.1954
22395,30769,-115.1765,36.10758
22396,28706,-80.89106,35.18008
22397,28706,-80.73985,35.140774
22398,22398,-80.828545,35.15261
22399,22399,-80.8677,35.09378
22400,22400,-80.854935,35.216297
22401,28706,-80.72319,35.374184
22402,22402,-80.737595,35.297573
22403,22403,-80.944695,35.12989
22404,30769,-80.845085,35.240665
22405,22405,-80.98988,35.10504
22406,22406,-80.96739,35.028484
22407,22407,-80.84809,35.056435
22408,30769,-80.82169,35.216213
22409,30769,-80.82185,35.221504
22410,22410,-80.82469,35.20043
22411,22411,-80.81782,35.061104
22412,28706,-80.84115,35.22782
22413,22413,-115.161514,36.135643
22414,22414,-80.95791,35.116432
22415,22415,-115.28992,36.160503
22416,30769,-115.22343,36.115295
22417,28706,-80.80893,35.034092
22418,22418,-80.72226,35.116573
22419,28706,-80.855446,35.215378
22420,22420,-80.879974,35.199474
22421,22421,-80.78237,35.096684
22422,28706,-80.74978,35.307415
22423,22423,-80.814545,35.061256
22424,28706,-80.80798,35.22033
22425,28706,-80.8529,35.19824
22426,22426,-80.83187,35.153908
22427,28706,-80.844475,35.070496
22428,22428,-80.80893,35.034092
22429,22429,-80.84757,35.085434
22430,28706,-115.17028,36.12229
22431,30557,-80.857635,35.21252
22432,28706,-80.804146,35.247776
22433,30557,-80.96744,35.02865
22434,22434,-80.96499,35.00512
22435,22435,-89.39412,43.04097
22436,28706,-89.38353,43.076923
22437,28706,-115.17124,36.11788
22438,30769,-89.383064,43.070717
22439,22439,-89.51057,43.095184
22440,22440,-89.40432,43.067554
22441,28706,-89.51367,43.09613
22442,28706,-89.39362,43.074387
22443,22443,-89.46667,43.075516
22444,28706,-89.52669,43.0733
22445,22445,-89.39177,43.075077
22446,28706,-89.4301,43.072556
22447,28706,-89.51896,43.05774
22448,28706,-89.45083,43.05428
22449,22449,-89.40417,43.1502
22450,30769,-89.39576,43.074894
22451,22451,-89.39042,43.075478
22452,28706,-89.42853,43.057552
22453,22453,-89.3759,43.084892
22454,22454,-89.379906,43.077324
22455,30769,-89.39576,43.074894
22456,30769,-89.384125,43.07445
22457,22457,-89.4,43.076355
22458,30769,-89.40123,43.07305
22459,28706,-89.38511,43.07416
22460,28706,-89.372475,43.08332
22461,28706,-89.361435,43.085674
22462,22462,-89.452324,43.07114
22463,30769,-89.35705,43.098232
22464,22464,-89.38511,43.07416
22465,30769,-89.36498,43.083164
22466,28706,-89.39048,43.074963
22467,30769,-89.37225,43.078793
22468,28706,-89.34248,43.093643
22469,22469,-89.38353,43.076923
22470,28706,-89.36072,43.085545
22471,28706,-89.39618,43.075157
22472,28706,-89.3862,43.074203
22473,28706,-115.17259,36.112953
22474,28706,-89.397644,43.073074
22475,22475,-89.38354,43.07628
22476,28706,-89.39741,43.055573
22477,28706,-89.36459,43.101673
22478,28706,-89.41643,43.06517
22479,28706,-89.41891,43.063972
22480,30769,-89.39334,43.075264
22481,30769,-89.38236,43.07529
22482,28706,-89.36857,43.0805
22483,30769,-115.16461,36.13704
22484,22484,-89.396255,43.07487
22485,28706,-89.36427,43.08367
22486,28706,-89.37095,43.07842
22487,22487,-89.38101,43.074238
22488,22488,-115.174416,36.1097
22489,28706,-111.987785,33.455418
22490,30557,-115.17704,36.10762
22491,28706,-89.39618,43.075157
22492,28706,-89.423325,43.01809
22493,22493,-89.38207,43.07572
22494,22494,-89.38401,43.07263
22495,30769,-89.39556,43.07282
22496,22496,-89.4301,43.072556
22497,28706,-89.389015,43.056244
22498,28706,-89.38236,43.07529
22499,28706,-80.8758,35.159824
22500,28706,-89.374084,43.076233
22501,30769,-89.37947,43.075554
22502,22502,-89.38511,43.07416
22503,30769,-89.407394,43.07264
22504,30769,-89.38738,43.075043
22505,28706,-89.38463,43.072426
22506,28706,-89.38511,43.07416
22507,28706,-89.35532,43.092377
22508,28706,-89.38354,43.07628
22509,22509,-89.376755,43.076054
22510,28706,-89.42256,43.034737
22511,28706,-89.38156,43.077374
22512,28706,-89.375595,43.085125
22513,22513,-89.38101,43.074238
22514,28706,-89.3721,43.078094
22515,22515,-89.38207,43.07572
22516,30769,-112.00837,33.418617
22517,28706,-89.38912,43.071915
22518,30769,-115.191826,36.144268
22519,28706,-89.381035,43.075104
22520,28706,-89.383064,43.070717
22521,28706,-89.51922,43.097805
22522,28706,-80.75538,35.29709
22523,28706,-89.40181,43.06787
22524,30769,-88.24417,40.111145
22525,28706,-89.51867,43.075775
22526,30769,-115.351524,36.159336
22527,22527,-89.41684,43.064793
22528,28706,-89.526726,43.073486
22529,30769,-89.392136,43.075005
22530,22530,-89.38323,43.076836
22531,28706,-89.32646,43.07151
22532,28706,-89.380875,43.074425
22533,22533,-89.40039,43.067833
22534,28706,-89.39177,43.075077
22535,22535,-89.380875,43.074776
22536,22536,-89.39336,43.07273
22537,28706,-89.42887,43.072083
22538,22538,-89.393196,43.074104
22539,28706,-89.35473,43.0921
22540,28706,-89.38511,43.07416
22541,28706,-89.38156,43.074345
22542,28706,-89.39556,43.07282
22543,22543,-115.17726,36.094547
22544,28706,-89.51057,43.095184
22545,28706,-89.27136,43.168533
22546,28706,-89.394714,43.074917
22547,28706,-89.388336,43.07488
22548,28706,-89.21093,43.19582
22549,28706,-89.44463,43.075634
22550,22550,-115.174355,36.092293
22551,28706,-115.170975,36.114277
22552,28706,-89.407394,43.07264
22553,28706,-89.39492,43.07482
22554,22554,-89.39556,43.07282
22555,28706,-89.396385,43.07487
22556,22556,-89.45202,43.038074
22557,30769,-89.394714,43.074917
22558,22558,-89.3759,43.084892
22559,28706,-89.39618,43.075157
22560,28706,-89.38434,43.07243
22561,30769,-89.41891,43.063972
22562,30769,-115.15321,36.10895
22563,28706,-89.36152,43.085617
22564,22564,-89.3908,43.075417
22565,22565,-89.38101,43.074238
22566,30769,-89.39069,43.074802
22567,30557,-89.49952,43.057144
22568,28706,-115.16591,36.127686
22569,28706,-89.38695,43.07489
22570,28706,-115.17181,36.12074
22571,28706,-89.38101,43.074238
22572,28706,-89.4301,43.072556
22573,30769,-89.389015,43.056244
22574,28706,-89.374084,43.076233
22575,22575,-89.42853,43.057552
22576,22576,-89.39741,43.055573
22577,22577,-89.34248,43.093643
22578,22578,-89.374084,43.076233
22579,28706,-89.38389,43.07915
22580,28706,-115.24334,36.04716
22581,28706,-89.38323,43.076836
22582,28706,-89.392136,43.075005
22583,22583,-89.39177,43.075077
22584,28706,-89.40119,43.06117
22585,28706,-89.4811,43.01489
22586,30769,-115.17089,36.11006
22587,28706,-80.86122,35.21396
22588,30769,-89.39336,43.07273
22589,28706,-115.09115,36.117073
22590,28706,-111.88877,33.696724
22591,30769,-111.756035,33.30083
22592,22592,-115.17259,36.112953
22593,22593,-89.38207,43.07572
22594,28706,-115.16348,36.113026
22595,28706,-89.392944,43.074833
22596,30769,-115.1765,36.116962
22597,28706,-115.17688,36.111946
22598,22598,-115.17421,36.106213
22599,30769,-89.38431,43.076805
22600,22600,-89.34132,43.094032
22601,22601,-89.39576,43.074894
22602,28706,-89.38101,43.074238
22603,30769,-89.39595,43.074776
22604,22604,-89.383316,43.076622
22605,28706,-89.45238,43.07147
22606,30557,-89.37064,43.082573
22607,28706,-89.36498,43.083164
22608,22608,-89.503044,43.065376
22609,22609,-89.44463,43.075634
22610,22610,-89.38305,43.07591
22611,30557,-89.401085,43.060616
22612,28706,-89.42897,43.072254
22613,30769,-89.374565,43.076603
22614,22614,-89.382126,43.07474
22615,28706,-89.45303,43.07335
22616,22616,-89.38705,43.07429
22617,22617,-89.39414,43.07484
22618,28706,-89.40005,43.05786
22619,22619,-89.52305,43.086346
22620,30769,-73.5747,45.525303
22621,28706,-89.38628,43.075214
22622,22622,-89.38845,43.074776
22623,30769,-89.395615,43.07181
22624,30769,-89.3956,43.074142
22625,28706,-73.57538,45.482975
22626,28706,-89.38992,43.074516
22627,22627,-89.5013,43.059402
22628,28706,-89.477135,43.011986
22629,28706,-89.39177,43.075077
22630,30557,-89.38434,43.07243
22631,28706,-89.4301,43.072556
22632,22632,-89.38658,43.07561
22633,22633,-112.04791,33.47893
22634,22634,-89.47949,43.00865
22635,28706,-89.38154,43.074726
22636,30557,-73.559555,45.507782
22637,28706,-89.3838,43.07744
22638,28706,-111.94818,33.505783
22639,28706,-89.32814,43.046417
22640,28706,-89.374084,43.076233
22641,28706,-89.41861,43.02335
22642,28706,-115.14289,36.143345
22643,22643,-89.38761,43.071693
22644,28706,-80.00034,40.4436
22645,28706,-89.477135,43.011986
22646,28706,-89.35532,43.092377
22647,28706,-89.36083,43.08603
22648,28706,-89.38761,43.071693
22649,30769,-73.58146,45.51805
22650,30769,-79.985535,40.45074
22651,30557,-89.387115,43.074738
22652,28706,-89.36867,43.079823
22653,28706,-115.15152,36.10749
22654,22654,-73.55496,45.50348
22655,30769,-89.38658,43.07561
22656,30769,-89.4,43.076355
22657,30769,-89.37935,43.07414
22658,28706,-89.42885,43.05668
22659,22659,-89.32856,43.114677
22660,28706,-89.50679,43.060757
22661,28706,-89.4301,43.072556
22662,22662,-89.39336,43.07273
22663,30769,-89.39423,43.074593
22664,28706,-89.457634,43.014973
22665,30557,-89.27986,43.085346
22666,28706,-89.38123,43.074745
22667,22667,-89.382256,43.073795
22668,28706,-89.374084,43.076233
22669,28706,-89.37587,43.08149
22670,22670,-88.219406,40.105736
22671,28706,-89.4301,43.072556
22672,28706,-89.5113,43.06069
22673,30769,-115.17127,36.11288
22674,28706,-89.390335,43.074764
22675,30557,-89.38354,43.07628
22676,22676,-89.45303,43.07335
22677,28706,-89.5113,43.06069
22678,30769,-89.47705,43.04692
22679,22679,-89.51173,43.095787
22680,30557,-89.51744,43.075317
22681,22681,-89.4811,43.01489
22682,22682,-89.486176,43.052937
22683,28706,-89.361435,43.085674
22684,28706,-115.17869,36.06815
22685,22685,-89.220314,43.18294
22686,30557,-89.39768,43.055992
22687,30557,-115.14867,36.08358
22688,22688,-89.42092,43.034473
22689,30557,-89.38379,43.07604
22690,28706,-89.34394,43.103706
22691,30557,-89.494194,43.056038
22692,28706,-89.452484,43.074177
22693,22693,-89.49766,43.05608
22694,22694,-89.452324,43.07114
22695,28706,-89.41643,43.06517
22696,22696,-89.379616,43.082268
22697,28706,-89.35353,43.092144
22698,28706,-89.382256,43.073795
22699,28706,-89.39987,43.07648
22700,22700,-115.17496,36.121323
22701,28706,-89.34248,43.093643
22702,30769,-89.37679,43.083786
22703,28706,-89.381355,43.074852
22704,22704,-89.38401,43.07263
22705,22705,-89.38323,43.076836
22706,28706,-89.42853,43.057552
22707,30769,-89.42788,43.05801
22708,22708,-89.32575,43.05365
22709,28706,-89.453026,43.07333
22710,28706,-89.29875,43.133747
22711,22711,-89.38737,43.074337
22712,22712,-89.51387,43.06016
22713,23817,-89.35865,43.087383
22714,28706,-89.502304,43.05897
22715,28706,-89.38353,43.076923
22716,28706,-89.317665,43.08356
22717,28706,-89.45145,43.07474
22718,22718,-111.94652,33.422188
22719,28706,-89.52916,43.09116
22720,22720,-89.374084,43.076233
22721,28706,-89.395935,43.053226
22722,22722,-89.39616,43.073444
22723,30769,-115.17652,36.11301
22724,22724,-89.37928,43.074512
22725,22725,-89.52932,43.075336
22726,28706,-89.51367,43.09613
22727,28706,-89.407394,43.07264
22728,28706,-89.452484,43.074177
22729,28706,-89.452484,43.074177
22730,22730,-89.309074,43.129593
22731,28706,-89.498955,43.05663
22732,22732,-88.238914,40.110374
22733,28706,-88.20279,40.11339
22734,30557,-115.1068,36.071945
22735,28706,-111.940254,33.425964
22736,22736,-88.20902,40.112823
22737,28706,-88.23319,40.110554
22738,30769,-88.20769,40.11382
22739,22739,-88.22911,40.109997
22740,28706,-88.24289,40.1106
22741,30769,-88.20829,40.1132
22742,22742,-115.16587,36.126877
22743,28706,-112.06456,33.522358
22744,22744,-111.97702,33.583447
22745,28706,-115.1726,36.118793
22746,22746,-115.17277,36.10465
22747,22747,-111.71336,33.594963
22748,22748,-115.145645,36.124844
22749,28706,-115.17581,36.08995
22750,22750,-111.90624,33.37797
22751,30769,-111.99497,33.43605
22752,30769,-115.17033,36.12362
22753,30769,-115.15689,36.113342
22754,28706,-115.17028,36.12433
22755,30769,-115.17481,36.10987
22756,28706,-115.19528,36.11444
22757,30769,-111.99497,33.43605
22758,30557,-112.07127,33.508995
22759,28706,-115.17234,36.110107
22760,22760,-111.936485,33.422974
22761,30769,-111.78973,33.354954
22762,22762,-112.06845,33.637367
22763,22763,-115.225945,36.239635
22764,28706,-111.98156,33.304703
22765,28706,-115.134346,36.10037
22766,28706,-115.16818,36.117462
22767,22767,-115.17223,36.110733
22768,28706,-115.091934,36.02
22769,28706,-111.92722,33.3482
22770,28706,-111.93962,33.42344
22771,22771,-115.17332,36.10583
22772,30557,-3.194447,55.94859
22773,30769,-79.91165,40.407955
22774,28706,-112.07401,33.45038
22775,28706,-115.16845,36.123913
22776,28706,-112.065636,33.44916
22777,28706,-115.14637,36.124424
22778,28706,-111.919815,33.500168
22779,28706,-112.07409,33.4975
22780,22780,-112.26047,33.535076
22781,22781,-111.84203,33.2455
22782,28706,-111.936,33.41438
22783,22783,-112.014595,33.48145
22784,22784,-112.07787,33.448128
22785,30769,-112.11646,33.560856
22786,30769,-115.17332,36.11567
22787,22787,-112.04791,33.47893
22788,22788,-111.93472,33.42403
22789,28706,-89.34981,43.102962
22790,28706,-111.89497,33.582962
22791,22791,-111.910515,33.46885
22792,28706,-111.92356,33.6249
22793,28706,-111.7534,33.3807
22794,22794,-111.99899,33.436527
22795,28706,-111.92053,33.489132
22796,30769,-115.14164,36.169453
22797,28706,-115.1741,36.12124
22798,28706,-111.94099,33.423275
22799,28706,-112.22264,33.595802
22800,28706,-115.173874,36.109753
22801,28706,-112.03612,33.37785
22802,30769,-79.913895,40.45003
22803,30769,-111.99224,33.30574
22804,28706,-115.171524,36.119305
22805,22805,-112.06968,33.445976
22806,30769,-115.17234,36.110107
22807,28706,-112.07908,33.49112
22808,22808,-111.92293,33.492752
22809,22809,-112.03558,33.509747
22810,30557,-112.07401,33.505856
22811,28706,-115.17435,36.113964
22812,22812,-112.11985,33.58239
22813,28706,-112.06238,33.637684
22814,28706,-112.07379,33.435524
22815,22815,-112.07714,33.479996
22816,28706,-115.1726,36.118793
22817,22817,-111.93051,33.49245
22818,28706,-112.07551,33.449596
22819,22819,-111.91078,33.445614
22820,22820,-111.92627,33.637753
22821,28706,-112.07379,33.435524
22822,28706,-115.2087,36.043213
22823,22823,-112.07421,33.448036
22824,28706,-112.357994,33.461502
22825,28706,-112.07379,33.435524
22826,22826,-112.187355,33.53877
22827,28706,-112.099915,33.503017
22828,22828,-112.047455,33.547836
22829,28706,-111.9007,33.554337
22830,30769,-111.92605,33.479523
22831,22831,-112.0741,33.506855
22832,28706,-112.04733,33.641117
22833,28706,-112.25456,33.478016
22834,28706,-112.16722,33.639576
22835,30769,-112.271225,33.63774
22836,22836,-112.16848,33.611618
22837,28706,-112.273056,33.46414
22838,28706,-111.97688,33.583424
22839,28706,-112.073875,33.446995
22840,22840,-112.16722,33.639576
22841,28706,-112.121895,33.670223
22842,23074,-111.90624,33.37797
22843,28706,-111.976555,33.677334
22844,28706,-111.936,33.41438
22845,28706,-112.065636,33.44916
22846,28706,-80.83188,35.156338
22847,22847,-111.92637,33.500492
22848,28706,-111.89904,33.55519
22849,22849,-112.075264,33.45975
22850,22850,-112.08227,33.4657
22851,22851,-111.94796,33.30443
22852,22852,-112.07341,33.5137
22853,28706,-112.13109,33.52452
22854,22854,-112.02636,33.50909
22855,22855,-111.75614,33.36745
22856,22856,-111.77975,33.37889
22857,28706,-111.87605,33.3627
22858,22858,-112.13908,33.86405
22859,22859,-112.07232,33.457657
22860,28706,-112.26047,33.535076
22861,22861,-112.23592,33.65222
22862,28706,-112.12349,33.579052
22863,22863,-111.97678,33.675884
22864,28706,-111.84169,33.3019
22865,22865,-111.88268,33.326157
22866,28706,-111.89378,33.63978
22867,28706,-111.98909,33.42159
22868,22868,-111.790016,33.35597
22869,22869,-112.18803,33.538708
22870,28706,-112.22782,33.479523
22871,22871,-112.35845,33.494408
22872,22872,-112.30588,33.457275
22873,28706,-112.15156,33.41697
22874,28706,-111.93981,33.426044
22875,30769,-111.90888,33.395096
22876,28706,-112.22163,33.582138
22877,30769,-112.15705,33.538116
22878,22878,-115.15458,36.119186
22879,22879,-112.359604,33.60966
22880,28706,-112.08282,33.500736
22881,28706,-112.38765,33.464397
22882,22882,-112.04831,33.508953
22883,22883,-115.175804,36.096684
22884,30769,-111.928185,33.501774
22885,22885,-111.9864,33.5107
22886,22886,-112.08225,33.516342
22887,22887,-112.0791,33.454967
22888,28706,-111.85407,33.39349
22889,28706,-115.13792,36.168026
22890,28706,-111.926605,33.476547
22891,28706,-112.11646,33.560856
22892,22892,-111.97562,33.675262
22893,28706,-111.74367,33.29674
22894,28706,-112.06551,33.576332
22895,28706,-112.065506,33.46645
22896,28706,-112.08001,33.48002
22897,28706,-111.92595,33.422276
22898,28706,-111.92529,33.478733
22899,28706,-112.04779,33.52229
22900,28706,-112.02988,33.47868
22901,28706,-111.97844,33.624424
22902,22902,-111.99538,33.44852
22903,30769,-112.06476,33.4713
22904,22904,-111.80274,33.384647
22905,22905,-112.02814,33.510223
22906,28706,-111.995514,33.50243
22907,30769,-112.152145,33.578148
22908,28706,-111.68865,33.379803
22909,22909,-111.875336,33.277004
22910,28706,-3.1915004,55.946846
22911,28706,-115.16559,36.12689
22912,28706,-111.9348,33.42384
22913,28706,-111.59897,33.379505
22914,28706,-111.98451,33.509106
22915,22915,-112.13396,33.84433
22916,22916,-112.07195,33.447033
22917,22917,-115.17179,36.12469
22918,22918,-112.10039,33.488403
22919,28706,-112.11621,33.525635
22920,28706,-111.98755,33.479286
22921,28706,-111.92655,33.506542
22922,28706,-111.87379,33.412354
22923,28706,-112.010605,33.465714
22924,13375,-112.05828,33.466064
22925,28706,-112.05359,33.49485
22926,28706,-111.742226,33.307808
22927,28706,-111.92444,33.40723
22928,28706,-112.08388,33.49745
22929,22929,-112.1648,33.611237
22930,22930,-112.07127,33.508995
22931,28706,-115.31392,36.14581
22932,28706,-112.13472,33.843456
22933,22933,-112.1105,33.71445
22934,28706,-112.04639,33.5075
22935,22935,-111.95117,33.421658
22936,22936,-111.92659,33.349102
22937,28706,-115.209755,36.06937
22938,28706,-111.91699,33.495335
22939,28706,-111.90513,33.41494
22940,22940,-111.940254,33.425964
22941,22941,-111.92644,33.529903
22942,28706,-112.217834,33.49427
22943,30769,-112.26123,33.53409
22944,22944,-111.9179,33.415222
22945,22945,-112.273056,33.46414
22946,28706,-111.82234,33.349255
22947,28706,-112.10967,33.712368
22948,28706,-111.684975,33.436657
22949,28706,-112.134186,33.51087
22950,22950,-112.184326,33.539227
22951,22951,-112.09819,33.55385
22952,30769,-112.1159,33.587765
22953,28706,-114.92266,36.11394
22954,28706,-112.39167,33.45223
22955,28706,-112.26056,33.534855
22956,28706,-111.89591,33.30572
22957,30769,-111.747284,33.29401
22958,22958,-112.116264,33.576405
22959,28706,-112.09203,33.571507
22960,28706,-115.13539,36.010048
22961,22961,-112.12501,33.581825
22962,28706,-111.94818,33.505783
22963,22963,-112.11836,33.58035
22964,28706,-112.1231,33.58131
22965,30769,-111.958885,33.34871
22966,28706,-115.173515,36.103
22967,28706,-115.17062,36.122112
22968,22968,-111.80445,33.37847
22969,22969,-112.39201,33.47209
22970,28706,-112.09909,33.552475
22971,22971,-111.94451,33.42969
22972,22972,-112.21724,33.638668
22973,28706,-111.92695,33.580814
22974,28706,-112.11762,33.524418
22975,22975,-112.11519,33.56719
22976,22976,-112.07232,33.457657
22977,28706,-112.152214,33.595585
22978,22978,-111.90553,33.618706
22979,22979,-111.998886,33.435684
22980,28706,-112.01323,33.47383
22981,28706,-111.87938,33.364536
22982,28706,-112.51256,33.495914
22983,22983,-111.92641,33.655567
22984,28706,-112.073074,33.462406
22985,28706,-111.93293,33.624756
22986,22986,-112.11629,33.683403
22987,22987,-112.11646,33.560856
22988,22988,-115.15951,36.113438
22989,22989,-112.06551,33.576332
22990,22990,-112.0817,33.655106
22991,22991,-112.02951,33.39999
22992,28706,-115.14511,36.1741
22993,22993,-112.10967,33.712368
22994,28706,-111.973885,33.679356
22995,28706,-112.0739,33.500202
22996,28706,-112.12288,33.667747
22997,22997,-112.114044,33.68167
22998,28706,-112.07409,33.512627
22999,28706,-112.09579,33.68413
23000,23000,-112.26105,33.533955
23001,23001,-111.88892,33.56866
23002,23002,-111.85407,33.39349
23003,23003,-111.95077,33.407825
23004,23004,-112.11359,33.452225
23005,28706,-111.91693,33.42156
23006,28706,-112.127,33.581833
23007,23007,-111.93897,33.39407
23008,28706,-115.159805,36.1511
23009,28706,-111.96778,33.305794
23010,28706,-112.122055,33.58155
23011,28706,-111.97846,33.598522
23012,28706,-112.06516,33.519554
23013,30769,-115.172714,36.11888
23014,28706,-112.181595,33.552624
23015,23015,-112.13356,33.583717
23016,23016,-112.13264,33.53884
23017,28706,-112.06892,33.639256
23018,28706,-112.16888,33.378666
23019,28706,-112.36504,33.638195
23020,30769,-111.89828,33.52388
23021,28706,-112.01427,33.530174
23022,28706,-111.7195,33.34711
23023,23023,-112.34139,33.438656
23024,23024,-112.07382,33.44826
23025,23025,-112.220604,33.475075
23026,23026,-112.09698,33.538143
23027,23027,-111.95117,33.421658
23028,28706,-111.92746,33.442947
23029,23029,-112.25791,33.55219
23030,23030,-112.34913,33.442703
23031,28706,-112.02849,33.510426
23032,28706,-111.995026,33.494835
23033,23033,-112.09266,33.362442
23034,28706,-112.06483,33.457333
23035,23035,-112.12928,33.799435
23036,28706,-112.18589,33.462093
23037,23037,-112.166214,33.611237
23038,23038,-112.13259,33.552723
23039,23039,-112.111664,33.64012
23040,23040,-112.51256,33.495914
23041,23041,-111.97976,33.58406
23042,23042,-112.27315,33.711445
23043,23043,-112.10039,33.354465
23044,28706,-112.127,33.581833
23045,28706,-111.97811,33.59784
23046,23046,-112.118805,33.57948
23047,23047,-112.36504,33.638195
23048,28706,-111.92796,33.49821
23049,23049,-112.043816,33.465923
23050,23050,-111.88925,33.673668
23051,23051,-111.97846,33.598522
23052,23052,-112.12003,33.64044
23053,23053,-111.914,33.39301
23054,28706,-112.18475,33.612614
23055,23055,-112.06456,33.522358
23056,23056,-112.12093,33.638924
23057,23057,-111.92753,33.49919
23058,23058,-112.02123,33.496204
23059,28706,-112.135994,33.56674
23060,28706,-111.86837,33.4339
23061,28706,-111.78645,33.30592
23062,23062,-111.85407,33.39349
23063,30769,-111.93526,33.425156
23064,28706,-111.563995,33.407337
23065,28706,-111.99129,33.751526
23066,28706,-111.78973,33.354954
23067,23067,-111.834526,33.414837
23068,23068,-111.94451,33.42969
23069,23069,-111.789635,33.279415
23070,28706,-112.39379,33.45045
23071,28706,-111.97956,33.742207
23072,23072,-111.91197,33.335354
23073,28706,-80.94504,35.21938
23074,28706,-111.92298,33.492252
23075,28706,-111.73575,33.439777
23076,28706,-111.634,33.24185
23077,28706,-112.02951,33.39999
23078,28706,-111.89698,33.62367
23079,28706,-111.995995,33.50922
23080,28706,-111.83505,33.415474
23081,30769,-111.82584,33.41346
23082,28706,-111.746376,33.309944
23083,23083,-111.84292,33.351166
23084,28706,-111.860565,33.364925
23085,28706,-111.92922,33.497566
23086,28706,-111.95768,33.42806
23087,28706,-111.888626,33.675133
23088,23088,-111.72392,33.32106
23089,23089,-111.83591,33.415443
23090,23090,-112.077576,33.458744
23091,23091,-111.997826,33.43523
23092,30769,-111.860565,33.364925
23093,23093,-111.84111,33.363014
23094,23094,-89.38323,43.076836
23095,23095,-111.89497,33.582962
23096,23096,-111.92423,33.67549
23097,28706,-112.03788,33.509254
23098,28706,-111.90752,33.4066
23099,28706,-111.84111,33.363014
23100,28706,-111.943306,33.42127
23101,23101,-111.93007,33.378265
23102,28706,-111.82407,33.423416
23103,23103,-111.6876,33.325577
23104,30769,-111.842766,33.302315
23105,30769,-111.537415,33.57461
23106,23106,-111.90941,33.454285
23107,23107,-111.89477,33.627304
23108,28706,-111.80705,33.38158
23109,28706,-112.04791,33.47893
23110,28706,-111.935265,33.833332
23111,28706,-111.925865,33.64129
23112,28706,-111.78678,33.450356
23113,28706,-111.860565,33.364925
23114,23114,-112.06456,33.522358
23115,23115,-111.80628,33.384315
23116,28706,-111.789505,33.452507
23117,28706,-111.72392,33.32106
23118,28706,-111.91341,33.408203
23119,23119,-111.790085,33.35524
23120,23120,-111.75418,33.385548
23121,28706,-111.926445,33.490032
23122,28706,-111.93649,33.833767
23123,30769,-111.68809,33.385452
23124,23124,-115.17582,36.09558
23125,30769,-111.73215,33.451237
23126,28706,-111.68375,33.383224
23127,28706,-111.91155,33.40709
23128,28706,-111.753044,33.392246
23129,23129,-111.72047,33.451294
23130,28706,-111.716896,33.43614
23131,28706,-111.906586,33.46613
23132,28706,-111.77134,33.33696
23133,23133,-115.175804,36.096684
23134,23134,-112.39314,33.62682
23135,28706,-111.83591,33.415443
23136,23136,-111.72688,33.414944
23137,28706,-111.686104,33.38569
23138,23138,-111.68718,33.375057
23139,28706,-111.92293,33.492752
23140,28706,-111.86491,33.435246
23141,30769,-111.8758,33.41271
23142,28706,-111.93897,33.39407
23143,28706,-111.78441,33.379513
23144,28706,-111.91824,33.501984
23145,23145,-111.92568,33.422756
23146,23146,-112.07354,33.456055
23147,23147,-111.92589,33.49292
23148,23148,-111.757675,33.307476
23149,28706,-111.92644,33.529903
23150,23150,-111.905556,33.433037
23151,23151,-111.836136,33.416798
23152,28706,-111.73886,33.381153
23153,28706,-111.80705,33.38158
23154,28706,-111.61947,33.479176
23155,28706,-112.3619,33.63822
23156,23156,-111.90752,33.4066
23157,23157,-111.55314,33.41549
23158,28706,-112.273315,33.708637
23159,28706,-111.583275,33.220783
23160,23160,-111.684685,33.21179
23161,30769,-115.19826,36.11444
23162,28706,-111.9198,33.375698
23163,28706,-112.030266,33.67905
23164,28706,-112.02636,33.50909
23165,23165,-111.84763,33.378475
23166,28706,-111.932106,33.493336
23167,28706,-111.7183,33.262623
23168,23168,-115.17435,36.113964
23169,28706,-111.755875,33.303925
23170,28706,-111.790085,33.35524
23171,28706,-111.89859,33.490013
23172,28706,-111.85849,33.348263
23173,28706,-111.92635,33.489796
23174,28706,-111.94049,33.423412
23175,23175,-112.07358,33.442486
23176,28706,-115.142006,36.17183
23177,23177,-111.88503,33.306114
23178,23178,-111.8902,33.319973
23179,28706,-111.789856,33.356342
23180,28706,-111.74355,33.307823
23181,28706,-111.92463,33.526604
23182,28706,-111.91861,33.500355
23183,23183,-111.92749,33.49697
23184,23184,-111.898415,33.297104
23185,28706,-111.70326,33.46858
23186,28706,-111.92754,33.480732
23187,28706,-111.841156,33.29266
23188,23188,-111.9405,33.4272
23189,28706,-111.78376,33.334938
23190,23190,-111.89859,33.490013
23191,28706,-111.903336,33.433212
23192,28706,-111.82394,33.348804
23193,28706,-111.74385,33.307648
23194,30769,-111.91268,33.320995
23195,28706,-111.79081,33.27119
23196,23196,-111.791214,33.219017
23197,28706,-111.858246,33.26385
23198,28706,-111.747284,33.29401
23199,28706,-111.63411,33.250214
23200,28706,-111.789406,33.343132
23201,28706,-111.716736,33.262703
23202,28706,-111.8902,33.319973
23203,28706,-112.07127,33.508995
23204,28706,-112.0792,33.49111
23205,28706,-111.92655,33.506542
23206,28706,-112.07317,33.509285
23207,30769,-115.16349,36.132664
23208,30769,-112.0049,33.518227
23209,28706,-112.04751,33.52433
23210,28706,-111.92427,33.492287
23211,28706,-111.92427,33.492287
23212,23212,-111.92902,33.50251
23213,30769,-115.1765,36.10758
23214,30769,-111.9192,33.500023
23215,28706,-111.85832,33.32686
23216,23216,-111.92582,33.497734
23217,23608,-112.03397,33.508984
23218,23074,-111.94026,33.83301
23219,28706,-115.17332,36.10583
23220,28706,-111.93395,33.49345
23221,30769,-115.17484,36.102894
23222,23222,-111.92477,33.64053
23223,30769,-111.91712,33.64557
23224,23224,-112.06997,33.451385
23225,23225,-111.92638,33.49853
23226,23226,-115.175385,36.093647
23227,23227,-112.04096,33.431335
23228,23228,-111.93356,33.492912
23229,23229,-111.9276,33.498474
23230,23230,-111.8856,33.454426
23231,23231,-115.17496,36.121323
23232,28706,-111.955215,33.83297
23233,28706,-115.17407,36.121197
23234,30769,-115.17405,36.109875
23235,30769,-111.92083,33.50102
23236,28706,-115.14479,36.170017
23237,23237,-115.172714,36.11888
23238,28706,-112.23992,33.595974
23239,28706,-111.9283,33.502007
23240,23240,-111.97976,33.58406
23241,30769,-111.91728,33.465336
23242,28620,-111.92529,33.478733
23243,23243,-111.92305,33.501965
23244,30769,-111.92529,33.478733
23245,28706,-115.176155,36.09279
23246,30557,-115.17306,36.091965
23247,30769,-111.92427,33.492287
23248,23248,-111.90849,33.430023
23249,30769,-111.92306,33.49227
23250,28706,-115.20836,36.099403
23251,28706,-111.95462,33.615543
23252,30557,-73.575485,45.48277
23253,23253,-111.94042,33.429222
23254,28706,-112.026474,33.510254
23255,28706,-111.93646,33.42296
23256,28706,-115.17203,36.11494
23257,28706,-111.931244,33.49337
23258,28706,-115.16961,36.121452
23259,23259,-111.92645,33.49031
23260,23260,-111.92565,33.494263
23261,23261,-115.15152,36.10749
23262,23262,-111.75614,33.36745
23263,28706,-115.1726,36.118793
23264,30769,-111.98617,33.510483
23265,28706,-111.75599,33.379623
23266,23266,-112.06518,33.57531
23267,28706,-112.044914,33.510166
23268,28706,-111.92582,33.497734
23269,23269,-112.04785,33.47196
23270,30769,-115.173515,36.103
23271,28706,-111.926674,33.489574
23272,23272,-111.92582,33.461185
23273,23273,-111.92237,33.501263
23274,28706,-115.176704,36.09028
23275,28706,-115.174706,36.01131
23276,28706,-111.924095,33.493233
23277,30769,-115.17493,36.10478
23278,28706,-111.92951,33.322136
23279,23279,-111.92993,33.49451
23280,28706,-115.16348,36.113026
23281,30769,-115.17737,36.107616
23282,28706,-111.926445,33.490032
23283,28706,-111.9161,33.419567
23284,23284,-115.11687,36.072422
23285,23285,-111.92716,33.499565
23286,28706,-111.92775,33.492905
23287,23287,-111.92552,33.43438
23288,28706,-73.55817,45.500553
23289,23289,-111.92942,33.50284
23290,28706,-115.280624,36.113846
23291,28706,-111.90133,33.297695
23292,23292,-111.91492,33.421413
23293,23293,-115.16714,36.126476
23294,28706,-115.15112,36.086338
23295,28706,-111.89477,33.627304
23296,23296,-111.92645,33.49157
23297,28706,-111.9975,33.510815
23298,23298,-111.889854,33.56891
23299,28706,-111.88753,33.62979
23300,28706,-111.96083,33.487644
23301,23301,-111.924644,33.497574
23302,28706,-112.033966,33.465523
23303,28706,-111.92958,33.493736
23304,23304,-111.926254,33.609715
23305,28706,-115.17075,36.101788
23306,28706,-111.92427,33.492287
23307,28706,-111.87434,33.33615
23308,23308,-111.92485,33.496483
23309,28706,-111.94115,33.42319
23310,30769,-111.922966,33.501312
23311,23311,-111.89497,33.582962
23312,28706,-111.927,33.474373
23313,30769,-115.16242,36.131897
23314,23314,-111.96444,33.67591
23315,23315,-111.924484,33.56611
23316,28706,-111.92749,33.49549
23317,28706,-115.17306,36.091965
23318,23318,-73.5612,45.50295
23319,28706,-115.1763,36.11227
23320,28706,-111.92444,33.40723
23321,28706,-111.92433,33.49471
23322,28706,-115.13902,36.088516
23323,28706,-115.17012,36.122276
23324,28706,-115.16597,36.127857
23325,28706,-111.92898,33.494953
23326,23326,-111.9377,33.39286
23327,23327,-115.16961,36.121456
23328,30769,-115.142006,36.17183
23329,30769,-115.17341,36.118275
23330,28706,-111.92769,33.499382
23331,30769,-115.174644,36.109913
23332,28706,-111.92796,33.490696
23333,23333,-111.92686,33.585636
23334,23334,-111.84085,33.28455
23335,28706,-111.92611,33.41472
23336,28706,-112.000854,33.44884
23337,23337,-112.067,33.508987
23338,30769,-112.036606,33.509274
23339,30769,-111.92558,33.566383
23340,28706,-115.167725,36.103397
23341,28706,-111.76328,33.45083
23342,28706,-111.964966,33.501846
23343,23343,-111.92531,33.473274
23344,23344,-111.8758,33.41271
23345,23345,-111.90979,33.48124
23346,23346,-112.03788,33.509254
23347,28706,-111.90837,33.464348
23348,23348,-111.76157,33.5782
23349,28706,-111.95392,33.40789
23350,30557,-73.56134,45.523285
23351,28706,-111.7443,33.307983
23352,28706,-73.5765,45.53093
23353,23353,-111.937614,33.377888
23354,28706,-112.149605,33.56798
23355,28706,-111.927124,33.459255
23356,28706,-111.78991,33.355118
23357,23357,-111.85576,33.39053
23358,23358,-111.9255,33.434334
23359,28706,-111.9276,33.498474
23360,28706,-115.172554,36.10907
23361,23361,-112.06063,33.49443
23362,23362,-115.284355,36.138515
23363,30769,-115.17019,36.123405
23364,28706,-111.92593,33.493774
23365,23365,-111.92718,33.499454
23366,23366,-111.93051,33.49245
23367,28706,-111.87502,33.276276
23368,23368,-111.898346,33.621647
23369,30769,-115.17322,36.11784
23370,23370,-112.072014,33.455708
23371,23371,-111.91909,33.50095
23372,30769,-115.174225,36.106884
23373,28706,-111.99651,33.509785
23374,28706,-111.85537,33.390446
23375,30769,-115.17106,36.12008
23376,23376,-111.93159,33.830368
23377,14207,-111.92542,33.567024
23378,23378,-112.082855,33.465343
23379,28706,-111.92448,33.62557
23380,30769,-73.567375,45.498024
23381,28706,-3.1837537,55.949978
23382,28706,-115.15126,36.1089
23383,23383,-111.9309,33.58303
23384,30769,-111.92727,33.49783
23385,30769,-111.92415,33.50155
23386,28706,-115.175804,36.09531
23387,28706,-115.174355,36.092293
23388,30557,-115.181755,36.111107
23389,28706,-111.93356,33.492912
23390,23390,-115.20955,36.12644
23391,30557,-115.14339,36.169838
23392,23392,-112.07377,33.45838
23393,28706,-112.07371,33.456326
23394,23394,-111.85664,33.233788
23395,28706,-112.065636,33.44916
23396,28706,-111.92355,33.623634
23397,28706,-111.92563,33.49171
23398,30769,-111.92612,33.532578
23399,23399,-111.92514,33.542786
23400,23400,-111.928185,33.501774
23401,23401,-111.92753,33.49919
23402,28706,-111.92462,33.49879
23403,28706,-111.92572,33.526047
23404,28706,-112.02814,33.510223
23405,23405,-111.92463,33.526604
23406,28706,-112.073395,33.477222
23407,28706,-115.17124,36.11788
23408,30769,-115.22329,36.125538
23409,28706,-111.966606,33.67681
23410,30769,-111.96561,33.676094
23411,28706,-111.93962,33.42344
23412,23412,-111.92481,33.421085
23413,23608,-112.011284,33.640278
23414,28706,-111.92716,33.499565
23415,30769,-115.14085,36.170055
23416,28706,-112.04928,33.523098
23417,28706,-115.16587,36.126877
23418,28706,-111.97688,33.583424
23419,23419,-111.92427,33.492287
23420,28706,-115.16879,36.122967
23421,23421,-112.10129,33.678238
23422,28706,-115.15539,36.11793
23423,28706,-111.92708,33.508694
23424,23424,-111.92708,33.508694
23425,23425,-115.17107,36.112522
23426,28706,-111.92603,33.37827
23427,30769,-115.20888,36.09506
23428,28706,-111.92708,33.508694
23429,23429,-111.9283,33.502007
23430,30557,-111.92708,33.508694
23431,23431,-111.92793,33.489388
23432,28706,-111.92432,33.499275
23433,23433,-111.99398,33.479767
23434,28706,-111.9263,33.320377
23435,28706,-111.79115,33.3323
23436,28706,-115.10691,35.999065
23437,30769,-111.92612,33.532578
23438,23438,-111.93004,33.492516
23439,28706,-111.926445,33.490032
23440,23440,-111.92775,33.492905
23441,28706,-111.92857,33.498913
23442,28706,-111.92775,33.492905
23443,28706,-112.082825,33.517372
23444,23444,-111.89283,33.58325
23445,30769,-115.17012,36.122276
23446,30557,-115.167755,36.123943
23447,23447,-111.92227,33.584015
23448,28706,-112.027016,33.50802
23449,23449,-112.065475,33.47014
23450,23817,-111.92745,33.498722
23451,28706,-111.93512,33.483368
23452,23452,-111.801056,33.69663
23453,23453,-111.939285,33.39397
23454,23454,-111.92942,33.50284
23455,28706,-112.26989,33.553776
23456,23456,-111.97678,33.584267
23457,23608,-111.923096,33.49217
23458,28706,-112.11672,33.53954
23459,28706,-111.8859,33.545685
23460,30769,-111.918205,33.501457
23461,28706,-111.91348,33.41466
23462,23462,-111.92563,33.49171
23463,28706,-111.91124,33.362206
23464,28706,-111.92942,33.50284
23465,28706,-111.98255,33.48009
23466,28706,-111.90851,33.486828
23467,28706,-111.74018,33.378
23468,28706,-115.16762,36.126415
23469,28706,-111.97678,33.584267
23470,28706,-112.07669,33.451775
23471,28706,-115.191826,36.144268
23472,28706,-111.90851,33.486828
23473,28706,-112.0013,33.49514
23474,23474,-111.890274,33.56924
23475,28706,-111.928894,33.49311
23476,23476,-111.95392,33.40789
23477,28706,-111.91824,33.501984
23478,23478,-111.924675,33.676567
23479,28706,-115.17022,36.12299
23480,28706,-112.072014,33.455708
23481,28706,-115.1779,36.11717
23482,28706,-112.01464,33.510056
23483,30769,-112.064926,33.4743
23484,28706,-111.68428,33.265472
23485,28706,-112.07339,33.513504
23486,23486,-112.02123,33.496204
23487,23487,-111.93631,33.422318
23488,23488,-111.91017,33.48699
23489,23489,-111.91066,33.362846
23490,28706,-111.93304,33.495667
23491,23491,-111.92534,33.4944
23492,23492,-111.9235,33.625095
23493,28706,-111.789505,33.452507
23494,28706,-111.9251,33.42234
23495,23495,-111.91492,33.421413
23496,23496,-115.177,36.11199
23497,30769,-111.9259,33.491978
23498,23498,-111.90506,33.672047
23499,28706,-115.287,36.166702
23500,28706,-111.906,33.542786
23501,28706,-111.94099,33.423275
23502,23502,-111.930336,33.624638
23503,23503,-111.93458,33.582195
23504,23504,-115.180565,36.14486
23505,23505,-111.91419,33.466423
23506,28706,-112.01417,33.511307
23507,23507,-111.91861,33.500355
23508,28706,-111.988716,33.509197
23509,28706,-111.91861,33.500355
23510,23510,-115.17259,36.112953
23511,23511,-112.01186,33.572582
23512,23512,-111.924385,33.53924
23513,23513,-111.943954,33.42853
23514,23514,-111.908585,33.39378
23515,28706,-111.99865,33.495285
23516,23516,-111.92365,33.625546
23517,28706,-115.15387,36.110085
23518,23518,-111.9241,33.827328
23519,30769,-115.169655,36.12119
23520,23520,-111.92932,33.655735
23521,28706,-115.16456,36.131496
23522,28706,-111.93395,33.49345
23523,23523,-111.92566,33.51083
23524,28706,-111.927216,33.5314
23525,30769,-115.16269,36.144295
23526,28706,-111.97461,33.678616
23527,28706,-111.92255,33.63534
23528,23528,-111.92758,33.578156
23529,23529,-111.91155,33.40709
23530,23530,-111.98909,33.42159
23531,23531,-111.978455,33.62746
23532,23532,-112.06516,33.519554
23533,23533,-111.978645,33.742893
23534,30769,-3.195602,55.9491
23535,30769,-111.92727,33.49783
23536,23536,-111.90517,33.466003
23537,30769,-115.174355,36.109806
23538,28706,-115.31481,36.121902
23539,28706,-112.03569,33.50815
23540,30769,-111.9224,33.500626
23541,30769,-111.97308,33.52883
23542,28706,-111.92343,33.499702
23543,28706,-112.06783,33.458065
23544,23544,-115.29321,36.084576
23545,28706,-112.35945,33.639774
23546,23546,-115.174706,36.01131
23547,28706,-112.23505,33.633667
23548,23548,-112.06773,33.458202
23549,28706,-111.92628,33.528217
23550,28706,-111.9249,33.566227
23551,23551,-111.988716,33.509197
23552,23552,-111.8915,33.629436
23553,28706,-111.91033,33.486916
23554,23554,-112.04244,33.471443
23555,23555,-112.03397,33.508984
23556,28706,-111.8678,33.43389
23557,23557,-112.04791,33.47893
23558,30769,-115.17096,36.09936
23559,23559,-111.960075,33.349594
23560,23560,-111.88905,33.628826
23561,30769,-112.35845,33.494408
23562,28706,-111.928795,33.502323
23563,28706,-89.452324,43.07114
23564,28706,-111.995514,33.50243
23565,23565,-111.924614,33.63925
23566,28706,-111.88929,33.674316
23567,30769,-115.17155,36.05243
23568,23568,-111.928825,33.82903
23569,23569,-111.928825,33.82903
23570,28706,-111.90614,33.671265
23571,23571,-112.11634,33.68425
23572,23572,-111.97952,33.6384
23573,23573,-115.28963,36.16418
23574,23574,-111.87385,33.619835
23575,23575,-111.95183,33.50222
23576,28706,-111.92627,33.637753
23577,28706,-111.922195,33.500523
23578,23578,-111.88451,33.636524
23579,23579,-111.92492,33.62348
23580,28706,-111.907524,33.421535
23581,23581,-111.92645,33.49031
23582,30557,-115.15716,36.114746
23583,23583,-112.065475,33.47014
23584,23584,-111.98934,33.494595
23585,28706,-115.17462,36.142902
23586,23586,-111.84253,33.303234
23587,23587,-115.298294,36.077114
23588,28706,-111.92632,33.494377
23589,28706,-111.92635,33.489796
23590,23590,-111.940254,33.425964
23591,23591,-111.9258,33.49911
23592,23592,-111.86899,33.540825
23593,28706,-115.15161,36.134583
23594,23594,-111.38711,33.508118
23595,28706,-111.91492,33.421413
23596,23596,-111.91835,33.636208
23597,23597,-111.92737,33.50323
23598,28706,-111.91778,33.466396
23599,28706,-112.012505,33.390793
23600,28706,-111.90383,33.433975
23601,23601,-111.936,33.41438
23602,23602,-111.964966,33.501846
23603,28706,-111.752884,33.37769
23604,28706,-111.94026,33.392635
23605,23605,-111.9245,33.624264
23606,28706,-111.92606,33.453285
23607,23607,-115.174644,36.109913
23608,23608,-111.92255,33.63534
23609,28706,-111.84253,33.303234
23610,23610,-112.07127,33.508995
23611,23611,-111.83933,33.246418
23612,23612,-111.92414,33.6247
23613,28706,-111.74338,33.30437
23614,28706,-111.927,33.474373
23615,23615,-111.97644,33.610348
23616,23616,-111.93003,33.655685
23617,23617,-112.098526,33.451073
23618,28706,-111.92851,33.50097
23619,23619,-115.16818,36.117462
23620,28706,-115.17601,36.104332
23621,23621,-114.92888,36.102833
23622,28706,-112.07409,33.512627
23623,30769,-73.5655,45.5003
23624,28706,-111.93472,33.42403
23625,23625,-111.84111,33.363014
23626,23626,-111.94082,33.423077
23627,28706,-111.875755,33.62114
23628,28706,-73.61065,45.53131
23629,28706,-115.08566,36.02736
23630,28706,-111.94457,33.335052
23631,28706,-111.92716,33.45379
23632,28706,-112.06483,33.457333
23633,23633,-111.754906,33.3078
23634,23634,-111.78514,33.334938
23635,28706,-111.94758,33.42153
23636,28706,-112.04729,33.546448
23637,30769,-111.9283,33.502007
23638,28706,-111.89255,33.69917
23639,23639,-112.0013,33.49514
23640,28706,-112.06877,33.485413
23641,23641,-112.082504,33.44052
23642,23642,-111.939445,33.407463
23643,28706,-111.99899,33.436527
23644,28706,-111.941376,33.423275
23645,28706,-111.7212,33.3666
23646,30769,-115.16876,36.12438
23647,28706,-111.9161,33.419567
23648,28706,-112.078156,33.458477
23649,28706,-112.04702,33.546608
23650,23650,-111.93472,33.42403
23651,28706,-111.92645,33.497555
23652,23652,-111.9161,33.419567
23653,28706,-111.92409,33.424282
23654,28706,-111.86491,33.435246
23655,30769,-111.91178,33.364212
23656,28706,-111.943306,33.42127
23657,28706,-112.083176,33.451736
23658,23658,-111.93472,33.42403
23659,28706,-111.9348,33.42384
23660,23660,-111.95056,33.42161
23661,28706,-112.07397,33.513077
23662,28706,-111.92869,33.467358
23663,28706,-111.889534,33.41505
23664,28706,-111.91492,33.421413
23665,30769,-112.03839,33.507893
23666,23666,-111.90516,33.431896
23667,23667,-111.94037,33.424194
23668,23668,-111.92432,33.499275
23669,23669,-111.97982,33.49482
23670,28706,-111.93644,33.422863
23671,23671,-111.85414,33.40779
23672,23672,-111.90871,33.421734
23673,23673,-111.9255,33.434334
23674,23674,-111.98837,33.47994
23675,28706,-115.20641,36.17994
23676,28706,-111.85576,33.39053
23677,28706,-111.927635,33.57769
23678,28706,-115.13056,36.10134
23679,28706,-73.57851,45.49469
23680,23680,-111.90859,33.406624
23681,28706,-111.90513,33.41494
23682,28706,-111.89878,33.302162
23683,28706,-111.98909,33.42159
23684,23684,-111.940254,33.425964
23685,28706,-111.91462,33.393013
23686,28706,-115.13894,36.16672
23687,28706,-111.96592,33.318157
23688,23688,-111.92764,33.31837
23689,28706,-111.944046,33.436962
23690,30769,-112.18295,33.538418
23691,28706,-111.87599,33.41335
23692,23692,-111.951614,33.421337
23693,23693,-111.85407,33.39349
23694,30769,-111.88703,33.58109
23695,28706,-111.92555,33.564976
23696,30557,-3.1893704,55.9484
23697,23697,-111.92853,33.497345
23698,28706,-112.07634,33.46553
23699,23699,-112.013855,33.63044
23700,23700,-111.74385,33.307648
23701,28706,-111.77975,33.37889
23702,28706,-112.06543,33.469967
23703,23703,-111.937614,33.377888
23704,30769,-112.02123,33.496204
23705,28706,-111.93485,33.42268
23706,28706,-115.16997,36.11293
23707,28706,-111.978546,33.330902
23708,28706,-111.86831,33.393795
23709,23709,-112.07009,33.44771
23710,28706,-111.953125,33.42159
23711,28706,-111.947525,33.407562
23712,28706,-112.26192,33.534935
23713,23713,-115.176315,36.109913
23714,23714,-111.94051,33.424126
23715,14108,-112.00525,33.4954
23716,28706,-111.93744,33.423515
23717,23717,-115.17364,36.121155
23718,28706,-115.17318,36.110085
23719,23719,-111.99224,33.30574
23720,28706,-111.922,33.50141
23721,28706,-115.157875,36.142757
23722,23722,-112.07358,33.442486
23723,30769,-115.16938,36.10251
23724,23724,-112.01238,33.59742
23725,30769,-111.928795,33.502323
23726,28706,-115.15126,36.1089
23727,28706,-115.13037,36.179367
23728,28706,-111.87686,33.54105
23729,28706,-112.07289,33.51061
23730,28706,-111.8902,33.319973
23731,28706,-111.78514,33.334938
23732,28706,-112.06543,33.469967
23733,28706,-115.167015,36.126884
23734,30769,-73.61492,45.536034
23735,28706,-111.93508,33.424995
23736,28706,-112.071884,33.44986
23737,28706,-3.1786451,55.937122
23738,28706,-111.913055,33.36342
23739,23739,-115.22487,36.06982
23740,23740,-111.90713,33.335182
23741,23741,-111.875916,33.276257
23742,28706,-111.9265,33.49973
23743,28706,-111.92644,33.44929
23744,23744,-111.995995,33.50922
23745,28706,-111.926025,33.623665
23746,30557,-111.95717,33.303223
23747,28706,-111.927574,33.39089
23748,28706,-111.92563,33.49171
23749,28706,-112.065346,33.519466
23750,28706,-112.043816,33.465923
23751,23817,-111.95149,33.42273
23752,28706,-111.916046,33.696815
23753,23753,-111.88846,33.70003
23754,28706,-111.91998,33.41531
23755,23755,-112.51256,33.495914
23756,23756,-111.924675,33.676567
23757,28706,-111.940834,33.426746
23758,30769,-115.172554,36.111877
23759,23759,-111.68764,33.324013
23760,28706,-112.120346,33.64042
23761,23761,-111.864815,33.611557
23762,28706,-111.72101,33.43516
23763,28706,-111.94652,33.422188
23764,28706,-115.143524,36.170765
23765,28706,-112.06567,33.487747
23766,28706,-111.877106,33.337326
23767,28706,-112.01186,33.572582
23768,28706,-111.84237,33.303696
23769,28706,-111.90847,33.47997
23770,28706,-112.07405,33.44995
23771,23771,-115.17406,36.107925
23772,28706,-111.97018,33.410862
23773,28706,-115.178,36.068428
23774,28706,-111.95392,33.40789
23775,23775,-111.90849,33.430023
23776,28706,-111.790016,33.35597
23777,28706,-111.89497,33.582962
23778,23778,-112.079285,33.455036
23779,28706,-111.897285,33.52323
23780,23780,-111.92294,33.50128
23781,23781,-111.926605,33.476547
23782,23782,-115.17134,35.96494
23783,28706,-115.16918,36.10844
23784,28706,-112.07391,33.506207
23785,28706,-111.940254,33.425964
23786,28706,-115.16948,35.96504
23787,23787,-111.99878,33.303734
23788,28706,-112.05403,33.306946
23789,28706,-112.00005,33.495453
23790,23790,-111.929115,33.582672
23791,28706,-111.922424,33.637104
23792,30769,-112.06773,33.458202
23793,28706,-111.633095,33.24912
23794,28706,-111.94082,33.423077
23795,28706,-111.98633,33.60024
23796,28706,-115.15112,36.086338
23797,28706,-112.07427,33.447517
23798,30769,-111.92632,33.494377
23799,30769,-111.6692,33.30979
23800,28706,-115.17143,36.135014
23801,28706,-112.02814,33.510223
23802,28706,-111.87578,33.41316
23803,23803,-112.277504,33.598698
23804,23804,-112.013145,33.656208
23805,28706,-111.938225,33.378216
23806,23806,-111.938194,33.377796
23807,23807,-111.90998,33.347878
23808,30557,-111.72392,33.32106
23809,28706,-111.90871,33.421734
23810,23810,-111.938225,33.378216
23811,28706,-111.59864,33.38231
23812,23812,-111.85813,33.320015
23813,30769,-112.04244,33.471443
23814,28706,-111.92588,33.61741
23815,30769,-115.16363,36.13698
23816,28706,-111.90974,33.363396
23817,28706,-111.908585,33.39378
23818,28706,-112.06543,33.56062
23819,30769,-111.92239,33.501007
23820,28706,-111.8754,33.337067
23821,28706,-111.907875,33.377914
23822,23822,-111.930984,33.79885
23823,23823,-111.78953,33.354343
23824,23824,-112.06783,33.458065
23825,23825,-112.18393,33.53842
23826,28706,-112.010605,33.465714
23827,23827,-112.33852,33.449104
23828,23828,-112.18157,33.539257
23829,28706,-112.18803,33.538708
23830,23830,-112.15203,33.55381
23831,28706,-112.42459,33.622913
23832,28706,-112.20145,33.637093
23833,23833,-112.27275,33.46457
23834,28706,-112.16552,33.53812
23835,23835,-111.98451,33.509106
23836,28706,-112.0305,33.678318
23837,28706,-112.357735,33.609158
23838,28706,-112.33321,33.492413
23839,23839,-112.028336,33.480034
23840,28706,-111.923256,33.58223
23841,23841,-112.3355,33.460354
23842,23842,-112.39382,33.45773
23843,23843,-112.06476,33.471985
23844,23844,-111.92378,33.824936
23845,23845,-112.06296,33.656124
23846,23846,-111.86569,33.53887
23847,30769,-112.135994,33.56674
23848,23848,-112.171936,33.638557
23849,23849,-112.06516,33.519554
23850,23074,-111.93321,33.652534
23851,28706,-112.07484,33.447174
23852,28706,-111.979454,33.77117
23853,28706,-112.74282,33.96623
23854,23854,-112.04791,33.47893
23855,23855,-112.390724,33.638966
23856,23856,-112.39544,33.63827
23857,28706,-112.127,33.581833
23858,28706,-112.42551,33.43777
23859,28706,-112.359604,33.60966
23860,28706,-112.26056,33.534855
23861,28706,-112.18537,33.610764
23862,23862,-112.30007,33.594315
23863,23863,-112.277504,33.598698
23864,30769,-115.32508,36.124886
23865,28706,-112.06516,33.519554
23866,28706,-111.887695,33.538803
23867,23867,-115.20635,35.995155
23868,23868,-111.90897,33.82203
23869,28706,-112.261604,33.534298
23870,28706,-112.261986,33.534485
23871,28706,-115.14479,36.170017
23872,23872,-115.172455,36.106503
23873,30769,-115.15627,36.14684
23874,28706,-115.17119,36.12122
23875,23875,-115.17124,36.11788
23876,30769,-115.167694,36.103054
23877,28706,-114.984634,36.04278
23878,28706,-115.172714,36.118225
23879,28706,-115.14055,36.169167
23880,23880,-115.13688,36.11789
23881,30769,-115.072075,36.07385
23882,23882,-115.071754,36.070538
23883,23883,-115.175064,36.107677
23884,30769,-115.009346,36.03198
23885,23885,-115.20848,36.083973
23886,28706,-115.13221,36.114044
23887,30769,-115.159805,36.1511
23888,23888,-115.28346,36.201614
23889,23889,-115.11668,36.187164
23890,28706,-115.04282,36.067123
23891,28706,-115.17227,36.11837
23892,28706,-115.12155,36.04155
23893,28706,-114.98361,36.03274
23894,28706,-115.17154,36.0512
23895,23895,-115.117096,36.016495
23896,30769,-115.096146,36.072655
23897,28706,-115.17345,36.10306
23898,28706,-115.173706,36.107292
23899,28706,-115.13609,36.01191
23900,28706,-115.17419,36.1212
23901,23901,-115.20685,36.11581
23902,23902,-115.04675,36.043884
23903,28706,-115.04165,36.05552
23904,28706,-115.33383,36.15735
23905,23905,-114.985695,36.03497
23906,28706,-115.08336,36.022465
23907,23907,-115.27839,36.058018
23908,23908,-115.07656,36.071907
23909,23909,-115.15716,36.114746
23910,28706,-115.177536,36.06837
23911,28706,-115.334236,36.145416
23912,23912,-115.236496,36.24345
23913,23913,-115.04155,36.063816
23914,28706,-115.1187,36.01658
23915,30769,-115.14528,36.17145
23916,28706,-115.18949,36.10455
23917,23917,-115.139915,36.169243
23918,23918,-115.1396,36.169117
23919,28706,-115.13463,36.161926
23920,23920,-115.07974,36.072388
23921,28706,-115.10377,36.130226
23922,23922,-115.29826,36.07897
23923,28706,-115.17636,36.117344
23924,23924,-115.08267,36.069874
23925,30769,-115.25826,36.195614
23926,23926,-115.1912,36.039337
23927,23927,-115.16296,36.12714
23928,28706,-115.17581,36.08995
23929,23929,-114.96395,36.01146
23930,28706,-115.1068,36.071945
23931,29068,-115.190506,36.08786
23932,28706,-115.07974,36.072388
23933,28706,-115.14253,36.169502
23934,23934,-115.175285,36.06618
23935,28706,-115.152336,36.11395
23936,23936,-115.24406,36.085598
23937,30769,-114.96364,36.013103
23938,30769,-115.13694,36.11391
23939,28706,-115.0833,36.00489
23940,28706,-114.98542,36.033108
23941,23941,-115.244194,36.045704
23942,28706,-115.10044,35.979927
23943,23943,-115.17223,36.06783
23944,28706,-115.1613,36.138298
23945,28706,-115.28672,36.167316
23946,28706,-115.19228,36.144
23947,28706,-115.18343,36.041916
23948,28706,-115.226974,36.11462
23949,28706,-115.20026,36.03485
23950,28706,-115.25988,36.203743
23951,23951,-115.24157,36.144634
23952,23952,-115.17864,36.287773
23953,28706,-115.24211,36.24991
23954,28706,-115.11279,36.005222
23955,28706,-115.22455,36.238483
23956,28706,-115.297585,36.09778
23957,28706,-115.29776,36.097992
23958,28706,-115.207794,36.276955
23959,28706,-115.17876,36.285034
23960,28706,-115.2317,36.23775
23961,28706,-115.265976,36.168346
23962,28706,-111.92627,33.637753
23963,23963,-115.19215,36.042213
23964,28706,-114.962135,36.013103
23965,28706,-115.163124,36.133614
23966,30769,-115.19534,36.114998
23967,30769,-115.17603,36.11833
23968,30769,-115.06262,36.02959
23969,23969,-115.1746,36.116764
23970,30769,-115.19528,36.11444
23971,28706,-111.92177,33.636818
23972,30769,-115.17698,36.111977
23973,30769,-115.14844,36.16738
23974,30769,-115.16474,36.069073
23975,30769,-115.172295,36.127068
23976,30769,-112.07232,33.457657
23977,28706,-115.17124,36.11788
23978,30769,-115.1732,36.104378
23979,30769,-115.17124,36.11788
23980,30769,-115.16965,36.121864
23981,28706,-115.17089,36.114025
23982,30769,-115.17205,36.11012
23983,23983,-115.1529,36.13159
23984,23984,-115.17199,36.12483
23985,28706,-115.17106,36.11242
23986,28706,-115.16929,36.122322
23987,30769,-115.15112,36.086338
23988,30769,-115.139175,36.116707
23989,30769,-115.17028,36.12433
23990,28706,-115.173904,36.110092
23991,30769,-115.13567,36.176983
23992,28706,-115.15387,36.110085
23993,28706,-115.17249,36.105267
23994,30769,-115.17421,36.106213
23995,28706,-115.17457,36.127308
23996,30769,-115.17577,36.10771
23997,30769,-115.17096,36.112534
23998,23998,-115.16309,36.136738
23999,30769,-115.17223,36.110733
24000,28706,-115.14626,36.17125
24001,30557,-115.17688,36.111946
24002,28706,-115.17167,36.11025
24003,30769,-115.16961,36.121456
24004,30769,-115.1696,36.121452
24005,30769,-115.16907,36.124435
24006,28706,-115.173874,36.109753
24007,28706,-115.17407,36.121197
24008,28706,-115.169655,36.12119
24009,28706,-115.17223,36.105675
24010,30769,-115.167015,36.126884
24011,28706,-115.17437,36.10206
24012,30769,-115.209816,36.14866
24013,30769,-111.922,33.50141
24014,28706,-115.17516,36.109875
24015,28706,-115.17503,36.118713
24016,30769,-115.17637,36.06801
24017,28706,-115.18231,36.140705
24018,30557,-73.57754,45.516373
24019,28706,-115.14479,36.170017
24020,28706,-115.166954,36.106236
24021,30769,-115.17103,36.099377
24022,28706,-115.17786,36.117294
24023,30557,-115.17131,36.115993
24024,30769,-115.28482,36.291054
24025,28706,-115.06245,36.112835
24026,30769,-115.17086,36.10993
24027,28706,-115.172554,36.115673
24028,30769,-115.17277,36.10408
24029,28706,-115.16961,36.121452
24030,28706,-115.14479,36.170017
24031,28706,-115.15126,36.10913
24032,28706,-80.838196,35.22776
24033,30557,-115.17601,36.104332
24034,28706,-115.17113,36.12856
24035,30769,-115.176575,36.091194
24036,28706,-115.169655,36.12119
24037,28706,-115.17022,36.123844
24038,28706,-115.17575,36.108307
24039,28706,-115.17625,36.092876
24040,30769,-115.172295,36.127068
24041,30557,-115.18219,36.10132
24042,30769,-115.17831,36.12849
24043,28706,-115.17712,36.13198
24044,24044,-115.174644,36.109913
24045,28706,-115.1725,36.110065
24046,30769,-115.139915,36.169243
24047,28706,-115.17459,36.112022
24048,28706,-115.1546,36.11997
24049,24049,-111.99783,33.437214
24050,30769,-73.55761,45.50377
24051,30769,-115.180664,36.291985
24052,28706,-115.1695,36.10743
24053,28706,-115.19822,36.12595
24054,28706,-115.18697,36.115337
24055,28706,-115.169914,36.14376
24056,28706,-115.16009,36.113396
24057,28706,-115.17575,36.108307
24058,28706,-115.17818,36.10713
24059,28706,-112.073425,33.447334
24060,28706,-115.05253,36.049995
24061,24061,-115.18219,36.10132
24062,28706,-115.17087,36.10242
24063,30769,-115.15112,36.086338
24064,28706,-115.15112,36.086338
24065,28706,-115.17299,36.128223
24066,28706,-115.17259,36.112953
24067,28706,-115.12652,36.15846
24068,30769,-115.170906,36.103455
24069,28706,-115.14511,36.1741
24070,30769,-115.172714,36.11888
24071,28706,-115.17563,36.082973
24072,28706,-89.502594,43.04894
24073,30769,-115.14639,36.081303
24074,30769,-115.209366,36.11818
24075,28706,-115.179085,36.11224
24076,28706,-115.16559,36.12689
24077,28706,-80.84341,35.221325
24078,30557,-115.177,36.11199
24079,28706,-115.172554,36.111877
24080,30769,-115.17087,36.10242
24081,28706,-115.174644,36.109913
24082,24082,-115.16591,36.127495
24083,28706,-115.17179,36.12469
24084,28706,-115.17086,36.10993
24085,30769,-115.15112,36.086338
24086,24086,-115.180626,36.29249
24087,28706,-115.16929,36.122322
24088,30769,-115.17106,36.11242
24089,30557,-115.15112,36.086338
24090,24090,-115.17516,36.109875
24091,28706,-79.92427,40.459957
24092,30769,-115.17262,36.12956
24093,28706,-115.1725,36.110065
24094,28706,-115.16587,36.126877
24095,28706,-115.117096,36.016495
24096,28706,-115.15261,36.151554
24097,28706,-115.17459,36.112022
24098,30769,-112.06836,33.457863
24099,28706,-115.155754,36.14755
24100,30557,-115.18231,36.140705
24101,24101,-115.16363,36.13698
24102,28706,-115.16915,36.054928
24103,24103,-3.161845,55.94409
24104,28706,-115.15112,36.086338
24105,28706,-115.1398,36.16868
24106,28706,-115.17753,36.10671
24107,30557,-115.17688,36.111946
24108,28706,-111.92667,33.48332
24109,30769,-115.17156,36.10262
24110,28706,-115.17135,36.112526
24111,30557,-115.17119,36.12122
24112,28706,-80.94362,35.219006
24113,28706,-115.17259,36.112953
24114,28706,-115.17234,36.110107
24115,28706,-115.1775,36.112507
24116,30769,-112.00699,33.435463
24117,28706,-115.1613,36.138298
24118,30769,-89.38087,43.07401
24119,28706,-115.174644,36.109913
24120,30769,-115.17641,36.11316
24121,28706,-112.11646,33.560856
24122,28706,-115.1725,36.110065
24123,30557,-73.61492,45.536034
24124,28706,-73.56646,45.49992
24125,30769,-80.005325,40.447388
24126,30769,-115.17419,36.110485
24127,30557,-115.1684,36.124554
24128,30769,-115.17625,36.092876
24129,28706,-115.1726,36.115604
24130,28706,-115.17787,36.11706
24131,28706,-115.149414,36.085884
24132,28706,-115.1765,36.10758
24133,28706,-115.15112,36.086338
24134,28706,-115.14479,36.170017
24135,28706,-115.333855,36.155964
24136,28706,-115.15125,36.136257
24137,28706,-115.16885,36.1231
24138,30769,-115.172455,36.106503
24139,28706,-115.17273,36.108913
24140,28706,-115.15112,36.086338
24141,30769,-115.15112,36.086338
24142,28706,-112.07331,33.45167
24143,30557,-115.17849,36.10924
24144,28706,-115.13639,36.173893
24145,30769,-115.17341,36.118275
24146,28706,-115.20888,36.09506
24147,24147,-115.1741,36.12124
24148,30769,-115.19819,36.125896
24149,30769,-115.171524,36.119305
24150,28706,-115.174644,36.109913
24151,30769,-115.15568,36.14763
24152,28706,-73.57754,45.516373
24153,28706,-115.1952,36.11531
24154,24154,-115.15114,36.08499
24155,28706,-115.17818,36.106815
24156,24156,-115.14085,36.170055
24157,30769,-115.17315,36.10988
24158,28706,-115.17259,36.112953
24159,28706,-115.17726,36.094547
24160,28706,-115.176315,36.109913
24161,28706,-115.167755,36.123943
24162,28706,-115.17669,36.117455
24163,28706,-115.16901,35.965446
24164,30557,-115.17234,36.110107
24165,30769,-115.175804,36.09531
24166,30769,-115.173874,36.109753
24167,28706,-115.17582,36.09558
24168,30769,-115.17223,36.110733
24169,28706,-115.17422,36.109562
24170,28706,-115.17234,36.10353
24171,28706,-115.16908,36.124203
24172,28706,-115.17785,36.276077
24173,28706,-115.16427,36.059887
24174,28706,-115.141884,36.16918
24175,30769,-115.1726,36.112434
24176,30769,-115.15112,36.086338
24177,30769,-115.14637,36.124424
24178,28706,-115.17234,36.110107
24179,28706,-115.17105,36.12595
24180,28706,-115.175385,36.09326
24181,28706,-115.1725,36.110065
24182,30769,-115.14224,36.170544
24183,28706,-115.17322,36.109215
24184,28706,-115.33439,36.156796
24185,28706,-115.17177,36.11931
24186,28706,-115.29302,36.157192
24187,28706,-115.174416,36.1097
24188,30557,-73.60211,45.522434
24189,30769,-73.56646,45.49992
24190,28706,-115.16963,36.117516
24191,28706,-111.790115,33.356728
24192,28706,-115.15097,36.085175
24193,28706,-115.1682,36.087383
24194,28706,-115.17364,36.121155
24195,30769,-115.141884,36.16918
24196,28706,-115.17575,36.108307
24197,28706,-115.17688,36.091255
24198,28706,-111.92796,33.49821
24199,30769,-115.17306,36.091965
24200,28706,-115.17516,36.109875
24201,28706,-115.17278,36.0908
24202,28706,-115.17382,36.107162
24203,30769,-115.176575,36.091194
24204,30769,-115.174355,36.109806
24205,28706,-115.17179,36.12469
24206,30769,-115.17818,36.106815
24207,28706,-115.167755,36.123943
24208,28706,-115.121475,36.1005
24209,30769,-112.261375,33.539352
24210,30769,-115.17516,36.109875
24211,24211,-115.169754,36.102917
24212,28706,-115.17818,36.106815
24213,28706,-115.16578,36.128788
24214,30557,-115.164345,36.06004
24215,30769,-115.23995,36.14467
24216,28706,-115.26203,36.070213
24217,28706,-115.16559,36.12689
24218,28706,-115.072075,36.07385
24219,30769,-115.1741,36.12124
24220,28706,-115.16591,36.127495
24221,30769,-115.174644,36.109913
24222,28706,-115.17119,36.12122
24223,28706,-115.16587,36.126877
24224,30557,-115.17674,36.10449
24225,30769,-115.14556,36.172424
24226,28706,-115.175804,36.096684
24227,28706,-115.19189,36.126472
24228,28706,-115.16994,36.109863
24229,28706,-115.15112,36.086338
24230,28706,-115.17405,36.109875
24231,28706,-115.15185,36.084736
24232,28706,-115.17279,36.11766
24233,28706,-115.15112,36.086338
24234,30769,-115.172554,36.115673
24235,28706,-115.17641,36.11316
24236,28706,-115.16427,36.059887
24237,28706,-115.17131,36.11928
24238,28706,-115.17322,36.109215
24239,30769,-115.16456,36.131496
24240,28706,-115.17019,36.123405
24241,28706,-111.997986,33.435844
24242,28706,-115.17618,36.115856
24243,30769,-115.17618,36.115856
24244,28706,-115.17652,36.11301
24245,30769,-115.17613,36.107327
24246,30769,-115.15112,36.086338
24247,28706,-115.15112,36.086338
24248,28706,-115.15112,36.086338
24249,28706,-115.169266,36.102703
24250,28706,-115.17652,36.11303
24251,30769,-115.17105,36.12595
24252,28706,-115.15323,36.042797
24253,28706,-115.1726,36.118793
24254,28706,-115.17131,36.11928
24255,28706,-115.175804,36.096684
24256,25376,-115.300064,36.100872
24257,28706,-115.17143,36.135014
24258,30557,-115.15112,36.086338
24259,30769,-115.1694,36.103397
24260,28706,-115.17234,36.110107
24261,28706,-115.15112,36.086338
24262,28706,-115.17459,36.112022
24263,28706,-115.17473,36.098732
24264,30769,-115.17087,36.10242
24265,28706,-115.17234,36.11635
24266,30769,-115.16591,36.127686
24267,30769,-115.16996,36.10984
24268,28706,-115.13987,36.168903
24269,28706,-115.15401,36.1169
24270,28706,-115.17086,36.10993
24271,28706,-115.14528,36.17145
24272,28706,-115.164345,36.06004
24273,30769,-115.15112,36.086338
24274,28706,-115.30981,36.221638
24275,28706,-73.59721,45.518276
24276,24276,-115.15112,36.086338
24277,28706,-115.171776,36.102093
24278,28706,-115.17503,36.118713
24279,28706,-115.13792,36.168026
24280,28706,-115.04147,36.061275
24281,30769,-115.17374,36.10743
24282,28706,-115.15112,36.086338
24283,28706,-115.17395,36.11303
24284,28706,-115.14489,36.168705
24285,28706,-115.167755,36.123943
24286,28706,-115.33241,36.15822
24287,24287,-115.15112,36.086338
24288,28706,-115.1469,36.11501
24289,30769,-115.17253,36.10185
24290,30769,-115.176315,36.109913
24291,30769,-115.176315,36.109913
24292,28706,-115.17229,36.115147
24293,28706,-115.18286,36.0408
24294,30769,-115.17684,36.1206
24295,28706,-115.17354,36.109516
24296,28706,-115.17457,36.11622
24297,28706,-115.169655,36.12119
24298,28706,-111.842255,33.302425
24299,28706,-115.167755,36.123943
24300,30769,-115.172325,36.12454
24301,28706,-115.17481,36.10987
24302,28706,-115.224075,36.12743
24303,28706,-115.179085,36.11224
24304,28706,-115.175896,36.097015
24305,30557,-115.06262,36.02959
24306,30769,-115.16961,36.121456
24307,28706,-115.16587,36.126877
24308,28706,-115.17641,36.11316
24309,28706,-115.166954,36.106236
24310,28706,-115.174644,36.109913
24311,30769,-115.17688,36.091255
24312,24312,-115.169655,36.12119
24313,24313,-115.17457,36.102413
24314,30557,-115.17395,36.11303
24315,28706,-115.14639,36.081303
24316,28706,-115.19534,36.114998
24317,24317,-115.1563,36.142338
24318,28706,-115.17127,36.11288
24319,30769,-115.1988,36.11421
24320,28706,-115.175804,36.09531
24321,28706,-115.174355,36.109806
24322,28706,-115.175385,36.093647
24323,28706,-115.15112,36.086338
24324,30557,-115.13573,36.118217
24325,30557,-115.24255,36.148113
24326,30769,-115.167755,36.123943
24327,24327,-115.18644,36.11881
24328,30769,-115.14224,36.170544
24329,28706,-115.15054,36.083168
24330,28706,-115.1746,36.116764
24331,30557,-73.57578,45.50141
24332,28706,-115.1726,36.101814
24333,28706,-115.17337,36.104424
24334,28706,-115.172455,36.12073
24335,24335,-115.142006,36.17183
24336,28706,-115.17086,36.10993
24337,24337,-115.1736,36.104923
24338,28706,-115.17516,36.109875
24339,28706,-115.17413,36.109634
24340,28706,-115.224075,36.12743
24341,28706,-115.17497,36.095417
24342,24342,-115.15112,36.086338
24343,28706,-115.1684,36.124554
24344,30769,-115.15374,36.084
24345,28706,-115.17503,36.118713
24346,28706,-115.17075,36.101788
24347,28706,-115.3115,36.158897
24348,28706,-115.20888,36.09506
24349,28706,-115.332726,36.148315
24350,28706,-115.15112,36.086338
24351,30769,-115.17575,36.108307
24352,28706,-115.27973,36.119114
24353,30769,-115.172455,36.106503
24354,28706,-115.15069,36.088383
24355,30769,-115.15112,36.086338
24356,30769,-115.15112,36.086338
24357,24357,-115.171135,36.117336
24358,30769,-115.15112,36.086338
24359,28706,-115.176346,36.117317
24360,30769,-115.15112,36.086338
24361,28706,-115.17841,36.06958
24362,28706,-115.15112,36.086338
24363,28706,-115.175804,36.09531
24364,28706,-115.209915,36.126427
24365,28706,-115.15112,36.086338
24366,30769,-115.209656,36.126728
24367,30769,-115.167725,36.103397
24368,30769,-115.171524,36.05969
24369,24369,-115.172554,36.115673
24370,28706,-115.17473,36.098732
24371,28706,-115.15435,36.143963
24372,30769,-115.14639,36.081303
24373,28706,-115.175804,36.096684
24374,30769,-115.14639,36.081303
24375,30769,-115.13056,36.10134
24376,28706,-115.17516,36.109875
24377,28706,-115.14639,36.081303
24378,28706,-115.03808,36.064583
24379,24379,-80.00198,40.442326
24380,28706,-115.13967,36.168945
24381,28706,-115.17089,36.114025
24382,24382,-115.16818,36.117462
24383,28706,-115.15539,36.11793
24384,28706,-115.14639,36.081303
24385,28706,-115.14639,36.081303
24386,30769,-115.26203,36.070213
24387,24387,-115.118126,36.015793
24388,28706,-115.17435,36.113964
24389,30769,-115.14085,36.170055
24390,28706,-115.17641,36.11316
24391,28706,-115.174644,36.109913
24392,24392,-115.14639,36.081303
24393,28706,-115.14639,36.081303
24394,30769,-115.17093,36.110065
24395,28706,-115.27994,36.122913
24396,28706,-89.38101,43.074238
24397,24397,-115.292046,36.15843
24398,28706,-115.167755,36.123943
24399,30769,-115.11874,36.084557
24400,28706,-111.68719,33.375053
24401,30769,-115.21197,36.12554
24402,28706,-115.33439,36.156796
24403,28706,-115.04797,36.025887
24404,28706,-115.30234,36.206795
24405,28706,-115.167755,36.123943
24406,28706,-115.20959,36.12621
24407,24407,-115.1837,36.071865
24408,24408,-115.29539,36.072163
24409,28706,-115.22587,36.055244
24410,30769,-115.17516,36.109875
24411,28706,-115.17698,36.107407
24412,28706,-115.16901,35.965446
24413,28706,-115.167,36.12617
24414,24414,-115.278175,36.041817
24415,30769,-115.15152,36.10749
24416,28706,-115.1379,36.13884
24417,28706,-115.17556,36.098907
24418,24418,-115.17712,36.13198
24419,28706,-115.17332,36.11567
24420,30769,-115.17259,36.112953
24421,28706,-115.17028,36.12433
24422,30769,-115.17259,36.112953
24423,28706,-115.13902,36.088516
24424,30769,-115.168106,36.103798
24425,30769,-115.1563,36.142338
24426,28706,-115.17582,36.11773
24427,28706,-115.17156,36.10262
24428,28706,-115.16962,36.121437
24429,30769,-115.173996,36.01219
24430,28706,-115.176575,36.091194
24431,28706,-115.167755,36.123943
24432,28706,-115.18035,36.261158
24433,28706,-115.17196,36.120907
24434,28706,-115.2531,36.274574
24435,24435,-88.20279,40.11339
24436,30769,-115.144745,36.17295
24437,30769,-115.144745,36.17295
24438,28706,-115.242615,36.112545
24439,30769,-115.1726,36.101814
24440,28706,-115.17262,36.12956
24441,28706,-115.20995,36.12662
24442,24442,-115.17106,36.12008
24443,28706,-115.17641,36.11316
24444,30769,-115.1455,36.17223
24445,30769,-115.135,36.1155
24446,28706,-115.29747,36.059624
24447,28706,-115.17259,36.112953
24448,28706,-115.172424,36.101204
24449,28706,-115.174416,36.1097
24450,28706,-115.17457,36.102413
24451,28706,-115.20848,36.07308
24452,30769,-115.1728,36.112175
24453,28706,-115.180664,36.291985
24454,24454,-115.14553,36.16981
24455,28706,-115.20899,36.09942
24456,28706,-115.17223,36.06783
24457,24457,-115.04147,36.061275
24458,24458,-115.132935,36.16576
24459,28706,-115.172325,36.12454
24460,28706,-115.144745,36.17295
24461,30769,-115.13913,36.168243
24462,30769,-115.17215,36.10529
24463,28706,-115.14585,36.17115
24464,24464,-115.14308,36.16939
24465,28706,-115.1396,36.169117
24466,28706,-115.16744,36.127686
24467,30769,-115.17556,36.091885
24468,24468,-115.1726,36.118793
24469,24469,-115.14569,36.172077
24470,28706,-115.17278,36.0908
24471,24471,-115.15226,36.10708
24472,28706,-89.32574,43.126083
24473,30557,-115.17106,36.11242
24474,28706,-115.17101,36.12469
24475,28706,-115.14626,36.17125
24476,28706,-115.17516,36.109875
24477,24477,-115.17113,36.12856
24478,28706,-115.16009,36.113396
24479,30769,-115.17028,36.12229
24480,24480,-115.17205,35.965473
24481,24481,-115.12092,36.240192
24482,28706,-115.01672,36.086227
24483,24483,-115.266525,36.272766
24484,28706,-111.92269,33.500526
24485,24485,-115.14788,36.161
24486,24486,-115.14788,36.161
24487,28706,-115.14788,36.161
24488,24488,-115.14467,36.17062
24489,28706,-115.174416,36.1097
24490,28706,-115.174644,36.109913
24491,28706,-115.16559,36.12689
24492,28706,-115.17737,36.107616
24493,30557,-115.20722,36.03344
24494,24494,-115.19878,36.099304
24495,24495,-115.08336,36.022465
24496,28706,-115.17516,36.091866
24497,28706,-115.147255,36.15942
24498,28706,-115.16269,36.144295
24499,28706,-115.20738,36.071205
24500,24500,-115.15254,36.151268
24501,24501,-115.209656,36.127045
24502,30557,-73.56016,45.508232
24503,28706,-111.899635,33.554825
24504,28706,-115.19482,36.114483
24505,28706,-115.17652,36.07
24506,28706,-115.14626,36.17125
24507,28706,-115.17849,36.10924
24508,28706,-115.16559,36.12689
24509,30557,-115.17106,36.11242
24510,28706,-115.17712,36.13198
24511,28706,-115.28255,36.17358
24512,28706,-115.14337,36.170143
24513,28706,-115.14626,36.17125
24514,28706,-115.17496,36.121323
24515,24515,-115.14626,36.17125
24516,24516,-115.176414,36.092564
24517,30557,-73.750114,45.456585
24518,24518,-115.33295,36.146164
24519,24519,-115.14624,36.171215
24520,28706,-115.19094,36.126175
24521,24521,-115.24008,36.09863
24522,28706,-115.26041,36.143772
24523,28706,-115.11774,36.01748
24524,28706,-115.26182,36.11304
24525,24525,-115.17277,36.10465
24526,28706,-115.20887,36.094456
24527,28706,-115.28299,36.070362
24528,28706,-115.2983,36.11527
24529,28706,-115.19577,36.10505
24530,28706,-115.202896,36.143837
24531,24531,-115.298485,36.078434
24532,24532,-115.17556,36.098907
24533,28706,-115.11528,36.2796
24534,28706,-115.133804,36.179955
24535,28706,-115.133804,36.179955
24536,28706,-115.137505,36.08225
24537,24537,-115.13056,36.10134
24538,28706,-115.133804,36.179955
24539,28706,-115.13962,36.170086
24540,28706,-115.17864,36.287773
24541,28706,-115.11157,36.00645
24542,28706,-115.13452,36.165707
24543,28706,-115.250565,36.14357
24544,24544,-115.142006,36.17183
24545,28706,-115.08566,36.025993
24546,28706,-115.16242,36.131897
24547,24547,-115.16963,36.117516
24548,28706,-115.13553,36.166763
24549,28706,-115.14479,36.170017
24550,24550,-115.1401,36.169327
24551,28706,-115.14055,36.169167
24552,28706,-115.14064,36.167877
24553,30769,-115.15822,36.161972
24554,30769,-115.1741,36.121082
24555,30769,-89.38354,43.07628
24556,24556,-115.17332,36.10583
24557,28706,-80.00217,40.44336
24558,28706,-115.17131,36.11928
24559,28706,-115.17087,36.10242
24560,28706,-115.17103,36.099377
24561,28706,-115.278175,36.041817
24562,30769,-115.17578,36.109585
24563,30769,-115.127,36.100117
24564,30769,-115.14289,36.143345
24565,30769,-115.244156,36.047306
24566,28706,-115.172714,36.10941
24567,28706,-111.87735,33.30606
24568,28706,-115.185875,36.126682
24569,28706,-115.207535,36.114986
24570,30769,-89.38354,43.07628
24571,30769,-115.17274,36.11424
24572,28706,-115.278175,36.041817
24573,30769,-115.16792,36.11547
24574,28706,-115.15716,36.114746
24575,28706,-115.17406,36.107925
24576,28706,-115.141846,36.17241
24577,28706,-111.92968,33.502594
24578,30769,-115.13808,36.167904
24579,30557,-115.174934,36.065132
24580,28706,-115.14556,36.172424
24581,30769,-115.04282,36.067123
24582,28706,-115.17087,36.10242
24583,28706,-115.20698,36.099552
24584,28706,-115.173874,36.121906
24585,30769,-115.167404,36.126812
24586,28706,-115.17688,36.091255
24587,28706,-80.88002,35.17877
24588,28706,-112.261795,33.53378
24589,28706,-115.13056,36.10134
24590,28706,-115.141975,36.170124
24591,28706,-115.1952,36.11531
24592,30769,-115.17382,36.107162
24593,28706,-112.106575,33.683804
24594,28706,-115.173874,36.10978
24595,30769,-115.143524,36.170765
24596,24596,-115.14513,36.17488
24597,30769,-115.140305,36.168964
24598,24598,-115.16961,36.121452
24599,24599,-115.186485,36.1187
24600,28706,-115.16908,36.124203
24601,30769,-115.191826,36.144268
24602,24602,-115.14253,36.169502
24603,24603,-115.163124,36.133614
24604,28706,-115.17395,36.11303
24605,28706,-115.20734,36.088776
24606,28706,-115.174416,36.1097
24607,28706,-115.155556,36.14742
24608,28706,-115.14479,36.170017
24609,28706,-115.179085,36.11224
24610,30769,-115.13792,36.168026
24611,24611,-115.17751,36.117035
24612,24612,-115.186485,36.1187
24613,24613,-115.16961,36.121452
24614,24614,-115.17669,36.117455
24615,30557,-115.15202,36.159885
24616,24616,-115.1752,36.09869
24617,28706,-115.17437,36.10206
24618,28706,-115.14253,36.169502
24619,28706,-115.176315,36.109913
24620,24620,-115.33387,36.152832
24621,28706,-111.92427,33.492287
24622,24622,-79.98155,40.452496
24623,24623,-115.142006,36.17183
24624,28706,-115.17038,36.119
24625,28706,-115.17484,36.102894
24626,30557,-115.14253,36.169502
24627,28706,-115.18982,36.143955
24628,28706,-115.1753,36.09208
24629,24629,-115.22724,36.240677
24630,28706,-115.13656,36.10259
24631,28706,-115.17279,36.11766
24632,28706,-115.14253,36.169502
24633,28706,-115.15254,36.151268
24634,28706,-115.138504,36.117256
24635,24635,-115.16997,36.11293
24636,28706,-115.18331,36.041283
24637,30769,-115.14528,36.17145
24638,28706,-115.153496,36.109165
24639,30769,-115.17541,36.093304
24640,30769,-115.17356,36.127514
24641,28706,-115.17516,36.109875
24642,24642,-115.15627,36.14684
24643,28706,-115.17141,36.121983
24644,30769,-111.78883,33.30419
24645,30769,-115.172325,36.12454
24646,28706,-115.14339,36.169838
24647,28706,-115.16591,36.127495
24648,28706,-115.16348,36.113026
24649,28706,-115.15427,36.1187
24650,24650,-115.14528,36.17145
24651,24651,-115.1741,36.12124
24652,28706,-115.17128,36.11289
24653,28706,-115.11779,36.013794
24654,30769,-115.167694,36.103054
24655,28706,-115.1873,36.11812
24656,28706,-115.17641,36.11316
24657,24657,-115.17089,36.114025
24658,30769,-115.17259,36.112953
24659,24659,-115.142006,36.17183
24660,30769,-115.17421,36.106213
24661,24661,-115.14511,36.1741
24662,24662,-115.20734,36.088776
24663,28706,-112.135994,33.56674
24664,24664,-115.17022,36.123844
24665,24665,-115.17364,36.121155
24666,28706,-115.31363,36.157314
24667,28706,-115.176315,36.109913
24668,28706,-115.26085,36.174595
24669,24669,-115.179085,36.11224
24670,24670,-115.15427,36.1187
24671,28706,-115.17601,36.104332
24672,28706,-115.17636,36.117344
24673,30769,-115.13792,36.168026
24674,28706,-115.01003,36.272373
24675,28620,-115.17516,36.091866
24676,24676,-115.173515,36.10301
24677,30769,-115.20247,36.144047
24678,28706,-115.17582,36.09558
24679,30557,-115.163124,36.133614
24680,24680,-115.17652,36.11301
24681,28706,-115.14124,36.172813
24682,30557,-115.175255,36.098423
24683,24683,-115.17124,36.11788
24684,28706,-3.1969974,55.947517
24685,30769,-115.12367,36.168644
24686,28706,-115.172455,36.106503
24687,30769,-112.07248,33.448296
24688,30769,-115.172554,36.115673
24689,30769,-115.17425,36.091328
24690,28706,-115.173874,36.10978
24691,30769,-115.167755,36.123943
24692,28706,-115.141846,36.17241
24693,30769,-115.17054,36.10259
24694,24694,-112.34012,33.46477
24695,30557,-115.17644,36.116367
24696,28706,-79.98314,40.429054
24697,28706,-115.141846,36.17241
24698,30769,-115.17407,36.121197
24699,30769,-115.26144,36.112984
24700,24700,-115.1725,36.110065
24701,24701,-115.17096,36.09936
24702,24702,-115.17582,36.11773
24703,24703,-115.17019,36.123405
24704,30769,-115.175316,36.09186
24705,28706,-115.17012,36.122276
24706,30769,-115.1774,36.113766
24707,28706,-115.16591,36.127686
24708,28706,-115.14479,36.170017
24709,24709,-115.17473,36.098732
24710,24710,-115.14528,36.1616
24711,24711,-115.186485,36.1187
24712,24712,-115.280426,36.056282
24713,30557,-115.16908,36.124203
24714,30557,-115.176704,36.09028
24715,28706,-115.17259,36.112953
24716,24716,-115.14471,36.17297
24717,30557,-115.17601,36.104332
24718,30769,-115.16456,36.131496
24719,24719,-115.17105,36.12595
24720,28706,-115.17063,36.12298
24721,28706,-79.99644,40.44395
24722,30769,-115.1702,36.12269
24723,28706,-115.164635,36.15917
24724,24724,-115.20998,36.126503
24725,24725,-111.94718,33.30594
24726,28706,-115.138435,36.167526
24727,28706,-115.14614,36.167233
24728,28706,-115.20272,36.10089
24729,28706,-115.16865,36.128723
24730,28706,-115.138145,36.167904
24731,30769,-115.17345,36.10306
24732,30769,-115.17089,36.114025
24733,24733,-115.17869,36.06815
24734,30557,-115.173874,36.109753
24735,28706,-115.2056,36.115074
24736,28706,-115.17165,36.04078
24737,28706,-115.142006,36.17183
24738,24738,-115.175385,36.093647
24739,24739,-115.306274,36.115807
24740,28706,-111.994545,33.43402
24741,24741,-115.19577,36.10505
24742,28706,-115.17234,36.10353
24743,28706,-115.17325,36.03351
24744,24744,-115.144264,36.170635
24745,24745,-115.144554,36.170265
24746,24746,-115.16818,36.117462
24747,28706,-115.12652,36.15846
24748,30769,-115.13717,36.082092
24749,24749,-115.17544,36.09935
24750,30769,-115.20848,36.07308
24751,28706,-115.17019,36.123405
24752,28706,-115.16841,36.12458
24753,28706,-115.195435,36.115135
24754,24754,-115.15979,36.11516
24755,28706,-115.14585,36.17115
24756,30769,-115.176674,36.090755
24757,24757,-115.17332,36.11567
24758,30769,-115.17556,36.098907
24759,28706,-115.17806,36.104206
24760,28706,-115.170364,36.12401
24761,24761,-115.195435,36.115135
24762,28706,-115.17028,36.12229
24763,28706,-115.17459,36.112022
24764,28706,-115.15354,36.11416
24765,30769,-115.176544,36.116646
24766,30769,-115.14528,36.1616
24767,28706,-115.17578,36.109585
24768,28706,-115.184906,36.11118
24769,30769,-115.176315,36.109913
24770,30769,-115.17457,36.10259
24771,28706,-115.17516,36.109875
24772,28706,-115.15374,36.084
24773,28706,-115.17306,36.091965
24774,28706,-115.155754,36.14755
24775,28706,-115.17581,36.08995
24776,28706,-115.16591,36.127686
24777,28706,-115.163155,36.118034
24778,24778,-115.17277,36.082066
24779,28706,-115.17087,36.10242
24780,28706,-115.21534,36.030518
24781,24781,-115.17229,36.115147
24782,28706,-115.28214,36.201843
24783,30557,-115.17364,36.121155
24784,24784,-115.18219,36.10132
24785,28706,-115.167755,36.123943
24786,28706,-115.16997,36.11293
24787,28706,-115.14528,36.1616
24788,28706,-115.14277,36.16997
24789,28706,-115.14528,36.1616
24790,28706,-115.17704,36.10762
24791,24791,-115.16642,36.069885
24792,28706,-115.17028,36.12229
24793,24793,-115.170975,36.114277
24794,30769,-115.24359,36.045593
24795,28706,-115.14528,36.1616
24796,30769,-115.20734,36.088776
24797,24797,-115.29864,36.076557
24798,24798,-115.17516,36.109875
24799,30769,-115.17223,36.110733
24800,28706,-115.172554,36.115673
24801,24801,-115.14624,36.171215
24802,30769,-115.28129,36.055817
24803,30769,-115.174644,36.109913
24804,28706,-115.172325,36.12454
24805,30769,-115.175865,36.092865
24806,28706,-115.20631,36.12659
24807,28706,-115.14214,36.17187
24808,30769,-115.19801,36.03971
24809,24809,-112.1159,33.587765
24810,28706,-115.13056,36.10134
24811,28706,-115.17345,36.10306
24812,30769,-115.16961,36.121452
24813,24813,-115.17149,36.054756
24814,24814,-114.92266,36.11394
24815,24815,-115.14511,36.1741
24816,28706,-115.13792,36.168026
24817,28706,-115.176704,36.09028
24818,30557,-115.14511,36.1741
24819,24819,-115.1396,36.169117
24820,24820,-115.14511,36.1741
24821,24821,-115.167755,36.123978
24822,30557,-115.18646,36.11876
24823,30769,-115.17601,36.104332
24824,30769,-115.21156,36.125397
24825,30769,-115.16591,36.127495
24826,30769,-115.13567,36.176983
24827,24827,-115.33325,36.149357
24828,28706,-115.16841,36.12458
24829,28706,-115.17234,36.110107
24830,24830,-115.17459,36.112022
24831,28706,-115.17698,36.111977
24832,24832,-115.18982,36.143955
24833,28706,-115.16935,35.965126
24834,28706,-112.05956,33.563686
24835,30769,-115.15475,36.12697
24836,28706,-115.11839,36.01761
24837,28706,-115.072075,36.07385
24838,28706,-115.173515,36.103
24839,28706,-115.17481,36.10987
24840,28706,-115.13567,36.176983
24841,28706,-115.169655,36.12119
24842,28706,-115.17406,36.107925
24843,28706,-115.17457,36.127308
24844,28706,-115.242935,36.044125
24845,30769,-115.18697,36.115337
24846,30769,-115.14998,36.1055
24847,28706,-115.22581,36.055252
24848,24848,-73.56558,45.50691
24849,30769,-115.17345,36.10306
24850,28706,-73.59317,45.52248
24851,28706,-115.174644,36.109913
24852,30769,-115.13567,36.176983
24853,28706,-115.17223,36.110733
24854,30769,-115.27977,36.298897
24855,28706,-115.16912,36.103695
24856,30769,-115.163124,36.133614
24857,24857,-115.13567,36.176983
24858,30769,-115.15321,36.10895
24859,30557,-115.169754,36.102917
24860,28706,-115.185196,36.12566
24861,24861,-115.27994,36.052994
24862,30769,-115.15315,36.013393
24863,30769,-73.554985,45.50311
24864,30769,-115.172714,36.11888
24865,28706,-115.163124,36.133614
24866,28706,-115.243324,36.058723
24867,30769,-115.171616,36.124584
24868,28706,-115.25998,36.143147
24869,24869,-115.16833,36.127647
24870,30769,-115.11493,36.114117
24871,28706,-115.31554,36.291206
24872,24872,-115.18609,36.27883
24873,30557,-115.30615,36.114666
24874,24874,-115.11351,36.12936
24875,28706,-115.14252,36.142284
24876,30769,-115.174706,36.01131
24877,28706,-115.16997,36.11293
24878,24878,-115.14513,36.17488
24879,28706,-115.02573,36.070625
24880,24880,-115.17419,36.119408
24881,30769,-115.16874,35.96533
24882,28706,-115.29868,36.06897
24883,24883,-115.1746,36.116764
24884,24884,-115.16363,36.13698
24885,28706,-111.790115,33.356728
24886,28706,-115.12225,36.161324
24887,24887,-115.13792,36.168026
24888,28706,-115.29826,36.07897
24889,28706,-115.239494,36.14474
24890,28706,-115.17087,36.10242
24891,30557,-115.24209,36.09185
24892,24892,-115.13945,36.1674
24893,24893,-115.17332,36.10583
24894,28706,-115.24341,36.130524
24895,30769,-115.06262,36.02959
24896,28706,-115.138504,36.117256
24897,28706,-115.31403,36.218792
24898,28706,-89.45233,43.072243
24899,30769,-115.143845,36.16723
24900,30769,-115.1398,36.16868
24901,30769,-115.17058,36.1125
24902,30769,-115.17099,36.114353
24903,24903,-115.177795,36.1191
24904,28706,-115.16996,36.10984
24905,30557,-115.17582,36.11773
24906,28706,-115.17022,36.11236
24907,24907,-115.24371,36.05824
24908,28706,-115.138145,36.167904
24909,28706,-115.332,36.151814
24910,28706,-115.175186,36.098766
24911,28706,-115.17159,36.05579
24912,24912,-115.22451,36.115353
24913,24913,-115.16597,36.127857
24914,24914,-115.14289,36.143345
24915,28706,-115.16289,36.070827
24916,28706,-115.24378,36.087482
24917,30557,-73.56077,45.508335
24918,24918,-115.25988,36.203743
24919,24919,-115.22625,36.086525
24920,28706,-115.157875,36.142757
24921,30769,-115.170906,36.103455
24922,28706,-115.331406,36.15959
24923,28706,-115.27746,36.056244
24924,30769,-115.17191,36.11496
24925,28706,-115.17259,36.112953
24926,30769,-115.16937,36.121815
24927,30557,-115.20942,36.142094
24928,28706,-115.16296,36.12714
24929,28706,-115.271736,36.276844
24930,28706,-115.241035,36.126793
24931,24931,-115.141846,36.17241
24932,28706,-115.14037,36.169018
24933,28706,-115.20227,36.10571
24934,24934,-115.17453,36.112377
24935,24935,-115.30459,36.11395
24936,28706,-115.118515,36.019787
24937,30769,-115.15421,36.119675
24938,28706,-115.183846,36.0417
24939,30769,-115.17435,36.113964
24940,28706,-115.29828,36.10132
24941,24941,-115.171524,36.05969
24942,28706,-115.16956,36.05396
24943,24943,-115.14214,36.17187
24944,24944,-115.15202,36.159885
24945,30769,-115.17669,36.117455
24946,28706,-115.20888,36.09506
24947,24947,-115.01827,36.048473
24948,28706,-115.17787,36.11706
24949,30769,-115.28703,36.166676
24950,28706,-115.08475,36.02955
24951,28706,-115.24602,36.12568
24952,24952,-115.24365,36.05732
24953,24953,-115.04282,36.067123
24954,24954,-115.1727,36.109695
24955,24955,-115.19039,35.98294
24956,28706,-115.29874,36.06994
24957,28706,-115.19046,36.12615
24958,28706,-115.17356,36.127514
24959,28706,-115.170364,36.127617
24960,28706,-115.224075,36.12743
24961,30769,-115.10325,36.13028
24962,24962,-115.24417,36.143
24963,28706,-115.243576,36.135666
24964,28706,-115.21197,36.12554
24965,24965,-115.17275,36.106205
24966,28706,-115.35168,36.159485
24967,28706,-115.24354,36.073208
24968,30769,-115.17858,36.106277
24969,24969,-115.24816,36.195286
24970,28706,-115.17262,36.118378
24971,24971,-115.190475,36.17123
24972,28706,-112.0792,33.49111
24973,28706,-115.14741,36.114876
24974,28706,-115.2056,36.115074
24975,28706,-115.11901,36.23865
24976,28706,-115.31442,36.121193
24977,28706,-115.18163,36.075855
24978,28706,-115.17712,36.13198
24979,24979,-115.273125,36.06686
24980,28706,-115.24186,36.062195
24981,24981,-115.29656,36.0931
24982,28706,-115.17143,36.110447
24983,24983,-115.25033,36.21986
24984,28706,-115.17141,36.099007
24985,30769,-115.17109,36.038357
24986,30769,-115.13931,36.167286
24987,28706,-115.1775,36.112507
24988,24988,-115.29818,36.09476
24989,28706,-115.132225,36.101387
24990,28706,-115.25142,36.067112
24991,24991,-115.20332,36.12623
24992,24992,-115.28672,36.167316
24993,28706,-115.11888,36.028095
24994,28706,-115.13931,36.167286
24995,28706,-115.29656,36.0931
24996,28706,-115.280426,36.056282
24997,30769,-115.224335,36.060425
24998,28706,-115.17469,36.160713
24999,28706,-115.168106,36.103798
25000,28706,-115.24354,36.073208
25001,30557,-73.573166,45.49965
25002,28706,-115.28644,36.15855
25003,25003,-115.23995,36.14467
25004,28706,-115.333084,36.15087
25005,25005,-115.103004,35.99809
25006,28706,-115.297585,36.09778
25007,28706,-115.25988,36.203743
25008,30769,-115.225,36.069855
25009,28706,-115.10121,35.997097
25010,25010,-115.20635,35.995155
25011,28706,-115.163124,36.133614
25012,30769,-115.225945,36.239635
25013,28706,-115.20886,36.122192
25014,25014,-115.1191,36.040413
25015,25015,-115.17406,36.107925
25016,30769,-115.22045,36.099846
25017,28706,-115.03417,36.06388
25018,28706,-115.289116,36.158028
25019,25019,-115.19094,36.126175
25020,28706,-115.1873,36.11812
25021,28706,-115.14637,36.124424
25022,28706,-115.273125,36.06686
25023,30769,-115.17075,36.101788
25024,30769,-73.616425,45.53643
25025,28706,-115.17625,36.092876
25026,30557,-73.56842,45.49305
25027,28706,-115.177,36.11199
25028,25028,-115.174225,36.121616
25029,28706,-115.177,36.11199
25030,28706,-115.29408,36.14382
25031,30769,-115.24375,36.08624
25032,28706,-115.17457,36.11622
25033,25033,-115.17641,36.11316
25034,30769,-115.20964,36.12702
25035,28706,-115.209816,36.14866
25036,25036,-115.244095,36.0458
25037,25037,-115.208176,36.115437
25038,28706,-115.15539,36.147408
25039,30769,-115.244095,36.0458
25040,25040,-115.17712,36.13198
25041,30769,-115.17155,36.05199
25042,30769,-115.27994,36.052994
25043,28706,-115.2098,36.11828
25044,28706,-115.27846,36.13553
25045,25045,-115.267746,36.020943
25046,28706,-115.334236,36.145416
25047,30769,-112.065636,33.44916
25048,28706,-115.1746,36.116764
25049,25049,-115.17575,36.108307
25050,28706,-115.167694,36.103054
25051,30557,-73.56678,45.507553
25052,30769,-115.17295,36.10156
25053,28706,-115.12861,36.057144
25054,28706,-88.24212,40.11682
25055,28706,-115.17103,36.099377
25056,28706,-115.15387,36.110085
25057,25057,-115.15126,36.10913
25058,28706,-115.33387,36.152832
25059,25059,-115.233086,36.159576
25060,28706,-115.16363,36.13698
25061,28706,-115.28559,36.16719
25062,25062,-115.15716,36.114746
25063,30769,-115.17419,36.110485
25064,25064,-115.047714,36.026855
25065,25065,-115.09935,36.100647
25066,28706,-115.17497,36.095417
25067,25067,-115.308624,36.11392
25068,25068,-115.30644,36.114285
25069,28706,-115.28854,36.163086
25070,30557,-115.15126,36.10913
25071,28706,-111.8575,33.26346
25072,25072,-115.17698,36.111977
25073,25073,-115.17229,36.115147
25074,28706,-115.15126,36.10913
25075,25075,-115.15126,36.10913
25076,28706,-115.05648,36.015625
25077,28706,-115.22447,36.047886
25078,28706,-115.12659,36.02356
25079,28706,-115.09985,35.99411
25080,28706,-115.17534,36.11709
25081,25081,-115.10377,36.130226
25082,28706,-115.14085,36.170055
25083,28706,-115.17575,36.108307
25084,30769,-115.19203,36.126144
25085,28706,-115.15627,36.14684
25086,28706,-115.16821,36.127586
25087,25087,-115.09985,35.99411
25088,30557,-115.142006,36.17183
25089,28706,-115.13955,36.16874
25090,25090,-115.18953,36.1257
25091,28706,-115.17462,36.142902
25092,25092,-115.22343,36.115295
25093,28706,-115.16818,36.117462
25094,25094,-115.24375,36.08624
25095,28706,-115.19569,36.11454
25096,25096,-115.16963,36.117516
25097,28706,-115.30428,36.19106
25098,28706,-115.21327,36.12656
25099,25099,-115.17229,36.115147
25100,25100,-115.14294,36.16929
25101,28706,-115.17295,36.10156
25102,28706,-115.22343,36.115295
25103,30769,-115.24279,36.198753
25104,28706,-115.21246,36.101505
25105,25105,-115.17484,36.102894
25106,25106,-115.20741,36.123623
25107,28706,-115.2249,36.047733
25108,25108,-115.0884,36.071453
25109,25109,-115.284355,36.138515
25110,28706,-115.22443,36.1131
25111,28706,-115.209656,36.127045
25112,28706,-115.24407,36.047813
25113,28706,-115.11698,36.009254
25114,25114,-115.15323,36.042797
25115,25115,-115.29998,36.147152
25116,28706,-115.241516,36.064106
25117,28706,-115.33295,36.146164
25118,28706,-115.11839,36.01761
25119,28706,-115.24417,36.143
25120,25120,-115.134926,36.01411
25121,25121,-115.30409,36.19329
25122,28706,-115.17647,36.14513
25123,25123,-115.298744,36.115807
25124,28706,-115.16744,36.127686
25125,28706,-115.30644,36.114285
25126,30769,-115.30234,36.100346
25127,25127,-115.22343,36.115295
25128,25128,-115.308624,36.11392
25129,28706,-115.2983,36.11527
25130,28706,-115.27994,36.122913
25131,25131,-115.224945,36.07039
25132,28706,-115.11872,36.035313
25133,25133,-115.351524,36.159336
25134,28706,-115.22343,36.115295
25135,25135,-115.22343,36.115295
25136,25136,-115.292046,36.15843
25137,28706,-115.22343,36.115295
25138,25138,-115.11735,36.10072
25139,25139,-115.289375,36.163605
25140,28706,-115.17644,36.116367
25141,30769,-115.173706,36.14001
25142,30769,-115.17012,36.122276
25143,28706,-115.22522,36.127533
25144,28706,-115.04146,36.05681
25145,28706,-115.17641,36.11316
25146,28706,-115.176,36.119038
25147,28706,-115.15092,36.106915
25148,30557,-115.16619,36.062668
25149,25149,-115.16818,36.117462
25150,30769,-115.16559,36.12689
25151,28706,-115.1929,36.116634
25152,25152,-115.17395,36.11303
25153,30769,-115.17618,36.115856
25154,28706,-115.169754,36.102917
25155,28706,-115.154015,36.12784
25156,28706,-115.17435,36.113964
25157,30557,-73.57907,45.493977
25158,25158,-115.17618,36.115856
25159,28706,-115.17103,36.099377
25160,28706,-115.17234,36.110107
25161,28706,-115.17106,36.11242
25162,28706,-115.1954,36.040794
25163,28706,-115.1929,36.116634
25164,28706,-115.243515,36.072624
25165,28706,-115.17063,36.12298
25166,25166,-115.1183,36.274784
25167,28706,-115.20667,36.114872
25168,28706,-112.073074,33.462406
25169,28706,-115.04708,36.15808
25170,28706,-115.11687,36.072422
25171,28706,-115.241035,36.126793
25172,30769,-115.17641,36.11316
25173,30769,-115.24186,36.062195
25174,28706,-115.1068,36.071945
25175,25175,-115.243385,36.06256
25176,28706,-112.07232,33.457657
25177,25177,-115.32508,36.124886
25178,30557,-73.57505,45.52038
25179,28706,-115.35168,36.159485
25180,28706,-115.31363,36.157314
25181,25181,-115.16856,36.133137
25182,28706,-115.13595,36.159363
25183,28706,-115.26186,36.11331
25184,25184,-115.17234,36.110107
25185,28706,-115.2983,36.147083
25186,25186,-115.242485,36.146217
25187,25187,-115.17857,36.19712
25188,28706,-115.26186,36.11331
25189,28706,-115.298615,36.115734
25190,28706,-115.224075,36.12743
25191,25191,-115.24373,36.08461
25192,28706,-115.21327,36.12656
25193,28706,-115.271286,36.018726
25194,28706,-115.29743,36.09684
25195,28706,-115.24287,36.044266
25196,28706,-115.12782,35.996685
25197,28706,-115.29862,36.077145
25198,30769,-115.17674,36.10449
25199,28706,-115.22374,36.06325
25200,25200,-115.11047,36.0034
25201,25201,-115.31443,36.101513
25202,28706,-115.15323,36.042797
25203,28706,-115.17795,36.069214
25204,30769,-115.25093,36.055206
25205,28706,-115.1873,36.11812
25206,25206,-115.17767,36.10741
25207,28706,-115.17358,36.10267
25208,25208,-115.16769,36.10302
25209,25209,-115.273125,36.06686
25210,28706,-115.31251,36.11545
25211,28706,-115.22349,36.125526
25212,28706,-115.168106,36.103798
25213,28706,-115.227455,36.10028
25214,28706,-115.2112,36.125587
25215,30769,-115.35134,36.159016
25216,28706,-115.1183,36.274784
25217,28706,-115.26148,36.113655
25218,25218,-115.093315,36.005344
25219,28706,-115.24219,36.054207
25220,25220,-115.17143,36.135014
25221,30769,-115.1702,36.12269
25222,25222,-115.16591,36.127686
25223,30769,-80.848145,35.17423
25224,25224,-115.19819,36.125896
25225,25225,-115.17829,36.119133
25226,30769,-115.20744,36.113472
25227,28706,-115.17618,36.115856
25228,28706,-115.295586,36.114517
25229,30769,-115.15396,36.157898
25230,30769,-115.16879,36.122967
25231,25231,-115.25988,36.203743
25232,30769,-115.175804,36.09531
25233,28706,-115.26601,36.14423
25234,28706,-115.17348,36.074455
25235,30769,-115.04282,36.067123
25236,28706,-115.26148,36.113655
25237,28706,-115.1068,36.071945
25238,25238,-115.138756,36.11665
25239,30769,-115.17259,36.112953
25240,30769,-115.173874,36.10978
25241,30769,-115.219246,36.143974
25242,28706,-115.16876,36.12438
25243,30557,-115.17457,36.11622
25244,28706,-115.13576,36.136635
25245,30769,-115.1696,36.121452
25246,30769,-115.172554,36.111877
25247,28706,-115.14157,36.1716
25248,28706,-115.16845,36.123913
25249,30769,-115.17407,36.121197
25250,28706,-115.17688,36.091255
25251,30769,-115.174416,36.1097
25252,28706,-115.17259,36.099777
25253,30769,-115.17382,36.107162
25254,28706,-115.17223,36.110733
25255,28706,-115.172554,36.10907
25256,30769,-115.17332,36.11567
25257,25257,-115.17783,36.093067
25258,30769,-115.1725,36.110065
25259,28706,-115.17089,36.11006
25260,28706,-115.16961,36.121452
25261,30769,-115.169655,36.12119
25262,28706,-115.17262,36.12956
25263,28706,-115.15271,36.108807
25264,28706,-115.171524,36.05969
25265,30769,-115.14289,36.143345
25266,25266,-115.17058,36.1125
25267,25267,-115.16796,36.127712
25268,28706,-115.15323,36.042797
25269,28706,-115.16833,36.127647
25270,25270,-115.17277,36.10465
25271,30557,-115.17131,36.115993
25272,30769,-115.17652,36.11301
25273,30769,-115.17462,36.142902
25274,30769,-115.17086,36.10993
25275,25275,-115.17264,36.11758
25276,28706,-115.17524,36.116566
25277,28706,-115.168106,36.103798
25278,28706,-115.17535,36.070137
25279,28706,-115.17234,36.11635
25280,30557,-115.186485,36.1187
25281,30769,-112.000565,33.433685
25282,28706,-115.167755,36.123943
25283,25283,-115.16901,35.965446
25284,28706,-115.17577,36.10771
25285,28706,-80.839096,35.224216
25286,28706,-115.17692,36.106705
25287,28706,-115.173874,36.10978
25288,30769,-115.17178,36.12367
25289,28706,-115.17113,36.12856
25290,28706,-115.18939,36.11789
25291,25291,-115.20959,36.12621
25292,28706,-115.186584,36.115482
25293,25293,-115.18286,36.0408
25294,28706,-112.07275,33.447258
25295,28706,-115.17437,36.10206
25296,25296,-115.17658,36.10735
25297,28706,-115.13639,36.173893
25298,25298,-115.11793,36.01752
25299,25299,-115.176544,36.113472
25300,30557,-115.17259,36.112953
25301,25301,-80.84309,35.22877
25302,28706,-115.145004,36.173058
25303,28706,-115.17503,36.118713
25304,25304,-115.184906,36.116688
25305,30769,-115.186485,36.1187
25306,25306,-115.17158,36.05367
25307,30769,-3.198037,55.95369
25308,28706,-115.1725,36.110065
25309,30769,-115.17193,36.127487
25310,28706,-115.170975,36.114277
25311,28706,-115.173515,36.10301
25312,28706,-115.17849,36.10924
25313,25313,-115.17106,36.11242
25314,28706,-115.20198,36.10272
25315,25315,-115.17253,36.10185
25316,25316,-115.17618,36.115856
25317,30769,-115.14637,36.124424
25318,25318,-115.17143,36.110447
25319,30769,-115.17086,36.10993
25320,28706,-115.186485,36.1187
25321,28706,-115.17177,36.11931
25322,30769,-115.186485,36.1187
25323,28706,-115.19373,36.114956
25324,28706,-115.201775,36.126526
25325,25325,-115.17395,36.11303
25326,28706,-115.186485,36.1187
25327,30769,-115.17196,36.120907
25328,25328,-115.20744,36.113472
25329,25329,-115.17028,36.12229
25330,28706,-115.14027,36.171307
25331,25331,-115.186485,36.1187
25332,28706,-115.2001,36.10189
25333,28706,-115.186485,36.1187
25334,25334,-115.08267,36.069874
25335,30769,-115.17382,36.107162
25336,30769,-115.14064,36.167877
25337,30769,-115.24193,36.143177
25338,28706,-115.242165,36.05671
25339,30769,-115.14277,36.16997
25340,28706,-115.17516,36.109875
25341,28706,-115.16474,36.069073
25342,25342,-115.24257,36.199387
25343,25343,-115.17613,36.092182
25344,25344,-115.17548,36.098915
25345,30557,-115.28576,36.15842
25346,28706,-115.26318,36.271908
25347,28706,-115.203186,36.09046
25348,28706,-115.24536,36.161877
25349,25349,-115.183846,36.0417
25350,25350,-115.17712,36.13198
25351,25351,-115.26921,36.159355
25352,25352,-115.17849,36.10924
25353,28706,-115.16876,36.12438
25354,30769,-73.56082,45.50694
25355,30769,-115.29776,36.097992
25356,28706,-115.20705,36.096886
25357,28706,-115.17253,36.112015
25358,28706,-115.17557,36.05726
25359,25359,-115.11958,36.01292
25360,28706,-115.200645,36.115417
25361,28706,-115.30121,36.099983
25362,30769,-115.11721,36.02025
25363,28706,-115.1952,36.11531
25364,28706,-115.244095,36.049805
25365,28706,-115.33276,36.15119
25366,30769,-115.17613,36.092182
25367,23817,-115.17581,36.08995
25368,28706,-115.20954,36.099316
25369,28706,-115.13809,36.010376
25370,30769,-115.17202,36.09012
25371,30557,-115.20245,36.1023
25372,28706,-115.16961,36.121452
25373,28706,-115.24721,36.04437
25374,28706,-115.17041,36.118294
25375,30769,-115.26224,36.143475
25376,28706,-115.27994,36.127228
25377,28706,-115.24381,36.061695
25378,25378,-115.29653,36.09671
25379,30769,-115.17332,36.11567
25380,25380,-115.25111,36.21987
25381,30557,-115.174644,36.109913
25382,30557,-115.17295,36.10156
25383,28706,-115.17419,36.110485
25384,28706,-115.17557,36.118473
25385,30769,-115.174194,36.011425
25386,25386,-115.17243,36.119926
25387,28706,-115.2811,36.114468
25388,28706,-115.04282,36.067123
25389,25389,-115.1725,36.110065
25390,25390,-115.17256,36.11095
25391,28706,-115.33337,36.152176
25392,25392,-115.224075,36.12743
25393,30769,-115.20846,36.118633
25394,28706,-115.17345,36.10306
25395,28706,-115.289375,36.163605
25396,25396,-115.17652,36.11303
25397,28706,-115.11979,36.238106
25398,25398,-115.22227,36.099506
25399,28706,-115.169754,36.102917
25400,28706,-115.23027,36.159695
25401,25401,-115.26148,36.113655
25402,25402,-115.31251,36.11545
25403,28706,-115.180664,36.291985
25404,25404,-115.1763,36.068497
25405,28706,-115.13639,36.175
25406,28706,-115.14289,36.143345
25407,30769,-115.10925,36.000908
25408,28706,-115.17012,36.122276
25409,30769,-115.17146,36.10095
25410,28706,-115.15271,36.108807
25411,30769,-115.16296,36.12714
25412,28706,-115.17692,36.106655
25413,28706,-115.20517,35.99558
25414,30769,-115.11909,36.02112
25415,25415,-115.17382,36.107162
25416,25416,-115.142494,36.12942
25417,30769,-115.166954,36.106236
25418,25418,-115.2071,36.110973
25419,28706,-115.17075,36.101788
25420,28706,-115.2071,36.110973
25421,28706,-115.17089,36.114025
25422,28706,-115.16952,36.12394
25423,30769,-115.15323,36.042797
25424,28706,-115.17375,36.103863
25425,28706,-115.17625,36.092876
25426,25426,-115.17688,36.111946
25427,30769,-115.20888,36.09506
25428,30769,-115.20744,36.113472
25429,28706,-115.1613,36.138298
25430,28706,-115.16869,36.127796
25431,30769,-115.17249,36.105267
25432,28706,-112.065636,33.44916
25433,28706,-115.19496,36.114685
25434,25434,-115.13894,36.16672
25435,25435,-115.173874,36.109753
25436,28706,-115.11356,36.07685
25437,30557,-115.173325,36.10507
25438,28706,-115.157875,36.142757
25439,28706,-115.225006,36.126816
25440,28706,-115.17191,36.11496
25441,25441,-115.16587,36.126877
25442,28706,-115.11167,36.100384
25443,25443,-115.177,36.11199
25444,28706,-115.17652,36.11303
25445,28706,-115.209915,36.126427
25446,28706,-115.138756,36.11665
25447,28706,-115.11997,36.01099
25448,28706,-115.324776,36.107853
25449,28706,-115.17484,36.069973
25450,28706,-115.299,36.14643
25451,25451,-115.17264,36.110767
25452,28706,-115.17306,36.091965
25453,25453,-115.19496,36.114685
25454,28706,-115.17726,36.094547
25455,28706,-115.20899,36.09942
25456,30769,-115.15396,36.157898
25457,28706,-115.351524,36.159336
25458,28706,-115.2691,36.056004
25459,28706,-115.243324,36.08245
25460,28706,-115.17259,36.112953
25461,28706,-115.302345,36.207073
25462,28706,-115.13595,36.105026
25463,28706,-115.17139,36.135098
25464,28706,-115.17167,36.11025
25465,28706,-115.20899,36.09942
25466,28706,-115.20899,36.09942
25467,25467,-115.20741,36.123623
25468,28706,-115.20899,36.09942
25469,25469,-115.20899,36.09942
25470,30769,-112.07309,33.448547
25471,28706,-115.06381,36.167458
25472,25472,-115.12638,36.22162
25473,28706,-115.18507,36.102978
25474,25474,-115.17849,36.10924
25475,25475,-115.17535,36.070137
25476,28706,-115.17582,36.11773
25477,28706,-115.1746,36.116764
25478,28706,-115.24371,36.05824
25479,28706,-115.17113,36.12856
25480,30769,-115.17234,36.110107
25481,28706,-115.25156,36.14358
25482,28706,-115.17503,36.143192
25483,25483,-115.33344,36.150024
25484,25484,-115.241554,36.064533
25485,28706,-115.28703,36.166676
25486,28706,-115.145004,36.173058
25487,28706,-115.29815,36.10169
25488,28706,-115.24288,36.072594
25489,30769,-115.14064,36.167877
25490,28706,-115.18995,36.12553
25491,25491,-115.29747,36.11287
25492,25492,-115.20142,36.12633
25493,28706,-115.241035,36.126793
25494,25494,-115.27746,36.056244
25495,28706,-115.28992,36.160503
25496,25496,-115.174644,36.109913
25497,25497,-115.17849,36.10924
25498,28706,-115.167015,36.126884
25499,28706,-115.13962,36.170086
25500,25500,-115.15254,36.151268
25501,28706,-115.30971,36.11463
25502,28706,-115.18609,36.27883
25503,28706,-115.17556,36.098907
25504,28706,-115.14551,36.12177
25505,25505,-73.56588,45.5073
25506,25506,-115.17191,36.11496
25507,28706,-115.2531,36.274574
25508,25508,-115.20567,36.16626
25509,28706,-115.243324,36.08245
25510,28706,-115.164345,36.06004
25511,30769,-115.17332,36.11567
25512,25512,-115.175644,36.098877
25513,25513,-115.175064,36.107677
25514,28706,-115.17095,36.106594
25515,28706,-115.17127,36.11288
25516,30769,-115.1725,36.110065
25517,28706,-114.90861,35.969086
25518,28706,-115.167015,36.126884
25519,28706,-115.17127,36.11288
25520,25520,-115.170906,36.103455
25521,28706,-115.16841,36.12458
25522,28706,-115.17429,36.130753
25523,25523,-115.17322,36.10419
25524,28706,-115.19528,36.11444
25525,30557,-115.14908,36.123734
25526,30769,-115.17386,36.102005
25527,30769,-3.1981623,55.951706
25528,25528,-115.17167,36.11025
25529,28706,-115.163536,36.126423
25530,25530,-115.17473,36.098732
25531,28706,-73.58146,45.51805
25532,30769,-115.1395,36.144585
25533,30769,-115.17419,36.110485
25534,30769,-115.16591,36.127686
25535,28706,-115.17124,36.11788
25536,30769,-115.17234,36.10353
25537,30769,-115.180016,36.14181
25538,28706,-115.18939,36.11789
25539,30769,-115.17234,36.110107
25540,30769,-115.17223,36.105675
25541,30769,-115.17305,36.118965
25542,30769,-115.17125,36.127213
25543,25543,-115.17473,36.098732
25544,30769,-115.17849,36.10924
25545,30769,-115.167755,36.123978
25546,25546,-115.02017,36.27962
25547,28706,-115.17299,36.128223
25548,25548,-115.17484,36.102894
25549,28706,-115.17012,36.122276
25550,30769,-115.13792,36.168026
25551,28706,-89.38583,43.0752
25552,28706,-115.1753,36.09208
25553,30769,-115.17577,36.011356
25554,30769,-115.17179,36.12469
25555,25555,-80.00268,40.44847
25556,28706,-115.163155,36.118034
25557,30769,-115.17382,36.107162
25558,28706,-115.186104,36.11628
25559,30769,-115.17644,36.09227
25560,28706,-115.17473,36.098732
25561,25561,-73.57754,45.516373
25562,30769,-111.98199,33.40369
25563,30769,-115.167755,36.123943
25564,30769,-115.17028,36.12229
25565,30769,-115.16348,36.113026
25566,25566,-115.172424,36.101204
25567,30769,-115.17086,36.10993
25568,25568,-115.17496,36.121323
25569,28706,-115.17473,36.098732
25570,28706,-115.17496,36.121323
25571,28706,-115.173874,36.109753
25572,28706,-115.16456,36.131496
25573,25573,-115.17395,36.11303
25574,28706,-115.169754,36.102917
25575,25575,-115.29653,36.09671
25576,30769,-115.140396,36.168877
25577,25577,-115.17457,36.11622
25578,30769,-115.15706,36.163692
25579,30769,-115.1725,36.110065
25580,28706,-115.15539,36.11793
25581,28706,-115.096466,36.006683
25582,28706,-115.1752,36.091843
25583,25583,-115.1712,36.11172
25584,28706,-3.195602,55.9491
25585,28706,-115.17582,36.09558
25586,28706,-115.17473,36.098732
25587,28706,-115.15323,36.042797
25588,25588,-115.17473,36.098732
25589,30769,-115.16918,36.10844
25590,25590,-115.17552,36.112335
25591,28706,-115.173874,36.10978
25592,28706,-115.17435,36.113964
25593,25593,-115.17473,36.098732
25594,30769,-115.172455,36.111073
25595,28706,-115.16906,36.054974
25596,25596,-115.160965,36.09982
25597,25597,-115.17234,36.110107
25598,28706,-115.17196,36.120907
25599,25599,-115.17167,36.11025
25600,30769,-115.26041,36.143772
25601,25601,-115.206406,35.998116
25602,30769,-115.17652,36.11303
25603,28706,-115.17473,36.098732
25604,28706,-115.17516,36.091866
25605,25605,-115.17473,36.098732
25606,28706,-115.17191,36.11496
25607,30769,-111.92177,33.636818
25608,28706,-115.17473,36.098732
25609,28706,-115.15822,36.161972
25610,25610,-115.175644,36.098877
25611,28706,-115.180016,36.14181
25612,25612,-115.17019,36.123886
25613,28706,-115.177666,36.107014
25614,28706,-115.16997,36.11293
25615,28706,-115.14289,36.143345
25616,25616,-115.17395,36.11303
25617,25617,-115.17459,36.112022
25618,28706,-115.168106,36.103798
25619,28706,-115.19534,36.114998
25620,28706,-115.16866,36.117542
25621,25621,-115.142876,36.169594
25622,28706,-115.16296,36.12714
25623,28706,-115.14844,36.16738
25624,28706,-115.1676,36.103294
25625,30769,-115.17473,36.098732
25626,25626,-115.17613,36.107327
25627,25627,-115.17131,36.11928
25628,28706,-115.1725,36.110065
25629,30557,-115.17505,36.098984
25630,28706,-115.17261,36.109623
25631,25631,-115.17578,36.09593
25632,30769,-115.17503,36.118713
25633,25633,-115.17425,36.102516
25634,28706,-115.17556,36.098907
25635,25635,-115.17497,36.095417
25636,25636,-115.17305,36.118965
25637,28706,-115.3007,36.14558
25638,30557,-115.17818,36.106815
25639,30769,-115.17106,36.11242
25640,30557,-115.19534,36.114998
25641,25641,-115.17818,36.106815
25642,28706,-115.173515,36.103
25643,28706,-111.78678,33.450356
25644,25644,-115.17141,36.11752
25645,30769,-115.179085,36.11224
25646,25646,-115.17453,36.112377
25647,28706,-115.173874,36.109753
25648,28706,-115.17473,36.098732
25649,28706,-115.16989,36.10279
25650,30769,-115.172714,36.11888
25651,28706,-115.17473,36.098732
25652,25652,-115.17496,36.121323
25653,30769,-115.20959,36.12621
25654,30769,-115.334816,36.15839
25655,28706,-115.17332,36.11567
25656,28706,-115.12349,36.057854
25657,30769,-115.17582,36.11773
25658,25658,-115.17253,36.112015
25659,28706,-115.168106,36.103798
25660,28706,-73.574394,45.52221
25661,25661,-115.14494,36.121414
25662,30769,-115.17698,36.107407
25663,28706,-115.141884,36.16918
25664,28706,-115.17601,36.104332
25665,30769,-115.17243,36.119926
25666,25666,-115.17698,36.111977
25667,28706,-115.168106,36.103798
25668,30769,-115.30076,36.145542
25669,25669,-115.16009,36.113396
25670,28706,-115.1726,36.118793
25671,28706,-115.167694,36.103054
25672,28706,-115.11704,36.01736
25673,30769,-115.17783,36.093067
25674,28706,-115.17712,36.13198
25675,25675,-115.177536,36.06837
25676,28706,-115.05591,36.055576
25677,28706,-115.33334,36.16098
25678,28706,-115.17089,36.114025
25679,25679,-115.046844,36.05945
25680,28706,-115.17253,36.112015
25681,28706,-115.17254,36.115658
25682,28706,-115.17143,36.109825
25683,28706,-115.15472,36.115124
25684,30769,-115.17103,36.099377
25685,30769,-115.172325,36.12454
25686,30769,-115.14637,36.124424
25687,30769,-115.173515,36.10301
25688,30769,-115.17022,36.12299
25689,28706,-115.173874,36.109753
25690,30769,-115.291306,36.16911
25691,28706,-115.173874,36.109753
25692,25692,-115.15228,36.139946
25693,30769,-115.17105,36.12595
25694,28706,-115.16591,36.127495
25695,28706,-115.17124,36.11788
25696,28706,-115.17322,36.127586
25697,30769,-115.17128,36.11289
25698,28706,-115.170906,36.103455
25699,28706,-115.17364,36.121155
25700,28706,-115.15822,36.161972
25701,28706,-115.23995,36.14467
25702,28706,-115.1741,36.12124
25703,28706,-115.16153,36.132683
25704,25704,-115.16559,36.12689
25705,28706,-115.312225,36.158894
25706,28706,-115.17503,36.118713
25707,25707,-115.16908,36.124203
25708,25708,-115.17544,36.09935
25709,28706,-115.17033,36.12362
25710,28706,-115.17253,36.112015
25711,28706,-115.17704,36.10762
25712,30769,-115.17086,36.10993
25713,25713,-115.17153,36.117573
25714,28706,-115.29408,36.14382
25715,25715,-115.17119,36.12122
25716,28706,-115.20741,36.123623
25717,25717,-115.17421,36.106213
25718,28706,-115.15082,36.087605
25719,28706,-115.17291,36.138462
25720,25720,-115.17575,36.108307
25721,25721,-115.16833,36.127647
25722,28706,-115.194374,36.114815
25723,30769,-115.16932,36.103893
25724,30769,-115.172325,36.12454
25725,28706,-115.17462,36.142902
25726,30769,-115.1725,36.110065
25727,28706,-115.17661,36.097107
25728,28706,-115.19822,36.12595
25729,30769,-115.17156,36.10262
25730,28706,-115.16296,36.12714
25731,28706,-115.16904,36.124878
25732,28706,-115.17462,36.142902
25733,28706,-115.173874,36.10978
25734,25734,-115.16559,36.12689
25735,28706,-115.16744,36.127686
25736,30769,-115.1727,36.109695
25737,30769,-115.18163,36.075855
25738,30769,-115.17322,36.119038
25739,28706,-115.17156,36.10262
25740,30769,-3.195602,55.9491
25741,30769,-115.17033,36.12362
25742,28706,-115.180016,36.14181
25743,30769,-3.190423,55.95065
25744,25744,-115.15539,36.11793
25745,28706,-115.17849,36.10924
25746,30769,-115.17086,36.10993
25747,28706,-115.17253,36.112015
25748,28706,-115.17503,36.118713
25749,28706,-115.173874,36.10978
25750,28706,-115.16587,36.126877
25751,25751,-115.17196,36.120907
25752,28706,-115.17253,36.112015
25753,28706,-115.17516,36.109875
25754,30769,-115.17139,36.135098
25755,30769,-115.15165,36.105473
25756,28706,-115.17516,36.109875
25757,28706,-115.174515,36.121548
25758,30769,-115.17481,36.10987
25759,28706,-115.17156,36.10262
25760,30769,-115.20631,36.12659
25761,28706,-115.09787,36.034588
25762,28706,-115.17395,36.11303
25763,30557,-79.982544,40.42897
25764,28706,-115.333855,36.155964
25765,28706,-115.1696,36.121452
25766,30769,-115.167755,36.123943
25767,28706,-115.16923,36.121773
25768,30557,-115.01003,36.272373
25769,28706,-115.1765,36.10758
25770,28706,-115.1725,36.110065
25771,25771,-115.17041,36.110847
25772,25772,-115.170364,36.127617
25773,30769,-115.185196,36.12566
25774,28706,-115.17345,36.10306
25775,25775,-115.17156,36.10262
25776,30769,-115.17156,36.10262
25777,30769,-115.172714,36.118225
25778,28706,-115.174995,36.092667
25779,30769,-115.15712,36.16348
25780,28706,-115.175804,36.096684
25781,30769,-115.17725,36.119125
25782,28706,-115.176315,36.109913
25783,28706,-115.16876,36.12438
25784,28706,-115.14347,36.06351
25785,30769,-115.17089,36.114025
25786,28706,-115.166954,36.106236
25787,30769,-115.174644,36.109913
25788,28706,-115.180016,36.14181
25789,28706,-115.17203,36.11494
25790,28706,-115.17688,36.111946
25791,30769,-115.17601,36.104332
25792,30769,-115.17849,36.10924
25793,28706,-115.16904,36.124878
25794,28706,-115.17405,36.109875
25795,28706,-115.172714,36.10941
25796,30769,-115.16869,36.127796
25797,30769,-115.20638,36.006573
25798,28706,-115.15126,36.1089
25799,28706,-115.172295,36.11805
25800,28706,-115.284424,36.13854
25801,28706,-115.173775,36.090916
25802,28706,-115.142006,36.17183
25803,30769,-115.11793,36.09981
25804,25804,-115.13609,36.01191
25805,28706,-115.17324,36.109814
25806,30769,-115.17332,36.11567
25807,30557,-115.172424,36.101196
25808,28706,-115.17516,36.109875
25809,28706,-115.17688,36.111946
25810,28706,-115.248,36.142876
25811,25811,-3.1878924,55.949314
25812,30769,-115.17613,36.107327
25813,28706,-115.29302,36.157192
25814,30769,-115.1563,36.142338
25815,28706,-115.16876,36.12438
25816,28706,-115.14289,36.143345
25817,30769,-115.13894,36.16672
25818,28706,-115.13894,36.16672
25819,28706,-115.16994,36.109863
25820,28706,-115.24508,36.159706
25821,25821,-115.15448,36.11884
25822,30769,-73.55172,45.509388
25823,30769,-115.14289,36.143345
25824,25824,-115.209656,36.127045
25825,30769,-115.14289,36.143345
25826,28706,-115.17259,36.112953
25827,30769,-115.167755,36.123943
25828,28706,-115.178,36.068428
25829,25829,-115.1195,36.015434
25830,28706,-115.301025,36.146275
25831,30769,-115.17659,36.091938
25832,28706,-115.17086,36.10993
25833,28706,-115.27846,36.134956
25834,30769,-115.219246,36.143974
25835,30769,-111.99434,33.43419
25836,30769,-115.174515,36.121548
25837,30769,-115.24186,36.062195
25838,28706,-115.17345,36.10306
25839,28706,-115.17089,36.114025
25840,28706,-115.15125,36.136257
25841,28706,-115.16591,36.127495
25842,25842,-115.1726,36.118793
25843,28706,-115.16904,36.124878
25844,28706,-115.111786,36.00694
25845,30769,-115.1392,36.08282
25846,28706,-115.135,36.1155
25847,28706,-115.073,36.072193
25848,30769,-111.9382,33.629356
25849,25849,-115.23995,36.14467
25850,25850,-115.17106,36.12008
25851,30769,-115.24302,36.036034
25852,25852,-115.15448,36.11884
25853,28706,-115.17767,36.10741
25854,28706,-115.17575,36.108307
25855,30769,-115.174355,36.109806
25856,28706,-115.17295,36.10156
25857,28706,-115.1684,36.124554
25858,28706,-115.17028,36.12229
25859,28706,-79.89309,40.489143
25860,28706,-115.153404,36.027
25861,25861,-115.24675,36.144825
25862,28706,-115.15716,36.114746
25863,25863,-115.157875,36.142757
25864,25864,-115.15448,36.11884
25865,30769,-115.17086,36.10993
25866,28706,-115.17601,36.104332
25867,28706,-115.1702,36.12269
25868,30769,-115.17262,36.12956
25869,28706,-112.064766,33.470886
25870,28706,-115.273125,36.06686
25871,28706,-115.15421,36.118145
25872,28706,-115.17386,36.102005
25873,28706,-115.173874,36.10978
25874,25874,-115.16573,36.126507
25875,25875,-115.17332,36.11567
25876,30769,-115.13639,36.173893
25877,28706,-115.15387,36.110085
25878,28706,-115.17698,36.107407
25879,30769,-115.173874,36.10978
25880,28706,-115.17516,36.109875
25881,28706,-115.17413,36.109634
25882,30557,-115.157875,36.142757
25883,28706,-115.17849,36.10924
25884,30557,-80.944466,35.22019
25885,25885,-115.17618,36.115856
25886,25886,-115.17535,36.070137
25887,25887,-115.16907,36.124435
25888,30769,-115.17262,36.118378
25889,28706,-115.171776,36.102093
25890,28706,-115.13595,36.159363
25891,28706,-115.16841,36.12458
25892,28706,-115.16965,36.121864
25893,30769,-115.186104,36.11628
25894,30769,-112.00717,33.435467
25895,28706,-115.17618,36.115856
25896,25896,-115.16858,36.123478
25897,25897,-115.17484,36.102894
25898,28706,-115.16296,36.12714
25899,25899,-115.1746,36.116764
25900,30557,-111.84253,33.303234
25901,28706,-73.55482,45.507256
25902,30769,-115.17676,36.10449
25903,30769,-115.17496,36.121323
25904,25904,-115.18939,36.11789
25905,25905,-115.172554,36.115673
25906,28706,-115.172325,36.12454
25907,28706,-115.17131,36.11928
25908,28706,-115.17425,36.102516
25909,30769,-115.17089,36.114025
25910,30769,-115.17106,36.11242
25911,25911,-115.17364,36.121155
25912,25912,-115.17249,36.105267
25913,28706,-115.169754,36.102917
25914,30769,-115.16591,36.127686
25915,30769,-111.95243,33.506767
25916,30769,-115.13639,36.175
25917,30769,-115.173515,36.103
25918,28706,-115.17012,36.122276
25919,28706,-115.17178,36.115017
25920,28706,-115.17153,36.117573
25921,30769,-115.15531,36.11022
25922,28706,-115.1763,36.11227
25923,25923,-115.175064,36.107677
25924,28706,-115.18191,36.09612
25925,28706,-115.14289,36.143345
25926,28706,-115.13463,36.161926
25927,30769,-115.17106,36.11242
25928,25928,-115.17474,36.115932
25929,30769,-115.173195,36.10871
25930,28706,-115.135,36.1155
25931,28706,-115.175804,36.096684
25932,28706,-115.167725,36.103397
25933,28706,-115.177,36.11199
25934,28706,-115.1765,36.10758
25935,30769,-115.15427,36.1187
25936,30769,-115.17076,36.123367
25937,28706,-115.172424,36.101196
25938,30769,-115.16714,36.126476
25939,28706,-80.822556,35.216587
25940,30769,-115.17457,36.11622
25941,30769,-115.17516,36.109875
25942,28706,-115.17239,36.109104
25943,28706,-115.24536,36.161877
25944,28706,-115.16908,36.124203
25945,28706,-115.17124,36.11788
25946,28706,-115.03062,36.03838
25947,28706,-115.14637,36.124424
25948,25948,-115.1087,36.14329
25949,28706,-115.16769,36.10302
25950,28706,-115.17156,36.11732
25951,28706,-115.1613,36.138298
25952,25952,-115.17086,36.10993
25953,28706,-80.93305,35.137833
25954,28706,-115.15323,36.042797
25955,28706,-115.17106,36.11242
25956,28706,-115.17054,36.10259
25957,30557,-3.195602,55.9491
25958,30769,-3.195602,55.9491
25959,28706,-115.17205,35.965473
25960,28706,-115.17413,36.121143
25961,28706,-115.05262,36.100742
25962,28706,-115.17469,36.160713
25963,30557,-115.177444,36.11319
25964,28706,-115.17688,36.091255
25965,30557,-115.155754,36.14755
25966,25966,-115.157875,36.142757
25967,28706,-115.17501,36.117245
25968,28706,-115.13988,36.1688
25969,30769,-115.17075,36.101788
25970,25970,-115.17496,36.121323
25971,28706,-115.169266,36.102703
25972,25972,-115.17259,36.112953
25973,28706,-115.20888,36.09506
25974,25974,-115.16952,36.12394
25975,28706,-115.1765,36.10758
25976,25976,-115.209915,36.126427
25977,28706,-112.07377,33.45838
25978,28706,-115.17669,36.117455
25979,30769,-115.17087,36.10242
25980,28706,-115.17166,36.055428
25981,25981,-115.15435,36.143963
25982,25982,-115.16908,36.123558
25983,28706,-115.17234,36.110107
25984,28706,-115.167755,36.123943
25985,25985,-115.17641,36.11316
25986,25986,-115.17315,36.10988
25987,30557,-73.6028,45.47854
25988,30769,-115.087364,36.029713
25989,30769,-115.17581,36.08995
25990,25990,-115.175064,36.107677
25991,25991,-115.17012,36.122276
25992,28706,-115.17341,36.118275
25993,28706,-115.17341,36.118275
25994,28706,-115.176674,36.090755
25995,28706,-115.17618,36.115856
25996,28706,-115.13694,36.176132
25997,28706,-115.191086,36.197346
25998,30769,-115.175026,36.090862
25999,28706,-115.16961,36.121452
26000,26000,-115.16961,36.121452
26001,30769,-115.17354,36.109516
26002,30769,-111.93192,33.50187
26003,28706,-115.17318,36.110085
26004,28706,-115.173904,36.110092
26005,30769,-115.17306,36.091965
26006,30769,-115.13637,36.145214
26007,28706,-115.16869,36.127796
26008,26008,-115.1546,36.11997
26009,26009,-115.17503,36.118713
26010,28706,-115.17496,36.121323
26011,30769,-115.16456,36.131496
26012,28706,-115.164345,36.06004
26013,26013,-115.17437,36.10206
26014,30769,-115.1677,36.125965
26015,28706,-115.17193,36.127487
26016,30769,-115.16961,36.121452
26017,28706,-112.010574,33.434765
26018,28706,-115.16965,36.121864
26019,28706,-115.16961,36.121452
26020,30769,-115.16855,36.10475
26021,26021,-115.17364,36.121155
26022,30769,-115.167755,36.123943
26023,28706,-115.167694,36.103054
26024,30769,-115.16796,36.127712
26025,28706,-115.169266,36.102703
26026,28706,-115.171776,36.102093
26027,28706,-111.940346,33.425938
26028,28706,-115.16875,36.11044
26029,28706,-115.17684,36.1206
26030,28706,-115.16901,35.965446
26031,30557,-73.56809,45.48887
26032,26032,-115.14637,36.124424
26033,30769,-115.17698,36.111977
26034,28706,-115.16929,36.122322
26035,28706,-115.15662,36.14225
26036,28706,-115.17578,36.09593
26037,26037,-115.224464,36.128838
26038,28706,-115.17459,36.112022
26039,30769,-115.16597,36.125782
26040,28706,-115.1725,36.110065
26041,26041,-115.262314,36.11668
26042,26042,-115.17186,36.11744
26043,30769,-115.1702,36.12269
26044,30769,-115.17364,36.121155
26045,30769,-115.173874,36.10978
26046,28706,-115.17025,36.1238
26047,28706,-115.174644,36.109913
26048,28706,-115.170616,36.124756
26049,26049,-115.17259,36.112953
26050,28706,-115.164894,36.129868
26051,28706,-115.173874,36.109753
26052,28706,-115.17041,36.118294
26053,26053,-115.13639,36.175
26054,28706,-115.24374,36.047146
26055,28706,-115.14551,36.12177
26056,30769,-115.17457,36.11622
26057,26057,-115.17857,36.19712
26058,26058,-115.17457,36.11622
26059,28706,-115.1763,36.11227
26060,26060,-115.16559,36.12689
26061,26061,-115.17089,36.114025
26062,30769,-115.17075,36.101788
26063,28706,-111.99968,33.43605
26064,30769,-115.17277,36.10465
26065,30769,-115.17277,36.082066
26066,28706,-115.15693,36.115025
26067,26067,-115.167755,36.123978
26068,30769,-115.17697,36.094967
26069,28706,-115.176544,36.116646
26070,30769,-115.17354,36.109516
26071,28706,-115.046844,36.05945
26072,30769,-115.17286,36.127224
26073,28706,-115.23995,36.14467
26074,28706,-115.20848,36.083973
26075,28706,-115.29707,36.08382
26076,30769,-115.17781,36.093067
26077,28706,-115.18939,36.11789
26078,28706,-115.13802,36.089493
26079,30557,-73.57414,45.499672
26080,28706,-115.173874,36.109753
26081,30769,-115.17251,36.11073
26082,28706,-115.18644,36.11881
26083,30769,-73.57582,45.497364
26084,30769,-115.15387,36.110085
26085,28706,-115.176315,36.109913
26086,28706,-115.17113,36.12856
26087,30769,-115.17177,36.11931
26088,30769,-111.99899,33.436527
26089,28706,-115.16587,36.126877
26090,28706,-115.1774,36.113766
26091,28706,-115.16961,36.121452
26092,28706,-115.22456,36.128075
26093,26093,-115.17577,36.011356
26094,28706,-115.173706,36.14001
26095,26095,-115.173874,36.109753
26096,28706,-115.17786,36.117294
26097,30769,-115.16714,36.126476
26098,28706,-80.799644,35.176636
26099,28706,-115.172554,36.115673
26100,26100,-115.15716,36.114746
26101,28706,-115.15323,36.042797
26102,26102,-115.17322,36.10419
26103,26103,-115.174034,36.121204
26104,30769,-115.163124,36.133614
26105,26105,-115.33271,36.15179
26106,26106,-111.86568,33.435287
26107,28706,-111.9283,33.502007
26108,28706,-115.1752,36.091843
26109,26109,-115.16919,36.105984
26110,26110,-115.13802,36.089493
26111,26111,-115.1765,36.10758
26112,28706,-115.16858,36.103508
26113,28706,-115.17704,36.10762
26114,28706,-112.113014,33.713097
26115,30769,-115.172455,36.12073
26116,28706,-115.17361,36.109997
26117,30769,-115.17087,36.10242
26118,28706,-115.179085,36.11224
26119,28706,-115.1732,36.104378
26120,26120,-115.17406,36.107925
26121,28706,-115.17223,36.105675
26122,30557,-115.174644,36.109913
26123,30557,-115.17669,36.117455
26124,28706,-111.92562,33.493855
26125,30557,-115.17435,36.113964
26126,26126,-115.17154,36.048992
26127,28706,-112.00699,33.435463
26128,26128,-115.164894,36.129868
26129,26129,-115.15154,36.12109
26130,30769,-115.13637,36.145214
26131,30769,-115.145645,36.124844
26132,28706,-115.179085,36.11224
26133,28706,-115.17087,36.10242
26134,30557,-115.17618,36.115856
26135,28706,-115.16769,36.10302
26136,30769,-73.5655,45.5003
26137,26137,-115.20631,36.12659
26138,28706,-115.17322,36.109215
26139,28706,-115.1613,36.138298
26140,28706,-115.17459,36.112022
26141,30769,-112.10023,33.626423
26142,30769,-115.17516,36.109875
26143,30769,-115.18939,36.11789
26144,28706,-115.17582,36.11773
26145,26145,-115.14393,36.170383
26146,28706,-115.139915,36.169243
26147,26147,-115.173706,36.107292
26148,28706,-115.17249,36.105267
26149,28706,-115.15659,36.145737
26150,26150,-115.17435,36.113964
26151,28706,-115.175026,36.121967
26152,28706,-115.17704,36.10762
26153,28706,-115.154015,36.12784
26154,30769,-115.13717,36.082092
26155,28706,-115.17325,36.03351
26156,28706,-115.152145,36.13546
26157,28706,-115.157875,36.142757
26158,28706,-115.17128,36.11289
26159,30769,-115.17601,36.104332
26160,28706,-115.16296,36.12714
26161,28706,-115.17259,36.112953
26162,28706,-115.17106,36.11242
26163,28706,-115.244255,36.145123
26164,30769,-115.17552,36.112335
26165,26165,-115.171036,36.124466
26166,26166,-115.176155,36.09279
26167,30769,-115.17332,36.10583
26168,30769,-115.15448,36.11884
26169,26169,-115.174034,36.10529
26170,28706,-115.174095,36.09128
26171,28706,-115.17127,36.11288
26172,30557,-112.18334,33.53938
26173,28706,-115.14085,36.170055
26174,30769,-115.169754,36.102917
26175,28706,-112.04751,33.52433
26176,28706,-115.19636,36.125397
26177,26177,-115.17712,36.13198
26178,28706,-115.17516,36.109875
26179,28706,-114.99163,36.00862
26180,26180,-115.20989,36.10025
26181,30769,-115.13609,36.01191
26182,30769,-115.135,36.1155
26183,28706,-115.17277,36.082066
26184,28706,-115.20734,36.088776
26185,28706,-115.1068,36.071945
26186,30769,-115.174355,36.092293
26187,30769,-115.241974,36.1434
26188,26188,-112.13472,33.843456
26189,26189,-115.27944,36.123875
26190,26190,-115.14252,36.142284
26191,28706,-115.24193,36.143177
26192,30769,-115.16879,36.122967
26193,28706,-115.17223,36.110733
26194,28706,-115.27994,36.127228
26195,28706,-115.26988,36.2835
26196,28706,-115.174385,36.12034
26197,28706,-115.30605,36.113136
26198,26198,-115.11734,36.028217
26199,30557,-115.16153,36.132683
26200,30769,-115.17012,36.122276
26201,26201,-115.20959,36.12621
26202,28706,-115.17234,36.11635
26203,28706,-115.17435,36.12769
26204,28706,-115.09893,36.042465
26205,30769,-115.116776,36.020107
26206,28706,-115.17457,36.127308
26207,28706,-115.16961,36.121452
26208,28706,-115.2431,36.124302
26209,26209,-115.24385,36.04967
26210,30557,-115.17196,36.120907
26211,30769,-115.17086,36.10993
26212,28706,-115.040665,36.106735
26213,30557,-115.177,36.11199
26214,26214,-115.14064,36.167877
26215,30769,-115.17382,36.107162
26216,26216,-115.17345,36.10306
26217,28706,-115.17022,36.11236
26218,28706,-115.28655,36.28842
26219,26219,-111.97677,33.679085
26220,30557,-115.14643,36.100643
26221,28706,-115.17205,36.11012
26222,28706,-115.17641,36.11316
26223,28706,-115.172554,36.115673
26224,28706,-115.17259,36.112953
26225,26225,-115.157875,36.142757
26226,28706,-115.167755,36.123978
26227,28706,-115.17581,36.08995
26228,28706,-115.1546,36.11997
26229,26229,-115.30114,36.09934
26230,26230,-115.14636,36.171658
26231,26231,-115.16792,36.11547
26232,28706,-115.16792,36.11547
26233,28706,-115.17688,36.111946
26234,26234,-115.15716,36.114746
26235,30557,-115.24324,36.202335
26236,28706,-115.16296,36.12714
26237,30769,-115.16997,36.11293
26238,28706,-115.31403,36.218792
26239,26239,-115.09903,36.072247
26240,30769,-115.15154,36.13614
26241,28706,-115.14007,36.167534
26242,30769,-115.19203,36.126144
26243,26243,-115.15387,36.110085
26244,30557,-115.25142,36.067112
26245,26245,-115.29809,36.14342
26246,26246,-115.19189,36.126472
26247,28706,-115.169266,36.102703
26248,28706,-115.17457,36.11622
26249,28706,-115.175064,36.107677
26250,26250,-115.20198,36.10272
26251,26251,-115.16559,36.12689
26252,30769,-115.17318,36.110085
26253,28706,-115.23752,36.14488
26254,30769,-115.17637,36.06801
26255,30769,-115.1988,36.11421
26256,28706,-115.17332,36.11567
26257,26257,-115.17387,36.114304
26258,26258,-115.16592,36.127518
26259,30769,-115.15979,36.11516
26260,28706,-115.16744,36.127686
26261,26261,-115.13056,36.10134
26262,28706,-115.17462,36.1098
26263,28706,-115.16787,36.12406
26264,28706,-115.17177,36.11931
26265,30557,-115.17618,36.115856
26266,28706,-115.173775,36.090916
26267,30769,-115.17299,36.128223
26268,26268,-115.173706,36.107292
26269,30769,-115.17382,36.107162
26270,26270,-115.16961,36.121452
26271,28706,-115.17818,36.10713
26272,28706,-115.16879,36.122967
26273,30769,-115.16714,36.126476
26274,30769,-73.596985,45.518787
26275,26275,-115.17229,36.115147
26276,30557,-115.17437,36.10206
26277,26277,-115.155754,36.14755
26278,26278,-115.17259,36.112953
26279,28706,-115.17234,36.110107
26280,30769,-115.16879,36.122967
26281,28706,-115.29792,36.11212
26282,28706,-115.17086,36.10993
26283,28706,-115.17089,36.11006
26284,30769,-115.17481,36.10987
26285,28706,-115.180664,36.291985
26286,28706,-115.28703,36.166676
26287,28706,-115.17196,36.120907
26288,26288,-115.13706,36.10708
26289,30769,-115.176674,36.090755
26290,30769,-115.17179,36.12469
26291,28706,-115.17345,36.10306
26292,28706,-115.17345,36.10306
26293,28706,-115.17364,36.121155
26294,26294,-115.15228,36.139946
26295,26295,-115.14124,36.172813
26296,28706,-115.17139,36.135098
26297,28706,-115.17613,36.107327
26298,28706,-115.15126,36.1089
26299,28706,-115.17259,36.112953
26300,30769,-115.14637,36.124424
26301,30769,-115.04147,36.061275
26302,28706,-115.164635,36.15917
26303,28706,-115.169655,36.12119
26304,28706,-111.93395,33.49345
26305,26305,-115.1746,36.116764
26306,30769,-115.19777,36.126934
26307,28706,-115.194496,36.114227
26308,26308,-115.16901,35.965446
26309,28706,-115.17368,36.12316
26310,30769,-115.17652,36.11303
26311,28706,-115.17601,36.104332
26312,30769,-115.173874,36.10978
26313,26313,-115.17075,36.101788
26314,28706,-115.1696,36.121452
26315,30769,-115.173874,36.10978
26316,28706,-115.16996,36.10984
26317,30769,-115.17216,36.126064
26318,28706,-115.17698,36.107407
26319,30769,-115.1765,36.10758
26320,26320,-115.16296,36.12714
26321,30769,-115.186104,36.11628
26322,30769,-115.17124,36.11788
26323,30769,-115.11806,36.01813
26324,28706,-115.17698,36.111977
26325,28706,-115.167694,36.103054
26326,26326,-115.17858,36.106277
26327,28706,-115.20312,36.115067
26328,28706,-115.17151,36.112106
26329,28706,-115.17028,36.12229
26330,28706,-115.17625,36.092876
26331,26331,-115.17322,36.11784
26332,28706,-115.16938,36.12179
26333,28706,-115.18231,36.140705
26334,30769,-115.1763,36.11227
26335,30769,-115.17849,36.10924
26336,30769,-80.828545,35.15261
26337,30769,-115.173874,36.10978
26338,28706,-115.15954,36.15574
26339,30769,-115.17086,36.10993
26340,28706,-115.180626,36.29249
26341,26341,-115.171776,36.102093
26342,28706,-112.07409,33.512627
26343,26343,-115.14252,36.142284
26344,28706,-115.17462,36.11694
26345,26345,-115.17704,36.10762
26346,28706,-115.16591,36.127686
26347,28706,-115.172554,36.111877
26348,30557,-115.1765,36.10758
26349,30769,-115.17345,36.10306
26350,30557,-73.56269,45.502544
26351,28706,-115.176315,36.109913
26352,28706,-115.331406,36.15959
26353,30769,-115.1746,36.116764
26354,28706,-115.16938,36.12179
26355,26355,-115.176575,36.091194
26356,30557,-89.47269,43.07396
26357,30769,-115.17259,36.112953
26358,28706,-115.16591,36.127686
26359,26359,-111.99559,33.511234
26360,30769,-115.16901,35.965446
26361,28706,-115.17345,36.10306
26362,30557,-115.13717,36.082092
26363,28706,-115.17688,36.111946
26364,30557,-115.17582,36.11773
26365,28706,-115.177,36.11199
26366,28706,-115.16084,36.139904
26367,28706,-115.17354,36.109516
26368,28706,-115.20247,36.144047
26369,28706,-115.1756,36.09524
26370,30557,-115.14637,36.124424
26371,30769,-115.16858,36.123478
26372,28706,-115.16591,36.127686
26373,28706,-115.175385,36.093647
26374,28706,-115.16591,36.127686
26375,28706,-115.13988,36.1688
26376,26376,-115.197014,36.12641
26377,28706,-115.16845,36.123913
26378,30769,-115.14277,36.16997
26379,28706,-115.163536,36.126423
26380,30769,-115.17457,36.102413
26381,26381,-115.197014,36.12641
26382,30557,-115.17124,36.11788
26383,30769,-115.17419,36.110485
26384,28706,-115.16918,36.10844
26385,26385,-115.16591,36.127686
26386,26386,-115.26674,36.272594
26387,30769,-115.16591,36.127686
26388,28706,-115.135,36.1155
26389,26389,-115.17364,36.121155
26390,28706,-115.24189,36.112988
26391,30769,-115.1768,36.090183
26392,26392,-115.16908,36.124203
26393,28706,-115.17849,36.10924
26394,26394,-115.174644,36.109913
26395,30769,-115.169754,36.102917
26396,28706,-115.17601,36.104332
26397,26397,-115.19528,36.11444
26398,28706,-115.16591,36.127686
26399,30769,-115.16961,36.121452
26400,30769,-115.17457,36.11622
26401,30769,-115.174644,36.109913
26402,30769,-115.18939,36.11789
26403,28706,-115.17462,36.142902
26404,26404,-115.16997,36.11293
26405,30769,-3.2047284,55.94593
26406,26406,-115.16009,36.113396
26407,30769,-115.180016,36.14181
26408,28706,-115.17849,36.10924
26409,30557,-115.17354,36.109516
26410,26410,-115.241745,36.07865
26411,30769,-80.92247,35.190365
26412,26412,-115.172714,36.10941
26413,30557,-115.1774,36.113766
26414,26414,-115.15271,36.108807
26415,28706,-115.15979,36.11516
26416,30769,-115.157875,36.142757
26417,28706,-115.14255,36.142525
26418,28706,-115.17179,36.12469
26419,28706,-115.29494,36.144653
26420,28706,-115.14289,36.143345
26421,26421,-115.15126,36.1089
26422,28706,-115.17849,36.10924
26423,28706,-115.16296,36.12714
26424,30769,-115.14333,36.19606
26425,30769,-115.17462,36.11694
26426,30769,-115.16456,36.131496
26427,30769,-112.073425,33.447334
26428,28706,-115.17481,36.10987
26429,26429,-115.174416,36.127724
26430,30769,-115.17618,36.115856
26431,30557,-115.16845,36.123913
26432,28706,-115.11874,36.084557
26433,28706,-80.84322,35.06882
26434,26434,-115.16348,36.113026
26435,30769,-115.15387,36.110085
26436,28706,-115.17143,36.135014
26437,30769,-115.15387,36.109016
26438,30557,-115.17124,36.11788
26439,28706,-80.828545,35.15261
26440,28706,-115.16296,36.12714
26441,28706,-115.1696,36.121452
26442,30769,-115.135,36.1155
26443,26443,-115.284874,36.29139
26444,26444,-115.16997,36.11293
26445,30769,-115.17143,36.135014
26446,30769,-115.167694,36.103054
26447,26447,-111.74018,33.378
26448,28706,-115.35092,36.159397
26449,30557,-73.57441,45.520267
26450,28706,-115.24334,36.04716
26451,30769,-115.17106,36.12008
26452,30769,-115.17524,36.09232
26453,28706,-115.209656,36.127045
26454,28706,-115.17618,36.115856
26455,28706,-115.23995,36.14467
26456,28706,-115.19242,36.12601
26457,30557,-89.39556,43.07282
26458,30769,-115.17156,36.11732
26459,30769,-115.17223,36.105675
26460,30769,-115.14289,36.143345
26461,30769,-115.15323,36.042797
26462,28706,-115.20169,36.103138
26463,28706,-115.29864,36.076557
26464,26464,-115.272705,36.144665
26465,28706,-115.176315,36.109913
26466,26466,-115.16348,36.113026
26467,28706,-115.1546,36.11997
26468,28706,-115.16912,36.103695
26469,28706,-115.17279,36.11766
26470,30769,-115.16348,36.113026
26471,28706,-115.16348,36.113026
26472,28706,-115.14064,36.167877
26473,28706,-115.10041,36.07238
26474,28706,-115.20247,36.144047
26475,28706,-111.91983,33.466194
26476,28706,-115.16348,36.113026
26477,28706,-115.307335,36.11481
26478,28706,-115.20247,36.144047
26479,28706,-115.17368,36.12316
26480,28706,-115.1768,36.090183
26481,28706,-115.17516,36.109875
26482,28706,-115.173874,36.109753
26483,28706,-115.171104,36.040154
26484,26484,-115.17167,36.11025
26485,26485,-115.16876,36.12438
26486,30769,-115.17113,36.12856
26487,26487,-115.19826,36.11444
26488,30769,-89.35878,43.087936
26489,28706,-115.16218,36.135162
26490,26490,-115.163536,36.126423
26491,28706,-115.17124,36.11788
26492,30557,-115.141884,36.16918
26493,28706,-115.132225,36.101387
26494,28706,-115.17556,36.098907
26495,30769,-115.21351,36.12623
26496,26496,-115.07661,36.070503
26497,28706,-115.16218,36.135162
26498,28706,-115.22439,36.101456
26499,30557,-115.17516,36.109875
26500,28706,-115.138504,36.117256
26501,28706,-115.17333,36.119556
26502,26502,-115.17698,36.111977
26503,30769,-112.02839,33.510456
26504,28706,-115.17435,36.113964
26505,30557,-73.57414,45.499672
26506,30557,-115.17337,36.104424
26507,30769,-115.19906,36.114304
26508,30557,-115.142395,36.142128
26509,28706,-115.17698,36.111977
26510,26510,-115.17603,36.11833
26511,30769,-115.17516,36.091866
26512,28706,-115.13639,36.175
26513,28706,-115.17625,36.092876
26514,30769,-115.177956,36.12037
26515,28706,-115.17818,36.106815
26516,28706,-89.34581,43.136467
26517,28706,-115.17704,36.10762
26518,28706,-115.17464,36.1021
26519,28706,-115.19906,36.114304
26520,28706,-115.17075,36.101788
26521,28706,-115.179085,36.11224
26522,26522,-115.18961,36.125954
26523,28706,-115.17556,36.098907
26524,30769,-111.86473,33.613514
26525,28706,-111.990555,33.4349
26526,28706,-115.17395,36.11303
26527,28706,-115.167015,36.126884
26528,26528,-115.17676,36.10449
26529,26529,-115.17345,36.10306
26530,26530,-115.17264,36.11758
26531,26531,-115.173515,36.103
26532,26532,-115.137505,36.08225
26533,30557,-115.160965,36.09982
26534,30557,-115.1715,36.127525
26535,28706,-115.174355,36.109806
26536,28706,-115.17465,36.10597
26537,28706,-115.17712,36.13198
26538,28706,-115.10773,36.002964
26539,28706,-115.174355,36.109806
26540,28706,-115.17503,36.118713
26541,30769,-115.176704,36.09028
26542,28706,-115.176315,36.109913
26543,28706,-115.17395,36.11303
26544,28706,-115.17028,36.12229
26545,30557,-115.17253,36.10185
26546,30769,-115.16762,36.126415
26547,30769,-115.17253,36.10185
26548,30769,-115.14124,36.172813
26549,28706,-115.11793,36.018227
26550,28706,-115.15822,36.161972
26551,30769,-115.21632,36.143684
26552,30769,-115.17849,36.10924
26553,28706,-115.17253,36.10185
26554,28706,-115.16908,36.124203
26555,30769,-115.17484,36.102894
26556,28706,-115.174355,36.092293
26557,30769,-115.16296,36.12714
26558,28706,-115.17261,36.109623
26559,28706,-115.17278,36.11766
26560,30557,-115.17106,36.11242
26561,30769,-115.173706,36.107292
26562,30769,-115.26148,36.113655
26563,30769,-115.16744,36.127686
26564,26564,-115.17306,36.091965
26565,28706,-115.176575,36.091194
26566,28706,-115.17618,36.115856
26567,30769,-115.14007,36.167534
26568,28706,-115.17106,36.11242
26569,28706,-115.176025,36.10461
26570,30769,-115.17234,36.10353
26571,28706,-111.85806,33.23327
26572,28706,-115.18939,36.11789
26573,26573,-115.17476,36.10803
26574,26574,-115.305176,36.145344
26575,28706,-115.17234,36.10353
26576,28706,-115.17345,36.10306
26577,26577,-115.29818,36.09476
26578,28706,-115.17028,36.12229
26579,28706,-115.17259,36.099777
26580,28706,-115.167694,36.103054
26581,28706,-115.173874,36.10978
26582,30769,-115.17179,36.12469
26583,28706,-115.17113,36.12856
26584,28706,-115.168816,36.11002
26585,28706,-115.1696,36.121452
26586,28706,-115.1725,36.110065
26587,28706,-115.17332,36.11567
26588,28706,-115.19906,36.114304
26589,28706,-115.17406,36.107925
26590,28706,-115.16456,36.131496
26591,26591,-115.167694,36.103054
26592,30769,-115.163124,36.133614
26593,30769,-115.17382,36.107162
26594,30557,-115.139786,36.114964
26595,28706,-115.17613,36.092182
26596,30769,-115.17105,36.12595
26597,30769,-115.209915,36.126427
26598,28706,-115.20955,36.12644
26599,30769,-115.15389,36.156593
26600,29362,-115.25154,36.159424
26601,30769,-115.17641,36.11316
26602,30769,-115.17462,36.11694
26603,28706,-115.09037,36.02096
26604,30769,-115.17033,36.12362
26605,28706,-115.17181,36.12074
26606,30769,-115.17818,36.106815
26607,26607,-115.168816,36.11002
26608,28706,-115.17516,36.109875
26609,26609,-115.170364,36.127617
26610,26610,-115.176315,36.109913
26611,30769,-115.14442,36.10476
26612,28706,-112.06544,33.595097
26613,26613,-115.334236,36.145416
26614,26614,-115.1344,36.03022
26615,28706,-115.191826,36.144268
26616,28706,-111.92034,33.49875
26617,30557,-115.19534,36.114998
26618,28706,-115.119194,36.02536
26619,28706,-115.13723,36.108643
26620,28706,-115.17618,36.115856
26621,28706,-115.17332,36.11567
26622,28706,-115.146904,36.171864
26623,28706,-115.2682,36.207485
26624,28706,-115.15364,36.013832
26625,30769,-115.26203,36.070213
26626,28706,-115.168724,36.1305
26627,30769,-3.195602,55.9491
26628,28706,-115.173515,36.103
26629,28706,-115.1696,36.121452
26630,26630,-115.17435,36.113964
26631,30769,-115.174644,36.109913
26632,28706,-115.172325,36.10773
26633,28706,-73.580765,45.52284
26634,30557,-73.584946,45.488773
26635,28706,-115.14553,36.16981
26636,26636,-111.91033,33.486916
26637,26637,-115.173706,36.104473
26638,30769,-115.02823,36.044483
26639,28706,-115.17818,36.106815
26640,28706,-115.17086,36.10993
26641,28706,-115.14064,36.167877
26642,30769,-80.832275,35.155388
26643,28706,-115.173515,36.103
26644,26644,-115.1765,36.10758
26645,28706,-111.88703,33.58109
26646,30557,-115.25931,36.191574
26647,26647,-115.17364,36.121155
26648,30769,-115.16296,36.12714
26649,30769,-115.18644,36.1187
26650,30769,-115.17422,36.101463
26651,30769,-115.142876,36.169594
26652,30769,-115.170906,36.103455
26653,28706,-115.17425,36.102516
26654,28706,-115.24359,36.04637
26655,28706,-80.94504,35.21938
26656,30769,-115.173515,36.10301
26657,30769,-111.97652,33.31724
26658,30769,-115.17382,36.107162
26659,28706,-115.175385,36.093647
26660,28706,-111.873436,33.413322
26661,28706,-115.175064,36.107677
26662,30557,-115.17425,36.102516
26663,28706,-115.15539,36.11793
26664,28706,-115.20955,36.12644
26665,30769,-115.16242,36.131897
26666,26666,-115.1765,36.10758
26667,30769,-115.17425,36.102516
26668,26668,-115.15161,36.134583
26669,28706,-115.17684,36.1206
26670,28706,-115.16866,36.117542
26671,26671,-115.176155,36.09279
26672,26672,-115.17858,36.106277
26673,28706,-111.874794,33.348907
26674,26674,-115.178215,36.068935
26675,28706,-115.14467,36.17062
26676,28706,-115.144264,36.170635
26677,26677,-115.170364,36.127617
26678,28706,-115.308624,36.11392
26679,30557,-80.841965,35.225376
26680,30557,-73.56134,45.523285
26681,30769,-115.157875,36.142757
26682,28706,-115.17849,36.10924
26683,30769,-115.17516,36.109875
26684,26684,-115.17234,36.11635
26685,28706,-115.17022,36.123844
26686,26686,-111.92589,33.586834
26687,28706,-115.172325,36.12454
26688,26688,-115.173996,36.12161
26689,26689,-115.174355,36.092293
26690,28706,-115.173515,36.10301
26691,30769,-115.17223,36.110733
26692,26692,-115.21774,36.16837
26693,28706,-115.176544,36.113472
26694,28706,-115.173874,36.109753
26695,28706,-115.16242,36.131897
26696,28706,-115.15557,36.135155
26697,30769,-115.176315,36.109913
26698,30769,-115.167725,36.103397
26699,28706,-115.28613,36.15764
26700,28706,-115.267746,36.020943
26701,30769,-115.23995,36.14467
26702,30769,-115.332954,36.163654
26703,28706,-115.1183,36.274784
26704,28706,-115.17625,36.092876
26705,26705,-115.17063,36.12298
26706,26706,-115.17364,36.121155
26707,28706,-115.17234,36.110107
26708,26708,-115.16989,36.10279
26709,28706,-115.17036,36.124023
26710,30769,-79.92435,40.460033
26711,28706,-115.17124,36.11788
26712,28706,-115.16923,36.102325
26713,28706,-115.14637,36.124424
26714,28706,-115.175095,36.095818
26715,28706,-115.174644,36.109913
26716,30769,-115.17318,36.110085
26717,26717,-115.17019,36.123405
26718,30557,-115.17676,36.10449
26719,28706,-115.26203,36.070213
26720,26720,-115.295586,36.114517
26721,26721,-115.173706,36.107292
26722,26722,-115.15126,36.1089
26723,28706,-115.30628,36.114822
26724,26724,-115.15475,36.12697
26725,28706,-115.18908,36.07802
26726,28706,-115.16296,36.12714
26727,26727,-115.119865,36.097946
26728,28706,-115.242714,36.036674
26729,26729,-111.96684,33.305733
26730,26730,-115.1543,36.014694
26731,30769,-115.18163,36.075855
26732,26732,-115.17259,36.11094
26733,28706,-115.17259,36.112953
26734,28706,-115.11719,36.028934
26735,28706,-115.17332,36.11567
26736,28706,-115.17818,36.106815
26737,26737,-115.176414,36.092564
26738,26738,-115.17106,36.11242
26739,28706,-115.174416,36.1097
26740,28706,-115.157875,36.142757
26741,28706,-115.22455,36.238483
26742,30769,-115.1725,36.110065
26743,28706,-115.2431,36.124302
26744,26744,-115.17364,36.121155
26745,30769,-115.16461,36.13704
26746,30769,-115.204865,36.075706
26747,26747,-115.218315,36.125317
26748,26748,-115.11888,36.017677
26749,26749,-115.16961,36.121452
26750,26750,-115.13056,36.10134
26751,30557,-115.176414,36.092564
26752,30769,-115.23995,36.14467
26753,30769,-115.16497,36.12947
26754,28706,-115.20734,36.088776
26755,30769,-115.14683,36.172176
26756,28706,-115.17725,36.119125
26757,28706,-115.16587,36.126877
26758,28706,-115.15539,36.11793
26759,28706,-115.17352,36.10309
26760,28706,-115.24287,36.044266
26761,28706,-115.1763,36.11227
26762,28706,-115.17503,36.143192
26763,30769,-115.174355,36.092293
26764,30769,-115.291306,36.16911
26765,28706,-115.17462,36.11694
26766,28706,-115.17229,36.115147
26767,28706,-115.16879,36.122967
26768,28706,-115.17625,36.092876
26769,26769,-114.98724,36.036552
26770,28706,-115.15539,36.11793
26771,26771,-115.17177,36.11934
26772,28706,-115.17406,36.107925
26773,28706,-115.169655,36.12119
26774,28706,-115.17684,36.1206
26775,28706,-115.04803,36.043564
26776,26776,-115.177,36.11199
26777,28706,-115.17625,36.092876
26778,28706,-115.17028,36.12433
26779,30557,-115.15539,36.11793
26780,28706,-115.16937,36.121815
26781,30769,-115.17143,36.109825
26782,26782,-112.04791,33.47893
26783,26783,-115.28703,36.166676
26784,26784,-115.20741,36.123623
26785,28706,-115.17106,36.12008
26786,28706,-115.16875,36.11044
26787,30769,-115.13639,36.175
26788,28706,-115.17028,36.12229
26789,28706,-73.5747,45.525303
26790,26790,-115.176414,36.092564
26791,28706,-115.13894,36.16672
26792,28706,-115.11588,36.029297
26793,28706,-115.16961,36.121452
26794,30557,-73.57578,45.50141
26795,28706,-115.16961,36.121452
26796,28706,-115.16961,36.121452
26797,26797,-115.17481,36.10987
26798,26798,-115.16578,36.128788
26799,26799,-115.17784,36.092987
26800,30769,-115.17279,36.11766
26801,26801,-115.16961,36.121452
26802,28706,-73.56359,45.50472
26803,28706,-115.33299,36.16123
26804,30769,-115.17283,36.132774
26805,26805,-115.1786,36.06816
26806,28706,-115.15594,36.10788
26807,30769,-115.28129,36.055817
26808,28706,-115.136406,36.106606
26809,28706,-115.17196,36.120907
26810,26810,-115.11047,36.002903
26811,28706,-115.12009,36.03372
26812,28706,-115.19528,36.11444
26813,28706,-115.28319,36.15782
26814,28706,-115.29707,36.08382
26815,28706,-115.18982,36.143955
26816,23074,-115.11822,36.017567
26817,28706,-115.27954,36.125084
26818,28706,-115.29822,36.09571
26819,26819,-115.28994,36.16387
26820,28706,-115.26674,36.272594
26821,28706,-115.164345,36.06004
26822,26822,-115.174706,36.01131
26823,30769,-115.17496,36.121323
26824,30557,-115.14289,36.143345
26825,28706,-115.17139,36.135098
26826,28706,-112.003174,33.49564
26827,30769,-115.17704,36.10762
26828,28706,-115.24166,36.194546
26829,28706,-73.57137,45.497894
26830,30769,-115.17139,36.135098
26831,26831,-115.14014,36.167618
26832,28706,-115.24371,36.05824
26833,28706,-115.2072,36.271782
26834,28706,-115.1719,36.090534
26835,30769,-115.16818,36.117462
26836,26836,-115.17012,36.122276
26837,28706,-115.16894,36.128597
26838,28706,-115.10972,36.00123
26839,28706,-115.17167,36.11025
26840,26840,-115.16334,36.13698
26841,28706,-115.28559,36.16719
26842,26842,-115.16671,36.126022
26843,30769,-115.112,36.10026
26844,28706,-115.2072,36.271782
26845,30769,-115.23995,36.14467
26846,28706,-115.168106,36.103798
26847,30769,-115.15387,36.110085
26848,30769,-115.174644,36.109913
26849,28706,-115.17364,36.121155
26850,28706,-115.17028,36.12229
26851,30769,-115.1725,36.110065
26852,30769,-115.16555,36.11523
26853,28706,-115.167755,36.123978
26854,28706,-115.17259,36.112953
26855,26855,-111.87708,33.33638
26856,28706,-112.070465,33.452625
26857,28706,-115.1741,36.12134
26858,26858,-115.16555,36.11523
26859,28706,-115.17459,36.112022
26860,28706,-115.16555,36.11523
26861,28706,-112.201805,33.666836
26862,28706,-115.17279,36.11766
26863,28706,-115.16555,36.11523
26864,26864,-115.17389,36.109882
26865,28706,-115.292984,36.158527
26866,26866,-115.17484,36.102894
26867,28706,-115.22625,36.086525
26868,28706,-115.17466,36.02949
26869,26869,-115.11979,36.238106
26870,30769,-115.119255,36.02623
26871,28706,-115.15448,36.11884
26872,28706,-115.15126,36.1089
26873,26873,-115.25199,36.063637
26874,28706,-115.18211,36.144463
26875,26875,-115.17213,36.056313
26876,26876,-115.17557,36.118473
26877,26877,-115.0452,36.063137
26878,26878,-115.33272,36.14874
26879,28706,-115.27943,36.142227
26880,26880,-115.225,36.069855
26881,28706,-115.17278,36.11766
26882,28706,-115.259224,36.16771
26883,28706,-115.167,36.12617
26884,28706,-115.17322,36.11784
26885,28706,-115.170906,36.103455
26886,30769,-115.15689,36.113342
26887,28706,-73.57902,45.52839
26888,28706,-115.17644,36.116367
26889,28706,-115.176025,36.10461
26890,30769,-115.167755,36.123978
26891,26891,-115.17124,36.11788
26892,28706,-115.17028,36.12433
26893,28706,-115.16846,36.10319
26894,26894,-115.24362,36.202663
26895,30557,-115.24257,36.199387
26896,26896,-115.17223,36.110733
26897,28706,-115.29761,36.079807
26898,26898,-115.17268,36.1094
26899,26899,-115.16744,36.127686
26900,30769,-115.1684,36.124554
26901,30769,-115.19142,36.126163
26902,28706,-115.209656,36.127045
26903,26903,-115.20667,36.114872
26904,26904,-73.57587,45.49724
26905,28706,-115.169945,35.96528
26906,26906,-115.17704,36.10762
26907,28706,-115.16817,36.108307
26908,26908,-115.15427,36.1187
26909,30769,-115.16997,36.11293
26910,28706,-115.16817,36.108307
26911,26911,-115.11874,36.084557
26912,30769,-115.16904,36.124878
26913,28706,-115.17831,36.12849
26914,28706,-115.14708,36.166077
26915,30557,-3.18764,55.954
26916,26916,-115.295746,36.100655
26917,28706,-115.17234,36.10353
26918,28706,-115.243416,36.191948
26919,30769,-115.174644,36.109913
26920,30769,-115.33383,36.15735
26921,28706,-115.08775,36.021477
26922,28706,-115.17332,36.11567
26923,30769,-115.15979,36.11516
26924,30769,-115.18939,36.11789
26925,30557,-115.17234,36.110107
26926,28706,-115.23273,36.15914
26927,28706,-115.152756,36.04253
26928,26928,-115.138504,36.117256
26929,28706,-115.24374,36.047146
26930,26930,-115.167755,36.123978
26931,28706,-115.086464,36.02119
26932,28706,-115.33272,36.148514
26933,26933,-115.28171,36.19814
26934,28706,-115.17143,36.135014
26935,28706,-115.17577,36.10771
26936,30769,-115.15979,36.11516
26937,28706,-115.15979,36.11516
26938,28706,-115.156746,36.15323
26939,30557,-115.15054,36.083168
26940,26940,-111.91085,33.393078
26941,26941,-115.175385,36.093647
26942,28706,-115.17125,36.10998
26943,28706,-115.17294,36.1184
26944,30557,-115.24359,36.04637
26945,28706,-115.13762,36.158867
26946,30769,-115.17457,36.11622
26947,30769,-115.15603,36.147247
26948,28706,-115.13988,36.1688
26949,28706,-115.144264,36.170635
26950,30769,-115.16009,36.113396
26951,30769,-115.15401,36.1169
26952,30769,-115.16009,36.113396
26953,28706,-115.17065,36.04064
26954,28706,-115.24214,36.078087
26955,28706,-115.17768,36.06848
26956,30557,-115.09893,36.042465
26957,28706,-115.179016,36.090706
26958,30769,-115.20942,36.12682
26959,28706,-115.26048,36.17591
26960,30769,-115.13754,36.08749
26961,30769,-115.16904,36.124878
26962,28706,-73.57783,45.498096
26963,30769,-115.16923,36.121773
26964,28706,-115.167694,36.103054
26965,28706,-115.176315,36.109913
26966,30769,-115.173874,36.109753
26967,28706,-115.17534,36.11709
26968,28706,-115.17307,36.123154
26969,26969,-115.17022,36.12299
26970,28706,-115.170906,36.103455
26971,28706,-115.15411,36.107388
26972,30769,-115.17501,36.117245
26973,28706,-115.173874,36.109753
26974,28706,-115.292046,36.15843
26975,28706,-115.17419,36.110485
26976,28706,-115.21314,36.158226
26977,26977,-115.176315,36.109913
26978,26978,-115.16961,36.121452
26979,28706,-115.17028,36.12229
26980,30769,-115.174644,36.109913
26981,28706,-115.17419,36.110485
26982,26982,-115.1726,36.118793
26983,30769,-115.173515,36.103
26984,26984,-111.997986,33.435844
26985,26985,-115.1725,36.110065
26986,26986,-115.334816,36.155132
26987,28706,-115.17259,36.112953
26988,28706,-115.175896,36.093586
26989,28706,-115.16559,36.12689
26990,30557,-115.173836,36.117283
26991,26991,-115.17054,36.10259
26992,26992,-115.17143,36.135014
26993,28706,-115.174416,36.1097
26994,26994,-115.11869,36.01635
26995,26995,-115.17332,36.10583
26996,30557,-80.81337,35.220215
26997,28706,-115.17647,36.14513
26998,26998,-115.17818,36.106815
26999,26999,-115.17419,36.110485
27000,28706,-115.17419,36.110485
27001,27001,-115.17106,36.11242
27002,30769,-115.17419,36.110485
27003,28706,-115.173874,36.109753
27004,27004,-115.17419,36.110485
27005,27005,-115.17541,36.093304
27006,28706,-115.224075,36.12743
27007,28706,-115.30234,36.100346
27008,28706,-115.241554,36.064533
27009,28706,-115.24119,36.14525
27010,27010,-115.242714,36.036674
27011,28706,-115.11736,36.014675
27012,28706,-115.13463,36.013718
27013,28706,-115.25111,36.21987
27014,27014,-115.28973,36.1641
27015,28706,-115.24192,36.116146
27016,28706,-115.243866,36.086548
27017,28706,-115.24239,36.148426
27018,30769,-115.257416,36.142918
27019,28706,-115.2462,36.19466
27020,28706,-115.27803,36.02064
27021,28706,-115.258804,36.195686
27022,27022,-115.17167,36.11025
27023,30769,-115.24367,36.084496
27024,28706,-115.15271,36.108807
27025,27025,-115.19761,36.14399
27026,27026,-115.28216,36.30256
27027,27027,-115.22045,36.099846
27028,27028,-115.25095,36.196445
27029,28706,-115.27994,36.127228
27030,27030,-115.13962,36.170086
27031,27031,-115.31634,36.218384
27032,28706,-115.17264,36.11758
27033,28706,-115.28203,36.302856
27034,28706,-115.27792,36.078094
27035,27035,-115.33387,36.152832
27036,27036,-115.25033,36.21986
27037,27037,-115.20431,35.999184
27038,28706,-115.141884,36.16918
27039,28706,-115.2916,36.053307
27040,28706,-115.3317,36.16127
27041,30769,-115.22406,36.12772
27042,28706,-115.30759,36.114555
27043,27043,-115.25247,36.205795
27044,28706,-115.33344,36.150024
27045,27045,-115.314476,36.12843
27046,28706,-115.29494,36.144653
27047,27047,-115.226364,36.143147
27048,30769,-115.33387,36.152832
27049,27049,-115.17557,36.118473
27050,27050,-115.298615,36.115734
27051,28706,-115.169754,36.102917
27052,27052,-115.24508,36.159706
27053,28706,-115.152916,36.13711
27054,28706,-115.28812,36.15797
27055,28706,-115.226,36.05534
27056,28706,-115.30402,36.100548
27057,28706,-115.1401,36.169327
27058,27058,-115.24189,36.112988
27059,27059,-115.25154,36.159424
27060,30557,-115.24636,36.125317
27061,28706,-115.111786,36.00694
27062,28706,-115.16643,36.06988
27063,27063,-115.298615,36.115734
27064,30769,-115.07656,36.071907
27065,28706,-115.21232,36.12605
27066,28706,-115.28257,36.198036
27067,28706,-115.29149,36.085815
27068,28706,-115.152725,36.159145
27069,27069,-115.28644,36.15855
27070,30557,-115.298744,36.115807
27071,28706,-115.25093,36.055206
27072,28706,-115.30734,36.11439
27073,28706,-115.17581,36.08995
27074,30769,-115.280624,36.113846
27075,27075,-115.134926,36.01409
27076,27076,-115.30172,36.100273
27077,28706,-115.25033,36.21986
27078,27078,-115.24536,36.161877
27079,30557,-115.298065,36.147495
27080,28706,-111.790665,33.329014
27081,28706,-115.17099,36.12224
27082,27082,-115.20641,36.17994
27083,28706,-115.17187,36.059124
27084,27084,-115.23995,36.14467
27085,28706,-115.2462,36.19466
27086,30769,-115.175804,36.096684
27087,28706,-115.20638,36.006573
27088,28706,-115.16915,36.054928
27089,28706,-115.17229,36.115147
27090,28706,-115.28637,36.157627
27091,28706,-115.04548,36.060318
27092,28706,-115.15126,36.1089
27093,27093,-115.24407,36.04506
27094,27094,-115.280014,36.056793
27095,27095,-115.172424,36.10882
27096,28706,-111.90516,33.431896
27097,27097,-115.25894,36.142735
27098,27098,-115.25894,36.142735
27099,28706,-115.20388,36.087532
27100,27100,-115.14467,36.17062
27101,28706,-115.170906,36.103455
27102,27102,-115.17767,36.10741
27103,27103,-115.24373,36.08461
27104,28706,-115.21288,36.145676
27105,27105,-115.174416,36.127724
27106,28706,-115.243546,36.04771
27107,28706,-115.27846,36.134956
27108,30769,-115.27283,36.30921
27109,28706,-115.23995,36.14467
27110,28706,-115.16449,36.193768
27111,28706,-115.297615,36.115936
27112,27112,-115.11931,36.01597
27113,27113,-115.17143,36.135014
27114,30769,-115.22422,36.12766
27115,28706,-115.27777,36.130028
27116,27116,-115.2249,36.047733
27117,28706,-115.27841,36.112347
27118,27118,-115.11958,36.01292
27119,28706,-115.29864,36.076557
27120,28706,-115.13664,36.11486
27121,27121,-115.241516,36.064106
27122,27122,-115.31947,36.15959
27123,28706,-115.28257,36.198036
27124,28706,-115.24514,36.160145
27125,28706,-115.31887,36.160553
27126,28706,-115.33354,36.148144
27127,27127,-115.0345,36.19642
27128,28706,-115.17322,36.119038
27129,28706,-115.224464,36.128838
27130,28706,-115.26613,36.26931
27131,28706,-115.251495,36.143406
27132,27132,-115.33278,36.150646
27133,28706,-115.206345,35.994972
27134,27134,-115.20564,36.279816
27135,30769,-115.20959,36.12621
27136,28706,-115.20685,36.11581
27137,27137,-115.33317,36.15002
27138,28706,-115.25113,36.068405
27139,28706,-115.29874,36.06994
27140,28706,-115.33387,36.152832
27141,27141,-115.30628,36.114822
27142,27142,-115.3058,36.10064
27143,28706,-115.1563,36.142338
27144,28706,-115.27777,36.130028
27145,28706,-115.2757,36.14452
27146,27146,-115.209656,36.126728
27147,28706,-115.19311,36.158806
27148,28706,-115.19761,36.14399
27149,28706,-115.08336,36.022465
27150,27150,-115.13838,36.11365
27151,28706,-115.20955,36.12644
27152,28706,-115.10386,35.998825
27153,27153,-115.30971,36.11463
27154,30769,-115.13761,36.10351
27155,27155,-115.33337,36.152176
27156,28706,-115.17019,36.123405
27157,30769,-115.27777,36.130028
27158,27158,-115.14289,36.143345
27159,28706,-112.07358,33.442486
27160,28706,-115.163124,36.133614
27161,30769,-115.25659,36.114704
27162,28706,-115.30402,36.100548
27163,27163,-115.2782,36.108463
27164,27164,-115.3048,36.100395
27165,28706,-111.63393,33.242718
27166,28706,-115.19083,36.13164
27167,30769,-115.29874,36.06994
27168,28706,-115.11799,36.014458
27169,27169,-115.26147,36.269814
27170,27170,-115.28559,36.16719
27171,28706,-115.25605,36.143414
27172,27172,-115.298294,36.077114
27173,30557,-115.278175,36.041817
27174,27174,-115.28553,36.166573
27175,28706,-115.22422,36.12766
27176,28706,-115.30582,36.193813
27177,27177,-115.33349,36.149536
27178,27178,-115.240265,36.19804
27179,27179,-115.25734,36.195675
27180,27180,-115.25998,36.143147
27181,28706,-115.14467,36.17062
27182,28706,-115.17295,36.10156
27183,28706,-115.13539,36.010048
27184,30769,-115.17361,36.109997
27185,28706,-115.17422,36.109562
27186,28706,-115.167725,36.103397
27187,27187,-115.174614,36.130066
27188,28706,-115.13931,36.167286
27189,28706,-115.155235,36.144604
27190,27190,-115.13717,36.082092
27191,28706,-115.225876,36.055565
27192,28706,-115.29132,36.160343
27193,30557,-115.11793,36.01752
27194,27194,-115.05253,36.049995
27195,28706,-115.13931,36.167286
27196,27196,-115.24325,36.076553
27197,27197,-115.297585,36.09778
27198,30769,-80.841965,35.225376
27199,28706,-115.33344,36.150024
27200,28706,-115.27785,36.135544
27201,28706,-115.253624,36.14308
27202,27202,-115.20739,36.154064
27203,27203,-115.30644,36.114285
27204,28706,-115.22587,36.055244
27205,27205,-115.31087,36.15766
27206,28706,-115.24927,36.23926
27207,28706,-115.13577,36.010128
27208,28706,-115.29793,36.101814
27209,27209,-115.332,36.151814
27210,30769,-115.25156,36.14358
27211,28706,-115.14096,36.16953
27212,27212,-115.11136,36.071995
27213,28706,-115.284355,36.138515
27214,27214,-115.17155,36.05243
27215,30769,-115.132225,36.101387
27216,28706,-115.3115,36.158897
27217,30769,-115.15548,36.238903
27218,28706,-115.27986,36.05459
27219,30557,-115.14289,36.143345
27220,28706,-115.27994,36.127228
27221,28706,-115.107475,36.00292
27222,30769,-115.18159,36.107388
27223,28706,-115.15396,36.157898
27224,30557,-115.286934,36.168594
27225,28706,-111.685936,33.320942
27226,28706,-115.20685,36.11581
27227,28706,-115.15387,36.110085
27228,28706,-115.11932,36.011078
27229,28706,-115.13678,36.10622
27230,30557,-115.194405,36.1442
27231,27231,-115.134346,36.10037
27232,27232,-111.86202,33.64167
27233,28706,-115.173996,36.01219
27234,28706,-111.92563,33.49171
27235,28706,-115.1157,36.264076
27236,28706,-115.17618,36.115856
27237,28706,-115.16587,36.126877
27238,27238,-115.17688,36.091255
27239,27239,-115.05954,36.064503
27240,30769,-115.11845,36.005703
27241,28706,-115.12269,36.057693
27242,27242,-115.24285,36.072483
27243,27243,-115.17051,36.108852
27244,28706,-115.08692,36.019207
27245,28706,-115.284355,36.138515
27246,28706,-115.17869,36.06815
27247,28706,-115.13571,36.02764
27248,28706,-115.12861,36.057144
27249,30769,-115.185265,36.125122
27250,28706,-115.119995,36.05885
27251,27251,-115.11504,36.00442
27252,28706,-115.27853,36.057846
27253,28706,-115.17127,36.11288
27254,28706,-115.1283,36.0573
27255,27255,-115.15448,36.11884
27256,27256,-115.25988,36.203743
27257,27257,-115.13656,36.104473
27258,28706,-115.17659,36.091938
27259,30769,-115.05655,36.056915
27260,28706,-115.11257,36.00625
27261,27261,-115.17234,36.110107
27262,28706,-115.24303,36.062855
27263,30769,-115.17737,36.06823
27264,28706,-115.1177,36.017395
27265,30769,-115.176315,36.109913
27266,30769,-115.17669,36.117455
27267,28706,-115.17641,36.11316
27268,28706,-115.17618,36.115856
27269,28706,-115.17321,36.10679
27270,28706,-112.34254,33.509476
27271,28706,-115.18163,36.075855
27272,27272,-115.287155,36.278053
27273,28706,-115.19526,36.038773
27274,28706,-115.17205,36.11012
27275,30769,-115.176155,36.09279
27276,27276,-115.177,36.11199
27277,30769,-111.92433,33.49471
27278,30769,-115.17784,36.092987
27279,27279,-115.17581,36.08995
27280,28706,-115.14637,36.124424
27281,27281,-115.16416,36.06009
27282,28706,-115.15094,36.10847
27283,28706,-115.28559,36.16719
27284,28706,-115.17625,36.092876
27285,28706,-115.207535,36.114986
27286,28706,-115.20955,36.12644
27287,30557,-115.17086,36.10993
27288,30769,-115.17277,36.10408
27289,28706,-115.17581,36.08995
27290,30557,-115.141846,36.17241
27291,28706,-115.17128,36.11289
27292,30769,-115.17306,36.091965
27293,28706,-115.323814,36.21844
27294,30557,-115.17652,36.11303
27295,27295,-115.175865,36.092865
27296,28706,-115.20734,36.088776
27297,27297,-115.18163,36.075855
27298,28706,-115.14277,36.16997
27299,28706,-115.176315,36.109913
27300,28706,-112.07908,33.49112
27301,28706,-115.16923,36.102325
27302,28706,-115.17103,36.099377
27303,28706,-115.175804,36.09531
27304,27304,-115.176346,36.117317
27305,28706,-89.477135,43.011986
27306,28706,-115.19528,36.11444
27307,30557,-73.55553,45.50283
27308,28706,-115.17054,36.10259
27309,30769,-115.11874,36.084557
27310,28706,-115.19791,36.125908
27311,27311,-115.172424,36.10882
27312,28706,-115.17581,36.08995
27313,28706,-115.27989,36.124878
27314,28706,-115.16866,36.117542
27315,27315,-115.17581,36.08995
27316,28706,-115.16927,36.102562
27317,28706,-115.17704,36.10762
27318,28706,-115.1206,36.0114
27319,27319,-115.17105,36.12595
27320,27320,-115.17124,36.11788
27321,30769,-115.16961,36.121452
27322,28706,-115.173874,36.109753
27323,28706,-115.17704,36.10762
27324,28706,-115.18096,36.29192
27325,30769,-115.17693,36.067665
27326,27326,-115.10254,35.997574
27327,30769,-115.138756,36.11665
27328,30557,-115.17725,36.119125
27329,28706,-115.1613,36.138298
27330,27330,-115.119255,36.02623
27331,30769,-115.20142,36.12633
27332,27332,-115.03799,36.054768
27333,28706,-115.251495,36.143406
27334,28706,-115.14624,36.171215
27335,28706,-115.22456,36.128075
27336,30769,-115.10165,35.995304
27337,30769,-114.962135,36.013103
27338,30769,-114.962135,36.013103
27339,28706,-115.13352,36.166126
27340,30769,-115.232796,36.159645
27341,28706,-115.1752,36.091843
27342,27342,-115.11913,36.08721
27343,30769,-115.20741,36.123623
27344,28706,-112.00414,33.495163
27345,30769,-115.173874,36.10978
27346,27346,-115.24354,36.073208
27347,27347,-115.09935,36.100647
27348,30557,-115.28992,36.160503
27349,28706,-115.12309,36.057667
27350,28706,-115.27989,36.12319
27351,28706,-115.138435,36.167526
27352,28706,-115.27973,36.119114
27353,27353,-115.19763,36.12593
27354,30769,-115.099655,36.041813
27355,28706,-115.15323,36.042797
27356,30769,-115.11793,36.018227
27357,27357,-115.138145,36.167904
27358,28706,-115.11952,36.0125
27359,27359,-115.2643,36.142757
27360,28706,-115.1401,36.169327
27361,27361,-115.17618,36.115856
27362,30769,-115.135,36.1155
27363,27363,-115.135,36.1155
27364,28706,-115.11047,36.0034
27365,27365,-115.1068,36.071945
27366,27366,-115.242096,36.041706
27367,28706,-115.17712,36.13198
27368,28706,-115.06262,36.02959
27369,28706,-115.135,36.1155
27370,27370,-115.20888,36.09506
27371,28706,-115.22643,36.10134
27372,28706,-115.158325,36.05773
27373,28706,-115.17849,36.10924
27374,28706,-115.13595,36.159363
27375,30769,-115.20964,36.12702
27376,27376,-115.15126,36.1089
27377,28706,-115.13278,36.11422
27378,28706,-115.148315,36.11412
27379,28706,-115.11493,36.114117
27380,28706,-115.15427,36.1187
27381,28706,-115.13694,36.11391
27382,27382,-115.19099,36.038433
27383,27383,-115.10639,36.004
27384,28706,-115.1205,36.11431
27385,28706,-115.24185,36.043034
27386,27386,-115.20628,36.12662
27387,28706,-115.14998,36.1055
27388,27388,-115.24374,36.047146
27389,28706,-115.11952,36.01592
27390,28706,-115.209656,36.127045
27391,28706,-115.29743,36.089844
27392,27392,-115.15265,36.012516
27393,27393,-115.29855,36.078938
27394,28706,-115.11822,36.01443
27395,28706,-115.24186,36.062195
27396,28706,-115.24494,36.143936
27397,27397,-115.101204,35.99359
27398,28706,-115.30076,36.145542
27399,28706,-115.24302,36.036034
27400,28706,-115.24349,36.05007
27401,27401,-115.08384,36.022102
27402,28706,-115.20604,36.27965
27403,30769,-115.177956,36.12037
27404,28706,-115.13221,36.114044
27405,28706,-115.13637,36.108074
27406,28706,-115.15259,36.15145
27407,28706,-115.26203,36.070213
27408,30769,-115.155365,36.14737
27409,28706,-115.243515,36.072624
27410,28706,-115.19622,36.205273
27411,28706,-115.24136,36.0845
27412,28706,-115.30882,36.183144
27413,30769,-115.09115,36.117073
27414,27414,-115.17143,36.135014
27415,30769,-115.15271,36.13732
27416,27416,-115.14418,36.122654
27417,28706,-115.176674,36.090755
27418,30769,-115.173874,36.10978
27419,28706,-115.10377,36.130226
27420,28706,-115.15662,36.14225
27421,28706,-115.176575,36.091194
27422,30769,-115.15126,36.1089
27423,28706,-115.14002,36.16929
27424,27424,-115.119865,36.097946
27425,30557,-115.17345,36.10306
27426,30769,-115.17177,36.11931
27427,28706,-115.1396,36.169117
27428,29068,-115.12697,36.100197
27429,27429,-115.15427,36.1187
27430,28706,-115.15448,36.11884
27431,27431,-115.20198,36.10272
27432,28706,-115.24316,36.076504
27433,28706,-115.05508,36.01792
27434,30769,-115.112,36.10026
27435,28706,-115.22374,36.06325
27436,27436,-115.134575,36.101467
27437,30769,-115.14064,36.167877
27438,28706,-115.17625,36.092876
27439,28706,-115.1457,36.144318
27440,28706,-115.166954,36.106236
27441,30769,-115.15662,36.14225
27442,27442,-73.56809,45.48887
27443,30769,-73.593185,45.522358
27444,28706,-115.16769,36.10302
27445,28706,-80.00245,40.440094
27446,28706,-115.241516,36.064106
27447,30557,-115.16597,36.127857
27448,30769,-115.140465,36.16794
27449,27449,-115.17259,36.112953
27450,28706,-115.13694,36.11391
27451,30769,-115.142395,36.142128
27452,28706,-115.15032,36.10601
27453,27531,-115.16331,36.13711
27454,28706,-115.0452,36.063137
27455,27455,-115.172455,36.106503
27456,27456,-115.16855,36.120895
27457,28706,-115.22045,36.099846
27458,28706,-115.157875,36.142757
27459,28706,-115.17869,36.06815
27460,28706,-115.10925,36.000908
27461,30769,-115.243004,36.098354
27462,28706,-115.10471,36.115803
27463,28706,-115.16997,36.11293
27464,28706,-115.223854,36.060577
27465,27465,-115.29987,36.147263
27466,28706,-115.31363,36.157314
27467,28706,-115.118515,36.019787
27468,30557,-112.27646,33.464348
27469,27469,-115.174324,36.067642
27470,28706,-115.24269,36.04463
27471,28706,-115.13931,36.167286
27472,30769,-115.17143,36.109825
27473,28706,-115.14925,36.105984
27474,28706,-115.178215,36.068935
27475,27475,-115.14156,36.27635
27476,28706,-115.11351,36.12936
27477,28706,-115.17086,36.10993
27478,28706,-115.20575,36.279865
27479,28706,-115.2811,36.114468
27480,30769,-115.11687,36.072422
27481,30557,-115.11806,36.01813
27482,28706,-115.26483,36.004818
27483,28706,-115.135925,36.11814
27484,28706,-3.1886818,55.950645
27485,28706,-115.244156,36.047306
27486,27486,-115.0853,36.021717
27487,27487,-115.14741,36.114876
27488,27488,-115.28559,36.16719
27489,28706,-115.14551,36.12177
27490,28706,-115.13777,36.103626
27491,28706,-115.16901,35.965446
27492,30557,-115.179085,36.11224
27493,28706,-115.15951,36.113438
27494,28706,-115.242714,36.036674
27495,27495,-115.172775,36.117893
27496,28706,-115.102516,36.07862
27497,28706,-114.97673,36.036606
27498,28706,-111.9255,33.434334
27499,28706,-115.209656,36.127045
27500,28706,-115.100845,35.993855
27501,30557,-115.17784,36.092987
27502,28706,-115.17345,36.10306
27503,27503,-115.1694,35.96543
27504,28706,-115.33387,36.152832
27505,28706,-115.04165,36.05552
27506,27506,-115.11805,36.01824
27507,28706,-115.10123,36.018024
27508,28706,-115.11167,36.100384
27509,28706,-115.092384,36.116196
27510,28706,-115.11797,36.01842
27511,27511,-115.12652,36.15846
27512,27512,-115.02765,36.04114
27513,27513,-115.17143,36.109825
27514,30769,-115.17105,36.12595
27515,28706,-115.209656,36.126728
27516,27516,-115.17191,36.11496
27517,30769,-115.17618,36.115856
27518,27518,-115.11775,36.099716
27519,27519,-115.1068,36.071945
27520,28706,-115.04664,36.02288
27521,28706,-115.14573,36.166546
27522,27522,-115.33314,36.156986
27523,30769,-115.10001,35.99528
27524,28706,-115.179535,36.262836
27525,27525,-115.333496,36.15076
27526,27526,-111.96063,33.64
27527,28706,-115.17601,36.104332
27528,27528,-115.16327,36.15204
27529,28706,-115.15716,36.114746
27530,28706,-115.10574,36.072323
27531,27531,-115.17274,36.11424
27532,27532,-115.125404,36.21865
27533,28706,-115.242775,36.05562
27534,28706,-115.18163,36.075855
27535,27535,-115.24133,36.055412
27536,28706,-115.33153,36.160854
27537,28706,-115.176315,36.109913
27538,28706,-115.10359,36.116684
27539,28706,-115.17652,36.11301
27540,28706,-115.178215,36.068935
27541,27541,-115.15086,36.013565
27542,27542,-115.13524,36.02756
27543,27543,-115.11719,36.028934
27544,30769,-115.30727,36.08632
27545,28706,-115.116776,36.020107
27546,30769,-115.26203,36.070213
27547,28706,-115.12309,36.057667
27548,30557,-115.12411,36.022995
27549,28706,-115.120605,36.025345
27550,28706,-115.25078,36.064754
27551,28706,-115.20635,35.995155
27552,28706,-115.04282,36.067123
27553,27553,-115.28009,36.298874
27554,28706,-115.14214,36.17187
27555,28706,-115.11721,36.02025
27556,28706,-115.307304,36.113556
27557,28706,-115.206345,35.994972
27558,28706,-115.33359,36.156094
27559,28706,-115.091934,36.02
27560,28706,-115.17065,36.04064
27561,28706,-115.178215,36.068935
27562,28706,-115.06262,36.02959
27563,28706,-115.13576,36.035084
27564,30557,-115.28992,36.160503
27565,28706,-115.117836,36.028442
27566,27566,-115.29765,36.09471
27567,27567,-115.11797,36.01842
27568,28706,-115.04282,36.067123
27569,28706,-115.13648,36.01165
27570,27570,-115.17712,36.13198
27571,27571,-115.100845,35.993855
27572,28706,-115.11279,36.005222
27573,28706,-115.18908,36.07802
27574,28706,-115.201775,36.126526
27575,28706,-115.29798,36.097534
27576,27576,-115.22587,36.055244
27577,30557,-115.19039,35.98294
27578,28706,-115.2924,36.157043
27579,28706,-115.207245,36.124905
27580,27580,-115.11842,36.274754
27581,30769,-115.271286,36.018726
27582,28706,-115.21002,36.126923
27583,28706,-115.242714,36.036674
27584,28706,-115.11588,36.029297
27585,28706,-115.17713,36.068737
27586,28706,-115.13441,36.166664
27587,28706,-115.241554,36.064533
27588,30769,-115.30517,36.114994
27589,28706,-115.14214,36.17187
27590,28706,-115.18697,36.115337
27591,28706,-115.17684,36.06878
27592,27592,-115.17676,36.10449
27593,27593,-115.17535,36.070137
27594,28706,-115.16915,36.054928
27595,28706,-115.08267,36.069874
27596,28706,-115.272705,36.144665
27597,28706,-115.1177,36.017395
27598,28706,-115.20207,36.090256
27599,28706,-115.11805,36.01824
27600,30769,-115.17028,36.12229
27601,27601,-115.101585,36.00073
27602,30769,-115.17712,36.13198
27603,27603,-115.11048,36.002815
27604,28706,-115.274574,36.130314
27605,30557,-115.14055,36.169167
27606,27606,-115.18048,36.275616
27607,28706,-115.11763,36.016068
27608,28706,-115.15265,36.012516
27609,27609,-115.27839,36.058018
27610,27610,-115.11157,36.00645
27611,30769,-115.173874,36.109753
27612,30557,-115.2478,36.195255
27613,30769,-115.11599,36.027836
27614,28706,-115.17618,36.115856
27615,30769,-115.17028,36.12229
27616,27616,-115.11765,36.01759
27617,28706,-115.17259,36.112953
27618,27618,-115.156425,36.10131
27619,28706,-115.27307,36.103046
27620,30557,-115.17274,36.11424
27621,30769,-115.27069,36.01852
27622,28706,-115.13609,36.01191
27623,28706,-115.11703,36.02034
27624,28706,-115.14963,36.16695
27625,28706,-115.177,36.11199
27626,30557,-115.11779,36.013794
27627,27627,-115.17503,36.143192
27628,27628,-115.173996,36.01219
27629,27629,-115.155594,36.11496
27630,27630,-115.13609,36.01191
27631,28706,-115.08231,36.069843
27632,28706,-111.96528,33.675354
27633,27633,-115.11477,36.239555
27634,28706,-115.2001,36.10189
27635,28706,-115.27777,36.130028
27636,27636,-115.15036,36.01979
27637,27637,-115.249435,36.301983
27638,28706,-115.306274,36.115807
27639,28706,-115.24239,36.0542
27640,27640,-115.16357,36.06084
27641,28706,-115.158325,36.05773
27642,28706,-115.20685,36.11581
27643,28706,-115.30727,36.08632
27644,27644,-115.14164,36.169453
27645,27645,-115.24239,36.0542
27646,30769,-115.15374,36.084
27647,28706,-115.173996,36.01219
27648,30769,-115.13714,36.010777
27649,27649,-115.101585,35.99378
27650,28706,-115.04415,36.063168
27651,27651,-115.27988,36.059982
27652,28706,-115.22587,36.055244
27653,28706,-115.15265,36.012516
27654,30769,-115.15265,36.012516
27655,27655,-115.16989,36.10279
27656,28706,-115.244255,36.145123
27657,28706,-115.334816,36.15839
27658,28706,-115.206406,35.998116
27659,27659,-115.30234,36.100346
27660,27660,-115.28217,36.302864
27661,27661,-115.20998,36.126503
27662,28706,-115.22625,36.086525
27663,27663,-115.1779,36.11717
27664,28706,-115.17503,36.143192
27665,28706,-115.175835,36.117725
27666,30769,-115.13656,36.104473
27667,28706,-115.13463,36.161926
27668,27668,-115.28214,36.201843
27669,28706,-115.22555,36.101685
27670,28706,-115.17253,36.112015
27671,30769,-115.25791,36.264744
27672,27672,-115.20964,36.12702
27673,28706,-115.27939,36.219063
27674,28706,-115.33276,36.15119
27675,28706,-115.25988,36.203743
27676,28706,-115.15396,36.157898
27677,27677,-115.25775,36.19565
27678,28706,-115.25175,36.21913
27679,27679,-115.262115,36.196945
27680,27680,-115.25175,36.21913
27681,28706,-115.25904,36.218708
27682,28706,-115.25904,36.218708
27683,28706,-115.26218,36.19653
27684,28706,-115.27784,36.14534
27685,27685,-115.2071,36.271656
27686,30769,-115.17361,36.109997
27687,30769,-115.204994,36.279896
27688,28706,-115.2513,36.263546
27689,28706,-115.17496,36.121323
27690,28706,-115.19201,36.126514
27691,27691,-115.33291,36.14891
27692,27692,-115.325775,36.219326
27693,28706,-115.076256,36.14975
27694,28706,-115.19577,36.10505
27695,28706,-115.298294,36.077114
27696,27696,-115.325645,36.11907
27697,28706,-115.04274,36.06717
27698,27698,-115.333855,36.155964
27699,28706,-115.24157,36.144634
27700,28706,-115.13987,36.168903
27701,30769,-115.27432,36.144367
27702,28706,-115.225945,36.239635
27703,28706,-115.31947,36.15959
27704,28706,-115.11279,36.005222
27705,30769,-115.18331,36.041283
27706,30557,-115.19203,36.126144
27707,27707,-115.20635,35.995155
27708,28706,-115.2796,36.05317
27709,27709,-115.252,36.063618
27710,27710,-115.24385,36.04967
27711,27711,-115.29855,36.078938
27712,27712,-115.244156,35.998432
27713,28706,-115.29864,36.076557
27714,28706,-115.10091,36.042778
27715,28706,-115.11599,36.027836
27716,27716,-115.24536,36.161877
27717,28706,-115.1804,36.293068
27718,30769,-115.22501,36.127296
27719,30769,-115.244835,36.17109
27720,28706,-115.25827,36.21899
27721,27721,-115.30971,36.11463
27722,28706,-115.245514,36.1714
27723,28706,-115.17028,36.12229
27724,28706,-115.17105,36.12595
27725,27725,-115.28655,36.28842
27726,28706,-115.15356,36.156982
27727,28706,-115.10848,36.07861
27728,28706,-115.163,36.113804
27729,27729,-115.33321,36.152905
27730,30769,-115.28553,36.166573
27731,28706,-115.19177,36.12637
27732,28706,-115.173996,36.12161
27733,28706,-115.272705,36.144665
27734,27734,-115.20568,36.158234
27735,27735,-115.1398,36.16868
27736,28706,-115.24508,36.159706
27737,30769,-115.11754,36.01826
27738,28706,-115.27639,36.129875
27739,27739,-115.29747,36.113438
27740,28706,-115.23995,36.14467
27741,28706,-115.30628,36.114822
27742,28706,-115.33387,36.152832
27743,28706,-115.17279,36.11766
27744,27744,-115.21351,36.12623
27745,30557,-115.351524,36.159336
27746,30557,-115.29864,36.076557
27747,30769,-115.083374,36.071457
27748,27748,-115.20272,36.10089
27749,30557,-115.291916,36.15935
27750,28706,-115.32778,36.158222
27751,27751,-115.325775,36.219326
27752,28706,-115.305954,36.112957
27753,28706,-115.190605,36.0418
27754,28706,-115.22625,36.086525
27755,28706,-115.30409,36.19329
27756,28706,-115.2116,36.12568
27757,28706,-115.24359,36.04637
27758,27758,-115.20513,36.27028
27759,27759,-115.11979,36.238106
27760,28706,-115.244156,35.998432
27761,27761,-115.29747,36.11287
27762,28706,-115.17306,36.091965
27763,28706,-115.243324,36.08245
27764,27764,-115.11736,36.014675
27765,27765,-115.16879,36.122967
27766,27766,-115.242485,36.146217
27767,28706,-115.19831,36.12634
27768,30769,-111.92727,33.49783
27769,28706,-115.1388,36.167423
27770,30769,-115.29966,36.14726
27771,23074,-115.29862,36.077145
27772,28706,-115.28331,36.05509
27773,28706,-115.1726,36.118793
27774,28706,-115.20247,36.144047
27775,27775,-115.3352,36.15803
27776,28706,-115.16506,36.068413
27777,28706,-115.13717,36.082092
27778,30769,-115.29864,36.076557
27779,27779,-115.31481,36.121902
27780,28706,-115.167755,36.123943
27781,30557,-115.27994,36.052994
27782,28706,-115.1401,36.169327
27783,28706,-115.300064,36.100872
27784,28706,-115.242615,36.112545
27785,28706,-115.27989,36.124878
27786,27786,-115.30234,36.100346
27787,28706,-115.30234,36.100346
27788,28706,-115.13717,36.082092
27789,30769,-115.16578,36.128788
27790,28706,-115.17676,36.10449
27791,28706,-115.22593,36.12658
27792,28706,-115.198,36.127663
27793,30769,-115.24378,36.087482
27794,28706,-115.273125,36.06686
27795,30769,-115.18163,36.075855
27796,28706,-115.17065,36.04064
27797,28706,-115.28009,36.298874
27798,28706,-115.138504,36.117256
27799,27799,-115.20575,36.279865
27800,28706,-115.28009,36.298874
27801,28706,-115.26447,36.27155
27802,27802,-115.2811,36.114468
27803,28706,-115.27088,36.271507
27804,27804,-115.174324,36.067642
27805,27805,-115.2671,36.264065
27806,28706,-115.33513,36.15711
27807,28706,-115.30866,36.11444
27808,27808,-115.246315,36.042377
27809,27809,-115.242386,36.112858
27810,30769,-79.98588,40.45011
27811,28706,-79.91953,40.437683
27812,28706,-79.89309,40.489143
27813,30557,-79.98181,40.452312
27814,28706,-80.00268,40.44847
27815,30557,-73.58295,45.534657
27816,28706,-79.98373,40.45153
27817,30769,-115.167755,36.123943
27818,28706,-79.913895,40.45003
27819,28706,-80.00167,40.441486
27820,27820,-79.955215,40.479675
27821,28706,-80.761215,35.211407
27822,28706,-80.855446,35.215378
27823,27823,-80.83791,35.22758
27824,28706,-80.8412,35.199818
27825,28706,-80.74955,35.30387
27826,27826,-115.17051,36.108852
27827,27827,-89.47379,43.051
27828,27828,-89.38912,43.071915
27829,27829,-89.45731,43.036354
27830,28706,-89.45202,43.038074
27831,28706,-89.40158,43.06768
27832,27832,-73.57578,45.50141
27833,28706,-111.92667,33.48332
27834,30557,-80.002556,40.442036
27835,30769,-111.790375,33.260693
27836,27836,-111.948906,33.507557
27837,27837,-112.03776,33.507843
27838,30769,-112.06779,33.458355
27839,28706,-112.165565,33.611652
27840,30769,-112.06518,33.57531
27841,27841,-115.17524,36.09232
27842,27842,-112.08227,33.4657
27843,28706,-111.92992,33.6555
27844,28706,-115.1682,36.139454
27845,28706,-112.02769,33.510315
27846,27846,-111.979546,33.640232
27847,28706,-111.98451,33.509106
27848,27848,-112.065636,33.44916
27849,28706,-111.9245,33.624264
27850,28706,-111.96354,33.349636
27851,27851,-112.073395,33.477222
27852,28706,-115.16994,36.109863
27853,27853,-115.17086,36.10993
27854,28706,-115.17229,36.115147
27855,27855,-112.41058,33.550213
27856,28706,-111.96528,33.675354
27857,28706,-111.98643,33.600227
27858,28620,-115.1752,36.091843
27859,27859,-112.07217,33.455864
27860,28706,-112.00285,33.448383
27861,30769,-111.88573,33.56917
27862,28706,-112.06096,33.50953
27863,28706,-111.92562,33.493855
27864,28706,-111.92644,33.529903
27865,27865,-111.72624,33.321865
27866,28706,-115.17647,36.14513
27867,27867,-111.924065,33.5797
27868,27868,-111.97917,33.4046
27869,27869,-112.08227,33.4657
27870,28706,-111.908585,33.39378
27871,27871,-112.0739,33.500202
27872,27872,-112.0722,33.45892
27873,28706,-111.9397,33.423706
27874,30769,-112.06498,33.524887
27875,27875,-112.042145,33.50762
27876,27876,-111.742386,33.301224
27877,30557,-73.616325,45.535477
27878,27878,-111.99559,33.511234
27879,27879,-115.17841,36.06958
27880,28706,-111.993385,33.408028
27881,28706,-111.85576,33.39053
27882,28706,-111.8741,33.31915
27883,28706,-115.17407,36.121197
27884,27884,-112.06466,33.506046
27885,27885,-111.92641,33.655567
27886,28706,-115.174194,36.011425
27887,27887,-111.97495,33.676224
27888,27888,-111.83728,33.587357
27889,28706,-112.152054,33.57017
27890,27890,-112.03092,33.630856
27891,27891,-115.173706,36.107292
27892,27892,-115.17628,36.120422
27893,28706,-115.17435,36.118332
27894,27894,-115.17698,36.111977
27895,23817,-115.173874,36.109753
27896,28706,-115.17264,36.11758
27897,30557,-73.56325,45.515038
27898,27898,-115.155556,36.14742
27899,27899,-115.17337,36.104424
27900,30557,-115.155556,36.14742
27901,28706,-115.155556,36.14742
27902,30769,-115.155556,36.14742
27903,27903,-115.155556,36.14742
27904,30769,-115.16348,36.113026
27905,28706,-115.1765,36.10758
27906,28706,-115.17516,36.109875
27907,28706,-115.17421,36.106213
27908,30557,-115.17259,36.112953
27909,30769,-115.173996,36.12161
27910,30557,-115.17767,36.10741
27911,28706,-115.18366,36.04195
27912,30769,-115.17234,36.110107
27913,30769,-115.17022,36.11236
27914,30769,-115.17124,36.11788
27915,28706,-73.59721,45.518276
27916,28706,-115.16904,36.124878
27917,30557,-115.12652,36.15846
27918,28706,-115.16592,36.127502
27919,28706,-111.96472,33.38315
27920,28706,-115.197075,36.12586
27921,30557,-115.17577,36.011356
27922,28706,-115.29646,36.101376
27923,28706,-115.27846,36.134956
27924,28706,-115.172554,36.115673
27925,28706,-115.14289,36.143345
27926,28706,-115.1969,36.12608
27927,27927,-115.17086,36.10993
27928,28706,-115.17601,36.104332
27929,30769,-115.17481,36.10987
27930,28706,-115.14289,36.143345
27931,28706,-115.174355,36.092293
27932,30769,-73.576225,45.479763
27933,30769,-115.167755,36.123943
27934,28706,-115.20888,36.09506
27935,28706,-115.17457,36.11622
27936,27936,-115.17625,36.092876
27937,30769,-73.565056,45.515846
27938,27938,-115.28592,36.1675
27939,28706,-115.175865,36.010883
27940,28706,-115.17315,36.10988
27941,28706,-115.17011,36.12751
27942,30769,-115.25142,36.067112
27943,30769,-115.14289,36.143345
27944,28706,-115.167755,36.123978
27945,28706,-115.209366,36.11818
27946,28706,-115.17389,36.109882
27947,27947,-115.17251,36.11073
27948,28706,-115.17462,36.142902
27949,30769,-115.28703,36.166676
27950,30557,-115.14289,36.143345
27951,28706,-112.357574,33.45569
27952,27952,-115.278175,36.041817
27953,30769,-115.1546,36.11997
27954,30557,-115.1725,36.110065
27955,30769,-115.17278,36.11766
27956,28706,-115.142006,36.17183
27957,28706,-115.11047,36.0034
27958,28706,-115.17124,36.11788
27959,28706,-115.17124,36.11788
27960,28706,-115.174355,36.109806
27961,27961,-115.15126,36.1089
27962,27962,-115.17397,36.10626
27963,28706,-115.225945,36.239635
27964,27964,-115.27994,36.122913
27965,27965,-115.16961,36.121452
27966,28706,-115.14289,36.143345
27967,28706,-115.047195,36.05532
27968,27968,-115.14289,36.143345
27969,27969,-115.23995,36.14467
27970,27970,-115.17641,36.11316
27971,27971,-115.16918,36.10844
27972,28706,-115.14289,36.143345
27973,28706,-115.17535,36.070137
27974,28706,-115.224075,36.12743
27975,28706,-115.14289,36.143345
27976,27976,-115.17345,36.10306
27977,28706,-115.04833,36.05661
27978,28706,-115.18939,36.11789
27979,28706,-115.332825,36.14505
27980,27980,-115.233086,36.159576
27981,27981,-115.30234,36.100346
27982,28706,-115.26541,36.26369
27983,28706,-115.16559,36.12689
27984,27984,-115.16907,36.124435
27985,28706,-115.17632,36.113846
27986,27986,-115.17345,36.10306
27987,28706,-115.17516,36.109875
27988,30769,-115.17278,36.0908
27989,30769,-115.17601,36.104332
27990,30769,-115.14,36.18
27991,30769,-115.17205,36.11012
27992,28706,-115.17669,36.117455
27993,28706,-115.17234,36.110107
27994,28706,-115.17012,36.122276
27995,30769,-115.175896,36.097015
27996,30769,-111.92804,33.49729
27997,28706,-115.19528,36.11444
27998,30769,-115.17259,36.112953
27999,28706,-115.177444,36.11319
28000,30769,-73.57441,45.520267
28001,28706,-115.17453,36.104614
28002,28706,-115.1952,36.11531
28003,28706,-115.2435,36.072044
28004,28706,-115.1613,36.138298
28005,28706,-115.176155,36.09279
28006,28006,-115.17818,36.10713
28007,30769,-111.85926,33.31953
28008,28706,-115.16348,36.113026
28009,30557,-115.17481,36.10987
28010,28706,-115.201775,36.126526
28011,28706,-115.17422,36.109562
28012,28012,-115.17099,36.114353
28013,28706,-115.191826,36.144268
28014,30557,-112.23505,33.633667
28015,28706,-115.17669,36.117455
28016,28706,-115.1779,36.11717
28017,28706,-115.17644,36.09227
28018,28706,-115.17526,36.113125
28019,30769,-115.16254,36.18631
28020,28706,-115.169655,36.12119
28021,30769,-112.02249,33.40667
28022,28706,-115.17413,36.121143
28023,28706,-115.17282,36.161526
28024,30769,-115.17831,36.12849
28025,28025,-115.16821,36.127586
28026,28706,-115.16714,36.126476
28027,28027,-115.27432,36.144367
28028,28028,-115.172455,36.111073
28029,28706,-115.16919,36.105984
28030,28706,-115.270966,36.019173
28031,28031,-115.163155,36.118034
28032,28706,-115.20882,36.11153
28033,28033,-115.17556,36.11377
28034,28706,-115.17382,36.107162
28035,30769,-115.17481,36.10987
28036,30557,-115.16855,36.120895
28037,30769,-114.92266,36.11394
28038,30769,-115.15374,36.084
28039,28706,-115.17575,36.108307
28040,28040,-115.1765,36.10758
28041,30769,-115.17462,36.11694
28042,28706,-115.17704,36.10762
28043,28706,-115.173874,36.109753
28044,28706,-115.16296,36.12714
28045,28706,-115.17259,36.112953
28046,28706,-115.17075,36.101788
28047,28706,-115.16937,36.121815
28048,30769,-115.18995,36.12553
28049,30769,-115.16744,36.127686
28050,28706,-112.07086,33.457047
28051,28051,-115.273125,36.06686
28052,28052,-115.17783,36.093067
28053,30769,-115.17322,36.109215
28054,28054,-115.17602,36.094254
28055,28055,-115.173874,36.109753
28056,28706,-115.17618,36.115856
28057,28706,-115.17125,36.10998
28058,28706,-115.177,36.11199
28059,28706,-115.17831,36.12849
28060,28060,-115.17516,36.109875
28061,30769,-115.17229,36.115147
28062,28062,-115.174355,36.109806
28063,28706,-115.17676,36.10449
28064,28706,-115.167694,36.103054
28065,28706,-115.17556,36.098907
28066,28706,-115.17332,36.11567
28067,28706,-115.16923,36.102325
28068,28068,-115.17063,36.12298
28069,30769,-115.17625,36.092876
28070,28706,-115.17332,36.11567
28071,28071,-111.937874,33.6769
28072,28706,-115.17382,36.107162
28073,30769,-115.17011,36.12751
28074,28074,-115.25078,36.064754
28075,28706,-115.136406,36.106606
28076,28076,-115.12315,36.042107
28077,28706,-115.17332,36.11567
28078,28706,-115.17345,36.10306
28079,28706,-115.19265,36.132973
28080,28080,-115.00147,36.271496
28081,28081,-115.18186,36.10503
28082,28706,-115.17435,36.106205
28083,28083,-115.26674,36.272594
28084,28084,-115.18609,36.27883
28085,30769,-115.172485,36.104477
28086,28706,-115.117165,36.016342
28087,30769,-115.17332,36.10583
28088,30769,-115.29321,36.084576
28089,28706,-115.273125,36.06686
28090,28090,-115.20431,35.999184
28091,30769,-115.16671,36.126022
28092,28092,-115.241745,36.07865
28093,30769,-115.16963,36.117516
28094,28706,-115.17613,36.107327
28095,28706,-115.1765,36.10758
28096,28706,-115.173874,36.10978
28097,28097,-115.17516,36.109875
28098,30557,-115.17625,36.092876
28099,28099,-115.17625,36.092876
28100,28706,-111.891266,33.627884
28101,30557,-111.936615,33.37798
28102,28706,-73.57754,45.516373
28103,28103,-115.1756,36.09524
28104,28104,-115.183395,36.127113
28105,28105,-115.17516,36.109875
28106,30557,-115.18697,36.115337
28107,28107,-115.17818,36.10713
28108,30769,-3.2177603,55.94131
28109,30769,-115.17457,36.11622
28110,28110,-115.17618,36.115856
28111,30557,-115.17234,36.110107
28112,28706,-115.13894,36.16672
28113,30769,-115.170616,36.124756
28114,28706,-115.16833,36.127647
28115,28115,-115.17669,36.117455
28116,28706,-115.11931,36.01597
28117,30769,-115.16938,36.12179
28118,28706,-115.17105,36.12595
28119,28706,-115.17202,36.09012
28120,28120,-115.17496,36.121323
28121,30769,-115.16296,36.12714
28122,30769,-115.155754,36.14755
28123,30769,-115.17641,36.11316
28124,28706,-115.17028,36.12229
28125,28706,-115.06269,36.011925
28126,28706,-115.21002,36.126923
28127,28127,-115.17262,36.118378
28128,28706,-115.17669,36.117455
28129,28706,-115.13717,36.082092
28130,28130,-112.07217,33.455864
28131,28706,-115.17033,36.12362
28132,30769,-115.2436,36.072453
28133,28133,-115.2983,36.11527
28134,28134,-115.17234,36.110107
28135,30769,-115.172455,36.111073
28136,28136,-115.17516,36.091866
28137,30769,-115.17022,36.12299
28138,30769,-115.16876,36.12438
28139,28139,-115.209656,36.127045
28140,28706,-115.17457,36.11622
28141,30557,-79.893654,40.43257
28142,30557,-115.17618,36.115856
28143,28706,-115.15152,36.10749
28144,28144,-115.14513,36.17488
28145,28706,-111.948586,33.33492
28146,30769,-115.17105,36.12595
28147,30557,-115.17019,36.123405
28148,28706,-115.17781,36.093067
28149,28706,-115.17407,36.121197
28150,28706,-115.16866,36.117542
28151,28706,-115.17534,36.11709
28152,28152,-115.145546,36.16966
28153,28706,-115.17041,36.110847
28154,28706,-115.17229,36.115147
28155,28706,-115.173874,36.109753
28156,30769,-115.08639,36.0206
28157,28706,-115.17453,36.112377
28158,30557,-115.17849,36.10924
28159,28159,-115.171005,36.099377
28160,28160,-115.18507,36.102978
28161,30557,-115.17105,36.12595
28162,28162,-115.144745,36.173252
28163,28706,-115.16869,36.127796
28164,28706,-115.17105,36.12595
28165,30769,-115.18163,36.075855
28166,28166,-115.30234,36.100346
28167,28167,-115.17516,36.109875
28168,30557,-115.17105,36.12595
28169,30769,-115.17105,36.12595
28170,28706,-115.17618,36.115856
28171,28706,-115.175835,36.117725
28172,30769,-115.17618,36.115856
28173,30769,-115.14085,36.170055
28174,30769,-115.17262,36.12956
28175,28620,-111.926506,33.496647
28176,28176,-115.17105,36.12595
28177,28706,-115.17089,36.11006
28178,28706,-80.00206,40.44228
28179,30557,-73.55172,45.509388
28180,28180,-79.98332,40.451687
28181,30769,-79.94735,40.439247
28182,28182,-79.959946,40.470768
28183,30557,-73.58028,45.526745
28184,28706,-73.57008,45.518185
28185,28185,-80.83791,35.22758
28186,28186,-80.8529,35.19824
28187,28706,-80.825935,35.213448
28188,30769,-89.5035,43.05941
28189,28706,-89.38695,43.07489
28190,28706,-89.32401,43.078587
28191,28706,-89.380875,43.074425
28192,28706,-89.52701,43.07344
28193,30769,-89.38087,43.07401
28194,28194,-89.220314,43.18294
28195,30769,-89.380875,43.074776
28196,28706,-89.38956,43.07199
28197,28706,-89.38154,43.074726
28198,28706,-115.17557,36.118473
28199,28199,-111.890686,33.546608
28200,28200,-111.8954,33.30398
28201,28706,-111.97461,33.678616
28202,28706,-115.17636,36.117344
28203,28706,-115.17603,36.11833
28204,28204,-115.20198,36.10272
28205,30769,-115.25093,36.055206
28206,28706,-115.138504,36.117256
28207,28207,-115.24224,36.180805
28208,30769,-115.174644,36.109913
28209,28706,-115.153496,36.109165
28210,30769,-73.57794,45.49984
28211,30769,-115.17459,36.112022
28212,30557,-115.173874,36.10978
28213,28213,-115.19479,36.114464
28214,30769,-115.19528,36.11444
28215,28706,-115.17259,36.112953
28216,28706,-115.17259,36.112953
28217,28706,-73.55188,45.508717
28218,28706,-115.17676,36.10449
28219,28706,-112.065544,33.4493
28220,28706,-115.17676,36.10449
28221,28221,-115.17012,36.122276
28222,30557,-73.5557,45.499573
28223,30769,-115.15438,36.00038
28224,28706,-115.17516,36.091866
28225,28706,-115.169655,36.12119
28226,30557,-111.842255,33.35158
28227,28227,-115.17421,36.106213
28228,30769,-73.55923,45.50802
28229,28706,-115.17688,36.111946
28230,28230,-115.17641,36.11316
28231,30769,-115.16744,36.127686
28232,30769,-115.155754,36.14755
28233,28706,-115.16744,36.127686
28234,28234,-115.16994,36.109863
28235,28706,-115.17421,36.106213
28236,30769,-115.1725,36.127174
28237,28237,-115.176315,36.109913
28238,30769,-115.17491,36.01144
28239,28706,-115.17481,36.10987
28240,30769,-115.197075,36.12586
28241,30557,-115.17413,36.121143
28242,28706,-115.17386,36.102005
28243,28243,-115.17516,36.109875
28244,28244,-115.173996,36.12207
28245,28706,-115.17143,36.109825
28246,28706,-115.17618,36.115856
28247,28706,-115.17784,36.092987
28248,28706,-115.12652,36.15846
28249,30769,-115.17124,36.11788
28250,28250,-115.173904,36.110092
28251,30769,-115.17575,36.108307
28252,30769,-115.17124,36.11788
28253,28706,-115.33513,36.15711
28254,28706,-115.13717,36.082092
28255,28706,-115.169655,36.12119
28256,30769,-115.1696,36.121452
28257,28706,-115.17858,36.106277
28258,28258,-115.16869,36.127796
28259,30557,-115.14525,36.08316
28260,28706,-115.172554,36.115673
28261,28706,-112.187,33.66167
28262,28706,-73.55482,45.507256
28263,28706,-115.17459,36.112022
28264,30557,-115.17613,36.092182
28265,30557,-115.17459,36.112022
28266,28706,-115.173996,36.12161
28267,30769,-115.17652,36.11301
28268,30769,-115.17223,36.110733
28269,28706,-115.17459,36.112022
28270,28706,-115.1752,36.091843
28271,28271,-115.17459,36.112022
28272,28706,-115.17283,36.132774
28273,28273,-115.17191,36.11496
28274,28274,-115.17818,36.10713
28275,28706,-115.17818,36.10713
28276,28706,-115.17459,36.112022
28277,28706,-115.16867,36.123558
28278,28706,-115.17751,36.117035
28279,30769,-115.16559,36.12689
28280,28706,-115.17437,36.10206
28281,28281,-115.17375,36.103863
28282,28706,-115.17419,36.1212
28283,28706,-115.20247,36.144047
28284,28284,-115.11839,36.01761
28285,28285,-115.16855,36.10475
28286,28706,-112.07331,33.45167
28287,30557,-115.197685,36.125946
28288,28288,-73.57752,45.516
28289,28706,-115.163124,36.133614
28290,28706,-115.17725,36.091393
28291,28706,-115.14085,36.170055
28292,28706,-115.16855,36.10475
28293,28293,-115.16908,36.124203
28294,30557,-115.177,36.11199
28295,30769,-115.17516,36.109875
28296,30769,-115.1736,36.101585
28297,30769,-115.17153,36.117573
28298,30557,-115.167755,36.123943
28299,30769,-115.17496,36.121323
28300,28706,-115.17462,36.11694
28301,28301,-115.17397,36.10626
28302,30769,-112.20215,33.49529
28303,28706,-115.244156,36.047306
28304,30557,-115.30081,36.14653
28305,28706,-111.80486,33.33455
28306,28306,-115.10377,36.130226
28307,30769,-89.388535,43.074997
28308,30769,-115.17253,36.112015
28309,30769,-115.167725,36.103397
28310,28706,-115.175804,36.096684
28311,28706,-115.14637,36.124424
28312,30769,-115.166954,36.106236
28313,30769,-115.17259,36.112953
28314,30769,-115.280624,36.113846
28315,30769,-115.20974,36.114937
28316,28706,-3.195846,55.948772
28317,28706,-115.17332,36.11567
28318,28706,-115.17644,36.116367
28319,30769,-115.16997,36.11293
28320,28320,-115.172485,36.104477
28321,28321,-115.17496,36.121323
28322,28322,-115.170616,36.124756
28323,28706,-115.17516,36.109875
28324,28706,-115.18646,36.11876
28325,28706,-115.17106,36.11242
28326,28706,-115.171776,36.102093
28327,28706,-115.17075,36.101788
28328,30557,-115.17012,36.122276
28329,28706,-115.17253,36.112015
28330,28330,-115.17106,36.11242
28331,28331,-115.17086,36.10993
28332,28332,-115.20964,36.12702
28333,28333,-115.173515,36.103
28334,30769,-80.94421,35.223606
28335,30769,-115.170364,36.127617
28336,30557,-73.5552,45.49941
28337,28337,-115.17305,36.118965
28338,30769,-115.173904,36.110092
28339,28706,-115.17113,36.12856
28340,30769,-115.19695,36.126366
28341,28706,-115.17692,36.106705
28342,28706,-115.17698,36.107407
28343,30769,-115.1768,36.090183
28344,28706,-115.167404,36.126812
28345,28345,-115.17516,36.109875
28346,28346,-115.17516,36.091866
28347,28347,-115.17105,36.12789
28348,28706,-115.180016,36.14181
28349,28349,-115.06269,36.011925
28350,30769,-115.153496,36.109165
28351,28706,-88.230064,40.10959
28352,28706,-115.170906,36.103455
28353,30557,-115.153496,36.109165
28354,28706,-115.17462,36.1098
28355,30769,-73.55448,45.504295
28356,28706,-115.17453,36.112377
28357,30769,-115.175804,36.096684
28358,28706,-115.173775,36.090916
28359,28706,-115.17028,36.12229
28360,28360,-115.12652,36.15846
28361,30769,-115.167755,36.123978
28362,28362,-115.16908,36.124203
28363,28706,-115.05022,36.02248
28364,28706,-115.19534,36.114998
28365,28706,-115.17143,36.109825
28366,30557,-115.17484,36.102894
28367,28706,-115.1746,36.116764
28368,28368,-115.17524,36.116566
28369,30557,-73.57098,45.506298
28370,28370,-115.169754,36.102917
28371,28706,-115.17481,36.10987
28372,28372,-115.172325,36.12454
28373,28706,-115.17493,36.10478
28374,28374,-115.17548,36.098915
28375,28706,-114.91108,35.97191
28376,30769,-115.16456,36.131496
28377,28706,-89.42256,43.034737
28378,28706,-115.17219,36.110775
28379,28706,-115.17674,36.10449
28380,28706,-115.16938,36.10251
28381,28381,-115.09037,36.02096
28382,30769,-115.175316,36.09186
28383,28706,-115.17457,36.11622
28384,28384,-115.176025,36.10461
28385,30769,-115.33344,36.150024
28386,30769,-80.9438,35.221424
28387,28387,-115.174355,36.092293
28388,28620,-111.9259,33.4943
28389,28706,-115.17618,36.115856
28390,28390,-115.17493,36.10478
28391,28391,-115.17548,36.098915
28392,28706,-115.16456,36.131496
28393,28393,-115.170906,36.103455
28394,30769,-115.167755,36.123978
28395,28395,-115.166954,36.106236
28396,30769,-115.16559,36.12689
28397,28706,-115.17087,36.10242
28398,28706,-115.17484,36.102894
28399,28706,-115.176575,36.091194
28400,30557,-115.168816,36.11002
28401,28401,-115.17582,36.11773
28402,28706,-115.17652,36.11301
28403,28706,-115.171005,36.099377
28404,30557,-115.17688,36.111946
28405,30769,-115.17484,36.102894
28406,28706,-115.22625,36.086525
28407,28407,-115.17484,36.102894
28408,28408,-115.179085,36.11224
28409,28409,-115.18644,36.11881
28410,28706,-115.172325,36.12454
28411,28706,-115.1695,36.10743
28412,30557,-115.17063,36.12298
28413,30769,-115.173904,36.110092
28414,28706,-115.17345,36.10306
28415,28415,-115.20888,36.09506
28416,28706,-115.16961,36.121456
28417,28706,-115.172485,36.104477
28418,28706,-115.15289,36.12276
28419,28706,-3.1887088,55.9498
28420,30769,-115.169655,36.12119
28421,28421,-115.17012,36.122276
28422,30769,-115.172554,36.115673
28423,30769,-115.17422,36.109562
28424,28706,-115.01003,36.272373
28425,30557,-115.17106,36.12008
28426,30769,-115.167755,36.123943
28427,28620,-115.17618,36.115856
28428,28706,-115.16961,36.121452
28429,30557,-73.59317,45.52248
28430,30557,-115.17153,36.117573
28431,28431,-115.17849,36.10924
28432,30769,-115.17849,36.10924
28433,28706,-115.17259,36.112953
28434,28706,-115.22625,36.086525
28435,28435,-115.17684,36.1206
28436,30769,-115.169655,36.12119
28437,28706,-115.16961,36.121452
28438,28706,-115.17086,36.10993
28439,28439,-115.18713,36.10689
28440,30769,-115.17322,36.127586
28441,28706,-115.175804,36.096684
28442,28706,-115.16744,36.127686
28443,28706,-115.17419,36.1212
28444,30769,-115.174225,36.121616
28445,28706,-115.173904,36.110092
28446,30769,-115.155754,36.14755
28447,28706,-115.17033,36.12362
28448,30769,-115.01003,36.272373
28449,28706,-115.16923,36.121773
28450,28450,-115.17462,36.11694
28451,30769,-115.17784,36.092987
28452,28706,-115.04505,36.065155
28453,28453,-115.170906,36.103455
28454,30557,-115.1779,36.11717
28455,28455,-115.18918,36.117443
28456,30557,-115.17364,36.121155
28457,28706,-115.174225,36.121616
28458,28458,-115.173874,36.109753
28459,30769,-115.17298,36.12262
28460,28460,-115.17234,36.10353
28461,30769,-115.17688,36.111946
28462,28706,-115.17364,36.121155
28463,28706,-115.17364,36.121155
28464,28464,-115.25826,36.195614
28465,28706,-115.17128,36.11289
28466,28706,-115.27853,36.057846
28467,28467,-115.17178,36.12367
28468,28468,-115.16996,36.10984
28469,28469,-115.04155,36.063816
28470,28706,-115.17315,36.10988
28471,30769,-112.07232,33.457657
28472,30557,-115.16938,36.12179
28473,28706,-111.924095,33.492203
28474,28706,-115.16938,36.12179
28475,28475,-115.167755,36.123943
28476,28476,-115.167,36.12617
28477,28477,-115.332,36.151814
28478,28478,-115.169754,36.102917
28479,28706,-115.167755,36.123943
28480,30769,-115.16938,36.12179
28481,28706,-115.16938,36.12179
28482,30769,-115.17603,36.11833
28483,30769,-115.209656,36.127045
28484,30769,-115.17603,36.11833
28485,28706,-115.22062,36.144825
28486,28706,-115.13639,36.175
28487,30769,-73.55267,45.50793
28488,30769,-115.17179,36.1112
28489,28489,-115.17603,36.11833
28490,28706,-115.17831,36.12849
28491,28491,-115.1725,36.110065
28492,28706,-115.175804,36.09531
28493,30769,-115.17704,36.10762
28494,28706,-115.17556,36.091885
28495,28495,-115.16587,36.126877
28496,28706,-115.17318,36.110085
28497,28706,-115.173874,36.10978
28498,30769,-115.17087,36.10242
28499,28706,-115.18918,36.117443
28500,28500,-115.17462,36.11694
28501,28706,-115.17661,36.097107
28502,28706,-115.17613,36.107327
28503,28706,-115.17022,36.123844
28504,28504,-115.17516,36.091866
28505,28505,-115.171776,36.102093
28506,28706,-115.14007,36.167534
28507,28706,-115.17054,36.10259
28508,30769,-115.17087,36.10242
28509,28706,-115.17075,36.101788
28510,28706,-115.20955,36.12644
28511,28706,-115.17382,36.12537
28512,28706,-115.17087,36.10242
28513,30769,-112.02769,33.510315
28514,28706,-73.59486,45.523335
28515,28706,-115.17086,36.10993
28516,28516,-115.16883,36.10201
28517,30769,-115.176575,36.091194
28518,28706,-115.08998,36.020554
28519,30769,-115.17259,36.112953
28520,30557,-115.17457,36.11622
28521,30769,-115.14069,36.169037
28522,30769,-115.169754,36.102917
28523,28706,-115.172554,36.111877
28524,28524,-115.293,36.160576
28525,28706,-115.207146,36.07245
28526,28526,-115.17516,36.109875
28527,28527,-115.163124,36.133614
28528,30557,-115.17704,36.10762
28529,30769,-115.16904,36.124878
28530,28706,-115.17259,36.112953
28531,28706,-115.08266,36.15512
28532,30769,-115.173874,36.10978
28533,28706,-115.22593,36.12658
28534,28706,-115.15387,36.110085
28535,30769,-73.579384,45.498787
28536,30769,-115.17516,36.091866
28537,30557,-115.17167,36.11025
28538,30769,-115.26749,36.143368
28539,28706,-115.17345,36.10306
28540,30769,-115.17076,36.123367
28541,30769,-115.17849,36.10924
28542,30557,-115.17179,36.12469
28543,28706,-115.168144,36.110283
28544,28706,-115.18578,36.116745
28545,30769,-115.166954,36.106236
28546,28706,-115.16901,35.965446
28547,30557,-115.17179,36.12469
28548,28706,-115.16587,36.126877
28549,30769,-115.173904,36.110092
28550,30769,-115.16296,36.12714
28551,30769,-115.14085,36.170055
28552,30769,-115.177,36.11199
28553,30769,-115.167015,36.126884
28554,28706,-115.3115,36.158897
28555,30769,-115.15822,36.161972
28556,28706,-115.17516,36.109875
28557,28557,-115.17332,36.11567
28558,28706,-112.073425,33.447334
28559,28706,-3.195602,55.9491
28560,28706,-115.20959,36.12621
28561,28561,-115.17704,36.10762
28562,30769,-115.17457,36.10259
28563,30769,-115.22501,36.127296
28564,28706,-115.1546,36.11997
28565,28706,-115.24239,36.0542
28566,28706,-115.20744,35.996895
28567,28706,-115.17407,36.12125
28568,28706,-115.172554,36.111877
28569,30557,-115.21232,36.12605
28570,28706,-115.177,36.11199
28571,28706,-73.574394,45.52221
28572,28572,-115.17028,36.12229
28573,28706,-115.16996,36.10984
28574,28574,-115.167755,36.123978
28575,30769,-80.84842,35.224426
28576,28706,-115.17516,36.109875
28577,30769,-111.89673,33.676765
28578,28706,-115.17305,36.118965
28579,28579,-115.17704,36.10762
28580,28580,-115.1684,36.124554
28581,28706,-115.17089,36.11006
28582,30557,-115.30206,36.10069
28583,30769,-115.17462,36.11694
28584,28706,-115.17259,36.112953
28585,30769,-115.20942,36.12682
28586,28706,-115.17684,36.06878
28587,28706,-73.61605,45.536392
28588,28706,-115.17259,36.112953
28589,28706,-115.241516,36.064106
28590,30769,-73.60781,45.470284
28591,28706,-115.24373,36.08461
28592,28592,-73.553795,45.500034
28593,28706,-115.17332,36.11567
28594,28594,-115.242714,36.036674
28595,28595,-115.29494,36.144653
28596,28596,-115.17259,36.112953
28597,28706,-80.69291,35.082596
28598,28598,-115.33299,36.16123
28599,28599,-115.17322,36.109215
28600,28706,-115.2792,36.025677
28601,28706,-115.17516,36.109875
28602,28602,-115.26749,36.02092
28603,28603,-115.17111,35.96575
28604,28604,-115.17501,36.117245
28605,30557,-115.17457,36.11622
28606,28606,-115.17278,36.11766
28607,28607,-115.16821,36.127586
28608,28706,-115.16559,36.12689
28609,30769,-115.168106,36.103798
28610,30557,-115.140305,36.168964
28611,28611,-115.20995,36.12662
28612,28706,-115.17808,36.060097
28613,28706,-115.04797,36.025887
28614,28706,-115.17234,36.10353
28615,28706,-115.1768,36.090183
28616,30769,-115.01003,36.272373
28617,28617,-115.28257,36.198036
28618,30557,-115.16578,36.128788
28619,28706,-115.17767,36.10741
28620,30769,-115.15716,36.114746
28621,30769,-115.17259,36.112953
28622,28622,-115.28992,36.160503
28623,28623,-115.33334,36.16098
28624,28706,-115.17234,36.055244
28625,28706,-115.29939,36.145184
28626,28706,-115.17128,36.11289
28627,28706,-115.17155,36.05243
28628,28706,-115.17229,36.115147
28629,28706,-115.17661,36.095356
28630,28630,-115.17259,36.112953
28631,30557,-115.1775,36.112507
28632,28632,-115.174644,36.109913
28633,28706,-115.20695,35.99532
28634,30557,-115.17271,36.1095
28635,28706,-115.169754,36.102917
28636,28636,-115.175064,36.107677
28637,28706,-115.16442,36.06009
28638,28706,-115.17041,36.110847
28639,28706,-115.29874,36.06994
28640,28706,-115.175804,36.09531
28641,28641,-115.17669,36.117455
28642,28642,-115.33314,36.156986
28643,28643,-115.17259,36.112953
28644,28706,-115.17345,36.10306
28645,28706,-115.17259,36.112953
28646,30769,-115.117836,36.028442
28647,28706,-115.29806,36.07596
28648,28706,-115.2072,36.271782
28649,28706,-115.15387,36.110085
28650,30769,-115.16956,36.05396
28651,28706,-73.57782,45.516148
28652,28652,-115.152756,36.04253
28653,28706,-115.17259,36.099777
28654,28654,-115.17332,36.11567
28655,30557,-115.20142,36.12633
28656,28656,-115.22587,36.055244
28657,28706,-115.173874,36.109753
28658,28706,-115.15389,36.156593
28659,28706,-115.17205,36.11012
28660,28706,-115.1563,36.142338
28661,28706,-115.163124,36.133614
28662,28706,-115.13441,36.166664
28663,28706,-115.17282,36.161526
28664,28664,-115.172455,36.111073
28665,28706,-115.298294,36.077114
28666,30557,-115.17556,36.098907
28667,28706,-115.08588,36.02942
28668,28668,-115.27856,36.058853
28669,28669,-115.334816,36.155132
28670,30769,-115.163124,36.133614
28671,30557,-115.17234,36.11635
28672,30557,-115.17124,36.11788
28673,30769,-115.20755,36.143238
28674,28706,-115.17089,36.114025
28675,28675,-115.21632,36.143684
28676,30769,-3.195602,55.9491
28677,28706,-3.2408066,55.942234
28678,28706,-115.186584,36.115482
28679,28679,-115.17688,36.111946
28680,28680,-114.93013,36.10203
28681,30769,-115.18219,36.10132
28682,28706,-115.175385,36.093647
28683,28706,-115.177666,36.107014
28684,30769,-115.17661,36.097107
28685,30769,-115.180016,36.14181
28686,30769,-3.1921299,55.94767
28687,28706,-115.20964,36.12702
28688,28688,-115.14568,36.125534
28689,28706,-115.15152,36.10749
28690,28706,-115.176315,36.109913
28691,30769,-115.200645,36.115417
28692,30769,-115.17223,36.067635
28693,30769,-115.176315,36.109913
28694,28694,-115.17354,36.109516
28695,30557,-115.175804,36.09531
28696,30769,-115.180016,36.14181
28697,28706,-115.17849,36.10924
28698,28706,-115.17274,36.11424
28699,28706,-115.15475,36.12697
28700,28706,-115.2858,36.158028
28701,28706,-115.1149,36.151794
28702,30769,-115.17556,36.091885
28703,28706,-115.17332,36.11567
28704,30769,-115.154015,36.12784
28705,28706,-115.16923,36.102325
28706,28706,-115.170906,36.103455
28707,28706,-115.177444,36.11319
28708,28708,-115.23995,36.14467
28709,28706,-115.173706,36.107292
28710,28706,-115.15716,36.114746
28711,30769,-115.17516,36.109875
28712,30769,-73.57314,45.517372
28713,28706,-112.07093,33.640205
28714,30769,-115.16587,36.126877
28715,28706,-115.17127,36.11288
28716,30769,-115.167725,36.103397
28717,28717,-115.10035,35.99595
28718,28718,-73.57754,45.516373
28719,28719,-115.173706,36.107292
28720,30769,-115.15448,36.11884
28721,28706,-115.176315,36.109913
28722,28706,-115.24127,36.084476
28723,28706,-115.20638,36.006573
28724,28706,-115.16845,36.123913
28725,28725,-115.16849,35.96477
28726,30769,-115.16899,36.124603
28727,28727,-115.17234,36.110107
28728,28706,-115.15387,36.110085
28729,28706,-115.33513,36.15711
28730,28706,-115.17345,36.10306
28731,28706,-115.087364,36.029713
28732,28732,-115.33276,36.15119
28733,28706,-115.17124,36.11788
28734,28706,-115.30664,36.188248
28735,28735,-115.28142,36.053978
28736,28706,-115.180565,36.14486
28737,28706,-115.136406,36.106606
28738,30769,-73.55188,45.508717
28739,30769,-115.17632,36.113846
28740,28706,-115.16592,36.127518
28741,30769,-115.3115,36.158897
28742,28742,-115.16923,36.121773
28743,30769,-73.57922,45.493843
28744,30769,-73.57754,45.516373
28745,30769,-115.172455,36.12073
28746,28706,-115.17028,36.12229
28747,28706,-115.17849,36.10924
28748,30769,-115.16744,36.127686
28749,30557,-115.16879,36.122967
28750,30769,-115.17501,36.117245
28751,28706,-111.99421,33.434666
28752,30557,-115.16769,36.10302
28753,28706,-115.16858,36.123478
28754,28754,-115.299904,36.115845
28755,30769,-115.27639,36.129875
28756,28756,-115.17618,36.115856
28757,30769,-115.16752,36.122643
28758,28706,-115.1873,36.11812
28759,28759,-115.20635,35.995155
28760,28760,-112.073425,33.447334
28761,28761,-115.17028,36.12229
28762,28706,-111.926445,33.490032
28763,30769,-115.209656,36.127045
28764,28706,-115.17229,36.115147
28765,30769,-115.17028,36.12229
28766,30557,-115.16587,36.126877
28767,30769,-115.17028,36.12229
28768,28706,-115.224075,36.12743
28769,28706,-115.186485,36.1187
28770,28706,-115.17028,36.12229
28771,30769,-115.17096,36.112534
28772,28706,-111.93007,33.378265
28773,30557,-115.15323,36.042797
28774,28706,-115.11698,36.009254
28775,28706,-115.17698,36.107407
28776,30557,-115.17618,36.115856
28777,28706,-115.207245,36.124905
28778,28706,-115.14007,36.167534
28779,29068,-115.17698,36.111977
28780,28780,-115.091934,36.02
28781,28781,-115.16876,36.12438
28782,28782,-111.92492,33.62348
28783,28783,-115.33387,36.152832
28784,28784,-115.179085,36.11224
28785,28785,-115.17661,36.097107
28786,28706,-111.72392,33.32106
28787,30769,-115.17457,36.11622
28788,28706,-115.17054,36.10259
28789,28706,-115.15261,36.151554
28790,30769,-115.11874,36.084557
28791,28706,-115.17264,36.11758
28792,28706,-115.17526,36.113125
28793,28706,-115.17374,36.10743
28794,28706,-115.175285,36.06618
28795,28706,-115.22587,36.055244
28796,28706,-115.18163,36.075855
28797,30769,-115.13902,36.088516
28798,28706,-115.17264,36.11758
28799,28706,-115.17278,36.11766
28800,28800,-115.17818,36.10713
28801,30769,-115.14335,36.171127
28802,30769,-111.84253,33.303234
28803,28706,-115.15259,36.108295
28804,30557,-115.11793,36.018227
28805,28706,-115.17704,36.10762
28806,28706,-115.168144,36.110283
28807,28706,-115.11757,36.10067
28808,28808,-111.78948,33.37299
28809,28809,-111.92697,33.462616
28810,28706,-115.1765,36.10758
28811,28706,-73.59412,45.52164
28812,30769,-115.17127,36.11288
28813,30557,-115.1677,36.125965
28814,30557,-73.6258,45.52471
28815,30769,-115.16907,36.124435
28816,28706,-115.17075,36.101788
28817,28817,-73.57556,45.546997
28818,28818,-115.17767,36.10741
28819,30769,-89.38354,43.07628
28820,28706,-115.16456,36.131496
28821,30557,-115.167755,36.123943
28822,28706,-115.209656,36.126728
28823,30769,-115.18713,36.10689
28824,28706,-115.17315,36.10988
28825,28825,-115.15531,36.11022
28826,30557,-115.17698,36.107407
28827,30769,-115.1746,36.116764
28828,30769,-115.17179,36.1112
28829,28706,-80.84446,35.202034
28830,30769,-115.17462,36.11694
28831,28831,-115.17818,36.106815
28832,30557,-115.172295,36.127068
28833,28706,-115.17787,36.11706
28834,30769,-115.17767,36.10741
28835,28706,-115.17128,36.11289
28836,28706,-115.19233,36.12587
28837,28706,-115.15152,36.10749
28838,28838,-115.15152,36.10749
28839,30769,-115.15152,36.10749
28840,28706,-115.19242,36.12601
28841,28706,-73.59317,45.52248
28842,30769,-115.19479,36.114464
28843,28706,-115.117096,36.016495
28844,28706,-115.17712,36.13198
28845,28706,-115.17516,36.091866
28846,28706,-115.15152,36.10749
28847,30557,-115.132935,36.16576
28848,28848,-115.33272,36.14874
28849,28706,-111.921684,33.582222
28850,28850,-112.2539,33.652645
28851,28706,-112.07127,33.508995
28852,30769,-112.17426,33.63955
28853,28706,-111.99478,33.626686
28854,28854,-112.10023,33.626423
28855,28706,-112.06899,33.45917
28856,30557,-115.1978,36.1269
28857,28706,-112.18537,33.610764
28858,28858,-112.34503,33.463116
28859,28859,-115.175865,36.092865
28860,30557,-115.17395,36.11303
28861,28706,-115.207664,36.13174
28862,28862,-115.172554,36.10907
28863,30769,-115.19447,36.126015
28864,28864,-115.17167,36.11025
28865,28865,-115.22349,36.125526
28866,28706,-115.17516,36.109875
28867,30769,-115.167404,36.126812
28868,28706,-115.17516,36.109875
28869,28869,-115.172424,36.124573
28870,28870,-115.163155,36.118034
28871,28871,-115.17419,36.1212
28872,28872,-115.157875,36.142757
28873,28873,-115.13717,36.082092
28874,28706,-115.17262,36.12956
28875,28875,-115.177,36.11199
28876,30557,-115.17641,36.11316
28877,28706,-115.18657,36.118774
28878,30557,-73.54972,45.55963
28879,28706,-115.16296,36.12714
28880,30769,-115.334816,36.15839
28881,28881,-115.17457,36.11622
28882,28706,-115.17167,36.11025
28883,28706,-115.17457,36.11622
28884,28884,-115.17278,36.0908
28885,28706,-115.17113,36.12856
28886,28886,-115.30114,36.09934
28887,30557,-115.14141,36.172146
28888,28706,-115.17493,36.10478
28889,28706,-115.1752,36.091843
28890,28706,-115.22455,36.238483
28891,28706,-115.10561,36.00054
28892,28892,-115.17286,36.127224
28893,28893,-115.17167,36.11025
28894,28706,-115.17167,36.11025
28895,28895,-115.1725,36.110065
28896,30769,-115.167,36.12617
28897,30557,-115.17178,36.115025
28898,28898,-115.17028,36.12433
28899,28706,-115.153564,36.157665
28900,28706,-115.13988,36.1688
28901,28706,-115.17028,36.12433
28902,28902,-115.072075,36.07385
28903,28706,-89.49478,43.104088
28904,28706,-115.17089,36.114025
28905,28706,-115.17516,36.109875
28906,28706,-115.17647,36.14513
28907,28706,-115.16296,36.12714
28908,28706,-115.173874,36.10978
28909,28706,-115.17223,36.105675
28910,28706,-115.17516,36.109875
28911,28706,-115.13122,36.19326
28912,28706,-115.17203,36.11494
28913,30557,-115.15951,36.113438
28914,28706,-115.17405,36.109875
28915,30557,-115.17669,36.117455
28916,30769,-115.176704,36.09028
28917,28917,-115.280426,36.056282
28918,28706,-115.16591,36.127495
28919,28919,-115.1768,36.090183
28920,28706,-111.997826,33.43523
28921,28706,-115.177,36.11199
28922,28922,-115.17389,36.109882
28923,28923,-112.029564,33.516068
28924,28924,-115.18609,36.27883
28925,28706,-115.175026,36.121967
28926,28706,-115.293,36.160576
28927,28706,-115.12652,36.15846
28928,28706,-115.17712,36.13198
28929,28929,-115.17141,36.11752
28930,28930,-115.188286,36.145744
28931,28931,-115.29987,36.147263
28932,28932,-115.30617,36.113316
28933,28706,-115.18219,36.10132
28934,28934,-115.141884,36.16918
28935,28706,-115.20955,36.12644
28936,28706,-115.17124,36.11788
28937,28937,-115.28773,36.290314
28938,28938,-115.2001,36.10189
28939,30769,-115.19534,36.114998
28940,28940,-115.19534,36.114998
28941,30769,-115.16671,36.126022
28942,28942,-115.173515,36.103
28943,28706,-115.179085,36.11224
28944,30769,-115.177666,36.107014
28945,28706,-115.13894,36.16672
28946,28706,-73.560776,45.507214
28947,28706,-115.1765,36.10758
28948,28706,-111.95493,33.407665
28949,30769,-115.16296,36.12714
28950,28706,-115.16855,36.120895
28951,28706,-115.22587,36.055244
28952,28706,-115.175865,36.092865
28953,30557,-115.169754,36.102917
28954,28954,-115.24262,36.195274
28955,28706,-115.170906,36.103455
28956,28956,-115.171165,36.117874
28957,28706,-115.05501,36.015766
28958,28706,-115.26203,36.070213
28959,30769,-115.1736,36.101585
28960,28706,-115.17692,36.106655
28961,28706,-115.17124,36.11788
28962,28706,-115.203186,36.09046
28963,30557,-80.84693,35.22586
28964,28706,-115.175865,36.092865
28965,28965,-115.174324,36.067642
28966,28706,-115.086464,36.02119
28967,30769,-115.17693,36.068497
28968,28706,-115.17737,36.107616
28969,28969,-115.2072,36.271782
28970,28970,-115.08998,36.020554
28971,30769,-115.2833,36.05521
28972,30769,-115.17333,36.119556
28973,28973,-115.16866,36.117542
28974,28706,-115.17086,36.10993
28975,28975,-115.17688,36.111946
28976,30769,-115.17516,36.109875
28977,28706,-73.57754,45.516373
28978,28706,-115.16559,36.12689
28979,28979,-115.20227,36.10571
28980,30769,-115.17669,36.117455
28981,28706,-115.16997,36.11293
28982,28706,-115.1613,36.138298
28983,28983,-115.24262,36.195274
28984,28706,-115.157875,36.142757
28985,28706,-115.17012,36.122276
28986,28706,-111.98597,33.44858
28987,28706,-115.17345,36.10306
28988,30769,-115.16961,36.121452
28989,30769,-115.1953,36.082497
28990,28706,-115.277664,36.02164
28991,28991,-115.201416,36.14358
28992,28992,-115.17841,36.06958
28993,28706,-115.17815,36.06713
28994,28994,-111.70818,33.58793
28995,28706,-111.96727,33.34659
28996,28996,-111.87436,33.336075
28997,28997,-111.85944,33.260887
28998,28998,-111.921684,33.582222
28999,28999,-111.91744,33.69869
29000,28706,-115.11793,36.018227
29001,28706,-115.08566,36.02736
29002,30769,-115.278175,36.041817
29003,30769,-115.16841,36.12458
29004,28706,-115.17516,36.109875
29005,28706,-115.167404,36.126812
29006,28706,-115.167015,36.126884
29007,28706,-115.15734,36.14359
29008,28706,-115.177086,36.106762
29009,29009,-115.18291,35.972897
29010,29010,-115.17278,36.11766
29011,28706,-89.266815,43.16455
29012,30769,-115.17375,36.103863
29013,29013,-115.17457,36.11622
29014,30769,-115.22438,36.048576
29015,29015,-115.09974,35.995144
29016,28706,-115.173874,36.10978
29017,28706,-115.17704,36.10762
29018,30769,-111.96407,33.67421
29019,30557,-115.176704,36.09028
29020,28706,-112.357574,33.45569
29021,29021,-111.686104,33.38569
29022,29022,-111.94858,33.832657
29023,30557,-115.209656,36.126728
29024,30557,-115.17669,36.117455
29025,28706,-111.92727,33.49783
29026,28706,-80.838165,35.23109
29027,29027,-112.0144,33.510056
29028,28706,-112.04641,33.509434
29029,28706,-112.045784,33.507767
29030,28706,-111.82268,33.322666
29031,28706,-111.84763,33.378475
29032,28706,-111.91182,33.322376
29033,29033,-111.859726,33.339962
29034,28706,-111.790115,33.356728
29035,28706,-111.92575,33.479183
29036,28706,-111.92555,33.564976
29037,28706,-111.85926,33.31953
29038,28706,-111.95149,33.42273
29039,29039,-111.97867,33.667458
29040,28706,-112.08711,33.45496
29041,28706,-112.01691,33.448673
29042,28706,-112.00845,33.581757
29043,28706,-112.112274,33.71109
29044,29044,-112.07308,33.56747
29045,28706,-111.92328,33.676228
29046,29046,-115.17582,36.09558
29047,28706,-111.92727,33.49783
29048,28706,-115.107544,36.00268
29049,28706,-115.17086,36.10993
29050,28706,-111.92555,33.564976
29051,28706,-111.63531,33.362576
29052,30769,-115.13988,36.1688
29053,29053,-111.78968,33.361633
29054,28706,-115.17535,36.070137
29055,30769,-115.17582,36.11773
29056,29056,-115.17737,36.107616
29057,29057,-115.22638,36.1432
29058,30769,-115.17618,36.115856
29059,29059,-115.21351,36.12623
29060,29060,-115.2811,36.114468
29061,30769,-115.18982,36.143955
29062,28778,-115.13056,36.10134
29063,28706,-115.30615,36.114666
29064,29064,-115.17457,36.127308
29065,29065,-115.16901,35.965446
29066,28706,-115.1715,36.127525
29067,28706,-115.157875,36.142757
29068,28706,-115.17234,36.110107
29069,30769,-115.19559,36.114346
29070,28706,-80.94256,35.22035
29071,28706,-115.17704,36.10762
29072,28706,-115.17306,36.091965
29073,28706,-111.994545,33.43402
29074,28706,-115.16631,36.12757
29075,28706,-115.16961,36.121452
29076,28706,-115.22496,36.069824
29077,30769,-115.17704,36.10762
29078,28706,-112.02769,33.510315
29079,30769,-115.17421,36.106213
29080,29080,-115.17577,36.011356
29081,28706,-115.17818,36.106815
29082,30557,-111.899635,33.554825
29083,29083,-115.17632,36.113846
29084,28706,-115.172424,36.101204
29085,28706,-79.99644,40.44395
29086,30769,-3.1878982,55.94926
29087,28706,-115.17337,36.104424
29088,30769,-73.556335,45.501198
29089,29089,-115.16559,36.12689
29090,28706,-111.94413,33.402504
29091,29091,-115.33321,36.152905
29092,29092,-115.16923,36.102325
29093,29093,-115.22447,36.047886
29094,29094,-115.16559,36.12689
29095,29095,-115.17767,36.10741
29096,28706,-89.39035,43.07438
29097,28706,-115.15387,36.110085
29098,30769,-115.19826,36.11444
29099,28706,-115.177,36.11199
29100,30557,-73.57518,45.483097
29101,29101,-115.22587,36.055244
29102,28706,-111.8871,33.547974
29103,29103,-111.84248,33.246338
29104,28706,-80.843094,35.22526
29105,29105,-111.883736,33.583702
29106,28706,-115.16456,36.131496
29107,29107,-115.153595,36.011986
29108,28706,-115.27994,36.052994
29109,28706,-115.2431,36.124302
29110,28706,-115.273125,36.06686
29111,30769,-73.57553,45.515884
29112,28706,-80.94419,35.007748
29113,28706,-115.15254,36.151268
29114,30769,-115.15323,36.042797
29115,28706,-115.132225,36.101387
29116,30769,-115.33896,36.151318
29117,28706,-115.24374,36.047146
29118,29118,-115.20312,36.27793
29119,29119,-115.24186,36.062195
29120,28706,-79.913895,40.45003
29121,28706,-115.26921,36.159355
29122,29122,-115.174416,36.127724
29123,29123,-115.170616,36.124756
29124,29124,-115.18939,36.11789
29125,28706,-111.92555,33.564976
29126,28706,-111.9759,33.495018
29127,30769,-111.99565,33.502758
29128,29128,-111.757416,33.30427
29129,28706,-112.06096,33.50953
29130,28706,-115.117744,36.010067
29131,29131,-111.97461,33.678616
29132,28706,-112.06877,33.485413
29133,28706,-115.14255,36.142525
29134,29134,-115.16591,36.127495
29135,29135,-112.07551,33.449596
29136,28706,-111.945366,33.8322
29137,28706,-73.56035,45.50724
29138,29138,-115.1694,35.96543
29139,29139,-115.16348,36.113026
29140,28706,-111.68451,33.285202
29141,28706,-115.28929,36.16367
29142,28706,-115.15261,36.151554
29143,29143,-80.956856,35.119568
29144,29144,-80.85239,35.053368
29145,29145,-80.86115,35.209026
29146,29146,-80.81337,35.220215
29147,29147,-88.20865,40.111958
29148,28706,-112.14236,33.713364
29149,30769,-115.15505,36.13074
29150,28706,-115.15531,36.11022
29151,28706,-115.16269,36.144295
29152,29152,-111.864815,33.611557
29153,28706,-115.11822,36.01443
29154,28706,-115.16845,36.123913
29155,29155,-115.17106,36.12008
29156,28706,-115.18657,36.118774
29157,28620,-115.17124,36.11788
29158,30557,-115.17538,36.09194
29159,30769,-115.145004,36.173058
29160,30769,-115.17054,36.10259
29161,29161,-115.17534,36.11709
29162,29162,-115.27121,36.31771
29163,29163,-111.74079,33.377853
29164,28706,-115.28788,36.055676
29165,29165,-115.16841,36.113533
29166,28706,-115.27994,36.052994
29167,28706,-115.14064,36.167877
29168,29168,-111.92582,33.497734
29169,29169,-115.12092,36.240192
29170,28706,-115.17054,36.10259
29171,28706,-111.92632,33.494377
29172,29172,-115.29494,36.144653
29173,28706,-115.334236,36.145416
29174,28706,-115.27846,36.134956
29175,28706,-115.31464,36.10061
29176,28706,-115.14624,36.171215
29177,29177,-115.08639,36.0206
29178,28706,-115.11793,36.01752
29179,29179,-115.190605,36.0418
29180,28706,-114.987305,36.036503
29181,28706,-115.29776,36.097992
29182,28706,-115.16915,36.054928
29183,29183,-111.59864,33.38231
29184,30769,-115.20942,36.142094
29185,28706,-115.1149,36.028095
29186,28706,-112.11054,33.64068
29187,30769,-112.25456,33.478016
29188,28706,-115.33314,36.156986
29189,29189,-112.36525,33.638256
29190,29190,-115.17753,36.10671
29191,28706,-115.29991,36.084564
29192,28706,-115.17407,36.121197
29193,28706,-115.112,36.10026
29194,28706,-115.168526,35.96478
29195,29195,-115.29987,36.147263
29196,30769,-115.30182,36.14495
29197,29197,-115.11793,36.01752
29198,29198,-115.17386,36.102005
29199,28706,-115.25988,36.203743
29200,28706,-115.2068,35.99513
29201,28706,-79.95085,40.450356
29202,28706,-79.98736,40.427223
29203,28706,-79.96413,40.46707
29204,29204,-79.95151,40.482456
29205,30557,-115.30882,36.183144
29206,29206,-111.929245,33.65774
29207,29207,-115.17332,36.11567
29208,28706,-112.111786,33.687145
29209,28706,-115.2435,36.072044
29210,28706,-115.3115,36.158897
29211,30557,-115.15295,36.107204
29212,28706,-115.13988,36.1688
29213,28706,-111.7232,33.232613
29214,28706,-111.97698,33.34888
29215,28706,-111.68856,33.38023
29216,28706,-111.8989,33.306488
29217,29217,-115.29743,36.089844
29218,30557,-115.148315,36.11412
29219,30769,-111.913055,33.36342
29220,28706,-111.99538,33.44852
29221,28706,-112.00008,33.495438
29222,29222,-112.07371,33.456326
29223,28706,-112.03788,33.509254
29224,30557,-115.334816,36.155132
29225,30769,-115.17051,36.108852
29226,28706,-115.11279,36.005222
29227,28706,-111.908585,33.39378
29228,28706,-115.175896,36.093586
29229,29229,-112.26963,33.464386
29230,29230,-112.261604,33.534298
29231,29231,-111.98229,33.599663
29232,29232,-111.890686,33.546608
29233,29233,-112.38717,33.63924
29234,30769,-112.03369,33.495106
29235,28706,-115.30121,36.099983
29236,28706,-115.280426,36.056282
29237,29237,-115.10639,36.004
29238,28706,-115.2991,36.145622
29239,29239,-115.325775,36.219326
29240,29240,-115.24349,36.05007
29241,29241,-115.20888,36.09506
29242,29242,-115.15271,36.108807
29243,28706,-115.33451,36.156906
29244,29244,-80.81206,35.241146
29245,29245,-80.82412,35.204514
29246,28706,-80.00111,40.443146
29247,30557,-79.97682,40.428272
29248,29248,-73.580894,45.4972
29249,30769,-115.17124,36.11788
29250,29250,-111.925064,33.61855
29251,29251,-111.87686,33.54105
29252,30769,-112.04751,33.52433
29253,28706,-115.2072,36.271782
29254,30557,-80.828545,35.15261
29255,28706,-80.8412,35.199818
29256,29256,-80.77077,35.052982
29257,30557,-73.56512,45.499573
29258,30557,-73.56715,45.50794
29259,28706,-115.29826,36.07897
29260,29260,-115.30206,36.10069
29261,28706,-115.11904,36.03436
29262,28706,-112.07397,33.513077
29263,29263,-112.0741,33.506855
29264,29264,-112.26989,33.553776
29265,28706,-112.35314,33.45399
29266,30769,-111.92492,33.62348
29267,28706,-112.51287,33.49592
29268,29268,-111.842354,33.302902
29269,29269,-111.92478,33.68526
29270,28706,-111.98907,33.59956
29271,28706,-115.24185,36.043034
29272,28706,-115.3158,36.29146
29273,28706,-115.28009,36.298874
29274,29274,-111.790085,33.35524
29275,28706,-115.17155,36.05199
29276,29276,-115.17457,36.11622
29277,29277,-115.11157,36.00645
29278,28706,-115.15301,36.01309
29279,28706,-115.26186,36.11331
29280,29280,-115.178,36.068428
29281,29281,-115.13595,36.105026
29282,29282,-115.15321,36.10895
29283,28706,-115.1873,36.11812
29284,29284,-111.875984,33.413902
29285,28706,-80.848076,35.22434
29286,28706,-112.170334,33.46561
29287,29287,-115.344696,36.169044
29288,29288,-115.33271,36.15179
29289,30769,-115.15141,36.136284
29290,29290,-115.17128,36.11289
29291,29291,-115.27752,36.144516
29292,28706,-115.332825,36.14505
29293,28706,-80.86122,35.21396
29294,28706,-89.40158,43.06768
29295,28706,-111.74355,33.307823
29296,28706,-111.78376,33.334938
29297,28706,-115.12816,36.100746
29298,29298,-115.26041,36.143772
29299,29299,-80.83967,35.228985
29300,28706,-112.037506,33.509693
29301,28706,-115.22434,36.062725
29302,29302,-112.27646,33.464348
29303,29303,-115.293,36.160576
29304,29304,-115.17337,36.104424
29305,28706,-111.90753,33.392403
29306,28706,-115.11797,36.01842
29307,28706,-115.18343,36.041916
29308,29308,-115.218285,36.126507
29309,30769,-115.23995,36.14467
29310,29310,-115.27777,36.130028
29311,28706,-115.22381,36.115894
29312,30769,-115.241516,36.064106
29313,28706,-115.13931,36.167286
29314,29314,-115.243866,36.086548
29315,29315,-115.17345,36.10306
29316,28706,-115.06262,36.02959
29317,28706,-115.09935,36.100647
29318,29318,-115.17556,36.098907
29319,30769,-115.242165,36.05671
29320,28706,-115.30517,36.114994
29321,28706,-115.33271,36.15179
29322,29322,-115.138504,36.117256
29323,28706,-115.17692,36.106655
29324,29324,-115.332,36.151814
29325,28706,-115.17155,36.05243
29326,29326,-115.24186,36.062195
29327,30557,-115.17155,36.05243
29328,28706,-115.14471,36.17297
29329,29329,-115.286644,36.277836
29330,28706,-115.20734,36.088776
29331,28706,-115.24136,36.0845
29332,29332,-115.16879,36.122967
29333,29333,-115.27944,36.123875
29334,28706,-115.16961,36.121456
29335,28706,-115.16961,36.121456
29336,28706,-111.92706,33.30481
29337,28706,-112.120384,33.66752
29338,30769,-111.7534,33.3807
29339,29339,-80.67065,35.28332
29340,29340,-111.83743,33.415432
29341,28706,-111.85407,33.39349
29342,29342,-111.842026,33.302025
29343,29343,-111.90133,33.297695
29344,29344,-80.8585,35.211533
29345,29345,-111.98837,33.495483
29346,29346,-111.92514,33.542786
29347,29347,-80.83798,35.227764
29348,28706,-115.17124,36.11788
29349,30557,-115.118416,36.025414
29350,29350,-115.11793,36.01752
29351,29351,-112.07405,33.44995
29352,28706,-115.219246,36.143974
29353,28706,-115.26674,36.272594
29354,28706,-115.2782,36.108463
29355,29355,-115.28672,36.167316
29356,28706,-115.2249,36.047733
29357,28706,-80.855446,35.215378
29358,28706,-115.17143,36.135014
29359,30769,-112.13424,33.625828
29360,30769,-115.15627,36.14684
29361,29361,-115.00147,36.271496
29362,29362,-115.19,36.23888
29363,29363,-115.17124,36.11788
29364,28706,-115.036026,36.061783
29365,28706,-115.115486,36.268105
29366,28706,-115.20719,36.277145
29367,28706,-115.2092,36.246758
29368,29368,-111.84258,33.299873
29369,28706,-115.04548,36.060318
29370,30557,-115.15254,36.151268
29371,30769,-112.06466,33.506046
29372,28706,-112.01427,33.530174
29373,28706,-3.196746,55.947525
29374,28706,-112.11092,33.71298
29375,29375,-112.09771,33.538204
29376,28706,-115.298256,36.09195
29377,28706,-115.22062,36.144825
29378,28706,-112.01291,33.39068
29379,28706,-115.176315,36.109913
29380,28706,-115.13609,36.116165
29381,28706,-115.11646,36.158314
29382,29382,-115.201775,36.126526
29383,30557,-73.59507,45.523026
29384,28706,-115.16442,36.06009
29385,29385,-115.209656,36.127045
29386,29386,-115.178215,36.068935
29387,30557,-111.92177,33.636818
29388,30769,-115.270836,36.115585
29389,28706,-115.21327,36.12656
29390,29390,-115.2916,36.053307
29391,29391,-115.25953,36.26515
29392,28706,-88.238914,40.110374
29393,28706,-111.90998,33.347878
29394,28706,-115.22455,36.238483
29395,30557,-115.278175,36.041817
29396,29396,-115.17262,36.118378
29397,28706,-115.17191,36.11496
29398,29398,-111.92563,33.49171
29399,28706,-112.358826,33.46646
29400,28706,-115.20749,35.999523
29401,28706,-111.724396,33.380516
29402,29402,-112.06599,33.4651
29403,28706,-115.04548,36.060318
29404,28706,-112.01307,33.610554
29405,28706,-111.92646,33.798073
29406,28706,-115.11617,36.00676
29407,29407,-73.580086,45.492973
29408,29408,-115.22465,36.12686
29409,28706,-115.15254,36.151268
29410,28706,-115.31723,36.158825
29411,28706,-115.28703,36.166676
29412,30557,-73.5923,45.474182
29413,29413,-115.17278,36.11766
29414,28706,-115.24401,36.04602
29415,29415,-115.0833,36.00489
29416,29416,-115.17815,36.06713
29417,30769,-115.22581,36.055252
29418,29418,-115.271904,36.2331
29419,29068,-115.13463,36.161926
29420,28706,-115.1197,36.012512
29421,28706,-115.10925,36.000908
29422,28706,-115.10866,36.001587
29423,28706,-115.0833,36.00489
29424,29424,-111.94039,33.421387
29425,28706,-115.22461,36.05132
29426,29426,-115.33267,36.151546
29427,28706,-115.271286,36.018726
29428,28706,-115.33278,36.150646
29429,28706,-115.24185,36.2022
29430,28706,-115.20635,35.995155
29431,29431,-112.15378,33.568226
29432,28706,-115.27777,36.130028
29433,30769,-115.17849,36.10924
29434,28706,-111.73315,33.36139
29435,28706,-115.16587,36.126877
29436,29436,-112.13459,33.595837
29437,29437,-115.25953,36.26515
29438,29438,-115.07337,36.21706
29439,28706,-115.23752,36.14488
29440,28706,-115.273125,36.06686
29441,29441,-115.28576,36.15842
29442,29442,-115.334816,36.155132
29443,28706,-115.173874,36.109753
29444,13375,-112.358765,33.507095
29445,28706,-112.42433,33.623653
29446,28706,-112.34056,33.467358
29447,28706,-112.24049,33.423298
29448,28706,-112.07358,33.442486
29449,28706,-115.173904,36.110092
29450,28706,-115.11736,36.014675
29451,28706,-111.85969,33.336014
29452,29452,-111.753044,33.392246
29453,28706,-111.74367,33.29674
29454,30769,-115.17177,36.11931
29455,28706,-115.17751,36.117035
29456,28706,-115.33278,36.150646
29457,28706,-115.15261,36.151554
29458,29458,-115.04165,36.05552
29459,28706,-115.28627,36.16728
29460,29460,-115.19005,35.983765
29461,29461,-115.11491,36.02818
29462,28706,-115.20964,36.12702
29463,28706,-115.11763,36.016068
29464,29464,-112.07409,33.4975
29465,28706,-115.24371,36.05824
29466,28706,-115.24287,36.044266
29467,30557,-115.260666,36.014347
29468,28706,-115.18163,36.075855
29469,28706,-115.17466,36.02949
29470,28706,-115.27634,36.054306
29471,28706,-115.243324,36.08245
29472,29472,-115.33553,36.14631
29473,29473,-80.8,35.219612
29474,29474,-115.29808,36.14341
29475,28706,-115.2811,36.114468
29476,28706,-115.27844,36.056824
29477,29477,-115.22455,36.238483
29478,30557,-3.1915388,55.950233
29479,28706,-111.93003,33.655685
29480,29480,-112.003174,33.49564
29481,28706,-112.073425,33.447334
29482,28706,-80.83798,35.227764
29483,29483,-115.28685,36.289684
29484,29484,-115.19242,36.12601
29485,29485,-115.334236,36.145416
29486,30769,-115.22456,36.128075
29487,29487,-111.906044,33.43245
29488,28706,-111.92796,33.49821
29489,14207,-112.14982,33.640068
29490,28706,-111.9276,33.498474
29491,28706,-111.77341,33.29329
29492,29492,-111.92737,33.50323
29493,28706,-111.92227,33.584015
29494,28706,-115.17647,36.14513
29495,28706,-115.274574,36.130314
29496,29496,-115.11869,36.01635
29497,29497,-115.26318,36.271908
29498,29498,-115.26318,36.271908
29499,29499,-115.178474,36.28633
29500,28706,-115.25791,36.264744
29501,28706,-115.20425,36.1586
29502,29502,-112.06483,33.477
29503,28706,-115.12155,36.04155
29504,30769,-115.15689,36.113342
29505,29505,-111.92656,33.485966
29506,29506,-115.29857,36.07719
29507,29507,-115.24356,36.071873
29508,28706,-115.27611,36.142998
29509,28706,-111.924065,33.5797
29510,29510,-115.110466,36.071354
29511,29511,-115.0452,36.063137
29512,28706,-115.298256,36.09195
29513,30557,-115.33896,36.151318
29514,28706,-115.241554,36.064533
29515,28706,-115.1795,36.286583
29516,29516,-115.07823,36.159264
29517,29517,-115.28702,36.291435
29518,30769,-115.31464,36.10061
29519,29519,-115.244095,36.0458
29520,28706,-115.175064,36.107677
29521,28706,-80.94421,35.223606
29522,29522,-115.27956,36.053383
29523,29523,-115.047195,36.05532
29524,30769,-115.20695,35.99532
29525,29525,-115.27746,36.056244
29526,28706,-111.910614,33.34853
29527,30769,-115.13637,36.108074
29528,28706,-115.2682,36.207485
29529,28706,-115.20641,36.17994
29530,29530,-115.175644,36.098877
29531,28706,-115.17869,36.06815
29532,28706,-111.7534,33.3807
29533,29533,-111.92477,33.626637
29534,28706,-112.07358,33.442486
29535,28706,-111.995705,33.63991
29536,28706,-115.12652,36.15846
29537,30769,-115.298294,36.077114
29538,28706,-112.23503,33.635353
29539,28706,-111.88762,33.630013
29540,28706,-112.126114,33.47456
29541,28706,-112.273315,33.708637
29542,29542,-115.244095,36.0458
29543,28706,-115.11712,36.01646
29544,29544,-112.073875,33.446995
29545,28706,-115.12116,36.071136
29546,29546,-115.30971,36.11463
29547,29547,-80.00207,40.442333
29548,29548,-111.791626,33.235634
29549,29549,-111.9864,33.5107
29550,28706,-115.20942,36.142094
29551,28706,-112.047295,33.47714
29552,28706,-115.21156,36.125397
29553,29553,-115.17223,36.06783
29554,28706,-115.22625,36.086525
29555,28706,-115.11997,36.01099
29556,28706,-115.20685,36.11581
29557,29068,-115.24214,36.078087
29558,29558,-115.29823,36.095207
29559,28706,-115.24287,36.044266
29560,28706,-115.209656,36.126728
29561,29561,-115.33356,36.160988
29562,28706,-115.29646,36.101376
29563,29563,-115.22062,36.144825
29564,28706,-115.20631,36.12659
29565,28706,-115.27553,36.129856
29566,28706,-115.16242,36.131897
29567,28706,-115.209915,36.126427
29568,29568,-115.24406,36.085598
29569,29569,-112.37283,33.659653
29570,28706,-112.26056,33.534855
29571,29571,-111.66878,33.415794
29572,29572,-111.78977,33.356873
29573,29573,-115.134926,36.01411
29574,28706,-115.17147,36.01488
29575,28706,-111.81804,33.415565
29576,28706,-80.00261,40.441135
29577,28706,-115.17864,36.287773
29578,29578,-115.116295,36.240383
29579,28706,-115.17091,36.123592
29580,29580,-80.944016,35.220257
29581,28706,-115.16842,36.124947
29582,28706,-115.13463,36.161926
29583,28706,-115.08448,36.027493
29584,28706,-115.26658,36.271408
29585,29585,-112.07232,33.457657
29586,28706,-111.875786,33.36281
29587,28706,-111.9309,33.58303
29588,28706,-115.241035,36.126793
29589,30769,-115.16296,36.12714
29590,29590,-115.15396,36.157898
29591,29591,-115.20719,36.277145
29592,29592,-115.14614,36.167233
29593,29593,-111.79096,33.340397
29594,28706,-115.174644,36.109913
29595,29595,-115.180016,36.14181
29596,28706,-115.17435,36.113964
29597,28706,-111.790115,33.356728
29598,28706,-111.90261,33.305233
29599,28706,-111.860214,33.274822
29600,29600,-111.700874,33.452168
29601,29601,-111.757416,33.30427
29602,28706,-115.24119,36.14525
29603,28706,-115.046844,36.05945
29604,30557,-115.04604,36.040398
29605,28706,-115.24185,36.043034
29606,28706,-115.33198,36.151814
29607,28706,-111.688446,33.452293
29608,28706,-111.92405,33.581863
29609,28706,-115.332,36.151814
29610,28706,-111.6387,33.255863
29611,28706,-115.243004,36.098354
29612,29612,-111.87448,33.383255
29613,29613,-111.88846,33.70003
29614,28706,-115.19242,36.12601
29615,28706,-112.0037,33.49516
29616,29616,-115.20741,36.123623
29617,30769,-115.306274,36.115807
29618,28706,-115.22412,36.127884
29619,28706,-111.84483,33.33605
29620,28706,-115.17618,36.115856
29621,30557,-115.242935,36.044125
29622,29622,-115.332954,36.163654
29623,29623,-112.18759,33.66274
29624,29624,-111.92478,33.68526
29625,29625,-111.92514,33.542786
29626,28706,-115.26048,36.17591
29627,28706,-112.3413,33.448105
29628,29628,-112.06518,33.57531
29629,28706,-112.3619,33.63822
29630,29630,-111.714134,33.320774
29631,29631,-111.74323,33.30842
29632,28706,-115.174355,36.109806
29633,30557,-115.27375,36.12364
29634,30557,-115.17229,36.115147
29635,29635,-115.16907,36.124435
29636,28706,-111.96592,33.318157
29637,29637,-112.11067,33.640343
29638,28706,-112.06466,33.506046
29639,28706,-111.927246,33.4892
29640,28706,-111.91262,33.362465
29641,28706,-111.92755,33.585636
29642,29642,-112.04589,33.39334
29643,30769,-115.298485,36.078434
29644,28706,-115.22227,36.099506
29645,29645,-115.1401,36.169327
29646,28706,-115.29683,36.095818
29647,28706,-115.17647,36.14513
29648,28706,-115.28009,36.298874
29649,28706,-115.33276,36.15119
29650,28706,-115.15323,36.042797
29651,28706,-115.138664,36.10018
29652,29652,-112.10967,33.710716
29653,29653,-112.36578,33.486824
29654,28706,-111.743256,33.29952
29655,29655,-111.78979,33.357132
29656,28706,-112.3934,33.41195
29657,28706,-111.92562,33.491955
29658,28706,-111.940285,33.4239
29659,29659,-111.92481,33.421085
29660,28706,-111.92612,33.532578
29661,28706,-111.97852,33.583923
29662,29662,-111.95804,33.342365
29663,28706,-111.85414,33.40779
29664,28706,-112.072014,33.455708
29665,28706,-115.17786,36.117294
29666,28706,-111.84066,33.290638
29667,29667,-112.22069,33.5948
29668,29668,-111.74313,33.301888
29669,28706,-111.922424,33.637104
29670,28706,-111.89477,33.627304
29671,28706,-111.92019,33.466217
29672,30769,-112.10129,33.678238
29673,29673,-112.02769,33.510315
29674,28706,-111.925575,33.564854
29675,28706,-111.90383,33.433975
29676,29676,-112.19603,33.63862
29677,30769,-111.90713,33.39263
29678,29678,-111.89673,33.676765
29679,29679,-112.06096,33.50953
29680,29680,-112.11173,33.71298
29681,29681,-111.79008,33.36018
29682,29682,-112.187,33.66167
29683,28706,-111.94718,33.30594
29684,28706,-112.35869,33.46381
29685,30557,-80.004234,40.44817
29686,29686,-111.790375,33.260693
29687,29687,-111.97244,33.68464
29688,28706,-111.721756,33.381763
29689,30769,-111.84169,33.3019
29690,29690,-111.743904,33.308655
29691,29691,-111.8693,33.435463
29692,28706,-111.90046,33.55521
29693,29693,-111.80579,33.319347
29694,29694,-111.92427,33.492287
29695,29695,-111.80274,33.384647
29696,29696,-112.12042,33.5694
29697,29697,-111.82165,33.372013
29698,29698,-111.91585,33.697605
29699,29699,-111.93095,33.492477
29700,28706,-111.97677,33.679085
29701,28706,-112.33277,33.491962
29702,28706,-112.26073,33.53095
29703,29703,-111.75418,33.385548
29704,28706,-111.937645,33.42535
29705,29705,-111.75855,33.307465
29706,29706,-112.13472,33.843456
29707,29707,-111.78893,33.3441
29708,29708,-112.05472,33.55273
29709,28706,-112.07291,33.44691
29710,28706,-111.9759,33.495018
29711,28706,-111.97909,33.584362
29712,29712,-111.97858,33.677853
29713,30769,-111.87599,33.413055
29714,29714,-111.88922,33.40888
29715,29715,-112.39205,33.60807
29716,28706,-111.75667,33.383705
29717,28706,-111.899635,33.554825
29718,30557,-111.78861,33.43749
29719,29719,-111.841156,33.31183
29720,29720,-111.97913,33.79848
29721,28706,-112.06516,33.519554
29722,29722,-111.821304,33.349445
29723,30769,-112.121895,33.670223
29724,28706,-112.06918,33.452717
29725,29725,-111.891785,33.623486
29726,28706,-111.743576,33.29659
29727,29727,-111.78973,33.354954
29728,28706,-111.72392,33.32106
29729,28706,-112.114784,33.715424
29730,28706,-112.06096,33.50953
29731,30557,-111.92686,33.585636
29732,28706,-111.9235,33.625095
29733,30557,-111.860565,33.364925
29734,28706,-115.19005,35.983765
29735,28706,-115.146866,36.14323
29736,28706,-115.047195,36.05532
29737,29737,-115.06262,36.02959
29738,28706,-115.15271,36.108807
29739,29739,-115.27897,36.1599
29740,28706,-115.19822,36.12595
29741,28706,-115.101685,35.997723
29742,28706,-115.11997,36.01099
29743,28706,-115.28703,36.166676
29744,28706,-112.152214,33.595585
29745,28706,-115.178215,36.068935
29746,29746,-115.17572,36.009
29747,28706,-115.04282,36.067123
29748,29748,-115.242165,36.05671
29749,29749,-115.29776,36.097992
29750,28706,-115.146866,36.14323
29751,28706,-115.24816,36.195286
29752,29752,-115.2796,36.05725
29753,28706,-115.190506,36.08786
29754,30769,-115.20635,35.995155
29755,30769,-115.323814,36.21844
29756,29756,-115.31602,36.291615
29757,28706,-115.26685,36.27136
29758,30769,-115.28703,36.166676
29759,30557,-115.25922,36.265022
29760,29760,-115.2317,36.23775
29761,29761,-115.17149,36.054756
29762,30769,-115.26749,36.020554
29763,29763,-115.24868,36.06216
29764,28706,-115.20701,35.9993
29765,28706,-115.24431,36.10102
29766,29766,-115.17647,36.14513
29767,29767,-115.11872,36.035313
29768,28706,-115.17217,36.108135
29769,28706,-115.22581,36.055252
29770,29770,-115.15716,36.114746
29771,28706,-111.89105,33.6271
29772,28706,-115.20998,36.126503
29773,29773,-115.333496,36.15076
29774,28706,-115.26186,36.11331
29775,29775,-115.29826,36.07897
29776,28706,-115.243546,36.064587
29777,29777,-115.22422,36.12766
29778,30769,-115.24314,36.036156
29779,29779,-115.2072,36.271782
29780,28706,-115.15323,36.042797
29781,29781,-115.177536,36.06837
29782,29782,-115.2411,36.114986
29783,28706,-115.253784,36.159004
29784,29784,-115.15797,36.158264
29785,28706,-115.24334,36.04716
29786,29786,-115.11741,36.261284
29787,29787,-115.17368,36.12316
29788,28706,-115.243546,36.064587
29789,28706,-115.15622,36.167824
29790,28706,-115.1721,36.160328
29791,30769,-115.25995,36.203197
29792,28706,-115.08955,36.02054
29793,28706,-115.110344,36.002796
29794,28706,-115.30979,36.114655
29795,28706,-115.20719,36.277145
29796,28706,-115.28788,36.055676
29797,28706,-115.2757,36.14452
29798,30769,-115.20848,36.083973
29799,29799,-115.24352,36.07097
29800,29800,-115.16965,36.121864
29801,29801,-115.27777,36.130028
29802,28706,-115.193,36.15938
29803,28706,-115.241516,36.064106
29804,29804,-115.25093,36.055206
29805,28706,-115.27785,36.135544
29806,29806,-115.22045,36.099846
29807,29807,-115.11687,36.072422
29808,28706,-115.29987,36.147263
29809,28706,-115.23011,36.143112
29810,29810,-115.24816,36.195286
29811,29811,-115.17911,36.285877
29812,28706,-115.17143,36.135014
29813,29813,-115.28217,36.302864
29814,30557,-73.55447,45.503544
29815,28706,-114.96007,36.01326
29816,29816,-115.33387,36.152832
29817,29817,-115.176315,36.109913
29818,28706,-115.27962,36.053238
29819,29819,-115.157875,36.142757
29820,29820,-115.33143,36.15486
29821,28706,-115.333496,36.15076
29822,28706,-115.06269,36.011925
29823,29823,-115.28553,36.166573
29824,28706,-115.171135,36.117336
29825,28706,-115.243546,36.064587
29826,29826,-115.152275,36.159077
29827,28706,-115.1068,36.071945
29828,28706,-115.200645,36.115417
29829,29829,-115.171715,36.015278
29830,29830,-115.30785,36.114677
29831,28706,-115.206345,35.994972
29832,29832,-115.271,36.019787
29833,28706,-115.19577,36.10505
29834,28706,-115.243546,36.04771
29835,28706,-115.30897,36.110428
29836,28706,-115.1727,36.109695
29837,28706,-115.244156,36.047306
29838,29838,-115.13463,36.161926
29839,28706,-115.17593,36.068153
29840,29840,-115.146866,36.14323
29841,28706,-115.267365,36.270584
29842,28706,-115.03997,36.040295
29843,29843,-114.9838,36.042046
29844,28706,-115.14157,36.1716
29845,29845,-115.33276,36.15119
29846,29846,-115.28559,36.16719
29847,29847,-115.33276,36.15119
29848,28706,-115.27939,36.30072
29849,28706,-115.14064,36.167877
29850,28706,-115.24428,36.173233
29851,28706,-115.27853,36.057846
29852,28706,-115.1986,36.038704
29853,28706,-115.11716,36.014626
29854,28706,-115.24299,36.077805
29855,28706,-115.298294,36.077114
29856,28706,-115.17869,36.06815
29857,28706,-115.17258,36.117775
29858,28706,-115.019066,36.052845
29859,28706,-115.25093,36.055206
29860,28706,-115.11793,36.01752
29861,29861,-115.24352,36.04153
29862,29862,-115.298615,36.115734
29863,29863,-115.17815,36.06713
29864,29864,-115.30759,36.114555
29865,28706,-115.21327,36.12656
29866,28706,-115.332,36.151814
29867,29867,-115.29656,36.0931
29868,28706,-115.29939,36.145184
29869,28706,-115.27777,36.130028
29870,28706,-115.30402,36.100548
29871,28706,-115.2087,36.043213
29872,29872,-115.30076,36.145542
29873,29873,-115.206345,35.994972
29874,29874,-115.10035,35.99595
29875,29875,-115.29818,36.077286
29876,30769,-115.24133,36.055412
29877,28706,-115.265915,36.263878
29878,29878,-115.270966,36.019173
29879,30769,-115.18921,36.09569
29880,28706,-115.04091,36.06197
29881,28706,-115.31481,36.121902
29882,29882,-115.29818,36.09476
29883,28706,-115.28992,36.160503
29884,29884,-115.17767,36.10741
29885,29885,-115.04282,36.067123
29886,28706,-115.08588,36.02942
29887,28706,-115.20964,36.12702
29888,28706,-115.22406,36.12772
29889,28706,-115.06262,36.02959
29890,29890,-111.92529,33.478733
29891,28706,-80.77914,35.095276
29892,30769,-115.15191,36.108463
29893,28706,-115.17407,36.121197
29894,28706,-115.22406,36.12772
29895,28706,-115.17229,36.115147
29896,30557,-115.17704,36.10762
29897,29897,-115.209816,36.14866
29898,30557,-73.56359,45.50472
29899,28706,-115.16269,36.144295
29900,28706,-115.167755,36.123978
29901,28706,-115.21351,36.12623
29902,29902,-115.16876,36.12438
29903,30769,-115.138435,36.167526
29904,29904,-115.11783,36.005405
29905,28706,-115.167755,36.123978
29906,28706,-115.31455,36.12843
29907,29907,-115.14996,36.057686
29908,29908,-115.17618,36.115856
29909,29909,-115.10846,36.130527
29910,29910,-79.97939,40.428425
29911,28706,-115.334236,36.145416
29912,29912,-115.30521,36.193584
29913,29913,-111.99492,33.50903
29914,30769,-115.25078,36.064754
29915,29915,-79.982285,40.453495
29916,28706,-111.75638,33.385082
29917,28706,-112.42459,33.622913
29918,28706,-111.78979,33.357132
29919,29919,-115.17153,36.054417
29920,28706,-115.209656,36.127045
29921,28706,-115.091156,36.070824
29922,28706,-115.24365,36.05732
29923,28706,-115.20564,36.279816
29924,30769,-115.174644,36.109913
29925,28706,-115.15097,36.085175
29926,28706,-111.8859,33.545685
29927,29927,-112.01183,33.509872
29928,28706,-115.177536,36.06837
29929,28706,-79.98155,40.452496
29930,28706,-79.99644,40.44395
29931,29931,-79.95682,40.441544
29932,29932,-80.84831,35.17095
29933,30769,-115.209915,36.126427
29934,29934,-115.332,36.151814
29935,30769,-115.267235,36.020664
29936,30769,-115.16965,36.121864
29937,30557,-115.15109,36.084923
29938,28706,-112.171936,33.638557
29939,30557,-115.17089,36.11006
29940,29940,-112.07096,33.437126
29941,28706,-115.271286,36.018726
29942,28706,-115.24239,36.0542
29943,28706,-115.26203,36.070213
29944,29944,-80.85695,35.11738
29945,29945,-112.36504,33.638195
29946,29946,-112.393776,33.62668
29947,29947,-111.9265,33.49973
29948,28706,-115.04282,36.067123
29949,29949,-111.56327,33.162548
29950,28706,-80.9373,35.305157
29951,29951,-80.84444,35.202644
29952,30769,-80.84123,35.199883
29953,29953,-80.81924,35.22178
29954,28706,-111.95077,33.407825
29955,28706,-115.24419,36.041836
29956,28706,-115.119514,36.016052
29957,28706,-115.15126,36.1089
29958,28706,-115.28655,36.28842
29959,28706,-115.13774,36.157787
29960,29960,-112.13459,33.595837
29961,28706,-115.209656,36.127045
29962,28706,-80.002556,40.442036
29963,28706,-79.920105,40.43814
29964,28706,-80.84012,35.15234
29965,29965,-112.10323,33.53835
29966,30769,-115.17019,36.123405
29967,28706,-115.13595,36.105026
29968,28706,-115.17177,36.11931
29969,29969,-115.28009,36.298874
29970,23817,-115.177086,36.106762
29971,28706,-112.06549,33.474407
29972,30557,-79.96906,40.42741
29973,29973,-115.17322,36.11784
29974,28706,-115.17322,36.11784
29975,28706,-115.24378,36.087482
29976,28706,-115.16963,36.117516
29977,29977,-115.33387,36.152832
29978,29978,-115.142006,36.17183
29979,28706,-79.93342,40.46478
29980,28706,-115.24271,36.219223
29981,28706,-115.27989,36.12319
29982,28706,-115.22456,36.128075
29983,30557,-115.17593,36.068153
29984,29984,-115.19726,36.17253
29985,29985,-115.158325,36.05773
29986,28706,-111.84121,33.30213
29987,29987,-111.92857,33.498913
29988,29988,-111.889626,33.56953
29989,30557,-115.311,36.113472
29990,29990,-115.17127,36.11288
29991,28706,-115.2782,36.108463
29992,29992,-111.9253,33.685688
29993,28706,-115.191826,36.144268
29994,28706,-115.1912,36.039337
29995,30557,-115.16714,36.126476
29996,28706,-115.33344,36.150024
29997,28706,-112.071556,33.45834
29998,28706,-80.77914,35.095276
29999,28706,-112.27275,33.46457
30000,30000,-115.289375,36.163605
30001,30001,-115.209755,36.06937
30002,30002,-115.26318,36.271908
30003,30003,-115.334236,36.145416
30004,30004,-115.17264,36.11758
30005,28706,-115.334236,36.145416
30006,30006,-111.84163,33.30198
30007,30007,-115.16466,36.13767
30008,28706,-115.28518,36.158504
30009,28706,-115.33513,36.15711
30010,28620,-115.30076,36.145542
30011,30769,-115.28099,36.100853
30012,28706,-115.18219,36.10132
30013,30769,-111.92351,33.4998
30014,28706,-112.013695,33.511284
30015,30015,-111.88934,33.696556
30016,30016,-115.27792,36.078094
30017,28706,-115.242935,36.044125
30018,30018,-115.152054,36.04286
30019,30019,-115.33271,36.15179
30020,28706,-80.756004,35.309097
30021,28706,-80.826164,35.213642
30022,28706,-115.17315,36.10988
30023,28706,-112.07275,33.447258
30024,30024,-111.82245,33.364494
30025,30025,-112.38717,33.63924
30026,30769,-115.13785,36.11614
30027,30027,-111.93972,33.42531
30028,30028,-80.857635,35.21252
30029,28706,-80.756004,35.309097
30030,30030,-111.78977,33.356873
30031,30031,-115.33278,36.150646
30032,28706,-80.69834,35.085304
30033,30033,-115.02606,36.044388
30034,30034,-112.072014,33.455708
30035,30035,-115.28257,36.198036
30036,28706,-115.233086,36.159576
30037,30037,-111.940346,33.425972
30038,30557,-115.20262,36.07275
30039,30039,-112.01307,33.610554
30040,28706,-80.83884,35.02681
30041,28706,-80.83482,35.055447
30042,30042,-115.117096,36.016495
30043,28706,-111.92604,33.41696
30044,28706,-115.28129,36.055817
30045,28706,-115.266525,36.272766
30046,30046,-115.15265,36.012516
30047,30047,-115.10142,36.08595
30048,28706,-115.04165,36.05552
30049,30049,-115.22431,36.049065
30050,28706,-111.99454,33.451653
30051,28706,-115.25014,36.24172
30052,30052,-111.583275,33.220783
30053,30053,-112.240456,33.581093
30054,28706,-115.17203,36.11494
30055,28706,-115.138504,36.117256
30056,28706,-115.109314,36.128593
30057,28706,-115.21327,36.12656
30058,30769,-115.22465,36.12686
30059,30059,-111.74355,33.307823
30060,30060,-112.04595,33.069283
30061,30061,-112.05806,33.550854
30062,28706,-111.9405,33.4272
30063,30063,-115.33279,36.148457
30064,30064,-111.9352,33.425014
30065,30065,-115.172424,36.101204
30066,30066,-111.98451,33.509106
30067,30067,-115.26186,36.11331
30068,30769,-115.29855,36.078938
30069,28706,-111.690445,33.379868
30070,28706,-115.22522,36.127533
30071,30071,-115.33354,36.148144
30072,30557,-73.56545,45.491974
30073,30557,-73.5612,45.50295
30074,29867,-115.273125,36.06686
30075,28706,-115.209915,36.126427
30076,28706,-115.20641,36.17994
30077,30077,-112.04788,33.525127
30078,28706,-115.111786,36.00694
30079,30079,-115.29442,36.116028
30080,30080,-112.358826,33.46646
30081,28706,-80.844475,35.070496
30082,30082,-80.855446,35.215378
30083,30083,-80.944695,35.12989
30084,30084,-80.81206,35.241146
30085,30085,-80.94015,35.13591
30086,28706,-80.803314,35.244617
30087,28706,-115.13774,36.157787
30088,28706,-111.75338,33.38142
30089,28706,-112.13394,33.86539
30090,28706,-80.828545,35.15261
30091,30091,-80.838196,35.22776
30092,30092,-80.65743,35.173798
30093,28706,-80.00207,40.442333
30094,28706,-115.253624,36.274426
30095,30095,-115.14096,36.16953
30096,28706,-115.15254,36.151268
30097,30097,-73.571304,45.502464
30098,30098,-73.56301,45.515015
30099,30557,-73.56538,45.514835
30100,30100,-73.750114,45.456585
30101,30557,-73.57578,45.50141
30102,30557,-73.57137,45.497894
30103,30557,-73.57782,45.49842
30104,30557,-73.57196,45.497314
30105,30557,-73.556984,45.560818
30106,30557,-73.56016,45.508232
30107,30107,-115.17113,36.12856
30108,30557,-73.56943,45.526386
30109,30557,-73.60093,45.523968
30110,30557,-73.5747,45.525303
30111,30557,-73.559555,45.507782
30112,30557,-73.59317,45.52248
30113,30557,-73.565056,45.515846
30114,30557,-73.556984,45.560818
30115,30557,-73.65183,45.495712
30116,30557,-73.5839,45.518883
30117,30557,-73.62345,45.496834
30118,30557,-73.55346,45.5
30119,30557,-73.56959,45.52214
30120,30557,-73.54972,45.55963
30121,30557,-73.56193,45.50209
30122,30557,-73.56818,45.503872
30123,30557,-73.6146,45.532803
30124,30557,-73.57707,45.49807
30125,30557,-73.571556,45.500553
30126,30557,-73.59479,45.5236
30127,30557,-73.57224,45.50105
30128,30557,-73.63747,45.59088
30129,30557,-73.59318,45.58211
30130,30130,-73.581276,45.52584
30131,28706,-73.57448,45.500698
30132,30132,-73.62455,45.538418
30133,30557,-73.59844,45.527508
30134,30557,-73.582756,45.52412
30135,30557,-73.5714,45.50361
30136,30557,-73.574394,45.52221
30137,30557,-73.55923,45.50802
30138,30557,-73.57089,45.513195
30139,30557,-73.576225,45.479763
30140,30557,-73.5839,45.518883
30141,30557,-73.58107,45.49539
30142,30557,-73.57794,45.49984
30143,30557,-73.59677,45.520256
30144,30557,-73.56351,45.515137
30145,30557,-73.59574,45.522648
30146,30557,-73.588776,45.51771
30147,30557,-73.57553,45.515884
30148,30557,-73.55409,45.505226
30149,30557,-73.568016,45.503
30150,30150,-73.584946,45.488773
30151,30557,-73.57515,45.50001
30152,30557,-73.584236,45.532963
30153,30557,-73.559364,45.508003
30154,30557,-73.57878,45.528473
30155,30155,-73.55553,45.50283
30156,30557,-73.58202,45.53536
30157,30557,-73.57828,45.51829
30158,30158,-73.58202,45.53536
30159,30557,-73.55636,45.50336
30160,30557,-73.577805,45.529736
30161,28706,-73.578125,45.521782
30162,30557,-73.5844,45.524654
30163,30557,-73.61605,45.528778
30164,30557,-73.57879,45.48089
30165,30557,-73.57907,45.493977
30166,30557,-73.558266,45.502556
30167,30557,-73.553795,45.500034
30168,30557,-73.57754,45.516373
30169,30557,-73.56959,45.500534
30170,30557,-73.57008,45.518185
30171,30557,-73.60408,45.522907
30172,30557,-73.570854,45.518436
30173,30557,-73.580086,45.492973
30174,28706,-73.58026,45.517544
30175,30557,-73.61263,45.531227
30176,30557,-73.62455,45.538418
30177,30557,-73.571556,45.500553
30178,30557,-73.569275,45.50566
30179,30557,-73.556694,45.501545
30180,30557,-73.55188,45.508717
30181,28706,-73.561226,45.560333
30182,30769,-3.1859746,55.94614
30183,28706,-73.595276,45.522907
30184,30557,-73.62252,45.541664
30185,28706,-73.570465,45.51815
30186,30186,-73.59658,45.524746
30187,30557,-73.57825,45.516464
30188,30557,-73.58161,45.491837
30189,30189,-73.57287,45.51417
30190,30557,-73.56228,45.515427
30191,30557,-73.58876,45.47281
30192,30557,-73.57844,45.516674
30193,30557,-73.58064,45.497555
30194,30557,-73.56049,45.519043
30195,30557,-73.58072,45.52604
30196,30557,-73.60416,45.525524
30197,30557,-73.57779,45.529545
30198,28706,-73.575806,45.507137
30199,30557,-73.566,45.51643
30200,30200,-73.60545,45.5238
30201,30557,-73.57782,45.49842
30202,30202,-73.569466,45.52227
30203,30557,-73.58881,45.521347
30204,30204,-73.6028,45.47854
30205,30205,-73.56935,45.505585
30206,30557,-73.57293,45.51357
30207,30557,-73.575806,45.507137
30208,30557,-73.59486,45.523335
30209,30557,-73.57115,45.51341
30210,30557,-73.56049,45.524166
30211,30557,-73.59932,45.525517
30212,30557,-73.5712,45.518284
30213,30557,-73.609375,45.519623
30214,30557,-73.57907,45.493977
30215,30557,-73.57448,45.500698
30216,30557,-73.57226,45.514473
30217,30557,-73.587036,45.52039
30218,30557,-73.60808,45.53064
30219,30557,-73.57875,45.53362
30220,30557,-73.57683,45.497444
30221,30557,-73.55817,45.500553
30222,30557,-73.6244,45.473595
30223,30557,-73.56325,45.515038
30224,30557,-73.57337,45.500248
30225,30557,-73.57553,45.515884
30226,30557,-73.57463,45.49438
30227,30557,-73.58226,45.52365
30228,30557,-73.587036,45.52039
30229,30229,-73.58842,45.52115
30230,30557,-73.58058,45.519264
30231,30557,-73.57187,45.479492
30232,30557,-73.62566,45.524914
30233,30557,-73.57692,45.498737
30234,30234,-73.60378,45.525352
30235,30557,-73.57782,45.49842
30236,30769,-73.583374,45.523453
30237,30557,-73.57783,45.498096
30238,30557,-73.57228,45.513927
30239,30557,-73.555046,45.519882
30240,30557,-73.5563,45.45554
30241,30557,-73.56925,45.51255
30242,30557,-73.57414,45.499672
30243,30557,-73.585266,45.488544
30244,30557,-73.569016,45.487324
30245,30557,-73.57754,45.516373
30246,30557,-73.56545,45.491974
30247,30557,-73.57432,45.515892
30248,30557,-73.587036,45.52039
30249,30557,-73.623566,45.474754
30250,30557,-73.63742,45.494904
30251,28706,-73.57911,45.516655
30252,30557,-73.57235,45.50234
30253,30557,-73.55776,45.500874
30254,30557,-73.56646,45.49992
30255,28706,-73.56049,45.507706
30256,30557,-73.55428,45.499046
30257,30557,-73.60804,45.530563
30258,30557,-73.57794,45.49984
30259,30259,-73.57505,45.52038
30260,30557,-73.59932,45.525517
30261,30557,-73.58146,45.51805
30262,30769,-73.58265,45.491116
30263,30557,-73.57505,45.52038
30264,30557,-73.575066,45.52522
30265,30769,-73.59486,45.523335
30266,30557,-73.55482,45.507256
30267,30557,-73.6573,45.49629
30268,30557,-73.58616,45.525784
30269,30557,-73.57907,45.493977
30270,28706,-73.60211,45.522434
30271,30557,-73.56767,45.517197
30272,30557,-73.575424,45.520306
30273,30557,-73.58265,45.491116
30274,30557,-73.57974,45.527557
30275,30557,-73.60211,45.522434
30276,30557,-73.56134,45.523285
30277,30557,-73.57835,45.498238
30278,30557,-73.59482,45.52413
30279,30557,-73.56443,45.515392
30280,30557,-73.576584,45.515667
30281,30557,-73.55172,45.509388
30282,30769,-115.16879,36.122967
30283,30557,-73.59407,45.52381
30284,30557,-73.572945,45.514275
30285,28706,-73.573235,45.4972
30286,30286,-73.596085,45.543556
30287,30557,-73.61605,45.528778
30288,30557,-73.58041,45.531727
30289,30289,-73.580086,45.492973
30290,30557,-73.578,45.521866
30291,30291,-73.56127,45.508575
30292,30557,-73.57907,45.493977
30293,30557,-73.56127,45.508575
30294,30557,-73.58303,45.524006
30295,30557,-73.58041,45.531727
30296,30557,-73.577805,45.529736
30297,30557,-73.57835,45.498238
30298,30557,-73.595276,45.522907
30299,30557,-73.55776,45.517933
30300,30557,-73.59862,45.51942
30301,30557,-73.57268,45.510403
30302,30557,-73.570854,45.518436
30303,30303,-73.582756,45.52412
30304,30557,-73.61423,45.532806
30305,30557,-73.569275,45.50566
30306,30557,-73.58419,45.51914
30307,30307,-73.55454,45.504128
30308,30557,-73.57515,45.50001
30309,30557,-73.57726,45.516006
30310,30557,-73.571556,45.500553
30311,30557,-73.57553,45.515884
30312,30312,-73.590645,45.52207
30313,30557,-73.55553,45.50283
30314,30557,-73.580086,45.492973
30315,30557,-73.580086,45.492973
30316,30557,-73.59697,45.52146
30317,30557,-73.559494,45.508026
30318,28706,-73.56346,45.515118
30319,30319,-73.56538,45.514835
30320,30557,-73.56647,45.506073
30321,30557,-73.583336,45.489983
30322,30557,-73.572945,45.509045
30323,30557,-73.61263,45.531227
30324,30324,-73.57956,45.49215
30325,30557,-73.57196,45.497314
30326,30557,-73.575424,45.520306
30327,30557,-73.57282,45.500977
30328,28706,-73.60918,45.519905
30329,28706,-73.59088,45.51748
30330,28706,-73.575485,45.482773
30331,30557,-73.5923,45.474182
30332,30332,-115.17516,36.109875
30333,28706,-115.17582,36.11773
30334,30557,-73.59493,45.520576
30335,30557,-73.5818,45.52526
30336,30557,-73.57518,45.483097
30337,30557,-73.57416,45.514664
30338,30557,-73.58842,45.52115
30339,30557,-73.61605,45.528778
30340,30557,-73.569466,45.52227
30341,30557,-73.56728,45.45964
30342,30557,-73.56325,45.515038
30343,28706,-73.555,45.50136
30344,30557,-73.600716,45.521557
30345,30557,-73.61116,45.472775
30346,30346,-73.58877,45.526768
30347,30347,-73.5552,45.49941
30348,30557,-73.58086,45.479523
30349,30349,-73.579895,45.493404
30350,30769,-115.17618,36.115856
30351,30557,-73.55817,45.500553
30352,28706,-73.57314,45.517372
30353,30557,-73.57881,45.493973
30354,30557,-73.574646,45.496857
30355,30769,-73.5805,45.515636
30356,30557,-73.57171,45.508526
30357,30769,-80.848076,35.22434
30358,28706,-73.5918,45.500866
30359,30557,-73.57511,45.510345
30360,28706,-73.58876,45.47281
30361,30557,-73.57432,45.515892
30362,30557,-73.59559,45.5247
30363,30769,-73.61065,45.53131
30364,30557,-73.58842,45.52115
30365,30557,-73.57752,45.516
30366,28706,-73.552505,45.508938
30367,30367,-73.55267,45.50793
30368,30557,-73.57175,45.50858
30369,30557,-73.57417,45.50032
30370,28706,-73.600624,45.523758
30371,30769,-73.57902,45.52839
30372,28706,-73.57655,45.499374
30373,28706,-73.56813,45.517406
30374,30557,-73.600624,45.523758
30375,30557,-73.587036,45.52039
30376,30376,-89.38101,43.074238
30377,30557,-73.59507,45.523026
30378,30557,-73.75199,45.570175
30379,28706,-73.570465,45.51815
30380,30769,-73.5747,45.525303
30381,30769,-73.57196,45.497314
30382,30557,-73.57196,45.497314
30383,30557,-73.62566,45.524914
30384,30557,-73.56466,45.51582
30385,30557,-73.59664,45.524586
30386,30557,-73.57314,45.517372
30387,30557,-73.57974,45.527557
30388,30557,-73.58295,45.534657
30389,30557,-73.55447,45.503544
30390,30557,-73.56685,45.46346
30391,30557,-73.577805,45.529736
30392,30392,-73.58751,45.519054
30393,28706,-73.52566,45.5056
30394,30769,-73.60737,45.523666
30395,28706,-73.576584,45.515667
30396,30557,-73.60767,45.531124
30397,30557,-73.57228,45.513927
30398,30557,-73.59599,45.524387
30399,28706,-73.588776,45.51771
30400,30400,-73.61765,45.531822
30401,30769,-73.61322,45.53331
30402,30769,-80.81488,35.22101
30403,30557,-73.570854,45.518436
30404,28706,-73.593185,45.522358
30405,30557,-73.579926,45.497444
30406,30557,-73.56049,45.524166
30407,30557,-73.57432,45.515892
30408,30557,-73.60545,45.5238
30409,30557,-73.576454,45.4822
30410,30557,-73.60378,45.525352
30411,30557,-73.57688,45.479656
30412,30557,-73.59546,45.52426
30413,30557,-73.63077,45.53983
30414,30557,-73.61116,45.472775
30415,30557,-73.57529,45.482735
30416,28706,-73.5991,45.525898
30417,30557,-73.57314,45.517372
30418,30418,-73.78737,45.589138
30419,30557,-73.58781,45.518566
30420,30557,-73.57627,45.49538
30421,30421,-73.58842,45.52115
30422,30557,-73.555954,45.50481
30423,30557,-73.57841,45.497677
30424,30557,-73.57778,45.51638
30425,30557,-73.574356,45.51462
30426,30557,-73.57832,45.494793
30427,30557,-73.57473,45.52193
30428,30557,-73.57754,45.516373
30429,30429,-73.56134,45.523285
30430,30557,-73.59721,45.518276
30431,30431,-73.59574,45.522648
30432,30557,-73.61263,45.531227
30433,30557,-73.57897,45.495914
30434,30557,-73.56071,45.50675
30435,30435,-73.57832,45.494793
30436,28706,-73.57683,45.497444
30437,28706,-73.595276,45.522907
30438,30557,-73.60804,45.530563
30439,30769,-73.5918,45.500866
30440,30557,-73.55409,45.505226
30441,28706,-73.595276,45.522907
30442,30557,-73.55353,45.505333
30443,30443,-73.58239,45.517467
30444,30557,-73.56935,45.505585
30445,30557,-73.55267,45.50793
30446,30446,-73.5747,45.51504
30447,28706,-73.543396,45.54753
30448,30557,-73.5688,45.50294
30449,30769,-73.580086,45.492973
30450,28706,-73.558174,45.51837
30451,28706,-73.576996,45.515884
30452,30452,-73.58156,45.493706
30453,30557,-73.57293,45.51357
30454,30557,-73.58107,45.49539
30455,28706,-115.17751,36.117035
30456,30557,-73.57707,45.49807
30457,30557,-73.58156,45.493706
30458,30557,-73.5747,45.525303
30459,30557,-73.609375,45.519623
30460,30557,-73.56685,45.46346
30461,30557,-73.57414,45.499672
30462,30557,-73.58617,45.520523
30463,30463,-73.553566,45.507217
30464,30464,-73.61263,45.531227
30465,30465,-73.58044,45.51943
30466,30557,-73.58028,45.526745
30467,28706,-73.59466,45.524014
30468,30557,-73.63077,45.53983
30469,30557,-73.596085,45.543556
30470,28706,-73.616104,45.536304
30471,30471,-73.60093,45.523968
30472,28706,-73.5715,45.5005
30473,30557,-73.57438,45.49759
30474,30557,-73.57916,45.480488
30475,30557,-73.63077,45.53983
30476,30476,-73.59862,45.51942
30477,28706,-73.61694,45.492172
30478,30557,-73.5715,45.5005
30479,30557,-73.56842,45.49305
30480,30480,-73.584946,45.488773
30481,30769,-73.56912,45.496006
30482,30769,-3.1912937,55.952633
30483,30557,-73.58838,45.47301
30484,30557,-73.62345,45.496834
30485,30769,-73.58838,45.47301
30486,30557,-73.61263,45.531227
30487,28706,-73.56552,45.507477
30488,30557,-73.59101,45.52212
30489,28706,-73.57828,45.51829
30490,30557,-73.580765,45.52284
30491,30557,-73.61605,45.528778
30492,30557,-73.5747,45.525303
30493,30493,-73.5747,45.525303
30494,30557,-73.57314,45.517372
30495,30557,-73.56297,45.482243
30496,30557,-73.57414,45.499672
30497,30557,-73.57111,45.51555
30498,30557,-73.57881,45.493973
30499,30557,-73.56589,45.51107
30500,30769,-73.56359,45.50472
30501,30557,-73.57754,45.516373
30502,30557,-73.5712,45.518284
30503,30557,-73.57649,45.497765
30504,30504,-73.61263,45.531227
30505,30769,-73.55278,45.507168
30506,30557,-73.559555,45.507782
30507,30557,-73.56358,45.514656
30508,30557,-73.59002,45.516914
30509,30557,-73.583336,45.489983
30510,28706,-73.60808,45.53064
30511,30557,-73.57438,45.49759
30512,30512,-73.57783,45.498096
30513,30769,-73.59002,45.516914
30514,30514,-73.6573,45.49629
30515,30557,-73.63689,45.52906
30516,30557,-111.92351,33.581493
30517,28706,-73.626465,45.471355
30518,30557,-73.599434,45.525223
30519,30557,-73.58165,45.47928
30520,30557,-73.57486,45.50339
30521,28706,-73.56702,45.462593
30522,30557,-73.59816,45.52693
30523,30523,-73.60093,45.523968
30524,30557,-73.58617,45.52051
30525,30557,-73.57754,45.516373
30526,30526,-73.551674,45.509193
30527,30557,-73.577354,45.49677
30528,30557,-73.57818,45.496235
30529,30557,-73.575066,45.52522
30530,28706,-73.56888,45.541878
30531,30557,-73.580086,45.492973
30532,30532,-80.00111,40.443146
30533,30533,-73.58146,45.51805
30534,30557,-73.55235,45.510212
30535,30769,-73.569565,45.51802
30536,30557,-73.56127,45.508575
30537,30557,-73.62566,45.524914
30538,30557,-73.56127,45.508575
30539,28706,-73.58352,45.523224
30540,28706,-73.58824,45.47331
30541,28706,-73.57111,45.51555
30542,30557,-73.57707,45.49807
30543,30557,-73.613365,45.532413
30544,30769,-73.57754,45.516373
30545,28706,-115.12225,36.161324
30546,30546,-73.60778,45.53101
30547,30557,-73.56301,45.515015
30548,30557,-73.58265,45.491116
30549,28706,-73.57399,45.509514
30550,30557,-73.607735,45.53625
30551,30551,-73.575195,45.48279
30552,30552,-73.655266,45.494915
30553,30769,-73.743706,45.56205
30554,30557,-73.587036,45.52039
30555,30557,-73.57783,45.498096
30556,30557,-73.58265,45.491116
30557,28706,-73.575195,45.48279
30558,30558,-73.59227,45.47379
30559,30557,-73.58143,45.49639
30560,30557,-73.57137,45.497894
30561,30769,-73.553795,45.500034
30562,30562,-73.56959,45.500534
30563,28706,-73.57578,45.50141
30564,30557,-73.56809,45.48887
30565,30557,-73.57766,45.481575
30566,30557,-73.56077,45.508335
30567,30557,-73.57196,45.497314
30568,30557,-73.56728,45.45964
30569,30557,-73.56134,45.523285
30570,30570,-73.574394,45.499683
30571,30571,-73.56222,45.51237
30572,28706,-73.573166,45.49965
30573,30557,-73.573166,45.49965
30574,30769,-73.55496,45.50348
30575,28706,-111.926025,33.623665
30576,30557,-73.57766,45.481575
30577,28706,-73.56686,45.465736
30578,30557,-73.57907,45.493977
30579,28706,-112.357574,33.45569
30580,28706,-111.98605,33.494587
30581,30581,-80.82169,35.216213
30582,30557,-115.11735,36.10072
30583,30583,-115.172455,36.106503
30584,30584,-80.842186,35.225323
30585,28706,-115.243546,36.04771
30586,28706,-115.073,36.072193
30587,30587,-80.85409,35.05622
30588,28706,-80.709114,35.13306
30589,30589,-115.278465,36.1428
30590,30590,-111.8915,33.629436
30591,30769,-3.186781,55.94908
30592,28706,-80.94504,35.21938
30593,28706,-115.17484,36.069973
30594,28706,-115.35134,36.159016
30595,30595,-115.33271,36.15179
30596,30596,-80.84309,35.22877
30597,28706,-115.280014,36.056793
30598,30598,-115.207306,36.131718
30599,30599,-115.132126,36.04201
30600,30600,-115.258965,36.180824
30601,30601,-111.92635,33.489796
30602,28778,-115.01699,36.054703
30603,28706,-112.07397,33.513077
30604,30604,-112.240456,33.581093
30605,28706,-115.243546,36.04771
30606,30606,-3.1941433,55.953106
30607,30769,-3.2053463,55.946087
30608,30769,-3.1853528,55.944675
30609,28706,-3.1883838,55.94772
30610,30769,-3.1750548,55.96679
30611,30769,-3.1929102,55.949566
30612,30769,-3.1905735,55.949795
30613,30769,-3.2115161,55.95135
30614,28706,-3.2036185,55.951584
30615,30769,-3.1798706,55.96206
30616,28706,-3.2098627,55.929264
30617,30769,-3.1898618,55.95872
30618,30618,-3.1883838,55.94772
30619,30619,-3.1850336,55.957115
30620,30769,-3.1855476,55.947212
30621,30769,-3.190226,55.945522
30622,30769,-3.1855762,55.945827
30623,30769,-3.2034152,55.94113
30624,30769,-3.1901174,55.94823
30625,30769,-3.1860292,55.96122
30626,30769,-3.1942441,55.948536
30627,30627,-3.1918488,55.94984
30628,30557,-3.1807473,55.951294
30629,30629,-3.1879406,55.949512
30630,30769,-3.2059703,55.947872
30631,30769,-3.1812642,55.941055
30632,30769,-3.1816213,55.96054
30633,28706,-3.1830833,55.959084
30634,30769,-3.1981308,55.954494
30635,30769,-3.2115161,55.95135
30636,30769,-3.1978261,55.954514
30637,30769,-3.2001002,55.962223
30638,30769,-3.2079127,55.943626
30639,30769,-3.1892252,55.94627
30640,28706,-3.1883864,55.95711
30641,30769,-3.2057662,55.95282
30642,30769,-3.197444,55.94691
30643,30643,-3.1903112,55.94566
30644,28706,-3.186636,55.94867
30645,30769,-3.1979346,55.947044
30646,28706,-3.1863132,55.945972
30647,30769,-3.165231,55.92732
30648,30769,-3.1860292,55.96122
30649,30769,-3.1695805,55.976177
30650,30769,-3.188184,55.957287
30651,30769,-3.1725526,55.9741
30652,30769,-3.1921308,55.94748
30653,30769,-3.198054,55.95217
30654,28706,-3.2016876,55.943283
30655,30769,-3.1784284,55.93419
30656,30769,-3.2129307,55.945972
30657,30769,-3.1855762,55.945827
30658,30769,-3.1858778,55.947155
30659,30769,-3.1816213,55.96054
30660,30769,-3.2059343,55.9464
30661,30769,-3.1899867,55.95126
30662,30769,-3.1899538,55.952
30663,30769,-3.1816213,55.96054
30664,30769,-3.190801,55.947243
30665,30769,-3.2099266,55.93232
30666,30769,-3.1695805,55.976177
30667,30769,-3.2192104,55.943527
30668,30769,-3.2047284,55.94593
30669,28706,-3.1889334,55.9505
30670,30769,-3.1816213,55.96054
30671,30769,-3.1816213,55.96054
30672,30769,-3.2012272,55.951397
30673,30769,-3.2126942,55.964455
30674,30769,-3.1735187,55.975967
30675,30769,-3.196746,55.947525
30676,28706,-3.1917999,55.94795
30677,28706,-3.2037854,55.946434
30678,30769,-3.2094424,55.951103
30679,28706,-3.1882617,55.948654
30680,30680,-3.1917894,55.94797
30681,30769,-3.190801,55.947243
30682,28706,-3.1883838,55.94772
30683,28706,-3.190509,55.95367
30684,30769,-3.176801,55.96442
30685,30769,-3.1316583,55.956635
30686,30769,-3.190226,55.945522
30687,30769,-3.1974945,55.953365
30688,30769,-3.191349,55.947495
30689,30769,-3.2047284,55.94593
30690,30769,-3.1944869,55.94871
30691,30769,-3.1901114,55.950672
30692,28706,-3.175757,55.96578
30693,30769,-3.1955197,55.947834
30694,30769,-3.2015812,55.95422
30695,30769,-3.2054315,55.946472
30696,30769,-3.1915388,55.950233
30697,28706,-3.1883838,55.94772
30698,30769,-3.2515242,55.944603
30699,30769,-3.1861322,55.94459
30700,28706,-3.1816213,55.96054
30701,30769,-3.1859772,55.88438
30702,28706,-3.1832895,55.958923
30703,30769,-3.1850288,55.94406
30704,30769,-3.217084,55.941284
30705,28706,-3.1963184,55.96252
30706,28706,-3.170197,55.970135
30707,28706,-3.1743143,55.95063
30708,28706,-3.209882,55.93585
30709,30769,-3.1987398,55.953114
30710,30769,-3.1884537,55.95014
30711,28706,-3.217084,55.941284
30712,28706,-3.1975422,55.954685
30713,28706,-3.2079127,55.943626
30714,28706,-3.2182186,55.945633
30715,30769,-3.1777182,55.96397
30716,30769,-3.1903112,55.94566
30717,30769,-3.2062054,55.945858
30718,30769,-3.2095053,55.935818
30719,30769,-3.1987398,55.953114
30720,28706,-115.17505,36.098984
30721,30769,-3.2003527,55.96339
30722,30769,-3.1883433,55.95479
30723,30769,-3.2014368,55.946342
30724,30769,-3.1940827,55.949883
30725,28706,-3.1962802,55.953518
30726,30769,-3.1998918,55.9538
30727,28706,-3.1947808,55.93638
30728,30769,-3.2148268,55.946274
30729,30729,-3.2052612,55.952324
30730,30769,-3.1942441,55.948536
30731,30769,-3.1806958,55.95751
30732,30769,-3.1759825,55.965477
30733,30733,-3.1820037,55.946007
30734,30734,-3.176801,55.96442
30735,30769,-3.1478384,55.942127
30736,30736,-3.2016876,55.943283
30737,30769,-3.1883433,55.95479
30738,28706,-3.3644342,55.94828
30739,30769,-3.201323,55.953014
30740,30769,-3.206377,55.94872
30741,30769,-3.2126942,55.964455
30742,28706,-3.1786451,55.937122
30743,30769,-3.1901174,55.94823
30744,30769,-3.2081778,55.943558
30745,28706,-3.1921432,55.94796
30746,30746,-3.1855762,55.945827
30747,28706,-3.1928387,55.953648
30748,28706,-3.2073212,55.94985
30749,30769,-3.187661,55.939117
30750,30769,-3.2022727,55.952904
30751,28706,-3.176801,55.96442
30752,30769,-3.1777768,55.950348
30753,30769,-3.1854458,55.94469
30754,30769,-3.2036185,55.951584
30755,30769,-3.1856868,55.957626
30756,30769,-3.1995215,55.954052
30757,30769,-3.1786451,55.937122
30758,30769,-3.1993058,55.95193
30759,28706,-3.2014906,55.942844
30760,30769,-3.1993058,55.95193
30761,30769,-3.2043424,55.953358
30762,28706,-3.1918752,55.955807
30763,30763,-3.2037854,55.946434
30764,30769,-3.189502,55.94944
30765,28706,-3.1979716,55.954197
30766,28706,-3.2126942,55.964455
30767,30767,-3.216309,55.941807
30768,30769,-3.1883838,55.94772
30769,28706,-3.1860292,55.96122
30770,30769,-3.1385846,55.926945
30771,30771,-3.1478384,55.942127
30772,28706,-3.2037854,55.946434
30773,30769,-3.2099266,55.93232
30774,30769,-3.1918752,55.955807
30775,28706,-3.1955197,55.947834
30776,28706,-3.209882,55.93585
30777,28706,-3.190418,55.946766
30778,30769,-3.1786873,55.938507
30779,30769,-3.2034757,55.94006
30780,28706,-3.1850336,55.957115
30781,30781,-3.186636,55.94867
30782,28706,-3.1921299,55.94767
30783,30769,-3.1836586,55.945423
30784,30769,-3.168342,55.88065
30785,30769,-3.172362,55.973347
30786,30769,-3.2105432,55.948982
30787,30769,-3.1737733,55.964703
30788,30769,-3.1111479,55.95464
30789,30769,-3.187206,55.939465
30790,28706,-3.18651,55.95573
30791,30769,-3.203566,55.941906
30792,30792,-112.03397,33.508984
30793,28706,-115.138435,36.167526
30794,28706,-111.9265,33.49973
30795,30769,-115.17647,36.14513
30796,30796,-111.74272,33.31082
30797,28706,-115.24169,36.064114
30798,28706,-115.2691,36.056004
30799,30799,-112.111786,33.687145
30800,30800,-115.27994,36.127228
30801,28706,-115.11617,36.00676
30802,30769,-115.19177,36.12637
30803,30769,-115.280945,36.057842
30804,30804,-115.19242,36.12601
30805,28706,-80.00134,40.441082
30806,28706,-115.33439,36.156796
30807,30807,-115.192665,36.11576
30808,28706,-79.96929,40.42746
30809,30809,-115.334816,36.155132
30810,28706,-115.15126,36.1089
30811,28706,-115.24385,36.04967
30812,28706,-79.96906,40.42741
30813,30813,-80.85696,35.220036
30814,30814,-80.98576,35.1022
30815,28706,-115.28703,36.166676
30816,30816,-115.17737,36.107616
30817,30769,-115.17019,36.123405
30818,28706,-115.134926,36.01411
30819,28706,-111.924904,33.510914
30820,30820,-115.17134,35.96494
30821,30821,-115.16935,35.965126
30822,30822,-115.26685,36.27136
30823,30823,-111.78991,33.355118
30824,28706,-115.24221,36.073807
30825,28706,-115.157875,36.142757
30826,30826,-80.007645,40.446323
30827,30557,-115.11793,36.09981
30828,28706,-112.0792,33.49111
30829,30829,-115.14064,36.167877
30830,30830,-89.36857,43.0805
30831,30831,-115.28165,36.200096
30832,30832,-115.243866,36.086548
30833,30769,-115.32508,36.124886
30834,30834,-115.103004,35.99809
30835,28706,-115.15126,36.1089
30836,30836,-115.11921,36.03455
30837,30769,-115.17647,36.14513
30838,30769,-79.98332,40.451687
30839,28706,-115.15374,36.084
30840,30769,-115.29656,36.0931
30841,28706,-115.298325,36.112583
30842,30842,-112.04794,33.525883
30843,28706,-111.98451,33.509106
30844,30844,-112.03017,33.671425
30845,28706,-115.275795,36.143433
30846,28706,-112.08219,33.466106
30847,30847,-112.074196,33.51354
30848,30848,-111.98617,33.510483
30849,30849,-111.89841,33.30477
30850,28706,-115.209915,36.126427
30851,28706,-115.20959,36.12621
30852,30852,-112.18703,33.640392
30853,28706,-115.19263,36.03985
30854,30854,-115.28008,36.057022
30855,30855,-115.20651,35.999195
30856,30557,-115.30428,36.19106
30857,30857,-80.00206,40.44228
30858,30769,-3.2037854,55.946434
30859,30769,-115.308624,36.11392
30860,28706,-115.11799,36.014458
30861,28706,-115.17322,36.109215
30862,28706,-111.92365,33.625546
30863,28706,-115.12652,36.15846
30864,28706,-115.243515,36.072624
30865,28706,-115.26275,36.14326
30866,30866,-73.559555,45.507782
30867,28706,-115.30882,36.183144
30868,30868,-115.25988,36.203743
30869,28706,-115.12081,36.04105
30870,28706,-115.206345,35.994972
30871,30871,-80.848076,35.22434
30872,28706,-115.19094,36.126175
30873,28706,-111.63146,33.371902
30874,30874,-115.14064,36.167877
30875,30875,-111.859726,33.339962
30876,28706,-112.065346,33.51108
30877,30557,-73.61322,45.53331
30878,30878,-115.207306,36.131718
30879,30879,-115.30752,36.08616
30880,30880,-79.9934,40.447525
30881,30881,-115.08336,36.022465
30882,30882,-115.21327,36.12656
30883,30883,-115.15458,36.119186
30884,30884,-115.2418,36.078686
30885,28706,-111.997696,33.435596
30886,30886,-115.33272,36.148514
