node_id,cluster_label,longitude,latitude
0,0,-79.96413,40.46707
1,1,-80.03008,40.405075
2,1,-80.030235,40.40527
3,2,-115.13902,36.088516
4,1,-79.91414,40.41097
5,1,-80.016235,40.452145
6,2,-80.01567,40.446617
7,1,-80.0353,40.396107
8,1,-80.00022,40.44389
9,1,-79.93392,40.450867
10,3,-111.84253,33.303234
11,1,-80.01507,40.432384
12,4,-80.00207,40.442333
13,1,-80.00206,40.44228
14,1,-79.95194,40.482704
15,1,-80.00646,40.410748
16,5,-79.95116,40.482693
17,2,-79.99644,40.44395
18,6,-79.964424,40.462208
19,2,-79.98752,40.449078
20,1,-79.96442,40.46705
21,1,-79.96811,40.427372
22,7,-79.95074,40.449978
23,1,-79.93078,40.456436
24,1,-79.99644,40.44395
25,1,-79.92399,40.461506
26,2,-79.91887,40.474888
27,1,-80.00276,40.441036
28,8,-79.9645,40.42877
29,1,-80.01768,40.437695
30,1,-80.002556,40.442036
31,1,-80.083626,40.409744
32,9,-80.085175,40.408142
33,10,-79.98428,40.428955
34,1,-80.022095,40.446785
35,1,-79.922386,40.438145
36,1,-80.01325,40.45561
37,1,-79.998695,40.443043
38,0,-112.12811,33.511147
39,1,-79.965256,40.42789
40,1,-79.99644,40.44395
41,1,-79.94251,40.465073
42,1,-80.01676,40.4521
43,1,-79.96167,40.469063
44,1,-79.95207,40.482334
45,1,-79.9645,40.42877
46,1,-79.98313,40.45194
47,2,-80.001686,40.432
48,2,-79.93144,40.45926
49,11,-115.17086,36.10993
50,1,-79.932846,40.451576
51,1,-79.930214,40.4565
52,1,-79.91717,40.402855
53,2,-115.17028,36.12229
54,12,-79.92267,40.437866
55,2,-80.00288,40.44139
56,1,-79.91776,40.407154
57,1,-79.97939,40.428425
58,1,-79.93412,40.450737
59,1,-79.964424,40.462208
60,1,-79.92316,40.433384
61,1,-79.98941,40.448463
62,1,-80.00222,40.440998
63,2,-79.942276,40.458267
64,1,-79.93257,40.46445
65,1,-79.91957,40.475876
66,1,-80.026,40.397964
67,1,-80.01768,40.437695
68,1,-80.036804,40.39289
69,1,-79.91526,40.409435
70,1,-79.916985,40.40682
71,2,-79.93144,40.45926
72,1,-79.90444,40.490192
73,1,-79.950676,40.462757
74,1,-79.8921,40.438145
75,1,-79.972694,40.428196
76,1,-79.87027,40.4041
77,1,-79.982285,40.4275
78,0,-112.02849,33.510426
79,2,-80.04418,40.381416
80,13,-80.00034,40.4436
81,1,-79.91558,40.481033
82,2,-115.17524,36.116566
83,1,-79.95811,40.440765
84,2,-79.89309,40.489143
85,1,-79.98332,40.451687
86,2,-79.914185,40.409294
87,2,-79.954216,40.454754
88,0,-112.01317,33.59627
89,1,-79.99717,40.44379
90,1,-79.998695,40.443043
91,1,-79.96025,40.470783
92,1,-79.9718,40.42813
93,1,-79.99297,40.4393
94,1,-79.982544,40.42897
95,0,-79.914185,40.409294
96,1,-79.94908,40.445145
97,1,-79.914185,40.409294
98,1,-80.001625,40.430992
99,1,-79.98941,40.448463
100,1,-79.96906,40.42741
101,2,-79.9828,40.429
102,1,-79.95151,40.482456
103,1,-79.983246,40.451347
104,1,-79.98436,40.451965
105,1,-111.934975,33.422768
106,14,-79.9166,40.407173
107,15,-79.9521,40.46299
108,16,-80.01085,40.445976
109,17,-80.84722,35.08597
110,1,-79.94642,40.454704
111,1,-79.96444,40.46709
112,1,-79.98436,40.451965
113,18,-79.98155,40.452496
114,2,-79.98436,40.451965
115,1,-79.925606,40.45962
116,1,-79.9645,40.42877
117,1,-115.1068,36.071945
118,1,-79.95799,40.47511
119,1,-79.98048,40.453846
120,1,-79.99621,40.441677
121,1,-80.002556,40.442036
122,1,-79.863625,40.387585
123,2,-79.983574,40.428703
124,19,-79.987976,40.438454
125,1,-79.96413,40.46707
126,1,-79.92512,40.460213
127,1,-79.91526,40.409435
128,1,-79.98752,40.449078
129,1,-79.919624,40.475475
130,1,-79.985664,40.450237
131,1,-79.93418,40.45137
132,1,-79.984215,40.451656
133,1,-79.98423,40.45088
134,1,-80.000854,40.440094
135,1,-79.987144,40.42891
136,2,-79.9573,40.440845
137,1,-80.002556,40.442036
138,2,-115.17028,36.12229
139,20,-3.194447,55.94859
140,1,-79.9909,40.3783
141,1,-79.916985,40.40776
142,1,-80.00225,40.443245
143,1,-80.05255,40.380295
144,1,-80.087326,40.408043
145,1,-79.941574,40.443504
146,1,-80.00206,40.44228
147,1,-79.98436,40.451965
148,2,-79.93151,40.455765
149,2,-79.98096,40.42488
150,2,-115.14637,36.124424
151,21,-115.2249,36.047733
152,1,-79.98177,40.42936
153,1,-79.94851,40.44518
154,1,-79.92414,40.41547
155,1,-79.99621,40.441677
156,1,-79.932846,40.451576
157,2,-115.172295,36.127068
158,1,-80.85719,35.217
159,1,-79.9718,40.42813
160,1,-79.91776,40.407154
161,1,-79.96107,40.46497
162,1,-79.92406,40.46296
163,1,-79.93273,40.451626
164,1,-79.92274,40.43773
165,1,-115.16961,36.121452
166,1,-79.958595,40.441628
167,1,-79.99561,40.44443
168,1,-79.99704,40.444035
169,1,-79.93318,40.451622
170,1,-79.93277,40.451347
171,22,-80.00645,40.441727
172,1,-80.00206,40.44228
173,1,-79.95882,40.472134
174,1,-79.923256,40.433247
175,2,-80.944046,35.220543
176,1,-80.05209,40.357212
177,23,-80.00471,40.44087
178,1,-79.99343,40.42161
179,1,-79.96616,40.46457
180,2,-80.01567,40.446617
181,24,-79.98017,40.428875
182,1,-79.98752,40.449078
183,1,-79.95315,40.442776
184,2,-79.91414,40.41097
185,1,-79.91414,40.41097
186,25,-79.95889,40.47313
187,2,-112.074005,33.511208
188,26,-79.923256,40.433247
189,1,-79.96025,40.470783
190,27,-79.92851,40.422665
191,2,-79.957695,40.441357
192,1,-79.97418,40.48139
193,28,-79.929634,40.457104
194,1,-115.141884,36.16918
195,1,-79.99168,40.446476
196,1,-79.92549,40.45775
197,0,-111.931946,33.65794
198,1,-80.00213,40.441063
199,1,-79.95257,40.45219
200,29,-79.9645,40.42877
201,1,-79.91584,40.407356
202,1,-79.93318,40.451622
203,1,-3.1784391,55.96251
204,30,-111.89859,33.490013
205,1,-79.95315,40.442776
206,1,-79.91949,40.437904
207,1,-79.96025,40.470783
208,2,-89.32856,43.114677
209,2,-79.94735,40.439247
210,31,-79.91691,40.444294
211,1,-79.89327,40.432114
212,1,-79.98436,40.451965
213,1,-80.02202,40.394928
214,32,-115.1736,36.101585
215,1,-79.9645,40.42877
216,2,-79.95116,40.482693
217,1,-79.951584,40.463028
218,33,-80.87767,35.16961
219,1,-79.98436,40.451965
220,2,-79.982285,40.453495
221,1,-112.04739,33.4692
222,34,-79.91809,40.40888
223,1,-79.95085,40.450356
224,0,-79.91809,40.40888
225,35,-80.03463,40.368717
226,36,-80.030235,40.40527
227,37,-79.984215,40.451656
228,1,-79.91809,40.40888
229,1,-79.932846,40.451576
230,2,-80.007355,40.429844
231,1,-79.951584,40.463028
232,0,-111.92074,33.414455
233,1,-79.95488,40.444458
234,1,-79.89309,40.489143
235,1,-79.959946,40.470768
236,1,-79.965004,40.46577
237,1,-79.98436,40.451965
238,1,-79.990425,40.42921
239,1,-79.90072,40.489098
240,17,-80.84511,35.238907
241,1,-79.92316,40.43529
242,38,-73.56935,45.505585
243,1,-79.98048,40.453846
244,1,-79.95025,40.46263
245,1,-79.95474,40.46565
246,1,-79.92206,40.46518
247,2,-79.95315,40.442776
248,1,-79.918976,40.407063
249,1,-79.98752,40.449078
250,1,-79.99589,40.440624
251,1,-79.97943,40.42843
252,39,-79.96107,40.46497
253,1,-79.920525,40.476177
254,1,-79.95194,40.482704
255,1,-79.95984,40.471222
256,1,-79.91687,40.457184
257,2,-79.95085,40.450356
258,40,-79.96398,40.467052
259,1,-79.96863,40.427723
260,1,-79.89384,40.432022
261,1,-79.96398,40.467052
262,1,-79.897575,40.43961
263,41,-79.97601,40.42828
264,1,-79.94976,40.46255
265,1,-79.95752,40.441025
266,1,-79.96863,40.427723
267,1,-79.948845,40.461327
268,1,-79.95116,40.482693
269,1,-79.98752,40.449078
270,42,-79.920425,40.475708
271,43,-79.94918,40.462025
272,44,-79.94899,40.463673
273,1,-79.91949,40.437904
274,1,-79.92549,40.45775
275,1,-79.8921,40.438145
276,1,-79.922615,40.43519
277,1,-79.910034,40.457474
278,2,-79.99823,40.44394
279,2,-79.94771,40.461185
280,1,-79.96398,40.467052
281,1,-79.92303,40.4378
282,1,-79.928955,40.457478
283,1,-79.922806,40.434963
284,2,-79.93161,40.463947
285,1,-79.916855,40.457188
286,1,-79.95889,40.47313
287,1,-80.00175,40.439552
288,1,-79.92399,40.461506
289,2,-79.986626,40.428585
290,1,-80.00653,40.45588
291,2,-79.96107,40.46497
292,1,-73.57175,45.50858
293,1,-79.96666,40.428066
294,1,-79.95356,40.441143
295,45,-79.91887,40.474888
296,2,-73.71221,45.464886
297,1,-79.98752,40.449078
298,1,-79.92145,40.437847
299,1,-79.920425,40.475708
300,1,-79.98017,40.428875
301,1,-79.98436,40.451965
302,46,-79.92069,40.43795
303,1,-79.964424,40.462208
304,1,-80.00749,40.43071
305,1,-79.91887,40.474888
306,2,-79.91691,40.444294
307,1,-79.98436,40.451965
308,47,-80.00207,40.442333
309,1,-79.92968,40.45854
310,2,-79.92535,40.45992
311,1,-79.982285,40.4275
312,1,-79.92512,40.458225
313,48,-79.984215,40.451656
314,2,-79.915375,40.456963
315,2,-79.925514,40.45839
316,1,-80.01692,40.44596
317,1,-79.982285,40.4275
318,1,-79.92337,40.432606
319,1,-79.91953,40.437683
320,1,-79.948654,40.44551
321,1,-79.951584,40.463028
322,49,-79.89309,40.489143
323,1,-79.92548,40.457867
324,1,-80.00214,40.440178
325,2,-79.93144,40.45926
326,1,-79.890175,40.426777
327,1,-79.92427,40.459957
328,1,-79.92303,40.4378
329,1,-79.981476,40.454384
330,1,-79.92844,40.458138
331,1,-79.957695,40.441357
332,45,-79.94882,40.44453
333,1,-79.95547,40.43905
334,1,-79.93144,40.45926
335,1,-79.934166,40.452217
336,1,-79.931335,40.455956
337,50,-79.96413,40.46707
338,51,-79.93144,40.45926
339,1,-79.91691,40.444294
340,17,-80.72597,35.3747
341,1,-79.919624,40.475475
342,1,-79.95074,40.449978
343,1,-79.951584,40.463028
344,1,-79.91968,40.437767
345,2,-79.99588,40.443745
346,1,-79.91971,40.475437
347,2,-79.89309,40.489143
348,2,-80.030235,40.40527
349,1,-79.92274,40.43773
350,1,-79.948685,40.445557
351,2,-79.98181,40.452312
352,1,-79.92472,40.45992
353,1,-79.93418,40.45137
354,1,-89.39556,43.07282
355,1,-79.93054,40.456394
356,1,-79.950676,40.462757
357,1,-79.923164,40.43582
358,1,-79.95789,40.474514
359,2,-79.973274,40.427086
360,1,-79.8916,40.486923
361,2,-73.58842,45.52115
362,2,-79.9645,40.42877
363,1,-79.932846,40.451576
364,2,-80.00206,40.44228
365,52,-79.92549,40.45775
366,53,-79.93342,40.46478
367,2,-115.17038,36.119
368,54,-79.92308,40.43384
369,1,-79.985596,40.450268
370,1,-79.982796,40.45218
371,2,-79.94817,40.444683
372,2,-80.02202,40.394928
373,1,-79.94908,40.445145
374,1,-80.00111,40.443146
375,1,-79.949425,40.461876
376,1,-79.915695,40.410007
377,1,-80.00219,40.440994
378,1,-79.99823,40.44394
379,1,-79.94854,40.461113
380,1,-79.98665,40.448902
381,1,-79.93174,40.451565
382,1,-79.94871,40.461205
383,1,-79.92883,40.45851
384,55,-79.922806,40.437218
385,1,-79.92883,40.45851
386,56,-79.98752,40.449078
387,1,-79.98552,40.42858
388,2,-80.03473,40.39601
389,2,-79.96576,40.42645
390,1,-79.92319,40.43728
391,1,-79.950005,40.462513
392,2,-89.39203,43.075047
393,1,-79.99561,40.44443
394,57,-79.93257,40.46445
395,1,-79.92406,40.46296
396,1,-79.96167,40.469063
397,58,-79.89309,40.489143
398,1,-79.93326,40.451096
399,2,-111.87436,33.336075
400,2,-111.92548,33.50108
401,1,-80.000854,40.440094
402,10,-115.32508,36.124886
403,1,-73.57754,45.516373
404,1,-79.95074,40.449978
405,1,-79.91892,40.484554
406,59,-79.95116,40.482693
407,2,-79.93493,40.451115
408,60,-79.948654,40.44551
409,0,-112.0037,33.49516
410,1,-80.00618,40.44055
411,1,-79.971985,40.47886
412,1,-79.99644,40.44395
413,1,-79.96665,40.426003
414,1,-80.04446,40.38019
415,1,-80.00104,40.443207
416,61,-79.93257,40.46445
417,62,-79.96413,40.46707
418,1,-79.973724,40.458508
419,63,-79.91957,40.475876
420,1,-79.94908,40.445145
421,2,-79.96179,40.46951
422,1,-80.00213,40.441063
423,1,-115.173874,36.109753
424,1,-80.00199,40.44066
425,64,-79.92282,40.437557
426,1,-79.983116,40.42868
427,65,-80.01998,40.438732
428,2,-79.92427,40.459957
429,1,-79.961075,40.46995
430,66,-80.0025,40.4428
431,1,-79.987144,40.42891
432,67,-79.9248,40.458138
433,1,-79.922386,40.438145
434,1,-79.99717,40.44379
435,68,-79.9248,40.458138
436,1,-79.91991,40.43825
437,1,-79.96535,40.42841
438,1,-79.96616,40.46457
439,69,-79.91949,40.437904
440,1,-79.902275,40.446587
441,1,-79.95593,40.465305
442,70,-79.94251,40.465073
443,71,-73.57783,45.498096
444,2,-80.002556,40.442036
445,1,-80.00219,40.440994
446,1,-79.98286,40.45149
447,1,-79.98281,40.45192
448,1,-79.9828,40.429
449,1,-80.852196,35.2195
450,1,-79.955475,40.47894
451,2,-79.99732,40.442425
452,1,-80.00206,40.44228
453,1,-79.97333,40.428215
454,72,-79.95815,40.441235
455,1,-79.998695,40.443043
456,2,-79.96897,40.426804
457,2,-79.96055,40.4705
458,1,-79.97939,40.428425
459,64,-79.98155,40.452496
460,73,-79.986626,40.428585
461,2,-79.93277,40.451347
462,74,-79.94952,40.452778
463,2,-115.139786,36.169167
464,1,-79.960045,40.470577
465,1,-80.016235,40.452145
466,75,-79.921364,40.438347
467,1,-79.893654,40.43257
468,76,-79.92497,40.46028
469,1,-80.002945,40.441032
470,1,-79.98752,40.449078
471,1,-79.92393,40.428913
472,1,-79.95474,40.46565
473,1,-80.00222,40.440998
474,1,-80.03786,40.392197
475,1,-80.01507,40.432384
476,1,-79.93539,40.464485
477,1,-79.95574,40.465664
478,2,-80.012184,40.45715
479,2,-80.002335,40.4438
480,77,-89.42806,43.057484
481,1,-79.98752,40.449078
482,1,-80.0025,40.4428
483,2,-79.985535,40.45074
484,1,-79.93359,40.451363
485,1,-79.99343,40.42161
486,78,-79.982285,40.453495
487,1,-79.925354,40.457256
488,54,-79.91447,40.45037
489,1,-79.99732,40.442425
490,1,-79.96398,40.467052
491,1,-79.98436,40.451965
492,79,-115.28963,36.16418
493,80,-79.93487,40.451096
494,1,-79.90329,40.48958
495,1,-79.91687,40.457184
496,2,-115.16578,36.128788
497,2,-111.933,33.502594
498,1,-79.96025,40.470783
499,81,-79.98391,40.450836
500,1,-79.95207,40.482334
501,1,-80.00471,40.44087
502,2,-79.99621,40.441677
503,1,-79.959724,40.47121
504,1,-79.983116,40.42868
505,17,-80.826164,35.213642
506,2,-111.94497,33.462166
507,1,-79.95315,40.442776
508,82,-79.96424,40.466614
509,1,-79.920105,40.43814
510,1,-79.957184,40.441933
511,83,-79.99621,40.441677
512,2,-79.929634,40.457104
513,1,-79.96313,40.472446
514,1,-79.92548,40.457867
515,1,-79.98444,40.451694
516,2,-79.98357,40.45203
517,1,-79.95736,40.44166
518,1,-79.922386,40.438145
519,1,-79.97796,40.428345
520,84,-79.97356,40.428085
521,85,-79.925316,40.458282
522,1,-80.00749,40.43071
523,1,-79.95356,40.441143
524,86,-115.14294,36.16929
525,1,-79.95531,40.43892
526,2,-115.16937,36.121815
527,87,-79.94908,40.445145
528,1,-79.943665,40.458393
529,88,-79.97932,40.42843
530,1,-80.00222,40.440998
531,1,-79.95589,40.41151
532,1,-79.984474,40.428696
533,1,-79.92548,40.457867
534,1,-79.982414,40.370575
535,1,-80.00109,40.3578
536,89,-79.950165,40.461956
537,90,-80.00206,40.44228
538,1,-79.98075,40.42899
539,1,-79.99703,40.43993
540,1,-80.03473,40.39601
541,2,-80.0193,40.438557
542,1,-79.93412,40.450737
543,91,-79.932846,40.451576
544,92,-79.99031,40.43877
545,1,-79.9825,40.451843
546,93,-79.99343,40.42161
547,94,-79.910194,40.407707
548,2,-115.176575,36.091194
549,10,-115.300606,36.145565
550,2,-79.92549,40.45775
551,1,-80.001366,40.453133
552,1,-80.000854,40.44253
553,95,-79.982864,40.428665
554,2,-80.80862,35.14697
555,1,-79.99343,40.42161
556,96,-79.99343,40.42161
557,45,-79.96313,40.472446
558,1,-80.00263,40.443108
559,1,-79.99621,40.441677
560,1,-80.73764,35.140625
561,2,-115.168465,36.11533
562,0,-79.92337,40.432606
563,1,-80.01478,40.457016
564,1,-79.99561,40.44443
565,97,-79.97333,40.428215
566,98,-89.30716,43.128033
567,1,-80.001366,40.453133
568,1,-79.97488,40.481285
569,1,-79.95889,40.47313
570,1,-80.04473,40.380947
571,1,-79.98222,40.429028
572,99,-80.02124,40.43906
573,2,-79.99933,40.438957
574,1,-79.92325,40.429653
575,1,-79.93318,40.451622
576,2,-115.13661,36.10305
577,1,-79.97601,40.42828
578,1,-80.07081,40.390697
579,100,-79.98177,40.42936
580,7,-79.94908,40.445145
581,2,-79.99031,40.43877
582,1,-80.019066,40.46217
583,2,-79.95315,40.442776
584,1,-79.92275,40.433178
585,1,-79.959946,40.470768
586,1,-80.03463,40.368717
587,101,-79.96906,40.42741
588,1,-79.92856,40.457752
589,102,-80.017494,40.451614
590,2,-79.91892,40.484554
591,1,-79.95151,40.482456
592,2,-79.957695,40.441357
593,2,-73.58842,45.52115
594,2,-80.00259,40.44029
595,2,-112.006714,33.435715
596,1,-79.913895,40.45003
597,1,-79.96413,40.46707
598,1,-80.00382,40.44658
599,98,-79.94959,40.44351
600,1,-79.887955,40.41757
601,1,-111.92917,33.36505
602,103,-80.00217,40.44336
603,0,-112.01291,33.39068
604,17,-89.41037,43.069317
605,2,-89.34581,43.136467
606,1,-80.01645,40.452095
607,1,-80.00531,40.434353
608,104,-79.984215,40.451656
609,1,-80.00224,40.45336
610,1,-79.95074,40.449978
611,2,-73.55553,45.50283
612,2,-115.18697,36.115337
613,105,-80.02124,40.43906
614,106,-79.96404,40.464306
615,1,-79.920105,40.43814
616,1,-79.95421,40.43802
617,2,-112.27275,33.46457
618,1,-79.96041,40.445045
619,1,-80.00618,40.44055
620,2,-115.16901,35.965446
621,2,-115.151115,36.131237
622,2,-115.17234,36.11635
623,2,-112.006714,33.435715
624,1,-80.00245,40.440094
625,2,-115.19083,36.13164
626,2,-89.41037,43.069317
627,1,-80.007645,40.446323
628,1,-80.04459,40.38108
629,1,-79.99621,40.441677
630,1,-79.964424,40.462208
631,1,-80.030235,40.40527
632,1,-80.03463,40.368717
633,2,-115.17054,36.10259
634,1,-79.98314,40.429054
635,2,-89.52305,43.086346
636,17,-80.8474,35.22155
637,1,-79.893654,40.43257
638,1,-115.17751,36.117035
639,107,-79.921555,40.43789
640,1,-79.983246,40.451347
641,2,-115.16875,36.11044
642,1,-80.02168,40.394596
643,1,-80.030334,40.412716
644,108,-79.950676,40.462757
645,2,-111.95493,33.407665
646,1,-80.040665,40.3899
647,1,-80.040665,40.3899
648,1,-79.982414,40.370575
649,109,-79.94451,40.465397
650,1,-80.029106,40.36062
651,1,-79.960434,40.470474
652,1,-79.97118,40.428535
653,1,-80.04091,40.389732
654,110,-80.083626,40.409744
655,111,-112.01323,33.47383
656,2,-73.55172,45.509388
657,1,-79.95151,40.482456
658,1,-79.99588,40.443745
659,2,-79.98286,40.45149
660,2,-115.17935,36.10703
661,2,-80.84224,35.22734
662,1,-79.93818,40.455875
663,2,-111.99778,33.451496
664,1,-80.029106,40.36062
665,1,-79.96398,40.467052
666,2,-73.55482,45.507256
667,112,-80.00207,40.442333
668,1,-79.964424,40.462208
669,2,-80.007355,40.429844
670,1,-79.94959,40.44351
671,2,-80.03473,40.39601
672,1,-79.94882,40.44453
673,1,-79.98572,40.45021
674,1,-79.96413,40.46707
675,2,-80.03473,40.39601
676,2,-80.03473,40.39601
677,1,-111.92621,33.53352
678,1,-79.98155,40.452496
679,113,-79.981964,40.452106
680,114,-80.04481,40.38051
681,1,-79.98436,40.451965
682,1,-80.05209,40.357212
683,1,-79.93257,40.46445
684,1,-80.083626,40.409744
685,2,-80.03473,40.39601
686,1,-80.03473,40.39601
687,1,-80.03473,40.39601
688,115,-80.083626,40.409744
689,1,-79.99645,40.444443
690,1,-79.98017,40.428875
691,1,-79.99703,40.43993
692,2,-115.13717,36.082092
693,116,-88.24386,40.11981
694,1,-79.91953,40.437683
695,2,-89.396385,43.07487
696,2,-79.948654,40.44551
697,117,-111.92427,33.492287
698,1,-79.89372,40.432198
699,2,-73.574394,45.52221
700,1,-79.93342,40.46478
701,1,-79.943665,40.458393
702,1,-79.934555,40.45127
703,2,-89.3908,43.075417
704,1,-79.98428,40.45059
705,10,-115.16876,36.12438
706,1,-79.92406,40.46296
707,1,-79.97433,40.428185
708,2,-112.006714,33.435715
709,2,-79.99644,40.44395
710,2,-112.006714,33.435715
711,118,-73.57112,45.5095
712,1,-79.97939,40.428425
713,1,-79.92282,40.437557
714,2,-79.97943,40.42843
715,1,-79.93016,40.456738
716,1,-79.94854,40.461113
717,1,-79.94854,40.461113
718,1,-79.93418,40.45137
719,1,-79.95193,40.451126
720,119,-79.98642,40.449768
721,120,-79.91953,40.437683
722,121,-80.006966,40.430885
723,10,-115.20959,36.12621
724,1,-79.93318,40.451622
725,122,-79.928535,40.422592
726,123,-79.922714,40.436256
727,124,-79.923164,40.43582
728,1,-115.17618,36.115856
729,1,-79.99732,40.442425
730,1,-79.96404,40.464306
731,125,-79.93418,40.45137
732,126,-79.921364,40.438347
733,127,-80.00206,40.44228
734,2,-115.17484,36.069973
735,1,-79.9828,40.429
736,1,-80.07027,40.39229
737,2,-115.1702,36.102898
738,1,-80.03515,40.395508
739,2,-115.170906,36.103455
740,17,-80.81229,35.22058
741,2,-80.817314,35.221336
742,2,-115.169655,36.12119
743,128,-80.01507,40.432384
744,1,-79.96424,40.466614
745,1,-79.96665,40.426003
746,1,-79.94251,40.465073
747,2,-115.16961,36.121456
748,2,-111.99831,33.30397
749,1,-79.965256,40.427906
750,129,-73.57754,45.516373
751,1,-79.95116,40.482693
752,1,-80.00229,40.441166
753,1,-79.920525,40.476177
754,1,-79.93643,40.456856
755,1,-79.92921,40.458523
756,130,-80.00432,40.448322
757,1,-79.89309,40.489143
758,2,-80.002556,40.442036
759,1,-79.98692,40.44945
760,2,-79.97737,40.428764
761,100,-80.00229,40.441166
762,131,-80.94233,35.218452
763,10,-115.17516,36.109875
764,1,-80.00432,40.448322
765,2,-80.00432,40.448322
766,2,-89.39445,43.07513
767,2,-115.17259,36.112953
768,2,-115.17364,36.121155
769,2,-112.070465,33.452625
770,2,-80.0025,40.4428
771,132,-89.511024,43.095615
772,1,-80.00146,40.441128
773,133,-79.979324,40.42888
774,2,-111.89122,33.6281
775,2,-79.992615,40.446476
776,10,-115.31731,36.160122
777,1,-79.993004,40.439747
778,134,-79.99644,40.44395
779,0,-112.130455,33.52502
780,1,-80.02943,40.451973
781,135,-79.97798,40.42854
782,1,-80.006966,40.430885
783,136,-88.18881,40.081566
784,1,-79.979996,40.429
785,137,-79.94908,40.445145
786,1,-80.00219,40.440994
787,2,-79.93146,40.453358
788,1,-79.99467,40.44421
789,2,-80.04452,40.38011
790,1,-80.00207,40.442333
791,1,-79.91687,40.457184
792,2,-80.005325,40.447388
793,2,-80.00235,40.441795
794,1,-89.37456,43.07695
795,138,-79.931335,40.455956
796,139,-79.91971,40.475437
797,140,-79.99704,40.444035
798,1,-79.91957,40.475876
799,141,-79.94642,40.454704
800,2,-79.99717,40.44379
801,2,-79.9934,40.447525
802,2,-89.34459,43.103558
803,2,-79.98391,40.450836
804,2,-79.955475,40.47894
805,2,-112.03202,33.479977
806,2,-115.17041,36.118294
807,2,-111.928024,33.624035
808,2,-115.32508,36.124886
809,0,-111.978516,33.66773
810,2,-79.983246,40.451347
811,98,-89.42806,43.057484
812,10,-115.23096,36.1148
813,17,-112.07802,33.46546
814,2,-115.27777,36.130028
815,2,-80.00199,40.44066
816,2,-115.17127,36.11288
817,2,-115.17012,36.122276
818,2,-115.16559,36.12689
819,2,-115.17541,36.093304
820,2,-115.16901,35.965446
821,20,-3.161845,55.94409
822,2,-115.16296,36.12714
823,2,-111.99497,33.43605
824,10,-115.3352,36.15803
825,142,-80.00229,40.441166
826,0,-111.92639,33.320343
827,2,-73.574394,45.52221
828,143,-115.20643,36.124985
829,2,-73.56818,45.503872
830,2,-115.18219,36.10132
831,1,-80.00259,40.44029
832,1,-80.00206,40.44228
833,17,-80.84229,35.1998
834,0,-79.921364,40.438347
835,2,-115.17661,36.097107
836,144,-80.00222,40.440998
837,145,-115.15069,36.088383
838,146,-115.1752,36.091843
839,2,-115.17073,36.111183
840,2,-79.98357,40.45203
841,1,-80.00259,40.44029
842,147,-80.84547,35.224457
843,1,-79.99621,40.441677
844,0,-112.35536,33.608017
845,0,-112.36504,33.638195
846,148,-115.16961,36.121452
847,2,-111.89145,33.62742
848,2,-80.00259,40.44029
849,149,-79.983826,40.42946
850,1,-80.0557,40.427166
851,1,-79.97488,40.481285
852,2,-79.95815,40.441235
853,1,-79.94033,40.42626
854,150,-79.97943,40.42843
855,2,-79.98752,40.449078
856,2,-79.99883,40.44119
857,1,-79.922874,40.436363
858,1,-80.00471,40.44087
859,2,-79.96424,40.466614
860,1,-79.977036,40.428806
861,151,-79.95315,40.442776
862,1,-79.9365,40.456238
863,0,-111.92318,33.699768
864,152,-79.978195,40.42836
865,153,-79.99148,40.457184
866,2,-115.15152,36.10749
867,2,-80.007645,40.446323
868,2,-79.985535,40.45074
869,154,-79.961075,40.46995
870,1,-79.95257,40.45219
871,155,-80.0193,40.438557
872,156,-79.98428,40.45059
873,157,-115.17618,36.115856
874,1,-79.99561,40.44443
875,2,-115.16153,36.132683
876,0,-111.757416,33.30427
877,1,-79.92406,40.46296
878,158,-79.950165,40.461956
879,159,-79.92548,40.457867
880,1,-79.92549,40.45775
881,160,-79.97418,40.48139
882,2,-79.98428,40.45059
883,1,-79.907425,40.41295
884,161,-79.97012,40.4618
885,1,-79.96179,40.46951
886,162,-79.93272,40.451653
887,2,-112.07427,33.447517
888,1,-80.016235,40.452145
889,1,-79.934555,40.45127
890,2,-111.994545,33.43402
891,1,-80.00197,40.440838
892,1,-79.92427,40.459957
893,2,-79.96313,40.472446
894,2,-89.394714,43.074917
895,1,-80.01207,40.446186
896,163,-80.00219,40.440994
897,1,-79.92497,40.46028
898,2,-112.01482,33.49574
899,1,-79.90971,40.406338
900,2,-79.92284,40.43771
901,0,-115.17818,36.106815
902,2,-73.574394,45.52221
903,1,-79.95783,40.44077
904,164,-79.92549,40.45775
905,2,-115.17345,36.10306
906,2,-79.98941,40.448463
907,1,-79.998695,40.443043
908,1,-79.95116,40.482693
909,1,-79.98941,40.448463
910,2,-89.3838,43.07744
911,1,-79.984215,40.451656
912,1,-79.922386,40.438145
913,1,-79.92535,40.45992
914,1,-79.98155,40.452496
915,1,-79.99733,40.437107
916,1,-80.00137,40.43972
917,2,-79.93446,40.451183
918,1,-79.893654,40.43257
919,1,-79.918976,40.407063
920,1,-3.1854458,55.94469
921,2,-79.96522,40.42738
922,1,-79.99148,40.457184
923,1,-115.17704,36.10762
924,165,-79.956276,40.440304
925,1,-79.902275,40.446587
926,1,-80.00531,40.434353
927,2,-79.92535,40.45992
928,2,-111.92736,33.583176
929,1,-80.00198,40.442326
930,0,-111.96444,33.67591
931,1,-79.97763,40.4634
932,1,-80.00749,40.43071
933,10,-115.14708,36.166077
934,1,-79.97601,40.42828
935,2,-111.924095,33.492203
936,166,-115.17618,36.115856
937,167,-79.95194,40.482704
938,1,-115.16792,36.11547
939,1,-79.92497,40.46028
940,2,-79.958595,40.441628
941,1,-79.93054,40.456394
942,168,-79.96648,40.462856
943,1,-79.93418,40.45137
944,169,-79.98313,40.45194
945,170,-79.98302,40.451756
946,171,-79.98313,40.45194
947,1,-79.98588,40.45011
948,172,-79.96906,40.42741
949,2,-79.913895,40.45003
950,1,-79.910194,40.407707
951,2,-73.57518,45.483097
952,1,-79.933395,40.451637
953,1,-79.99644,40.44395
954,173,-79.91957,40.475876
955,174,-79.92144,40.47658
956,1,-79.96025,40.470783
957,1,-79.99717,40.44379
958,2,-3.1907861,55.94977
959,1,-79.94866,40.46174
960,2,-115.17022,36.12299
961,1,-79.98155,40.452496
962,2,-115.176414,36.092564
963,0,-112.07358,33.442486
964,1,-79.95289,40.46396
965,2,-79.96413,40.46707
966,175,-80.0176,40.439865
967,2,-115.14289,36.143345
968,1,-79.99659,40.440594
969,2,-80.94279,35.22059
970,2,-115.179085,36.11224
971,1,-80.00206,40.44228
972,176,-80.01689,40.453667
973,1,-80.002495,40.4434
974,2,-112.02615,33.439648
975,177,-112.070465,33.452625
976,1,-79.96525,40.465813
977,0,-112.3934,33.41195
978,178,-115.17259,36.112953
979,179,-80.857635,35.21252
980,180,-115.1677,36.125965
981,2,-112.06551,33.576332
982,181,-79.98941,40.448463
983,2,-112.15017,33.639275
984,182,-115.17501,36.117245
985,2,-89.37217,43.07811
986,183,-79.91971,40.475437
987,17,-80.85571,35.209984
988,184,-79.98941,40.448463
989,185,-79.923164,40.43582
990,1,-79.98941,40.448463
991,1,-79.961075,40.46995
992,17,-80.94362,35.219006
993,2,-80.002884,40.43984
994,0,-111.85958,33.335857
995,186,-79.98416,40.452114
996,1,-80.002884,40.43984
997,2,-80.017494,40.451614
998,2,-115.17704,36.10762
999,187,-79.99659,40.440594
1000,2,-111.80509,33.384415
1001,2,-80.81716,35.21237
1002,2,-79.99485,40.444168
1003,2,-89.35473,43.0921
1004,2,-115.15112,36.086338
1005,17,-80.002335,40.4438
1006,2,-79.95116,40.482693
1007,17,-80.002335,40.4438
1008,2,-80.02124,40.43906
1009,98,-89.32401,43.078587
1010,2,-80.002335,40.4438
1011,188,-115.17641,36.11316
1012,17,-80.002335,40.4438
1013,0,-80.00111,40.443146
1014,0,-112.02817,33.67113
1015,2,-115.333855,36.155964
1016,1,-79.99717,40.44379
1017,10,-112.26355,33.531906
1018,2,-115.141884,36.16918
1019,0,-111.72192,33.60806
1020,189,-80.0193,40.438557
1021,190,-79.97333,40.428215
1022,2,-79.915695,40.410007
1023,1,-79.97433,40.428185
1024,191,-80.00198,40.441013
1025,2,-79.99859,40.44389
1026,2,-80.02834,40.454346
1027,2,-79.99637,40.44417
1028,192,-79.955215,40.479675
1029,2,-89.36643,43.082054
1030,1,-79.958595,40.441628
1031,193,-79.98317,40.45165
1032,2,-115.17103,36.099377
1033,1,-79.902275,40.446587
1034,1,-79.94791,40.460804
1035,1,-80.0549,40.486614
1036,194,-79.93359,40.451363
1037,1,-80.02168,40.394596
1038,195,-79.98317,40.45165
1039,1,-79.92406,40.46296
1040,2,-79.92549,40.45775
1041,196,-79.92228,40.438118
1042,1,-79.94855,40.46186
1043,1,-79.918976,40.407063
1044,1,-79.95811,40.440765
1045,197,-79.95547,40.43905
1046,198,-79.95558,40.465675
1047,1,-79.982285,40.453495
1048,1,-79.92549,40.45775
1049,1,-79.9412,40.464977
1050,1,-79.96665,40.426003
1051,2,-115.16348,36.113026
1052,1,-80.00229,40.441166
1053,1,-79.955475,40.47894
1054,2,-79.949005,40.444893
1055,2,-80.00646,40.410748
1056,199,-79.94724,40.45332
1057,2,-115.177,36.11199
1058,2,-115.17239,36.109104
1059,1,-79.96607,40.46453
1060,0,-79.95351,40.465714
1061,1,-79.98495,40.428596
1062,200,-79.920425,40.475708
1063,1,-79.95116,40.482693
1064,201,-79.93151,40.455765
1065,1,-80.00471,40.44087
1066,2,-79.94899,40.463673
1067,1,-80.04673,40.39371
1068,1,-79.923164,40.43582
1069,112,-79.96607,40.46453
1070,2,-115.15078,36.238735
1071,2,-79.98181,40.452312
1072,1,-79.916855,40.457188
1073,1,-79.920425,40.475708
1074,202,-79.923134,40.433884
1075,203,-79.95356,40.441143
1076,1,-79.91953,40.437683
1077,204,-79.92548,40.457867
1078,1,-79.93318,40.451622
1079,1,-80.05209,40.357212
1080,205,-79.920105,40.43814
1081,206,-79.95593,40.465305
1082,207,-79.98752,40.449078
1083,1,-80.00224,40.45336
1084,1,-79.9827,40.45157
1085,0,-111.91155,33.40709
1086,2,-79.982254,40.453476
1087,1,-79.923134,40.433884
1088,1,-79.96747,40.426888
1089,208,-80.0193,40.438557
1090,209,-79.8921,40.438145
1091,91,-79.94718,40.46064
1092,1,-79.92535,40.45992
1093,210,-79.95194,40.482704
1094,2,-111.9405,33.4272
1095,1,-79.94642,40.454704
1096,1,-79.96607,40.46453
1097,1,-79.981476,40.454384
1098,1,-80.0193,40.438557
1099,1,-80.00207,40.442333
1100,1,-79.893654,40.43257
1101,1,-80.004234,40.44817
1102,211,-79.9825,40.451843
1103,1,-79.950676,40.462757
1104,1,-79.94854,40.461113
1105,212,-79.92282,40.437557
1106,1,-79.95635,40.442287
1107,1,-111.92688,33.500206
1108,213,-79.99031,40.43877
1109,38,-79.950676,40.462757
1110,214,-79.950676,40.462757
1111,215,-79.92262,40.437115
1112,216,-79.90396,40.43287
1113,1,-79.95547,40.43905
1114,1,-79.98181,40.452312
1115,2,-79.942276,40.458267
1116,1,-79.942276,40.458267
1117,1,-79.95017,40.462555
1118,1,-80.0193,40.438557
1119,217,-79.95193,40.451126
1120,1,-79.91447,40.45037
1121,2,-79.96413,40.46707
1122,1,-79.959946,40.470768
1123,1,-79.97601,40.42828
1124,0,-111.78893,33.3441
1125,1,-79.893654,40.43257
1126,218,-79.94843,40.44481
1127,1,-80.01676,40.4521
1128,1,-80.00111,40.443146
1129,1,-79.87027,40.4041
1130,1,-80.016235,40.452145
1131,2,-79.95531,40.43892
1132,1,-80.029106,40.36062
1133,219,-80.00207,40.442333
1134,2,-80.00111,40.443146
1135,1,-80.00224,40.45336
1136,10,-115.03154,36.08272
1137,17,-80.84226,35.225178
1138,1,-80.017494,40.451614
1139,220,-80.086105,40.40776
1140,2,-79.95651,40.442146
1141,221,-79.983116,40.42868
1142,1,-80.083626,40.409744
1143,2,-79.95889,40.47313
1144,222,-115.17382,36.107162
1145,223,-79.94864,40.446068
1146,224,-79.97939,40.428425
1147,17,-80.81488,35.22101
1148,0,-111.9555,33.44235
1149,1,-80.002106,40.43799
1150,1,-80.083626,40.409744
1151,225,-80.00111,40.443146
1152,1,-79.98736,40.427223
1153,2,-115.102715,35.99111
1154,2,-79.95194,40.482704
1155,2,-79.921364,40.438347
1156,1,-115.17659,36.091938
1157,0,-79.92414,40.41547
1158,0,-79.932526,40.451363
1159,2,-73.5918,45.500866
1160,2,-79.97488,40.481285
1161,1,-79.925354,40.460213
1162,2,-115.1695,36.10743
1163,1,-80.00022,40.44389
1164,1,-79.925316,40.458282
1165,1,-79.92497,40.46028
1166,1,-79.97601,40.42828
1167,2,-79.92069,40.43795
1168,1,-79.92303,40.4378
1169,226,-79.95889,40.47313
1170,2,-79.94843,40.44481
1171,1,-79.922874,40.436363
1172,1,-79.95085,40.450356
1173,1,-79.92512,40.460213
1174,1,-79.89373,40.43257
1175,2,-79.91776,40.407154
1176,2,-79.96107,40.46497
1177,1,-115.17591,36.095425
1178,1,-79.924446,40.459885
1179,1,-79.9693,40.42785
1180,1,-79.897575,40.43961
1181,227,-79.92308,40.43384
1182,2,-80.00427,40.4339
1183,0,-111.92819,33.498146
1184,1,-79.93359,40.45095
1185,228,-79.92549,40.45775
1186,10,-115.1546,36.11997
1187,2,-79.913895,40.45003
1188,2,-79.955246,40.438873
1189,2,-73.57749,45.49822
1190,17,-80.00034,40.4436
1191,2,-79.985535,40.45074
1192,2,-79.97356,40.428085
1193,229,-79.95799,40.47511
1194,1,-79.99107,40.43781
1195,1,-79.96398,40.467052
1196,230,-79.931335,40.455956
1197,231,-73.59088,45.51748
1198,232,-79.9935,40.446003
1199,233,-79.95789,40.474514
1200,0,-79.913895,40.45003
1201,2,-79.92144,40.47658
1202,234,-79.96897,40.426804
1203,235,-79.951485,40.45125
1204,1,-79.92856,40.457752
1205,236,-79.951035,40.45063
1206,1,-79.95193,40.451126
1207,1,-79.98416,40.452114
1208,2,-79.93373,40.451447
1209,237,-79.9521,40.46299
1210,195,-79.8888,40.48707
1211,1,-79.95085,40.450356
1212,0,-112.06384,33.517437
1213,238,-79.92282,40.437557
1214,239,-79.973274,40.427086
1215,2,-79.95085,40.450356
1216,2,-80.002556,40.442036
1217,240,-79.932915,40.451668
1218,1,-79.94882,40.44453
1219,241,-79.951584,40.463028
1220,2,-115.17124,36.11788
1221,242,-79.92536,40.45993
1222,1,-79.93643,40.456856
1223,2,-79.934586,40.451202
1224,1,-79.95151,40.482456
1225,1,-79.95257,40.45219
1226,1,-79.933464,40.450825
1227,2,-79.94908,40.445145
1228,0,-112.07409,33.512627
1229,2,-80.817314,35.221336
1230,2,-79.94843,40.44481
1231,0,-111.93498,33.480534
1232,2,-79.93287,40.451584
1233,2,-80.92247,35.190365
1234,2,-73.55392,45.50554
1235,2,-73.574394,45.52221
1236,1,-79.948845,40.461327
1237,10,-115.190506,36.08786
1238,2,-115.17328,36.111885
1239,2,-115.17496,36.121323
1240,1,-80.001625,40.430992
1241,2,-79.97488,40.481285
1242,243,-79.9645,40.42877
1243,1,-79.91892,40.484554
1244,2,-79.99704,40.444035
1245,2,-80.005325,40.447388
1246,244,-79.92144,40.47658
1247,1,-79.99823,40.44394
1248,1,-79.960045,40.470577
1249,1,-79.95547,40.43905
1250,245,-79.91957,40.475876
1251,1,-79.93392,40.450867
1252,2,-79.94735,40.439247
1253,246,-79.92144,40.47658
1254,17,-80.81484,35.24035
1255,17,-80.86563,35.22945
1256,2,-80.85118,35.35255
1257,17,-80.84295,35.226246
1258,247,-80.75058,35.310417
1259,17,-80.804596,35.247356
1260,17,-80.8318,35.14811
1261,17,-80.849625,35.17086
1262,17,-80.88197,35.187443
1263,17,-80.87657,35.15385
1264,17,-80.92766,35.213753
1265,17,-80.8288,35.14714
1266,17,-80.69593,35.11906
1267,17,-80.83551,35.209496
1268,17,-80.84226,35.22518
1269,248,-80.94503,35.322533
1270,249,-80.82406,35.33806
1271,17,-80.88197,35.187443
1272,250,-80.8412,35.199818
1273,17,-80.86414,35.095043
1274,1,-80.71199,35.36839
1275,10,-80.850266,35.23366
1276,17,-80.85008,35.172905
1277,251,-80.861,35.210987
1278,252,-80.91595,35.227707
1279,17,-80.83948,35.22784
1280,17,-80.88197,35.187443
1281,253,-80.848145,35.17423
1282,17,-115.16997,36.11293
1283,17,-80.79486,35.218468
1284,17,-80.86122,35.21396
1285,17,-80.80948,35.24555
1286,17,-80.86769,35.205338
1287,17,-80.841995,35.228313
1288,2,-115.17234,36.110107
1289,17,-80.745094,35.312145
1290,2,-80.71716,35.36997
1291,17,-80.84687,35.172817
1292,17,-80.76947,35.213963
1293,17,-80.76181,35.21186
1294,17,-80.83493,35.055386
1295,17,-80.75665,35.33723
1296,254,-80.94362,35.219006
1297,17,-80.844475,35.070496
1298,17,-80.84266,35.225048
1299,2,-80.83006,35.14594
1300,2,-80.9438,35.221424
1301,17,-80.87767,35.16961
1302,17,-80.85284,35.056007
1303,2,-115.15448,36.11884
1304,17,-80.848854,35.08639
1305,17,-80.84974,35.173286
1306,17,-80.8137,35.219437
1307,17,-80.84224,35.22734
1308,17,-80.729324,35.125607
1309,17,-80.82656,35.213985
1310,17,-80.83246,35.21353
1311,255,-80.96887,35.027836
1312,17,-80.73881,35.327293
1313,256,-80.84059,35.22739
1314,257,-80.84421,35.22746
1315,258,-80.84136,35.068638
1316,17,-80.84965,35.174477
1317,17,-80.86769,35.205338
1318,17,-80.85488,35.21698
1319,17,-80.89677,35.225956
1320,17,-80.851494,35.05252
1321,259,-80.826164,35.213642
1322,17,-80.84318,35.22585
1323,17,-80.850105,35.17086
1324,17,-80.82398,35.157032
1325,17,-80.84442,35.202625
1326,17,-115.1952,36.11531
1327,260,-80.84295,35.226246
1328,17,-80.86769,35.205338
1329,2,-112.000565,33.433685
1330,17,-80.81229,35.22058
1331,17,-80.791985,35.256
1332,17,-80.86769,35.205338
1333,17,-80.8191,35.212875
1334,0,-111.907524,33.421535
1335,17,-80.84837,35.226265
1336,17,-80.7234,35.30574
1337,17,-80.806854,35.106895
1338,17,-80.72688,35.064274
1339,17,-80.72688,35.064274
1340,17,-80.93361,35.13755
1341,17,-80.88197,35.187443
1342,17,-80.85064,35.086285
1343,261,-80.87767,35.16961
1344,17,-80.719315,35.11679
1345,17,-80.84709,35.171738
1346,262,-80.882355,35.076523
1347,0,-80.85239,35.053368
1348,17,-80.81578,35.219257
1349,263,-80.88197,35.187443
1350,17,-80.85311,35.20746
1351,17,-80.84382,35.200817
1352,17,-80.84738,35.04229
1353,2,-80.791985,35.256
1354,17,-80.812126,35.219738
1355,264,-80.80712,35.171127
1356,17,-80.84261,35.06862
1357,2,-80.828545,35.15261
1358,265,-80.750626,35.31071
1359,17,-80.77908,35.095238
1360,17,-80.824425,35.203094
1361,266,-80.81737,35.061054
1362,267,-80.992424,35.05281
1363,268,-80.805695,35.034657
1364,269,-80.72033,35.117504
1365,270,-80.82462,35.20136
1366,17,-80.843506,35.070168
1367,17,-80.75586,35.307903
1368,17,-80.8529,35.19824
1369,17,-80.85239,35.053368
1370,17,-80.70622,35.125896
1371,17,-80.77876,35.096897
1372,17,-80.86146,35.088596
1373,17,-80.85365,35.055824
1374,17,-80.8491,35.174175
1375,17,-80.826164,35.213642
1376,17,-80.72608,35.37364
1377,17,-80.80948,35.24555
1378,17,-80.829475,35.215073
1379,271,-80.81584,35.062054
1380,17,-80.85081,35.05305
1381,17,-80.83246,35.21353
1382,17,-80.8542,35.354176
1383,2,-80.845406,35.087814
1384,17,-80.69834,35.085304
1385,2,-80.86561,35.088676
1386,17,-80.84419,35.226994
1387,17,-80.844475,35.070496
1388,17,-80.760956,35.202946
1389,272,-80.828545,35.15261
1390,17,-80.82557,35.14567
1391,17,-80.80695,35.170803
1392,17,-80.86706,35.089035
1393,273,-80.84432,35.227757
1394,17,-80.8451,35.088627
1395,274,-80.883224,35.180016
1396,17,-80.842285,35.19989
1397,17,-80.853264,35.056316
1398,17,-80.712105,35.132336
1399,17,-80.81175,35.053493
1400,17,-80.84573,35.231762
1401,275,-80.83551,35.209496
1402,2,-80.845726,35.091328
1403,276,-80.84839,35.022457
1404,277,-80.86782,35.093285
1405,17,-80.882355,35.1089
1406,17,-80.848854,35.08639
1407,278,-80.80773,35.106407
1408,17,-80.738144,35.1357
1409,17,-80.84093,35.229603
1410,279,-80.715164,35.14007
1411,280,-80.85056,35.05698
1412,17,-80.80921,35.24483
1413,281,-80.71268,35.13571
1414,282,-80.86957,35.201088
1415,17,-80.79995,35.197205
1416,17,-80.86769,35.205338
1417,17,-80.821625,35.21582
1418,17,-80.83551,35.209496
1419,283,-80.83551,35.209496
1420,17,-80.98693,35.101482
1421,284,-80.843506,35.070168
1422,17,-80.85154,35.057957
1423,285,-80.72336,35.116
1424,17,-80.8771,35.1047
1425,17,-80.8137,35.219437
1426,17,-80.719315,35.11679
1427,17,-80.9869,35.10331
1428,2,-80.80503,35.247604
1429,17,-80.861435,35.20872
1430,17,-80.710075,35.12335
1431,286,-80.84713,35.053158
1432,17,-80.84687,35.172817
1433,17,-80.93436,35.07772
1434,17,-81.03737,35.244488
1435,17,-80.84732,35.052666
1436,287,-80.821976,35.186466
1437,288,-80.91017,35.187122
1438,289,-80.780174,35.095966
1439,17,-80.79486,35.218468
1440,17,-80.86737,35.229053
1441,17,-80.780174,35.095966
1442,17,-80.81484,35.24035
1443,17,-80.82169,35.216213
1444,2,-80.944046,35.220543
1445,17,-80.848145,35.08685
1446,290,-80.83946,35.026176
1447,291,-80.838264,35.21681
1448,292,-80.84686,35.22611
1449,17,-80.843506,35.070168
1450,17,-80.81337,35.220215
1451,17,-80.843346,35.20132
1452,17,-80.9438,35.221424
1453,17,-80.81175,35.220337
1454,17,-80.761215,35.211407
1455,293,-80.81716,35.21237
1456,17,-80.87974,35.18816
1457,17,-80.81175,35.053493
1458,17,-80.85616,35.216366
1459,17,-80.841064,35.22711
1460,294,-80.84402,35.070816
1461,17,-80.84484,35.089493
1462,17,-80.85149,35.05261
1463,17,-80.81206,35.219448
1464,17,-80.83592,35.212738
1465,17,-80.88708,35.085953
1466,17,-80.844475,35.070496
1467,295,-80.98486,35.102867
1468,17,-80.87738,35.08642
1469,296,-80.81488,35.22101
1470,17,-80.84306,35.226566
1471,2,-115.17496,36.121323
1472,17,-80.812,35.220078
1473,2,-115.175804,36.09531
1474,17,-80.77876,35.096897
1475,17,-80.72867,35.12427
1476,17,-80.86409,35.093323
1477,17,-80.86737,35.229053
1478,17,-80.86688,35.199303
1479,17,-80.8451,35.088627
1480,297,-115.141884,36.16918
1481,17,-80.729225,35.123352
1482,298,-80.86414,35.095043
1483,17,-80.884605,35.08442
1484,17,-80.84226,35.225178
1485,17,-80.73002,35.124725
1486,2,-80.81149,35.245277
1487,299,-80.85248,35.05401
1488,17,-80.85149,35.19685
1489,17,-80.765816,35.277916
1490,300,-80.81229,35.22058
1491,301,-80.855446,35.215378
1492,17,-80.80948,35.24555
1493,302,-80.8761,35.179295
1494,303,-80.987404,35.105064
1495,2,-80.84309,35.22877
1496,304,-80.882355,35.1089
1497,17,-80.87974,35.18816
1498,17,-80.84687,35.172817
1499,17,-80.76167,35.21151
1500,17,-80.73496,35.29146
1501,17,-80.82586,35.196793
1502,305,-80.825935,35.213448
1503,17,-80.86122,35.21396
1504,17,-80.79244,35.204468
1505,17,-80.85248,35.05401
1506,17,-80.84226,35.225178
1507,2,-80.84119,35.228916
1508,0,-111.88858,33.674915
1509,17,-80.75586,35.307903
1510,2,-115.17849,36.10924
1511,17,-80.84241,35.22867
1512,2,-111.92753,33.49919
1513,17,-80.8597,35.2084
1514,17,-80.81229,35.22058
1515,17,-80.83798,35.227764
1516,17,-80.822556,35.216587
1517,2,-89.38354,43.07628
1518,17,-80.791985,35.256
1519,17,-80.84059,35.22739
1520,306,-80.93436,35.07772
1521,17,-80.84241,35.22867
1522,0,-112.02839,33.510456
1523,17,-80.85239,35.053368
1524,17,-80.77019,35.214127
1525,17,-80.83041,35.151836
1526,17,-80.828545,35.15261
1527,17,-80.805824,35.24725
1528,17,-80.855446,35.215378
1529,2,-80.857635,35.21252
1530,17,-80.84875,35.174877
1531,10,-111.925766,33.623943
1532,17,-80.84523,35.227413
1533,17,-80.82169,35.216213
1534,307,-80.82638,35.145947
1535,17,-80.83207,35.152573
1536,2,-115.167755,36.123978
1537,17,-80.84979,35.173267
1538,2,-80.84142,35.19913
1539,17,-80.84156,35.226215
1540,17,-80.84382,35.200817
1541,17,-80.855446,35.215378
1542,0,-112.03084,33.487293
1543,2,-88.24267,40.117126
1544,17,-80.780174,35.095966
1545,17,-80.82861,35.152634
1546,2,-111.95149,33.42273
1547,17,-80.856674,35.210552
1548,17,-80.81924,35.22178
1549,17,-80.844315,35.226254
1550,17,-80.8465,35.225826
1551,17,-80.81337,35.220215
1552,17,-80.81337,35.220215
1553,17,-80.72867,35.12427
1554,17,-80.8,35.219612
1555,17,-115.17453,36.112377
1556,2,-3.1953738,55.947857
1557,17,-80.855446,35.215378
1558,17,-80.79244,35.204468
1559,17,-80.848076,35.22434
1560,17,-80.710075,35.12335
1561,17,-80.85571,35.209984
1562,17,-80.84119,35.228916
1563,308,-80.85654,35.215023
1564,17,-80.8288,35.14714
1565,2,-115.1736,36.104923
1566,309,-80.806854,35.106895
1567,310,-80.84043,35.227478
1568,17,-80.81924,35.22178
1569,311,-80.85247,35.2
1570,17,-80.836,35.20552
1571,17,-115.26148,36.113655
1572,2,-115.17306,36.091965
1573,312,-80.92951,35.145897
1574,313,-80.944046,35.220543
1575,17,-80.825935,35.213448
1576,2,-80.8046,35.247852
1577,17,-80.842285,35.19989
1578,314,-80.84078,35.23361
1579,17,-80.8585,35.211533
1580,315,-80.78481,35.384064
1581,17,-80.84702,35.225994
1582,17,-80.835815,35.212837
1583,316,-80.791985,35.256
1584,1,-80.855446,35.215378
1585,17,-80.812,35.220078
1586,317,-80.74955,35.30387
1587,2,-115.151115,36.131237
1588,2,-80.855515,35.21343
1589,17,-80.84226,35.22518
1590,17,-80.83798,35.227764
1591,17,-80.740555,35.316696
1592,2,-80.842514,35.228577
1593,17,-80.84156,35.226215
1594,318,-80.851906,35.197716
1595,17,-80.75586,35.307903
1596,17,-80.85571,35.209984
1597,17,-80.715256,35.37053
1598,17,-80.838196,35.22776
1599,17,-80.84457,35.202496
1600,2,-80.80432,35.247406
1601,2,-80.81333,35.22061
1602,2,-111.94031,33.423107
1603,17,-80.98457,35.102345
1604,17,-80.84842,35.224426
1605,0,-112.04466,33.07018
1606,17,-80.853714,35.21609
1607,17,-80.84446,35.202034
1608,17,-80.88366,35.18137
1609,17,-80.84226,35.22518
1610,17,-80.74978,35.307415
1611,17,-80.73834,35.29622
1612,17,-80.83798,35.227764
1613,0,-111.924515,33.497276
1614,319,-112.098274,33.53864
1615,0,-80.92431,35.146633
1616,17,-80.98473,35.103752
1617,17,-80.85118,35.35255
1618,17,-80.84499,35.239048
1619,17,-80.88627,35.162006
1620,17,-80.82169,35.216213
1621,10,-115.2092,36.246758
1622,17,-80.87563,35.16987
1623,320,-80.84318,35.22585
1624,321,-80.84324,35.222084
1625,17,-80.84686,35.22611
1626,17,-80.856804,35.117275
1627,17,-80.83428,35.15249
1628,2,-80.841675,35.228
1629,0,-111.85977,33.274754
1630,2,-115.1401,36.169327
1631,17,-115.176315,36.109913
1632,17,-80.86737,35.229053
1633,322,-80.729225,35.123352
1634,17,-80.79486,35.218468
1635,1,-80.838264,35.21681
1636,17,-80.85863,35.08983
1637,17,-80.722824,35.37281
1638,2,-80.82494,35.201736
1639,17,-80.82697,35.21424
1640,323,-80.812,35.220078
1641,324,-115.14998,36.1055
1642,2,-80.828545,35.15261
1643,17,-80.7687,35.195984
1644,325,-80.84446,35.202034
1645,17,-80.84687,35.172817
1646,17,-80.83914,35.20394
1647,17,-80.84965,35.174477
1648,17,-80.84446,35.202034
1649,17,-80.81587,35.2208
1650,326,-80.83004,35.151665
1651,327,-80.822556,35.216587
1652,328,-111.939804,33.426353
1653,2,-80.77914,35.095276
1654,17,-115.175064,36.107677
1655,17,-80.871765,35.086987
1656,17,-80.843124,35.227085
1657,17,-80.81579,35.22064
1658,17,-80.77921,35.09758
1659,2,-112.00174,33.436905
1660,17,-80.855446,35.215378
1661,17,-80.841965,35.225376
1662,17,-80.83246,35.147404
1663,17,-80.843094,35.22526
1664,2,-80.842155,35.22921
1665,17,-80.84266,35.225048
1666,2,-115.14064,36.167877
1667,2,-115.1736,36.101585
1668,17,-80.96499,35.00512
1669,2,-115.15126,36.1089
1670,17,-80.843506,35.070168
1671,329,-80.84309,35.22877
1672,330,-80.857635,35.21252
1673,2,-111.92448,33.62557
1674,331,-80.81782,35.061104
1675,17,-80.83889,35.227463
1676,17,-80.840805,35.199097
1677,17,-80.84875,35.174877
1678,332,-80.845085,35.240665
1679,333,-80.750626,35.31071
1680,17,-80.81579,35.22064
1681,17,-80.8546,35.348373
1682,17,-80.81578,35.219257
1683,2,-111.92531,33.526226
1684,17,-80.81229,35.22058
1685,334,-80.791985,35.256
1686,17,-80.85174,35.0535
1687,2,-80.82902,35.14731
1688,335,-112.08219,33.466106
1689,336,-80.77068,35.052113
1690,17,-80.835556,35.206646
1691,17,-80.729225,35.123352
1692,17,-80.842155,35.22921
1693,17,-80.882774,35.083984
1694,17,-80.78777,35.235092
1695,17,-80.841446,35.227985
1696,17,-80.82638,35.145947
1697,337,-80.851906,35.197716
1698,338,-80.8288,35.14714
1699,2,-73.600624,45.523758
1700,17,-80.81496,35.219193
1701,17,-80.85976,35.208424
1702,17,-80.74944,35.310177
1703,17,-80.81175,35.220337
1704,17,-80.854836,35.228397
1705,2,-80.94362,35.219006
1706,17,-80.83551,35.209496
1707,17,-80.88466,35.161373
1708,17,-80.88573,35.08257
1709,17,-80.750046,35.30302
1710,17,-80.93436,35.07772
1711,339,-80.80695,35.170803
1712,17,-80.8582,35.089745
1713,17,-80.85588,35.21002
1714,340,-80.84043,35.227478
1715,2,-111.96457,33.53433
1716,2,-3.1894417,55.95311
1717,17,-80.87657,35.15385
1718,10,-115.26144,36.112984
1719,2,-80.84077,35.226875
1720,2,-80.944046,35.220543
1721,17,-80.73974,35.29418
1722,341,-80.84517,35.226192
1723,2,-115.17395,36.11303
1724,2,-80.82469,35.20043
1725,342,-80.8408,35.226482
1726,2,-80.84339,35.227993
1727,10,-111.96611,33.68348
1728,2,-115.17473,36.098732
1729,0,-112.03397,33.508984
1730,2,-115.16588,36.126873
1731,17,-80.81579,35.22064
1732,17,-80.835396,35.21244
1733,17,-80.78481,35.384064
1734,17,-115.177,36.11199
1735,343,-80.84432,35.227757
1736,17,-80.8137,35.219437
1737,17,-80.7687,35.195984
1738,344,-80.85654,35.215023
1739,17,-80.851204,35.08807
1740,17,-80.84309,35.22877
1741,345,-80.77921,35.09758
1742,17,-80.84547,35.224457
1743,2,-80.84226,35.22518
1744,17,-80.81106,35.220463
1745,17,-80.70758,35.1265
1746,346,-80.83942,35.230232
1747,17,-80.81445,35.220654
1748,347,-80.85005,35.16047
1749,17,-80.99172,35.10174
1750,348,-80.84686,35.22611
1751,17,-80.84442,35.202625
1752,17,-80.84063,35.152016
1753,17,-80.83798,35.227764
1754,17,-80.85935,35.209908
1755,349,-80.98473,35.103752
1756,2,-80.84487,35.226196
1757,350,-80.77068,35.052113
1758,351,-80.8465,35.225826
1759,352,-80.85174,35.0535
1760,0,-111.8323,33.378372
1761,353,-80.83942,35.230232
1762,354,-80.84523,35.227413
1763,17,-80.85469,35.214077
1764,17,-80.8585,35.211533
1765,355,-80.83942,35.230232
1766,17,-80.846985,35.17168
1767,17,-80.791985,35.256
1768,17,-80.854866,35.349392
1769,17,-80.84896,35.233486
1770,17,-80.84444,35.202644
1771,17,-80.88197,35.187443
1772,17,-80.88466,35.161373
1773,17,-80.791145,35.334835
1774,2,-112.07358,33.442486
1775,2,-115.17849,36.10924
1776,2,-115.20641,36.17994
1777,2,-111.93159,33.830368
1778,2,-115.17575,36.108307
1779,0,-115.17618,36.115856
1780,2,-115.16591,36.127686
1781,2,-73.56077,45.508335
1782,17,-80.79463,35.21759
1783,10,-115.226974,36.11462
1784,2,-80.9438,35.221424
1785,2,-115.176575,36.091194
1786,2,-112.07176,33.44931
1787,356,-80.89106,35.18008
1788,17,-80.94421,35.223606
1789,0,-80.8474,35.22155
1790,2,-115.17395,36.11303
1791,2,-80.77836,35.317524
1792,17,-80.74955,35.30387
1793,17,-80.8138,35.2191
1794,17,-80.84123,35.199883
1795,17,-80.75586,35.307903
1796,17,-80.877914,35.17622
1797,357,-80.87526,35.168472
1798,17,-80.72226,35.116573
1799,17,-80.83945,35.17438
1800,17,-80.84972,35.21873
1801,17,-80.841095,35.222584
1802,17,-80.86115,35.209026
1803,358,-80.93213,35.144005
1804,17,-80.93391,35.075474
1805,17,-80.826164,35.213642
1806,359,-80.82461,35.200325
1807,17,-80.81319,35.220215
1808,17,-80.84674,35.22601
1809,17,-80.81206,35.241146
1810,98,-89.456314,43.014187
1811,2,-80.84568,35.22235
1812,17,-80.84446,35.202034
1813,0,-115.16961,36.121456
1814,2,-80.841965,35.225376
1815,2,-80.83482,35.055447
1816,2,-115.169655,36.12119
1817,17,-80.93361,35.13755
1818,17,-80.82555,35.197517
1819,17,-80.85696,35.220036
1820,17,-80.74978,35.307415
1821,17,-80.72708,35.19117
1822,17,-80.828545,35.15261
1823,17,-80.84955,35.175262
1824,17,-80.944046,35.220543
1825,17,-80.81175,35.220337
1826,17,-80.850105,35.160545
1827,2,-112.073105,33.449383
1828,0,-112.0748,33.448425
1829,2,-80.83798,35.227764
1830,17,-80.836845,35.15475
1831,2,-115.16901,35.965446
1832,360,-80.81215,35.053654
1833,361,-115.17332,36.11567
1834,17,-80.84831,35.17095
1835,17,-80.85186,35.053413
1836,17,-80.98988,35.10504
1837,2,-73.57112,45.5095
1838,17,-80.82406,35.33806
1839,17,-80.83798,35.227764
1840,2,-111.909645,33.40716
1841,2,-80.8318,35.14811
1842,2,-80.84013,35.227318
1843,2,-80.944046,35.220543
1844,17,-80.74904,35.302338
1845,17,-80.8636,35.205193
1846,17,-80.84013,35.227318
1847,17,-80.85876,35.211227
1848,17,-80.84573,35.231762
1849,17,-80.86769,35.205338
1850,17,-80.86004,35.207157
1851,362,-81.02778,35.25423
1852,17,-80.85409,35.05622
1853,17,-80.83841,35.23079
1854,17,-80.80695,35.170803
1855,17,-80.84723,35.02263
1856,2,-115.17462,36.142902
1857,17,-80.85056,35.05698
1858,17,-80.81716,35.21237
1859,2,-80.84226,35.22518
1860,17,-80.81337,35.220215
1861,2,-80.944046,35.220543
1862,10,-115.08588,36.02942
1863,2,-115.15112,36.086338
1864,17,-80.841965,35.225376
1865,17,-80.8542,35.354176
1866,2,-80.94279,35.22059
1867,363,-80.79979,35.17564
1868,98,-89.36941,43.08006
1869,364,-80.750626,35.31071
1870,2,-115.16269,36.144295
1871,17,-80.93866,35.09545
1872,17,-80.822556,35.216587
1873,17,-80.84979,35.173267
1874,2,-80.848495,35.224663
1875,10,-115.15716,36.114746
1876,365,-80.855446,35.215378
1877,17,-80.84077,35.226875
1878,2,-80.8191,35.212875
1879,17,-80.84484,35.089493
1880,366,-80.83889,35.227463
1881,17,-80.83188,35.156338
1882,17,-80.84442,35.202625
1883,17,-80.84013,35.227318
1884,98,-89.326256,43.140068
1885,17,-112.07232,33.457657
1886,2,-80.842514,35.228577
1887,17,-80.8,35.219612
1888,17,-80.84442,35.202625
1889,2,-80.812126,35.219738
1890,17,-80.9438,35.221424
1891,367,-80.84013,35.227318
1892,368,-115.145645,36.124844
1893,369,-80.818275,35.213223
1894,2,-80.844475,35.070496
1895,0,-111.85849,33.348263
1896,370,-80.86737,35.229053
1897,371,-80.84013,35.227318
1898,372,-80.87563,35.16987
1899,17,-80.84359,35.200356
1900,17,-80.65265,35.077168
1901,373,-80.83889,35.227463
1902,17,-80.813225,35.219067
1903,2,-80.85876,35.211227
1904,17,-80.81782,35.061104
1905,374,-80.84419,35.226994
1906,2,-80.842514,35.228577
1907,2,-115.167404,36.126812
1908,2,-115.17459,36.112022
1909,375,-80.85204,35.34832
1910,17,-80.84442,35.202625
1911,17,-80.84318,35.22585
1912,17,-80.8512,35.234673
1913,376,-80.845665,35.23918
1914,17,-80.838165,35.23109
1915,17,-80.79759,35.17638
1916,377,-80.84012,35.15234
1917,17,-80.854935,35.216293
1918,17,-80.838745,35.19644
1919,17,-80.85149,35.05261
1920,378,-80.83798,35.227764
1921,17,-80.80893,35.034092
1922,2,-115.16908,36.123558
1923,379,-80.822556,35.216587
1924,380,-80.86443,35.203014
1925,17,-80.78368,35.212433
1926,17,-80.84547,35.224457
1927,0,-115.33387,36.152832
1928,17,-80.84115,35.22782
1929,17,-80.76947,35.213963
1930,17,-80.84379,35.22627
1931,381,-80.81206,35.241146
1932,17,-80.84749,35.08565
1933,17,-80.9054,35.136276
1934,382,-80.855446,35.215378
1935,2,-80.84253,35.226448
1936,383,-80.737816,35.296696
1937,17,-80.84419,35.07105
1938,384,-80.85616,35.216366
1939,385,-80.839645,35.22161
1940,386,-80.844315,35.226254
1941,17,-80.838264,35.21681
1942,17,-80.86769,35.205338
1943,17,-80.73764,35.140625
1944,17,-80.821625,35.21582
1945,2,-80.84382,35.200817
1946,0,-112.00717,33.435467
1947,17,-80.856674,35.210552
1948,387,-80.848495,35.224663
1949,17,-80.86706,35.089035
1950,2,-115.1725,36.110065
1951,17,-115.06474,36.121418
1952,388,-80.72867,35.12427
1953,17,-80.82169,35.216213
1954,2,-80.76707,35.279892
1955,17,-80.84309,35.22877
1956,17,-80.8761,35.179295
1957,17,-80.9373,35.305157
1958,389,-112.0037,33.49516
1959,390,-80.77876,35.096897
1960,17,-80.81716,35.21237
1961,391,-80.84115,35.22782
1962,1,-80.84965,35.174477
1963,17,-80.855446,35.215378
1964,392,-80.71115,35.365433
1965,17,-80.836,35.20552
1966,2,-80.84115,35.22782
1967,17,-80.88263,35.178288
1968,17,-80.9373,35.305157
1969,2,-80.81716,35.21237
1970,393,-80.81279,35.21906
1971,17,-73.57175,45.50858
1972,17,-80.85641,35.23433
1973,394,-115.1173,36.10117
1974,17,-80.83176,35.15394
1975,395,-80.80503,35.247604
1976,17,-80.8137,35.219437
1977,17,-80.8412,35.199818
1978,396,-80.826744,35.214165
1979,17,-80.86092,35.206688
1980,397,-80.8408,35.226482
1981,17,-80.84446,35.202034
1982,2,-80.83889,35.227463
1983,17,-80.93391,35.075474
1984,17,-80.83889,35.227463
1985,17,-80.83889,35.227463
1986,398,-80.841995,35.228313
1987,17,-80.84615,35.22533
1988,0,-111.929985,33.496662
1989,399,-111.91712,33.64557
1990,17,-80.82185,35.221504
1991,1,-80.8761,35.139603
1992,17,-80.849266,35.17167
1993,17,-80.81689,35.22073
1994,17,-80.83428,35.15249
1995,17,-80.806854,35.106895
1996,17,-80.85603,35.348896
1997,17,-80.848076,35.22434
1998,400,-80.86158,35.208755
1999,2,-80.84226,35.225178
2000,17,-80.804146,35.247776
2001,17,-80.85757,35.214363
2002,17,-80.73047,35.37428
2003,2,-115.17345,36.10306
2004,17,-112.07551,33.449596
2005,401,-80.842155,35.22921
2006,402,-80.8451,35.088627
2007,2,-80.86115,35.209026
2008,17,-80.84222,35.06838
2009,403,-80.841995,35.228313
2010,17,-80.84907,35.160313
2011,17,-115.16587,36.126877
2012,17,-80.84875,35.174877
2013,17,-80.84942,35.17096
2014,17,-80.89106,35.18008
2015,17,-80.83933,35.22506
2016,17,-80.836845,35.15475
2017,17,-80.857635,35.21252
2018,17,-80.8137,35.219437
2019,17,-80.8585,35.211533
2020,2,-73.55787,45.50043
2021,2,-111.96457,33.53433
2022,17,-80.77451,35.23672
2023,2,-80.841965,35.225376
2024,2,-80.84732,35.226967
2025,17,-115.14479,36.170017
2026,404,-80.84457,35.202496
2027,17,-80.81737,35.061054
2028,405,-80.805824,35.24725
2029,406,-80.84144,35.227737
2030,2,-111.941315,33.625683
2031,17,-80.86769,35.205338
2032,17,-80.81116,35.219177
2033,407,-80.68446,35.138348
2034,408,-80.82393,35.155994
2035,17,-80.80584,35.24687
2036,17,-80.841965,35.225376
2037,17,-80.84442,35.202625
2038,10,-115.209656,36.127045
2039,17,-80.84511,35.238907
2040,17,-80.857635,35.21252
2041,17,-80.86769,35.205338
2042,409,-80.85168,35.055405
2043,17,-80.7234,35.30574
2044,17,-80.70224,35.12819
2045,17,-80.850105,35.160545
2046,410,-80.84359,35.200356
2047,17,-80.83791,35.22758
2048,17,-80.80948,35.24555
2049,411,-115.17087,36.10242
2050,17,-80.86122,35.21396
2051,17,-80.826744,35.214165
2052,17,-80.86561,35.088676
2053,17,-80.842285,35.19989
2054,17,-80.81337,35.220215
2055,17,-80.77077,35.052982
2056,17,-80.817314,35.221336
2057,17,-80.82628,35.213722
2058,17,-80.7296,35.081844
2059,17,-80.84224,35.22734
2060,2,-115.242714,36.036674
2061,17,-80.81561,35.220566
2062,17,-80.85616,35.216366
2063,17,-80.83188,35.156338
2064,412,-80.80488,35.24732
2065,413,-80.84322,35.06882
2066,17,-80.75586,35.307903
2067,414,-80.93436,35.07772
2068,415,-80.737656,35.16283
2069,10,-115.13808,36.167904
2070,416,-115.141846,36.17241
2071,17,-80.793304,35.03872
2072,17,-80.81206,35.219448
2073,2,-80.842155,35.22921
2074,2,-115.1546,36.11997
2075,2,-115.17784,36.092987
2076,417,-115.17516,36.109875
2077,2,-80.84253,35.226448
2078,2,-73.750114,45.456585
2079,17,-80.7978,35.176723
2080,17,-80.855446,35.215378
2081,17,-80.791145,35.334835
2082,418,-80.84932,35.17512
2083,17,-81.0058,35.272568
2084,17,-80.828545,35.15261
2085,2,-80.8758,35.159824
2086,2,-115.17054,36.10259
2087,17,-80.84905,35.217537
2088,17,-80.84932,35.16113
2089,419,-80.93977,35.242043
2090,17,-80.99172,35.10174
2091,2,-80.88657,35.162937
2092,17,-80.74168,35.295757
2093,17,-80.94015,35.13591
2094,17,-80.87657,35.15385
2095,420,-80.825935,35.213448
2096,17,-80.86014,35.20661
2097,17,-80.8137,35.219437
2098,10,-80.85273,35.34764
2099,17,-80.81279,35.21906
2100,17,-115.14639,36.081303
2101,421,-80.737595,35.297573
2102,17,-80.84309,35.22877
2103,10,-115.262115,36.196945
2104,2,-80.92195,35.190178
2105,17,-80.84831,35.17095
2106,17,-80.845085,35.240665
2107,0,-111.72112,33.36568
2108,2,-80.92379,35.228855
2109,17,-80.84487,35.226196
2110,422,-80.81176,35.218914
2111,17,-80.8627,35.208965
2112,17,-80.80948,35.24555
2113,423,-80.84442,35.202625
2114,17,-80.86414,35.095043
2115,424,-80.93672,35.136356
2116,17,-80.825935,35.213448
2117,17,-80.849,35.171814
2118,17,-80.8525,35.198616
2119,17,-80.852196,35.2195
2120,17,-80.81175,35.220337
2121,425,-80.8288,35.14714
2122,17,-80.745094,35.312145
2123,17,-80.75656,35.309387
2124,17,-80.84905,35.217537
2125,17,-80.77921,35.09758
2126,426,-80.84905,35.217537
2127,17,-80.86122,35.21396
2128,17,-80.84468,35.223866
2129,17,-80.85251,35.200462
2130,17,-80.84309,35.22877
2131,17,-80.81496,35.219193
2132,427,-80.67065,35.28332
2133,17,-80.83176,35.15394
2134,17,-80.83798,35.227764
2135,17,-80.848076,35.22434
2136,17,-80.835815,35.212837
2137,17,-80.84868,35.22403
2138,1,-80.8761,35.179295
2139,17,-80.85876,35.211227
2140,17,-80.84446,35.202034
2141,17,-80.84875,35.174877
2142,17,-80.85174,35.0535
2143,17,-80.747345,35.29738
2144,17,-80.84309,35.22877
2145,428,-80.935394,35.138138
2146,17,-80.78777,35.235092
2147,429,-80.81733,35.220654
2148,430,-80.83551,35.209496
2149,10,-115.17186,36.11744
2150,2,-80.93361,35.13755
2151,17,-80.84875,35.174877
2152,431,-80.84965,35.174477
2153,17,-111.92562,33.491695
2154,340,-80.82424,35.212017
2155,432,-80.87645,35.166206
2156,433,-80.944695,35.12989
2157,434,-80.799644,35.176636
2158,435,-80.86737,35.229053
2159,17,-80.77111,35.06428
2160,17,-80.799644,35.176636
2161,17,-80.81229,35.22058
2162,2,-115.17422,36.109562
2163,2,-115.17582,36.11773
2164,17,-80.81206,35.241146
2165,17,-80.857635,35.21252
2166,17,-80.81175,35.220337
2167,0,-80.85571,35.209984
2168,436,-80.844475,35.070496
2169,437,-80.80546,35.247375
2170,17,-80.81918,35.22167
2171,17,-80.84,35.174778
2172,17,-80.84115,35.22782
2173,17,-111.926735,33.657112
2174,17,-80.70049,35.13039
2175,17,-80.855835,35.210754
2176,17,-80.85326,35.348793
2177,17,-80.81716,35.21237
2178,17,-80.84502,35.20314
2179,17,-80.82494,35.201736
2180,17,-80.807144,35.17182
2181,17,-80.84,35.174778
2182,17,-80.8761,35.179295
2183,17,-80.80123,35.178036
2184,17,-80.83551,35.209496
2185,17,-80.8607,35.209244
2186,438,-80.843506,35.070168
2187,17,-80.852196,35.2195
2188,439,-80.938576,35.057438
2189,17,-115.15387,36.110085
2190,440,-80.82169,35.216213
2191,441,-80.82461,35.200325
2192,442,-80.84383,35.22691
2193,443,-80.79486,35.218468
2194,444,-80.81206,35.241146
2195,17,-80.85935,35.209908
2196,17,-80.81043,35.220932
2197,17,-80.84,35.174778
2198,10,-115.22625,36.086525
2199,17,-80.818085,35.21314
2200,17,-80.805695,35.034657
2201,445,-80.828156,35.151096
2202,17,-80.93542,35.13835
2203,17,-80.804825,35.24775
2204,17,-80.82797,35.146362
2205,17,-80.8546,35.348373
2206,17,-80.84658,35.170643
2207,17,-80.843506,35.070168
2208,446,-80.82792,35.15396
2209,17,-80.81716,35.21237
2210,17,-80.855835,35.210754
2211,17,-80.84119,35.22911
2212,17,-115.172455,36.111073
2213,17,-80.828545,35.15261
2214,17,-80.81716,35.21237
2215,447,-80.79244,35.204468
2216,17,-80.84382,35.200817
2217,17,-79.961075,40.46995
2218,17,-80.859634,35.21071
2219,17,-80.936554,35.145733
2220,17,-80.791985,35.256
2221,17,-80.738144,35.1357
2222,17,-80.8318,35.14811
2223,2,-115.19496,36.114685
2224,2,-115.209656,36.127045
2225,17,-115.17688,36.111946
2226,17,-80.81149,35.245277
2227,448,-80.662704,35.17221
2228,17,-80.81716,35.21237
2229,449,-80.83798,35.227764
2230,0,-111.995705,33.63991
2231,17,-80.86004,35.207157
2232,17,-80.88079,35.107975
2233,17,-80.8749,35.189774
2234,17,-80.83491,35.2131
2235,450,-80.84722,35.08597
2236,17,-80.82852,35.215477
2237,17,-80.82462,35.20136
2238,17,-80.86146,35.088596
2239,17,-80.81561,35.220566
2240,451,-80.82852,35.215477
2241,452,-80.84482,35.199852
2242,453,-80.84379,35.22627
2243,17,-80.8138,35.2191
2244,17,-80.86405,35.229416
2245,17,-80.85118,35.35255
2246,2,-80.88002,35.17877
2247,17,-80.80712,35.171127
2248,17,-81.0058,35.272568
2249,454,-80.84168,35.15213
2250,17,-80.83987,35.132023
2251,17,-80.86405,35.229416
2252,17,-80.82453,35.202103
2253,17,-80.8135,35.33469
2254,17,-80.84831,35.17095
2255,17,-80.81587,35.2208
2256,455,-80.81716,35.21237
2257,456,-80.826164,35.213642
2258,457,-80.826164,35.213642
2259,17,-80.85064,35.086285
2260,17,-80.70224,35.12819
2261,2,-115.17306,36.091965
2262,17,-80.72708,35.19117
2263,17,-80.70828,35.1268
2264,2,-79.964424,40.462208
2265,458,-80.825935,35.213448
2266,2,-80.85876,35.211227
2267,17,-80.73764,35.140625
2268,17,-80.87531,35.155407
2269,17,-80.845085,35.240665
2270,17,-80.82586,35.196793
2271,459,-115.284355,36.138515
2272,460,-80.843506,35.070168
2273,443,-80.82398,35.157032
2274,17,-80.81733,35.220654
2275,17,-80.75586,35.307903
2276,461,-80.82656,35.213985
2277,462,-80.8412,35.199818
2278,2,-111.92483,33.63489
2279,17,-80.84687,35.172817
2280,17,-80.826164,35.213642
2281,463,-115.25142,36.067112
2282,17,-80.77807,35.104717
2283,17,-80.861115,35.20664
2284,17,-80.812,35.220078
2285,464,-80.81299,35.05344
2286,465,-80.848145,35.17423
2287,17,-80.845024,35.239048
2288,466,-80.80634,35.03434
2289,467,-80.843506,35.070168
2290,468,-111.68722,33.37454
2291,17,-80.845665,35.23918
2292,17,-80.84573,35.231762
2293,17,-80.82113,35.214535
2294,17,-80.8138,35.2191
2295,17,-80.82462,35.20136
2296,17,-80.87846,35.137302
2297,469,-80.944695,35.12989
2298,2,-80.856674,35.210552
2299,1,-80.80878,35.204247
2300,17,-80.85247,35.2
2301,17,-80.85616,35.216366
2302,17,-80.84713,35.053158
2303,470,-80.8122,35.053814
2304,471,-80.88197,35.187443
2305,17,-80.88627,35.162006
2306,472,-80.70224,35.12819
2307,2,-80.82113,35.214535
2308,470,-80.73002,35.124725
2309,17,-80.75586,35.307903
2310,473,-80.82113,35.214535
2311,17,-80.81175,35.220337
2312,17,-80.8,35.219612
2313,17,-80.73821,35.317947
2314,474,-80.8761,35.179295
2315,17,-80.672165,35.318203
2316,17,-80.84927,35.171734
2317,17,-80.87728,35.082138
2318,17,-80.83188,35.156338
2319,17,-80.87974,35.18816
2320,2,-115.176315,36.109913
2321,0,-115.14069,36.169037
2322,2,-89.52668,43.093647
2323,2,-115.16879,36.122967
2324,2,-115.15057,36.135254
2325,2,-115.17019,36.123405
2326,0,-111.89978,33.523556
2327,2,-111.99559,33.511234
2328,2,-115.1725,36.127174
2329,2,-73.58058,45.519264
2330,2,-115.168106,36.103798
2331,20,-3.1858778,55.947155
2332,2,-115.17306,36.091965
2333,2,-115.167725,36.103397
2334,17,-80.737595,35.297573
2335,10,-115.08998,36.020554
2336,2,-111.8591,33.377247
2337,475,-115.16416,36.06009
2338,2,-115.25142,36.067112
2339,2,-111.91975,33.636482
2340,2,-115.15271,36.108807
2341,10,-115.16938,36.10251
2342,2,-115.16923,36.121773
2343,0,-111.8251,33.36258
2344,17,-80.77451,35.23672
2345,17,-80.85504,35.353085
2346,2,-115.1529,36.13159
2347,2,-111.9258,33.477177
2348,2,-115.167725,36.103397
2349,17,-80.83901,35.17464
2350,2,-115.15979,36.11516
2351,2,-115.16845,36.123913
2352,2,-115.17704,36.10762
2353,2,-115.17368,36.12316
2354,17,-80.83889,35.227463
2355,0,-111.93159,33.830368
2356,2,-115.168724,36.123
2357,0,-111.77165,33.406406
2358,2,-115.17581,36.08995
2359,476,-80.944046,35.220543
2360,2,-73.55482,45.507256
2361,2,-115.16592,36.127502
2362,2,-112.006714,33.435715
2363,2,-115.170616,36.124756
2364,0,-112.185715,33.583206
2365,2,-111.93395,33.49345
2366,2,-115.167755,36.123943
2367,2,-115.174644,36.109913
2368,2,-115.17243,36.119926
2369,2,-115.174416,36.127724
2370,0,-112.2877,33.564358
2371,2,-80.00034,40.4436
2372,2,-115.176155,36.09279
2373,2,-111.97825,33.74134
2374,0,-111.960075,33.349594
2375,2,-80.944046,35.220543
2376,2,-115.17787,36.11706
2377,2,-115.168816,36.11002
2378,2,-111.976555,33.677334
2379,2,-115.1695,36.10743
2380,2,-115.17033,36.12362
2381,0,-112.06516,33.519554
2382,2,-73.750114,45.456585
2383,0,-112.08059,33.4803
2384,2,-111.999176,33.442745
2385,0,-112.06453,33.531372
2386,2,-115.168846,36.122505
2387,0,-111.99575,33.50231
2388,2,-80.944046,35.220543
2389,2,-115.17644,36.116367
2390,2,-115.15822,36.161972
2391,2,-115.17086,36.10993
2392,2,-111.99778,33.451496
2393,2,-112.240166,33.58112
2394,2,-88.2437,40.118378
2395,2,-115.08266,36.15512
2396,2,-115.14867,36.08358
2397,2,-115.17407,36.121197
2398,2,-115.17501,36.11692
2399,2,-115.17618,36.115856
2400,477,-115.171135,36.117336
2401,0,-111.7195,33.34711
2402,2,-73.55588,45.501442
2403,2,-115.17027,36.12308
2404,2,-80.944046,35.220543
2405,0,-115.18231,36.140705
2406,2,-80.9438,35.221424
2407,2,-112.26275,33.527668
2408,0,-111.91631,33.451744
2409,98,-115.14064,36.167877
2410,2,-115.19791,36.125908
2411,2,-80.854935,35.216297
2412,0,-80.944046,35.220543
2413,2,-88.22969,40.110043
2414,478,-112.02849,33.510426
2415,479,-115.150406,36.08863
2416,0,-111.926315,33.490158
2417,480,-80.944046,35.220543
2418,2,-73.60804,45.530563
2419,2,-73.581505,45.530922
2420,38,-73.587036,45.52039
2421,2,-89.38434,43.07243
2422,2,-115.14528,36.1616
2423,0,-111.8578,33.365765
2424,2,-115.17473,36.098732
2425,2,-79.98752,40.449078
2426,2,-80.843506,35.070168
2427,17,-80.91943,35.183266
2428,2,-79.95666,40.442276
2429,0,-111.999565,33.495495
2430,2,-80.828545,35.15261
2431,17,-80.84137,35.228867
2432,0,-111.941376,33.423275
2433,0,-111.95392,33.40789
2434,2,-80.944046,35.220543
2435,2,-115.257744,36.26483
2436,17,-80.80133,35.17737
2437,2,-115.13595,36.105026
2438,481,-112.06483,33.457333
2439,0,-111.98909,33.42159
2440,17,-80.937355,35.135857
2441,482,-80.83493,35.055386
2442,2,-112.057686,33.639492
2443,2,-80.944046,35.220543
2444,0,-111.921135,33.499172
2445,2,-115.173874,36.109753
2446,483,-115.155205,36.14771
2447,2,-73.56928,45.50419
2448,484,-80.7174,35.36955
2449,17,-80.8758,35.159824
2450,2,-80.944046,35.220543
2451,0,-112.073875,33.446995
2452,17,-80.8758,35.159824
2453,17,-80.84123,35.199883
2454,17,-80.70224,35.12819
2455,10,-115.22152,36.228466
2456,0,-111.96797,33.317436
2457,10,-115.13576,36.035084
2458,2,-80.944046,35.220543
2459,2,-112.006714,33.435715
2460,2,-80.944016,35.220257
2461,2,-88.23019,40.11038
2462,10,-115.27997,36.078644
2463,2,-80.944046,35.220543
2464,2,-80.944046,35.220543
2465,2,-115.15126,36.1089
2466,2,-80.944046,35.220543
2467,17,-80.85149,35.05261
2468,2,-115.17124,36.11788
2469,485,-80.88708,35.085953
2470,486,-89.51173,43.095787
2471,2,-80.9438,35.221424
2472,17,-80.828545,35.15261
2473,2,-80.944046,35.220543
2474,10,-115.1068,36.071945
2475,487,-80.01567,40.446617
2476,2,-115.15112,36.086338
2477,2,-73.57453,45.496788
2478,0,-111.83632,33.587124
2479,2,-80.944046,35.220543
2480,2,-80.81106,35.220463
2481,2,-80.944046,35.220543
2482,17,-80.83592,35.212738
2483,10,-115.127525,36.020584
2484,2,-89.38412,43.074703
2485,2,-80.75565,35.294712
2486,2,-80.944046,35.220543
2487,2,-80.944046,35.220543
2488,0,-80.944046,35.220543
2489,2,-112.01903,33.540977
2490,2,-80.944046,35.220543
2491,0,-111.97622,33.676357
2492,2,-80.944046,35.220543
2493,2,-80.944046,35.220543
2494,2,-80.944046,35.220543
2495,17,-80.84012,35.15234
2496,17,-80.81716,35.21237
2497,17,-80.863365,35.229313
2498,17,-80.855835,35.210754
2499,17,-80.81175,35.220337
2500,17,-80.81924,35.22178
2501,488,-80.95081,35.151787
2502,17,-80.72212,35.36922
2503,17,-80.87974,35.18816
2504,17,-80.838196,35.22776
2505,17,-80.88912,35.22449
2506,17,-80.84687,35.172817
2507,17,-80.82622,35.19799
2508,17,-80.853,35.19803
2509,489,-111.883736,33.583702
2510,17,-80.833626,35.221504
2511,17,-80.84168,35.15213
2512,490,-80.82802,35.154266
2513,491,-80.84482,35.199852
2514,17,-80.78368,35.212433
2515,492,-80.849266,35.17167
2516,2,-115.175026,36.121967
2517,17,-80.849266,35.17167
2518,2,-115.17113,36.12856
2519,17,-80.821625,35.21582
2520,17,-80.82461,35.200325
2521,493,-80.8318,35.14811
2522,2,-115.14339,36.169838
2523,494,-80.863754,35.203762
2524,2,-80.84012,35.15234
2525,17,-80.844475,35.070496
2526,17,-80.844475,35.070496
2527,495,-80.8585,35.211533
2528,496,-80.70224,35.12819
2529,497,-80.79466,35.15652
2530,17,-80.84261,35.06862
2531,498,-80.80747,35.171265
2532,499,-80.78368,35.212433
2533,17,-80.844475,35.070496
2534,500,-80.85757,35.116966
2535,2,-80.81543,35.062252
2536,17,-80.814415,35.240734
2537,17,-80.84422,35.232487
2538,17,-80.84309,35.22877
2539,501,-80.84123,35.199883
2540,502,-80.85005,35.16047
2541,10,-80.828545,35.15261
2542,503,-80.823685,35.156307
2543,504,-111.96613,33.684566
2544,505,-80.82785,35.15082
2545,17,-80.81206,35.241146
2546,17,-80.77451,35.23672
2547,506,-80.75665,35.33723
2548,17,-80.81206,35.241146
2549,507,-80.858955,35.092243
2550,17,-80.749275,35.310623
2551,2,-115.16935,35.965126
2552,17,-80.84979,35.173267
2553,17,-80.80948,35.24555
2554,508,-80.84261,35.06862
2555,17,-80.81488,35.22101
2556,509,-80.812,35.220078
2557,2,-111.93209,33.50269
2558,2,-80.83187,35.153908
2559,2,-115.18219,36.10132
2560,17,-80.794655,35.15654
2561,17,-115.149734,36.11512
2562,17,-80.7296,35.081844
2563,17,-80.88562,35.082645
2564,17,-80.74955,35.30387
2565,510,-80.79589,35.335686
2566,511,-80.844315,35.226254
2567,2,-80.853,35.19803
2568,17,-80.874886,35.194466
2569,512,-80.98988,35.10504
2570,17,-80.81337,35.220215
2571,513,-80.82779,35.146812
2572,514,-80.780136,35.09601
2573,17,-80.822556,35.216587
2574,17,-80.8288,35.14714
2575,515,-80.85284,35.056007
2576,17,-80.835815,35.212837
2577,0,-80.82779,35.146812
2578,17,-80.81726,35.07896
2579,516,-80.8288,35.14714
2580,517,-80.83798,35.227764
2581,453,-80.82453,35.202103
2582,518,-80.82586,35.196793
2583,17,-80.812126,35.219738
2584,17,-80.83176,35.15394
2585,17,-80.75417,35.30588
2586,17,-80.69245,35.081844
2587,17,-80.861,35.210987
2588,519,-80.850105,35.17086
2589,520,-80.856674,35.210552
2590,521,-80.828156,35.151096
2591,17,-80.844475,35.070496
2592,522,-80.83304,35.14736
2593,523,-80.83342,35.14839
2594,17,-80.75586,35.307903
2595,17,-80.857635,35.21252
2596,17,-80.84875,35.174877
2597,2,-115.24279,36.198753
2598,2,-80.93305,35.137833
2599,17,-80.84965,35.174477
2600,524,-81.045166,35.25219
2601,17,-80.834305,35.152843
2602,17,-80.8597,35.2084
2603,17,-80.68446,35.138348
2604,17,-80.88708,35.085953
2605,525,-80.93436,35.07772
2606,2,-80.76431,35.199528
2607,526,-81.03737,35.244488
2608,17,-80.828545,35.15261
2609,2,-80.81488,35.22101
2610,527,-80.80432,35.247406
2611,17,-80.84989,35.17166
2612,17,-80.86769,35.205338
2613,2,-115.173004,36.08616
2614,17,-80.84226,35.22518
2615,17,-80.98457,35.102345
2616,17,-80.838165,35.23109
2617,17,-80.824425,35.203094
2618,17,-80.828156,35.151096
2619,17,-80.85488,35.21698
2620,528,-80.84927,35.171734
2621,529,-80.79463,35.21759
2622,17,-80.84831,35.17095
2623,530,-80.8412,35.199818
2624,2,-115.17087,36.10242
2625,531,-80.99087,35.04719
2626,0,-111.89333,33.62839
2627,532,-80.82453,35.202103
2628,17,-80.85541,35.2154
2629,533,-80.80878,35.204247
2630,17,-80.83041,35.151836
2631,534,-80.80878,35.204247
2632,17,-80.84379,35.22627
2633,17,-80.750656,35.30877
2634,0,-112.07341,33.5137
2635,17,-80.8585,35.211533
2636,38,-73.57779,45.529545
2637,17,-80.94419,35.007748
2638,17,-80.74904,35.302338
2639,17,-80.85906,35.349594
2640,1,-80.8627,35.208965
2641,17,-80.839645,35.15207
2642,17,-80.748726,35.304276
2643,17,-80.71115,35.365433
2644,535,-80.855835,35.210754
2645,536,-80.74961,35.310642
2646,17,-80.843124,35.227085
2647,537,-80.83889,35.227463
2648,538,-80.74929,35.309227
2649,539,-80.85976,35.208424
2650,17,-80.80948,35.24555
2651,17,-80.848854,35.352043
2652,2,-80.84732,35.226967
2653,17,-80.8585,35.211533
2654,540,-80.86563,35.22945
2655,17,-80.85409,35.05622
2656,2,-115.22406,36.12772
2657,10,-115.33271,36.15179
2658,17,-80.95775,35.019943
2659,541,-80.84722,35.08597
2660,17,-80.83555,35.21173
2661,17,-80.83798,35.227764
2662,17,-80.84965,35.174477
2663,10,-89.289276,43.148617
2664,17,-80.85488,35.21698
2665,542,-80.84119,35.228916
2666,17,-80.84875,35.174877
2667,17,-80.840034,35.17451
2668,2,-80.842514,35.228577
2669,543,-80.93213,35.144005
2670,17,-80.84147,35.228134
2671,2,-115.1725,36.110065
2672,544,-80.85239,35.053368
2673,0,-111.94996,33.451237
2674,545,-80.88366,35.18137
2675,17,-80.93361,35.13755
2676,546,-80.83889,35.227463
2677,547,-80.81709,35.06069
2678,17,-80.81716,35.21237
2679,17,-80.75267,35.30617
2680,17,-80.81337,35.220215
2681,17,-80.85695,35.11738
2682,548,-80.805824,35.24725
2683,549,-80.85876,35.211227
2684,550,-80.86561,35.088676
2685,551,-80.85154,35.057957
2686,17,-80.8138,35.059113
2687,17,-80.84932,35.16113
2688,17,-80.842285,35.19989
2689,17,-80.761215,35.211407
2690,17,-80.85738,35.088554
2691,552,-80.81393,35.05862
2692,553,-80.86561,35.088676
2693,554,-80.81584,35.062054
2694,555,-80.84322,35.06882
2695,2,-115.19311,36.158806
2696,556,-80.868095,35.090508
2697,557,-80.85154,35.057957
2698,17,-80.846985,35.17168
2699,17,-80.99141,35.04635
2700,17,-80.73002,35.124725
2701,558,-80.844475,35.070496
2702,17,-80.85695,35.11738
2703,559,-80.85186,35.053413
2704,560,-80.848854,35.08639
2705,561,-80.85876,35.211227
2706,562,-80.70224,35.12819
2707,17,-80.77147,35.061897
2708,563,-80.84681,35.022648
2709,564,-80.8138,35.059113
2710,565,-80.86706,35.089035
2711,17,-80.84226,35.22518
2712,17,-80.86414,35.095043
2713,566,-80.85227,35.05421
2714,17,-80.812096,35.241554
2715,17,-80.84569,35.239365
2716,567,-80.73002,35.124725
2717,17,-115.173706,36.107292
2718,568,-80.80773,35.106407
2719,17,-80.81426,35.060837
2720,569,-80.93436,35.07772
2721,2,-80.750656,35.30877
2722,17,-80.76206,35.21154
2723,570,-80.82169,35.216213
2724,10,-80.81351,35.334774
2725,571,-115.17407,36.121197
2726,572,-80.736565,35.135166
2727,17,-80.81887,35.221497
2728,573,-80.750694,35.310898
2729,574,-80.81206,35.241146
2730,2,-115.186104,36.11628
2731,2,-80.84046,35.15285
2732,17,-80.75596,35.336823
2733,17,-80.74641,35.31136
2734,575,-80.88366,35.18137
2735,10,-115.08465,36.054893
2736,2,-112.11606,33.58511
2737,576,-111.94189,33.62496
2738,17,-80.764656,35.341156
2739,17,-80.861435,35.20872
2740,17,-80.825935,35.213448
2741,17,-80.749275,35.310623
2742,17,-80.85526,35.214577
2743,17,-80.75665,35.33723
2744,577,-80.81924,35.22178
2745,17,-80.80405,35.2478
2746,17,-80.828156,35.151096
2747,17,-80.84979,35.173267
2748,578,-80.859634,35.21071
2749,2,-80.8572,35.210094
2750,17,-80.86769,35.205338
2751,17,-80.83948,35.22784
2752,579,-80.717865,35.37037
2753,17,-80.86098,35.20925
2754,17,-80.842285,35.19989
2755,17,-80.93305,35.137833
2756,2,-80.74955,35.30387
2757,17,-80.82659,35.214073
2758,580,-115.251564,36.06299
2759,17,-80.857925,35.348015
2760,17,-80.84442,35.202625
2761,17,-80.86737,35.229053
2762,581,-80.81149,35.245277
2763,582,-80.84868,35.22403
2764,583,-80.73761,35.140594
2765,584,-80.8138,35.059113
2766,17,-80.85391,35.21462
2767,17,-80.84142,35.19913
2768,585,-80.99234,35.04796
2769,17,-80.8553,35.2143
2770,17,-80.85654,35.215023
2771,17,-80.85227,35.05421
2772,586,-80.85571,35.209984
2773,587,-80.84693,35.22586
2774,17,-80.8553,35.2143
2775,588,-80.844475,35.070496
2776,17,-80.96265,35.11669
2777,17,-80.81689,35.22073
2778,2,-115.144844,36.058475
2779,2,-89.40875,43.067947
2780,98,-89.3769,43.08374
2781,98,-89.47949,43.00865
2782,98,-89.32297,43.18405
2783,98,-89.44292,43.075306
2784,98,-89.456314,43.014187
2785,2,-89.35395,43.120316
2786,2,-89.39456,43.075134
2787,98,-89.21159,43.18298
2788,98,-89.32297,43.18405
2789,2,-89.37679,43.083786
2790,98,-89.383064,43.070717
2791,2,-89.52305,43.086346
2792,2,-89.441734,43.07498
2793,589,-89.41808,43.064034
2794,590,-89.36945,43.08559
2795,98,-89.36152,43.085617
2796,98,-89.32814,43.046417
2797,98,-89.32856,43.114677
2798,98,-89.42853,43.057552
2799,98,-89.5068,43.056248
2800,98,-89.4811,43.01489
2801,98,-89.40119,43.06117
2802,98,-89.486176,43.052937
2803,98,-89.49774,43.106773
2804,591,-89.30634,43.025803
2805,98,-89.35012,43.103447
2806,592,-89.47949,43.00865
2807,2,-89.275696,43.08474
2808,593,-89.21093,43.19582
2809,98,-89.4955,43.057938
2810,98,-89.30383,43.01778
2811,594,-89.497284,43.055134
2812,98,-89.382126,43.07474
2813,1,-89.38992,43.074516
2814,98,-89.441734,43.07498
2815,2,-115.169655,36.12119
2816,2,-89.379364,43.052025
2817,2,-89.4077,43.067436
2818,2,-115.16522,36.099003
2819,595,-89.326256,43.140068
2820,2,-89.395935,43.053226
2821,98,-89.36083,43.08603
2822,2,-89.41891,43.063972
2823,596,-89.38247,43.073563
2824,2,-89.382126,43.07474
2825,98,-89.36334,43.084156
2826,98,-89.51129,43.060986
2827,597,-89.48517,43.09064
2828,98,-89.379745,43.074577
2829,2,-89.49642,43.06147
2830,98,-89.36083,43.08603
2831,98,-89.38449,43.072475
2832,98,-89.32814,43.046417
2833,98,-89.42256,43.034737
2834,98,-89.45825,43.014957
2835,98,-89.43835,43.07535
2836,598,-89.36945,43.08559
2837,599,-89.452484,43.074177
2838,98,-89.42256,43.034737
2839,98,-89.38207,43.07572
2840,98,-89.395744,43.069794
2841,98,-89.474075,43.049545
2842,2,-89.36867,43.079823
2843,2,-89.36432,43.083252
2844,2,-89.36432,43.083252
2845,2,-89.40119,43.060333
2846,98,-89.477135,43.011986
2847,2,-115.17459,36.112022
2848,600,-88.2086,40.11546
2849,98,-89.32608,43.069805
2850,98,-89.452484,43.074177
2851,98,-89.34613,43.093662
2852,98,-89.30651,43.085255
2853,98,-89.37947,43.075554
2854,98,-89.32574,43.126083
2855,98,-89.3759,43.084892
2856,98,-89.51367,43.09613
2857,601,-89.392944,43.074833
2858,602,-89.51164,43.096714
2859,2,-89.49642,43.06147
2860,98,-89.38156,43.074345
2861,98,-89.51173,43.095787
2862,98,-89.49766,43.05608
2863,98,-89.32814,43.046417
2864,98,-89.511024,43.095615
2865,98,-89.388535,43.074997
2866,98,-89.37935,43.07414
2867,98,-89.452484,43.074177
2868,98,-89.39097,43.0746
2869,0,-111.97863,33.480392
2870,603,-112.09614,33.510094
2871,604,-89.34981,43.102962
2872,2,-89.27986,43.085346
2873,98,-89.40158,43.06768
2874,98,-89.388535,43.074997
2875,98,-89.51129,43.060986
2876,98,-89.3862,43.074203
2877,2,-89.38117,43.074955
2878,605,-89.36152,43.085617
2879,606,-89.36497,43.082657
2880,607,-89.37649,43.07974
2881,608,-89.523,43.097443
2882,98,-89.40158,43.06768
2883,609,-89.38247,43.073563
2884,610,-89.37919,43.05216
2885,98,-89.51057,43.095184
2886,611,-115.1753,36.09208
2887,2,-89.34132,43.094032
2888,98,-89.381355,43.074852
2889,98,-89.519936,43.097557
2890,98,-89.388275,43.07489
2891,98,-89.21093,43.19582
2892,98,-89.4523,43.037422
2893,612,-89.40099,43.06084
2894,2,-89.47598,43.083424
2895,0,-111.92548,33.50108
2896,2,-89.52293,43.08738
2897,2,-89.39556,43.07282
2898,2,-115.17337,36.104424
2899,98,-89.32856,43.114677
2900,613,-89.5454,42.988796
2901,614,-89.497284,43.055134
2902,615,-89.34581,43.136467
2903,616,-89.38156,43.077374
2904,617,-89.51744,43.075317
2905,98,-89.40158,43.06768
2906,2,-89.413765,43.074978
2907,2,-89.523,43.097443
2908,98,-89.44762,43.07488
2909,618,-89.36857,43.0805
2910,619,-89.486176,43.052937
2911,98,-89.38136,43.073986
2912,98,-89.52913,43.07492
2913,620,-89.38992,43.074516
2914,98,-89.456314,43.014187
2915,621,-115.14124,36.172813
2916,98,-89.476555,43.014854
2917,98,-89.51164,43.096714
2918,98,-89.34569,43.103096
2919,98,-89.38379,43.07604
2920,2,-89.36171,43.08535
2921,2,-115.11687,36.072422
2922,98,-89.36072,43.085545
2923,98,-89.388954,43.074677
2924,622,-89.52916,43.09116
2925,98,-89.42853,43.057552
2926,98,-89.3862,43.074203
2927,623,-89.38434,43.07243
2928,98,-89.3804,43.07523
2929,624,-89.35473,43.0921
2930,625,-89.3953,43.0748
2931,626,-89.42885,43.05668
2932,2,-89.38374,43.076313
2933,0,-111.886734,33.638863
2934,2,-89.34918,43.093002
2935,2,-115.16817,36.108307
2936,2,-89.381035,43.075104
2937,98,-89.45145,43.07474
2938,98,-115.165016,36.13178
2939,627,-111.917046,33.538303
2940,628,-89.50224,43.08261
2941,2,-89.45298,43.07353
2942,2,-89.52498,43.05552
2943,98,-89.45356,43.074993
2944,98,-89.388954,43.074677
2945,98,-89.38154,43.074726
2946,2,-89.387115,43.074738
2947,2,-89.51659,43.09485
2948,2,-89.51659,43.09485
2949,629,-89.38087,43.07401
2950,98,-89.38247,43.073563
2951,98,-89.32814,43.046417
2952,630,-89.21386,43.183014
2953,98,-89.39592,43.073418
2954,631,-89.486176,43.052937
2955,98,-89.39035,43.07438
2956,98,-89.36005,43.1289
2957,632,-89.36945,43.08559
2958,98,-89.32543,43.07012
2959,98,-89.49774,43.106773
2960,633,-89.351616,43.09296
2961,634,-115.11135,36.100388
2962,2,-89.37587,43.08149
2963,98,-89.30599,43.12056
2964,635,-89.36432,43.083252
2965,0,-89.31461,43.120415
2966,98,-89.38354,43.07628
2967,98,-89.36152,43.085617
2968,10,-89.376205,43.08478
2969,98,-89.49766,43.05608
2970,98,-89.37587,43.08149
2971,98,-89.380226,43.07164
2972,98,-89.3519,43.09242
2973,636,-89.52923,43.090763
2974,2,-89.36432,43.083252
2975,637,-89.36925,43.08017
2976,2,-89.38087,43.07401
2977,638,-89.52916,43.09116
2978,98,-89.32814,43.046417
2979,2,-89.2708,43.166264
2980,639,-89.381355,43.074852
2981,640,-89.34459,43.103558
2982,641,-89.47705,43.04692
2983,2,-89.39618,43.075157
2984,98,-89.388336,43.07488
2985,98,-89.32392,43.046528
2986,2,-89.35473,43.0921
2987,98,-89.36402,43.111313
2988,2,-89.38658,43.07561
2989,98,-89.35878,43.087936
2990,2,-89.335556,43.09263
2991,623,-89.37935,43.07414
2992,98,-89.36459,43.101673
2993,98,-89.47756,43.083755
2994,98,-89.51173,43.095787
2995,2,-89.45145,43.07474
2996,642,-89.381355,43.074852
2997,643,-89.45125,43.07136
2998,644,-89.503044,43.065376
2999,645,-89.38754,43.074776
3000,646,-89.392944,43.074833
3001,647,-89.35518,43.092567
3002,98,-89.45825,43.014957
3003,648,-89.39132,43.074154
3004,649,-89.39336,43.07273
3005,98,-89.38053,43.07453
3006,650,-89.42092,43.034473
3007,98,-89.38434,43.07243
3008,98,-89.35553,43.0923
3009,98,-89.47756,43.083755
3010,0,-112.20237,33.63953
3011,98,-89.2708,43.166264
3012,98,-89.452484,43.074177
3013,98,-89.38866,43.074894
3014,10,-89.4811,43.01489
3015,2,-115.17437,36.10206
3016,10,-115.27853,36.057846
3017,98,-89.41073,43.06757
3018,98,-89.35198,43.092834
3019,98,-89.36867,43.079823
3020,98,-89.48242,43.01348
3021,98,-89.34742,43.093655
3022,651,-89.39057,43.04999
3023,98,-89.275696,43.08474
3024,652,-89.35877,43.10565
3025,98,-89.49766,43.05608
3026,98,-89.40417,43.1502
3027,2,-89.36083,43.08603
3028,98,-89.45233,43.072243
3029,2,-89.5068,43.056248
3030,98,-89.452484,43.074177
3031,98,-89.36857,43.0805
3032,653,-89.30716,43.128033
3033,654,-89.40099,43.06084
3034,98,-89.22621,43.19943
3035,655,-89.39675,43.0749
3036,656,-89.35012,43.103447
3037,98,-89.35012,43.103447
3038,2,-89.40181,43.06787
3039,2,-89.52519,43.07319
3040,2,-89.4811,43.01489
3041,657,-89.32814,43.046417
3042,98,-89.275696,43.08474
3043,98,-89.37587,43.08149
3044,658,-89.39069,43.074802
3045,98,-89.32608,43.069805
3046,98,-89.38154,43.074726
3047,98,-89.289276,43.148617
3048,2,-89.379906,43.077324
3049,98,-89.42897,43.072254
3050,659,-89.36083,43.08603
3051,98,-89.331184,43.107246
3052,98,-89.4301,43.072556
3053,2,-89.40099,43.06084
3054,98,-89.35012,43.103447
3055,660,-89.3721,43.078094
3056,661,-89.35012,43.103447
3057,2,-89.38866,43.074894
3058,662,-89.382256,43.073795
3059,2,-89.386986,43.07473
3060,663,-89.35473,43.0921
3061,664,-89.35353,43.092144
3062,98,-89.41643,43.06517
3063,98,-89.36867,43.079823
3064,98,-89.36152,43.085617
3065,2,-115.17345,36.10306
3066,98,-89.35162,43.090496
3067,98,-89.35705,43.098232
3068,665,-89.511826,43.095665
3069,98,-89.39227,43.074833
3070,98,-89.44762,43.07488
3071,98,-89.39069,43.074802
3072,98,-89.44292,43.075306
3073,98,-89.35705,43.098232
3074,2,-89.309006,43.122932
3075,666,-115.15112,36.086338
3076,98,-89.35104,43.107162
3077,98,-89.379616,43.082268
3078,2,-89.38354,43.07628
3079,667,-89.36427,43.08367
3080,2,-89.39556,43.07282
3081,2,-89.390335,43.074764
3082,98,-89.331184,43.107246
3083,2,-115.1401,36.168667
3084,668,-89.38123,43.074745
3085,98,-89.423325,43.01809
3086,98,-89.48553,43.101673
3087,2,-89.38389,43.07915
3088,2,-89.37374,43.047718
3089,2,-115.17105,36.12595
3090,2,-89.394295,43.074852
3091,2,-115.15387,36.110085
3092,669,-89.49766,43.05608
3093,670,-89.36083,43.08603
3094,98,-89.38156,43.074345
3095,1,-79.93446,40.451183
3096,98,-89.39069,43.074802
3097,2,-89.38434,43.07243
3098,2,-89.384125,43.07445
3099,671,-89.36857,43.0805
3100,98,-89.38845,43.074776
3101,672,-89.37629,43.07975
3102,98,-89.42676,43.00619
3103,673,-89.390366,43.075306
3104,674,-89.36288,43.083706
3105,2,-89.335556,43.09263
3106,98,-89.44463,43.075634
3107,675,-89.43767,43.075245
3108,676,-89.3519,43.09242
3109,677,-89.376755,43.076054
3110,678,-89.41292,43.06744
3111,2,-115.17704,36.10762
3112,98,-89.43,43.01544
3113,679,-89.35503,43.091755
3114,680,-89.34394,43.103706
3115,2,-89.41253,43.067593
3116,2,-115.16114,36.144093
3117,2,-115.17332,36.10583
3118,681,-73.56071,45.50675
3119,682,-89.36941,43.08006
3120,2,-89.32555,43.04973
3121,98,-89.38136,43.073986
3122,683,-89.41292,43.06744
3123,98,-89.41808,43.064034
3124,2,-89.36857,43.0805
3125,2,-89.38434,43.07243
3126,2,-89.38658,43.07561
3127,98,-89.365746,43.08194
3128,684,-115.104416,36.042297
3129,98,-89.36857,43.0805
3130,98,-89.39076,43.074955
3131,98,-89.22621,43.19943
3132,98,-89.47379,43.051
3133,98,-89.35705,43.098232
3134,98,-89.38431,43.076805
3135,685,-89.387115,43.074738
3136,98,-89.3519,43.09242
3137,98,-89.355125,43.092056
3138,686,-89.381355,43.074852
3139,2,-89.32401,43.078587
3140,98,-89.36941,43.08006
3141,98,-89.35353,43.092144
3142,98,-89.39102,43.07481
3143,98,-89.35395,43.120316
3144,687,-89.36925,43.08017
3145,2,-89.3519,43.09242
3146,0,-73.55392,45.50554
3147,688,-89.389015,43.056244
3148,689,-89.39252,43.07481
3149,690,-89.38431,43.076805
3150,98,-89.220314,43.18294
3151,98,-89.38722,43.074444
3152,98,-89.3862,43.074203
3153,98,-89.452484,43.074177
3154,98,-89.37679,43.083786
3155,691,-89.3519,43.09242
3156,692,-89.5035,43.05941
3157,98,-89.38695,43.07489
3158,98,-89.38511,43.07416
3159,693,-89.36152,43.085617
3160,694,-89.379745,43.074577
3161,695,-89.36171,43.08535
3162,98,-89.51896,43.05774
3163,98,-89.39336,43.07273
3164,98,-89.39492,43.07482
3165,98,-89.35553,43.0923
3166,98,-89.39336,43.07273
3167,98,-89.38379,43.07604
3168,2,-89.38087,43.07401
3169,98,-89.36945,43.08559
3170,98,-89.3519,43.09242
3171,696,-89.3519,43.09242
3172,697,-89.47598,43.083424
3173,698,-89.36459,43.101673
3174,699,-89.32814,43.046417
3175,98,-89.37064,43.082573
3176,700,-89.382126,43.07474
3177,701,-89.35553,43.0923
3178,98,-89.37109,43.078247
3179,98,-89.35473,43.0921
3180,2,-115.14289,36.143345
3181,702,-89.38247,43.073563
3182,98,-89.456314,43.014187
3183,98,-89.363655,43.10743
3184,98,-89.35705,43.098232
3185,98,-89.45233,43.072243
3186,2,-89.376205,43.08478
3187,2,-89.52305,43.086346
3188,703,-89.46647,43.01423
3189,704,-89.39177,43.075077
3190,98,-89.38992,43.074516
3191,98,-89.35553,43.0923
3192,98,-89.401085,43.060616
3193,98,-89.42256,43.034737
3194,2,-88.24467,40.118534
3195,2,-89.38354,43.07628
3196,2,-88.18881,40.081566
3197,2,-89.42806,43.057484
3198,2,-89.42396,43.067688
3199,98,-89.452324,43.07114
3200,2,-89.39741,43.055573
3201,2,-89.39741,43.055573
3202,98,-89.380875,43.074425
3203,648,-89.335556,43.09263
3204,98,-89.37587,43.08149
3205,2,-89.49642,43.06147
3206,705,-115.06592,36.240154
3207,706,-89.38337,43.073467
3208,98,-89.32646,43.07151
3209,707,-89.38247,43.073563
3210,708,-89.35104,43.107162
3211,98,-89.40158,43.06768
3212,98,-89.39307,43.07546
3213,709,-89.348366,43.100662
3214,98,-89.21058,43.18098
3215,710,-89.36459,43.101673
3216,98,-89.35104,43.107162
3217,2,-89.39556,43.07282
3218,98,-89.345695,43.093666
3219,711,-89.35353,43.092144
3220,2,-111.789276,33.355034
3221,2,-115.17481,36.10987
3222,712,-89.21145,43.182384
3223,713,-89.4504,43.05485
3224,714,-89.3452,43.09377
3225,715,-89.38207,43.07572
3226,716,-89.45233,43.072243
3227,2,-115.16559,36.12689
3228,2,-89.38695,43.07489
3229,2,-89.21145,43.182384
3230,717,-89.37928,43.074512
3231,98,-89.41013,43.059933
3232,718,-89.32814,43.046417
3233,98,-89.48242,43.01348
3234,719,-89.35473,43.0921
3235,98,-89.35518,43.092567
3236,98,-89.363655,43.10743
3237,98,-89.32527,43.05699
3238,2,-115.14064,36.167877
3239,720,-89.39062,43.075012
3240,98,-89.49478,43.104088
3241,721,-89.39768,43.055992
3242,722,-89.32613,43.045242
3243,2,-115.179146,36.145535
3244,2,-89.36288,43.083706
3245,0,-111.93152,33.493298
3246,723,-89.395935,43.053226
3247,2,-89.325264,43.085136
3248,724,-89.4811,43.01489
3249,2,-89.39336,43.07273
3250,2,-89.3838,43.07744
3251,98,-89.456314,43.014187
3252,98,-89.39987,43.07648
3253,98,-89.51913,43.101303
3254,98,-89.401085,43.060616
3255,98,-89.382126,43.07474
3256,2,-89.374084,43.076233
3257,98,-89.220314,43.18294
3258,2,-89.35395,43.120316
3259,98,-89.37962,43.07393
3260,2,-89.47949,43.00865
3261,2,-89.394714,43.074917
3262,98,-89.33706,43.049026
3263,98,-89.51104,43.0958
3264,98,-89.40158,43.06768
3265,2,-89.5013,43.059402
3266,725,-115.17516,36.109875
3267,726,-89.41392,43.15129
3268,727,-115.172195,36.119576
3269,728,-89.32392,43.046528
3270,729,-89.52417,43.09748
3271,730,-89.30427,43.128292
3272,98,-89.477135,43.011986
3273,2,-89.35395,43.120316
3274,98,-89.47475,43.050423
3275,2,-114.96489,36.026684
3276,0,-111.859535,33.33992
3277,0,-89.36945,43.08559
3278,2,-115.17028,36.12229
3279,731,-89.36867,43.079823
3280,2,-89.41891,43.063972
3281,2,-115.1546,36.11997
3282,2,-89.51618,42.97925
3283,2,-80.9438,35.221424
3284,732,-89.37919,43.05216
3285,2,-89.424065,43.07287
3286,98,-89.453026,43.07333
3287,2,-89.413765,43.074978
3288,98,-115.16114,36.144093
3289,733,-89.36945,43.08559
3290,2,-89.41037,43.069317
3291,98,-89.52932,43.075336
3292,2,-88.2293,40.110085
3293,2,-88.20926,40.112396
3294,2,-112.07397,33.45983
3295,2,-111.78376,33.334938
3296,734,-88.2434,40.118286
3297,2,-115.17259,36.112953
3298,2,-88.240685,40.11742
3299,2,-88.221664,40.1161
3300,2,-115.137505,36.08225
3301,2,-88.24388,40.119038
3302,2,-88.2434,40.118286
3303,2,-88.24323,40.11857
3304,2,-88.20883,40.11376
3305,2,-88.232376,40.110554
3306,735,-88.240685,40.11742
3307,736,-88.23069,40.110374
3308,737,-88.23284,40.116013
3309,2,-88.2218,40.10651
3310,2,-88.2447,40.099606
3311,2,-88.233215,40.11011
3312,2,-88.24496,40.118748
3313,2,-3.1981623,55.951706
3314,738,-88.22951,40.10799
3315,2,-88.2426,40.116905
3316,2,-88.20804,40.11225
3317,2,-88.195114,40.105858
3318,10,-115.169754,36.102917
3319,2,-88.229614,40.11008
3320,2,-115.15112,36.086338
3321,2,-88.2303,40.112686
3322,2,-88.24379,40.139793
3323,739,-88.23284,40.116013
3324,2,-88.24271,40.116985
3325,2,-88.24388,40.119038
3326,2,-73.57137,45.497894
3327,2,-115.17028,36.112648
3328,740,-88.23319,40.110554
3329,2,-88.24502,40.117847
3330,10,-89.38354,43.07628
3331,741,-88.24448,40.10152
3332,2,-88.24389,40.1071
3333,2,-111.87578,33.41316
3334,2,-88.236015,40.10131
3335,2,-88.23837,40.114132
3336,2,-88.2085,40.11276
3337,2,-88.209564,40.11271
3338,2,-88.23021,40.108086
3339,742,-88.24379,40.139793
3340,743,-88.24701,40.08656
3341,744,-88.2434,40.118286
3342,2,-88.23233,40.115753
3343,2,-115.16918,36.10844
3344,745,-88.22911,40.109997
3345,2,-89.387115,43.074738
3346,746,-88.24323,40.11857
3347,2,-88.238914,40.110374
3348,747,-112.06628,33.58545
3349,2,-88.23308,40.11003
3350,2,-88.24774,40.09772
3351,748,-88.2434,40.118286
3352,2,-88.24212,40.11682
3353,2,-111.92942,33.50284
3354,20,-88.23848,40.1148
3355,2,-88.24073,40.1127
3356,2,-88.23174,40.10928
3357,2,-88.22176,40.10659
3358,2,-88.20769,40.11382
3359,2,-88.24496,40.118748
3360,2,-88.241516,40.11774
3361,749,-89.27986,43.085346
3362,2,-88.229225,40.110085
3363,2,-88.240685,40.11742
3364,750,-88.20945,40.11271
3365,2,-88.219406,40.105736
3366,2,-88.20841,40.11245
3367,2,-88.22427,40.10481
3368,2,-88.240685,40.11742
3369,751,-88.23617,40.11039
3370,752,-88.238914,40.110374
3371,2,-88.24783,40.086903
3372,741,-88.20865,40.111958
3373,2,-115.174515,36.121548
3374,0,-88.24325,40.11701
3375,2,-88.24395,40.10045
3376,753,-88.20581,40.11679
3377,2,-88.23178,40.109715
3378,2,-88.24395,40.10045
3379,754,-88.20945,40.11271
3380,755,-88.23837,40.114132
3381,756,-88.195114,40.105858
3382,2,-88.24356,40.10787
3383,757,-88.20902,40.112823
3384,2,-112.23302,33.63773
3385,758,-88.211426,40.11256
3386,759,-88.243935,40.118393
3387,760,-88.229805,40.11028
3388,2,-88.24061,40.116714
3389,2,-80.01087,40.44597
3390,758,-88.19617,40.13858
3391,2,-88.20581,40.11679
3392,761,-88.22904,40.11117
3393,2,-115.17704,36.10762
3394,668,-88.24323,40.11857
3395,2,-88.23354,40.110474
3396,2,-79.92549,40.45775
3397,2,-115.17818,36.10713
3398,0,-115.17234,36.11635
3399,762,-88.23319,40.110554
3400,2,-88.233215,40.11011
3401,2,-88.24388,40.119038
3402,763,-88.20279,40.11339
3403,741,-88.2437,40.118378
3404,2,-88.195114,40.105858
3405,2,-88.242805,40.12125
3406,2,-88.24325,40.11701
3407,2,-88.2437,40.118378
3408,2,-88.23076,40.116364
3409,764,-88.20769,40.11382
3410,765,-88.2283,40.110867
3411,766,-88.24229,40.116985
3412,758,-88.19617,40.13858
3413,2,-88.20826,40.112453
3414,767,-88.24379,40.139793
3415,768,-88.239075,40.1128
3416,2,-115.164345,36.06004
3417,769,-88.20769,40.11382
3418,770,-88.20945,40.11271
3419,771,-88.207214,40.11124
3420,772,-115.177,36.11199
3421,0,-111.9149,33.393497
3422,2,-88.2437,40.118378
3423,773,-88.20865,40.111958
3424,774,-88.233215,40.11011
3425,2,-88.207085,40.110584
3426,2,-88.24397,40.114014
3427,2,-88.239075,40.1128
3428,775,-88.20926,40.112396
3429,2,-88.20279,40.11339
3430,2,-88.22929,40.106537
3431,2,-111.9727,33.675682
3432,2,-88.24313,40.11755
3433,2,-115.15112,36.086338
3434,776,-89.289276,43.148617
3435,196,-88.223625,40.106655
3436,777,-88.24389,40.1071
3437,778,-88.23019,40.11038
3438,779,-88.245255,40.09505
3439,780,-89.32401,43.078587
3440,2,-115.17087,36.10242
3441,2,-111.99793,33.435448
3442,0,-88.243355,40.11683
3443,2,-88.21203,40.105923
3444,0,-88.23848,40.1148
3445,0,-115.25998,36.143147
3446,2,-88.240685,40.11742
3447,2,-88.24212,40.11682
3448,781,-88.20769,40.11382
3449,782,-88.20865,40.111958
3450,0,-111.9258,33.477177
3451,783,-89.43891,43.060574
3452,0,-115.13952,36.169872
3453,784,-88.242805,40.12125
3454,2,-88.2085,40.11276
3455,2,-88.24325,40.11701
3456,2,-115.174706,36.01131
3457,2,-88.20769,40.11382
3458,761,-88.20865,40.111958
3459,0,-111.941376,33.423275
3460,2,-88.20279,40.11339
3461,785,-88.24543,40.139908
3462,17,-89.39369,43.075104
3463,786,-115.17089,36.114025
3464,2,-88.238914,40.110374
3465,2,-111.92708,33.508694
3466,2,-88.24571,40.091057
3467,2,-88.22543,40.11664
3468,787,-88.24323,40.11857
3469,788,-88.24783,40.086903
3470,2,-115.08998,36.020554
3471,2,-88.24774,40.09772
3472,0,-111.83933,33.246418
3473,2,-88.22906,40.11122
3474,2,-88.229225,40.110085
3475,2,-88.230064,40.10959
3476,0,-89.38087,43.07401
3477,789,-88.238914,40.110374
3478,2,-88.232376,40.110554
3479,2,-88.23233,40.115753
3480,790,-88.23617,40.11039
3481,759,-88.233215,40.11011
3482,2,-115.18644,36.11881
3483,2,-88.2434,40.118286
3484,791,-88.20902,40.112823
3485,2,-88.203156,40.11728
3486,2,-88.20715,40.11127
3487,792,-89.39086,43.074776
3488,2,-88.2433,40.117863
3489,793,-88.2433,40.117863
3490,794,-88.24496,40.118748
3491,795,-88.2086,40.11546
3492,2,-88.20865,40.111958
3493,2,-88.24201,40.116554
3494,2,-88.24701,40.08656
3495,10,-115.16879,36.122967
3496,760,-112.04598,33.430363
3497,2,-79.99488,40.44043
3498,2,-88.23153,40.110126
3499,2,-112.08303,33.487476
3500,796,-115.186485,36.1187
3501,2,-115.16912,36.103695
3502,2,-88.20926,40.112396
3503,2,-111.91975,33.636482
3504,0,-111.92575,33.406265
3505,2,-111.84298,33.60665
3506,2,-80.006386,40.43469
3507,2,-88.20883,40.11376
3508,2,-88.24388,40.119038
3509,2,-88.2434,40.118286
3510,2,-73.57111,45.51555
3511,2,-89.41921,43.02028
3512,2,-88.2085,40.11276
3513,0,-112.06476,33.471985
3514,2,-73.57049,45.502525
3515,0,-112.079285,33.455036
3516,797,-112.10138,33.69867
3517,0,-112.098274,33.53864
3518,0,-112.05206,33.457935
3519,0,-111.9352,33.424534
3520,2,-115.22329,36.125538
3521,798,-112.09069,33.480274
3522,799,-112.073105,33.449383
3523,0,-111.93644,33.37779
3524,0,-111.92298,33.492252
3525,0,-111.92279,33.5008
3526,0,-111.964485,33.38312
3527,0,-112.19062,33.638363
3528,0,-111.92514,33.542786
3529,2,-115.14339,36.169838
3530,0,-115.16821,36.127586
3531,2,-115.17146,36.10095
3532,0,-111.84111,33.363014
3533,0,-112.07228,33.45587
3534,0,-112.07991,33.45496
3535,0,-111.90452,33.42262
3536,800,-112.07377,33.45838
3537,0,-115.139854,36.145847
3538,0,-112.013855,33.480125
3539,0,-112.0739,33.500202
3540,0,-111.68566,33.436775
3541,0,-112.126114,33.47456
3542,0,-111.91097,33.634045
3543,801,-112.06899,33.45917
3544,0,-111.72392,33.32106
3545,0,-112.06579,33.47687
3546,802,-112.06899,33.45917
3547,0,-111.928024,33.624035
3548,0,-112.047905,33.505882
3549,2,-115.164894,36.129868
3550,0,-112.07285,33.449226
3551,0,-111.97688,33.583424
3552,0,-112.293564,33.493046
3553,0,-112.06543,33.56062
3554,0,-112.05608,33.431557
3555,0,-112.06544,33.512665
3556,0,-112.054276,33.552692
3557,0,-112.07472,33.463173
3558,0,-111.8601,33.264435
3559,0,-111.92727,33.49783
3560,0,-111.90871,33.421734
3561,0,-111.9258,33.477177
3562,0,-111.98837,33.495483
3563,0,-112.07127,33.508995
3564,0,-111.97858,33.677853
3565,0,-111.92754,33.464375
3566,0,-112.06498,33.524887
3567,0,-112.07432,33.45969
3568,0,-111.91052,33.478947
3569,0,-111.96083,33.487625
3570,0,-111.92637,33.500492
3571,0,-112.07127,33.508995
3572,0,-112.07991,33.45496
3573,0,-112.222336,33.63779
3574,803,-112.07096,33.437126
3575,0,-112.073425,33.447334
3576,0,-80.828545,35.15261
3577,2,-115.17277,36.082066
3578,0,-112.0792,33.49111
3579,0,-111.8322,33.414814
3580,0,-112.12083,33.797787
3581,0,-112.04831,33.508953
3582,0,-112.065544,33.4493
3583,0,-111.93962,33.42344
3584,0,-111.99021,33.494743
3585,0,-112.03788,33.509254
3586,0,-112.07484,33.447174
3587,0,-112.0648,33.47468
3588,804,-111.978516,33.66773
3589,0,-112.09614,33.510094
3590,0,-111.91419,33.466423
3591,0,-112.07651,33.48016
3592,805,-111.928024,33.624035
3593,10,-115.04165,36.05552
3594,806,-112.098274,33.53864
3595,0,-111.908585,33.39378
3596,0,-112.073395,33.477222
3597,807,-111.91124,33.362206
3598,0,-111.91033,33.486916
3599,0,-112.02951,33.39999
3600,0,-111.94236,33.39284
3601,0,-112.02731,33.510536
3602,0,-111.99865,33.495285
3603,0,-111.92834,33.48874
3604,2,-112.0135,33.583496
3605,0,-111.97702,33.583447
3606,0,-112.059296,33.447987
3607,808,-112.06476,33.4713
3608,0,-111.81534,33.436394
3609,0,-111.85977,33.274754
3610,0,-111.9263,33.320377
3611,0,-112.08277,33.45884
3612,0,-111.92716,33.45379
3613,0,-112.18759,33.66274
3614,0,-112.120705,33.667572
3615,0,-112.36504,33.638195
3616,0,-111.94513,33.34795
3617,0,-112.05003,33.46554
3618,0,-112.07672,33.479992
3619,0,-111.92625,33.617584
3620,0,-111.92623,33.487377
3621,0,-111.977715,33.317287
3622,0,-112.064095,33.5219
3623,0,-111.92706,33.30481
3624,809,-112.03854,33.454876
3625,2,-112.07341,33.5137
3626,810,-112.2387,33.674774
3627,0,-112.07377,33.45838
3628,0,-111.92632,33.494377
3629,0,-112.07405,33.44995
3630,0,-111.929924,33.349712
3631,0,-111.72392,33.32106
3632,811,-111.9214,33.310207
3633,0,-112.58582,33.37026
3634,0,-111.92496,33.498177
3635,0,-112.11459,33.612545
3636,0,-111.944046,33.436962
3637,0,-111.80486,33.33455
3638,0,-112.03839,33.507893
3639,0,-112.07013,33.509552
3640,812,-112.01186,33.572582
3641,813,-112.02814,33.510223
3642,814,-112.06567,33.487747
3643,0,-111.88762,33.630013
3644,0,-111.97,33.45
3645,815,-112.03594,33.508713
3646,0,-112.13392,33.62981
3647,0,-112.20145,33.637093
3648,0,-111.96063,33.64
3649,816,-112.04094,33.46563
3650,0,-112.07432,33.45969
3651,817,-111.875984,33.413902
3652,0,-111.87922,33.581512
3653,0,-111.99899,33.436527
3654,0,-112.06567,33.487747
3655,0,-112.00005,33.495453
3656,0,-112.117386,33.641613
3657,0,-111.90558,33.432926
3658,0,-111.99559,33.511234
3659,0,-112.07354,33.456055
3660,818,-112.065636,33.44916
3661,0,-111.92548,33.50108
3662,0,-112.03767,33.506474
3663,819,-111.964615,33.534077
3664,10,-112.082825,33.517372
3665,0,-111.97702,33.583447
3666,0,-112.04919,33.52375
3667,0,-111.87578,33.41316
3668,820,-111.93841,33.391586
3669,0,-111.982025,33.34806
3670,2,-112.07342,33.47794
3671,0,-112.28051,33.46678
3672,0,-112.07409,33.512627
3673,0,-112.07376,33.44086
3674,2,-112.16118,33.567795
3675,0,-111.923874,33.613426
3676,821,-112.06567,33.487747
3677,0,-112.06563,33.44938
3678,0,-111.92571,33.42232
3679,0,-111.91153,33.34884
3680,10,-115.09303,36.218987
3681,0,-111.743095,33.301903
3682,2,-112.11672,33.53954
3683,0,-112.13867,33.86881
3684,2,-111.9161,33.419567
3685,0,-111.940254,33.424503
3686,0,-111.995514,33.50243
3687,0,-111.90979,33.48124
3688,0,-111.89905,33.556004
3689,0,-111.9241,33.779976
3690,0,-112.0536,33.426933
3691,0,-112.06453,33.537617
3692,822,-112.081566,33.4655
3693,0,-112.064766,33.470886
3694,0,-111.925766,33.623943
3695,0,-111.9871,33.509827
3696,0,-112.10129,33.678238
3697,0,-111.904366,33.49285
3698,823,-111.92293,33.492752
3699,824,-112.072395,33.448742
3700,0,-112.07096,33.437126
3701,0,-112.074684,33.509563
3702,0,-111.92655,33.506542
3703,0,-112.064606,33.523155
3704,0,-111.92225,33.58414
3705,825,-112.06899,33.45917
3706,0,-115.038345,36.06321
3707,0,-112.04816,33.640297
3708,0,-112.0792,33.49111
3709,0,-112.08341,33.50896
3710,826,-111.94298,33.421413
3711,0,-111.96489,33.67558
3712,0,-112.06327,33.494747
3713,827,-111.97681,33.378315
3714,828,-112.04902,33.48049
3715,829,-111.89827,33.29958
3716,0,-111.98135,33.597363
3717,10,-111.73579,33.423805
3718,0,-111.932274,33.65684
3719,830,-112.16568,33.611366
3720,831,-112.07457,33.47411
3721,0,-112.07342,33.47794
3722,0,-112.07342,33.47794
3723,832,-112.1159,33.587765
3724,0,-112.02636,33.50909
3725,0,-111.92589,33.586834
3726,2,-111.93192,33.50187
3727,833,-111.95117,33.421658
3728,0,-111.98199,33.40369
3729,0,-112.07469,33.484142
3730,0,-112.05607,33.55307
3731,834,-112.23657,33.64641
3732,0,-112.07342,33.47794
3733,835,-112.079285,33.455036
3734,0,-111.89497,33.582962
3735,0,-112.04708,33.52443
3736,0,-111.92718,33.61161
3737,836,-112.08225,33.516342
3738,0,-111.7212,33.3666
3739,2,-112.010895,33.481
3740,0,-112.07377,33.45838
3741,0,-112.07342,33.47794
3742,837,-112.356064,33.464493
3743,0,-111.92525,33.618355
3744,0,-111.86473,33.613514
3745,0,-112.07401,33.505856
3746,2,-111.98784,33.467052
3747,0,-112.04798,33.53184
3748,0,-112.07103,33.568928
3749,0,-112.07127,33.508995
3750,838,-112.07228,33.45587
3751,10,-111.99511,33.494488
3752,0,-111.68897,32.87905
3753,839,-112.06567,33.487747
3754,840,-111.927734,33.348675
3755,0,-112.07342,33.47794
3756,0,-112.10023,33.626423
3757,0,-112.01417,33.511307
3758,0,-111.94497,33.462166
3759,0,-112.06836,33.457863
3760,841,-112.07342,33.47794
3761,0,-111.74564,33.296097
3762,2,-111.72392,33.32106
3763,842,-111.97964,33.329365
3764,0,-111.958,33.348164
3765,0,-111.92492,33.62348
3766,0,-111.96375,33.31742
3767,0,-111.90884,33.34826
3768,0,-111.970146,33.313572
3769,0,-111.9223,33.493946
3770,0,-111.97039,33.319077
3771,0,-112.02418,33.510033
3772,0,-112.07127,33.508995
3773,0,-112.07228,33.45587
3774,0,-112.049126,33.4368
3775,0,-112.07379,33.435524
3776,0,-111.93003,33.655685
3777,0,-112.04634,33.510323
3778,0,-112.04887,33.46591
3779,0,-112.08981,33.45712
3780,0,-112.000565,33.433685
3781,0,-111.936615,33.37798
3782,0,-111.78984,33.3546
3783,0,-112.10075,33.378338
3784,0,-112.07463,33.484196
3785,0,-111.92663,33.610058
3786,0,-115.17259,36.112953
3787,843,-111.92471,33.421352
3788,0,-112.07161,33.458847
3789,0,-112.028336,33.480034
3790,844,-112.04791,33.47893
3791,845,-115.15112,36.086338
3792,0,-111.63997,33.28187
3793,0,-112.07401,33.45038
3794,0,-112.075264,33.45975
3795,0,-112.13774,33.864555
3796,17,-80.85757,35.214363
3797,0,-111.806725,33.37938
3798,0,-111.92019,33.466217
3799,0,-112.07341,33.5137
3800,0,-112.08388,33.49745
3801,0,-112.049126,33.4368
3802,0,-112.07161,33.458847
3803,846,-111.89438,33.58514
3804,0,-111.8741,33.31915
3805,0,-112.0482,33.510174
3806,847,-111.88677,33.54859
3807,0,-111.90752,33.4066
3808,0,-112.042145,33.50762
3809,0,-111.92708,33.508694
3810,848,-112.07484,33.447174
3811,849,-112.0739,33.500202
3812,2,-111.8795,33.581333
3813,850,-112.02636,33.50909
3814,10,-112.06752,33.46603
3815,2,-115.17234,36.110107
3816,0,-115.1725,36.110065
3817,0,-111.90998,33.347878
3818,0,-112.07037,33.456417
3819,0,-112.08212,33.505096
3820,2,-115.155556,36.14742
3821,0,-112.07341,33.5137
3822,0,-111.91085,33.393078
3823,2,-115.19734,36.116177
3824,0,-112.04798,33.53184
3825,0,-111.99899,33.436527
3826,0,-112.078674,33.45372
3827,0,-112.04644,33.53739
3828,2,-115.154816,36.124176
3829,0,-112.06877,33.485413
3830,851,-111.922226,33.494568
3831,0,-111.75256,33.28687
3832,0,-111.98028,33.494682
3833,852,-111.78966,33.365856
3834,0,-112.06518,33.57531
3835,0,-112.03008,33.67904
3836,0,-112.07432,33.45969
3837,2,-111.86292,33.39466
3838,2,-89.38156,43.074345
3839,853,-115.1741,36.121082
3840,854,-115.2087,36.043213
3841,0,-111.96534,33.319504
3842,855,-112.07427,33.447517
3843,0,-115.15198,36.152504
3844,2,-112.06862,33.452156
3845,0,-111.93007,33.378265
3846,2,-115.19559,36.114346
3847,0,-111.90998,33.347878
3848,0,-111.7195,33.34711
3849,2,-115.16961,36.121452
3850,0,-111.98849,33.45545
3851,0,-111.92992,33.6555
3852,2,-115.17106,36.11242
3853,0,-112.04791,33.47893
3854,0,-111.89802,33.301666
3855,0,-112.07444,33.447647
3856,0,-112.05353,33.552837
3857,0,-111.97698,33.34888
3858,856,-115.17462,36.1098
3859,0,-112.0037,33.49516
3860,0,-112.07669,33.451775
3861,2,-115.17259,36.112953
3862,2,-115.12614,36.15924
3863,0,-112.07397,33.513077
3864,857,-112.372765,33.464046
3865,2,-115.16923,36.102325
3866,0,-115.14479,36.170017
3867,858,-112.3355,33.460354
3868,0,-111.91693,33.42156
3869,859,-112.165565,33.611652
3870,0,-111.906136,33.378304
3871,0,-112.07285,33.449226
3872,860,-112.03397,33.508984
3873,2,-115.14683,36.172176
3874,0,-111.860405,33.277092
3875,20,-3.3644342,55.94828
3876,0,-112.11058,33.71298
3877,0,-112.073814,33.448868
3878,0,-112.006714,33.435715
3879,0,-112.0491,33.522636
3880,2,-112.06862,33.452156
3881,0,-111.995705,33.63991
3882,10,-115.08566,36.02736
3883,0,-112.064926,33.4743
3884,861,-112.358826,33.46646
3885,0,-112.06862,33.452156
3886,0,-111.86569,33.53887
3887,862,-112.1464,33.80425
3888,0,-112.00052,33.495766
3889,0,-112.07358,33.44842
3890,0,-111.80294,33.383644
3891,0,-112.07073,33.45108
3892,0,-111.94497,33.462166
3893,10,-115.17815,36.06713
3894,0,-112.077835,33.487103
3895,0,-112.06384,33.517437
3896,863,-112.060196,33.50948
3897,2,-112.06467,33.59547
3898,2,-115.16911,36.12468
3899,0,-111.85791,33.235134
3900,864,-112.09998,33.55429
3901,2,-115.143524,36.170765
3902,0,-115.17652,36.11301
3903,0,-112.00005,33.450695
3904,0,-111.90624,33.37797
3905,0,-111.90663,33.43274
3906,2,-112.04791,33.47893
3907,0,-112.07966,33.445744
3908,2,-111.92053,33.489132
3909,2,-115.17178,36.12367
3910,2,-111.997696,33.435596
3911,0,-111.84169,33.3019
3912,2,-115.15396,36.157898
3913,0,-115.173904,36.110092
3914,2,-112.05003,33.46554
3915,865,-112.1019,33.712246
3916,0,-112.01691,33.448673
3917,0,-111.7443,33.307983
3918,866,-112.134186,33.51087
3919,2,-112.006714,33.435715
3920,2,-115.173874,36.109753
3921,0,-111.551094,33.412388
3922,0,-111.94037,33.425762
3923,2,-115.16769,36.10302
3924,867,-112.16333,33.318974
3925,868,-112.35654,33.42504
3926,2,-115.15126,36.1089
3927,0,-111.92576,33.473293
3928,0,-112.04677,33.50889
3929,2,-111.78983,33.354767
3930,0,-111.99575,33.50231
3931,2,-115.19528,36.11444
3932,869,-112.072205,33.472473
3933,0,-111.78777,33.379498
3934,870,-111.841156,33.31183
3935,871,-111.92417,33.63718
3936,0,-111.85832,33.32686
3937,0,-111.92343,33.499702
3938,0,-115.174355,36.109806
3939,872,-115.1929,36.116634
3940,2,-111.92562,33.493855
3941,0,-112.261604,33.534298
3942,873,-112.047295,33.068256
3943,874,-111.72688,33.414944
3944,0,-112.393776,33.62668
3945,0,-111.98411,33.269833
3946,875,-111.97437,33.521954
3947,876,-112.09144,33.45804
3948,0,-111.873955,33.62112
3949,0,-111.97437,33.521954
3950,877,-115.15254,36.151268
3951,2,-115.15389,36.156593
3952,0,-111.63997,33.28187
3953,2,-111.92353,33.564377
3954,0,-112.072205,33.472473
3955,0,-111.611404,33.54463
3956,0,-111.7195,33.34711
3957,0,-112.23992,33.595974
3958,0,-112.23997,33.58195
3959,0,-89.38207,43.07572
3960,0,-111.92644,33.50619
3961,0,-111.82584,33.41346
3962,0,-111.84238,33.304688
3963,0,-112.06498,33.524887
3964,0,-111.96382,33.44613
3965,2,-111.94497,33.462166
3966,0,-112.03397,33.508984
3967,0,-111.97652,33.31724
3968,0,-111.92796,33.490696
3969,0,-111.8323,33.378372
3970,0,-112.07427,33.447517
3971,0,-112.03147,33.48778
3972,0,-111.91153,33.509792
3973,0,-112.003174,33.49564
3974,0,-111.93985,33.424675
3975,0,-112.35913,33.61018
3976,0,-111.976906,33.612934
3977,0,-115.15387,36.110085
3978,0,-111.89946,33.557293
3979,0,-112.11836,33.58035
3980,0,-112.120705,33.667572
3981,0,-111.76014,33.30625
3982,0,-112.26369,33.638588
3983,0,-111.87602,33.3796
3984,0,-111.96154,33.31921
3985,0,-112.04716,33.524086
3986,878,-111.92628,33.528217
3987,2,-112.07059,33.450706
3988,0,-111.88589,33.306007
3989,0,-111.84164,33.322445
3990,0,-112.07059,33.450706
3991,0,-111.89333,33.62839
3992,0,-111.93881,33.426064
3993,0,-112.07212,33.4448
3994,879,-111.95149,33.42273
3995,0,-111.99559,33.511234
3996,0,-111.92416,33.623615
3997,0,-111.833664,33.416603
3998,0,-112.03063,33.48189
3999,2,-80.838165,35.23109
4000,0,-111.91728,33.465336
4001,0,-112.065636,33.44916
4002,2,-115.17086,36.10993
4003,0,-112.184326,33.539227
4004,0,-115.30628,36.114822
4005,0,-112.047104,33.530334
4006,2,-115.167694,36.103054
4007,0,-112.08452,33.49523
4008,0,-112.06551,33.576332
4009,0,-111.97877,33.58394
4010,0,-112.09107,33.49436
4011,2,-111.99434,33.43419
4012,10,-115.20685,36.11581
4013,0,-111.95927,33.522
4014,0,-111.943306,33.42127
4015,0,-112.07562,33.450012
4016,2,-112.391754,33.62338
4017,2,-112.04149,33.508736
4018,0,-111.97699,33.635006
4019,0,-111.97842,33.62365
4020,0,-112.240456,33.581093
4021,0,-112.08711,33.45496
4022,0,-111.928185,33.501774
4023,0,-112.39489,33.456467
4024,0,-111.91002,33.395737
4025,2,-112.07126,33.448467
4026,2,-111.92548,33.434902
4027,0,-112.26369,33.638588
4028,0,-111.932106,33.493336
4029,0,-112.101746,33.37904
4030,0,-111.91755,33.499786
4031,0,-111.95375,33.407803
4032,17,-80.83041,35.151836
4033,0,-112.0037,33.49516
4034,0,-112.07401,33.45038
4035,0,-111.85726,33.409737
4036,0,-112.11762,33.524418
4037,0,-111.976555,33.677334
4038,0,-111.9309,33.58303
4039,0,-111.888374,33.581944
4040,0,-112.07397,33.513077
4041,0,-111.968,33.31929
4042,880,-111.925766,33.778988
4043,0,-111.91002,33.395737
4044,0,-112.10453,33.509815
4045,881,-112.03565,33.436253
4046,0,-112.116196,33.575203
4047,0,-111.92697,33.462616
4048,882,-112.07126,33.448467
4049,0,-111.98636,33.453197
4050,0,-111.92415,33.50155
4051,2,-111.9258,33.49911
4052,0,-112.07405,33.44995
4053,0,-112.21829,33.47805
4054,0,-111.92373,33.635464
4055,0,-111.98907,33.59956
4056,883,-112.04853,33.524036
4057,2,-112.021385,33.495342
4058,884,-112.138855,33.864914
4059,885,-112.07126,33.448467
4060,2,-111.7195,33.34711
4061,2,-111.940834,33.426746
4062,0,-111.73956,32.887573
4063,886,-115.15979,36.11516
4064,0,-111.92471,33.421352
4065,0,-115.15112,36.086338
4066,0,-111.92506,33.450874
4067,0,-112.07037,33.456417
4068,0,-112.02636,33.51076
4069,2,-73.62455,45.538418
4070,0,-112.42459,33.622913
4071,0,-111.964615,33.534077
4072,0,-112.04798,33.53184
4073,0,-112.07375,33.565098
4074,0,-112.22096,33.642815
4075,10,-115.13792,36.168026
4076,0,-111.56552,33.218143
4077,2,-73.559364,45.508003
4078,0,-112.06877,33.485413
4079,0,-111.995995,33.50922
4080,0,-112.13356,33.583717
4081,0,-111.786835,33.305935
4082,887,-115.33299,36.16123
4083,2,-111.92942,33.50284
4084,0,-73.55267,45.50793
4085,2,-112.18317,33.538727
4086,888,-115.17641,36.11316
4087,0,-111.90998,33.347878
4088,0,-112.06544,33.512665
4089,0,-111.98212,33.331654
4090,0,-112.07393,33.429424
4091,0,-112.00414,33.495163
4092,0,-112.065475,33.47014
4093,0,-112.02249,33.40667
4094,889,-112.074135,33.510227
4095,890,-111.94031,33.423107
4096,891,-112.20232,33.58128
4097,0,-111.947525,33.407562
4098,0,-111.8754,33.337067
4099,0,-111.875145,33.39427
4100,0,-112.090996,33.47979
4101,0,-112.07472,33.463173
4102,892,-111.90752,33.4066
4103,0,-112.02493,33.640034
4104,0,-112.35751,33.46129
4105,0,-112.078766,33.50958
4106,0,-112.10004,33.50141
4107,893,-112.07373,33.381145
4108,0,-112.07401,33.44957
4109,894,-111.89173,33.306416
4110,0,-112.083046,33.531364
4111,0,-112.12593,33.574345
4112,0,-112.07551,33.449596
4113,0,-112.07674,33.449017
4114,0,-112.07405,33.497803
4115,895,-112.08241,33.5027
4116,0,-112.111465,33.52525
4117,0,-112.11726,33.382595
4118,0,-111.9759,33.495018
4119,0,-111.925674,33.470047
4120,0,-112.185036,33.63903
4121,0,-111.923,33.5015
4122,0,-111.9161,33.419567
4123,0,-112.02851,33.511456
4124,0,-112.05627,33.472767
4125,10,-115.12573,36.173634
4126,0,-112.04934,33.523056
4127,0,-112.03788,33.509254
4128,0,-112.073494,33.491695
4129,0,-111.89398,33.414867
4130,0,-112.072395,33.448742
4131,0,-112.18759,33.66274
4132,896,-111.95564,33.442375
4133,0,-111.975815,33.321735
4134,0,-112.04791,33.47893
4135,0,-111.91631,33.451744
4136,0,-112.082214,33.495155
4137,0,-115.24239,36.0542
4138,0,-112.04798,33.53184
4139,0,-112.07371,33.456326
4140,0,-111.94718,33.30594
4141,0,-111.936,33.41438
4142,0,-115.15979,36.11516
4143,0,-112.07393,33.429424
4144,0,-112.04791,33.47893
4145,0,-111.976555,33.677334
4146,2,-115.17087,36.10242
4147,897,-112.082504,33.44052
4148,0,-111.961716,33.53199
4149,898,-115.04598,36.06216
4150,0,-112.23827,33.63088
4151,0,-111.927734,33.348675
4152,0,-112.056564,33.550343
4153,0,-111.78983,33.354767
4154,0,-111.78991,33.355118
4155,0,-111.860565,33.364925
4156,0,-112.04673,33.523743
4157,899,-112.08873,33.50919
4158,0,-111.966606,33.67681
4159,0,-111.87926,33.63937
4160,0,-112.21724,33.638668
4161,2,-115.17087,36.10242
4162,0,-111.944756,33.421448
4163,0,-111.98605,33.494587
4164,0,-111.92623,33.575817
4165,0,-111.8905,33.320286
4166,0,-111.936615,33.37798
4167,0,-112.12042,33.5694
4168,900,-111.841156,33.31183
4169,0,-112.02849,33.510426
4170,0,-111.958885,33.34871
4171,0,-111.98909,33.42159
4172,901,-112.11762,33.524418
4173,0,-111.922966,33.501312
4174,0,-115.17413,36.121143
4175,2,-112.13487,33.46435
4176,0,-111.95036,33.4216
4177,0,-111.91492,33.421413
4178,0,-112.049126,33.4368
4179,0,-111.982285,33.32033
4180,902,-111.97983,33.306667
4181,2,-111.98352,33.33092
4182,0,-115.17457,36.11622
4183,0,-112.358765,33.507095
4184,0,-111.92351,33.581493
4185,0,-112.07393,33.429424
4186,2,-112.27399,33.465183
4187,0,-111.877014,33.389984
4188,0,-112.0013,33.49514
4189,903,-111.917534,33.64516
4190,0,-111.91124,33.362373
4191,0,-111.721756,33.381763
4192,904,-112.18589,33.462093
4193,0,-112.22614,33.642326
4194,905,-112.3355,33.460354
4195,0,-112.04808,33.538925
4196,906,-111.633095,33.24912
4197,0,-112.13153,33.640965
4198,907,-112.040085,33.46555
4199,0,-112.04595,33.069283
4200,2,-111.92697,33.52771
4201,0,-112.02636,33.51076
4202,908,-112.073875,33.446995
4203,0,-111.94668,33.421616
4204,2,-115.1746,36.116764
4205,0,-111.91804,33.69925
4206,909,-112.237564,33.632164
4207,0,-111.789055,33.35924
4208,0,-111.92635,33.489796
4209,0,-112.06516,33.519554
4210,910,-112.07371,33.456326
4211,0,-111.78977,33.356873
4212,0,-111.77289,33.423706
4213,0,-115.17124,36.11788
4214,911,-112.3564,33.465137
4215,0,-112.06476,33.4713
4216,912,-112.35869,33.46381
4217,0,-112.120384,33.66752
4218,0,-111.94082,33.423077
4219,913,-112.14982,33.640068
4220,0,-112.02787,33.49874
4221,914,-112.07379,33.435524
4222,915,-111.85983,33.36073
4223,916,-112.07444,33.445892
4224,0,-112.120705,33.667572
4225,917,-111.98333,33.34819
4226,0,-111.858246,33.26385
4227,918,-111.959404,33.350735
4228,0,-111.93962,33.42344
4229,919,-111.91585,33.697605
4230,0,-111.87236,33.540802
4231,0,-111.986664,33.6016
4232,0,-112.06469,33.52939
4233,0,-112.00187,33.495174
4234,0,-112.01343,33.583477
4235,920,-111.977715,33.317287
4236,921,-111.73893,33.33537
4237,0,-111.98451,33.509106
4238,0,-112.07308,33.56747
4239,0,-112.27275,33.46457
4240,0,-112.09614,33.510094
4241,922,-111.925766,33.623943
4242,0,-112.00486,33.49552
4243,0,-112.07457,33.47411
4244,0,-111.9235,33.625095
4245,0,-112.07991,33.45496
4246,0,-111.91622,33.49664
4247,0,-112.07872,33.509678
4248,0,-111.97838,33.627045
4249,0,-111.979546,33.640232
4250,0,-111.92665,33.609993
4251,0,-112.04725,33.50166
4252,0,-112.07037,33.456417
4253,0,-112.06475,33.472675
4254,0,-112.08224,33.499825
4255,0,-112.06033,33.494713
4256,0,-111.930984,33.79885
4257,0,-112.07033,33.457035
4258,0,-111.98909,33.42159
4259,923,-111.79242,33.378643
4260,0,-111.77341,33.29329
4261,924,-111.92591,33.527195
4262,0,-112.003845,33.48072
4263,0,-111.7902,33.28016
4264,0,-111.94081,33.42263
4265,0,-112.045715,33.51041
4266,0,-112.04739,33.4692
4267,0,-112.06467,33.59547
4268,925,-111.87543,33.394417
4269,2,-115.15126,36.1089
4270,0,-111.92473,33.626343
4271,0,-111.97937,33.329357
4272,926,-111.89754,33.621906
4273,0,-112.065346,33.519466
4274,927,-111.939804,33.426353
4275,0,-111.752884,33.37769
4276,0,-112.06899,33.45917
4277,0,-111.90713,33.39263
4278,928,-111.98253,33.479965
4279,0,-112.358635,33.463406
4280,10,-115.02976,36.097412
4281,929,-111.97688,33.583424
4282,0,-112.12042,33.5694
4283,0,-112.27275,33.46457
4284,930,-112.04373,33.508354
4285,931,-111.87599,33.413055
4286,0,-112.06551,33.576332
4287,932,-112.073494,33.491695
4288,0,-111.92851,33.50097
4289,0,-111.86058,33.33606
4290,0,-111.92548,33.434902
4291,0,-112.02721,33.51021
4292,0,-112.099915,33.503937
4293,0,-111.92775,33.492905
4294,0,-111.82584,33.41346
4295,0,-112.08083,33.48021
4296,0,-112.04465,33.448486
4297,0,-112.07461,33.474236
4298,0,-111.91091,33.414574
4299,933,-111.917534,33.64516
4300,0,-112.0477,33.515106
4301,0,-112.03854,33.454876
4302,2,-115.19734,36.116177
4303,0,-112.04739,33.4692
4304,0,-112.0313,33.643
4305,0,-112.22554,33.6416
4306,0,-111.789505,33.452507
4307,934,-111.97632,33.612
4308,0,-112.06551,33.576332
4309,0,-112.220406,33.6105
4310,0,-112.08219,33.466106
4311,935,-112.25351,33.581303
4312,0,-111.96175,33.40655
4313,0,-111.99584,33.640785
4314,936,-112.01237,33.582172
4315,0,-111.92715,33.421734
4316,10,-112.06543,33.469967
4317,0,-111.9727,33.675682
4318,937,-112.11471,33.71089
4319,0,-112.07308,33.56747
4320,938,-112.156845,33.451126
4321,2,-112.07127,33.508995
4322,0,-112.172195,33.53848
4323,939,-111.994576,33.304462
4324,940,-112.05744,33.49426
4325,0,-111.90545,33.432915
4326,0,-111.923256,33.58223
4327,941,-112.064644,33.450397
4328,0,-112.273254,33.4641
4329,942,-112.074615,33.44795
4330,943,-111.83933,33.246418
4331,0,-112.07445,33.449436
4332,0,-112.06899,33.45917
4333,0,-111.92604,33.41696
4334,0,-111.926636,33.653805
4335,0,-112.06567,33.487747
4336,0,-111.92443,33.582516
4337,944,-115.141884,36.16918
4338,0,-112.24006,33.611202
4339,0,-112.06516,33.519554
4340,0,-112.07327,33.479782
4341,0,-112.064926,33.4743
4342,0,-111.9454,33.377
4343,0,-112.063866,33.494915
4344,0,-112.045715,33.51041
4345,0,-111.92906,33.36249
4346,0,-111.90885,33.421627
4347,0,-112.06476,33.4713
4348,0,-112.07357,33.4641
4349,0,-112.131485,33.525192
4350,0,-112.10023,33.626423
4351,0,-111.98645,33.47641
4352,945,-111.9142,33.46483
4353,0,-111.9011,33.34931
4354,0,-112.07445,33.448578
4355,0,-112.06551,33.576332
4356,0,-111.907455,33.37734
4357,0,-112.0404,33.509445
4358,946,-112.07357,33.4641
4359,947,-112.049126,33.4368
4360,948,-112.074196,33.51354
4361,0,-111.982025,33.34806
4362,949,-111.92563,33.49171
4363,0,-111.93588,33.422318
4364,0,-112.0792,33.49111
4365,0,-112.05359,33.49485
4366,0,-111.92784,33.497147
4367,950,-111.98156,33.304703
4368,0,-111.96684,33.305733
4369,0,-111.91017,33.48699
4370,951,-111.94298,33.421413
4371,0,-111.994545,33.43402
4372,0,-112.18789,33.666695
4373,952,-111.72417,33.38128
4374,0,-111.92367,33.53918
4375,953,-112.06961,33.456757
4376,0,-111.743675,33.306835
4377,954,-73.57902,45.52839
4378,0,-112.23077,33.636528
4379,955,-111.75614,33.36745
4380,0,-112.06867,33.44629
4381,0,-115.17849,36.10924
4382,0,-112.09909,33.552475
4383,0,-111.87372,33.379093
4384,956,-111.9989,33.375305
4385,0,-111.96588,33.385586
4386,0,-115.17582,36.11773
4387,0,-112.372765,33.464046
4388,0,-112.18584,33.542072
4389,0,-112.04739,33.4692
4390,0,-112.07233,33.456696
4391,0,-112.171936,33.638557
4392,0,-112.06998,33.45716
4393,0,-112.07908,33.49112
4394,0,-112.08166,33.466103
4395,0,-112.06922,33.453896
4396,0,-112.00326,33.495155
4397,0,-112.07379,33.435524
4398,0,-112.073494,33.491695
4399,0,-111.83985,33.388084
4400,0,-112.11107,33.71102
4401,0,-111.92589,33.586834
4402,0,-112.06836,33.457863
4403,0,-89.38101,43.074238
4404,0,-111.93051,33.491875
4405,0,-111.92313,33.69957
4406,0,-112.0001,33.305485
4407,0,-112.079285,33.455036
4408,0,-112.07379,33.435524
4409,0,-111.92641,33.655567
4410,0,-112.082825,33.517372
4411,0,-111.97775,33.49413
4412,0,-112.06296,33.656124
4413,0,-111.95149,33.42273
4414,0,-112.07908,33.49112
4415,0,-115.22345,36.125664
4416,0,-111.99411,33.479755
4417,0,-111.84122,33.313553
4418,328,-112.07399,33.44933
4419,0,-111.92595,33.422276
4420,0,-111.99634,33.50211
4421,0,-112.08981,33.45712
4422,0,-111.79164,33.270878
4423,0,-111.930756,33.5053
4424,0,-111.943954,33.42853
4425,0,-111.92293,33.492752
4426,0,-111.92625,33.617584
4427,0,-112.0739,33.500202
4428,0,-112.07354,33.50653
4429,0,-111.988075,33.51
4430,0,-111.91055,33.48017
4431,0,-111.94389,33.4216
4432,0,-111.92656,33.485966
4433,2,-73.55787,45.50043
4434,0,-111.92415,33.50155
4435,0,-111.72624,33.321865
4436,0,-111.93152,33.493298
4437,0,-111.92427,33.492287
4438,2,-112.02731,33.510536
4439,957,-112.13487,33.46435
4440,0,-112.165565,33.611652
4441,2,-115.17669,36.117455
4442,0,-112.064644,33.450397
4443,0,-112.08873,33.50919
4444,0,-111.92902,33.50251
4445,0,-111.897964,33.302246
4446,0,-112.06482,33.473904
4447,0,-111.927216,33.5314
4448,0,-112.05503,33.5529
4449,0,-111.96797,33.32236
4450,0,-111.92471,33.421352
4451,0,-112.08292,33.506462
4452,0,-111.81534,33.436394
4453,0,-111.86092,33.336273
4454,0,-112.0144,33.510056
4455,0,-112.0648,33.47468
4456,0,-112.027885,33.377113
4457,2,-115.26148,36.113655
4458,0,-112.06961,33.456757
4459,0,-112.010605,33.465714
4460,0,-112.17015,33.610752
4461,0,-111.95117,33.421658
4462,0,-112.074684,33.509563
4463,0,-112.15967,33.509876
4464,0,-112.099236,33.59371
4465,0,-111.97417,33.4133
4466,0,-112.07377,33.45838
4467,0,-111.97775,33.49413
4468,0,-111.92704,33.321545
4469,958,-112.06899,33.45917
4470,2,-111.91648,33.64488
4471,0,-112.23991,33.68106
4472,0,-112.11459,33.612545
4473,0,-115.04675,36.043884
4474,0,-112.39544,33.63827
4475,959,-111.88075,33.55738
4476,0,-112.073875,33.446995
4477,0,-112.18793,33.670437
4478,0,-111.95201,33.37719
4479,0,-112.07551,33.449596
4480,0,-112.237564,33.632164
4481,0,-112.07748,33.45907
4482,960,-111.961716,33.53199
4483,17,-112.071884,33.44986
4484,961,-111.90876,33.458496
4485,962,-112.07054,33.465744
4486,0,-112.23629,33.633305
4487,963,-112.127106,33.581795
4488,0,-112.06862,33.452156
4489,0,-112.07358,33.442486
4490,0,-112.07362,33.41081
4491,964,-111.92593,33.493774
4492,0,-112.06862,33.452156
4493,0,-112.09107,33.49436
4494,0,-111.996765,33.495117
4495,0,-112.01291,33.39068
4496,2,-115.17203,36.11494
4497,0,-112.09927,33.52513
4498,0,-111.92708,33.335384
4499,965,-112.13548,33.53821
4500,0,-111.92615,33.625362
4501,0,-111.92648,33.474552
4502,0,-111.92415,33.50155
4503,966,-111.918,33.50232
4504,0,-111.9796,33.331047
4505,0,-111.91348,33.494576
4506,0,-111.889534,33.41505
4507,0,-112.011284,33.640278
4508,10,-115.157875,36.142757
4509,2,-73.583984,45.490173
4510,0,-112.07176,33.44931
4511,0,-112.073875,33.446995
4512,0,-111.97403,33.371136
4513,0,-112.02493,33.640034
4514,967,-112.06483,33.457333
4515,2,-111.95564,33.442375
4516,0,-112.047714,33.449528
4517,2,-115.167404,36.126812
4518,0,-115.17196,36.120907
4519,2,-112.06961,33.452335
4520,0,-112.06516,33.519554
4521,0,-111.89497,33.582962
4522,0,-112.068695,33.452435
4523,0,-111.97094,33.403538
4524,0,-112.06961,33.452335
4525,0,-112.07409,33.4975
4526,2,-112.06961,33.452335
4527,0,-111.68226,33.46673
4528,0,-111.90817,33.45781
4529,0,-112.04887,33.46591
4530,2,-115.314316,36.112083
4531,0,-112.134186,33.51087
4532,0,-111.834526,33.414837
4533,0,-111.92635,33.496613
4534,2,-115.1929,36.116634
4535,0,-112.11067,33.640343
4536,0,-111.92568,33.422756
4537,0,-112.01291,33.39068
4538,0,-111.72261,33.36596
4539,0,-112.08233,33.46606
4540,0,-112.099915,33.503017
4541,0,-112.07156,33.457054
4542,2,-115.17516,36.109875
4543,0,-112.07033,33.457035
4544,968,-112.05806,33.550854
4545,0,-111.943985,33.428585
4546,0,-111.59601,33.22378
4547,0,-111.72063,33.23511
4548,969,-111.888374,33.581944
4549,0,-111.97828,33.39516
4550,0,-111.83293,33.41547
4551,0,-111.96103,33.87358
4552,0,-111.92602,33.582504
4553,0,-112.0917,33.50899
4554,0,-111.90849,33.430023
4555,0,-112.04733,33.641117
4556,0,-111.9759,33.495018
4557,0,-112.204185,33.63882
4558,0,-111.8989,33.306488
4559,0,-112.02297,33.495342
4560,0,-111.99434,33.43419
4561,0,-115.19761,36.14399
4562,970,-112.064926,33.4743
4563,0,-112.073494,33.491695
4564,0,-112.04149,33.508736
4565,0,-112.26605,33.53391
4566,0,-112.07415,33.46425
4567,0,-112.03885,33.506256
4568,0,-115.11979,36.238106
4569,0,-112.22832,33.634636
4570,971,-112.07161,33.458847
4571,0,-111.926765,33.501877
4572,0,-111.95149,33.42273
4573,0,-111.909225,33.305378
4574,0,-111.951614,33.421337
4575,972,-111.93631,33.422318
4576,0,-112.23696,33.62722
4577,973,-112.04798,33.513504
4578,0,-112.07054,33.465744
4579,0,-112.07486,33.448936
4580,974,-112.04767,33.483723
4581,2,-112.073425,33.447334
4582,975,-112.04784,33.5224
4583,976,-111.96211,33.33497
4584,977,-111.99497,33.43605
4585,978,-111.926674,33.489574
4586,0,-111.910515,33.46885
4587,979,-112.083984,33.496387
4588,0,-111.85335,33.393387
4589,0,-111.85275,33.731834
4590,2,-115.169655,36.12119
4591,0,-111.89163,33.625385
4592,0,-79.985535,40.45074
4593,0,-112.082344,33.46532
4594,10,-115.13792,36.168026
4595,0,-112.072014,33.455708
4596,0,-111.888626,33.675133
4597,0,-112.184326,33.539227
4598,0,-111.9288,33.49526
4599,0,-111.860405,33.277092
4600,0,-112.18537,33.610764
4601,980,-112.07339,33.513504
4602,0,-112.04831,33.508953
4603,981,-112.1128,33.712425
4604,0,-111.90465,33.616486
4605,0,-111.836136,33.416798
4606,982,-112.04725,33.50166
4607,0,-112.23166,33.638668
4608,0,-111.89117,33.319813
4609,0,-112.169464,33.596962
4610,0,-112.11606,33.58511
4611,0,-111.91002,33.395737
4612,0,-112.06343,33.44752
4613,0,-111.90834,33.394802
4614,0,-111.89344,33.62444
4615,0,-112.06844,33.638363
4616,0,-112.17426,33.63955
4617,983,-112.35883,33.467022
4618,0,-111.68715,33.325325
4619,984,-111.85407,33.39349
4620,0,-112.12325,33.639545
4621,985,-112.356064,33.464493
4622,0,-112.07431,33.50062
4623,0,-112.25428,33.580444
4624,0,-112.13424,33.625828
4625,0,-112.261604,33.534298
4626,986,-112.1807,33.58231
4627,0,-112.18817,33.662697
4628,0,-111.85794,33.27528
4629,0,-111.92445,33.539402
4630,987,-111.92529,33.478733
4631,988,-112.18902,33.639168
4632,0,-112.06962,33.452393
4633,0,-112.07415,33.46425
4634,989,-111.892105,33.622715
4635,0,-112.04945,33.377567
4636,990,-111.909645,33.40716
4637,0,-111.84114,33.29091
4638,0,-112.068504,33.452827
4639,0,-112.08199,33.50551
4640,2,-111.92563,33.49171
4641,0,-112.08285,33.51695
4642,0,-112.071884,33.44986
4643,991,-111.93772,33.391724
4644,0,-111.75579,33.36657
4645,0,-115.351524,36.159336
4646,0,-115.1195,36.015434
4647,0,-112.02851,33.511456
4648,0,-112.07127,33.508995
4649,992,-111.78977,33.356873
4650,0,-111.90862,33.377403
4651,0,-112.066925,33.639965
4652,993,-111.92388,33.820896
4653,0,-73.55403,45.50644
4654,0,-112.07285,33.449226
4655,2,-73.55454,45.504128
4656,994,-111.962555,33.33564
4657,995,-112.04715,33.524593
4658,0,-112.07232,33.457657
4659,2,-115.16021,36.133446
4660,0,-111.92529,33.478733
4661,0,-112.07059,33.45006
4662,10,-111.8758,33.41271
4663,0,-111.841324,33.245163
4664,0,-111.995514,33.50243
4665,0,-112.126686,33.581818
4666,0,-115.23995,36.14467
4667,0,-112.0846,33.34697
4668,0,-112.082344,33.46532
4669,2,-115.209656,36.127045
4670,0,-111.90804,33.33591
4671,0,-111.925865,33.64129
4672,0,-112.05627,33.472767
4673,0,-112.0733,33.47907
4674,0,-111.93228,33.496403
4675,0,-112.358765,33.507095
4676,0,-111.93508,33.48131
4677,0,-111.92239,33.501007
4678,0,-112.07196,33.509605
4679,0,-80.83188,35.156338
4680,0,-111.90551,33.573765
4681,0,-111.95575,33.531525
4682,996,-112.079285,33.455036
4683,0,-112.02292,33.448673
4684,0,-111.92892,33.82847
4685,0,-111.89477,33.627304
4686,0,-112.082825,33.517372
4687,0,-112.06456,33.522358
4688,0,-111.93512,33.483368
4689,0,-111.936485,33.422974
4690,997,-112.07054,33.465744
4691,998,-112.07401,33.505856
4692,0,-112.03685,33.640083
4693,0,-112.07484,33.447174
4694,0,-112.07484,33.447174
4695,999,-112.06666,33.496933
4696,0,-112.07747,33.459015
4697,964,-112.07422,33.479652
4698,0,-111.87735,33.30606
4699,0,-112.08388,33.49745
4700,0,-111.74184,33.307846
4701,0,-111.97678,33.584267
4702,0,-111.78861,33.43749
4703,0,-111.921684,33.582222
4704,0,-112.07484,33.447174
4705,1000,-111.72394,33.379185
4706,1001,-111.92525,33.618355
4707,0,-112.072266,33.458782
4708,1002,-111.97403,33.371136
4709,0,-112.05206,33.457935
4710,0,-112.11214,33.66497
4711,0,-112.07405,33.44995
4712,1003,-112.078156,33.458477
4713,0,-112.07405,33.44995
4714,1004,-112.18317,33.538727
4715,1005,-112.05472,33.55273
4716,0,-112.04767,33.483723
4717,0,-112.10039,33.488403
4718,0,-111.93159,33.830368
4719,0,-111.875336,33.277004
4720,0,-111.73558,33.43846
4721,0,-111.92306,33.49227
4722,0,-112.75274,33.96392
4723,0,-112.083115,33.49457
4724,0,-111.928024,33.624035
4725,1006,-112.116264,33.576405
4726,0,-112.074036,33.448376
4727,0,-112.07562,33.450012
4728,0,-112.07401,33.45038
4729,0,-115.16918,36.10844
4730,0,-112.14982,33.640068
4731,0,-111.989876,33.49498
4732,0,-112.04661,33.51038
4733,0,-112.07492,33.483
4734,0,-111.92589,33.586834
4735,0,-111.84111,33.363014
4736,0,-112.08234,33.516464
4737,0,-112.04733,33.641117
4738,0,-111.89146,33.627163
4739,0,-112.07238,33.46544
4740,0,-112.1159,33.587765
4741,0,-111.789665,33.305748
4742,0,-111.88343,33.305298
4743,0,-111.953125,33.42159
4744,0,-112.13726,33.50915
4745,1007,-111.790085,33.35524
4746,0,-111.98837,33.495483
4747,10,-112.072014,33.455708
4748,0,-112.06466,33.476845
4749,0,-112.05941,33.49494
4750,0,-111.94643,33.37854
4751,1008,-115.17332,36.11567
4752,0,-111.96901,33.315628
4753,0,-111.9224,33.500626
4754,1009,-112.39554,33.45657
4755,1010,-112.07228,33.45587
4756,0,-112.34323,33.464
4757,0,-112.081566,33.4655
4758,0,-112.06836,33.457863
4759,2,-115.1741,36.12134
4760,0,-111.86142,33.37831
4761,0,-111.92756,33.38369
4762,0,-111.88626,33.569817
4763,0,-111.97811,33.59784
4764,0,-112.04739,33.4692
4765,0,-111.92529,33.478733
4766,1011,-111.92697,33.462616
4767,0,-112.222885,33.596703
4768,0,-111.92737,33.50323
4769,1012,-112.071075,33.446884
4770,1013,-112.073425,33.447334
4771,1014,-111.96481,33.378925
4772,0,-112.13101,33.639732
4773,0,-115.17684,36.1206
4774,0,-112.271805,33.465214
4775,0,-112.237854,33.63042
4776,1015,-112.08238,33.46577
4777,1016,-111.92477,33.64053
4778,1017,-112.02814,33.510223
4779,0,-111.995705,33.63991
4780,0,-112.024,33.50923
4781,1018,-111.99968,33.43605
4782,0,-111.98095,33.304028
4783,0,-111.92619,33.618313
4784,10,-115.14056,36.16785
4785,2,-115.00943,36.27326
4786,0,-111.537415,33.57461
4787,1019,-112.071075,33.446884
4788,1020,-111.78979,33.357132
4789,0,-112.073425,33.447334
4790,2,-112.049126,33.4368
4791,1021,-112.019775,33.495438
4792,0,-112.071075,33.446884
4793,1022,-112.07401,33.44957
4794,0,-112.10003,33.638687
4795,1023,-111.967804,33.320557
4796,0,-111.686104,33.38569
4797,0,-111.787735,33.391663
4798,0,-111.98051,33.378704
4799,0,-112.074066,33.509735
4800,1024,-112.074425,33.44849
4801,1025,-111.929375,33.622887
4802,1026,-111.96135,33.351013
4803,0,-112.06544,33.595097
4804,0,-112.006714,33.435715
4805,0,-112.064766,33.470886
4806,0,-111.90513,33.41494
4807,0,-111.97488,33.58422
4808,0,-111.88544,33.54149
4809,2,-115.17033,36.12362
4810,0,-112.07422,33.479652
4811,0,-111.93395,33.49345
4812,0,-112.07422,33.479652
4813,2,-115.17086,36.10993
4814,0,-112.121895,33.670223
4815,0,-111.927765,33.498432
4816,0,-112.20085,33.610016
4817,2,-115.13609,36.01191
4818,0,-112.10831,33.538857
4819,0,-111.924194,33.78053
4820,2,-115.1466,36.171837
4821,0,-112.271225,33.63774
4822,0,-112.06476,33.4713
4823,1027,-115.16744,36.127686
4824,2,-115.1684,36.124554
4825,0,-112.09868,33.46693
4826,2,-115.17459,36.112022
4827,2,-115.17476,36.10803
4828,0,-112.287704,33.49428
4829,10,-115.22625,36.086525
4830,10,-115.11799,36.014458
4831,0,-112.02849,33.510426
4832,1028,-111.90446,33.433537
4833,0,-112.07233,33.456696
4834,0,-111.930984,33.79885
4835,0,-111.936104,33.378223
4836,0,-112.06466,33.486187
4837,0,-112.072395,33.448742
4838,0,-111.92612,33.532578
4839,0,-112.04676,33.54781
4840,0,-112.07372,33.448563
4841,0,-112.127,33.581833
4842,10,-115.25734,36.195675
4843,2,-112.07271,33.448376
4844,1029,-112.10217,33.52494
4845,0,-112.06669,33.60944
4846,1030,-111.9515,33.304844
4847,0,-112.073425,33.447334
4848,1031,-111.9309,33.58303
4849,0,-112.06609,33.60633
4850,0,-112.26056,33.534855
4851,0,-111.78861,33.43749
4852,0,-112.09069,33.480274
4853,0,-111.73821,33.41594
4854,0,-112.22137,33.467903
4855,0,-112.047104,33.530334
4856,1032,-111.87926,33.63937
4857,0,-111.98907,33.59956
4858,0,-112.02839,33.510456
4859,1033,-111.92657,33.499386
4860,0,-112.122604,33.581367
4861,1034,-112.06544,33.595097
4862,10,-112.07405,33.44995
4863,1035,-112.21744,33.637657
4864,1036,-112.0741,33.47948
4865,0,-112.068504,33.452827
4866,0,-112.09614,33.510094
4867,0,-112.0741,33.47948
4868,0,-111.874146,33.31923
4869,2,-111.997696,33.435596
4870,2,-112.07229,33.4807
4871,2,-115.17704,36.10762
4872,0,-112.23267,33.6359
4873,2,-115.17089,36.11006
4874,0,-112.07127,33.63668
4875,0,-112.131485,33.525192
4876,0,-111.8742,33.31996
4877,10,-115.20131,36.126427
4878,1037,-112.09136,33.477753
4879,0,-112.02418,33.510033
4880,0,-112.06488,33.47426
4881,1038,-111.90383,33.433975
4882,1039,-111.923,33.5015
4883,0,-112.0739,33.500202
4884,1040,-111.92796,33.490696
4885,0,-112.073685,33.479477
4886,0,-112.0249,33.510975
4887,0,-111.95149,33.42273
4888,1041,-112.06342,33.607544
4889,0,-111.924904,33.510914
4890,1042,-112.0792,33.49111
4891,0,-111.97652,33.31724
4892,0,-111.92792,33.499535
4893,0,-112.07457,33.47411
4894,0,-111.938225,33.378216
4895,0,-112.13404,33.610744
4896,0,-112.16784,33.61331
4897,907,-111.89105,33.6271
4898,0,-112.08288,33.516365
4899,0,-112.235085,33.654278
4900,0,-112.073685,33.479477
4901,1043,-112.04791,33.47893
4902,2,-115.10866,36.001587
4903,0,-112.06096,33.50953
4904,0,-111.92951,33.322136
4905,2,-115.13838,36.11365
4906,2,-111.99584,33.640785
4907,0,-112.049126,33.4368
4908,0,-111.88451,33.636524
4909,1044,-111.979546,33.640232
4910,0,-112.00008,33.495438
4911,2,-115.17306,36.091965
4912,0,-111.93744,33.423515
4913,0,-112.201866,33.669647
4914,0,-111.92753,33.49919
4915,0,-111.78759,33.379097
4916,0,-112.07427,33.447517
4917,0,-111.977036,33.61302
4918,0,-111.906044,33.43245
4919,0,-111.86972,33.5409
4920,1045,-111.48048,33.450058
4921,0,-111.87605,33.3627
4922,0,-112.04657,33.510155
4923,0,-111.92604,33.41696
4924,0,-112.05472,33.55273
4925,1046,-111.89912,33.62122
4926,0,-112.06238,33.637684
4927,1047,-112.25456,33.478016
4928,0,-89.38695,43.07489
4929,0,-112.362854,33.638557
4930,0,-111.979164,33.597935
4931,0,-111.89904,33.55519
4932,0,-112.02849,33.510426
4933,2,-115.17481,36.10987
4934,1048,-112.126114,33.47456
4935,0,-112.074196,33.51354
4936,0,-111.85576,33.39053
4937,0,-112.07409,33.4975
4938,0,-112.07422,33.479652
4939,0,-112.01175,33.509346
4940,1049,-112.098274,33.53864
4941,1050,-112.065636,33.44916
4942,1051,-112.071884,33.44986
4943,0,-112.082985,33.46545
4944,1052,-112.07379,33.435524
4945,1053,-111.72392,33.32106
4946,2,-112.06063,33.49443
4947,1054,-111.931244,33.49337
4948,0,-111.789276,33.355034
4949,0,-111.74293,33.308735
4950,0,-112.07339,33.513504
4951,1055,-112.07232,33.457657
4952,0,-111.634476,33.249775
4953,0,-112.04088,33.509563
4954,0,-111.978836,33.67586
4955,0,-111.90065,33.30537
4956,1056,-111.87236,33.540802
4957,2,-111.93051,33.64885
4958,1057,-112.11074,33.524494
4959,1058,-112.13333,33.567116
4960,1059,-112.06096,33.50953
4961,0,-111.92529,33.478733
4962,0,-111.98909,33.42159
4963,0,-112.078156,33.458477
4964,0,-112.099625,33.566025
4965,1060,-112.3577,33.537685
4966,1061,-112.073326,33.509567
4967,0,-112.085785,33.509537
4968,1062,-111.927,33.474373
4969,1063,-111.905495,33.43018
4970,0,-112.068,33.641598
4971,0,-111.89859,33.490013
4972,0,-111.84128,33.3937
4973,0,-112.07405,33.44995
4974,0,-112.239044,33.669716
4975,0,-112.26105,33.533955
4976,1064,-111.92358,33.491535
4977,0,-111.93961,33.42608
4978,2,-111.918686,33.566635
4979,0,-111.79821,33.422718
4980,0,-112.07422,33.479652
4981,1065,-112.3589,33.64478
4982,0,-111.80903,33.271664
4983,0,-111.989876,33.49498
4984,0,-111.927734,33.348675
4985,0,-112.02787,33.49874
4986,0,-112.070465,33.452625
4987,0,-112.02769,33.510315
4988,0,-111.988716,33.509197
4989,0,-111.94475,33.421658
4990,0,-111.68226,33.45104
4991,0,-112.04675,33.523613
4992,0,-112.033966,33.465523
4993,0,-112.07426,33.500813
4994,0,-112.04698,33.523983
4995,0,-112.07991,33.45496
4996,0,-111.976906,33.612934
4997,2,-111.92427,33.492287
4998,0,-111.92635,33.46439
4999,0,-112.065346,33.511677
5000,0,-112.01383,33.510063
5001,1066,-111.98212,33.331654
5002,0,-111.94858,33.832657
5003,1067,-111.91492,33.421413
5004,1068,-111.95493,33.407665
5005,0,-111.929375,33.622887
5006,0,-112.073425,33.447334
5007,0,-111.743675,33.306835
5008,0,-112.187035,33.640503
5009,0,-112.083466,33.49569
5010,0,-112.20413,33.611145
5011,0,-112.074196,33.51354
5012,0,-111.9759,33.495018
5013,2,-111.85937,33.384197
5014,0,-111.77341,33.29329
5015,0,-112.047455,33.547836
5016,0,-112.13259,33.552723
5017,0,-112.06783,33.458065
5018,0,-112.04788,33.525127
5019,0,-112.072014,33.455708
5020,0,-112.072014,33.455708
5021,1069,-111.8437,33.384083
5022,0,-112.073425,33.447334
5023,0,-111.89997,33.4276
5024,0,-111.87404,33.622597
5025,0,-111.92716,33.45379
5026,0,-111.92483,33.539448
5027,0,-112.137405,33.639606
5028,0,-115.17516,36.109875
5029,0,-112.04994,33.508884
5030,0,-112.06502,33.653706
5031,0,-111.92606,33.48357
5032,0,-111.74266,33.3004
5033,0,-111.7212,33.3666
5034,0,-111.79082,33.261326
5035,2,-115.173904,36.110092
5036,0,-112.42459,33.622913
5037,0,-111.92708,33.335384
5038,0,-111.92716,33.45379
5039,0,-111.89337,33.32015
5040,2,-111.97308,33.52883
5041,0,-112.11884,33.48044
5042,0,-111.92555,33.492203
5043,1070,-111.98212,33.331654
5044,0,-111.97686,33.613007
5045,1071,-112.02125,33.496155
5046,10,-115.17131,36.11928
5047,1072,-111.96778,33.305794
5048,0,-112.06516,33.519554
5049,0,-112.07672,33.479992
5050,0,-112.04465,33.448486
5051,1073,-112.07358,33.442486
5052,0,-111.86027,33.262383
5053,10,-115.190506,36.08786
5054,0,-111.889626,33.56953
5055,0,-112.23267,33.6359
5056,2,-115.17124,36.11788
5057,0,-112.07371,33.456326
5058,0,-111.92686,33.583466
5059,2,-115.17437,36.10206
5060,0,-112.111664,33.64012
5061,0,-112.25756,33.480137
5062,0,-112.07374,33.561237
5063,1074,-111.911736,33.64759
5064,0,-112.12562,33.574123
5065,0,-112.09998,33.55429
5066,10,-115.179146,36.145535
5067,2,-115.17516,36.109875
5068,0,-89.39987,43.07648
5069,0,-111.87686,33.54105
5070,0,-111.78727,33.393917
5071,0,-112.04876,33.465958
5072,2,-115.16296,36.12714
5073,1075,-112.13224,33.392525
5074,10,-115.17155,36.05199
5075,2,-112.07212,33.4448
5076,1076,-112.07212,33.4448
5077,2,-80.71706,35.139946
5078,0,-115.172554,36.115673
5079,10,-112.093414,33.51961
5080,0,-115.167725,36.103397
5081,2,-111.61947,33.479176
5082,2,-112.00837,33.418617
5083,1077,-112.00331,33.4787
5084,0,-112.010895,33.481
5085,0,-112.04497,33.49466
5086,2,-112.51594,33.495995
5087,0,-111.74184,33.307846
5088,0,-111.929985,33.496662
5089,1078,-111.62384,33.48893
5090,0,-112.07077,33.447395
5091,0,-111.79164,33.270878
5092,1079,-111.92708,33.508694
5093,2,-112.07212,33.4448
5094,0,-112.14925,34.048668
5095,2,-111.9161,33.419567
5096,1080,-111.97799,33.446945
5097,1081,-115.16591,36.127686
5098,0,-112.07156,33.457054
5099,1082,-111.995705,33.63991
5100,0,-112.10115,33.554585
5101,1083,-111.936,33.41438
5102,1084,-111.978355,33.628124
5103,0,-111.85294,33.414787
5104,0,-112.20447,33.63786
5105,0,-112.03788,33.509254
5106,0,-112.04094,33.46563
5107,0,-111.82296,33.414574
5108,0,-111.98648,33.478443
5109,2,-112.04317,33.54533
5110,0,-112.21981,33.639004
5111,0,-111.90653,33.392822
5112,1085,-112.07212,33.4448
5113,0,-112.07212,33.4448
5114,1086,-111.84235,33.302635
5115,0,-112.27196,33.552067
5116,10,-115.13954,36.085697
5117,2,-111.98848,33.451878
5118,1087,-111.90653,33.392822
5119,0,-111.980995,33.419838
5120,1088,-112.00319,33.317657
5121,0,-112.07212,33.4448
5122,0,-112.27829,33.465275
5123,0,-112.07212,33.4448
5124,0,-111.93472,33.42403
5125,1089,-111.873955,33.62112
5126,2,-115.163124,36.133614
5127,0,-111.94497,33.462166
5128,2,-112.011826,33.436295
5129,2,-112.14979,33.639282
5130,0,-115.17603,36.11833
5131,2,-112.31123,33.638462
5132,0,-115.17577,36.10771
5133,0,-111.948906,33.507557
5134,2,-111.924934,33.6239
5135,0,-111.858116,33.363865
5136,0,-112.1223,33.66764
5137,0,-112.07461,33.474236
5138,2,-112.071236,33.44601
5139,0,-111.83835,33.289387
5140,0,-115.174644,36.109913
5141,0,-111.757416,33.30427
5142,2,-115.16522,36.099003
5143,2,-111.926445,33.490032
5144,2,-115.16818,36.117462
5145,0,-112.00434,33.64005
5146,0,-111.9871,33.509827
5147,0,-112.05828,33.466064
5148,2,-115.1401,36.169327
5149,2,-115.186485,36.1187
5150,0,-111.948746,33.34968
5151,0,-111.98034,33.291832
5152,0,-112.07331,33.45167
5153,0,-111.98837,33.495483
5154,0,-112.0741,33.506855
5155,2,-115.1725,36.110065
5156,0,-111.98617,33.510483
5157,1090,-111.840355,33.418373
5158,0,-111.947525,33.407562
5159,0,-111.93508,33.48131
5160,1091,-112.073494,33.491695
5161,2,-111.89477,33.627304
5162,0,-111.85958,33.335857
5163,0,-112.234055,33.65412
5164,1092,-111.78749,33.376934
5165,0,-112.09746,33.463364
5166,1093,-111.92908,33.58206
5167,0,-111.7195,33.34711
5168,0,-111.96613,33.684566
5169,0,-112.06693,33.64126
5170,0,-112.349045,33.489315
5171,1094,-111.923294,33.50128
5172,0,-111.92796,33.490696
5173,1095,-112.20224,33.71069
5174,0,-111.875916,33.276257
5175,2,-115.17345,36.10306
5176,0,-111.925575,33.503353
5177,1096,-112.222885,33.596703
5178,1097,-111.92681,33.655525
5179,0,-112.029785,33.626873
5180,0,-111.908585,33.39378
5181,0,-112.35902,33.636826
5182,0,-112.03529,33.596844
5183,0,-111.84203,33.2455
5184,0,-111.90578,33.671642
5185,1098,-112.12949,33.48345
5186,0,-112.26053,33.535122
5187,0,-112.29537,33.511894
5188,1099,-112.00576,33.380817
5189,0,-111.94031,33.423107
5190,1100,-111.77975,33.37889
5191,0,-112.261986,33.534485
5192,0,-112.073875,33.446995
5193,0,-111.88703,33.42935
5194,0,-111.92609,33.478947
5195,1101,-112.16552,33.53812
5196,0,-111.99131,33.305824
5197,1102,-112.11163,33.712982
5198,1103,-112.07427,33.447517
5199,0,-111.9249,33.566227
5200,1104,-112.15045,33.692802
5201,10,-112.06451,33.53131
5202,0,-111.969185,33.33752
5203,0,-112.04739,33.4692
5204,0,-111.91462,33.393013
5205,0,-112.07085,33.45184
5206,0,-112.07427,33.447517
5207,0,-112.075264,33.45975
5208,0,-111.92529,33.478733
5209,0,-111.92627,33.637753
5210,0,-115.174355,36.109806
5211,0,-111.789055,33.35924
5212,0,-111.94566,33.33405
5213,1105,-111.687355,33.32723
5214,0,-112.073425,33.447334
5215,0,-112.08981,33.45712
5216,10,-115.14124,36.169888
5217,2,-115.17345,36.10306
5218,0,-112.07669,33.451775
5219,2,-3.186134,55.95049
5220,1106,-111.91267,33.362457
5221,0,-112.066,33.44936
5222,0,-115.19826,36.11444
5223,0,-111.929794,33.49288
5224,0,-112.11646,33.560856
5225,0,-112.0739,33.500202
5226,2,-111.87605,33.3627
5227,0,-111.947525,33.407562
5228,1107,-111.91492,33.421413
5229,1108,-111.9276,33.498474
5230,1109,-112.066,33.44936
5231,0,-112.20239,33.691536
5232,10,-115.13441,36.166664
5233,2,-88.24388,40.119038
5234,0,-112.00206,33.494934
5235,10,-115.334816,36.155132
5236,0,-112.111946,33.714478
5237,1110,-112.074554,33.447453
5238,0,-111.90998,33.347878
5239,2,-115.17127,36.11288
5240,0,-112.02814,33.510223
5241,0,-112.074554,33.447453
5242,0,-111.96394,33.37795
5243,0,-112.35747,33.461906
5244,0,-111.941315,33.625683
5245,0,-112.079285,33.455036
5246,0,-112.171936,33.638557
5247,2,-112.1181,33.670265
5248,1111,-111.86058,33.3892
5249,0,-111.92942,33.50284
5250,0,-111.91492,33.421413
5251,0,-112.17426,33.63955
5252,1112,-111.87436,33.336075
5253,0,-112.18475,33.612614
5254,0,-112.058655,33.50895
5255,2,-111.92656,33.485966
5256,0,-112.04847,33.52394
5257,0,-112.00109,33.495476
5258,0,-111.9264,33.493824
5259,0,-112.26587,33.57993
5260,10,-111.91861,33.500355
5261,0,-111.98909,33.42159
5262,0,-112.02105,33.64032
5263,2,-111.99703,33.43763
5264,0,-112.26204,33.53305
5265,0,-111.97811,33.59784
5266,0,-112.04739,33.4692
5267,1113,-112.27218,33.472286
5268,1114,-111.56101,33.41655
5269,0,-112.10023,33.626423
5270,0,-111.96592,33.318157
5271,0,-111.82497,33.363434
5272,0,-111.92691,33.463375
5273,1115,-111.89833,33.619865
5274,0,-111.982025,33.34806
5275,0,-111.96528,33.675354
5276,0,-111.72131,33.366463
5277,0,-111.921684,33.582222
5278,0,-111.940735,33.429615
5279,1116,-111.97616,33.347683
5280,2,-111.9692,33.31819
5281,0,-111.929245,33.65774
5282,0,-112.07777,33.460133
5283,2,-115.1765,36.10758
5284,1117,-111.967865,33.321472
5285,2,-115.17124,36.11788
5286,1118,-111.97652,33.31724
5287,1119,-112.27315,33.711445
5288,2,-88.219406,40.105736
5289,1120,-112.01175,33.62692
5290,0,-112.03839,33.507893
5291,1121,-111.94115,33.42319
5292,0,-115.15475,36.12697
5293,0,-112.18295,33.538418
5294,0,-112.06877,33.485413
5295,0,-111.7195,33.34711
5296,1122,-112.2205,33.519882
5297,0,-111.92902,33.50251
5298,1123,-111.962616,33.3216
5299,0,-111.93901,33.42399
5300,1124,-111.97119,33.67655
5301,0,-112.11887,33.580273
5302,0,-111.787735,33.391663
5303,2,-115.17124,36.11788
5304,0,-111.92789,33.39391
5305,10,-115.242935,36.044125
5306,0,-112.03039,33.4954
5307,2,-112.124596,33.57733
5308,0,-112.064316,33.656155
5309,0,-112.07248,33.448296
5310,1125,-112.29186,33.493465
5311,1126,-112.06667,33.448673
5312,0,-112.04698,33.523983
5313,0,-111.939804,33.426353
5314,0,-111.85944,33.260887
5315,0,-111.92592,33.416245
5316,0,-112.170334,33.46561
5317,0,-111.87743,33.393486
5318,0,-111.72392,33.32106
5319,0,-115.17193,36.127487
5320,0,-111.87757,33.333683
5321,0,-112.07896,33.639652
5322,0,-111.91124,33.362206
5323,0,-112.06421,33.594894
5324,0,-111.913185,33.32099
5325,0,-111.85965,33.322746
5326,0,-111.790085,33.35524
5327,10,-111.98849,33.45545
5328,0,-112.074684,33.509563
5329,0,-112.23827,33.63088
5330,1127,-111.877014,33.389984
5331,0,-111.8063,33.379913
5332,0,-111.98645,33.47641
5333,0,-112.03776,33.507843
5334,0,-111.73893,33.33537
5335,0,-111.833046,33.22312
5336,1128,-112.04767,33.483723
5337,0,-111.92463,33.526604
5338,1129,-112.00525,33.4954
5339,0,-112.127106,33.581795
5340,0,-111.994576,33.304462
5341,0,-111.99458,33.30467
5342,2,-115.167755,36.123978
5343,0,-112.08399,33.508835
5344,0,-111.95392,33.40789
5345,0,-112.16687,33.553658
5346,0,-111.80445,33.37847
5347,902,-112.004005,33.316765
5348,1130,-112.03235,33.466087
5349,1131,-112.04794,33.525883
5350,1132,-111.97678,33.675884
5351,1133,-111.84202,33.31653
5352,2,-111.96175,33.40655
5353,1134,-111.87599,33.41335
5354,0,-111.947525,33.407562
5355,1135,-111.8758,33.41271
5356,1136,-111.84114,33.24765
5357,0,-112.07401,33.505856
5358,0,-112.219826,33.596382
5359,1137,-111.68641,33.312725
5360,1138,-111.996475,33.509785
5361,0,-112.00525,33.4954
5362,0,-112.04677,33.50889
5363,0,-112.02897,33.50945
5364,0,-112.07377,33.45838
5365,1139,-111.87572,33.27626
5366,2,-115.17038,36.119
5367,0,-112.273056,33.46414
5368,2,-112.07228,33.45587
5369,1140,-111.7877,33.407322
5370,10,-112.06096,33.50953
5371,1141,-112.013695,33.511284
5372,0,-112.11067,33.640343
5373,1142,-111.9397,33.42594
5374,1143,-111.99402,33.49537
5375,1144,-112.06518,33.57531
5376,1145,-111.89652,33.305275
5377,1146,-111.92628,33.528217
5378,1147,-111.923096,33.49217
5379,1148,-112.24049,33.423298
5380,1149,-111.989876,33.49498
5381,0,-112.234055,33.65412
5382,1150,-112.073685,33.36718
5383,1151,-115.19207,36.131855
5384,0,-111.91492,33.421413
5385,0,-112.01323,33.47383
5386,0,-111.809586,33.31991
5387,0,-112.07547,33.453053
5388,0,-112.07098,33.45493
5389,0,-112.02123,33.496204
5390,1152,-112.12042,33.5694
5391,0,-112.03235,33.466087
5392,0,-111.88911,33.30665
5393,1153,-111.877495,33.364044
5394,1154,-112.03235,33.466087
5395,0,-111.87757,33.333683
5396,2,-112.14987,33.87331
5397,0,-112.04001,33.505775
5398,0,-111.92635,33.46439
5399,0,-112.32423,33.49284
5400,0,-112.068954,33.459053
5401,0,-111.791565,33.28799
5402,1155,-111.90802,33.422424
5403,1156,-112.06309,33.5089
5404,2,-115.17704,36.10762
5405,0,-111.936,33.41438
5406,0,-112.063545,33.465435
5407,0,-111.72688,33.414944
5408,0,-111.898384,33.304768
5409,2,-80.81488,35.22101
5410,0,-111.999565,33.495495
5411,2,-111.928795,33.502323
5412,0,-111.9026,33.432377
5413,2,-111.99793,33.435448
5414,0,-112.08366,33.495502
5415,2,-115.17103,36.099377
5416,10,-115.24354,36.073208
5417,0,-112.16784,33.61331
5418,0,-111.97698,33.34888
5419,0,-112.04928,33.523098
5420,0,-111.92791,33.624466
5421,1157,-111.93052,33.364914
5422,0,-111.95213,33.399364
5423,0,-111.92227,33.584015
5424,0,-112.0404,33.509445
5425,0,-115.14908,36.123734
5426,0,-112.05606,33.472824
5427,0,-112.055954,33.45107
5428,0,-111.89228,33.62004
5429,0,-111.82485,33.39299
5430,0,-111.9309,33.58303
5431,0,-115.21391,36.12671
5432,2,-115.145294,36.167034
5433,0,-112.048,33.48403
5434,2,-115.16879,36.122967
5435,2,-111.92415,33.50155
5436,0,-111.979546,33.640232
5437,0,-111.95543,33.44222
5438,1158,-112.047104,33.530334
5439,0,-112.07327,33.479782
5440,0,-112.028694,33.510395
5441,0,-112.071495,33.458748
5442,0,-111.95462,33.615543
5443,0,-111.90149,33.434013
5444,0,-112.06899,33.45917
5445,0,-112.09551,33.466
5446,0,-111.93512,33.483368
5447,0,-111.906044,33.43245
5448,0,-111.900154,33.522736
5449,1159,-112.06453,33.531372
5450,1160,-111.874,33.622295
5451,0,-111.92823,33.495464
5452,0,-112.06899,33.45917
5453,0,-111.9515,33.304844
5454,1161,-112.07457,33.47411
5455,0,-112.07317,33.44843
5456,1162,-111.95117,33.421658
5457,0,-111.92645,33.497555
5458,0,-112.15217,33.479485
5459,1163,-111.922005,33.416733
5460,0,-112.098526,33.451073
5461,1164,-111.899635,33.554825
5462,0,-112.09069,33.480274
5463,0,-111.85294,33.414787
5464,0,-112.13264,33.53884
5465,1165,-112.07405,33.44995
5466,1166,-111.92775,33.492905
5467,0,-112.06555,33.488495
5468,0,-112.028625,33.510582
5469,0,-111.978455,33.62746
5470,1167,-111.88114,33.58091
5471,0,-111.91906,33.50137
5472,0,-112.07561,33.509773
5473,0,-112.235,33.634686
5474,1168,-111.875244,33.40565
5475,0,-111.896255,33.42264
5476,0,-112.0135,33.583496
5477,0,-112.07358,33.442486
5478,1169,-111.92659,33.472366
5479,1170,-111.944756,33.421448
5480,1171,-111.877304,33.362797
5481,0,-111.90034,33.298832
5482,1172,-112.06543,33.469967
5483,2,-115.14252,36.142284
5484,0,-111.91155,33.40709
5485,0,-112.07377,33.45838
5486,0,-111.926285,33.624992
5487,1173,-112.05003,33.46554
5488,0,-111.89497,33.582962
5489,0,-112.000984,33.49572
5490,1174,-111.92924,33.50279
5491,0,-112.061,33.458843
5492,1175,-111.9923,33.480152
5493,0,-112.06862,33.452156
5494,1176,-111.940254,33.425964
5495,0,-112.12234,33.58052
5496,0,-111.92293,33.492752
5497,0,-112.01217,33.50923
5498,1177,-111.6873,33.32569
5499,0,-112.08063,33.480015
5500,0,-111.86,33.33985
5501,0,-112.06998,33.45716
5502,0,-112.07217,33.45746
5503,0,-112.07427,33.447517
5504,0,-112.15378,33.568226
5505,0,-112.05627,33.472767
5506,0,-111.925766,33.493763
5507,0,-112.02123,33.496204
5508,0,-112.083885,33.497753
5509,0,-112.040085,33.46555
5510,2,-112.233604,33.631218
5511,0,-112.06482,33.473904
5512,1178,-112.04673,33.523743
5513,0,-111.928024,33.624035
5514,1179,-112.07908,33.49112
5515,1180,-112.2698,33.464275
5516,0,-112.14925,34.048668
5517,0,-112.073425,33.45838
5518,0,-112.073395,33.477222
5519,0,-111.92592,33.45929
5520,0,-112.08313,33.498795
5521,1181,-111.922,33.50141
5522,0,-112.09107,33.458866
5523,0,-111.93086,33.44029
5524,0,-111.92425,33.6249
5525,0,-111.90862,33.377403
5526,0,-112.078156,33.458477
5527,0,-111.99269,33.48069
5528,1182,-112.074036,33.448376
5529,1183,-112.08388,33.49745
5530,0,-112.065475,33.47014
5531,1184,-111.96916,33.50441
5532,0,-112.07228,33.45587
5533,0,-111.97844,33.624424
5534,1185,-112.28586,33.49289
5535,0,-112.065346,33.511677
5536,0,-112.08234,33.516464
5537,1186,-112.06456,33.522358
5538,0,-115.15323,36.042797
5539,0,-112.04728,33.457527
5540,1187,-112.09614,33.510094
5541,0,-112.0739,33.500202
5542,1188,-112.35909,33.608913
5543,1189,-111.88703,33.58109
5544,0,-112.061,33.458843
5545,0,-112.15217,33.479485
5546,1190,-111.742516,33.31984
5547,1191,-112.0739,33.500202
5548,0,-111.96063,33.64
5549,0,-112.061,33.458843
5550,0,-111.90133,33.297695
5551,0,-111.92318,33.699768
5552,0,-111.96481,33.378925
5553,1192,-112.099915,33.503017
5554,0,-112.07377,33.45838
5555,1193,-112.07176,33.44931
5556,0,-111.97982,33.49482
5557,0,-112.03918,33.494343
5558,0,-111.98849,33.45545
5559,0,-111.859726,33.339962
5560,0,-112.0741,33.506855
5561,0,-111.94099,33.423275
5562,1083,-112.06586,33.508972
5563,0,-112.04693,33.523125
5564,1194,-111.99517,33.640408
5565,0,-112.030106,33.509422
5566,0,-112.06498,33.524887
5567,0,-112.082214,33.495155
5568,0,-112.07232,33.457657
5569,0,-112.08227,33.4657
5570,1195,-112.19603,33.63862
5571,10,-115.20693,36.195778
5572,2,-115.17087,36.10242
5573,0,-111.873436,33.413322
5574,2,-112.28586,33.49289
5575,2,-111.995514,33.50243
5576,0,-111.90518,33.495224
5577,0,-112.07379,33.435524
5578,909,-112.07127,33.508995
5579,1196,-115.22119,36.144196
5580,0,-111.88573,33.56917
5581,10,-115.12009,36.03372
5582,1197,-112.12038,33.598648
5583,0,-112.03147,33.48778
5584,1198,-111.924095,33.493233
5585,0,-111.947075,33.407593
5586,10,-112.11067,33.640343
5587,1199,-111.988716,33.509197
5588,0,-111.85783,33.26396
5589,1200,-111.85966,33.313675
5590,1201,-111.986916,33.449505
5591,0,-112.061,33.458843
5592,0,-112.061,33.458843
5593,0,-112.07397,33.45983
5594,1202,-111.947525,33.407562
5595,0,-111.92589,33.586834
5596,1203,-111.97119,33.67655
5597,0,-111.92948,33.319237
5598,1204,-111.84085,33.28455
5599,0,-112.078156,33.458477
5600,0,-112.082306,33.465755
5601,1205,-111.92657,33.499386
5602,0,-115.16937,36.121815
5603,1206,-112.047104,33.530334
5604,0,-112.061,33.458843
5605,0,-112.061,33.458843
5606,0,-111.92481,33.421085
5607,17,-111.92656,33.485966
5608,0,-112.061,33.458843
5609,0,-112.07371,33.456326
5610,0,-115.15411,36.107388
5611,1207,-112.04675,33.523613
5612,1208,-112.25791,33.55219
5613,0,-111.80885,33.378555
5614,0,-111.90205,33.43408
5615,0,-111.9263,33.320377
5616,1209,-111.99583,33.44388
5617,2,-111.92948,33.319237
5618,0,-112.135994,33.56674
5619,0,-112.04708,33.52443
5620,0,-112.186844,33.669155
5621,0,-111.9261,33.611904
5622,0,-112.07379,33.435524
5623,2,-115.227455,36.10028
5624,0,-111.91712,33.64562
5625,0,-112.16932,33.37937
5626,0,-112.117546,33.79725
5627,0,-112.047386,33.495785
5628,0,-111.92582,33.497734
5629,2,-115.169655,36.12119
5630,0,-111.88045,33.594738
5631,0,-111.856125,33.627235
5632,0,-111.94678,33.40739
5633,2,-80.94421,35.223606
5634,0,-112.07424,33.45939
5635,0,-112.13356,33.583717
5636,0,-111.92013,33.636604
5637,0,-112.02982,33.376976
5638,0,-111.883736,33.583702
5639,0,-112.064606,33.523155
5640,0,-112.0739,33.500202
5641,0,-111.83955,33.420338
5642,0,-111.89904,33.620514
5643,0,-111.90831,33.485832
5644,0,-111.90018,33.554756
5645,0,-111.93588,33.422318
5646,0,-115.116356,36.09884
5647,1210,-111.87436,33.336075
5648,1211,-112.27449,33.92627
5649,0,-112.07565,33.48025
5650,0,-111.92655,33.506542
5651,0,-111.78669,33.392567
5652,0,-111.995705,33.63991
5653,0,-111.92627,33.637753
5654,1212,-111.63411,33.250214
5655,0,-111.90156,33.430763
5656,0,-111.88573,33.56917
5657,0,-111.99021,33.494743
5658,1213,-112.0469,33.523895
5659,0,-111.92796,33.490696
5660,0,-111.90624,33.37797
5661,1214,-111.79096,33.290257
5662,2,-112.00361,33.494633
5663,0,-111.92782,33.362946
5664,0,-112.13259,33.552723
5665,0,-111.8746,33.27634
5666,0,-111.86058,33.3892
5667,0,-111.75992,33.290676
5668,0,-111.9251,33.42234
5669,1215,-111.92706,33.30481
5670,1216,-111.9198,33.375698
5671,0,-112.1346,33.37891
5672,0,-111.8742,33.31996
5673,0,-111.92942,33.50284
5674,0,-111.92635,33.46439
5675,0,-112.11634,33.68425
5676,0,-112.18759,33.66274
5677,1217,-111.84066,33.290638
5678,0,-112.11664,33.574047
5679,0,-111.84175,33.300453
5680,0,-112.15701,33.309406
5681,0,-111.92811,33.655914
5682,1218,-112.04317,33.54533
5683,0,-112.06862,33.452156
5684,0,-112.0523,33.46547
5685,1219,-112.0481,33.523735
5686,1220,-112.099915,33.503017
5687,0,-112.22836,33.63597
5688,1221,-112.082466,33.627567
5689,0,-111.89912,33.62122
5690,1222,-112.0523,33.46547
5691,0,-112.04244,33.471443
5692,0,-112.06456,33.522358
5693,0,-112.06567,33.487747
5694,0,-111.846344,33.334545
5695,0,-112.06533,33.48856
5696,0,-112.06877,33.485413
5697,0,-111.9254,33.43438
5698,1223,-111.926025,33.623665
5699,0,-112.07397,33.513077
5700,1224,-112.08293,33.49884
5701,0,-111.97308,33.52883
5702,0,-112.22086,33.639744
5703,0,-112.08164,33.510136
5704,0,-112.07819,33.46099
5705,0,-111.997375,33.639523
5706,1225,-111.92769,33.499382
5707,2,-115.17259,36.112953
5708,1226,-112.02814,33.510223
5709,0,-111.78979,33.357132
5710,0,-112.04934,33.523056
5711,0,-111.91348,33.41466
5712,1227,-112.23345,33.634666
5713,1228,-111.993256,33.30576
5714,0,-111.78441,33.379513
5715,0,-112.073425,33.45838
5716,0,-112.03698,33.37835
5717,0,-112.05067,33.465965
5718,1229,-111.891785,33.623486
5719,10,-115.14064,36.167877
5720,1033,-112.09192,33.451714
5721,1230,-111.977715,33.317287
5722,0,-111.962616,33.3216
5723,0,-111.92756,33.38369
5724,0,-112.04043,33.50572
5725,0,-112.06783,33.458065
5726,0,-112.07354,33.456055
5727,1231,-111.85414,33.40779
5728,1232,-111.93816,33.464462
5729,1233,-111.92462,33.52584
5730,0,-112.057686,33.639492
5731,1234,-112.13093,33.79911
5732,0,-112.25456,33.478016
5733,0,-112.07232,33.457657
5734,1185,-112.35906,33.477142
5735,0,-112.356064,33.464493
5736,1235,-112.142,33.698986
5737,0,-112.03698,33.37835
5738,0,-111.92225,33.58414
5739,0,-111.92481,33.421085
5740,0,-112.04149,33.508736
5741,0,-111.78926,33.355484
5742,0,-111.9936,33.26905
5743,0,-111.94901,33.30484
5744,2,-115.16948,35.96504
5745,0,-111.92681,33.655525
5746,0,-112.0739,33.500202
5747,0,-112.05003,33.46554
5748,0,-111.8063,33.379913
5749,1236,-111.741394,33.37802
5750,1237,-112.12481,33.43041
5751,0,-112.06779,33.458355
5752,1238,-111.803024,33.384624
5753,0,-112.065094,33.473125
5754,0,-112.07397,33.513077
5755,0,-112.26275,33.527668
5756,1239,-111.84229,33.33884
5757,0,-112.12234,33.63971
5758,0,-111.91998,33.41531
5759,1240,-112.04928,33.523098
5760,0,-111.75614,33.36745
5761,2,-111.92765,33.61101
5762,0,-111.92562,33.491955
5763,0,-111.976166,33.4794
5764,1241,-111.89946,33.557293
5765,0,-111.793655,33.4159
5766,1242,-111.92835,33.500664
5767,0,-111.9235,33.625095
5768,0,-112.358826,33.46646
5769,0,-112.08233,33.46606
5770,0,-112.07184,33.639156
5771,0,-111.92589,33.586834
5772,0,-112.01417,33.511307
5773,1243,-115.26286,36.143204
5774,0,-111.78973,33.354954
5775,0,-111.98837,33.495483
5776,0,-112.127,33.581833
5777,0,-115.17022,36.123844
5778,0,-112.08208,33.510727
5779,0,-112.22264,33.595802
5780,0,-112.171936,33.638557
5781,0,-112.029755,33.481712
5782,1244,-111.89477,33.627304
5783,0,-111.9307,33.581535
5784,0,-112.06483,33.477
5785,0,-112.016975,33.494736
5786,1245,-111.99611,33.412594
5787,1246,-111.78926,33.355484
5788,0,-112.04788,33.525127
5789,0,-112.07548,33.509827
5790,1247,-111.80903,33.271664
5791,0,-112.06899,33.45917
5792,0,-112.065094,33.473125
5793,0,-112.013855,33.480125
5794,1248,-112.12234,33.63971
5795,1249,-111.97258,33.37925
5796,0,-111.92582,33.497734
5797,0,-112.23582,33.653095
5798,1250,-111.96611,33.68348
5799,0,-112.11045,33.689518
5800,1251,-111.91492,33.421413
5801,1252,-112.07896,33.639652
5802,0,-112.05999,33.509113
5803,1253,-112.065094,33.473125
5804,0,-112.07339,33.513504
5805,0,-111.72968,33.60833
5806,0,-112.065094,33.473125
5807,1254,-112.066925,33.639965
5808,0,-115.16363,36.13698
5809,0,-112.261894,33.533325
5810,1255,-112.07327,33.479782
5811,0,-111.998886,33.435684
5812,0,-111.98909,33.42159
5813,1256,-111.95243,33.506767
5814,0,-112.3582,33.49396
5815,1257,-112.013695,33.511284
5816,0,-111.92563,33.49171
5817,0,-112.22299,33.63776
5818,1258,-112.15234,33.56757
5819,10,-111.97982,33.49482
5820,1259,-111.91462,33.393013
5821,0,-112.18552,33.611065
5822,1260,-111.75213,32.878742
5823,0,-111.97583,33.626015
5824,1261,-111.97203,33.37641
5825,0,-111.92758,33.79694
5826,0,-112.01307,33.610554
5827,0,-111.970436,33.373703
5828,0,-111.68624,33.34225
5829,0,-112.07405,33.497803
5830,1262,-112.02636,33.50909
5831,1263,-111.96561,33.676094
5832,1264,-111.9198,33.375698
5833,1265,-112.065094,33.473125
5834,1266,-112.16568,33.611366
5835,1067,-112.08241,33.5027
5836,0,-111.91087,33.36144
5837,0,-112.06779,33.458355
5838,0,-112.04806,33.47322
5839,2,-115.13894,36.16672
5840,0,-111.926445,33.490032
5841,0,-115.20848,36.083973
5842,0,-112.06773,33.458202
5843,0,-111.89853,33.301712
5844,0,-111.97982,33.49482
5845,0,-111.96459,33.350273
5846,0,-111.83714,33.41651
5847,0,-112.10023,33.626423
5848,0,-111.92425,33.494312
5849,2,-115.14639,36.081303
5850,0,-111.87436,33.336075
5851,2,-111.997826,33.43523
5852,0,-112.12234,33.63971
5853,0,-111.88703,33.58109
5854,0,-111.93508,33.48131
5855,2,-89.407875,43.071686
5856,0,-112.184586,33.53846
5857,0,-111.88892,33.56866
5858,0,-112.06567,33.487747
5859,1267,-111.87605,33.3627
5860,0,-111.989876,33.49498
5861,0,-112.02817,33.67113
5862,0,-111.92133,33.636242
5863,1268,-112.0037,33.49516
5864,1269,-111.90913,33.305134
5865,0,-112.22394,33.637062
5866,0,-112.06456,33.522358
5867,1270,-111.83974,33.4261
5868,1271,-112.031334,33.625645
5869,0,-111.99224,33.30574
5870,0,-115.11701,36.099865
5871,0,-111.91341,33.408203
5872,0,-112.06567,33.487747
5873,0,-111.99575,33.50231
5874,0,-112.261986,33.534485
5875,1272,-111.90752,33.4066
5876,2,-115.16961,36.121452
5877,0,-112.06547,33.476048
5878,1273,-112.082504,33.44052
5879,0,-112.05206,33.457935
5880,2,-112.05206,33.457935
5881,0,-112.09107,33.49436
5882,0,-111.89333,33.62839
5883,1274,-112.073425,33.447334
5884,1275,-112.06453,33.537617
5885,0,-112.2494,33.388824
5886,1276,-112.05206,33.457935
5887,1277,-111.93512,33.483368
5888,0,-112.311424,33.638252
5889,0,-111.87578,33.41316
5890,0,-112.03147,33.48778
5891,1278,-112.04093,33.46554
5892,0,-111.99575,33.508987
5893,0,-111.85969,33.336014
5894,1279,-111.97988,33.30578
5895,1280,-112.01311,33.58343
5896,0,-112.03288,33.494793
5897,1281,-112.0741,33.506855
5898,0,-112.09614,33.510094
5899,0,-111.931244,33.49337
5900,0,-112.02123,33.496204
5901,0,-111.80518,33.38179
5902,0,-115.14064,36.167877
5903,2,-111.943985,33.428585
5904,1282,-111.92529,33.478733
5905,1283,-112.24855,33.638035
5906,0,-112.04244,33.471443
5907,2,-115.19777,36.126934
5908,0,-111.97839,33.303967
5909,0,-111.87686,33.54105
5910,0,-111.99566,33.639885
5911,0,-112.04876,33.465958
5912,1284,-112.11067,33.640343
5913,0,-112.287704,33.49428
5914,1285,-111.82124,33.349434
5915,1286,-111.92612,33.532578
5916,0,-111.92563,33.49171
5917,1287,-112.083984,33.496387
5918,1288,-111.84258,33.299873
5919,1289,-112.05336,33.552795
5920,1290,-111.77341,33.29329
5921,0,-111.984245,33.421516
5922,1291,-111.899635,33.554825
5923,2,-111.790375,33.260693
5924,1292,-111.924355,33.422394
5925,1293,-111.92415,33.50155
5926,0,-111.80894,33.335884
5927,1294,-112.06912,33.452602
5928,1295,-111.842255,33.302425
5929,0,-111.91648,33.64488
5930,0,-111.98389,33.348362
5931,0,-111.90513,33.41494
5932,1296,-111.68502,33.46734
5933,1297,-112.07551,33.449596
5934,2,-112.07232,33.457657
5935,0,-111.84111,33.363014
5936,2,-111.78727,33.393917
5937,0,-111.92644,33.529903
5938,1298,-111.929245,33.65774
5939,0,-112.23992,33.611088
5940,0,-112.04728,33.457527
5941,1299,-112.35845,33.494408
5942,1300,-112.07359,33.476837
5943,1301,-111.94668,33.421616
5944,0,-112.04728,33.457527
5945,2,-73.5747,45.525303
5946,0,-111.925766,33.493763
5947,0,-111.93293,33.624756
5948,0,-111.97843,33.305737
5949,1302,-112.03885,33.506256
5950,0,-112.02222,33.3782
5951,0,-111.94189,33.62496
5952,0,-111.92529,33.478733
5953,2,-115.17435,36.118332
5954,0,-112.064766,33.470886
5955,0,-111.87624,33.554436
5956,2,-73.579384,45.498787
5957,2,-115.17295,36.10156
5958,0,-112.35838,33.641026
5959,1303,-111.92645,33.49031
5960,0,-115.17437,36.10206
5961,1304,-111.85813,33.320015
5962,2,-111.92227,33.584015
5963,2,-112.028625,33.510582
5964,2,-115.17459,36.112022
5965,1305,-112.13394,33.86539
5966,1306,-111.84238,33.304688
5967,2,-115.174355,36.109806
5968,2,-111.925865,33.64129
5969,0,-111.90948,33.479736
5970,0,-112.06551,33.576332
5971,2,-73.57196,45.497314
5972,2,-73.574394,45.52221
5973,0,-111.93841,33.391586
5974,0,-112.003174,33.49564
5975,0,-111.92548,33.434902
5976,0,-112.02814,33.510223
5977,0,-80.75538,35.29709
5978,1307,-111.9257,33.58142
5979,0,-115.17139,36.135098
5980,2,-111.94497,33.462166
5981,2,-115.17124,36.11788
5982,1308,-111.82234,33.349255
5983,0,-112.034096,33.63927
5984,1309,-111.91492,33.421413
5985,2,-80.0176,40.439865
5986,2,-115.14531,36.17037
5987,0,-112.10023,33.626423
5988,2,-115.17338,36.119045
5989,1310,-111.99559,33.511234
5990,2,-111.92632,33.494377
5991,2,-111.94497,33.462166
5992,1311,-111.94497,33.462166
5993,0,-112.13004,33.451138
5994,0,-112.07339,33.513504
5995,1312,-111.81222,33.385174
5996,2,-111.803024,33.384624
5997,0,-111.884125,33.5366
5998,0,-111.906876,33.43209
5999,0,-115.24189,36.112988
6000,0,-111.977715,33.317287
6001,2,-115.164345,36.06004
6002,2,-115.179085,36.11224
6003,1313,-111.96534,33.319504
6004,0,-111.928185,33.501774
6005,0,-111.85944,33.260887
6006,0,-111.940414,33.425163
6007,2,-111.93159,33.830368
6008,1314,-111.94497,33.462166
6009,0,-115.17089,36.114025
6010,0,-112.0404,33.509445
6011,10,-115.17012,36.122276
6012,0,-111.96242,33.335423
6013,2,-112.358826,33.46646
6014,0,-111.754395,33.38372
6015,0,-111.94167,33.463852
6016,2,-111.97244,33.68464
6017,0,-111.68641,33.312725
6018,0,-112.27829,33.465275
6019,0,-111.91262,33.362465
6020,0,-112.07382,33.44826
6021,0,-111.91684,33.422
6022,1315,-112.064644,33.450397
6023,0,-112.006714,33.435715
6024,0,-112.064926,33.4743
6025,2,-115.200645,36.115417
6026,0,-111.87511,33.394802
6027,1316,-111.923294,33.50128
6028,0,-115.14963,36.16695
6029,1317,-111.85769,33.392216
6030,0,-112.07401,33.505856
6031,0,-111.92435,33.629005
6032,0,-112.06518,33.57531
6033,0,-112.09107,33.458866
6034,0,-111.94497,33.462166
6035,1318,-111.78984,33.3546
6036,2,-115.17089,36.11006
6037,2,-111.878845,33.55517
6038,2,-115.174515,36.121548
6039,0,-111.95943,33.522007
6040,1319,-111.98934,33.494595
6041,0,-112.09829,33.538635
6042,1320,-112.065506,33.46645
6043,1321,-111.84238,33.304688
6044,2,-111.94497,33.462166
6045,0,-111.92582,33.497734
6046,0,-111.926445,33.490032
6047,1322,-112.14925,34.048668
6048,0,-112.06483,33.477
6049,0,-111.92697,33.462616
6050,0,-111.858406,33.320225
6051,0,-79.97012,40.4618
6052,0,-111.99663,33.509792
6053,1323,-115.17187,36.059124
6054,2,-111.92532,33.67407
6055,0,-112.040215,33.480053
6056,1324,-80.848145,35.17423
6057,2,-112.07354,33.456055
6058,1325,-111.9949,33.303696
6059,10,-115.142006,36.17183
6060,1326,-115.15472,36.115124
6061,1327,-111.92351,33.62336
6062,0,-111.92992,33.6555
6063,0,-111.89814,33.62055
6064,2,-111.98848,33.451878
6065,2,-111.98909,33.42159
6066,0,-111.92745,33.498722
6067,1328,-111.9635,33.35114
6068,1329,-111.9161,33.419567
6069,2,-112.01548,33.542732
6070,2,-115.151344,36.152264
6071,0,-111.92034,33.49875
6072,0,-111.9864,33.5107
6073,0,-111.95036,33.4216
6074,2,-112.03577,33.508926
6075,1330,-112.18696,33.610374
6076,0,-111.9264,33.493824
6077,1331,-111.94497,33.462166
6078,0,-112.02636,33.50909
6079,0,-111.94497,33.462166
6080,1332,-111.98848,33.451878
6081,1333,-112.02814,33.510223
6082,2,-115.08566,36.025993
6083,2,-111.914,33.39301
6084,2,-112.07052,33.436832
6085,2,-115.16918,36.10844
6086,0,-112.35902,33.636826
6087,0,-112.07379,33.435524
6088,1334,-112.037506,33.509693
6089,2,-112.065445,33.539497
6090,1335,-111.93959,33.39461
6091,0,-111.96495,33.34804
6092,0,-111.92628,33.528217
6093,0,-112.0144,33.510056
6094,0,-111.8054,33.36498
6095,0,-111.92462,33.49879
6096,2,-111.98044,33.331882
6097,1336,-111.790085,33.35524
6098,0,-112.04747,33.52402
6099,0,-112.00361,33.494633
6100,1337,-111.910736,33.36139
6101,1338,-111.93981,33.426044
6102,0,-112.054276,33.552692
6103,1339,-112.06609,33.60633
6104,0,-112.06922,33.453896
6105,0,-111.95943,33.522007
6106,0,-112.04739,33.4692
6107,0,-111.9759,33.495018
6108,1340,-112.082,33.448586
6109,1341,-115.15448,36.11884
6110,2,-115.17038,36.119
6111,0,-111.986946,33.476955
6112,0,-112.03948,33.486477
6113,1342,-111.92716,33.45379
6114,0,-112.09936,33.539642
6115,0,-111.92555,33.564976
6116,0,-111.89749,33.553448
6117,0,-115.17352,36.10309
6118,0,-111.91088,33.479633
6119,0,-112.073875,33.446995
6120,0,-111.88172,33.63924
6121,0,-111.95149,33.42273
6122,0,-111.925316,33.577934
6123,0,-112.06483,33.477
6124,0,-112.16651,33.53807
6125,0,-112.102936,33.523907
6126,0,-111.689964,33.385593
6127,2,-115.13988,36.1688
6128,1343,-115.24407,36.047813
6129,10,-115.224075,36.12743
6130,1344,-111.926445,33.490032
6131,1345,-111.68665,33.38101
6132,1346,-111.97775,33.49413
6133,0,-111.98156,33.304703
6134,0,-111.98427,33.480495
6135,1347,-111.9879,33.43747
6136,1348,-111.913055,33.36342
6137,0,-112.028625,33.510582
6138,0,-112.011894,33.495636
6139,0,-111.92663,33.65241
6140,2,-111.971825,33.465755
6141,0,-111.716896,33.43614
6142,2,-115.17849,36.10924
6143,1349,-112.06908,33.485916
6144,0,-111.98909,33.42159
6145,0,-111.88762,33.630013
6146,0,-111.87502,33.276276
6147,0,-112.04788,33.525127
6148,0,-111.86138,33.37814
6149,0,-111.92737,33.50323
6150,1350,-111.888374,33.581944
6151,1351,-111.93051,33.49245
6152,1352,-111.99559,33.511234
6153,1353,-111.98934,33.494595
6154,0,-111.92315,33.488674
6155,0,-111.971825,33.465755
6156,1354,-112.01805,33.64035
6157,0,-111.83955,33.420338
6158,0,-111.91097,33.634045
6159,1355,-111.860565,33.364925
6160,2,-111.85769,33.392216
6161,0,-112.07476,33.50723
6162,0,-111.91998,33.41531
6163,0,-112.00454,33.495674
6164,2,-115.15387,36.110085
6165,0,-111.85949,33.33658
6166,1356,-112.33821,33.461754
6167,1357,-111.92562,33.493855
6168,1358,-112.0208,33.4953
6169,0,-112.03558,33.509747
6170,0,-112.15007,33.610645
6171,0,-111.99385,33.480797
6172,0,-111.86292,33.39466
6173,0,-111.92582,33.497734
6174,0,-112.01244,33.50913
6175,1359,-115.17618,36.115856
6176,0,-111.858604,33.365883
6177,1360,-111.92555,33.564976
6178,0,-111.996765,33.495117
6179,0,-111.90133,33.297695
6180,0,-111.770256,33.45109
6181,0,-111.94031,33.423107
6182,2,-112.064705,33.529846
6183,1361,-111.98837,33.495483
6184,10,-115.15154,36.13614
6185,1362,-111.69228,33.39339
6186,0,-111.98649,33.475117
6187,0,-111.9259,33.4943
6188,10,-112.021385,33.495342
6189,1363,-111.737236,33.294163
6190,1364,-111.960266,33.480305
6191,0,-111.96597,33.380142
6192,0,-112.0186,33.640034
6193,0,-112.12063,33.59619
6194,0,-111.91631,33.451744
6195,1365,-112.17138,33.377945
6196,0,-111.90558,33.432926
6197,0,-111.944046,33.436962
6198,0,-111.68351,33.394608
6199,0,-111.87475,33.32603
6200,0,-115.1613,36.138298
6201,0,-111.92612,33.532578
6202,1366,-111.93901,33.42399
6203,0,-111.7195,33.34711
6204,0,-112.07285,33.449226
6205,0,-111.89913,33.524178
6206,1367,-111.99511,33.494488
6207,1368,-112.02731,33.510536
6208,0,-115.17582,36.11773
6209,0,-111.87599,33.41335
6210,1369,-112.06498,33.524887
6211,1370,-111.94996,33.451237
6212,1371,-112.01457,33.454422
6213,0,-111.905556,33.433037
6214,0,-111.96792,33.336803
6215,0,-112.07405,33.44995
6216,0,-112.01457,33.454422
6217,10,-112.01457,33.454422
6218,0,-112.0634,33.60731
6219,0,-111.95478,33.827812
6220,1372,-112.11107,33.71102
6221,1373,-112.07358,33.442486
6222,0,-111.865204,33.39184
6223,0,-112.0101,33.6399
6224,2,-112.02943,33.508713
6225,0,-112.07309,33.448547
6226,1374,-115.15604,36.132008
6227,0,-111.92992,33.6555
6228,0,-111.97982,33.49482
6229,0,-111.68856,33.38023
6230,2,-115.13567,36.176983
6231,1375,-111.8795,33.581333
6232,0,-111.940346,33.425972
6233,0,-111.97811,33.59784
6234,0,-111.96374,33.383526
6235,1376,-112.10129,33.678238
6236,0,-111.99575,33.50231
6237,0,-112.07492,33.483
6238,2,-115.17315,36.10988
6239,0,-111.9736,33.451405
6240,1377,-111.89333,33.62839
6241,0,-115.092384,36.116196
6242,0,-112.05607,33.472855
6243,0,-112.01981,33.494747
6244,0,-112.01424,33.530323
6245,0,-111.99656,33.509785
6246,1378,-115.18331,36.041283
6247,0,-112.15701,33.309406
6248,0,-111.96382,33.44613
6249,1379,-112.27079,33.55354
6250,2,-111.8795,33.581333
6251,1380,-111.93293,33.624756
6252,0,-112.02053,33.496254
6253,0,-111.92628,33.528217
6254,2,-115.17259,36.112953
6255,1381,-112.0741,33.506855
6256,0,-115.13577,36.010128
6257,1382,-112.34139,33.438656
6258,0,-111.9736,33.451405
6259,0,-111.68351,33.394608
6260,1383,-111.98695,33.5998
6261,975,-112.09086,33.68786
6262,1384,-112.10129,33.678238
6263,0,-112.00525,33.4954
6264,1385,-111.859726,33.339962
6265,0,-111.98645,33.47641
6266,1386,-111.883736,33.583702
6267,2,-112.065346,33.519466
6268,0,-111.91693,33.42156
6269,1387,-111.90804,33.33591
6270,0,-111.92699,33.363747
6271,0,-112.073425,33.447334
6272,0,-112.0049,33.518227
6273,2,-115.18697,36.115337
6274,0,-111.80628,33.384315
6275,0,-111.840866,33.331192
6276,0,-111.63411,33.250214
6277,0,-112.06844,33.638363
6278,0,-111.84324,33.740734
6279,0,-111.9405,33.4272
6280,0,-111.91053,33.47895
6281,1388,-115.203255,36.115383
6282,0,-111.862686,33.573368
6283,1389,-111.97437,33.521954
6284,0,-112.01248,33.61201
6285,2,-115.17345,36.10306
6286,0,-111.943954,33.42853
6287,0,-112.17051,33.377495
6288,0,-111.83714,33.41651
6289,0,-112.01495,33.494007
6290,0,-111.968124,33.336864
6291,10,-115.14867,36.08358
6292,0,-112.064644,33.450397
6293,0,-111.83122,33.352123
6294,0,-111.868645,33.393227
6295,2,-115.1563,36.142338
6296,1390,-111.92563,33.49171
6297,0,-111.97988,33.30578
6298,2,-112.00699,33.435463
6299,2,-115.17354,36.109516
6300,1391,-111.88856,33.30633
6301,0,-111.92933,33.319374
6302,0,-111.91341,33.408203
6303,0,-111.75855,33.307358
6304,10,-111.925545,33.47541
6305,1392,-111.584015,33.1796
6306,0,-111.924774,33.480877
6307,0,-111.953415,33.453854
6308,0,-111.99398,33.479767
6309,0,-111.69228,33.39339
6310,1393,-111.928185,33.501774
6311,10,-115.332,36.151814
6312,0,-111.92351,33.62336
6313,10,-115.17223,36.110733
6314,1394,-112.14982,33.640068
6315,1395,-111.872086,33.43
6316,0,-111.89312,33.306385
6317,0,-111.98617,33.510483
6318,10,-115.17028,36.12229
6319,0,-112.273254,33.4641
6320,1396,-111.922005,33.416733
6321,1397,-112.07232,33.457657
6322,0,-115.17234,36.110107
6323,0,-111.961685,33.349064
6324,0,-112.0664,33.56792
6325,0,-112.01552,33.50947
6326,0,-111.89333,33.62839
6327,1398,-112.189316,33.640514
6328,0,-111.68393,33.390053
6329,10,-115.17624,36.092644
6330,0,-111.92796,33.465588
6331,0,-111.982376,33.60239
6332,0,-111.94031,33.423817
6333,1399,-111.88527,33.540367
6334,1400,-112.35789,33.49642
6335,0,-115.14985,36.08358
6336,1401,-111.921455,33.466137
6337,1402,-111.756996,33.26218
6338,0,-115.1736,36.101585
6339,2,-111.92351,33.581493
6340,0,-112.03788,33.509254
6341,0,-112.01974,33.495964
6342,0,-112.13301,33.580612
6343,1403,-111.90897,33.82203
6344,0,-112.26123,33.53409
6345,1404,-112.15128,33.64083
6346,10,-115.207306,36.131718
6347,1405,-111.8577,33.388374
6348,0,-112.34036,33.45522
6349,1406,-111.897285,33.52323
6350,0,-112.04677,33.0712
6351,0,-111.888275,33.575047
6352,0,-112.03788,33.509254
6353,1407,-115.12043,36.010056
6354,0,-111.92018,33.636566
6355,1408,-111.875755,33.62114
6356,1409,-112.18584,33.542072
6357,2,-111.92713,33.57968
6358,2,-111.96411,33.428722
6359,0,-111.925095,33.408787
6360,1410,-111.93497,33.425446
6361,0,-111.915955,33.42066
6362,10,-115.06262,36.02959
6363,0,-115.17086,36.10993
6364,1411,-111.9264,33.493824
6365,2,-115.15112,36.086338
6366,2,-115.17698,36.111977
6367,10,-115.17196,36.120907
6368,2,-115.15539,36.11793
6369,0,-111.92514,33.542786
6370,0,-111.62586,33.24998
6371,2,-111.95243,33.506767
6372,2,-89.39307,43.07546
6373,0,-111.87247,33.378014
6374,2,-111.940254,33.425964
6375,0,-111.92655,33.506542
6376,2,-115.13792,36.168026
6377,0,-112.046555,33.50925
6378,0,-111.93051,33.49245
6379,1412,-111.92563,33.49171
6380,0,-112.1105,33.71445
6381,0,-111.789406,33.343132
6382,0,-111.89851,33.301285
6383,0,-111.99269,33.48069
6384,2,-111.937614,33.377888
6385,0,-112.2809,33.465233
6386,1413,-112.0482,33.510174
6387,2,-111.995705,33.63991
6388,0,-111.8733,33.622467
6389,0,-111.98784,33.467052
6390,1414,-112.338875,33.451767
6391,1415,-111.953285,33.44773
6392,0,-112.037315,33.508408
6393,1416,-112.07275,33.447258
6394,0,-111.71668,33.604015
6395,0,-111.96984,33.48035
6396,1417,-111.9255,33.50109
6397,0,-111.98907,33.495644
6398,0,-111.97161,33.46566
6399,2,-111.92555,33.492203
6400,2,-111.96186,33.46121
6401,0,-112.17962,33.638466
6402,1418,-111.85818,33.327183
6403,2,-111.92432,33.499275
6404,1419,-111.92606,33.48357
6405,0,-111.87686,33.54105
6406,0,-111.99497,33.43605
6407,2,-115.119385,36.100418
6408,1420,-112.18393,33.53842
6409,0,-112.01346,33.584976
6410,0,-111.94051,33.424126
6411,0,-115.15126,36.1089
6412,0,-112.11058,33.71298
6413,0,-112.36344,33.638203
6414,0,-112.09614,33.510094
6415,0,-111.99575,33.50231
6416,0,-111.99575,33.508987
6417,1421,-111.88441,33.261173
6418,2,-112.006714,33.435715
6419,2,-111.87543,33.394417
6420,0,-112.1159,33.587765
6421,2,-115.20955,36.12644
6422,1422,-112.07176,33.44931
6423,1423,-112.06555,33.488495
6424,2,-115.16591,36.127495
6425,0,-112.07565,33.48025
6426,2,-112.00699,33.435463
6427,1424,-115.11735,36.10072
6428,0,-112.03397,33.508984
6429,1425,-115.18982,36.143955
6430,0,-112.134186,33.51087
6431,0,-112.07476,33.50723
6432,0,-111.92503,33.565964
6433,1426,-111.79017,33.232506
6434,1427,-111.90046,33.55521
6435,1428,-115.1987,36.14405
6436,0,-111.92665,33.609993
6437,2,-115.20887,36.094456
6438,0,-111.87702,33.377583
6439,0,-112.00975,33.652214
6440,1429,-112.031456,33.480743
6441,0,-111.997986,33.435844
6442,1430,-112.03514,33.495037
6443,0,-112.15217,33.479485
6444,0,-111.75459,33.38057
6445,1431,-111.924934,33.6239
6446,0,-111.44827,33.35938
6447,2,-111.929924,33.349712
6448,0,-112.08388,33.49745
6449,995,-111.93472,33.42403
6450,1432,-112.14925,34.048668
6451,0,-111.92228,33.41616
6452,0,-111.790375,33.260693
6453,0,-111.9422,33.39284
6454,0,-111.92571,33.493233
6455,1433,-111.94049,33.423412
6456,0,-111.92644,33.529903
6457,2,-115.14289,36.143345
6458,1434,-111.859535,33.33992
6459,0,-111.87436,33.336075
6460,1435,-112.156845,33.451126
6461,0,-111.99538,33.44852
6462,2,-112.03839,33.507893
6463,0,-111.93588,33.422318
6464,0,-111.7195,33.34711
6465,1436,-112.071884,33.44986
6466,0,-111.97982,33.49482
6467,1437,-115.2768,36.1411
6468,0,-111.926285,33.624992
6469,0,-111.91909,33.500965
6470,0,-111.925934,33.434383
6471,0,-112.04716,33.524086
6472,0,-111.90547,33.544228
6473,0,-111.92177,33.636818
6474,0,-111.97982,33.49482
6475,1438,-112.04317,33.54533
6476,0,-111.900154,33.522736
6477,0,-111.85965,33.322746
6478,0,-111.932915,33.830177
6479,2,-111.926315,33.616474
6480,0,-111.85983,33.36073
6481,0,-111.90991,33.407425
6482,0,-112.004196,33.495617
6483,0,-112.0918,33.45911
6484,2,-111.92427,33.539143
6485,0,-112.07908,33.49112
6486,0,-111.899025,33.555027
6487,1439,-111.984505,33.473923
6488,0,-112.261894,33.533325
6489,0,-111.984505,33.473923
6490,0,-111.92657,33.499386
6491,0,-111.941376,33.423275
6492,0,-112.000984,33.49572
6493,0,-111.97862,33.58383
6494,0,-112.003174,33.49564
6495,1440,-112.03397,33.508984
6496,0,-112.05003,33.46554
6497,1441,-111.93192,33.50187
6498,0,-112.04799,33.50803
6499,0,-111.997826,33.47987
6500,2,-111.940346,33.41964
6501,0,-111.85794,33.27528
6502,0,-112.11616,33.577953
6503,0,-115.17858,36.106277
6504,2,-115.17199,36.12483
6505,0,-111.78979,33.35617
6506,0,-112.06899,33.45917
6507,0,-111.97651,33.31717
6508,1442,-111.98255,33.48009
6509,1443,-112.10129,33.678238
6510,0,-111.90768,33.43246
6511,0,-111.789856,33.356342
6512,0,-112.06559,33.563435
6513,0,-112.04363,33.50964
6514,0,-111.92659,33.472366
6515,1444,-111.9923,33.480152
6516,1445,-111.926765,33.501877
6517,1446,-112.03514,33.495037
6518,0,-111.75622,33.379227
6519,0,-111.87599,33.41335
6520,1447,-112.09107,33.49436
6521,0,-111.98645,33.47641
6522,1448,-111.952576,33.44665
6523,0,-111.92754,33.480732
6524,0,-111.9949,33.303696
6525,0,-111.977036,33.61302
6526,0,-112.18295,33.538418
6527,0,-111.97928,33.49588
6528,2,-115.173515,36.103
6529,0,-115.1725,36.127174
6530,0,-111.92529,33.478733
6531,1449,-112.06483,33.457333
6532,1450,-115.23995,36.14467
6533,10,-115.13542,36.124928
6534,0,-112.0739,33.500202
6535,0,-112.06551,33.576332
6536,0,-111.688995,33.38507
6537,0,-112.068954,33.459053
6538,0,-112.35591,33.608192
6539,0,-112.39554,33.45657
6540,1451,-112.089836,33.457226
6541,0,-111.93947,33.394127
6542,1452,-111.911125,33.510513
6543,0,-111.92441,33.53985
6544,0,-112.20076,33.713688
6545,0,-112.0648,33.47468
6546,0,-112.06518,33.57531
6547,0,-111.91994,33.50182
6548,1453,-112.15217,33.479485
6549,0,-111.7195,33.34711
6550,2,-111.97988,33.30578
6551,1454,-111.752884,33.37769
6552,0,-111.98934,33.494595
6553,0,-111.92305,33.408375
6554,1455,-111.9257,33.58142
6555,1456,-112.35849,33.493774
6556,1457,-112.06899,33.45917
6557,2,-111.94236,33.39284
6558,0,-111.97681,33.378315
6559,0,-112.07348,33.492672
6560,0,-112.0013,33.49514
6561,1458,-112.07291,33.44691
6562,10,-115.24069,36.145203
6563,1459,-111.92496,33.498177
6564,2,-115.201775,36.126526
6565,1460,-112.02053,33.496254
6566,2,-80.00268,40.44847
6567,2,-115.17516,36.109875
6568,2,-112.07714,33.479996
6569,0,-111.89997,33.4276
6570,0,-112.09909,33.552475
6571,0,-111.97846,33.598522
6572,2,-111.92968,33.502594
6573,0,-112.073685,33.36718
6574,1461,-112.040115,33.507557
6575,0,-112.07409,33.512627
6576,0,-112.07397,33.513077
6577,0,-111.68421,33.393063
6578,0,-112.22614,33.642326
6579,0,-112.05359,33.49485
6580,0,-112.0486,33.523712
6581,1462,-112.07182,33.639114
6582,0,-112.07173,33.51004
6583,1463,-111.91341,33.408203
6584,0,-112.03558,33.509747
6585,0,-112.07173,33.51004
6586,1464,-111.755875,33.303925
6587,0,-112.07399,33.497482
6588,1465,-112.10023,33.626423
6589,2,-112.27399,33.465183
6590,0,-112.02123,33.496204
6591,0,-112.0739,33.500202
6592,0,-112.06779,33.458355
6593,1466,-112.06529,33.5095
6594,2,-112.08777,33.474533
6595,1467,-112.18721,33.566982
6596,1468,-112.18902,33.639168
6597,0,-112.073494,33.491695
6598,0,-112.02998,33.47092
6599,0,-112.07341,33.5137
6600,0,-112.064095,33.5219
6601,0,-112.07431,33.50062
6602,0,-112.069435,33.455498
6603,0,-111.82584,33.41346
6604,0,-111.9258,33.477177
6605,0,-111.96139,33.391464
6606,0,-111.93901,33.42399
6607,2,-115.174644,36.109913
6608,1469,-111.90861,33.647034
6609,0,-112.089836,33.457226
6610,0,-111.98451,33.509106
6611,0,-112.03612,33.37785
6612,0,-112.07317,33.44843
6613,0,-111.962616,33.3216
6614,0,-112.072014,33.455708
6615,0,-111.94758,33.42153
6616,0,-112.07285,33.449226
6617,0,-115.17177,36.11931
6618,0,-112.07377,33.51315
6619,0,-111.92586,33.529114
6620,0,-111.989876,33.49498
6621,0,-112.13178,33.626698
6622,0,-112.071884,33.44986
6623,0,-112.0362,33.596832
6624,1470,-112.07331,33.45167
6625,1471,-112.25456,33.478016
6626,0,-112.082825,33.517372
6627,0,-111.98983,33.49462
6628,1472,-111.958885,33.34871
6629,0,-111.92632,33.494377
6630,0,-111.89182,33.62813
6631,0,-111.78991,33.355118
6632,0,-111.92762,33.493763
6633,2,-112.082825,33.517372
6634,1473,-111.93095,33.492477
6635,0,-112.098274,33.53864
6636,0,-115.17516,36.109875
6637,0,-112.07449,33.509724
6638,0,-111.92685,33.61386
6639,1108,-112.07908,33.49112
6640,1474,-111.87757,33.333683
6641,0,-112.0536,33.426933
6642,1475,-112.065636,33.44916
6643,0,-111.940285,33.4239
6644,1476,-111.8915,33.629436
6645,1477,-112.07331,33.45167
6646,2,-112.05627,33.472767
6647,2,-115.180016,36.14181
6648,1478,-112.06535,33.519577
6649,0,-112.077576,33.458744
6650,2,-115.1529,36.13159
6651,0,-112.07196,33.509605
6652,0,-111.87379,33.412354
6653,1479,-111.9787,33.60016
6654,1480,-115.17644,36.116367
6655,0,-111.92589,33.586834
6656,0,-112.0722,33.45892
6657,0,-111.96417,33.49622
6658,2,-112.000565,33.433685
6659,0,-111.899025,33.555027
6660,0,-111.92529,33.478733
6661,0,-112.073425,33.447334
6662,0,-112.07127,33.508995
6663,0,-112.35314,33.45399
6664,0,-112.07346,33.566128
6665,0,-111.92902,33.50251
6666,0,-111.790375,33.260693
6667,0,-111.84253,33.303234
6668,0,-112.064354,33.50446
6669,0,-112.06877,33.485413
6670,0,-112.13423,33.609528
6671,0,-111.94329,33.421608
6672,2,-111.92563,33.49171
6673,1481,-112.07486,33.448936
6674,1482,-112.07548,33.509827
6675,0,-112.07991,33.45496
6676,2,-112.07431,33.50062
6677,1083,-112.39554,33.45657
6678,0,-111.75931,33.3063
6679,0,-115.16961,36.121452
6680,1483,-115.14007,36.167534
6681,0,-111.92697,33.462616
6682,0,-112.23696,33.62722
6683,0,-111.90806,33.394688
6684,1484,-111.931946,33.65794
6685,909,-112.23582,33.653095
6686,1485,-111.92742,33.499
6687,1486,-111.936,33.41438
6688,0,-112.22465,33.4765
6689,1487,-112.33277,33.491962
6690,0,-112.073875,33.446995
6691,1488,-111.93356,33.492912
6692,0,-111.97846,33.598522
6693,0,-112.01661,33.4798
6694,0,-111.84258,33.415478
6695,1489,-112.11652,33.45134
6696,0,-112.03612,33.37785
6697,1490,-111.75256,33.28687
6698,0,-112.0037,33.49516
6699,0,-112.04798,33.53184
6700,0,-111.86951,33.435528
6701,0,-112.06476,33.471985
6702,0,-112.72928,33.970005
6703,0,-111.92942,33.50284
6704,1491,-112.07431,33.50062
6705,2,-112.08207,33.50225
6706,2,-115.100845,35.993855
6707,0,-111.92496,33.498177
6708,0,-111.756035,33.30083
6709,0,-112.07156,33.457054
6710,0,-111.89947,33.61689
6711,0,-111.71976,33.347923
6712,0,-112.074196,33.51354
6713,0,-111.89182,33.62813
6714,0,-112.26073,33.53095
6715,0,-112.07397,33.513077
6716,0,-111.75459,33.38057
6717,0,-111.89946,33.557293
6718,0,-111.97846,33.598522
6719,0,-111.92134,33.422848
6720,2,-115.13871,36.169216
6721,0,-112.07275,33.46677
6722,0,-80.020134,40.39346
6723,0,-112.06836,33.457863
6724,0,-111.99423,33.61232
6725,0,-111.97688,33.5839
6726,0,-111.97858,33.677853
6727,0,-111.940285,33.42472
6728,0,-112.361534,33.61106
6729,0,-111.87138,33.43566
6730,0,-111.89768,33.304726
6731,0,-111.97926,33.49592
6732,1492,-112.19062,33.638363
6733,0,-112.17907,33.639347
6734,0,-111.97839,33.303967
6735,0,-111.96063,33.64
6736,1426,-111.790665,33.329014
6737,0,-112.16848,33.611618
6738,0,-111.97785,33.49424
6739,1493,-111.94718,33.30594
6740,0,-112.065636,33.44916
6741,0,-112.04887,33.46591
6742,0,-112.25507,33.696304
6743,0,-112.03013,33.678993
6744,0,-111.85832,33.32686
6745,0,-111.94324,33.42773
6746,0,-111.92655,33.506542
6747,1494,-111.92134,33.422848
6748,1495,-111.90913,33.305134
6749,0,-112.083626,33.48805
6750,17,-112.07358,33.442486
6751,0,-111.890686,33.546608
6752,0,-112.073875,33.446995
6753,0,-111.75427,33.37781
6754,1496,-112.07303,33.448
6755,1497,-115.17332,36.10583
6756,0,-111.92228,33.41616
6757,1498,-111.931946,33.65794
6758,10,-112.06498,33.524887
6759,1499,-112.07405,33.497803
6760,0,-112.078156,33.458477
6761,0,-111.583275,33.220783
6762,1308,-112.04088,33.509563
6763,1500,-111.688995,33.38507
6764,1501,-111.997826,33.43523
6765,0,-111.90979,33.48124
6766,0,-112.06096,33.50953
6767,0,-112.027016,33.50802
6768,0,-111.856125,33.627235
6769,0,-111.78899,33.28166
6770,1502,-112.07409,33.4975
6771,1503,-111.926025,33.623665
6772,1504,-112.275826,33.637238
6773,0,-111.804855,33.385117
6774,0,-112.39205,33.60807
6775,0,-112.07405,33.497803
6776,0,-112.043846,33.50873
6777,0,-112.065346,33.519466
6778,0,-112.024,33.50923
6779,1505,-112.07275,33.447258
6780,0,-111.9949,33.303696
6781,0,-112.07086,33.457047
6782,0,-111.924355,33.422394
6783,0,-111.98617,33.510483
6784,1506,-111.98568,33.59621
6785,1507,-111.92655,33.506542
6786,0,-112.166214,33.611237
6787,0,-111.78977,33.356873
6788,0,-111.92239,33.501007
6789,0,-112.358765,33.507095
6790,0,-111.87599,33.41335
6791,1508,-111.924065,33.57978
6792,0,-111.97119,33.67655
6793,1509,-112.074066,33.509735
6794,0,-112.154274,33.655025
6795,1510,-111.950485,33.83298
6796,0,-112.07397,33.513077
6797,0,-112.07551,33.449596
6798,0,-111.945366,33.8322
6799,0,-111.92657,33.499386
6800,0,-112.01136,33.49492
6801,0,-112.06738,33.509026
6802,1511,-112.02849,33.510426
6803,0,-112.071945,33.51039
6804,0,-111.95375,33.407803
6805,0,-111.73893,33.33537
6806,1512,-112.04698,33.523983
6807,1513,-111.923676,33.489937
6808,0,-112.00109,33.495476
6809,0,-112.07426,33.500813
6810,0,-111.906044,33.43245
6811,0,-112.047104,33.530334
6812,1514,-112.04928,33.523098
6813,0,-112.08235,33.516224
6814,0,-111.875916,33.276257
6815,0,-111.970436,33.3468
6816,2,-112.029564,33.516068
6817,1515,-112.11067,33.640343
6818,1516,-112.07196,33.509605
6819,0,-112.06565,33.60681
6820,0,-112.18452,33.569023
6821,0,-112.07468,33.48797
6822,0,-112.056656,33.50939
6823,0,-112.07397,33.513077
6824,0,-112.079285,33.455036
6825,0,-111.84253,33.303234
6826,0,-111.93896,33.406734
6827,0,-112.09912,33.55532
6828,0,-112.25456,33.478016
6829,0,-111.91804,33.69925
6830,0,-111.92961,33.48733
6831,0,-112.0482,33.510174
6832,0,-112.038826,33.506462
6833,0,-112.11586,33.65951
6834,0,-112.068924,33.494514
6835,0,-112.08873,33.50919
6836,0,-112.07052,33.436832
6837,0,-112.181915,33.538265
6838,1517,-112.07486,33.448936
6839,0,-112.06666,33.496933
6840,0,-112.39657,33.6385
6841,0,-111.99497,33.43605
6842,0,-111.958885,33.34871
6843,0,-112.07511,33.483364
6844,0,-111.92607,33.48176
6845,1518,-112.00837,33.418617
6846,1519,-112.06322,33.53798
6847,0,-111.92678,33.468628
6848,0,-111.93145,33.494205
6849,0,-112.184326,33.539227
6850,0,-112.03311,33.378387
6851,0,-112.261375,33.539352
6852,0,-112.12481,33.43041
6853,0,-111.90752,33.4066
6854,0,-111.97678,33.675884
6855,1520,-115.17618,36.115856
6856,1521,-111.99911,33.48077
6857,0,-111.98224,33.319267
6858,0,-112.127106,33.581795
6859,1522,-111.93889,33.377697
6860,1523,-112.0471,33.50264
6861,0,-112.073326,33.509567
6862,0,-112.04928,33.523098
6863,1524,-112.19062,33.638363
6864,0,-112.06401,33.538994
6865,0,-80.84927,35.171734
6866,0,-112.04791,33.47893
6867,0,-112.074036,33.448376
6868,0,-112.04693,33.54658
6869,10,-111.9748,33.280956
6870,1525,-111.896255,33.42264
6871,0,-111.9733,33.287598
6872,0,-111.91382,33.494644
6873,1526,-115.136215,36.099274
6874,0,-112.04902,33.48049
6875,1527,-112.01175,33.509346
6876,0,-112.07991,33.45496
6877,0,-112.07409,33.4975
6878,0,-111.97982,33.49482
6879,10,-115.191826,36.144268
6880,1528,-115.17103,36.099377
6881,0,-111.92365,33.625546
6882,0,-111.90018,33.554756
6883,0,-115.17124,36.11788
6884,0,-111.92575,33.406265
6885,0,-112.04739,33.4692
6886,2,-112.04928,33.523098
6887,0,-112.15007,33.610645
6888,0,-112.065346,33.519466
6889,1529,-112.26605,33.53391
6890,0,-111.99719,33.480484
6891,0,-111.93953,33.42387
6892,1530,-112.04088,33.509563
6893,0,-112.07409,33.512627
6894,1531,-111.78749,33.376934
6895,2,-112.13423,33.389427
6896,0,-112.221115,33.467304
6897,1532,-111.84292,33.351166
6898,0,-111.88925,33.673668
6899,0,-111.87599,33.41335
6900,1533,-111.90516,33.431896
6901,0,-111.936615,33.37798
6902,0,-112.040085,33.46555
6903,0,-111.72417,33.38128
6904,0,-111.89827,33.29958
6905,1534,-112.133934,33.552345
6906,0,-111.91029,33.321354
6907,0,-112.184326,33.539227
6908,0,-112.06567,33.487747
6909,1313,-111.92632,33.494377
6910,1535,-112.08679,33.45524
6911,1536,-111.99242,33.304897
6912,0,-112.07492,33.483
6913,0,-111.90459,33.62201
6914,0,-111.97461,33.678616
6915,1537,-111.92612,33.532578
6916,1538,-112.13021,33.639744
6917,1539,-111.94042,33.429222
6918,0,-111.743095,33.301903
6919,0,-111.926025,33.623665
6920,0,-111.97585,33.320267
6921,0,-112.236824,33.611404
6922,0,-112.0567,33.566566
6923,0,-112.08388,33.49745
6924,0,-112.04661,33.51038
6925,0,-112.07289,33.51061
6926,0,-112.07409,33.4975
6927,1540,-112.102936,33.523907
6928,0,-111.980995,33.419838
6929,1541,-111.994576,33.304462
6930,1542,-112.057106,33.538246
6931,1543,-112.12435,33.666695
6932,0,-111.92503,33.565964
6933,0,-112.06908,33.485916
6934,1544,-111.94718,33.30594
6935,1545,-112.06908,33.485916
6936,0,-111.92606,33.48357
6937,1546,-112.091194,33.52401
6938,0,-112.26925,33.551937
6939,0,-111.92448,33.62557
6940,0,-111.940254,33.424503
6941,0,-111.9265,33.49973
6942,0,-111.92769,33.499382
6943,0,-112.06586,33.508972
6944,1333,-112.03514,33.495037
6945,0,-112.07156,33.457054
6946,0,-112.13489,33.653374
6947,0,-111.59601,33.22378
6948,2,-111.90186,33.433514
6949,2,-112.271225,33.63774
6950,0,-111.92775,33.492905
6951,0,-112.06947,33.641808
6952,1547,-111.92641,33.655567
6953,1548,-112.23349,33.652195
6954,1549,-112.02123,33.496204
6955,0,-112.13264,33.53884
6956,0,-112.082825,33.517372
6957,0,-112.05547,33.4467
6958,0,-112.082344,33.46532
6959,1550,-111.68464,33.395008
6960,0,-111.92239,33.501007
6961,0,-111.92589,33.586834
6962,0,-111.9077,33.431892
6963,0,-111.787735,33.391663
6964,0,-112.031555,33.494816
6965,0,-112.21995,33.639614
6966,0,-112.045784,33.507767
6967,1551,-111.91567,33.41537
6968,1552,-111.92019,33.466217
6969,1553,-112.047104,33.530334
6970,1554,-112.09641,33.451645
6971,1555,-112.03558,33.509747
6972,0,-112.07341,33.5137
6973,0,-112.26925,33.551937
6974,1556,-111.91967,33.41524
6975,0,-112.03019,33.67107
6976,1557,-111.91029,33.321354
6977,0,-112.13706,33.628994
6978,0,-111.90849,33.430023
6979,2,-115.17725,36.119125
6980,2,-112.390396,33.429005
6981,0,-111.83193,33.415234
6982,1558,-112.34139,33.438656
6983,0,-115.035805,36.060215
6984,1559,-112.23695,33.627163
6985,0,-112.04418,33.430977
6986,0,-111.948746,33.34968
6987,0,-111.92413,33.65421
6988,1560,-111.89933,33.30706
6989,2,-111.99492,33.50903
6990,1561,-111.8557,33.39083
6991,0,-112.18333,33.53888
6992,0,-112.27332,33.464325
6993,1562,-112.02123,33.496204
6994,0,-111.92644,33.529903
6995,0,-112.000694,33.480747
6996,1563,-111.9787,33.60016
6997,1564,-112.062996,33.495155
6998,1565,-112.16333,33.318974
6999,2,-111.75276,33.395096
7000,0,-112.06533,33.48856
7001,0,-111.92351,33.581493
7002,0,-112.135994,33.56674
7003,0,-112.066025,33.53023
7004,0,-112.0747,33.449833
7005,0,-111.877525,33.33716
7006,0,-112.02068,33.480213
7007,0,-111.89351,33.627815
7008,1566,-112.03892,33.43178
7009,0,-111.90923,33.590168
7010,0,-115.17704,36.10762
7011,0,-111.994576,33.304462
7012,0,-112.16848,33.611618
7013,0,-112.06779,33.458355
7014,0,-112.07,33.45
7015,1567,-112.15967,33.509876
7016,0,-112.124596,33.666637
7017,0,-112.16657,33.596344
7018,0,-112.03854,33.454876
7019,0,-112.07551,33.449596
7020,0,-112.04994,33.508884
7021,1568,-111.84253,33.33787
7022,0,-111.96636,33.676544
7023,1569,-111.91876,33.627434
7024,2,-111.92053,33.489132
7025,0,-111.99929,33.43442
7026,0,-112.01186,33.63645
7027,0,-111.93152,33.493298
7028,0,-111.78979,33.357132
7029,0,-111.97775,33.49413
7030,1570,-112.02615,33.439648
7031,0,-112.04729,33.546448
7032,0,-112.20233,33.581764
7033,0,-112.0686,33.640186
7034,2,-111.90065,33.30459
7035,1571,-112.07409,33.4975
7036,0,-112.13423,33.609528
7037,0,-115.17229,36.115147
7038,1572,-112.34041,33.465244
7039,1573,-112.044914,33.510166
7040,1574,-111.84111,33.363014
7041,0,-111.9309,33.58303
7042,0,-111.9348,33.42384
7043,0,-111.98934,33.494595
7044,1575,-115.17089,36.11006
7045,0,-112.01493,33.6102
7046,0,-112.074615,33.44795
7047,1576,-112.06456,33.522358
7048,0,-111.978096,33.602394
7049,0,-111.968,33.31929
7050,0,-112.05565,33.537632
7051,0,-111.87922,33.581512
7052,0,-112.03701,33.50547
7053,1577,-112.06876,33.5095
7054,0,-112.05503,33.5529
7055,0,-111.859535,33.33992
7056,1578,-111.95935,33.521988
7057,1579,-112.073204,33.449593
7058,0,-112.07419,33.510796
7059,0,-112.06877,33.485413
7060,0,-112.07419,33.510796
7061,0,-112.07303,33.448
7062,2,-112.07391,33.506207
7063,1580,-111.929375,33.502357
7064,0,-111.97698,33.34888
7065,0,-111.86321,33.638275
7066,1581,-111.97808,33.321304
7067,1582,-112.06498,33.517467
7068,0,-112.056625,33.530014
7069,0,-111.91847,33.415035
7070,0,-111.9903,33.75417
7071,1583,-111.90991,33.407425
7072,0,-111.7253,32.879917
7073,1584,-112.05662,33.506195
7074,2,-112.06535,33.519577
7075,0,-112.204185,33.63882
7076,0,-112.03015,33.674606
7077,0,-111.91861,33.500355
7078,0,-112.074196,33.51354
7079,1585,-111.63351,33.25473
7080,0,-111.977776,33.33193
7081,0,-112.16888,33.378666
7082,0,-112.05003,33.46554
7083,1586,-112.082214,33.495155
7084,1587,-111.84996,33.379585
7085,0,-112.277306,33.465336
7086,0,-112.23991,33.68106
7087,1588,-111.982025,33.34806
7088,1589,-112.34139,33.438656
7089,0,-111.91052,33.478947
7090,0,-111.909645,33.42102
7091,1590,-111.90483,33.57417
7092,1591,-112.06877,33.485413
7093,0,-111.940475,33.392628
7094,0,-112.13109,33.52452
7095,0,-112.060196,33.50948
7096,0,-112.07492,33.483
7097,2,-115.17497,36.095417
7098,0,-112.06518,33.57531
7099,0,-111.922874,33.463078
7100,2,-115.15259,36.108295
7101,0,-111.91087,33.36144
7102,0,-112.07445,33.449436
7103,0,-112.134186,33.51087
7104,0,-111.97562,33.675236
7105,0,-111.99559,33.511234
7106,0,-111.99559,33.511234
7107,0,-112.00845,33.581757
7108,1592,-112.11646,33.560856
7109,0,-112.11045,33.689518
7110,1593,-111.93064,33.50079
7111,0,-111.88407,33.261177
7112,0,-112.02769,33.510315
7113,1594,-112.04799,33.50803
7114,2,-115.15226,36.10708
7115,0,-111.98859,33.50921
7116,1595,-112.07634,33.46553
7117,0,-111.83645,33.586655
7118,1596,-115.167755,36.123943
7119,2,-115.14253,36.169502
7120,1597,-112.03577,33.508926
7121,0,-112.10039,33.488403
7122,0,-111.98975,33.500237
7123,0,-112.358635,33.463406
7124,2,-112.20292,33.669407
7125,0,-112.23349,33.652195
7126,2,-115.168106,36.103798
7127,1598,-111.926765,33.501877
7128,0,-112.07427,33.447517
7129,0,-111.755455,33.379627
7130,2,-111.92445,33.539402
7131,10,-115.241554,36.064533
7132,0,-111.903336,33.433212
7133,0,-111.87686,33.54105
7134,0,-112.060196,33.50948
7135,0,-112.073494,33.491695
7136,1599,-112.064095,33.5219
7137,1600,-111.88527,33.540367
7138,1601,-112.06498,33.524887
7139,10,-114.96364,36.013103
7140,1602,-111.97461,33.678616
7141,1603,-111.94652,33.422188
7142,0,-111.922966,33.501312
7143,0,-112.06551,33.576332
7144,1604,-111.92477,33.637135
7145,1605,-112.082405,33.465504
7146,1606,-112.0404,33.509445
7147,1607,-112.38765,33.464397
7148,1608,-115.17277,36.10465
7149,0,-112.2263,33.639626
7150,1609,-111.92225,33.58414
7151,1610,-112.179726,33.520424
7152,0,-112.09107,33.49436
7153,0,-112.03529,33.596844
7154,0,-112.0135,33.583496
7155,1611,-112.064064,33.51798
7156,1612,-112.06096,33.50953
7157,0,-111.91744,33.69869
7158,0,-111.86441,33.612797
7159,0,-112.04644,33.53739
7160,0,-111.83323,33.4154
7161,0,-111.88815,33.56837
7162,0,-112.06096,33.50953
7163,1613,-111.74323,33.30842
7164,0,-112.073395,33.477222
7165,2,-111.72392,33.32106
7166,0,-115.17641,36.11316
7167,0,-112.30873,33.449127
7168,0,-112.07127,33.508995
7169,1614,-112.06844,33.638363
7170,0,-112.07401,33.505856
7171,2,-115.22422,36.12766
7172,1615,-112.073616,33.47703
7173,0,-112.11101,33.554466
7174,2,-111.90518,33.495224
7175,0,-111.87436,33.336075
7176,0,-115.17688,36.111946
7177,0,-111.99492,33.50903
7178,0,-111.92796,33.49821
7179,0,-112.260765,33.53295
7180,0,-112.000565,33.433685
7181,0,-112.27165,33.528236
7182,0,-112.06096,33.50953
7183,0,-111.87393,33.622734
7184,0,-111.926445,33.490032
7185,0,-111.93841,33.391586
7186,0,-111.970825,33.37795
7187,0,-111.858406,33.320225
7188,1616,-112.0739,33.500202
7189,0,-112.06524,33.488808
7190,1617,-112.06401,33.538994
7191,0,-111.88181,33.58083
7192,2,-112.069984,33.451576
7193,0,-111.940285,33.4239
7194,1618,-112.05956,33.563686
7195,0,-112.08711,33.45496
7196,1619,-111.93646,33.42296
7197,2,-115.17397,36.10626
7198,0,-112.08711,33.45496
7199,1620,-112.1181,33.670265
7200,0,-111.75561,33.345997
7201,0,-111.90998,33.347878
7202,0,-111.87496,33.319393
7203,0,-112.09107,33.458866
7204,0,-115.167755,36.123978
7205,0,-112.065544,33.4493
7206,1621,-112.046394,33.507946
7207,0,-112.14925,34.048668
7208,0,-111.92239,33.501007
7209,0,-111.91667,33.451714
7210,0,-112.03594,33.508713
7211,0,-115.19791,36.125908
7212,0,-112.07224,33.465557
7213,0,-112.0135,33.583496
7214,1622,-111.98224,33.319267
7215,0,-111.97616,33.347683
7216,0,-111.92716,33.45379
7217,1623,-112.04739,33.4692
7218,0,-112.0739,33.500202
7219,1624,-111.92627,33.637753
7220,1625,-111.926796,33.505592
7221,0,-111.92133,33.636242
7222,0,-112.06384,33.517437
7223,0,-111.82124,33.349434
7224,1626,-111.757416,33.30427
7225,1627,-111.98643,33.600227
7226,0,-111.91345,33.414272
7227,0,-112.07409,33.4975
7228,1628,-111.68288,33.468143
7229,0,-112.13424,33.625828
7230,0,-112.06342,33.607544
7231,1629,-112.064926,33.4743
7232,0,-111.875984,33.413902
7233,0,-111.92547,33.566807
7234,0,-111.947,33.34968
7235,0,-111.960495,33.34862
7236,1630,-112.06877,33.485413
7237,0,-111.908585,33.39378
7238,0,-112.06498,33.524887
7239,0,-112.0656,33.458927
7240,0,-111.9309,33.58303
7241,0,-111.9265,33.49973
7242,1631,-112.27829,33.465275
7243,0,-111.92951,33.322136
7244,1632,-112.028336,33.480034
7245,0,-112.277504,33.598698
7246,0,-115.16559,36.12689
7247,1633,-112.05956,33.563686
7248,0,-111.93901,33.42399
7249,2,-112.03529,33.596844
7250,0,-111.92635,33.53027
7251,0,-111.96534,33.319504
7252,0,-111.74256,33.37828
7253,0,-115.168106,36.103798
7254,0,-112.06918,33.452717
7255,0,-111.90558,33.432926
7256,0,-112.0166,33.52973
7257,1634,-112.00052,33.495766
7258,1635,-112.04739,33.4692
7259,0,-111.789055,33.35924
7260,0,-111.962616,33.3216
7261,0,-112.21823,33.63783
7262,2,-111.99831,33.436054
7263,0,-111.91017,33.48699
7264,1636,-112.04693,33.523125
7265,1637,-111.97982,33.49482
7266,0,-112.34188,33.463543
7267,1638,-112.06096,33.50953
7268,0,-111.92635,33.496613
7269,0,-112.0313,33.643
7270,1639,-112.06096,33.50953
7271,0,-112.01307,33.610554
7272,0,-111.7708,33.23497
7273,10,-115.13553,36.166763
7274,0,-112.07228,33.45587
7275,0,-112.08313,33.498795
7276,1640,-111.789314,33.32073
7277,0,-112.01417,33.511307
7278,0,-111.92563,33.49171
7279,1641,-112.01146,33.58207
7280,0,-111.9077,33.431892
7281,1642,-112.06296,33.656124
7282,0,-111.925316,33.577934
7283,0,-112.0741,33.506855
7284,0,-112.222885,33.596703
7285,1643,-112.07232,33.457657
7286,0,-112.22337,33.638668
7287,0,-112.27829,33.465275
7288,0,-111.98983,33.49462
7289,1644,-112.05627,33.472767
7290,1645,-112.04698,33.507553
7291,0,-111.82584,33.41346
7292,1646,-111.928185,33.501774
7293,1647,-112.34188,33.463543
7294,1648,-111.959404,33.350735
7295,1649,-112.065346,33.51108
7296,0,-111.874146,33.31923
7297,1650,-112.06453,33.537617
7298,1650,-112.06498,33.524887
7299,0,-111.92737,33.50323
7300,0,-111.92018,33.636566
7301,0,-112.06096,33.50953
7302,0,-111.92754,33.464375
7303,1651,-112.06096,33.50953
7304,0,-111.97681,33.378315
7305,0,-112.07127,33.508995
7306,1652,-112.06096,33.50953
7307,1653,-111.93103,33.493267
7308,1654,-112.0686,33.640186
7309,1655,-112.06096,33.50953
7310,0,-111.93947,33.394127
7311,0,-112.07409,33.512627
7312,0,-112.06096,33.50953
7313,0,-112.06096,33.50953
7314,1656,-111.92625,33.617584
7315,0,-112.06096,33.50953
7316,0,-111.90979,33.48124
7317,1275,-111.93457,33.4228
7318,0,-111.89228,33.62004
7319,0,-111.926636,33.498974
7320,0,-111.99565,33.502758
7321,0,-112.026474,33.510254
7322,0,-111.75607,33.304905
7323,0,-115.17435,36.118332
7324,0,-111.72063,33.23511
7325,10,-111.939156,33.39312
7326,1657,-112.08292,33.506462
7327,0,-111.92367,33.53918
7328,0,-111.90812,33.393623
7329,0,-112.08164,33.465992
7330,0,-112.056656,33.50939
7331,1658,-111.78983,33.354767
7332,0,-111.98617,33.510483
7333,2,-112.064705,33.529846
7334,0,-111.92625,33.617584
7335,2,-115.17087,36.10242
7336,0,-111.92389,33.63416
7337,0,-111.89163,33.625385
7338,1659,-111.875755,33.62114
7339,1660,-111.77165,33.406406
7340,1661,-112.04001,33.505775
7341,0,-111.92635,33.496613
7342,1662,-112.07359,33.476837
7343,0,-111.978226,33.675297
7344,1663,-112.064705,33.529846
7345,1664,-112.22272,33.638866
7346,0,-111.92227,33.584015
7347,0,-80.02124,40.43906
7348,2,-115.17669,36.117455
7349,0,-111.97956,33.742207
7350,0,-111.875786,33.36281
7351,0,-115.17632,36.113846
7352,1665,-111.90483,33.57417
7353,0,-111.79648,33.41554
7354,0,-112.00319,33.317657
7355,0,-112.0477,33.515106
7356,0,-112.1137,33.715096
7357,0,-112.06096,33.50953
7358,0,-112.170334,33.46561
7359,0,-112.170975,33.56791
7360,0,-111.92359,33.70057
7361,0,-112.06947,33.641808
7362,1666,-112.22394,33.637062
7363,1667,-111.93649,33.833767
7364,1668,-115.171776,36.102093
7365,0,-111.927666,33.579617
7366,0,-112.04673,33.523743
7367,1669,-112.06157,33.509518
7368,0,-111.97838,33.627045
7369,0,-111.92742,33.499
7370,1670,-111.92942,33.50284
7371,1671,-112.134186,33.51087
7372,1672,-112.06534,33.5116
7373,1673,-112.06534,33.5116
7374,0,-111.91667,33.451714
7375,0,-112.08059,33.4803
7376,0,-111.944046,33.436962
7377,0,-111.928185,33.501774
7378,0,-111.91267,33.362457
7379,0,-111.979546,33.640232
7380,0,-111.926445,33.490032
7381,1674,-111.91091,33.414574
7382,0,-112.07218,33.458946
7383,0,-111.943954,33.42853
7384,1675,-112.04702,33.509594
7385,0,-112.036964,33.60594
7386,0,-112.00414,33.495163
7387,0,-111.93936,33.394043
7388,1676,-112.02849,33.510426
7389,0,-111.93027,33.496586
7390,1677,-115.17203,36.11494
7391,10,-111.92869,33.467358
7392,0,-111.78861,33.43749
7393,0,-111.99321,33.495266
7394,0,-112.07409,33.4975
7395,1678,-111.93962,33.42344
7396,0,-112.04994,33.508884
7397,0,-112.04994,33.508884
7398,1679,-111.874176,33.362934
7399,0,-111.89673,33.676765
7400,0,-111.899025,33.555027
7401,0,-112.04994,33.508884
7402,0,-111.92663,33.65241
7403,0,-111.95392,33.40789
7404,0,-111.94039,33.421387
7405,0,-111.9949,33.303696
7406,0,-112.03948,33.486477
7407,0,-112.16933,33.379456
7408,0,-112.06483,33.457333
7409,0,-111.79242,33.378643
7410,0,-111.85856,33.64947
7411,1680,-112.00414,33.495163
7412,0,-112.027016,33.377003
7413,0,-111.78376,33.334938
7414,1681,-111.92272,33.493565
7415,1682,-115.170975,36.114277
7416,0,-112.08711,33.45496
7417,1683,-111.75855,33.307465
7418,0,-111.90228,33.43014
7419,1684,-111.905556,33.433037
7420,0,-112.07275,33.447258
7421,0,-111.789856,33.356342
7422,1685,-112.06535,33.519577
7423,1686,-112.07411,33.467545
7424,1687,-111.71336,33.594963
7425,1688,-111.928825,33.82903
7426,0,-112.04831,33.508953
7427,0,-111.96561,33.676094
7428,1461,-112.073494,33.491695
7429,1689,-111.92635,33.46439
7430,0,-111.84253,33.303234
7431,1690,-111.94629,33.305836
7432,0,-115.14294,36.16929
7433,0,-112.171936,33.638557
7434,0,-112.044914,33.510166
7435,0,-112.03125,33.63285
7436,1691,-112.27079,33.55354
7437,2,-112.16867,33.545204
7438,0,-112.06322,33.53798
7439,0,-112.065506,33.48855
7440,0,-112.078766,33.50958
7441,0,-112.0739,33.500202
7442,1692,-111.92644,33.44929
7443,0,-112.068665,33.6374
7444,0,-111.91124,33.362373
7445,0,-111.92019,33.466217
7446,0,-111.635124,33.36576
7447,0,-112.05607,33.472855
7448,0,-112.08303,33.487476
7449,1693,-111.9759,33.495018
7450,0,-112.18157,33.539257
7451,0,-112.073395,33.477222
7452,0,-112.039185,33.59596
7453,1694,-111.999176,33.442745
7454,0,-112.006714,33.435715
7455,1695,-112.029785,33.626873
7456,0,-111.95375,33.407803
7457,0,-112.07217,33.455864
7458,0,-112.14982,33.640068
7459,0,-112.04698,33.523983
7460,0,-111.98212,33.331654
7461,0,-111.940346,33.425938
7462,0,-112.04784,33.523426
7463,1696,-112.04799,33.50803
7464,1697,-111.95392,33.40789
7465,0,-111.93007,33.378265
7466,1698,-112.0477,33.515106
7467,0,-112.04675,33.523613
7468,0,-111.93744,33.423515
7469,1699,-112.15224,33.596348
7470,0,-111.905556,33.433037
7471,1700,-112.18803,33.538708
7472,1701,-111.8063,33.379913
7473,1702,-112.065475,33.47014
7474,0,-112.13882,33.864964
7475,0,-111.757416,33.30427
7476,0,-112.06704,33.641712
7477,1703,-111.92351,33.62336
7478,1704,-112.073425,33.447334
7479,0,-111.92603,33.37827
7480,1705,-112.03864,33.59605
7481,1706,-112.06535,33.51241
7482,0,-112.11762,33.524418
7483,1707,-112.04794,33.525883
7484,0,-112.09243,33.683323
7485,1708,-112.06479,33.474228
7486,0,-111.87686,33.54105
7487,0,-111.98229,33.599663
7488,0,-112.02581,33.441082
7489,0,-112.278114,33.465
7490,0,-112.06322,33.53798
7491,1709,-112.02769,33.510315
7492,1710,-112.083984,33.496387
7493,0,-112.085785,33.509537
7494,0,-112.03529,33.596844
7495,1711,-112.074196,33.51354
7496,1712,-112.11265,33.611
7497,0,-112.0648,33.47468
7498,0,-112.0792,33.49111
7499,10,-115.0969,36.005417
7500,0,-111.90914,33.3927
7501,1713,-112.06467,33.59547
7502,0,-112.08234,33.516464
7503,1714,-112.04934,33.523056
7504,0,-112.08208,33.510727
7505,1715,-112.10031,33.496075
7506,0,-73.57656,45.521065
7507,0,-112.08303,33.487476
7508,0,-111.99439,33.612354
7509,0,-112.06535,33.51241
7510,0,-112.06535,33.487686
7511,0,-112.22666,33.637676
7512,0,-111.918686,33.566635
7513,0,-112.07432,33.45969
7514,0,-112.073425,33.447334
7515,0,-112.06469,33.521793
7516,1716,-112.06469,33.521793
7517,1717,-111.968,33.31929
7518,1718,-112.0364,33.50968
7519,1719,-112.07397,33.513077
7520,0,-112.065346,33.51108
7521,0,-112.064606,33.523155
7522,0,-112.06877,33.485413
7523,2,-112.07991,33.45496
7524,0,-111.944046,33.436962
7525,0,-112.074196,33.51354
7526,1720,-112.06638,33.62716
7527,0,-112.082855,33.465343
7528,0,-112.02814,33.510223
7529,0,-111.94969,33.40756
7530,0,-111.92365,33.625546
7531,1721,-111.928185,33.501774
7532,0,-112.183395,33.539093
7533,0,-112.04789,33.52485
7534,1722,-111.91983,33.466194
7535,0,-112.04677,33.50889
7536,0,-112.073616,33.47703
7537,0,-112.028336,33.480034
7538,0,-112.07397,33.45983
7539,0,-112.08233,33.46606
7540,2,-115.17767,36.10741
7541,0,-112.06836,33.457863
7542,0,-111.84763,33.378475
7543,1723,-112.08303,33.487476
7544,1724,-112.04945,33.377567
7545,0,-112.357994,33.461502
7546,0,-112.25843,33.55269
7547,0,-112.13301,33.580612
7548,0,-112.0634,33.60731
7549,0,-112.10217,33.52494
7550,0,-112.074036,33.448376
7551,0,-111.9759,33.495018
7552,0,-112.07037,33.456417
7553,0,-111.94819,33.393543
7554,0,-112.0135,33.583496
7555,0,-112.06476,33.471985
7556,0,-115.1726,36.118793
7557,1725,-111.92492,33.62348
7558,0,-112.03788,33.509254
7559,10,-115.17797,36.067535
7560,1726,-115.14289,36.143345
7561,2,-112.006714,33.435715
7562,0,-111.92749,33.49549
7563,0,-112.003174,33.49564
7564,0,-112.29537,33.511894
7565,0,-111.91182,33.322376
7566,0,-112.04709,33.639816
7567,0,-112.013725,33.585438
7568,2,-111.929924,33.349712
7569,0,-111.947075,33.407593
7570,0,-115.14294,36.16929
7571,1727,-112.04673,33.523743
7572,1728,-112.22086,33.639744
7573,0,-111.910835,33.391663
7574,1729,-111.93744,33.423515
7575,0,-111.88934,33.696556
7576,0,-111.87436,33.336075
7577,0,-111.940254,33.424503
7578,0,-115.14453,36.162613
7579,1730,-79.9828,40.429
7580,1731,-73.58948,45.521652
7581,0,-111.92572,33.526047
7582,0,-115.13902,36.088516
7583,0,-111.74184,33.307846
7584,0,-112.073616,33.47703
7585,1732,-112.201805,33.666836
7586,1733,-111.97811,33.59784
7587,0,-112.27275,33.46457
7588,0,-112.05627,33.472767
7589,0,-111.872856,33.30671
7590,0,-111.918686,33.566635
7591,0,-112.07285,33.449226
7592,0,-112.12481,33.43041
7593,1734,-111.929535,33.502132
7594,0,-111.991516,33.26663
7595,0,-111.92697,33.462616
7596,0,-111.7195,33.34711
7597,0,-111.859535,33.33992
7598,0,-112.07341,33.5137
7599,0,-112.0037,33.49516
7600,0,-112.079285,33.455036
7601,0,-111.961914,33.33455
7602,0,-111.92804,33.497204
7603,0,-112.023254,33.523228
7604,0,-112.35514,33.463253
7605,0,-111.86491,33.435246
7606,0,-111.92269,33.500526
7607,1735,-112.043846,33.50873
7608,1736,-112.08249,33.48009
7609,1737,-112.04001,33.505775
7610,0,-111.926254,33.609715
7611,1738,-112.07409,33.512627
7612,1739,-112.01464,33.510056
7613,0,-111.90483,33.57417
7614,1740,-112.04258,33.50957
7615,1741,-112.03017,33.671425
7616,1742,-111.83714,33.41651
7617,0,-112.07391,33.506207
7618,0,-112.07358,33.442486
7619,0,-112.01307,33.610554
7620,1743,-111.88511,33.53767
7621,10,-115.29822,36.09571
7622,1744,-111.93947,33.394127
7623,1745,-112.045815,33.5088
7624,1746,-112.0812,33.654797
7625,1747,-112.04001,33.505775
7626,0,-111.84085,33.28455
7627,0,-112.01464,33.510056
7628,0,-111.91197,33.335354
7629,0,-111.96175,33.391743
7630,0,-111.89859,33.490013
7631,0,-111.92754,33.480732
7632,0,-112.02581,33.441082
7633,0,-112.11672,33.53954
7634,1748,-111.97958,33.31974
7635,0,-111.95634,33.347145
7636,0,-111.929924,33.349712
7637,0,-115.16961,36.121452
7638,0,-112.047264,33.641346
7639,0,-112.15278,33.655704
7640,0,-111.996765,33.495117
7641,1749,-112.120346,33.64042
7642,0,-112.00005,33.495453
7643,0,-112.3355,33.460354
7644,0,-112.047264,33.531242
7645,0,-112.08227,33.4657
7646,0,-111.87511,33.394802
7647,0,-112.04043,33.50572
7648,0,-112.01323,33.47383
7649,0,-112.04794,33.525883
7650,1750,-115.17124,36.11788
7651,1751,-112.068954,33.459053
7652,0,-111.99224,33.30574
7653,0,-111.78861,33.43749
7654,0,-112.04673,33.523743
7655,0,-112.17426,33.63955
7656,0,-112.22219,33.59478
7657,1752,-112.11884,33.48044
7658,0,-112.02068,33.480213
7659,0,-112.04808,33.538925
7660,0,-112.07908,33.49112
7661,0,-112.04808,33.538925
7662,1753,-111.58324,33.22102
7663,1754,-112.09706,33.65613
7664,1755,-111.98954,33.600517
7665,1756,-111.92551,33.624367
7666,0,-112.078766,33.50958
7667,0,-115.17076,36.123367
7668,0,-112.13144,33.625275
7669,2,-115.167,36.12617
7670,0,-112.013855,33.63044
7671,1757,-111.995514,33.50243
7672,0,-112.07423,33.507328
7673,0,-111.88063,33.581196
7674,0,-112.07233,33.456696
7675,0,-111.97674,33.67919
7676,0,-111.93508,33.424995
7677,0,-111.978065,33.602856
7678,0,-112.16848,33.611618
7679,0,-112.05806,33.550854
7680,0,-111.92697,33.52771
7681,0,-112.04698,33.523983
7682,0,-111.924805,33.52681
7683,1758,-111.92559,33.478718
7684,0,-111.99575,33.50214
7685,0,-112.04725,33.50166
7686,0,-111.789856,33.356342
7687,1759,-115.16591,36.127495
7688,0,-111.821304,33.349445
7689,10,-115.27912,36.12602
7690,0,-112.18295,33.538418
7691,1760,-111.88066,33.36436
7692,1761,-111.92637,33.500492
7693,1762,-111.92563,33.49171
7694,1763,-111.964966,33.501846
7695,1764,-112.04803,33.484013
7696,1765,-112.047104,33.530334
7697,0,-111.9759,33.495018
7698,0,-112.18595,33.64035
7699,1766,-111.925316,33.577934
7700,0,-111.97838,33.627045
7701,1767,-112.260765,33.53295
7702,0,-112.045815,33.5088
7703,0,-112.11762,33.524418
7704,1768,-112.06518,33.57531
7705,0,-112.358635,33.463406
7706,1769,-112.02123,33.496204
7707,1770,-111.9265,33.49973
7708,0,-112.13378,33.50971
7709,1771,-111.923,33.5015
7710,1772,-112.111786,33.687145
7711,0,-111.842636,33.32724
7712,0,-111.91721,33.40708
7713,0,-112.06577,33.56819
7714,1773,-112.2263,33.639626
7715,1774,-112.13667,33.639065
7716,0,-111.90558,33.432926
7717,0,-111.92555,33.564976
7718,1603,-112.04698,33.523983
7719,0,-111.92558,33.582848
7720,1266,-112.0486,33.523712
7721,1775,-112.04698,33.523983
7722,1776,-112.117386,33.641613
7723,0,-112.0739,33.500202
7724,0,-111.97657,33.585728
7725,1777,-112.04001,33.505775
7726,2,-112.01183,33.509872
7727,0,-111.92645,33.49031
7728,0,-111.84204,33.39384
7729,0,-112.72591,32.945602
7730,0,-112.078766,33.50958
7731,1778,-112.04799,33.50803
7732,0,-111.919815,33.501347
7733,0,-112.045815,33.5088
7734,1701,-111.93901,33.42399
7735,0,-112.05941,33.49494
7736,2,-111.85296,33.731174
7737,0,-111.97626,33.58307
7738,0,-112.08292,33.506462
7739,1779,-111.90885,33.421627
7740,1780,-112.14335,33.713852
7741,0,-112.04799,33.50803
7742,0,-111.90859,33.406624
7743,0,-112.0481,33.475353
7744,1781,-112.07748,33.45907
7745,0,-112.04799,33.50803
7746,0,-112.04794,33.525883
7747,0,-112.04799,33.50803
7748,0,-111.92942,33.50284
7749,1782,-112.03147,33.48778
7750,0,-111.92589,33.527847
7751,1783,-112.18295,33.538418
7752,1108,-112.067,33.508987
7753,0,-112.04799,33.50803
7754,1784,-111.995705,33.63991
7755,0,-112.04342,33.506023
7756,0,-111.95392,33.40789
7757,0,-111.84258,33.415478
7758,2,-111.93536,33.627285
7759,0,-112.04673,33.523743
7760,0,-111.99402,33.49537
7761,0,-111.92796,33.49821
7762,0,-112.078766,33.50958
7763,0,-112.05806,33.550854
7764,0,-112.00106,33.49517
7765,0,-112.08873,33.50919
7766,0,-112.20032,33.710823
7767,0,-112.07232,33.457657
7768,0,-112.05884,33.509346
7769,0,-112.0037,33.49516
7770,1785,-112.07375,33.565098
7771,0,-112.05941,33.49494
7772,0,-111.9819,33.348164
7773,0,-111.68752,33.32716
7774,0,-112.083984,33.496387
7775,0,-112.073685,33.396343
7776,0,-112.029755,33.51067
7777,0,-112.047264,33.53739
7778,0,-112.04754,33.50774
7779,1786,-111.93228,33.496403
7780,1787,-111.932106,33.50277
7781,0,-111.917984,33.565014
7782,0,-111.97952,33.6384
7783,0,-111.92922,33.497566
7784,1788,-111.92645,33.49031
7785,2,-111.86011,33.341
7786,0,-112.18157,33.539257
7787,1789,-112.07308,33.56747
7788,0,-111.99517,33.640408
7789,1790,-111.87599,33.41335
7790,1791,-112.047264,33.53739
7791,0,-112.00525,33.4954
7792,0,-111.97677,33.679085
7793,0,-112.04794,33.525883
7794,0,-112.134186,33.51087
7795,1792,-112.30404,33.63991
7796,0,-111.7195,33.34711
7797,10,-112.065735,33.55996
7798,0,-112.047264,33.53739
7799,0,-112.027016,33.50802
7800,1793,-111.98451,33.509106
7801,1794,-112.07232,33.457657
7802,0,-111.92355,33.623634
7803,1795,-112.02418,33.510033
7804,0,-111.92533,33.52509
7805,1796,-112.0364,33.50968
7806,0,-111.98849,33.45545
7807,0,-111.988174,33.601933
7808,0,-111.92635,33.496613
7809,1797,-112.0166,33.52973
7810,1798,-112.06783,33.458065
7811,1799,-111.921135,33.499172
7812,0,-112.04013,33.507454
7813,1800,-111.87564,33.336
7814,0,-112.06961,33.456757
7815,0,-112.07634,33.46553
7816,1801,-115.17012,36.122276
7817,0,-111.925575,33.564854
7818,0,-115.17124,36.11788
7819,0,-111.7903,33.329292
7820,0,-111.77134,33.33696
7821,0,-111.98983,33.49462
7822,1802,-112.37446,33.654953
7823,1803,-111.99634,33.61077
7824,0,-111.928185,33.501774
7825,0,-111.78514,33.334938
7826,2,-111.83714,33.41651
7827,1804,-112.09936,33.539642
7828,1805,-111.91197,33.335354
7829,1806,-112.027016,33.50802
7830,1807,-111.92606,33.48357
7831,0,-111.75614,33.36745
7832,0,-111.8879,33.407997
7833,1808,-112.000984,33.49572
7834,0,-111.74385,33.307648
7835,1809,-111.9348,33.42384
7836,2,-111.92566,33.47535
7837,0,-111.977875,33.319378
7838,2,-112.03125,33.63285
7839,0,-111.59601,33.22378
7840,0,-111.85414,33.40779
7841,2,-112.02721,33.51021
7842,0,-112.06518,33.57531
7843,0,-112.01307,33.610554
7844,0,-112.26495,33.535923
7845,0,-112.065475,33.47014
7846,1810,-112.03147,33.48778
7847,0,-112.032845,33.64018
7848,0,-112.04793,33.523987
7849,0,-112.04798,33.513504
7850,0,-112.04798,33.513504
7851,1811,-112.15075,33.59817
7852,1812,-112.394394,33.451393
7853,0,-112.22098,33.641773
7854,0,-112.04673,33.523743
7855,0,-111.90812,33.393623
7856,0,-111.99589,33.509014
7857,2,-111.9255,33.50109
7858,0,-115.16856,36.133137
7859,975,-111.98451,33.509106
7860,0,-111.91462,33.393013
7861,1813,-111.999176,33.442745
7862,0,-112.10931,33.55314
7863,1814,-112.04675,33.523613
7864,1815,-112.380104,33.49272
7865,1816,-111.97869,33.60092
7866,1817,-111.85275,33.731834
7867,10,-115.19447,36.126015
7868,832,-111.924614,33.63925
7869,1818,-112.04794,33.525883
7870,0,-112.20032,33.710823
7871,0,-112.04371,33.50839
7872,0,-111.82124,33.349434
7873,2,-111.917755,33.49468
7874,1819,-111.89342,33.37964
7875,1820,-112.045815,33.5088
7876,0,-111.98028,33.494682
7877,0,-111.78977,33.356873
7878,2,-115.1695,36.10743
7879,0,-111.78376,33.334938
7880,1821,-112.08313,33.498795
7881,1822,-112.01535,33.51002
7882,0,-111.981224,33.32158
7883,0,-111.92753,33.49919
7884,0,-111.90888,33.395096
7885,1823,-111.939804,33.426353
7886,1033,-111.92471,33.421352
7887,0,-112.05956,33.563686
7888,0,-111.85926,33.31953
7889,0,-112.04258,33.50957
7890,1824,-111.9258,33.492584
7891,2,-111.90768,33.43246
7892,0,-112.047905,33.52448
7893,1825,-112.01307,33.610554
7894,0,-112.073616,33.47703
7895,0,-111.87183,33.393562
7896,0,-112.00052,33.495766
7897,1826,-111.85407,33.39349
7898,1827,-111.92861,33.638184
7899,2,-111.92708,33.508694
7900,2,-111.922775,33.50169
7901,0,-111.929794,33.49288
7902,1828,-112.23582,33.653095
7903,1829,-111.99538,33.44852
7904,0,-112.05607,33.472855
7905,0,-111.926315,33.616474
7906,0,-111.92018,33.636566
7907,0,-112.00845,33.581757
7908,0,-112.04794,33.525883
7909,0,-112.03612,33.37785
7910,0,-111.89749,33.553448
7911,0,-112.09924,33.682755
7912,1830,-111.755745,33.366947
7913,0,-111.92645,33.49031
7914,1831,-111.92615,33.625362
7915,1832,-111.91648,33.64488
7916,10,-115.31747,36.180336
7917,1833,-112.0737,33.44718
7918,0,-111.91851,33.41533
7919,0,-115.17582,36.11773
7920,0,-111.94037,33.425762
7921,1834,-112.27619,33.71298
7922,0,-112.01464,33.510056
7923,1835,-111.92637,33.62349
7924,0,-112.07308,33.56747
7925,0,-112.02849,33.510426
7926,1836,-112.03788,33.509254
7927,0,-112.11107,33.71102
7928,0,-111.98975,33.500237
7929,1837,-111.791626,33.235634
7930,0,-111.92612,33.532578
7931,0,-111.860214,33.274822
7932,0,-112.116264,33.576405
7933,0,-112.07048,33.459
7934,1838,-112.042175,33.509632
7935,0,-112.306465,33.456245
7936,1839,-112.0275,33.510235
7937,2,-111.91002,33.481018
7938,0,-111.84031,33.33712
7939,1840,-112.18157,33.539257
7940,1841,-112.04784,33.5224
7941,1842,-111.92632,33.494377
7942,0,-111.91341,33.408203
7943,1843,-112.0741,33.506855
7944,0,-112.22944,33.637707
7945,0,-111.92641,33.655567
7946,0,-111.77586,33.336002
7947,10,-115.17033,36.12362
7948,0,-111.94167,33.463852
7949,1844,-111.907,33.495
7950,0,-111.96483,33.349598
7951,0,-111.97203,33.37641
7952,2,-112.39382,33.45773
7953,0,-112.011894,33.495636
7954,0,-112.04693,33.523125
7955,0,-112.14358,33.483364
7956,0,-112.04797,33.490387
7957,0,-112.04797,33.490387
7958,0,-112.07802,33.46546
7959,1845,-111.86972,33.5409
7960,1846,-112.04714,33.52344
7961,0,-112.065636,33.44916
7962,0,-111.977875,33.319378
7963,0,-111.806885,33.384636
7964,2,-112.07127,33.508995
7965,0,-112.07341,33.485844
7966,0,-112.00509,33.49545
7967,2,-115.163124,36.133614
7968,0,-111.97295,33.281567
7969,2,-115.17103,36.099377
7970,0,-111.92637,33.500492
7971,0,-112.0739,33.500202
7972,1847,-111.78991,33.355118
7973,1848,-111.898415,33.297104
7974,0,-112.16848,33.611618
7975,0,-112.028625,33.510582
7976,0,-112.36344,33.638203
7977,1849,-111.93961,33.42608
7978,0,-111.92582,33.497734
7979,0,-112.01427,33.530174
7980,0,-111.92942,33.50284
7981,0,-111.78861,33.43749
7982,1850,-111.9261,33.611904
7983,1851,-112.065506,33.46645
7984,0,-112.06918,33.452717
7985,0,-111.908585,33.39378
7986,2,-111.90614,33.671265
7987,0,-111.86466,33.62588
7988,0,-111.994576,33.304462
7989,1852,-112.06349,33.60628
7990,0,-111.891785,33.623486
7991,0,-112.0739,33.500202
7992,1853,-111.90506,33.672047
7993,0,-112.06555,33.52842
7994,0,-112.06469,33.52939
7995,1854,-111.84258,33.299873
7996,1855,-112.34188,33.463543
7997,0,-111.92917,33.36505
7998,0,-111.789276,33.355034
7999,0,-112.04798,33.53184
8000,0,-111.82394,33.348804
8001,1856,-112.0567,33.566566
8002,0,-111.69572,33.393536
8003,2,-115.13639,36.175
8004,0,-111.90941,33.454285
8005,0,-112.08313,33.498795
8006,1857,-112.114716,33.684277
8007,0,-111.9272,33.60663
8008,0,-115.176315,36.109913
8009,1858,-112.0486,33.523712
8010,1859,-111.92505,33.625137
8011,0,-111.97926,33.49592
8012,0,-111.9864,33.5107
8013,0,-112.031105,33.46602
8014,0,-112.06543,33.469967
8015,0,-112.03124,33.629887
8016,0,-112.06342,33.607544
8017,0,-111.9864,33.5107
8018,0,-112.06962,33.452393
8019,0,-112.08225,33.516342
8020,0,-112.09069,33.480274
8021,1860,-112.06456,33.522358
8022,0,-111.549576,33.415047
8023,1861,-111.95213,33.399364
8024,1862,-111.89143,33.626175
8025,0,-111.906944,33.49487
8026,0,-112.08711,33.45496
8027,10,-115.101585,35.99378
8028,0,-111.619804,33.37894
8029,0,-111.93744,33.423515
8030,1863,-112.04793,33.523987
8031,0,-112.05607,33.472855
8032,2,-111.93947,33.394127
8033,1864,-112.04739,33.4692
8034,1865,-111.97831,33.598694
8035,0,-112.06411,33.656075
8036,0,-112.04794,33.525883
8037,0,-111.68231,33.45102
8038,1866,-111.99634,33.50211
8039,0,-112.07127,33.508995
8040,1867,-111.89253,33.69909
8041,0,-112.07391,33.506207
8042,0,-111.932106,33.50277
8043,0,-111.982635,33.33124
8044,1868,-111.94797,33.42063
8045,1869,-111.98934,33.494595
8046,1870,-111.988075,33.51
8047,0,-112.089836,33.457226
8048,1871,-112.01307,33.610554
8049,0,-112.07341,33.5137
8050,1872,-112.03966,33.506275
8051,1873,-112.03966,33.506275
8052,0,-111.92767,33.38362
8053,1874,-112.13093,33.79911
8054,1875,-111.92239,33.501007
8055,0,-112.04788,33.525127
8056,992,-111.95375,33.407803
8057,0,-112.00454,33.495674
8058,1876,-112.07232,33.457657
8059,1877,-112.02951,33.39999
8060,0,-111.96649,33.30547
8061,0,-112.04794,33.525883
8062,0,-111.94051,33.424126
8063,0,-111.88703,33.58109
8064,0,-111.66878,33.415794
8065,0,-111.979324,33.407692
8066,2,-112.06502,33.653706
8067,0,-112.02814,33.510223
8068,0,-111.924065,33.57978
8069,0,-111.96649,33.30547
8070,2,-112.07354,33.56745
8071,0,-112.07377,33.45838
8072,0,-111.96903,33.318436
8073,0,-111.92645,33.49031
8074,0,-111.98617,33.510483
8075,0,-112.35528,33.638565
8076,0,-111.995705,33.63991
8077,2,-115.17127,36.11288
8078,1878,-112.24049,33.423298
8079,1879,-112.04673,33.523743
8080,1880,-115.17704,36.10762
8081,1881,-112.075264,33.45975
8082,1882,-112.09136,33.477753
8083,0,-111.98934,33.494595
8084,1883,-112.04088,33.509563
8085,0,-112.05627,33.472767
8086,0,-111.92644,33.50619
8087,0,-111.98229,33.599663
8088,1884,-112.084465,33.49529
8089,0,-111.935265,33.833332
8090,0,-111.931946,33.65794
8091,0,-111.99403,33.47977
8092,1885,-111.92796,33.49821
8093,0,-111.930984,33.79885
8094,0,-112.13394,33.86539
8095,0,-112.01427,33.530174
8096,0,-111.92753,33.49919
8097,0,-111.906,33.542786
8098,1886,-111.74266,33.3004
8099,0,-111.96647,33.348915
8100,1887,-111.92665,33.609993
8101,0,-111.95935,33.521988
8102,0,-112.05706,33.53799
8103,0,-112.00052,33.495766
8104,0,-115.17849,36.10924
8105,2,-115.152214,36.238003
8106,1888,-111.97851,33.60259
8107,1889,-112.06481,33.5617
8108,0,-111.79151,33.365788
8109,0,-111.92625,33.617584
8110,0,-111.97864,33.798347
8111,0,-111.89915,33.556744
8112,0,-111.91741,33.631557
8113,1890,-112.036606,33.509274
8114,1416,-112.01482,33.49574
8115,0,-111.940285,33.42472
8116,0,-111.92328,33.676228
8117,1891,-111.93145,33.494205
8118,0,-112.078766,33.50958
8119,0,-111.92708,33.508694
8120,2,-111.99224,33.30574
8121,0,-111.924065,33.5797
8122,0,-112.073685,33.396343
8123,1416,-112.00084,33.495724
8124,1892,-111.96461,33.34455
8125,0,-111.78973,33.354954
8126,0,-112.07551,33.449596
8127,1893,-111.92828,33.36344
8128,0,-111.97804,33.331573
8129,0,-112.02849,33.510426
8130,1894,-111.8693,33.435463
8131,2,-115.102715,35.99111
8132,0,-111.966606,33.67681
8133,1895,-112.06498,33.524887
8134,0,-112.01417,33.511307
8135,1896,-112.0365,33.602707
8136,0,-111.99634,33.50211
8137,0,-115.17462,36.142902
8138,0,-111.97846,33.598522
8139,1897,-112.0739,33.500202
8140,0,-111.9326,33.658665
8141,0,-111.926025,33.623665
8142,1898,-111.88925,33.673668
8143,0,-111.924644,33.497574
8144,1899,-112.0178,33.64111
8145,0,-111.88527,33.540367
8146,2,-115.17382,36.107162
8147,0,-111.928024,33.624035
8148,0,-112.01495,33.494007
8149,0,-111.976906,33.612934
8150,1900,-112.06877,33.485413
8151,1901,-111.92351,33.62336
8152,0,-112.047104,33.530334
8153,1902,-111.72101,33.43516
8154,0,-111.91341,33.408203
8155,0,-111.92589,33.586834
8156,0,-111.933624,33.655533
8157,1903,-112.16867,33.545204
8158,1904,-111.56101,33.41655
8159,0,-112.120705,33.667572
8160,1905,-111.97775,33.49413
8161,1906,-111.98137,33.60277
8162,0,-111.97678,33.584267
8163,1907,-111.68428,33.265472
8164,1908,-112.0648,33.47468
8165,1909,-112.047104,33.530334
8166,0,-111.88407,33.261177
8167,0,-111.92204,33.50143
8168,0,-111.958885,33.34871
8169,0,-111.938385,33.39157
8170,1910,-112.00525,33.4954
8171,0,-111.9245,33.624264
8172,0,-111.871216,33.433098
8173,0,-111.978836,33.67586
8174,1911,-112.06498,33.524887
8175,1912,-112.04013,33.507454
8176,1913,-112.083115,33.49457
8177,0,-112.03788,33.509254
8178,2,-111.77975,33.37889
8179,1914,-112.04013,33.507454
8180,0,-111.90788,33.522945
8181,0,-112.08214,33.50671
8182,0,-112.35224,33.638893
8183,0,-112.030495,33.49422
8184,1308,-111.944756,33.421448
8185,0,-111.88573,33.56917
8186,0,-112.07037,33.639114
8187,0,-111.97029,33.326355
8188,1915,-112.09457,33.636158
8189,1916,-115.176346,36.117317
8190,0,-112.36888,33.652386
8191,0,-111.790115,33.356728
8192,0,-111.92241,33.49182
8193,0,-112.06518,33.57531
8194,0,-112.049126,33.4368
8195,10,-115.253624,36.14308
8196,0,-112.26204,33.53305
8197,1917,-111.91804,33.69925
8198,0,-111.9864,33.5107
8199,2,-115.17219,36.110775
8200,10,-115.17767,36.10741
8201,0,-111.860565,33.364925
8202,1918,-115.17113,36.12856
8203,1919,-111.996765,33.495117
8204,0,-111.99634,33.50211
8205,2,-111.7091,33.587894
8206,0,-111.74331,33.31029
8207,0,-111.91622,33.49664
8208,10,-115.15979,36.11516
8209,0,-111.92742,33.499
8210,1920,-112.02636,33.51076
8211,0,-111.89828,33.52388
8212,2,-112.233604,33.631218
8213,0,-112.11058,33.71298
8214,0,-111.96592,33.318157
8215,0,-111.85407,33.39349
8216,1921,-112.06483,33.457333
8217,1922,-111.92791,33.624466
8218,1923,-111.924805,33.52681
8219,0,-112.131004,33.624878
8220,0,-112.27343,33.71064
8221,0,-111.72084,33.306175
8222,1924,-111.979164,33.597935
8223,0,-112.04816,33.640297
8224,0,-112.09964,33.48989
8225,0,-111.92462,33.64052
8226,1925,-112.01548,33.53051
8227,0,-112.07444,33.447647
8228,0,-111.74627,33.298714
8229,0,-111.94822,33.83219
8230,1926,-111.997826,33.47987
8231,2,-3.195602,55.9491
8232,0,-111.925285,33.701267
8233,0,-111.97562,33.675262
8234,0,-111.9254,33.497795
8235,0,-111.88846,33.70003
8236,2,-111.91015,33.36143
8237,2,-111.85296,33.731174
8238,2,-111.715385,33.60149
8239,2,-112.00699,33.435463
8240,0,-112.02943,33.508713
8241,0,-111.92489,33.62826
8242,1927,-111.94082,33.423077
8243,1928,-112.06779,33.458355
8244,1929,-112.013695,33.511284
8245,2,-112.02943,33.508713
8246,0,-111.842514,33.300156
8247,0,-111.67527,33.212574
8248,0,-112.35904,33.639153
8249,1930,-111.97461,33.678616
8250,1931,-111.88925,33.673668
8251,1932,-112.07409,33.512627
8252,2,-115.14844,36.16738
8253,2,-80.81543,35.062252
8254,0,-112.03701,33.50547
8255,10,-111.85832,33.32686
8256,1933,-111.916115,33.54898
8257,1934,-114.9926,36.01306
8258,0,-111.98909,33.42159
8259,0,-111.840355,33.418373
8260,0,-111.9352,33.425014
8261,2,-111.926636,33.498974
8262,10,-115.22406,36.12772
8263,0,-112.30499,33.454575
8264,0,-112.079285,33.455036
8265,0,-111.93152,33.493298
8266,0,-111.88703,33.58109
8267,0,-112.082466,33.627567
8268,0,-111.87393,33.622734
8269,1935,-111.921684,33.582222
8270,1936,-111.95392,33.40789
8271,0,-111.92644,33.44929
8272,0,-111.927246,33.499924
8273,0,-111.940285,33.4239
8274,0,-112.21936,33.63871
8275,0,-112.09287,33.640545
8276,1937,-112.07423,33.507328
8277,0,-111.93051,33.49245
8278,0,-112.07371,33.456326
8279,1938,-111.97688,33.5839
8280,0,-112.025795,33.5093
8281,0,-112.135994,33.56674
8282,1939,-112.0009,33.40011
8283,0,-112.02849,33.510426
8284,0,-111.91124,33.362206
8285,0,-112.02849,33.510426
8286,1940,-115.16559,36.12689
8287,2,-115.17259,36.099777
8288,1941,-112.0249,33.510975
8289,0,-112.06481,33.5617
8290,1942,-111.94081,33.42263
8291,0,-112.03063,33.48189
8292,1943,-111.986916,33.449505
8293,0,-111.8575,33.26346
8294,0,-111.92446,33.67366
8295,1944,-111.86494,33.342197
8296,0,-111.9864,33.5107
8297,2,-111.92796,33.49821
8298,0,-111.98451,33.509106
8299,0,-112.183464,33.61198
8300,1308,-111.74394,33.29779
8301,0,-112.170494,33.567516
8302,1945,-112.06567,33.487747
8303,1946,-112.08282,33.500736
8304,0,-115.17022,36.11236
8305,1947,-112.07086,33.457047
8306,0,-112.28586,33.49289
8307,0,-111.93037,33.32117
8308,0,-111.90871,33.421734
8309,1948,-111.84085,33.28455
8310,0,-111.929794,33.49288
8311,1949,-112.04725,33.50166
8312,1950,-111.716896,33.43614
8313,1951,-112.00319,33.317657
8314,0,-115.173874,36.109753
8315,2,-73.56545,45.491974
8316,0,-112.000694,33.480747
8317,1952,-115.12063,36.10776
8318,0,-112.11629,33.683403
8319,0,-111.82584,33.41346
8320,0,-111.78984,33.3546
8321,1953,-111.92355,33.623634
8322,0,-112.06599,33.4651
8323,0,-111.74313,33.301888
8324,1954,-111.8974,33.429398
8325,1955,-111.92644,33.529903
8326,1956,-111.94761,33.349697
8327,2,-112.029655,33.51001
8328,1957,-111.99565,33.502758
8329,10,-112.23968,33.609863
8330,2,-112.04791,33.47893
8331,0,-111.97295,33.281567
8332,1958,-112.1346,33.37891
8333,1959,-112.02884,33.447506
8334,1960,-112.029655,33.51001
8335,1961,-111.925186,33.578655
8336,1962,-111.995995,33.50922
8337,0,-111.9759,33.495018
8338,1963,-111.92569,33.581585
8339,0,-111.899666,33.307087
8340,1694,-112.029655,33.51001
8341,1964,-112.02123,33.496204
8342,1965,-111.918205,33.501457
8343,1966,-111.90506,33.672047
8344,1967,-111.87605,33.3627
8345,2,-112.04001,33.505775
8346,1968,-112.065506,33.46645
8347,2,-112.01543,33.494705
8348,0,-111.79019,33.361027
8349,0,-111.90805,33.480667
8350,0,-111.94468,33.439945
8351,1969,-112.20425,33.582783
8352,2,-111.92425,33.6249
8353,1970,-111.89124,33.318768
8354,0,-111.8902,33.319973
8355,0,-111.85969,33.336014
8356,2,-111.96338,33.675327
8357,0,-111.9871,33.509827
8358,0,-112.08083,33.48021
8359,0,-112.04001,33.505775
8360,0,-111.92455,33.640553
8361,0,-111.9102,33.48628
8362,1971,-111.80894,33.335884
8363,0,-112.03778,33.50722
8364,0,-112.045715,33.51041
8365,0,-111.960266,33.480305
8366,0,-115.169395,36.103374
8367,0,-111.9871,33.509827
8368,0,-111.87594,33.337257
8369,0,-112.11067,33.640343
8370,1972,-112.06877,33.485413
8371,2,-115.1714,36.117455
8372,1973,-111.757416,33.30427
8373,2,-112.03778,33.50722
8374,0,-112.26056,33.534855
8375,0,-111.995445,33.509594
8376,0,-111.96792,33.336803
8377,1974,-112.01495,33.494007
8378,0,-111.78966,33.365856
8379,1975,-111.92638,33.49853
8380,0,-112.01495,33.494007
8381,1976,-112.0013,33.49514
8382,1977,-111.938385,33.39157
8383,0,-111.97988,33.49529
8384,0,-112.35838,33.641026
8385,0,-112.064354,33.50446
8386,0,-111.94189,33.62496
8387,1978,-111.89131,33.378555
8388,0,-112.26073,33.53095
8389,1979,-111.92875,33.623993
8390,0,-112.12038,33.598648
8391,0,-111.92783,33.58121
8392,0,-89.3961,43.07357
8393,0,-112.026474,33.510254
8394,2,-111.93064,33.50079
8395,1980,-111.922646,33.82522
8396,1981,-112.073425,33.447334
8397,0,-112.0395,33.50987
8398,0,-111.91182,33.322376
8399,2,-111.93256,33.625645
8400,10,-115.24419,36.041836
8401,0,-111.89477,33.627304
8402,0,-111.842354,33.302765
8403,1982,-112.07401,33.44957
8404,0,-111.92351,33.581493
8405,1983,-111.93192,33.50187
8406,0,-112.00206,33.494934
8407,0,-112.01351,33.51094
8408,1984,-111.92582,33.497734
8409,0,-112.07228,33.45587
8410,0,-111.93897,33.392853
8411,2,-111.99634,33.50211
8412,0,-111.92485,33.496483
8413,1985,-111.84237,33.303696
8414,1986,-111.92432,33.499275
8415,1987,-112.08241,33.5027
8416,1988,-112.07275,33.447258
8417,2,-115.33407,36.145813
8418,0,-111.89338,33.618755
8419,1989,-112.01464,33.510056
8420,1990,-111.88343,33.305298
8421,0,-115.17124,36.11788
8422,1991,-112.02849,33.510426
8423,2,-112.02849,33.510426
8424,0,-111.92584,33.49162
8425,0,-111.90865,33.42681
8426,0,-111.9075,33.421463
8427,0,-111.94037,33.425762
8428,1992,-111.94684,33.30385
8429,0,-111.98909,33.42159
8430,1993,-111.929985,33.496662
8431,0,-111.91341,33.408203
8432,0,-112.08552,33.51139
8433,1994,-111.78883,33.30419
8434,1995,-112.0918,33.45911
8435,0,-112.045815,33.5088
8436,1996,-111.936485,33.422974
8437,0,-112.030495,33.49422
8438,0,-112.03885,33.506256
8439,0,-111.87708,33.33638
8440,0,-111.926605,33.476547
8441,2,-115.22587,36.055244
8442,1997,-111.968025,33.318443
8443,1998,-112.21829,33.47805
8444,0,-111.860565,33.364925
8445,0,-111.72263,33.451603
8446,2,-111.93004,33.492516
8447,0,-115.17435,36.113964
8448,0,-112.029564,33.516068
8449,0,-111.68226,33.46673
8450,0,-111.9613,33.32062
8451,0,-111.92612,33.532578
8452,0,-111.997826,33.47987
8453,0,-111.951614,33.421337
8454,0,-111.83422,33.585438
8455,1999,-112.16933,33.379456
8456,2000,-112.01455,33.58315
8457,2001,-111.909386,33.485096
8458,0,-111.92542,33.567024
8459,0,-112.07991,33.45496
8460,0,-112.01307,33.610554
8461,2,-111.92476,33.492767
8462,0,-112.074196,33.51354
8463,0,-111.95149,33.42273
8464,0,-111.92482,33.7001
8465,0,-112.01661,33.4798
8466,2002,-112.07377,33.45838
8467,0,-111.72392,33.32106
8468,0,-112.01186,33.46604
8469,0,-112.11289,33.70847
8470,0,-111.98255,33.4802
8471,0,-111.95176,33.422905
8472,0,-112.065506,33.46645
8473,0,-111.90506,33.672047
8474,0,-111.90558,33.432926
8475,0,-111.92483,33.539448
8476,2003,-111.88704,33.58017
8477,2004,-111.9235,33.625095
8478,2005,-111.9235,33.625095
8479,0,-111.924934,33.6239
8480,0,-112.01351,33.51094
8481,0,-111.9276,33.498474
8482,0,-112.03102,33.494965
8483,0,-111.98975,33.500237
8484,0,-111.88905,33.628826
8485,0,-112.065636,33.44916
8486,0,-111.90851,33.486828
8487,0,-111.92451,33.567146
8488,0,-112.03752,33.507538
8489,0,-112.18334,33.539104
8490,0,-111.92922,33.497566
8491,0,-115.16919,36.105984
8492,2006,-111.9871,33.509827
8493,0,-111.943306,33.42127
8494,2,-112.27215,33.42205
8495,0,-112.261604,33.534298
8496,0,-111.743675,33.306835
8497,2007,-111.892075,33.622658
8498,0,-112.07127,33.508995
8499,0,-112.15278,33.655704
8500,0,-112.11214,33.66497
8501,0,-111.96063,33.64
8502,0,-112.04876,33.465958
8503,2008,-115.17156,36.11732
8504,2,-111.92411,33.49808
8505,0,-111.91341,33.408203
8506,0,-111.95513,33.349583
8507,0,-112.02831,33.49545
8508,0,-112.02831,33.49545
8509,2,-115.17476,36.10803
8510,2,-115.072075,36.07385
8511,2009,-112.235,33.634686
8512,2010,-115.17516,36.109875
8513,2011,-111.789635,33.279415
8514,2012,-115.30121,36.115658
8515,2013,-111.98333,33.34819
8516,0,-115.16588,36.126873
8517,0,-111.97865,33.30709
8518,0,-111.90979,33.48124
8519,0,-111.92638,33.49853
8520,0,-111.97775,33.49413
8521,2,-115.17279,36.11766
8522,0,-112.18379,33.638405
8523,0,-111.92358,33.491535
8524,2014,-112.35823,33.46208
8525,0,-111.982025,33.34806
8526,0,-112.15378,33.568226
8527,2015,-111.752884,33.37769
8528,10,-115.20899,36.09942
8529,2016,-112.06343,33.44752
8530,0,-112.03218,33.377945
8531,2017,-112.39205,33.60807
8532,2018,-111.85966,33.337532
8533,2,-111.92857,33.498913
8534,2019,-115.12225,36.161324
8535,0,-111.84193,33.31209
8536,0,-111.91728,33.465336
8537,2020,-112.073395,33.477222
8538,2021,-112.02123,33.496204
8539,0,-111.789856,33.356342
8540,0,-79.98993,40.439228
8541,10,-112.02666,33.523045
8542,960,-112.02666,33.523045
8543,2022,-112.07217,33.455864
8544,0,-112.01244,33.50913
8545,2,-111.998886,33.435684
8546,0,-111.8322,33.414814
8547,2023,-112.01311,33.58343
8548,0,-111.988716,33.509197
8549,2,-111.78376,33.334938
8550,0,-112.08318,33.495403
8551,2024,-112.18358,33.611847
8552,2025,-112.0037,33.49516
8553,0,-112.01535,33.51002
8554,0,-111.930336,33.624638
8555,2,-111.88672,33.57047
8556,2026,-111.89255,33.69917
8557,2027,-111.92535,33.633804
8558,0,-112.02897,33.50945
8559,0,-111.742744,33.29706
8560,0,-111.92255,33.63534
8561,0,-112.16552,33.53812
8562,1,-112.35561,33.495285
8563,0,-111.92505,33.625366
8564,0,-111.920616,33.565098
8565,0,-111.87605,33.3627
8566,2,-115.17249,36.105267
8567,2028,-111.809586,33.31991
8568,0,-111.9936,33.26905
8569,2029,-112.135056,33.612087
8570,2030,-111.929985,33.496662
8571,2,-111.925575,33.564854
8572,0,-112.022194,33.48049
8573,0,-112.06453,33.537617
8574,0,-112.04398,33.06986
8575,2031,-111.97928,33.49588
8576,0,-112.388405,33.46402
8577,0,-112.06488,33.47426
8578,0,-111.95392,33.40789
8579,0,-111.91266,33.362053
8580,0,-111.99411,33.479755
8581,0,-111.858025,33.264072
8582,0,-111.922966,33.501312
8583,0,-112.04816,33.640297
8584,0,-112.03202,33.479977
8585,20,-111.93192,33.50187
8586,2032,-112.12234,33.63971
8587,0,-111.94353,33.62466
8588,2033,-111.926735,33.58314
8589,0,-111.98212,33.331654
8590,0,-112.27078,33.552307
8591,2034,-111.932106,33.50277
8592,0,-111.84248,33.246338
8593,0,-111.879074,33.579002
8594,1346,-112.34079,33.468014
8595,0,-112.06535,33.519577
8596,2035,-112.01917,33.48013
8597,0,-111.68714,33.385166
8598,0,-112.0486,33.523712
8599,0,-112.12435,33.666695
8600,10,-111.89827,33.29958
8601,2036,-111.928825,33.82903
8602,1694,-112.33821,33.461754
8603,2037,-112.07427,33.447517
8604,2038,-112.34503,33.463116
8605,2039,-112.04746,33.465965
8606,0,-111.92574,33.50658
8607,2040,-111.99968,33.43605
8608,2041,-112.15217,33.479485
8609,2042,-112.26036,33.538532
8610,2043,-112.13264,33.53884
8611,0,-112.0143,33.496037
8612,0,-111.99565,33.502758
8613,0,-112.02991,33.50943
8614,2,-115.167755,36.123943
8615,2,-115.17462,36.142902
8616,0,-112.38777,33.465282
8617,10,-115.33513,36.15711
8618,2,-115.16587,36.126877
8619,10,-115.153145,36.114834
8620,2,-115.132935,36.16576
8621,0,-111.92578,33.48153
8622,0,-115.181755,36.111107
8623,2044,-112.06518,33.57531
8624,0,-112.117386,33.641613
8625,2045,-112.170334,33.46561
8626,0,-111.91234,33.634113
8627,0,-112.13459,33.595837
8628,0,-112.01482,33.49574
8629,0,-111.93395,33.49345
8630,0,-111.876915,33.28959
8631,2046,-111.982864,33.637707
8632,0,-111.71336,33.594963
8633,0,-112.22532,33.642204
8634,0,-112.120705,33.667572
8635,2047,-111.97295,33.281567
8636,2,-80.018005,40.445797
8637,0,-111.926025,33.623665
8638,0,-111.976166,33.4794
8639,0,-112.04079,33.50887
8640,2048,-111.9923,33.480152
8641,0,-112.12574,33.57353
8642,0,-112.05881,33.509678
8643,0,-111.98907,33.59956
8644,2049,-112.016975,33.494736
8645,2050,-111.87926,33.63937
8646,0,-111.91755,33.499786
8647,0,-111.99398,33.479767
8648,2051,-112.016975,33.494736
8649,0,-111.72131,33.366463
8650,2052,-111.97616,33.347683
8651,0,-111.80509,33.384415
8652,2,-112.03049,33.48954
8653,2053,-115.16587,36.126877
8654,0,-111.74272,33.31082
8655,0,-112.0755,33.495937
8656,0,-112.39314,33.62682
8657,2054,-111.92796,33.49821
8658,0,-112.02418,33.510033
8659,0,-111.687454,33.233463
8660,0,-111.98389,33.348362
8661,2,-111.55314,33.41549
8662,2,-111.923355,33.50174
8663,0,-112.03884,33.506516
8664,0,-111.906,33.542786
8665,2055,-111.49204,33.456993
8666,2056,-111.7183,33.262623
8667,2057,-111.875755,33.62114
8668,2,-115.14259,36.142487
8669,2058,-111.72131,33.366463
8670,0,-112.183464,33.61198
8671,2059,-112.13434,33.54151
8672,0,-111.940254,33.425964
8673,2060,-111.77975,33.37889
8674,0,-112.073494,33.491695
8675,2061,-111.97652,33.31724
8676,0,-111.92796,33.490696
8677,2062,-111.89814,33.62055
8678,2063,-112.51287,33.49592
8679,0,-111.99492,33.50903
8680,2064,-112.02418,33.510033
8681,0,-111.9224,33.500626
8682,2065,-111.92606,33.48357
8683,2066,-112.03776,33.507843
8684,2067,-111.75456,33.38172
8685,2068,-112.25507,33.696304
8686,0,-112.07409,33.4975
8687,2069,-111.92589,33.527847
8688,0,-112.00052,33.495766
8689,0,-111.96083,33.487625
8690,0,-111.988075,33.51
8691,0,-111.988716,33.509197
8692,2070,-111.995995,33.50922
8693,0,-112.07377,33.45838
8694,0,-111.94037,33.424194
8695,0,-111.95843,33.31998
8696,0,-112.2205,33.519882
8697,0,-112.01417,33.511307
8698,0,-112.07339,33.513504
8699,0,-112.02418,33.510033
8700,2071,-111.91744,33.69869
8701,2072,-111.78983,33.354767
8702,2073,-111.921684,33.582222
8703,2074,-111.97846,33.598522
8704,2075,-111.95943,33.522007
8705,0,-112.02418,33.510033
8706,0,-111.94032,33.60718
8707,10,-115.25156,36.14358
8708,0,-111.858604,33.365883
8709,2076,-112.06483,33.457333
8710,2077,-111.97862,33.58383
8711,2078,-111.940414,33.425163
8712,0,-115.1546,36.11997
8713,0,-111.927246,33.499924
8714,0,-111.92318,33.500515
8715,0,-111.940285,33.42472
8716,2079,-111.90713,33.335182
8717,2080,-112.06384,33.517437
8718,2,-115.17019,36.123886
8719,0,-111.8781,33.62645
8720,0,-112.13908,33.86405
8721,0,-111.928024,33.624035
8722,2081,-112.11067,33.640343
8723,0,-112.36344,33.638203
8724,0,-111.89905,33.556004
8725,0,-111.83895,33.415527
8726,2,-112.01528,33.510025
8727,2082,-111.978096,33.602394
8728,0,-111.92222,33.482235
8729,0,-111.82936,33.584393
8730,0,-111.78973,33.354954
8731,0,-112.07248,33.448296
8732,2083,-112.02814,33.510223
8733,0,-111.91648,33.64488
8734,2,-111.93121,33.376648
8735,0,-111.99594,33.509003
8736,0,-111.87385,33.619835
8737,0,-111.93744,33.423515
8738,0,-111.99929,33.43442
8739,0,-112.047104,33.530334
8740,2084,-111.932915,33.830177
8741,2085,-111.99634,33.50211
8742,2,-115.16401,36.12572
8743,10,-115.22447,36.047886
8744,0,-112.261375,33.539352
8745,0,-111.86598,33.42286
8746,0,-111.99626,33.510254
8747,0,-111.92542,33.567024
8748,2086,-111.93631,33.422318
8749,0,-112.030495,33.49422
8750,0,-112.05607,33.472855
8751,10,-115.19061,36.042183
8752,0,-111.9245,33.624264
8753,0,-112.07052,33.436832
8754,2087,-111.99565,33.502758
8755,2088,-112.11884,33.48044
8756,0,-111.86321,33.638275
8757,0,-111.91492,33.421413
8758,2089,-111.84164,33.322437
8759,0,-112.011894,33.495636
8760,0,-112.07341,33.5137
8761,2090,-111.92227,33.584015
8762,2091,-112.03514,33.495037
8763,0,-111.96778,33.305794
8764,0,-112.082306,33.465755
8765,0,-111.92595,33.422276
8766,2092,-112.006714,33.435715
8767,2093,-112.08074,33.48002
8768,2094,-112.08282,33.500736
8769,0,-112.00331,33.4787
8770,0,-111.941376,33.423275
8771,0,-112.184875,33.671173
8772,2095,-112.01307,33.610554
8773,0,-111.84031,33.33712
8774,0,-111.92482,33.7001
8775,2,-111.999664,33.480427
8776,2096,-111.943954,33.42853
8777,2097,-112.07379,33.435524
8778,0,-111.92303,33.63381
8779,2,-73.5747,45.525303
8780,0,-115.173874,36.109753
8781,0,-112.06723,33.457756
8782,2098,-111.73558,33.43846
8783,0,-111.91345,33.414272
8784,0,-111.88772,33.53841
8785,2099,-112.040085,33.46555
8786,0,-111.789856,33.356342
8787,0,-111.90635,33.49512
8788,0,-112.12034,33.58081
8789,10,-112.04739,33.4692
8790,2100,-111.93239,33.658146
8791,2101,-112.01974,33.495964
8792,0,-111.85294,33.414787
8793,2102,-111.84111,33.363014
8794,0,-111.97926,33.49592
8795,2103,-111.87605,33.3627
8796,0,-112.26073,33.53095
8797,0,-112.22394,33.637062
8798,0,-111.90991,33.407425
8799,0,-112.17049,33.611523
8800,0,-111.98151,33.638596
8801,2104,-111.997826,33.47987
8802,0,-112.13423,33.389427
8803,2105,-112.06625,33.607708
8804,2106,-111.80885,33.378555
8805,0,-111.789665,33.305748
8806,0,-111.92627,33.637753
8807,0,-111.98909,33.42159
8808,0,-111.75335,33.380646
8809,2107,-111.98137,33.60277
8810,0,-111.92638,33.49853
8811,0,-111.924614,33.63925
8812,2108,-111.631516,33.434883
8813,2109,-111.92625,33.617584
8814,0,-111.85977,33.274754
8815,0,-112.02995,33.488026
8816,2110,-111.72688,33.414944
8817,2,-3.194447,55.94859
8818,0,-111.963425,33.67557
8819,0,-115.30605,36.113136
8820,2111,-111.8322,33.414814
8821,0,-112.3619,33.63822
8822,2,-112.72856,33.969627
8823,2112,-89.390335,43.074764
8824,0,-111.98407,33.479664
8825,2113,-111.92351,33.62336
8826,0,-112.18295,33.538418
8827,0,-111.96778,33.305794
8828,0,-112.07228,33.45587
8829,2114,-111.99656,33.509785
8830,0,-111.753044,33.392246
8831,2115,-111.754326,33.29045
8832,2,-111.92405,33.581863
8833,0,-112.073425,33.447334
8834,0,-111.97952,33.6384
8835,0,-111.995514,33.50243
8836,0,-112.0747,33.449833
8837,0,-111.92592,33.45929
8838,0,-111.98621,33.479797
8839,2111,-111.95936,33.421658
8840,2116,-112.0037,33.49516
8841,0,-112.00525,33.4954
8842,0,-111.98621,33.479797
8843,0,-112.11045,33.689518
8844,2117,-111.9652,33.676052
8845,2118,-111.98427,33.480495
8846,2119,-111.93966,33.42373
8847,2120,-112.11045,33.689518
8848,0,-112.0395,33.50987
8849,0,-111.89182,33.62813
8850,0,-112.082825,33.517372
8851,0,-111.92975,33.494247
8852,2121,-115.173706,36.107292
8853,0,-111.94025,33.423023
8854,995,-112.06456,33.522358
8855,2122,-112.36449,33.486088
8856,2123,-112.026474,33.510254
8857,2124,-112.07358,33.448326
8858,0,-112.01069,33.63978
8859,2,-112.006714,33.435715
8860,0,-111.92826,33.498917
8861,0,-112.11395,33.713455
8862,0,-111.97831,33.598694
8863,2125,-111.92425,33.6249
8864,0,-112.35826,33.638195
8865,2,-115.175804,36.09531
8866,2,-73.577415,45.497875
8867,0,-112.03397,33.508984
8868,1268,-80.00645,40.441727
8869,2,-73.57089,45.513195
8870,2,-115.174355,36.092293
8871,0,-111.969604,33.318913
8872,2126,-111.88762,33.630013
8873,0,-111.92741,33.496716
8874,0,-111.92803,33.502003
8875,0,-111.987885,33.455326
8876,0,-111.860565,33.364925
8877,0,-112.00361,33.494633
8878,0,-111.948906,33.507557
8879,0,-115.16961,36.121456
8880,0,-111.86473,33.613514
8881,0,-112.07391,33.506207
8882,0,-111.92463,33.526604
8883,10,-115.167694,36.103054
8884,2127,-111.78376,33.334938
8885,2,-115.17262,36.12956
8886,2,-111.92612,33.532578
8887,2128,-111.92595,33.492382
8888,0,-111.91137,33.394413
8889,0,-111.96909,33.50469
8890,0,-111.93095,33.492477
8891,0,-111.962616,33.3216
8892,2129,-111.99403,33.47977
8893,0,-111.88762,33.630013
8894,0,-111.7195,33.34711
8895,2130,-111.78983,33.354767
8896,0,-111.96113,33.3924
8897,2,-111.9161,33.419567
8898,2,-112.03892,33.43178
8899,0,-111.961914,33.33455
8900,2131,-111.944695,33.320206
8901,2132,-111.9855,33.47986
8902,0,-112.04675,33.523613
8903,2133,-111.99402,33.49537
8904,0,-111.9759,33.495018
8905,0,-112.078766,33.50958
8906,0,-111.92239,33.501007
8907,0,-111.94189,33.62496
8908,0,-111.989876,33.49498
8909,2134,-111.976166,33.4794
8910,2135,-111.976166,33.4794
8911,2,-115.16876,36.12438
8912,2,-115.17076,36.123367
8913,0,-111.99831,33.30397
8914,0,-111.893005,33.629578
8915,2,-115.209656,36.127045
8916,2136,-89.37629,43.07975
8917,0,-111.924934,33.6239
8918,2,-112.0275,33.510235
8919,0,-112.042145,33.50762
8920,0,-111.931244,33.49337
8921,0,-112.083694,33.469143
8922,0,-111.969246,33.504456
8923,0,-112.112274,33.71109
8924,2,-111.90837,33.464348
8925,10,-112.079285,33.455036
8926,0,-111.92933,33.583122
8927,0,-111.93485,33.42268
8928,0,-111.92691,33.463375
8929,0,-111.925186,33.578655
8930,10,-115.17229,36.115147
8931,2,-115.17306,36.091965
8932,0,-111.969246,33.504456
8933,0,-112.01183,33.509872
8934,2,-115.17223,36.110733
8935,2,-112.04794,33.450058
8936,2,-115.16592,36.127518
8937,2,-115.17141,36.11752
8938,0,-111.906044,33.43245
8939,0,-111.90998,33.347878
8940,0,-112.08234,33.516464
8941,0,-112.06483,33.457333
8942,0,-111.92053,33.489132
8943,0,-111.951614,33.421223
8944,2137,-111.924065,33.5797
8945,0,-112.011894,33.495636
8946,2,-115.17253,36.1181
8947,0,-111.92715,33.421734
8948,0,-111.930214,33.49377
8949,2,-115.17781,36.093067
8950,0,-111.91728,33.465298
8951,0,-111.98837,33.495483
8952,0,-111.90817,33.45781
8953,2,-111.92796,33.49821
8954,0,-111.939285,33.39397
8955,2138,-111.926575,33.61727
8956,2,-115.17751,36.117035
8957,2139,-115.11716,36.014626
8958,0,-115.16923,36.121773
8959,0,-112.0722,33.45892
8960,2140,-111.93256,33.625645
8961,0,-111.96468,33.321415
8962,2141,-112.01455,33.58315
8963,2,-115.10161,35.987434
8964,2142,-111.9142,33.46483
8965,2,-115.16879,36.122967
8966,0,-111.99559,33.511234
8967,0,-112.00206,33.494934
8968,0,-112.07397,33.513077
8969,2,-111.787735,33.391663
8970,0,-111.88792,33.601974
8971,0,-111.88075,33.55738
8972,2143,-111.91909,33.500965
8973,0,-111.92992,33.6555
8974,2,-89.39336,43.07273
8975,0,-112.06899,33.45917
8976,10,-115.1068,36.071945
8977,0,-111.92655,33.506542
8978,0,-111.99575,33.50231
8979,0,-111.842026,33.302025
8980,0,-111.92632,33.494377
8981,0,-111.90979,33.48124
8982,0,-112.06779,33.458355
8983,0,-112.02907,33.508533
8984,17,-111.92718,33.499454
8985,2,-111.97988,33.30578
8986,0,-111.926315,33.616474
8987,2144,-112.171936,33.638557
8988,0,-111.716896,33.43614
8989,2,-115.17106,36.12008
8990,0,-111.9871,33.509827
8991,0,-111.86623,33.436886
8992,0,-111.96778,33.305794
8993,0,-112.00084,33.495724
8994,2,-112.16724,33.638756
8995,0,-111.793655,33.4159
8996,2145,-111.944756,33.421448
8997,0,-112.35925,33.507866
8998,0,-111.97688,33.583424
8999,2,-112.065636,33.44916
9000,0,-111.92625,33.617584
9001,1105,-111.74018,33.378
9002,0,-111.789856,33.356342
9003,0,-111.91341,33.408203
9004,2146,-111.960266,33.480305
9005,2147,-111.99865,33.495285
9006,2148,-112.07908,33.49112
9007,0,-111.84763,33.378475
9008,0,-111.92529,33.478733
9009,2149,-112.234535,33.635315
9010,0,-111.99583,33.44388
9011,2150,-111.91585,33.697605
9012,0,-112.07411,33.450554
9013,0,-111.92018,33.636566
9014,0,-112.04673,33.523743
9015,0,-111.929985,33.496662
9016,0,-112.19603,33.63862
9017,0,-111.92645,33.49157
9018,2151,-112.07397,33.513077
9019,0,-111.98934,33.494595
9020,2,-112.07409,33.4975
9021,0,-111.98028,33.494682
9022,2,-112.04739,33.4692
9023,0,-111.84203,33.2455
9024,0,-111.98617,33.510483
9025,0,-111.96242,33.335423
9026,0,-111.89905,33.556004
9027,2152,-112.03147,33.48778
9028,0,-111.684975,33.436657
9029,2153,-112.18295,33.538418
9030,0,-111.92944,33.319275
9031,2154,-111.92531,33.526226
9032,0,-111.927216,33.5314
9033,2155,-111.92736,33.583176
9034,0,-111.97128,33.6758
9035,2156,-111.99575,33.50231
9036,2157,-111.95149,33.42273
9037,2158,-111.99575,33.50231
9038,0,-111.92753,33.49919
9039,0,-111.89049,33.67213
9040,2159,-115.17652,36.11301
9041,1603,-112.11214,33.66497
9042,0,-111.91492,33.421413
9043,0,-111.988716,33.509197
9044,0,-111.92696,33.448082
9045,2160,-112.07991,33.45496
9046,2161,-112.117546,33.79725
9047,10,-112.02636,33.51076
9048,2,-111.92039,33.53925
9049,2162,-111.92632,33.494377
9050,2163,-111.983925,33.477665
9051,0,-111.8795,33.581333
9052,0,-112.06877,33.485413
9053,0,-111.9413,33.426643
9054,0,-112.06453,33.531372
9055,0,-111.89497,33.582962
9056,0,-111.99634,33.50211
9057,0,-111.9864,33.5107
9058,0,-111.89771,33.61893
9059,0,-112.72899,33.969063
9060,0,-111.92318,33.699768
9061,0,-115.33383,36.15735
9062,2,-89.37679,43.083786
9063,2164,-115.19496,36.114685
9064,0,-111.91804,33.69925
9065,0,-111.92968,33.502594
9066,0,-112.078156,33.458477
9067,2165,-115.13609,36.01191
9068,0,-111.74331,33.31029
9069,0,-111.92293,33.492752
9070,0,-111.87536,33.27677
9071,10,-111.925255,33.508804
9072,0,-111.716896,33.43614
9073,0,-111.920334,33.49871
9074,1883,-111.90577,33.414867
9075,0,-111.92835,33.500664
9076,0,-111.875755,33.62114
9077,2166,-112.01528,33.510025
9078,0,-111.87572,33.27626
9079,0,-111.92902,33.50251
9080,2167,-111.92542,33.567024
9081,0,-111.93998,33.399914
9082,0,-111.92857,33.498913
9083,0,-111.99634,33.50211
9084,0,-112.07285,33.449226
9085,0,-111.682594,33.466854
9086,0,-111.875145,33.39427
9087,0,-111.92555,33.492203
9088,0,-111.83974,33.4261
9089,0,-111.90991,33.407425
9090,0,-112.22554,33.6416
9091,0,-111.9652,33.676052
9092,0,-112.027885,33.377113
9093,2168,-111.911224,33.629837
9094,0,-111.88075,33.55738
9095,2169,-111.92612,33.532578
9096,0,-111.926506,33.496647
9097,0,-112.044914,33.510166
9098,0,-111.93942,33.424335
9099,0,-111.84085,33.28455
9100,0,-111.92476,33.492767
9101,0,-112.006714,33.435715
9102,2170,-112.08337,33.49963
9103,0,-111.85783,33.26396
9104,0,-111.92019,33.466217
9105,0,-111.910545,33.36135
9106,0,-111.978096,33.602394
9107,0,-111.979546,33.640232
9108,0,-112.11021,33.48096
9109,0,-111.91156,33.394314
9110,2171,-111.85843,33.337612
9111,0,-111.88664,33.652416
9112,2,-112.0404,33.509445
9113,2172,-111.92589,33.586834
9114,2,-111.91268,33.320995
9115,0,-111.793655,33.4159
9116,2173,-112.07341,33.5137
9117,0,-111.929985,33.496662
9118,0,-111.92239,33.501007
9119,0,-112.11054,33.64068
9120,0,-111.92628,33.528217
9121,2,-112.08227,33.4657
9122,2174,-112.07156,33.457054
9123,2175,-111.930214,33.49377
9124,2176,-112.07086,33.457047
9125,0,-111.74266,33.3004
9126,0,-111.79821,33.422718
9127,2,-112.07421,33.489048
9128,2177,-111.860214,33.274822
9129,10,-115.204056,36.12628
9130,0,-112.11092,33.71298
9131,0,-111.92582,33.497734
9132,2178,-112.03514,33.495037
9133,2,-111.99634,33.50211
9134,0,-112.073875,33.446995
9135,0,-111.89351,33.627815
9136,2179,-111.841156,33.31183
9137,0,-112.07127,33.508995
9138,0,-112.04794,33.525883
9139,0,-111.92657,33.499386
9140,0,-112.0013,33.49514
9141,1584,-112.11762,33.524418
9142,0,-112.074196,33.51354
9143,2180,-111.97926,33.49592
9144,0,-111.752716,33.29151
9145,0,-112.21724,33.638668
9146,0,-111.928635,33.495102
9147,2181,-111.91585,33.697605
9148,0,-112.04598,33.430363
9149,2182,-111.9766,33.585606
9150,10,-115.13808,36.167904
9151,2,-112.00319,33.317657
9152,0,-112.04708,33.52443
9153,0,-111.92595,33.422276
9154,0,-111.93744,33.423515
9155,0,-111.92448,33.62557
9156,0,-111.75499,33.351376
9157,2183,-115.20955,36.12644
9158,0,-112.135056,33.612087
9159,2184,-111.99634,33.50211
9160,2185,-111.92612,33.532578
9161,0,-112.114784,33.715424
9162,0,-111.995995,33.50922
9163,0,-111.92555,33.564976
9164,2,-115.17089,36.11006
9165,0,-112.038826,33.506462
9166,0,-111.93321,33.652534
9167,0,-111.87624,33.554436
9168,2186,-111.99634,33.50211
9169,2,-111.91693,33.42156
9170,2187,-111.9451,33.46208
9171,0,-111.988716,33.509197
9172,0,-111.99492,33.50903
9173,0,-111.84483,33.33605
9174,0,-111.931244,33.49337
9175,0,-111.97842,33.62365
9176,0,-112.07371,33.456326
9177,0,-111.93395,33.49345
9178,2188,-111.88728,33.306297
9179,0,-112.05881,33.509678
9180,2189,-111.962555,33.33564
9181,2190,-111.87743,33.393486
9182,2,-111.89946,33.557293
9183,0,-111.92796,33.490696
9184,0,-111.98451,33.509106
9185,0,-112.04698,33.524635
9186,2191,-111.97865,33.30709
9187,0,-111.92644,33.529903
9188,2192,-111.99634,33.50211
9189,0,-112.01548,33.542732
9190,2193,-111.92667,33.48332
9191,2194,-112.38717,33.63924
9192,2195,-111.960266,33.480305
9193,0,-111.9692,33.31819
9194,695,-89.38207,43.07572
9195,2196,-112.18295,33.538418
9196,0,-112.124596,33.666637
9197,0,-111.85499,33.62719
9198,2197,-112.013725,33.585438
9199,2198,-111.98135,33.597363
9200,2,-112.04086,33.431583
9201,0,-111.97811,33.59784
9202,0,-112.03639,33.605927
9203,2199,-111.99634,33.50211
9204,2,-111.89333,33.62839
9205,0,-112.26056,33.534855
9206,2200,-112.073395,33.477222
9207,2,-115.29857,36.07719
9208,2201,-111.88762,33.630013
9209,0,-111.966606,33.67681
9210,0,-111.93192,33.50187
9211,0,-112.073875,33.446995
9212,0,-112.12234,33.63971
9213,0,-111.9796,33.331047
9214,0,-112.07405,33.44995
9215,2202,-112.13265,33.655247
9216,2203,-112.1503,33.523617
9217,2,-111.99511,33.494488
9218,0,-115.17154,36.048992
9219,0,-112.07358,33.442486
9220,2,-111.99634,33.50211
9221,0,-111.926735,33.657112
9222,0,-111.923874,33.613426
9223,0,-112.09668,33.67647
9224,0,-111.94996,33.451237
9225,0,-111.96633,33.32061
9226,0,-111.85499,33.62719
9227,2204,-111.98983,33.49462
9228,0,-111.89754,33.621906
9229,0,-111.99634,33.50211
9230,0,-111.93526,33.425156
9231,0,-112.04751,33.52433
9232,2,-115.16146,36.14413
9233,2,-79.956856,40.44166
9234,0,-111.988716,33.509197
9235,0,-111.92485,33.700066
9236,0,-111.99565,33.502758
9237,0,-111.980995,33.419838
9238,0,-112.090485,33.458668
9239,0,-80.944466,35.22019
9240,0,-112.33902,33.453484
9241,0,-111.92917,33.36505
9242,2205,-115.333176,36.15008
9243,2206,-111.929794,33.49288
9244,0,-111.94378,33.31869
9245,0,-112.16568,33.611366
9246,0,-111.925545,33.47541
9247,2,-115.17322,36.109215
9248,0,-111.988716,33.509197
9249,0,-111.930336,33.497192
9250,2207,-111.908585,33.39378
9251,0,-80.86115,35.209026
9252,2208,-111.79096,33.340397
9253,2209,-111.6692,33.30979
9254,0,-111.68464,33.395008
9255,2210,-112.501656,33.60324
9256,0,-111.68264,33.467793
9257,0,-111.93644,33.37779
9258,0,-111.9689,33.317406
9259,0,-115.174545,36.10238
9260,0,-112.08873,33.50919
9261,0,-111.9198,33.375698
9262,17,-80.80546,35.247375
9263,0,-111.924164,33.539463
9264,2211,-111.831474,33.415382
9265,0,-111.92411,33.49808
9266,0,-112.0664,33.56792
9267,2212,-111.927,33.474373
9268,0,-112.08225,33.516342
9269,0,-111.99243,33.48073
9270,2213,-111.97886,33.508366
9271,0,-112.10023,33.626423
9272,0,-112.073425,33.447334
9273,0,-111.9261,33.611904
9274,0,-115.17234,36.110107
9275,0,-112.09243,33.683323
9276,0,-112.07401,33.45038
9277,2214,-111.9796,33.331047
9278,2215,-112.07127,33.508995
9279,2216,-111.92414,33.6247
9280,2217,-112.01226,33.49492
9281,2218,-112.27332,33.464325
9282,0,-112.01226,33.49492
9283,10,-111.92725,33.530674
9284,2,-115.17601,36.104332
9285,2219,-111.789406,33.343132
9286,2220,-111.92575,33.479183
9287,2221,-111.9947,33.494644
9288,0,-111.89122,33.6281
9289,0,-111.89623,33.62662
9290,0,-111.92548,33.50108
9291,2222,-111.86623,33.436886
9292,2223,-115.16597,36.127857
9293,2224,-112.073494,33.491695
9294,0,-111.98613,33.51063
9295,0,-111.92645,33.497555
9296,0,-111.97308,33.52883
9297,2225,-111.93004,33.492516
9298,0,-111.908585,33.39378
9299,2226,-112.03013,33.674347
9300,0,-111.97858,33.677853
9301,0,-112.200554,33.670937
9302,0,-112.07217,33.45746
9303,2227,-111.98983,33.49462
9304,0,-111.92415,33.50155
9305,0,-112.02849,33.510426
9306,0,-112.240456,33.581093
9307,2,-111.928185,33.501774
9308,0,-111.77341,33.29329
9309,2228,-111.93976,33.421757
9310,0,-112.01163,33.480865
9311,0,-111.86569,33.53887
9312,0,-111.68492,33.436592
9313,0,-112.07409,33.4975
9314,0,-111.88572,33.65305
9315,0,-112.008316,33.641834
9316,0,-111.92358,33.491535
9317,0,-112.09243,33.683323
9318,2229,-111.99402,33.49537
9319,0,-115.30428,36.19106
9320,2230,-111.989876,33.49498
9321,2231,-111.75538,33.363773
9322,2232,-111.89827,33.29958
9323,0,-111.78898,33.28172
9324,0,-112.14925,34.048668
9325,2233,-111.97843,33.305737
9326,0,-112.13458,33.627308
9327,0,-111.92592,33.416245
9328,0,-111.83481,33.585255
9329,0,-112.04634,33.510323
9330,2234,-112.00845,33.581757
9331,0,-111.79526,33.32913
9332,2,-115.17419,36.110485
9333,0,-111.9259,33.4943
9334,0,-111.85788,33.384735
9335,2235,-111.92555,33.564976
9336,0,-112.06628,33.58545
9337,2236,-112.184326,33.539227
9338,0,-111.97926,33.49592
9339,2237,-112.18518,33.611202
9340,0,-112.067,33.508987
9341,0,-111.906586,33.46613
9342,0,-111.978065,33.602856
9343,2,-115.14624,36.171215
9344,0,-111.94167,33.463852
9345,0,-112.07401,33.505856
9346,0,-111.955215,33.83297
9347,2238,-111.77134,33.33696
9348,0,-112.02123,33.496204
9349,2239,-111.91178,33.364212
9350,0,-112.18295,33.538418
9351,2,-111.958885,33.34871
9352,2240,-111.92637,33.62349
9353,2241,-111.80768,33.392765
9354,0,-111.87236,33.540802
9355,0,-111.92638,33.49853
9356,2242,-111.98028,33.494682
9357,0,-111.842255,33.302425
9358,0,-111.85537,33.390446
9359,0,-112.02615,33.439648
9360,2243,-111.977776,33.33193
9361,2244,-111.98137,33.60277
9362,0,-111.87686,33.54105
9363,0,-112.1528,33.49591
9364,2245,-112.00749,33.47992
9365,2246,-111.8916,33.627735
9366,2247,-112.12142,33.60954
9367,0,-111.71935,33.450123
9368,0,-111.92367,33.53918
9369,0,-111.926506,33.496647
9370,0,-111.90713,33.432552
9371,2248,-111.988716,33.509197
9372,0,-111.960266,33.480305
9373,2249,-112.01342,33.51104
9374,2250,-112.07134,33.637074
9375,0,-111.92659,33.472366
9376,2251,-112.06877,33.485413
9377,0,-112.06567,33.487747
9378,2252,-111.91382,33.494644
9379,2,-80.87523,35.15337
9380,2253,-111.99021,33.494743
9381,2254,-112.003845,33.48072
9382,0,-112.01056,33.480934
9383,2255,-111.99911,33.48077
9384,2256,-112.09956,33.53881
9385,0,-111.99911,33.48077
9386,0,-112.10023,33.626423
9387,2257,-112.07379,33.435524
9388,2258,-111.9259,33.585285
9389,0,-111.84169,33.3019
9390,2259,-111.92034,33.49875
9391,2260,-115.28773,36.290314
9392,2261,-111.9947,33.494644
9393,0,-112.00178,33.4948
9394,0,-111.8758,33.41271
9395,0,-111.92512,33.32141
9396,2262,-112.261986,33.534485
9397,2263,-112.03013,33.674347
9398,0,-111.90197,33.306137
9399,0,-112.26047,33.535076
9400,2,-3.2078898,55.950645
9401,0,-111.92427,33.492287
9402,0,-111.87953,33.581432
9403,0,-111.9223,33.493946
9404,2264,-111.92685,33.48692
9405,0,-111.92433,33.49471
9406,2,-115.15126,36.1089
9407,0,-111.99129,33.751526
9408,2265,-112.072395,33.448742
9409,2266,-115.17204,36.10654
9410,0,-111.95375,33.407803
9411,0,-111.790016,33.35597
9412,2267,-111.73494,33.322815
9413,2268,-111.92791,33.624466
9414,2,-111.92857,33.498913
9415,2269,-111.928185,33.501774
9416,0,-111.92857,33.498913
9417,2270,-112.126755,33.79975
9418,0,-112.06281,33.60756
9419,2271,-112.03864,33.59605
9420,2,-112.006714,33.435715
9421,2272,-111.97608,33.63894
9422,0,-112.11646,33.560856
9423,2273,-111.92621,33.53352
9424,2274,-112.06704,33.641712
9425,2275,-111.9257,33.58142
9426,1266,-112.35567,33.607586
9427,2276,-112.36504,33.638195
9428,0,-111.940254,33.424503
9429,0,-112.049126,33.4368
9430,0,-112.029884,33.47132
9431,0,-112.05353,33.552837
9432,0,-111.722404,33.306927
9433,0,-111.63487,33.24821
9434,0,-111.92555,33.492203
9435,2277,-112.12843,33.799152
9436,0,-112.3577,33.537685
9437,0,-112.165565,33.611652
9438,0,-112.17051,33.377495
9439,2,-112.047264,33.641346
9440,0,-112.365524,33.638176
9441,0,-112.11618,33.665955
9442,2278,-112.047714,33.449528
9443,0,-112.11618,33.665955
9444,0,-89.457886,43.014973
9445,0,-112.04715,33.524593
9446,0,-112.05806,33.550854
9447,2279,-111.92355,33.623634
9448,0,-111.87708,33.33638
9449,2280,-112.05606,33.472824
9450,0,-112.067,33.508987
9451,2281,-112.19062,33.638363
9452,2282,-112.35913,33.61018
9453,0,-111.98212,33.331654
9454,2283,-111.97,33.45
9455,2284,-111.92471,33.421352
9456,0,-111.97838,33.627045
9457,0,-112.06544,33.595097
9458,0,-111.964485,33.38312
9459,2285,-112.03788,33.509254
9460,0,-111.91341,33.408203
9461,2,-115.170906,36.103455
9462,2286,-112.06567,33.487747
9463,0,-112.24136,33.581886
9464,0,-111.933624,33.655533
9465,0,-112.37687,33.6589
9466,2287,-111.92615,33.625362
9467,0,-111.98044,33.331882
9468,0,-111.99538,33.44852
9469,0,-111.995926,33.466976
9470,0,-111.85958,33.335857
9471,2288,-111.918686,33.566635
9472,2,-115.167,36.12617
9473,2289,-112.06544,33.595097
9474,0,-111.88893,33.700867
9475,2290,-112.358826,33.46646
9476,2291,-112.02982,33.376976
9477,2292,-112.260765,33.53295
9478,2293,-111.92445,33.539402
9479,2294,-112.06483,33.457333
9480,0,-112.047966,33.53905
9481,2295,-112.03529,33.596844
9482,2,-115.17893,36.14386
9483,0,-111.80628,33.384315
9484,2,-111.79003,33.393818
9485,0,-111.921486,33.6365
9486,0,-111.92566,33.51083
9487,2296,-112.18817,33.662697
9488,0,-112.01307,33.610554
9489,0,-111.908516,33.5381
9490,2297,-111.92656,33.485966
9491,0,-111.97952,33.6384
9492,0,-111.98135,33.597363
9493,2298,-112.06567,33.487747
9494,2299,-111.91088,33.479633
9495,0,-111.97,33.45
9496,2300,-112.07409,33.4975
9497,2301,-111.98048,33.596786
9498,0,-111.93631,33.422318
9499,0,-111.91906,33.50137
9500,2302,-111.78926,33.355484
9501,2303,-115.1929,36.116634
9502,0,-112.04808,33.538925
9503,10,-111.87247,33.378014
9504,0,-112.02995,33.488026
9505,2304,-112.05806,33.550854
9506,0,-112.04317,33.54533
9507,0,-112.2877,33.564358
9508,2305,-111.97931,33.675674
9509,2306,-112.239525,33.61008
9510,2307,-112.04317,33.54533
9511,0,-112.22505,33.634254
9512,0,-112.04317,33.54533
9513,0,-111.92018,33.636566
9514,882,-112.07747,33.459015
9515,2308,-112.06516,33.519554
9516,10,-111.929794,33.49288
9517,0,-112.127106,33.581795
9518,0,-111.92586,33.529114
9519,0,-112.179955,33.639374
9520,2,-112.03855,33.59989
9521,2,-111.611404,33.54463
9522,2309,-112.355484,33.494
9523,2310,-111.789276,33.355034
9524,0,-112.06096,33.50953
9525,2311,-112.06421,33.594894
9526,2,-115.172554,36.115673
9527,2,-112.06421,33.594894
9528,0,-112.12003,33.64044
9529,0,-111.94081,33.42263
9530,0,-111.927,33.474373
9531,2312,-111.92106,33.636818
9532,0,-112.171936,33.638557
9533,0,-111.78966,33.365856
9534,2,-115.09606,36.00499
9535,0,-111.89933,33.30706
9536,2,-111.95493,33.407665
9537,2,-115.18939,36.11789
9538,1950,-112.00109,33.495476
9539,2,-80.010475,40.45343
9540,0,-111.71788,33.62312
9541,2313,-111.92796,33.465588
9542,2314,-112.0482,33.510174
9543,2315,-111.795456,33.280125
9544,0,-111.96613,33.684566
9545,0,-112.03839,33.507893
9546,0,-111.917984,33.565014
9547,10,-115.10041,36.07238
9548,2316,-111.92993,33.350018
9549,0,-112.22069,33.5948
9550,2317,-112.07228,33.45587
9551,2318,-111.92708,33.508694
9552,0,-111.9245,33.539223
9553,2319,-112.18817,33.662697
9554,2,-79.984215,40.451656
9555,2320,-112.015465,33.65563
9556,2321,-112.15383,33.567833
9557,0,-111.913475,33.334187
9558,0,-111.92485,33.700066
9559,2322,-111.92644,33.529903
9560,0,-112.21995,33.639614
9561,0,-111.9013,33.349308
9562,0,-111.89351,33.627815
9563,2323,-111.941376,33.423275
9564,0,-112.06544,33.595097
9565,0,-112.273315,33.708637
9566,0,-112.37166,33.465446
9567,0,-112.07565,33.48025
9568,0,-112.127,33.581833
9569,0,-112.17426,33.63955
9570,2324,-112.10115,33.554585
9571,0,-111.99968,33.43605
9572,2325,-112.07714,33.479996
9573,2,-73.57233,45.50463
9574,2326,-111.92589,33.586834
9575,0,-111.909645,33.40716
9576,2327,-112.00845,33.581757
9577,0,-112.039185,33.59596
9578,0,-112.36525,33.638256
9579,2328,-111.9261,33.611904
9580,0,-112.066925,33.639965
9581,0,-112.0656,33.458927
9582,0,-112.01307,33.610554
9583,2329,-112.14925,34.048668
9584,2330,-112.010895,33.481
9585,0,-112.111664,33.64012
9586,0,-112.11634,33.68425
9587,0,-111.74314,33.30051
9588,0,-111.92578,33.5786
9589,2,-112.04693,33.54658
9590,0,-112.012,33.655567
9591,0,-112.09298,33.52231
9592,2331,-115.20142,36.12633
9593,0,-111.97678,33.584267
9594,0,-111.97851,33.60259
9595,0,-112.241264,33.63681
9596,0,-111.929985,33.496662
9597,2332,-111.88525,33.580948
9598,2333,-112.05607,33.55307
9599,0,-111.92644,33.529903
9600,2334,-112.12063,33.59619
9601,0,-111.9013,33.349308
9602,0,-111.806076,33.33379
9603,0,-112.04733,33.641117
9604,2335,-112.03788,33.509254
9605,2336,-111.952576,33.44665
9606,2,-115.11793,36.01752
9607,2337,-111.97952,33.6384
9608,0,-112.156845,33.451126
9609,0,-111.79045,33.27883
9610,1350,-111.90859,33.406624
9611,0,-111.92836,33.362873
9612,2338,-111.87926,33.63937
9613,2339,-111.7212,33.3666
9614,0,-111.877106,33.337326
9615,0,-112.06892,33.640152
9616,2340,-112.0739,33.500202
9617,2341,-112.134186,33.51087
9618,0,-112.13857,33.86563
9619,2342,-115.242714,36.036674
9620,2343,-112.09911,33.612164
9621,2344,-112.07948,33.480724
9622,0,-112.04708,33.52443
9623,0,-111.911224,33.36343
9624,0,-112.0686,33.640186
9625,2345,-111.95392,33.40789
9626,2346,-112.11646,33.560856
9627,2347,-112.0362,33.596832
9628,2348,-112.06947,33.641808
9629,2349,-111.96083,33.487625
9630,2350,-112.06947,33.641808
9631,0,-111.97784,33.678036
9632,2351,-112.10031,33.496075
9633,2352,-112.0482,33.510174
9634,0,-112.06606,33.639057
9635,2353,-111.92106,33.636818
9636,0,-111.9787,33.678043
9637,2354,-112.06696,33.608948
9638,0,-111.87236,33.540802
9639,0,-112.05345,33.55313
9640,2355,-112.00214,33.43737
9641,0,-112.06845,33.637367
9642,0,-112.01189,33.655605
9643,2356,-112.18482,33.65357
9644,0,-111.92591,33.4991
9645,20,-3.1883864,55.95711
9646,2357,-112.07492,33.483
9647,0,-112.10023,33.626423
9648,2,-112.073975,33.506508
9649,0,-111.860565,33.364925
9650,0,-112.18469,33.609394
9651,2358,-111.908455,33.481705
9652,2359,-111.976906,33.612934
9653,0,-112.04733,33.641117
9654,2360,-111.944756,33.34875
9655,0,-112.121895,33.670223
9656,2361,-111.997826,33.47987
9657,0,-112.07397,33.513077
9658,0,-112.06947,33.641808
9659,0,-112.18759,33.66274
9660,2362,-111.9272,33.60663
9661,0,-111.93051,33.49245
9662,0,-112.04746,33.465965
9663,0,-112.22413,33.638615
9664,2363,-111.92478,33.68526
9665,2364,-112.07908,33.49112
9666,2365,-111.97119,33.67655
9667,0,-111.92914,33.654854
9668,2366,-112.06563,33.44938
9669,0,-111.92796,33.49821
9670,0,-112.06704,33.641712
9671,0,-112.04733,33.641117
9672,0,-112.06617,33.626057
9673,0,-112.0135,33.583496
9674,0,-111.97678,33.675884
9675,2367,-112.10023,33.626423
9676,2368,-111.97862,33.58383
9677,2369,-111.99851,33.61113
9678,0,-112.011635,33.628117
9679,0,-112.14982,33.640068
9680,2370,-111.84038,33.418816
9681,0,-112.00837,33.418617
9682,0,-112.06638,33.62716
9683,2371,-112.01186,33.46604
9684,0,-111.97608,33.63894
9685,0,-112.06475,33.6402
9686,2,-112.09927,33.612328
9687,0,-112.0817,33.655106
9688,0,-112.03125,33.649235
9689,0,-112.00845,33.581757
9690,2372,-112.130005,33.800488
9691,0,-111.976555,33.677334
9692,2373,-111.93035,33.62459
9693,0,-111.931946,33.65794
9694,0,-112.26105,33.533955
9695,0,-112.00319,33.317657
9696,0,-112.04715,33.524593
9697,0,-112.07308,33.56747
9698,0,-112.06614,33.639084
9699,0,-112.06281,33.60756
9700,2374,-112.08199,33.50551
9701,0,-111.924385,33.53924
9702,0,-111.97956,33.742207
9703,2,-112.07127,33.63668
9704,2375,-111.92796,33.465588
9705,2376,-112.06618,33.62766
9706,2377,-111.92641,33.655567
9707,2378,-112.358765,33.507095
9708,2379,-112.21981,33.639004
9709,2380,-112.11054,33.64068
9710,2,-111.92305,33.501965
9711,2381,-112.153206,33.639908
9712,2382,-112.12234,33.58052
9713,0,-112.06296,33.656124
9714,2383,-112.142,33.698986
9715,0,-111.9923,33.480152
9716,2384,-112.01175,33.62692
9717,0,-111.90898,33.319977
9718,2385,-111.9864,33.5107
9719,2386,-112.082466,33.627567
9720,2387,-112.049126,33.4368
9721,0,-111.92469,33.53949
9722,0,-112.074684,33.509563
9723,0,-111.97811,33.59784
9724,98,-89.27767,43.18911
9725,0,-115.17582,36.11773
9726,2388,-112.047264,33.641346
9727,0,-112.08225,33.516342
9728,2389,-112.11092,33.71298
9729,0,-111.98934,33.494595
9730,0,-111.97768,33.44657
9731,2390,-112.07134,33.637074
9732,0,-112.27433,33.637077
9733,0,-111.74095,33.379765
9734,2391,-112.07156,33.457054
9735,2392,-111.92796,33.49821
9736,2,-115.145645,36.124844
9737,0,-111.88172,33.63924
9738,0,-112.02249,33.40667
9739,0,-111.924065,33.5797
9740,0,-111.90459,33.62201
9741,0,-111.87926,33.63937
9742,0,-111.924385,33.53924
9743,2,-112.11646,33.560856
9744,2,-111.97203,33.37641
9745,2393,-112.18721,33.566982
9746,2394,-111.85294,33.414787
9747,0,-111.8859,33.545685
9748,2,-115.191826,36.144268
9749,0,-112.047264,33.641346
9750,0,-111.923256,33.58223
9751,2395,-112.25428,33.580444
9752,0,-112.06363,33.6561
9753,2396,-111.92655,33.506542
9754,2397,-112.05956,33.563686
9755,0,-111.925064,33.61855
9756,0,-112.047264,33.641346
9757,0,-111.921936,33.500736
9758,0,-112.16118,33.567795
9759,0,-112.04716,33.524086
9760,2,-111.908295,33.431396
9761,0,-111.99531,33.596703
9762,0,-111.9326,33.658665
9763,0,-112.06836,33.457863
9764,0,-112.27619,33.71298
9765,2398,-111.95392,33.40789
9766,2399,-112.13486,33.472248
9767,2400,-112.38765,33.464397
9768,0,-111.9309,33.58303
9769,0,-112.0365,33.602707
9770,2401,-112.34554,33.463787
9771,0,-112.15378,33.568226
9772,0,-112.06543,33.56062
9773,0,-111.858604,33.746117
9774,2402,-112.184845,33.652966
9775,2403,-112.01237,33.582172
9776,1701,-111.90941,33.454285
9777,1119,-112.13459,33.595837
9778,0,-112.23991,33.68106
9779,0,-111.82907,33.451485
9780,2404,-112.03013,33.674347
9781,0,-112.13369,33.583336
9782,0,-112.152145,33.578148
9783,0,-111.92469,33.53949
9784,0,-111.976555,33.677334
9785,0,-112.04816,33.640297
9786,0,-112.0792,33.49111
9787,2405,-112.04816,33.640297
9788,2406,-112.12003,33.64044
9789,0,-112.09668,33.67647
9790,0,-111.92663,33.610058
9791,2407,-112.13487,33.46435
9792,2408,-112.06424,33.63899
9793,2409,-111.67886,33.583057
9794,2410,-111.8577,33.388374
9795,0,-111.91341,33.408203
9796,0,-112.07184,33.639156
9797,2411,-111.80885,33.378555
9798,0,-112.22219,33.59478
9799,2,-111.911125,33.510513
9800,2412,-111.908585,33.39378
9801,0,-112.03015,33.674606
9802,2413,-112.06238,33.637684
9803,0,-111.927124,33.459255
9804,2414,-112.0741,33.506855
9805,2415,-112.01175,33.58193
9806,0,-111.92697,33.462616
9807,0,-111.87686,33.54105
9808,0,-111.92365,33.625546
9809,0,-112.06281,33.60756
9810,0,-111.87686,33.54105
9811,2,-111.928185,33.58243
9812,0,-111.92604,33.656635
9813,2416,-111.97839,33.303967
9814,1,-115.333855,36.155964
9815,2,-111.92306,33.50165
9816,2417,-112.04791,33.47893
9817,0,-112.07991,33.45496
9818,2418,-112.03035,33.627975
9819,0,-112.18756,33.62579
9820,2,-112.04751,33.52433
9821,0,-111.92489,33.62826
9822,0,-112.063774,33.65361
9823,0,-112.18494,33.636703
9824,2419,-115.15387,36.110085
9825,2420,-112.252396,33.639862
9826,10,-111.90516,33.431896
9827,0,-112.0178,33.64111
9828,2,-111.551094,33.412388
9829,10,-111.9766,33.585606
9830,0,-111.92695,33.580814
9831,0,-111.91769,33.49328
9832,2421,-112.07669,33.451775
9833,2422,-111.94097,33.412544
9834,2423,-112.01963,33.640244
9835,2,-112.01307,33.610554
9836,0,-111.981476,33.599133
9837,0,-115.29794,36.106503
9838,0,-111.92107,33.634945
9839,2424,-111.94167,33.463852
9840,2425,-111.976906,33.612934
9841,0,-111.88892,33.56866
9842,0,-111.978455,33.62746
9843,2426,-112.07449,33.509724
9844,2427,-112.00478,33.63258
9845,0,-111.928185,33.501774
9846,0,-112.411354,33.550407
9847,0,-111.99538,33.44852
9848,0,-111.89859,33.490013
9849,2428,-111.627,33.249195
9850,2429,-111.82382,33.334602
9851,0,-111.99159,33.49524
9852,2430,-111.89698,33.62367
9853,2431,-111.92992,33.6555
9854,2432,-112.01339,33.58001
9855,0,-112.082214,33.495155
9856,0,-111.947525,33.407562
9857,0,-111.855576,33.626987
9858,0,-111.929924,33.349712
9859,2433,-112.0135,33.583496
9860,2434,-112.00717,33.435467
9861,0,-112.27196,33.552067
9862,2435,-111.982765,33.60154
9863,0,-111.98909,33.42159
9864,2,-111.922424,33.637104
9865,0,-112.03788,33.509254
9866,2436,-111.92663,33.610058
9867,2437,-111.92373,33.635464
9868,0,-111.88603,33.577606
9869,0,-111.89997,33.4276
9870,2438,-112.00845,33.581757
9871,2,-115.16923,36.121773
9872,0,-112.09156,33.459133
9873,0,-111.94182,33.625153
9874,0,-111.966606,33.67681
9875,2439,-111.97119,33.67655
9876,0,-111.99224,33.30574
9877,2440,-111.883736,33.583702
9878,0,-112.11395,33.713455
9879,2441,-111.989876,33.49498
9880,2442,-112.01175,33.62692
9881,2443,-111.9258,33.49911
9882,2444,-111.98808,33.60215
9883,0,-111.96535,33.67539
9884,2445,-111.92409,33.579124
9885,2446,-112.18902,33.639168
9886,10,-115.20848,36.07308
9887,0,-111.96338,33.675327
9888,0,-111.98954,33.600517
9889,2447,-111.87686,33.54105
9890,0,-112.27248,33.458225
9891,2448,-111.89754,33.621906
9892,2449,-112.064095,33.5219
9893,0,-112.278114,33.465
9894,0,-111.92037,33.500896
9895,2450,-112.0305,33.678318
9896,2451,-115.1613,36.138298
9897,0,-112.06518,33.57531
9898,0,-111.875916,33.276257
9899,2452,-111.95243,33.506767
9900,0,-112.074036,33.448376
9901,0,-112.01449,33.624733
9902,0,-111.91804,33.69925
9903,0,-112.18469,33.639122
9904,2453,-111.97858,33.677853
9905,0,-111.92525,33.618355
9906,0,-112.0275,33.510235
9907,0,-112.07409,33.4975
9908,1290,-111.96684,33.305733
9909,2454,-112.013145,33.628334
9910,0,-112.07233,33.456696
9911,0,-111.888374,33.581944
9912,2455,-111.9224,33.500626
9913,0,-111.99566,33.639885
9914,2456,-111.97608,33.63894
9915,2457,-111.9784,33.627247
9916,0,-111.97976,33.58406
9917,2458,-111.8917,33.62489
9918,2459,-111.91851,33.41533
9919,2460,-112.07176,33.44931
9920,0,-111.980064,33.674736
9921,0,-112.06543,33.469967
9922,2461,-111.95768,33.42806
9923,2462,-111.92397,33.634453
9924,0,-112.01493,33.6102
9925,0,-111.932915,33.830177
9926,1548,-112.151955,33.581566
9927,2463,-112.23757,33.633236
9928,0,-115.17332,36.10583
9929,2464,-111.97826,33.639782
9930,0,-112.06779,33.458355
9931,0,-111.925766,33.623943
9932,0,-111.924286,33.624977
9933,0,-112.06456,33.522358
9934,2465,-112.35902,33.636826
9935,0,-112.114784,33.715424
9936,0,-111.96636,33.676544
9937,2466,-111.97846,33.598522
9938,2,-111.988,33.60147
9939,2467,-112.22299,33.63776
9940,0,-112.10402,33.68399
9941,2468,-111.74385,33.307648
9942,0,-112.140915,33.69879
9943,0,-111.89814,33.62055
9944,2469,-112.02991,33.5019
9945,0,-112.117386,33.641613
9946,2470,-112.074036,33.448376
9947,0,-112.0135,33.583496
9948,2,-111.9759,33.62559
9949,0,-115.164635,36.15917
9950,0,-115.13761,36.10351
9951,2471,-112.261375,33.539352
9952,2472,-111.98907,33.59956
9953,0,-111.787636,33.36449
9954,0,-112.065636,33.44916
9955,2473,-112.071495,33.458748
9956,2474,-111.976555,33.677334
9957,2475,-111.986916,33.449505
9958,2476,-112.03529,33.596844
9959,0,-111.98907,33.59956
9960,0,-112.07375,33.565098
9961,0,-111.98137,33.60277
9962,10,-115.1694,35.96543
9963,0,-111.71793,33.43734
9964,0,-111.89904,33.55519
9965,2477,-111.92492,33.62348
9966,0,-111.87236,33.540802
9967,2478,-111.99403,33.47977
9968,2479,-111.97678,33.584267
9969,0,-111.78984,33.3546
9970,2480,-111.995346,33.627346
9971,0,-111.87926,33.63937
9972,0,-112.3355,33.460354
9973,0,-111.925064,33.61855
9974,0,-111.91835,33.636208
9975,0,-112.039185,33.59596
9976,2481,-111.925156,33.623657
9977,2,-111.928055,33.58307
9978,0,-112.07339,33.513504
9979,0,-111.93152,33.493298
9980,0,-111.97952,33.6384
9981,0,-112.0737,33.44718
9982,0,-111.99566,33.639885
9983,0,-111.97843,33.305737
9984,0,-111.90614,33.671265
9985,0,-111.97686,33.613007
9986,0,-111.9759,33.495018
9987,0,-112.23536,33.6341
9988,0,-112.222336,33.63779
9989,2482,-111.9263,33.654716
9990,2483,-112.07232,33.457657
9991,0,-111.98719,33.599327
9992,2484,-111.98486,33.595367
9993,2485,-115.16522,36.099003
9994,0,-111.98568,33.59621
9995,0,-115.17119,36.12122
9996,2486,-111.925415,33.587128
9997,0,-112.17426,33.63955
9998,0,-112.03639,33.605927
9999,2487,-112.00105,33.64008
10000,0,-111.978226,33.675297
10001,0,-111.91631,33.451744
10002,2488,-112.07432,33.45969
10003,0,-111.925964,33.648922
10004,0,-111.978455,33.62746
10005,0,-112.03776,33.507843
10006,2489,-111.94668,33.421616
10007,2490,-112.01307,33.610554
10008,0,-111.958,33.348164
10009,2,-115.15323,36.042797
10010,2,-111.92699,33.363747
10011,0,-111.936,33.41438
10012,2,-111.91348,33.41466
10013,2491,-111.97913,33.79848
10014,2492,-111.947525,33.407562
10015,0,-115.145645,36.124844
10016,0,-112.10022,33.641655
10017,0,-111.943306,33.42127
10018,0,-112.012115,33.62723
10019,2493,-111.98137,33.60277
10020,2,-111.99634,33.61077
10021,0,-112.09243,33.683323
10022,0,-111.988716,33.509197
10023,0,-111.52829,33.43119
10024,0,-111.95036,33.4216
10025,2,-111.99634,33.61077
10026,0,-111.99634,33.61077
10027,2494,-115.24814,36.195267
10028,0,-111.978355,33.628124
10029,0,-111.98355,33.599277
10030,2495,-112.03595,33.596226
10031,1980,-111.92775,33.492905
10032,0,-111.97811,33.59784
10033,0,-111.9235,33.625095
10034,0,-111.97862,33.58383
10035,0,-112.07686,33.48855
10036,2496,-112.03019,33.67107
10037,2,-115.1639,36.06017
10038,0,-111.9787,33.678043
10039,0,-112.06836,33.457863
10040,2497,-111.92762,33.493763
10041,0,-111.9254,33.566956
10042,0,-111.97119,33.67655
10043,0,-112.36145,33.658234
10044,2498,-112.073425,33.447334
10045,0,-111.924934,33.6239
10046,2499,-111.891785,33.623486
10047,2,-115.174355,36.092293
10048,2500,-112.038826,33.506462
10049,0,-112.1183,33.58187
10050,2,-115.1726,36.101814
10051,2,-112.20105,33.713615
10052,0,-111.76328,33.45083
10053,0,-111.79062,33.333027
10054,2501,-112.00478,33.63258
10055,2502,-111.926056,33.434616
10056,2502,-115.28973,36.1641
10057,0,-111.91029,33.321354
10058,0,-111.92638,33.49853
10059,0,-115.17259,36.112953
10060,0,-111.98334,33.59918
10061,2503,-111.89195,33.582314
10062,2504,-112.06483,33.457333
10063,2505,-111.875755,33.62114
10064,10,-112.071434,33.44589
10065,2506,-111.79242,33.33658
10066,1174,-112.120384,33.66752
10067,0,-112.03013,33.674347
10068,2507,-112.03013,33.678993
10069,0,-111.97308,33.52883
10070,0,-111.88741,33.629776
10071,2508,-111.92589,33.586834
10072,0,-111.9168,33.421745
10073,2509,-111.97632,33.612
10074,2510,-112.013855,33.63044
10075,2405,-111.98849,33.45545
10076,0,-111.84253,33.303234
10077,2511,-111.9267,33.581894
10078,2512,-111.925415,33.587128
10079,2513,-111.925156,33.623657
10080,0,-112.03397,33.508984
10081,0,-112.02951,33.39999
10082,0,-111.92448,33.62557
10083,0,-111.906044,33.43245
10084,0,-111.864815,33.614304
10085,0,-111.97998,33.592804
10086,0,-111.97844,33.624424
10087,2514,-112.26204,33.53305
10088,0,-111.937874,33.6769
10089,2515,-111.99478,33.626686
10090,2516,-112.07409,33.512627
10091,2517,-111.922646,33.82522
10092,2,-111.97865,33.60038
10093,2518,-111.9283,33.502007
10094,2519,-111.98907,33.59956
10095,0,-111.9704,33.30582
10096,0,-111.73239,33.258827
10097,2,-111.978226,33.675297
10098,2481,-111.92351,33.581493
10099,0,-112.044914,33.510166
10100,2,-111.978226,33.675297
10101,2520,-112.06349,33.60628
10102,0,-111.8802,33.581043
10103,2521,-112.06567,33.487747
10104,2522,-111.74018,33.470615
10105,0,-111.918686,33.566635
10106,2523,-112.014145,33.613106
10107,0,-111.964485,33.38312
10108,0,-111.976906,33.612934
10109,1308,-111.92933,33.319374
10110,0,-111.982765,33.60154
10111,2524,-112.36578,33.486824
10112,2525,-112.22394,33.637062
10113,0,-111.90853,33.480732
10114,2526,-111.93512,33.483368
10115,0,-112.01189,33.655605
10116,0,-112.16724,33.638756
10117,0,-111.875755,33.62114
10118,2527,-112.04847,33.52394
10119,2528,-111.85832,33.32686
10120,0,-112.01233,33.612293
10121,2529,-112.340385,33.45372
10122,0,-111.978355,33.628124
10123,0,-111.891396,33.639652
10124,2530,-112.01418,33.596596
10125,2531,-112.09865,33.509674
10126,2532,-112.06551,33.576332
10127,2533,-111.922646,33.82522
10128,0,-111.72131,33.366463
10129,0,-112.07375,33.565098
10130,2534,-112.07427,33.447517
10131,0,-111.925316,33.577934
10132,0,-111.926025,33.623665
10133,2535,-115.15421,36.119675
10134,0,-111.93498,33.480534
10135,2536,-111.95986,33.347137
10136,2,-111.93962,33.42344
10137,2537,-112.20145,33.637093
10138,2538,-111.94858,33.832657
10139,2539,-112.15237,33.570454
10140,2,-111.94329,33.421608
10141,10,-115.090195,36.116203
10142,2540,-115.13952,36.169872
10143,2,-115.16876,36.12438
10144,2,-111.92559,33.51006
10145,2541,-111.944756,33.421448
10146,0,-115.140465,36.16794
10147,2,-115.17153,36.117573
10148,10,-115.11901,36.23865
10149,2542,-111.95176,33.422905
10150,2543,-112.20527,33.459717
10151,2544,-112.11111,33.711292
10152,2545,-112.06899,33.45917
10153,0,-112.07966,33.445744
10154,10,-112.073425,33.447334
10155,2546,-111.78514,33.334938
10156,0,-111.940254,33.425964
10157,0,-112.07472,33.463173
10158,2547,-112.355965,33.641495
10159,2548,-111.85595,33.725967
10160,2549,-111.88511,33.53767
10161,0,-111.77975,33.37889
10162,2550,-111.752884,33.37769
10163,0,-111.90851,33.486828
10164,0,-111.886246,33.65137
10165,0,-111.89235,33.30773
10166,0,-115.19878,36.099304
10167,0,-111.95375,33.407803
10168,0,-112.04739,33.4692
10169,0,-112.08277,33.45884
10170,0,-111.93395,33.49345
10171,0,-111.94475,33.421658
10172,0,-111.9263,33.497417
10173,0,-111.95895,33.343147
10174,0,-112.222336,33.63779
10175,0,-111.94043,33.42665
10176,2551,-112.07565,33.48025
10177,2,-115.13643,36.108112
10178,0,-112.127106,33.581795
10179,2552,-111.84179,33.415424
10180,2,-111.842255,33.302425
10181,0,-112.002304,33.694828
10182,0,-111.92697,33.462616
10183,0,-111.89158,33.628574
10184,0,-112.18157,33.539257
10185,2,-111.92053,33.489132
10186,0,-111.96154,33.31921
10187,0,-111.944756,33.421448
10188,0,-111.756996,33.26218
10189,0,-112.07802,33.46546
10190,0,-111.80594,33.33377
10191,0,-111.63411,33.250214
10192,2,-115.20247,36.144047
10193,2,-112.05608,33.431557
10194,0,-111.899925,33.297394
10195,0,-112.05608,33.431557
10196,0,-111.7567,33.291313
10197,0,-112.05608,33.431557
10198,10,-115.30971,36.11463
10199,0,-111.91612,33.4083
10200,2553,-111.92637,33.500492
10201,0,-111.86773,33.43473
10202,0,-112.05608,33.431557
10203,2554,-111.96894,33.420433
10204,2555,-111.84179,33.415424
10205,0,-111.8905,33.320286
10206,0,-111.88658,33.421803
10207,0,-111.685936,33.465904
10208,0,-112.0404,33.509445
10209,0,-112.019775,33.495438
10210,0,-111.922775,33.50169
10211,0,-111.77165,33.406406
10212,0,-112.391754,33.62338
10213,2556,-111.752594,33.39309
10214,0,-115.17618,36.115856
10215,0,-112.07476,33.50723
10216,2557,-112.05694,33.436794
10217,10,-112.06476,33.4713
10218,0,-112.07248,33.448296
10219,2558,-112.06555,33.488495
10220,0,-111.90788,33.522945
10221,2559,-111.92706,33.30481
10222,2560,-111.790245,33.279526
10223,0,-112.14925,34.048668
10224,0,-111.86092,33.336273
10225,0,-112.04716,33.524086
10226,2561,-111.63411,33.250214
10227,2562,-111.88332,33.583534
10228,0,-111.928185,33.501774
10229,0,-111.92482,33.7001
10230,0,-111.98769,33.449287
10231,0,-115.1568,36.10315
10232,1603,-111.92555,33.492203
10233,0,-112.09909,33.552475
10234,0,-111.97988,33.30578
10235,0,-111.93685,33.42355
10236,2563,-111.90811,33.406574
10237,2564,-111.74318,33.383457
10238,0,-111.84763,33.378475
10239,0,-111.6692,33.30979
10240,0,-111.790115,33.356728
10241,0,-111.75614,33.36745
10242,0,-111.75604,33.37859
10243,0,-111.97681,33.378315
10244,2565,-111.842354,33.302902
10245,2566,-111.940254,33.424503
10246,0,-111.96778,33.305794
10247,2,-115.17375,36.103863
10248,2,-112.23156,33.63774
10249,2,-115.17581,36.08995
10250,2,-115.17618,36.115856
10251,2,-112.04086,33.431583
10252,0,-111.89219,33.62283
10253,1969,-112.24006,33.611202
10254,2567,-111.92796,33.490696
10255,0,-112.27959,33.464706
10256,0,-112.18452,33.569023
10257,0,-111.85926,33.319534
10258,0,-111.8859,33.545685
10259,0,-112.07291,33.44691
10260,2,-112.072395,33.448742
10261,0,-111.89853,33.301712
10262,0,-112.012634,33.448505
10263,0,-111.949,33.3781
10264,2568,-112.012634,33.448505
10265,0,-112.170334,33.46561
10266,2,-73.56912,45.496006
10267,2,-115.17781,36.093067
10268,10,-115.280014,36.056793
10269,2,-115.173515,36.103
10270,2,-112.098,33.4482
10271,2,-115.164345,36.06004
10272,2,-111.949165,33.34961
10273,0,-111.75256,33.28687
10274,2,-115.172554,36.115673
10275,2,-112.036964,33.60594
10276,2,-115.17106,36.11242
10277,0,-111.92226,33.379604
10278,2,-112.02814,33.510223
10279,2,-115.15112,36.086338
10280,2,-115.14214,36.17187
10281,0,-111.79094,33.379986
10282,2,-115.13759,36.14262
10283,2,-111.68624,33.34225
10284,2,-111.93881,33.426064
10285,2,-112.073425,33.447334
10286,2,-115.17784,36.092987
10287,0,-111.86027,33.262383
10288,0,-111.68492,33.436592
10289,2,-115.17253,36.10185
10290,2,-115.13567,36.176983
10291,0,-112.26275,33.527668
10292,2,-115.148766,36.0867
10293,2,-111.92857,33.498913
10294,2,-112.006714,33.435715
10295,2,-73.558716,45.500843
10296,2,-112.006714,33.435715
10297,2,-115.15421,36.119675
10298,98,-89.36402,43.111313
10299,2569,-115.14556,36.172424
10300,2,-81.0058,35.272568
10301,2,-112.036964,33.60594
10302,2,-80.944466,35.22019
10303,2,-115.176704,36.09028
10304,0,-112.20449,33.49598
10305,2,-115.15112,36.086338
10306,2,-115.17581,36.08995
10307,2,-115.17103,36.099377
10308,0,-112.07669,33.451775
10309,0,-111.924286,33.624977
10310,0,-111.85726,33.409737
10311,2,-111.9276,33.498474
10312,2,-115.17315,36.10988
10313,2,-115.17413,36.109634
10314,10,-115.20888,36.09506
10315,2,-111.93395,33.49345
10316,2,-80.86122,35.21396
10317,2,-115.175804,36.09531
10318,2,-73.607735,45.53625
10319,2,-115.17435,36.113964
10320,2570,-3.1824346,55.950832
10321,2,-112.04086,33.431583
10322,2,-115.17179,36.1112
10323,0,-111.90967,33.37872
10324,0,-115.15387,36.110085
10325,0,-111.940254,33.425964
10326,2,-112.26605,33.53391
10327,2,-115.173004,36.08616
10328,0,-112.41492,33.62566
10329,2,-115.17086,36.10993
10330,2,-115.137505,36.08225
10331,0,-112.006714,33.435715
10332,2,-111.78669,33.392567
10333,0,-111.89814,33.62055
10334,0,-112.362564,33.63822
10335,2,-115.17704,36.10762
10336,0,-111.92566,33.51083
10337,0,-111.87502,33.276276
10338,2,-111.99783,33.437214
10339,2,-115.16961,36.121456
10340,10,-115.16363,36.13698
10341,2,-115.242485,36.146217
10342,2,-115.17483,36.13367
10343,0,-111.96063,33.64
10344,2,-111.91064,33.37077
10345,2571,-111.923294,33.50128
10346,2,-115.17593,36.068153
10347,2,-115.17538,36.09194
10348,0,-115.11803,36.02843
10349,2572,-111.99783,33.437214
10350,2,-111.991516,33.26663
10351,10,-115.224075,36.12743
10352,2,-115.15112,36.086338
10353,0,-111.85686,33.423595
10354,2,-112.006714,33.435715
10355,2,-115.1359,36.133198
10356,0,-112.115364,33.552773
10357,2,-112.006714,33.435715
10358,2,-112.07275,33.447258
10359,2,-115.21254,36.074673
10360,0,-111.9104,33.361336
10361,2,-115.17601,36.104332
10362,2,-115.16456,36.131496
10363,0,-112.23695,33.627163
10364,2,-111.92398,33.550922
10365,2,-115.17143,36.110447
10366,0,-111.72112,33.36568
10367,0,-112.07232,33.457657
10368,2,-115.17087,36.10242
10369,0,-111.92585,33.31924
10370,2,-115.177,36.11199
10371,0,-111.91026,33.39371
10372,2,-112.006714,33.435715
10373,0,-112.04086,33.431583
10374,10,-115.293,36.160576
10375,0,-111.75335,33.380646
10376,0,-111.7212,33.3666
10377,10,-115.280426,36.056282
10378,2,-115.17234,36.110107
10379,2,-80.832275,35.155388
10380,0,-111.93828,33.392776
10381,10,-115.136215,36.103954
10382,2,-115.15475,36.12697
10383,2,-115.180664,36.291985
10384,2,-115.17087,36.10242
10385,2,-111.99899,33.436527
10386,2,-115.186485,36.1187
10387,2,-115.17613,36.092182
10388,2,-112.006714,33.435715
10389,0,-111.944046,33.436962
10390,2,-115.17259,36.112953
10391,10,-115.07972,36.180275
10392,10,-115.2924,36.157043
10393,2,-115.20974,36.114937
10394,2,-80.002335,40.4438
10395,2,-111.918686,33.566635
10396,2,-112.006714,33.435715
10397,2,-111.92942,33.50284
10398,10,-115.25931,36.191574
10399,10,-115.297485,36.11145
10400,2,-115.176315,36.109913
10401,0,-111.841156,33.31183
10402,0,-111.97839,33.303967
10403,2,-115.17306,36.091965
10404,2,-115.17459,36.112022
10405,0,-111.90998,33.347878
10406,2,-115.17849,36.10924
10407,0,-115.19528,36.11444
10408,2,-111.96635,33.31977
10409,10,-115.20575,36.279865
10410,10,-115.17641,36.11316
10411,2,-111.88846,33.70003
10412,2,-115.13902,36.088516
10413,2,-111.91728,33.465336
10414,2,-115.15112,36.086338
10415,2,-89.452484,43.074177
10416,2,-115.17089,36.11006
10417,2,-115.164635,36.15917
10418,2,-115.17333,36.119556
10419,2573,-112.116196,33.575203
10420,98,-89.361435,43.085674
10421,2,-115.17602,36.094254
10422,10,-115.1873,36.11812
10423,2,-112.006714,33.435715
10424,2574,-111.953674,33.42176
10425,2,-115.172295,36.127068
10426,0,-111.790375,33.260693
10427,0,-115.31454,36.10593
10428,0,-111.941376,33.423275
10429,2,-115.17516,36.091866
10430,2575,-111.68714,33.385166
10431,2576,-111.91763,33.494164
10432,2,-115.13567,36.176983
10433,2,-112.006714,33.435715
10434,2,-115.17618,36.115856
10435,2577,-112.13178,33.626698
10436,2,-115.17496,36.121323
10437,2,-115.19397,36.12618
10438,0,-111.78678,33.450356
10439,2,-115.15421,36.118145
10440,20,-3.20841,55.93657
10441,0,-111.92177,33.636818
10442,2,-115.176315,36.109913
10443,0,-111.92942,33.50284
10444,10,-111.90513,33.41494
10445,2,-112.006714,33.435715
10446,2,-111.9409,33.424564
10447,0,-111.924446,33.526966
10448,2578,-115.1779,36.11717
10449,10,-111.891785,33.623486
10450,2,-111.87686,33.54105
10451,2,-112.35612,33.636974
10452,0,-111.922874,33.463078
10453,2,-111.99434,33.43419
10454,2,-111.93881,33.426064
10455,2,-115.15112,36.086338
10456,0,-111.75252,33.30684
10457,0,-111.91717,33.63596
10458,2,-89.36432,43.083252
10459,2,-115.19397,36.12618
10460,2,-115.176155,36.09279
10461,2,-115.17593,36.068153
10462,0,-112.23345,33.634666
10463,0,-112.04001,33.505775
10464,10,-115.2858,36.158028
10465,2579,-111.892395,33.582485
10466,2,-115.171776,36.102093
10467,17,-80.839645,35.15207
10468,0,-111.918205,33.501457
10469,2,-115.15112,36.086338
10470,0,-112.36344,33.638203
10471,0,-112.02123,33.496204
10472,2,-115.240265,36.19804
10473,2,-115.17684,36.1206
10474,0,-111.63555,33.377388
10475,2,-115.17234,36.110107
10476,0,-112.114784,33.715424
10477,2580,-112.01307,33.610554
10478,0,-112.07379,33.435524
10479,2581,-111.841156,33.29266
10480,0,-111.92448,33.62557
10481,10,-115.05399,36.036213
10482,2,-112.006714,33.435715
10483,2,-115.16363,36.13698
10484,0,-111.89652,33.305275
10485,2,-115.20198,36.10272
10486,2,-112.18518,33.611202
10487,2582,-111.9267,33.413124
10488,2,-115.14639,36.081303
10489,2,-112.006714,33.435715
10490,0,-112.18789,33.666695
10491,0,-111.892395,33.582485
10492,2583,-111.92621,33.53352
10493,2,-115.17275,36.106205
10494,0,-111.92589,33.586834
10495,2,-111.87926,33.63937
10496,0,-111.7922,33.276756
10497,0,-112.336426,33.61057
10498,2,-112.000565,33.433685
10499,2,-111.90545,33.432915
10500,2584,-111.7922,33.276756
10501,10,-89.34674,43.134033
10502,2,-111.99968,33.43605
10503,2,-115.172424,36.101204
10504,2585,-111.89253,33.69909
10505,10,-115.11952,36.01592
10506,0,-111.92562,33.493855
10507,0,-111.88075,33.55738
10508,0,-111.791626,33.235634
10509,2,-112.006714,33.435715
10510,0,-111.99411,33.479755
10511,2,-115.167755,36.123943
10512,2,-111.9259,33.585285
10513,2,-115.18646,36.11876
10514,2,-112.006714,33.435715
10515,2,-115.16427,36.059887
10516,2,-115.17829,36.119133
10517,2,-115.169754,36.102917
10518,2586,-115.33387,36.152832
10519,10,-112.006714,33.435715
10520,0,-112.07285,33.449226
10521,2,-112.11646,33.560856
10522,2,-112.006714,33.435715
10523,2,-115.16858,36.123478
10524,2,-73.575935,45.5022
10525,2,-111.995705,33.63991
10526,2,-115.16818,36.117462
10527,2,-89.36432,43.083252
10528,0,-111.96597,33.380142
10529,0,-112.135994,33.56674
10530,0,-111.90446,33.433537
10531,10,-115.176414,36.092564
10532,0,-112.136734,33.391064
10533,0,-111.957985,33.40045
10534,0,-112.10023,33.626423
10535,10,-112.006714,33.435715
10536,2587,-111.868645,33.393227
10537,10,-115.28992,36.160503
10538,0,-112.006714,33.435715
10539,2,-112.006714,33.435715
10540,2,-111.92454,33.530727
10541,2,-111.99899,33.436527
10542,2,-112.006714,33.435715
10543,0,-115.16923,36.121773
10544,2,-115.17089,36.114025
10545,2,-112.006714,33.435715
10546,0,-111.88343,33.305298
10547,2,-111.84298,33.60665
10548,2588,-112.006714,33.435715
10549,0,-111.97838,33.627045
10550,2,-115.16938,36.12179
10551,2589,-112.16333,33.318974
10552,2,-115.174416,36.127724
10553,0,-111.91804,33.69925
10554,2,-111.997826,33.43523
10555,2,-112.006714,33.435715
10556,2,-112.006714,33.435715
10557,10,-115.17858,36.106277
10558,0,-111.92707,33.43693
10559,0,-111.78991,33.355118
10560,0,-112.080894,33.47994
10561,2590,-111.63411,33.250214
10562,2591,-111.97858,33.677853
10563,2592,-111.874146,33.31923
10564,0,-111.96338,33.675327
10565,2593,-111.858406,33.320225
10566,2594,-111.93121,33.376648
10567,0,-111.92651,33.47167
10568,0,-112.10129,33.678238
10569,0,-111.932274,33.65684
10570,2595,-111.99583,33.44388
10571,0,-111.76328,33.45083
10572,0,-112.20556,33.66659
10573,2596,-111.94031,33.423107
10574,2597,-111.9288,33.49526
10575,0,-111.87572,33.27626
10576,2,-73.6028,45.47854
10577,10,-115.17712,36.13198
10578,2,-115.17557,36.118473
10579,0,-111.92579,33.42361
10580,0,-111.875916,33.276257
10581,10,-115.13664,36.11486
10582,0,-111.874825,33.3346
10583,2598,-111.9075,33.421463
10584,0,-112.15278,33.655704
10585,0,-111.97094,33.403538
10586,0,-111.84253,33.303234
10587,0,-111.68691,33.232372
10588,2,-115.24186,36.062195
10589,2599,-111.96175,33.40655
10590,0,-111.859726,33.339962
10591,2600,-111.936615,33.37798
10592,2601,-111.98597,33.44858
10593,2602,-112.03147,33.48778
10594,2,-112.04096,33.431335
10595,2,-111.96897,33.378757
10596,0,-111.93472,33.42403
10597,0,-111.92495,33.492466
10598,2603,-111.66938,33.388798
10599,0,-111.89312,33.306385
10600,2604,-115.17086,36.10993
10601,0,-111.92445,33.539402
10602,0,-111.95943,33.522007
10603,0,-111.75418,33.385548
10604,2425,-111.92535,33.633804
10605,0,-112.06498,33.524887
10606,0,-111.86972,33.5409
10607,2605,-111.92269,33.500526
10608,0,-111.9011,33.34931
10609,0,-111.909775,33.41427
10610,2,-112.02884,33.447506
10611,0,-112.08711,33.45496
10612,0,-115.13637,36.145214
10613,2606,-111.742386,33.301224
10614,2,-112.23156,33.63774
10615,2,-111.89016,33.56907
10616,2607,-111.927,33.474373
10617,2,-111.98476,33.44567
10618,0,-111.888626,33.675133
10619,2,-115.13567,36.176983
10620,10,-111.90296,33.43214
10621,0,-111.943146,33.38021
10622,2,-111.99446,33.434063
10623,2608,-111.97988,33.30578
10624,2609,-112.10483,33.712284
10625,0,-111.831474,33.415382
10626,2,-111.92584,33.49162
10627,0,-111.88324,33.583565
10628,0,-111.874306,33.31953
10629,0,-112.09457,33.636158
10630,0,-111.93966,33.42373
10631,2,-115.16146,36.14413
10632,2610,-111.90999,33.350185
10633,0,-115.173775,36.090916
10634,10,-112.26605,33.53391
10635,10,-111.742516,33.31984
10636,2611,-111.926025,33.623665
10637,2612,-111.9198,33.375698
10638,2613,-112.03558,33.509747
10639,2614,-112.115814,33.56101
10640,2615,-112.118774,33.572517
10641,2616,-111.96473,33.340286
10642,2617,-111.78991,33.355118
10643,0,-111.91622,33.49664
10644,2618,-111.93145,33.494205
10645,0,-112.261795,33.53378
10646,2619,-112.122604,33.581367
10647,0,-111.80486,33.33455
10648,0,-112.011116,33.378845
10649,0,-111.87581,33.321728
10650,2620,-111.917816,33.49919
10651,0,-111.938225,33.378216
10652,2621,-111.888626,33.675133
10653,1308,-111.88911,33.30665
10654,0,-112.056656,33.30509
10655,0,-111.943306,33.42127
10656,0,-111.96644,33.37798
10657,0,-111.93621,33.378216
10658,0,-111.842514,33.300156
10659,0,-111.94031,33.423107
10660,0,-111.94026,33.83301
10661,2622,-111.92555,33.492203
10662,2623,-111.92328,33.676228
10663,2624,-112.23992,33.595974
10664,0,-112.07409,33.512627
10665,0,-111.97,33.45
10666,2625,-111.96375,33.31742
10667,0,-111.99478,33.337704
10668,0,-112.119194,33.60981
10669,2626,-111.754906,33.3078
10670,2627,-111.717804,33.234596
10671,2628,-111.91175,33.366447
10672,2425,-112.0135,33.583496
10673,2629,-111.923134,33.825676
10674,0,-111.97,33.45
10675,2630,-111.97,33.45
10676,0,-111.875786,33.36281
10677,0,-111.743095,33.301903
10678,10,-111.689964,33.385593
10679,0,-111.92688,33.500206
10680,2631,-112.16784,33.61331
10681,2,-111.807144,33.333275
10682,0,-111.93084,33.439484
10683,0,-112.28051,33.46678
10684,0,-111.92857,33.498913
10685,2632,-112.2494,33.388824
10686,0,-112.01323,33.47383
10687,0,-111.91631,33.451744
10688,0,-112.09144,33.45804
10689,2633,-112.044304,33.40682
10690,0,-115.171776,36.102093
10691,2634,-112.0536,33.426933
10692,0,-112.02401,33.392956
10693,0,-112.06535,33.519577
10694,2,-115.16841,36.12458
10695,2635,-112.09614,33.510094
10696,0,-112.03918,33.494343
10697,0,-112.12949,33.48345
10698,0,-111.92239,33.501007
10699,0,-111.92563,33.49171
10700,0,-112.232635,33.63769
10701,0,-111.85414,33.40779
10702,2636,-112.20235,33.481304
10703,2637,-111.9759,33.495018
10704,0,-111.859726,33.339962
10705,10,-111.78979,33.357132
10706,2638,-111.93643,33.422665
10707,0,-111.85794,33.27528
10708,10,-115.33276,36.15119
10709,2639,-111.92742,33.499
10710,2640,-111.8598,33.32111
10711,0,-111.874176,33.362934
10712,2,-111.97389,33.317898
10713,0,-112.02222,33.3782
10714,2641,-111.90812,33.393623
10715,10,-115.11703,36.02034
10716,2642,-112.0706,33.3791
10717,0,-112.27196,33.552067
10718,10,-115.241516,36.064106
10719,2,-80.84366,35.223915
10720,2,-112.07379,33.435524
10721,10,-111.9759,33.495018
10722,2,-115.17726,36.094547
10723,2,-115.28143,36.055153
10724,2643,-115.14636,36.171658
10725,0,-111.74079,33.377853
10726,0,-112.07285,33.449226
10727,0,-111.98363,33.30443
10728,0,-112.11672,33.53954
10729,0,-111.900154,33.522736
10730,0,-112.15217,33.479485
10731,2644,-111.97839,33.303967
10732,2645,-112.23629,33.633305
10733,2646,-111.86032,33.314144
10734,2,-111.99458,33.30467
10735,2647,-111.95117,33.421658
10736,0,-111.916046,33.696815
10737,0,-111.9107,33.362858
10738,0,-112.0739,33.500202
10739,10,-111.92503,33.565964
10740,2648,-111.925255,33.508804
10741,0,-112.07373,33.381145
10742,2421,-112.17335,33.377586
10743,2649,-112.170334,33.46561
10744,0,-112.07327,33.479782
10745,2650,-111.896645,33.625317
10746,0,-112.02123,33.496204
10747,2,-112.027016,33.377003
10748,2,-111.99559,33.511234
10749,0,-115.170906,36.103455
10750,0,-111.88557,33.306805
10751,2651,-111.85714,33.26121
10752,0,-112.07802,33.46546
10753,2652,-111.90225,33.349472
10754,0,-112.04244,33.471443
10755,2,-115.17318,36.110085
10756,0,-111.929596,33.414406
10757,2,-111.84085,33.28455
10758,2653,-111.69835,33.39345
10759,0,-111.71847,33.43645
10760,2,-112.000565,33.433685
10761,0,-111.871216,33.433098
10762,2654,-111.875916,33.276257
10763,2,-115.15112,36.086338
10764,2655,-111.94684,33.30385
10765,0,-112.395386,33.638645
10766,2656,-111.96165,33.391808
10767,2657,-111.979904,33.306664
10768,0,-111.93256,33.625645
10769,0,-111.93744,33.423515
10770,2658,-115.176414,36.092564
10771,1033,-111.98909,33.42159
10772,0,-111.96717,33.421413
10773,0,-112.01291,33.39068
10774,0,-112.046555,33.50925
10775,0,-115.13803,36.11883
10776,0,-112.22137,33.467903
10777,2659,-111.93744,33.423515
10778,2660,-112.26056,33.534855
10779,2661,-111.841866,33.30207
10780,0,-112.04677,33.50889
10781,0,-111.871216,33.433098
10782,2662,-111.7253,32.879917
10783,0,-111.958885,33.34871
10784,2663,-111.95709,33.377953
10785,0,-111.91002,33.481018
10786,2664,-112.27418,33.464333
10787,0,-112.07802,33.46546
10788,0,-111.85977,33.274754
10789,2665,-111.877106,33.337326
10790,2,-115.135,36.1155
10791,0,-115.15401,36.1169
10792,2666,-115.16967,36.11949
10793,0,-111.72063,33.23511
10794,2,-111.92496,33.498177
10795,0,-111.821304,33.349445
10796,0,-111.94684,33.30385
10797,2667,-112.0846,33.34697
10798,0,-111.71934,33.292027
10799,0,-111.84258,33.299873
10800,2668,-111.84253,33.303234
10801,0,-112.0846,33.34697
10802,0,-111.73239,33.258827
10803,0,-112.0846,33.34697
10804,2669,-111.96016,33.421318
10805,0,-111.9224,33.500626
10806,1308,-111.84253,33.303234
10807,0,-111.955025,33.348557
10808,2670,-111.92563,33.49171
10809,2671,-111.9258,33.477177
10810,0,-89.51837,43.07617
10811,0,-111.841,33.33083
10812,2672,-112.07484,33.447174
10813,2673,-111.975815,33.321735
10814,0,-111.91261,33.363747
10815,0,-115.17437,36.10206
10816,0,-111.92699,33.363747
10817,0,-111.899635,33.554825
10818,0,-111.84111,33.363014
10819,0,-111.938385,33.39157
10820,0,-111.975815,33.321735
10821,2674,-111.92595,33.422276
10822,2675,-111.96943,33.32127
10823,0,-111.94353,33.62466
10824,2676,-111.97982,33.49482
10825,0,-112.07339,33.513504
10826,0,-115.17306,36.091965
10827,0,-112.09243,33.683323
10828,1589,-112.0275,33.510235
10829,2677,-111.9754,33.32041
10830,0,-112.07064,33.44898
10831,0,-111.94975,33.349735
10832,0,-111.82591,33.29265
10833,0,-111.977715,33.317287
10834,0,-111.77229,33.415154
10835,0,-111.87594,33.337257
10836,0,-112.072014,33.455708
10837,10,-111.90888,33.395096
10838,0,-111.924065,33.580276
10839,0,-111.87567,33.321564
10840,0,-112.04461,33.069534
10841,2678,-111.8902,33.319973
10842,2,-111.97616,33.347683
10843,2679,-112.07908,33.49112
10844,0,-111.964966,33.501846
10845,0,-111.84253,33.33787
10846,0,-111.886635,33.57124
10847,0,-111.86027,33.262383
10848,0,-111.72101,33.43516
10849,0,-111.904366,33.49285
10850,0,-112.07469,33.484142
10851,2,-115.17217,36.11089
10852,0,-111.977776,33.33193
10853,0,-111.75614,33.36745
10854,0,-111.91341,33.408203
10855,0,-111.9397,33.423706
10856,2680,-112.073425,33.447334
10857,0,-115.17305,36.118965
10858,2,-111.85977,33.274754
10859,2681,-111.92589,33.586834
10860,0,-111.925766,33.319527
10861,2682,-111.89841,33.30477
10862,2683,-112.23287,33.47082
10863,10,-112.07371,33.456326
10864,0,-111.87757,33.333683
10865,0,-112.11054,33.64068
10866,20,-3.1827185,55.949398
10867,0,-111.874146,33.31923
10868,2684,-111.79526,33.32913
10869,2257,-111.955025,33.348557
10870,0,-111.967804,33.320557
10871,2685,-112.099915,33.503017
10872,0,-111.94983,33.3496
10873,2686,-111.925896,33.5025
10874,0,-111.85983,33.36073
10875,0,-111.96935,33.305843
10876,0,-111.90197,33.306137
10877,0,-115.14124,36.172813
10878,0,-111.98137,33.60277
10879,747,-112.03218,33.377945
10880,2687,-111.57222,33.170277
10881,2688,-115.17818,36.10713
10882,0,-111.92365,33.625546
10883,0,-111.993385,33.408028
10884,2689,-111.927,33.474373
10885,0,-112.04471,33.070225
10886,2690,-111.982285,33.32033
10887,2691,-111.962555,33.33564
10888,2692,-111.9796,33.331047
10889,0,-115.173836,36.117283
10890,1363,-111.969185,33.319244
10891,0,-112.27215,33.42205
10892,2693,-111.97988,33.30578
10893,2694,-111.8591,33.377247
10894,0,-115.15097,36.085175
10895,0,-111.87757,33.333683
10896,2695,-111.92563,33.49171
10897,2696,-111.842735,33.334564
10898,0,-111.78781,33.37842
10899,2697,-111.8902,33.319973
10900,0,-111.9796,33.331047
10901,0,-112.06836,33.457863
10902,0,-111.9796,33.331047
10903,0,-112.116264,33.576405
10904,0,-111.97964,33.329365
10905,0,-111.98044,33.331882
10906,2698,-111.92782,33.362946
10907,2,-115.17413,36.121143
10908,0,-111.93744,33.423515
10909,0,-112.048454,33.061577
10910,0,-112.07379,33.435524
10911,2699,-111.966354,33.30606
10912,0,-111.949165,33.34961
10913,0,-111.92782,33.362946
10914,2700,-111.92248,33.49433
10915,2701,-111.9498,33.349556
10916,10,-115.22625,36.086525
10917,0,-111.79008,33.36018
10918,1067,-111.686104,33.38569
10919,2702,-111.91197,33.335354
10920,0,-111.75561,33.345997
10921,0,-111.92665,33.609993
10922,0,-112.00424,33.316216
10923,2703,-111.9819,33.348164
10924,0,-111.91029,33.321354
10925,0,-112.036964,33.60594
10926,0,-111.92659,33.349117
10927,0,-111.75276,33.395096
10928,0,-111.9253,33.685688
10929,2704,-111.983345,33.319447
10930,0,-111.92655,33.506542
10931,0,-111.84763,33.378475
10932,0,-111.962555,33.33564
10933,0,-111.98212,33.331654
10934,0,-111.82165,33.372013
10935,0,-111.97786,33.33392
10936,0,-111.908516,33.5381
10937,2705,-111.742516,33.31984
10938,2706,-111.842255,33.302425
10939,2707,-111.9198,33.375698
10940,0,-111.87564,33.336
10941,2708,-112.10023,33.626423
10942,2709,-111.92683,33.37916
10943,2710,-111.95134,33.33953
10944,0,-112.35909,33.608376
10945,2711,-112.03082,33.37865
10946,0,-111.97652,33.31724
10947,0,-111.85966,33.337532
10948,0,-111.75855,33.307358
10949,0,-111.93841,33.391586
10950,0,-111.85791,33.235134
10951,2,-115.17205,36.11012
10952,0,-111.790085,33.35524
10953,0,-112.13459,33.595837
10954,0,-111.99131,33.305824
10955,0,-111.71776,33.436073
10956,2712,-115.295586,36.114517
10957,0,-111.925,33.508865
10958,0,-112.05627,33.472767
10959,0,-111.789856,33.356342
10960,2713,-111.93356,33.492912
10961,2714,-111.92902,33.50251
10962,2715,-111.73717,33.384033
10963,2716,-111.86569,33.53887
10964,2680,-111.9168,33.421745
10965,2717,-111.68421,33.389267
10966,2717,-111.89915,33.556744
10967,2718,-111.68976,33.37799
10968,2,-111.686104,33.38569
10969,2719,-111.747284,33.29401
10970,0,-111.92902,33.50251
10971,2720,-111.627,33.249195
10972,2721,-111.757416,33.34818
10973,0,-111.99224,33.30566
10974,98,-112.28032,33.465923
10975,2722,-111.789276,33.355034
10976,0,-111.907875,33.377914
10977,0,-111.97039,33.319077
10978,0,-111.68562,33.385014
10979,2723,-111.8879,33.407997
10980,0,-111.92397,33.634453
10981,0,-111.80894,33.335884
10982,0,-111.789856,33.356342
10983,0,-111.969185,33.319244
10984,2724,-111.977715,33.317287
10985,2725,-111.92696,33.448082
10986,0,-112.00424,33.316216
10987,0,-112.00424,33.316216
10988,0,-111.67527,33.212574
10989,0,-111.85832,33.32686
10990,2,-111.98224,33.319267
10991,0,-111.98224,33.319267
10992,0,-111.87605,33.3627
10993,0,-112.073685,33.396343
10994,2726,-111.9405,33.4272
10995,0,-112.10402,33.68399
10996,0,-111.92917,33.36505
10997,0,-111.90998,33.347878
10998,0,-111.692986,33.37994
10999,2727,-111.72537,33.609688
11000,0,-111.96481,33.378925
11001,1748,-111.833115,33.41547
11002,0,-111.9708,33.32128
11003,0,-111.88343,33.305298
11004,0,-111.83941,33.42292
11005,2728,-111.977356,33.320473
11006,2729,-111.98352,33.33092
11007,2730,-112.36449,33.486088
11008,0,-111.969604,33.318913
11009,0,-111.98006,33.31898
11010,0,-111.90426,33.433044
11011,0,-111.92563,33.49171
11012,2731,-111.82497,33.363434
11013,2732,-111.969185,33.319244
11014,0,-111.92133,33.636242
11015,0,-111.93022,33.321712
11016,0,-111.96382,33.44613
11017,2733,-111.92615,33.625362
11018,0,-111.91851,33.41533
11019,0,-111.96912,33.32136
11020,0,-111.97575,33.31931
11021,2734,-111.937614,33.377888
11022,2735,-111.90998,33.347878
11023,0,-111.92737,33.50323
11024,0,-111.858116,33.363865
11025,2736,-111.84253,33.303234
11026,2737,-111.92707,33.43693
11027,0,-111.89279,33.31844
11028,2,-111.92766,33.363224
11029,2738,-115.17465,36.10597
11030,0,-111.89338,33.618755
11031,2739,-111.95213,33.399364
11032,2740,-111.80548,33.378067
11033,2741,-111.96487,33.356773
11034,0,-111.93152,33.493298
11035,2742,-111.90133,33.297695
11036,1212,-111.83933,33.246418
11037,0,-111.86019,33.306553
11038,2743,-111.7567,33.291313
11039,2744,-111.982285,33.32033
11040,0,-111.98909,33.42159
11041,2,-111.97652,33.31724
11042,2745,-111.96372,33.34416
11043,2746,-112.07052,33.436832
11044,2747,-111.92761,33.36419
11045,0,-111.94087,33.421497
11046,2,-115.16559,36.12689
11047,0,-111.90991,33.407425
11048,0,-112.08225,33.516342
11049,0,-111.8905,33.320286
11050,0,-112.073425,33.447334
11051,0,-111.894196,33.583138
11052,2748,-112.08282,33.500736
11053,0,-111.927124,33.459255
11054,2749,-111.89234,33.582268
11055,2750,-111.875244,33.40565
11056,0,-111.74358,33.30868
11057,0,-111.98333,33.34819
11058,2751,-111.90545,33.432915
11059,0,-111.75499,33.351376
11060,2752,-111.92769,33.499382
11061,2753,-111.9161,33.419567
11062,0,-111.8741,33.31915
11063,0,-111.88815,33.56837
11064,0,-111.82242,33.349316
11065,2754,-111.78979,33.357132
11066,0,-111.943954,33.42853
11067,0,-111.90968,33.407425
11068,2755,-111.96246,33.32168
11069,0,-112.11762,33.524418
11070,2756,-111.90914,33.3927
11071,0,-112.073395,33.477222
11072,2757,-80.81488,35.22101
11073,0,-111.583275,33.220783
11074,10,-112.04767,33.483723
11075,0,-111.78973,33.354954
11076,2758,-111.97484,33.306046
11077,2759,-111.842514,33.300156
11078,2760,-111.85983,33.36073
11079,0,-112.02839,33.510456
11080,0,-111.88407,33.261177
11081,0,-111.94684,33.30385
11082,2761,-111.94049,33.423412
11083,0,-111.958885,33.34871
11084,2,-115.17497,36.095417
11085,2,-80.93391,35.075474
11086,0,-111.52429,32.97815
11087,2762,-111.878235,33.375183
11088,0,-111.84111,33.363014
11089,0,-111.87436,33.336075
11090,2763,-111.803024,33.384624
11091,0,-111.892334,33.421642
11092,2764,-111.955025,33.348557
11093,10,-115.138504,36.117256
11094,2,-111.92415,33.50155
11095,2765,-111.98374,33.31973
11096,0,-112.07391,33.506207
11097,2766,-112.10129,33.678238
11098,2767,-111.96869,33.344906
11099,0,-111.627,33.249195
11100,2768,-111.6387,33.255863
11101,2769,-112.22263,33.609577
11102,2770,-112.073616,33.47703
11103,0,-111.97565,33.31796
11104,0,-111.98212,33.331654
11105,2771,-111.97389,33.317898
11106,0,-111.83743,33.415432
11107,0,-111.92754,33.480732
11108,0,-111.97995,33.347176
11109,0,-112.26063,33.534527
11110,0,-111.993385,33.408028
11111,1426,-111.91015,33.36143
11112,0,-111.976974,33.347782
11113,0,-111.85843,33.337612
11114,0,-112.03082,33.37865
11115,0,-111.982025,33.34806
11116,2772,-111.92575,33.406265
11117,2,-115.17076,36.123367
11118,0,-111.968,33.31929
11119,0,-111.78603,33.30524
11120,0,-111.90884,33.34826
11121,0,-111.87757,33.333683
11122,2773,-111.92922,33.497566
11123,2774,-111.93985,33.424675
11124,2775,-111.908585,33.39378
11125,2776,-112.00319,33.317657
11126,2777,-111.99131,33.305824
11127,0,-111.94457,33.335052
11128,17,-80.68446,35.138348
11129,2778,-112.073395,33.477222
11130,2779,-111.99242,33.304897
11131,0,-111.97904,33.33236
11132,2780,-111.98212,33.331654
11133,0,-111.9263,33.320377
11134,0,-112.126114,33.47456
11135,2781,-111.97698,33.34888
11136,2782,-112.18295,33.538418
11137,2783,-111.89652,33.305275
11138,2784,-111.99242,33.304897
11139,0,-111.982635,33.33124
11140,2785,-111.92645,33.497555
11141,2786,-111.806725,33.37938
11142,2185,-111.743095,33.301903
11143,0,-111.986916,33.449505
11144,0,-111.78777,33.379498
11145,0,-111.944405,33.319756
11146,0,-111.97565,33.31796
11147,2787,-111.927505,33.58317
11148,2788,-111.80705,33.38158
11149,2789,-111.96528,33.675354
11150,2790,-112.10967,33.712368
11151,2,-111.982635,33.33124
11152,2791,-111.89853,33.301712
11153,0,-111.97964,33.329365
11154,0,-111.8915,33.31989
11155,0,-111.842514,33.300156
11156,0,-111.84253,33.303234
11157,0,-111.96242,33.335423
11158,0,-111.93936,33.394043
11159,0,-111.93051,33.64885
11160,0,-111.90133,33.297695
11161,0,-111.92644,33.529903
11162,2792,-111.80768,33.392765
11163,0,-111.85603,33.264694
11164,0,-112.09868,33.46693
11165,0,-111.944756,33.421448
11166,2793,-111.94718,33.30594
11167,0,-111.899864,33.305237
11168,0,-111.88343,33.305298
11169,0,-111.91065,33.361435
11170,0,-111.87782,33.306465
11171,0,-111.92638,33.49853
11172,2794,-115.16961,36.121452
11173,2795,-112.04466,33.07018
11174,2796,-111.720535,33.323475
11175,0,-111.9224,33.500626
11176,0,-111.747284,33.29401
11177,2797,-111.79045,33.27883
11178,2798,-112.23992,33.611088
11179,2799,-112.06484,33.43726
11180,0,-111.842354,33.302765
11181,2800,-111.81804,33.415565
11182,10,-115.28344,36.055058
11183,2,-111.99421,33.434666
11184,2,-115.14528,36.17145
11185,2,-115.19777,36.126934
11186,2,-111.856964,33.235027
11187,2,-115.174355,36.092293
11188,2,-115.053116,36.047115
11189,10,-115.28533,36.15953
11190,2,-115.16084,36.139904
11191,0,-111.923065,33.49915
11192,0,-111.90849,33.430023
11193,2801,-111.8954,33.30398
11194,2,-115.17321,36.10679
11195,2802,-111.8326,33.589123
11196,0,-111.7427,33.308807
11197,0,-111.874146,33.31923
11198,2,-115.19189,36.126472
11199,2,-115.144745,36.17295
11200,2803,-115.29103,36.17573
11201,0,-111.91078,33.445614
11202,2804,-112.13472,33.843456
11203,0,-111.85832,33.32686
11204,2805,-111.84253,33.33787
11205,0,-111.90998,33.347878
11206,2806,-111.97203,33.37641
11207,2,-115.17659,36.091938
11208,2,-115.14998,36.1055
11209,0,-111.97385,33.465874
11210,0,-111.84192,33.302013
11211,0,-112.06497,33.522144
11212,2807,-111.9258,33.477177
11213,0,-112.18482,33.65357
11214,0,-111.85576,33.39053
11215,0,-111.63351,33.25473
11216,2,-111.87236,33.540802
11217,2,-115.14963,36.16695
11218,0,-111.585884,33.17787
11219,0,-112.35823,33.462337
11220,2808,-111.90258,33.305656
11221,2809,-111.85708,33.34842
11222,0,-111.7212,33.3666
11223,2810,-111.69662,33.384483
11224,0,-111.743195,33.303925
11225,0,-112.047104,33.530334
11226,2811,-111.90945,33.349525
11227,0,-111.93472,33.42403
11228,0,-111.923294,33.50128
11229,0,-111.973885,33.679356
11230,2812,-111.96797,33.317436
11231,0,-115.13567,36.176983
11232,0,-112.12435,33.666695
11233,0,-111.937614,33.377888
11234,0,-111.93037,33.32117
11235,2,-111.90197,33.306137
11236,0,-111.791626,33.235634
11237,0,-111.97403,33.371136
11238,2813,-112.26852,33.55204
11239,2814,-111.906,33.542786
11240,2,-112.09668,33.67647
11241,0,-112.11133,33.712105
11242,0,-111.741394,33.37802
11243,2815,-111.85926,33.31953
11244,0,-111.97865,33.30709
11245,2816,-111.88856,33.30633
11246,0,-111.84114,33.29091
11247,0,-111.83527,33.414715
11248,0,-111.875175,33.298653
11249,2817,-115.17496,36.121323
11250,2818,-111.85652,33.28284
11251,2819,-111.97913,33.305798
11252,0,-112.18803,33.538708
11253,0,-111.940346,33.425938
11254,2820,-112.06394,33.53876
11255,2821,-111.859726,33.339962
11256,2822,-112.15128,33.64083
11257,2823,-111.93637,33.366753
11258,0,-111.861885,33.334667
11259,2824,-111.969604,33.318913
11260,0,-112.04466,33.07018
11261,2825,-111.842514,33.300156
11262,2826,-111.89865,33.29834
11263,0,-111.94741,33.3045
11264,0,-111.97681,33.378315
11265,2827,-111.90753,33.392403
11266,2828,-112.085724,33.451614
11267,0,-112.119,33.63949
11268,2829,-112.18334,33.53896
11269,2830,-112.07461,33.474236
11270,2831,-111.807495,33.334015
11271,2832,-111.99458,33.30467
11272,2833,-111.913475,33.334187
11273,0,-111.909645,33.40716
11274,10,-115.17538,36.09194
11275,0,-111.790375,33.260693
11276,2834,-111.9775,33.332317
11277,0,-111.91728,33.465336
11278,2756,-111.969604,33.318913
11279,0,-111.97768,33.304264
11280,0,-111.89279,33.31844
11281,2835,-111.88934,33.696556
11282,0,-112.07192,33.448586
11283,0,-111.96199,33.33498
11284,2836,-111.97652,33.31724
11285,0,-111.99032,33.494995
11286,0,-111.93744,33.423515
11287,0,-111.7443,33.307983
11288,2837,-111.91693,33.42156
11289,0,-111.9748,33.280956
11290,0,-112.07397,33.513077
11291,0,-111.85966,33.313675
11292,2838,-115.17575,36.108307
11293,2839,-111.9245,33.624264
11294,0,-111.7922,33.276756
11295,2840,-111.877106,33.337326
11296,2841,-111.94513,33.34795
11297,0,-111.88172,33.63924
11298,0,-112.06296,33.656124
11299,2,-115.17012,36.122276
11300,2842,-111.97562,33.675236
11301,2843,-111.87578,33.41316
11302,2844,-111.7903,33.329292
11303,2845,-111.96778,33.305794
11304,0,-111.994576,33.304462
11305,2846,-111.9245,33.624264
11306,2847,-111.93946,33.424164
11307,0,-111.860916,33.336426
11308,1217,-111.87782,33.306465
11309,2848,-111.860565,33.364925
11310,2,-111.93051,33.64885
11311,0,-112.06476,33.4713
11312,0,-111.87436,33.336075
11313,2849,-111.97565,33.31796
11314,2850,-111.80894,33.335884
11315,0,-112.17335,33.377586
11316,0,-111.900154,33.522736
11317,2851,-111.75614,33.36745
11318,0,-111.94718,33.30594
11319,0,-112.06466,33.476845
11320,2,-115.14998,36.1055
11321,2852,-112.02814,33.510223
11322,0,-111.970184,33.340645
11323,2853,-111.6326,33.20059
11324,2854,-111.875336,33.277004
11325,2855,-112.0536,33.426933
11326,2856,-111.92796,33.465588
11327,2857,-111.757416,33.30427
11328,2858,-115.13056,36.10134
11329,0,-111.92531,33.526226
11330,2859,-112.22394,33.637062
11331,2860,-111.934494,33.831127
11332,0,-111.92595,33.422276
11333,2,-111.92835,33.500664
11334,2861,-111.97622,33.676357
11335,2425,-111.976555,33.677334
11336,10,-115.25111,36.21987
11337,0,-111.97461,33.678616
11338,0,-111.931625,33.581924
11339,0,-111.8437,33.384083
11340,0,-111.97461,33.678616
11341,2,-115.17259,36.112953
11342,0,-111.921455,33.466137
11343,0,-111.72926,33.60943
11344,0,-111.90941,33.454285
11345,0,-111.96613,33.684566
11346,0,-111.97562,33.675236
11347,2,-115.17259,36.112953
11348,2862,-111.92432,33.499275
11349,2863,-112.201866,33.669647
11350,0,-112.068504,33.452827
11351,2864,-111.896324,33.620564
11352,0,-112.1159,33.587765
11353,2865,-111.86944,33.540287
11354,0,-112.1128,33.712425
11355,0,-111.899635,33.554825
11356,0,-112.153206,33.639908
11357,2866,-80.0176,40.439865
11358,2867,-111.92483,33.63489
11359,0,-111.97886,33.59828
11360,0,-112.26204,33.53305
11361,0,-111.92351,33.62336
11362,0,-112.111786,33.687145
11363,0,-111.901985,33.433716
11364,0,-111.99784,33.693115
11365,2868,-112.11307,33.715134
11366,0,-112.26275,33.527668
11367,0,-111.92646,33.798073
11368,0,-111.9264,33.493057
11369,0,-111.92535,33.633804
11370,0,-112.00845,33.581757
11371,10,-111.72968,33.60833
11372,0,-111.9104,33.510536
11373,0,-111.963425,33.67557
11374,0,-111.9258,33.76929
11375,2869,-111.926735,33.657112
11376,0,-112.11395,33.713455
11377,2,-73.57677,45.49772
11378,0,-111.921455,33.466137
11379,1624,-111.90046,33.55521
11380,2870,-111.891785,33.623486
11381,0,-112.201866,33.669647
11382,0,-111.9405,33.4272
11383,0,-111.9309,33.58303
11384,0,-111.92492,33.62348
11385,0,-112.13472,33.843456
11386,0,-112.11248,33.710102
11387,2871,-111.79821,33.422718
11388,2872,-111.92672,33.48804
11389,2873,-111.891815,33.62075
11390,2874,-112.251175,33.638596
11391,0,-112.18157,33.539257
11392,0,-111.95943,33.522007
11393,2,-115.14637,36.124424
11394,0,-111.89338,33.618755
11395,0,-111.92792,33.499535
11396,2,-111.91804,33.69925
11397,0,-111.978226,33.675297
11398,2,-115.17781,36.093067
11399,2875,-111.96778,33.305794
11400,2,-111.91804,33.69925
11401,2876,-115.17306,36.091965
11402,2877,-111.978516,33.66773
11403,0,-111.929985,33.496662
11404,0,-111.92861,33.581665
11405,2878,-111.89049,33.672104
11406,2502,-111.92796,33.49821
11407,2,-115.1563,36.142338
11408,0,-111.82936,33.584393
11409,0,-111.92942,33.50284
11410,0,-111.92589,33.586834
11411,0,-112.00837,33.418617
11412,0,-111.924934,33.6239
11413,0,-111.94004,33.391876
11414,0,-111.9257,33.58142
11415,0,-111.71935,33.450123
11416,0,-111.91088,33.479633
11417,0,-112.22614,33.642326
11418,2879,-111.91712,33.64562
11419,2880,-111.91994,33.50182
11420,2881,-111.92293,33.492752
11421,0,-111.89221,33.61961
11422,2882,-111.83632,33.587124
11423,0,-111.966736,33.675854
11424,0,-111.97877,33.58394
11425,2,-112.065636,33.44916
11426,0,-112.152145,33.578148
11427,0,-111.87686,33.54105
11428,0,-111.94718,33.30594
11429,0,-111.928635,33.495102
11430,0,-111.93897,33.392853
11431,0,-111.94182,33.625153
11432,2883,-111.92625,33.617584
11433,0,-111.92665,33.609993
11434,2884,-112.04673,33.523743
11435,0,-111.89904,33.55519
11436,2,-112.09167,33.48015
11437,2885,-111.89221,33.61961
11438,0,-111.96444,33.67591
11439,0,-111.92492,33.62348
11440,2886,-111.99844,33.611675
11441,2,-111.9326,33.658665
11442,2310,-111.91932,33.494606
11443,0,-111.92414,33.6247
11444,2887,-111.92644,33.44929
11445,0,-111.9326,33.658665
11446,0,-111.9326,33.658665
11447,2888,-111.88672,33.57047
11448,0,-111.88951,33.629192
11449,0,-111.9253,33.685688
11450,2,-111.85969,33.3402
11451,2216,-111.92463,33.526604
11452,0,-111.93239,33.658146
11453,2408,-112.222885,33.596703
11454,0,-111.97678,33.675884
11455,0,-111.89333,33.62839
11456,2889,-111.924675,33.676567
11457,2890,-111.93239,33.658146
11458,0,-111.92414,33.6247
11459,2891,-111.92446,33.67366
11460,0,-111.79376,33.585575
11461,2892,-111.88627,33.537872
11462,0,-111.938194,33.377796
11463,2893,-111.78953,33.354343
11464,0,-111.92339,33.5815
11465,2,-111.79821,33.422718
11466,0,-111.88177,33.639107
11467,0,-112.260765,33.53295
11468,0,-112.04791,33.47893
11469,2894,-112.19603,33.63862
11470,2895,-112.11058,33.71298
11471,0,-111.97831,33.598694
11472,0,-112.18602,33.639835
11473,2896,-112.13472,33.843456
11474,2897,-112.14681,33.866108
11475,0,-111.90614,33.671265
11476,2898,-112.13857,33.86563
11477,10,-112.0305,33.678318
11478,2899,-112.23536,33.6341
11479,2900,-112.114784,33.715424
11480,0,-111.89832,33.299843
11481,2901,-111.888374,33.581944
11482,0,-111.97679,33.379124
11483,2,-115.24239,36.0542
11484,0,-111.96175,33.391743
11485,0,-112.12437,33.66669
11486,0,-112.25197,33.596226
11487,0,-111.922646,33.82522
11488,2902,-112.06892,33.640152
11489,0,-112.06096,33.50953
11490,2903,-111.87564,33.336
11491,0,-111.867714,33.4341
11492,0,-111.75276,33.395096
11493,2904,-111.85966,33.313675
11494,0,-111.81804,33.415565
11495,1100,-111.947525,33.407562
11496,2905,-111.77365,33.293755
11497,2906,-111.88407,33.261177
11498,0,-112.18333,33.53888
11499,1308,-111.742386,33.301224
11500,2907,-111.80456,33.388237
11501,2908,-111.79821,33.422718
11502,2909,-111.93897,33.392853
11503,2910,-112.089836,33.457226
11504,2911,-112.01296,33.390827
11505,2912,-115.14624,36.171215
11506,0,-111.97303,33.466007
11507,0,-112.03612,33.37785
11508,0,-111.908585,33.39378
11509,2913,-111.860565,33.364925
11510,0,-111.74323,33.30842
11511,0,-111.877106,33.337326
11512,2914,-111.897804,33.31968
11513,0,-111.97359,33.281574
11514,2915,-111.906044,33.43245
11515,2916,-111.84164,33.322445
11516,0,-111.75622,33.379227
11517,0,-112.06516,33.519554
11518,0,-111.93685,33.42355
11519,0,-112.040794,33.68793
11520,0,-111.87205,33.391644
11521,2917,-112.11836,33.58035
11522,10,-111.79526,33.32913
11523,0,-111.96483,33.349598
11524,2731,-111.75459,33.38057
11525,2918,-111.69727,33.393524
11526,0,-111.89477,33.627304
11527,0,-112.031555,33.37941
11528,0,-111.68451,33.285202
11529,2919,-111.8063,33.379913
11530,0,-111.88741,33.629776
11531,2920,-111.95036,33.4216
11532,2921,-111.94031,33.423107
11533,2922,-111.89997,33.4276
11534,2923,-111.87247,33.378014
11535,2924,-111.92502,33.421772
11536,2925,-111.92826,33.363983
11537,2908,-111.78953,33.354343
11538,0,-111.89827,33.29958
11539,2926,-111.6387,33.255863
11540,0,-111.62122,33.250507
11541,0,-111.96246,33.32168
11542,2927,-111.939766,33.42518
11543,2928,-115.174644,36.109913
11544,0,-111.89353,33.39242
11545,2929,-111.75614,33.36745
11546,0,-111.743416,33.307533
11547,0,-111.69276,33.393444
11548,0,-112.074036,33.448376
11549,0,-111.9651,33.676926
11550,0,-111.80885,33.378555
11551,0,-111.716736,33.262703
11552,0,-112.06543,33.56062
11553,2552,-111.79821,33.422718
11554,0,-111.78678,33.450356
11555,0,-112.18721,33.566982
11556,2930,-115.262474,36.219177
11557,0,-111.91967,33.41524
11558,2931,-111.99559,33.511234
11559,0,-111.93985,33.424675
11560,0,-111.92635,33.496613
11561,2932,-111.92303,33.49946
11562,0,-111.83527,33.414715
11563,0,-111.860565,33.364925
11564,2933,-111.9013,33.349308
11565,2934,-111.92861,33.638184
11566,2935,-111.8664,33.436615
11567,2936,-111.86292,33.39466
11568,2937,-111.98617,33.510483
11569,0,-111.87471,33.307434
11570,0,-115.1755,36.11685
11571,0,-111.868645,33.393227
11572,0,-111.85983,33.36073
11573,2,-111.96778,33.305794
11574,0,-111.84114,33.29091
11575,0,-111.87543,33.394417
11576,0,-111.87379,33.412354
11577,2938,-111.80274,33.384647
11578,2939,-112.073875,33.446995
11579,2940,-111.86092,33.336273
11580,2,-111.87511,33.394802
11581,0,-111.87379,33.412354
11582,2,-111.66622,33.380424
11583,0,-111.85818,33.327183
11584,0,-115.14637,36.124424
11585,0,-111.934975,33.422768
11586,2941,-111.93962,33.42344
11587,0,-111.684975,33.436657
11588,0,-111.97681,33.378315
11589,0,-111.8754,33.337067
11590,0,-111.789505,33.452507
11591,0,-111.686104,33.38569
11592,0,-111.87605,33.3627
11593,10,-115.28637,36.157627
11594,0,-111.909386,33.485096
11595,0,-111.85926,33.31953
11596,0,-111.86267,33.32013
11597,2942,-111.75667,33.383705
11598,0,-111.90862,33.377403
11599,0,-111.85414,33.40779
11600,0,-111.93644,33.422863
11601,2943,-111.77165,33.406406
11602,2944,-111.90011,33.306244
11603,2945,-111.77365,33.293755
11604,2946,-111.94025,33.423023
11605,0,-111.858406,33.320225
11606,0,-112.07551,33.449596
11607,0,-111.997696,33.435596
11608,2947,-111.968025,33.318443
11609,2948,-111.92685,33.48692
11610,0,-115.17641,36.11316
11611,0,-111.92373,33.635464
11612,0,-111.788925,33.344063
11613,0,-111.89776,33.320126
11614,0,-112.07275,33.46677
11615,10,-111.94668,33.421616
11616,0,-111.79242,33.378643
11617,2,-115.20974,36.114937
11618,0,-111.87594,33.337257
11619,0,-111.789505,33.452507
11620,2949,-111.874825,33.3346
11621,0,-111.91002,33.395737
11622,0,-111.68719,33.375053
11623,2950,-115.176,36.119038
11624,0,-111.92559,33.564953
11625,0,-111.98909,33.42159
11626,2330,-112.068504,33.452827
11627,0,-111.74272,33.31082
11628,2951,-111.92716,33.45379
11629,2952,-111.87543,33.394417
11630,2953,-111.925934,33.409798
11631,1313,-111.87543,33.394417
11632,0,-111.87511,33.394802
11633,0,-111.84582,33.334644
11634,0,-111.74266,33.3004
11635,0,-111.87543,33.394417
11636,0,-115.13534,36.028603
11637,0,-111.92828,33.36344
11638,2954,-111.87543,33.394417
11639,0,-111.868805,33.393803
11640,2955,-111.929924,33.349712
11641,2956,-112.39387,33.452614
11642,0,-111.79001,33.23642
11643,0,-111.634476,33.249775
11644,0,-111.79821,33.422718
11645,0,-111.84253,33.303234
11646,0,-111.859726,33.339962
11647,2957,-111.87543,33.394417
11648,2,-115.17012,36.122276
11649,0,-111.90862,33.377403
11650,0,-111.92782,33.362946
11651,0,-111.68387,33.3926
11652,0,-111.82584,33.41346
11653,2958,-111.88407,33.261177
11654,0,-111.97295,33.281567
11655,0,-111.84292,33.351166
11656,0,-111.88066,33.36436
11657,0,-111.9161,33.419567
11658,0,-111.873955,33.276634
11659,0,-111.941376,33.423275
11660,2,-111.83125,33.43753
11661,0,-111.87372,33.379093
11662,0,-111.87594,33.337257
11663,2959,-111.92638,33.49853
11664,0,-111.87372,33.379093
11665,2,-111.873634,33.304493
11666,0,-111.70649,33.36442
11667,2960,-111.96154,33.31921
11668,2961,-111.89307,33.3633
11669,2962,-111.8664,33.436615
11670,0,-111.90046,33.55521
11671,2,-111.926765,33.501877
11672,0,-111.74394,33.29779
11673,0,-112.07401,33.45038
11674,0,-112.273315,33.708637
11675,0,-111.78953,33.354343
11676,2963,-80.00245,40.440094
11677,0,-111.83481,33.585255
11678,0,-111.98909,33.42159
11679,0,-111.91348,33.41466
11680,2964,-111.90383,33.433975
11681,0,-111.757416,33.30427
11682,0,-111.94024,33.425488
11683,0,-112.073425,33.447334
11684,0,-111.90979,33.48124
11685,0,-111.77586,33.336002
11686,2965,-111.63411,33.250214
11687,2,-88.24355,40.11822
11688,2966,-111.846344,33.334545
11689,2967,-111.90811,33.406574
11690,0,-111.85407,33.39349
11691,0,-111.90186,33.433514
11692,0,-111.87511,33.394802
11693,0,-111.83941,33.42292
11694,0,-112.07371,33.456326
11695,0,-111.874176,33.393314
11696,0,-111.90871,33.421734
11697,2,-111.86011,33.341
11698,2,-111.92571,33.493233
11699,0,-112.22069,33.5948
11700,2968,-111.75614,33.36745
11701,2969,-111.70649,33.36442
11702,2970,-111.964485,33.38312
11703,0,-111.77975,33.37889
11704,2971,-111.686104,33.38569
11705,0,-111.756966,33.381126
11706,0,-111.9405,33.42791
11707,0,-111.789856,33.356342
11708,2972,-111.858406,33.320225
11709,0,-111.75456,33.38172
11710,2973,-111.686104,33.38569
11711,2974,-111.90133,33.297695
11712,0,-112.082344,33.46532
11713,0,-112.07161,33.458847
11714,0,-111.85913,33.3926
11715,2975,-111.85913,33.3926
11716,0,-111.77204,33.418068
11717,0,-111.88573,33.56917
11718,10,-115.17457,36.11622
11719,0,-111.8879,33.407997
11720,2976,-112.072266,33.458782
11721,0,-112.085464,33.44743
11722,0,-111.89853,33.301712
11723,0,-111.78983,33.354767
11724,2977,-111.90752,33.4066
11725,0,-111.83632,33.587124
11726,2978,-111.98451,33.509106
11727,2979,-111.90545,33.432915
11728,0,-111.68445,33.40964
11729,0,-112.01175,33.509346
11730,2980,-111.8664,33.436615
11731,2981,-111.68226,33.46673
11732,2982,-111.8879,33.407997
11733,2983,-111.8879,33.407997
11734,2984,-111.936,33.41438
11735,2985,-111.84111,33.363014
11736,2986,-111.88407,33.261177
11737,2987,-111.716896,33.43614
11738,0,-111.87605,33.3627
11739,2988,-111.926895,33.445057
11740,2989,-111.9759,33.495018
11741,2990,-111.968124,33.336864
11742,2991,-111.85686,33.423595
11743,0,-111.73575,33.439777
11744,2,-111.90436,33.670033
11745,2992,-111.77341,33.29329
11746,2993,-112.06899,33.45917
11747,2994,-111.85926,33.319534
11748,2995,-111.88076,33.574825
11749,0,-111.94457,33.335052
11750,2,-111.94741,33.3045
11751,2996,-115.13808,36.167904
11752,0,-111.83645,33.586655
11753,0,-112.0696,33.4492
11754,0,-111.87926,33.63937
11755,2997,-112.0772,33.44919
11756,0,-111.71838,33.43691
11757,0,-111.968025,33.318443
11758,2998,-111.93897,33.392853
11759,2999,-111.907524,33.421535
11760,0,-111.90849,33.430023
11761,0,-111.91124,33.362206
11762,0,-111.59897,33.379505
11763,0,-111.79014,33.36119
11764,1,-79.913895,40.45003
11765,0,-111.860565,33.364925
11766,2756,-111.92427,33.492287
11767,3000,-111.78899,33.28166
11768,0,-111.74184,33.307846
11769,3001,-111.7534,33.3807
11770,0,-112.01186,33.46604
11771,3002,-111.8678,33.43389
11772,0,-111.72112,33.36568
11773,3003,-111.97952,33.6384
11774,3004,-111.78676,33.397243
11775,0,-111.935684,33.377502
11776,0,-111.90545,33.432915
11777,3005,-111.74313,33.301888
11778,0,-111.970184,33.340645
11779,3006,-111.8905,33.320286
11780,3007,-112.013855,33.63044
11781,10,-111.771774,33.336906
11782,0,-111.93257,33.4957
11783,0,-111.790115,33.356728
11784,0,-111.78441,33.379513
11785,2,-111.67527,33.212574
11786,0,-111.73684,33.381355
11787,3008,-111.75447,33.278015
11788,0,-111.874306,33.31953
11789,0,-111.84111,33.363014
11790,0,-111.789055,33.35924
11791,10,-115.16363,36.13698
11792,2,-111.90812,33.393623
11793,0,-111.673195,33.415466
11794,0,-115.17849,36.10924
11795,0,-111.6002,33.39488
11796,3009,-111.88343,33.305298
11797,0,-111.75855,33.307465
11798,0,-111.98095,33.304028
11799,0,-111.78984,33.3546
11800,2,-111.74079,33.377853
11801,3010,-111.8323,33.378372
11802,0,-111.95392,33.40789
11803,3011,-111.8063,33.379913
11804,3012,-111.875786,33.36281
11805,3013,-112.20527,33.459717
11806,3014,-111.78603,33.30524
11807,0,-115.1684,36.124554
11808,0,-111.71935,33.450123
11809,0,-111.821304,33.349445
11810,3015,-111.87605,33.3627
11811,3016,-111.752884,33.37769
11812,3017,-111.755745,33.366947
11813,3018,-112.01307,33.610554
11814,3019,-111.74394,33.29779
11815,1598,-111.84237,33.303696
11816,3020,-111.754395,33.38372
11817,3021,-111.858406,33.320225
11818,3022,-111.633095,33.24912
11819,3023,-111.754395,33.38372
11820,0,-111.88353,33.58348
11821,0,-111.979546,33.640232
11822,0,-111.76795,33.38265
11823,0,-112.10967,33.712368
11824,0,-112.09243,33.683323
11825,3024,-111.92074,33.414455
11826,0,-112.20063,33.58138
11827,3025,-111.79045,33.27883
11828,3026,-111.93608,33.480637
11829,3027,-111.99402,33.49537
11830,3028,-111.756096,33.366714
11831,0,-111.75574,33.367744
11832,0,-111.7534,33.3807
11833,3029,-111.752884,33.37769
11834,0,-112.01317,33.59627
11835,0,-111.83196,33.415424
11836,3030,-111.804855,33.385117
11837,1217,-111.684425,33.4669
11838,3031,-115.17322,36.10419
11839,1105,-111.74367,33.29674
11840,3032,-111.81534,33.436394
11841,0,-111.804855,33.385117
11842,0,-111.878716,33.58142
11843,3033,-111.78777,33.379498
11844,3034,-111.59897,33.379505
11845,2,-111.9515,33.304844
11846,3035,-111.79094,33.379986
11847,3036,-112.073425,33.447334
11848,0,-111.83145,33.42036
11849,3037,-111.80468,33.387955
11850,0,-111.92595,33.422276
11851,0,-111.721886,33.29381
11852,3038,-111.87834,33.379646
11853,3039,-112.10023,33.626423
11854,3040,-111.790016,33.35597
11855,0,-111.78777,33.379498
11856,3041,-111.77165,33.406406
11857,3042,-111.720535,33.323475
11858,10,-115.09903,36.072247
11859,3043,-111.85407,33.39349
11860,3044,-111.789505,33.452507
11861,3045,-111.790115,33.356728
11862,0,-111.71877,33.435844
11863,3046,-112.06481,33.5617
11864,0,-111.74355,33.307823
11865,0,-112.14982,33.640068
11866,3047,-111.80274,33.384647
11867,3048,-111.90545,33.432915
11868,3049,-111.78727,33.393917
11869,3050,-111.78514,33.334938
11870,0,-111.86175,33.38956
11871,0,-111.74564,33.296097
11872,0,-111.79164,33.270878
11873,0,-111.89853,33.301712
11874,2,-111.75732,33.30725
11875,0,-111.94329,33.421608
11876,3051,-111.8664,33.436615
11877,3052,-111.86598,33.42286
11878,3053,-111.633095,33.24912
11879,2,-115.17493,36.10478
11880,3054,-111.80594,33.33377
11881,0,-115.16912,36.103695
11882,0,-111.72392,33.32106
11883,3055,-111.82608,33.434383
11884,0,-111.78968,33.361633
11885,3056,-111.886246,33.30637
11886,0,-111.80518,33.38179
11887,3057,-111.72392,33.32106
11888,0,-111.96717,33.421413
11889,3058,-111.63411,33.250214
11890,3059,-112.00319,33.317657
11891,0,-111.789276,33.355034
11892,3060,-112.036964,33.60594
11893,0,-111.80823,33.379463
11894,10,-115.17618,36.115856
11895,3061,-112.0404,33.509445
11896,0,-111.68288,33.468143
11897,0,-111.87757,33.333683
11898,468,-111.80509,33.384415
11899,3062,-115.17375,36.103863
11900,0,-111.85966,33.313675
11901,3063,-111.75456,33.38172
11902,3064,-111.88343,33.305298
11903,0,-115.16918,36.10844
11904,3065,-111.842636,33.32724
11905,2,-112.000565,33.433685
11906,3066,-111.791824,33.234974
11907,0,-111.91462,33.393013
11908,0,-111.78991,33.355118
11909,0,-111.721756,33.381763
11910,0,-112.07397,33.513077
11911,3067,-111.72394,33.379185
11912,3068,-111.79821,33.422718
11913,3069,-111.76328,33.45083
11914,3070,-111.789505,33.452507
11915,3068,-111.77165,33.406406
11916,0,-111.79163,33.23606
11917,0,-111.84105,33.396664
11918,0,-111.789276,33.355034
11919,0,-111.89913,33.524178
11920,0,-111.806725,33.37938
11921,3071,-111.741394,33.37802
11922,3072,-111.717384,33.39318
11923,0,-111.752884,33.37769
11924,0,-111.89351,33.627815
11925,0,-111.7427,33.308807
11926,0,-112.00837,33.418617
11927,3073,-111.68976,33.37799
11928,0,-111.76795,33.38265
11929,0,-111.727486,33.415222
11930,0,-111.78678,33.450356
11931,3074,-111.924385,33.53924
11932,3075,-111.80628,33.384315
11933,0,-111.789505,33.452507
11934,0,-111.74256,33.37828
11935,0,-112.11886,33.47985
11936,0,-111.74355,33.307823
11937,0,-111.78861,33.43749
11938,0,-111.92555,33.564976
11939,3076,-111.81804,33.415565
11940,3077,-111.87138,33.43566
11941,0,-111.7212,33.3666
11942,3078,-111.68464,33.395008
11943,0,-111.83937,33.419865
11944,0,-111.75931,33.3063
11945,0,-111.77165,33.406406
11946,2657,-111.77165,33.406406
11947,0,-111.871216,33.433098
11948,0,-112.10023,33.626423
11949,0,-111.714134,33.320774
11950,3079,-111.841194,33.395535
11951,0,-112.13265,33.655247
11952,3080,-111.969185,33.319244
11953,3081,-111.80768,33.392765
11954,10,-115.24487,36.17133
11955,3082,-111.80768,33.392765
11956,3083,-111.72394,33.379185
11957,0,-111.908745,33.335804
11958,0,-111.90892,33.48611
11959,10,-115.14124,36.172813
11960,0,-111.68719,33.375053
11961,3084,-115.163124,36.133614
11962,3085,-111.80768,33.392765
11963,3086,-111.80274,33.384647
11964,0,-115.17577,36.011356
11965,0,-111.929794,33.49288
11966,0,-111.74266,33.3004
11967,0,-111.79129,33.33169
11968,3087,-111.91241,33.39337
11969,0,-111.7882,33.38706
11970,3088,-111.83527,33.414715
11971,3089,-111.78983,33.354767
11972,0,-111.7882,33.38706
11973,0,-111.953125,33.42159
11974,3090,-112.05403,33.306946
11975,0,-111.90948,33.394966
11976,0,-111.6831,33.46828
11977,3091,-112.072395,33.448742
11978,2991,-111.6343,33.248665
11979,3092,-111.93816,33.464462
11980,0,-111.74097,33.37795
11981,0,-111.78979,33.357132
11982,3093,-111.75599,33.379623
11983,0,-111.69498,33.39242
11984,0,-112.073425,33.447334
11985,3094,-111.9405,33.4272
11986,0,-111.91967,33.41524
11987,3095,-111.90133,33.297695
11988,0,-111.92588,33.61741
11989,3096,-111.724396,33.380516
11990,3097,-111.741394,33.37802
11991,0,-111.806335,33.383766
11992,0,-111.75483,33.308563
11993,0,-111.74268,33.381622
11994,0,-111.68856,33.38023
11995,3098,-111.69806,33.354465
11996,2,-111.87718,33.378845
11997,0,-111.6887,33.39367
11998,0,-111.888016,33.307858
11999,0,-111.85818,33.327183
12000,3099,-111.69801,33.385525
12001,3100,-111.69801,33.385525
12002,0,-112.18295,33.538418
12003,0,-111.75701,33.383377
12004,3101,-115.17818,36.106815
12005,3102,-111.684975,33.436657
12006,0,-111.8437,33.384083
12007,0,-111.69439,33.392826
12008,3103,-111.68389,33.413578
12009,3104,-111.872856,33.30671
12010,0,-111.95392,33.40789
12011,3105,-111.929535,33.502132
12012,3106,-111.80629,33.38337
12013,0,-111.790115,33.356728
12014,0,-111.753044,33.392246
12015,0,-111.831474,33.415382
12016,3107,-111.96797,33.32236
12017,3108,-111.584785,33.179802
12018,0,-111.68464,33.395008
12019,3109,-111.73684,33.381355
12020,2,-112.065636,33.44916
12021,1701,-111.96185,33.34713
12022,3110,-111.77204,33.418068
12023,3111,-111.6387,33.255863
12024,3112,-111.92318,33.500515
12025,0,-111.8678,33.43389
12026,0,-111.68562,33.385014
12027,0,-111.78991,33.355118
12028,3113,-111.68507,33.423904
12029,0,-111.926445,33.3832
12030,0,-111.6692,33.30979
12031,3114,-111.8063,33.379913
12032,0,-111.742516,33.31984
12033,3115,-111.899666,33.307087
12034,3116,-111.83196,33.415424
12035,0,-111.68421,33.389267
12036,3117,-111.80705,33.38158
12037,0,-111.80445,33.37847
12038,0,-111.68421,33.389267
12039,0,-111.78968,33.361633
12040,2,-111.74272,33.31082
12041,3118,-111.91002,33.395737
12042,0,-111.75866,33.305325
12043,3119,-111.99224,33.30566
12044,814,-111.97988,33.30578
12045,0,-111.92606,33.48357
12046,3120,-115.1726,36.118793
12047,3121,-111.88407,33.261177
12048,2,-111.90545,33.432915
12049,3122,-111.87572,33.27626
12050,3123,-111.752594,33.39309
12051,0,-111.789505,33.452507
12052,0,-111.69572,33.393536
12053,0,-111.77204,33.418068
12054,0,-111.687454,33.325714
12055,3124,-111.80411,33.38449
12056,2,-115.17143,36.109825
12057,2,-115.17509,36.143238
12058,2,-115.17453,36.112377
12059,0,-111.67955,33.38468
12060,0,-111.69477,33.416233
12061,0,-112.0741,33.506855
12062,3125,-111.75667,33.383705
12063,2,-111.94687,33.33361
12064,0,-111.76014,33.30625
12065,0,-111.68502,33.46734
12066,3126,-111.746376,33.309944
12067,3127,-111.86142,33.37831
12068,2,-111.72392,33.32106
12069,3128,-111.916115,33.54898
12070,3129,-111.87138,33.43566
12071,3130,-111.98352,33.33092
12072,0,-111.97437,33.521954
12073,0,-111.73575,33.439777
12074,0,-112.17962,33.638466
12075,2,-111.98909,33.42159
12076,3131,-111.97678,33.675884
12077,3132,-111.75918,33.306633
12078,2,-111.87236,33.540802
12079,0,-111.78749,33.376934
12080,0,-111.87782,33.306465
12081,3133,-111.757675,33.307476
12082,0,-111.90513,33.41494
12083,3134,-111.755455,33.379627
12084,3135,-115.17234,36.110107
12085,3136,-111.842026,33.302025
12086,3137,-111.75667,33.383705
12087,3138,-111.67911,33.38563
12088,0,-111.66622,33.380424
12089,3139,-115.11901,36.23865
12090,3140,-111.74188,33.311485
12091,3141,-111.77341,33.29329
12092,3142,-111.67955,33.38468
12093,0,-111.9007,33.305264
12094,3143,-111.91492,33.421413
12095,0,-111.79017,33.232506
12096,3144,-111.84763,33.378475
12097,2,-115.333855,36.155964
12098,3145,-115.15112,36.086338
12099,10,-111.90231,33.466187
12100,0,-111.88407,33.261177
12101,3146,-111.68464,33.395008
12102,0,-111.90225,33.349472
12103,3147,-80.85288,35.21601
12104,3148,-111.80274,33.384647
12105,0,-111.969185,33.33752
12106,0,-111.77134,33.33696
12107,3149,-111.87434,33.33615
12108,0,-111.92239,33.501007
12109,0,-112.03218,33.377945
12110,0,-115.1613,36.138298
12111,0,-111.8323,33.378372
12112,0,-111.90983,33.48084
12113,3150,-111.66622,33.380424
12114,3151,-115.25931,36.191574
12115,3152,-111.8512,33.393814
12116,0,-111.8512,33.393814
12117,3153,-111.8512,33.393814
12118,3154,-115.178215,36.068935
12119,3155,-111.859055,33.34164
12120,3156,-115.1873,36.11812
12121,0,-111.899635,33.554825
12122,3157,-112.08227,33.4657
12123,2,-115.141884,36.16918
12124,3158,-111.840355,33.418373
12125,0,-111.90979,33.48124
12126,0,-111.925064,33.61855
12127,0,-111.79151,33.365788
12128,2551,-111.93966,33.42373
12129,3159,-111.877014,33.37755
12130,0,-115.17712,36.13198
12131,3160,-111.84114,33.29091
12132,3161,-112.261986,33.534485
12133,3162,-111.790115,33.356728
12134,0,-111.84996,33.379585
12135,0,-112.339,33.4801
12136,3163,-112.13459,33.595837
12137,3164,-111.92691,33.463375
12138,0,-111.9258,33.477177
12139,0,-111.78979,33.35617
12140,0,-111.92241,33.49182
12141,0,-111.86027,33.262383
12142,3165,-111.790085,33.35524
12143,3166,-111.82394,33.348804
12144,0,-111.842026,33.302025
12145,0,-111.909645,33.40716
12146,0,-111.6875,33.313904
12147,0,-111.9265,33.49973
12148,3167,-111.85983,33.36073
12149,0,-111.89337,33.32015
12150,2,-111.85983,33.36073
12151,3168,-111.8954,33.30398
12152,0,-112.01189,33.655605
12153,0,-111.84085,33.28455
12154,0,-112.08452,33.49523
12155,3169,-111.92613,33.481922
12156,0,-111.92756,33.38369
12157,3170,-111.936104,33.378223
12158,0,-112.23968,33.609863
12159,0,-111.93644,33.37779
12160,3171,-111.92639,33.320343
12161,0,-112.06555,33.488495
12162,0,-111.68566,33.436775
12163,3172,-112.04086,33.431583
12164,2,-115.18918,36.117443
12165,3173,-112.119316,33.492138
12166,3174,-111.72101,33.43516
12167,10,-111.627,33.249195
12168,0,-111.8437,33.384083
12169,0,-111.96016,33.421318
12170,0,-111.9013,33.349308
12171,3175,-111.72392,33.32106
12172,0,-111.89946,33.557293
12173,0,-111.79046,33.322083
12174,0,-111.9864,33.5107
12175,3176,-111.79046,33.322083
12176,3177,-111.83956,33.380013
12177,0,-111.79094,33.379986
12178,0,-111.8437,33.384083
12179,0,-111.88343,33.305298
12180,0,-111.790085,33.35524
12181,3178,-111.787025,33.27578
12182,0,-111.92471,33.421352
12183,0,-111.873634,33.304493
12184,0,-111.92534,33.4944
12185,3179,-112.07421,33.448036
12186,0,-111.926445,33.490032
12187,2,-111.78888,33.276566
12188,2,-111.938385,33.39157
12189,0,-111.78645,33.30592
12190,3180,-111.790085,33.35524
12191,0,-111.84253,33.303234
12192,0,-111.92993,33.350018
12193,0,-112.189316,33.640514
12194,3181,-111.90998,33.347878
12195,2,-111.95375,33.407803
12196,3182,-111.858246,33.26385
12197,0,-111.85983,33.36073
12198,3183,-111.88441,33.261173
12199,2,-115.17684,36.1206
12200,3184,-111.85983,33.36073
12201,3185,-111.79008,33.360817
12202,3186,-111.790085,33.35524
12203,0,-111.98212,33.331654
12204,0,-111.860565,33.364925
12205,0,-111.94378,33.31869
12206,0,-111.79821,33.422718
12207,3187,-111.79019,33.361027
12208,0,-111.91769,33.49328
12209,3188,-111.92502,33.421772
12210,0,-111.94049,33.423412
12211,3189,-111.90991,33.407425
12212,0,-111.92933,33.319374
12213,3190,-111.85983,33.36073
12214,3191,-111.941124,33.394775
12215,3192,-111.98909,33.42159
12216,3193,-111.85983,33.36073
12217,0,-111.85983,33.36073
12218,0,-111.741394,33.37802
12219,0,-111.92708,33.335384
12220,0,-89.38695,43.07489
12221,0,-111.63411,33.250214
12222,0,-111.86598,33.42286
12223,0,-111.868286,33.47269
12224,0,-111.842735,33.334564
12225,3194,-115.159805,36.113083
12226,0,-111.92632,33.494377
12227,0,-111.84261,33.302094
12228,3195,-111.78979,33.357132
12229,0,-111.87594,33.337257
12230,0,-111.92683,33.37916
12231,3196,-111.685936,33.465904
12232,0,-111.92239,33.501007
12233,3197,-111.68719,33.375053
12234,3198,-111.83974,33.4261
12235,3199,-115.17202,36.09012
12236,0,-111.947716,33.304634
12237,3200,-111.668945,33.30716
12238,0,-111.789444,33.3702
12239,0,-111.789856,33.356342
12240,3201,-111.88488,33.26122
12241,3202,-111.94668,33.421616
12242,3203,-112.06476,33.471985
12243,0,-112.11821,33.578693
12244,3204,-111.687454,33.233463
12245,3205,-111.840744,33.380833
12246,0,-111.94012,33.426956
12247,0,-111.940254,33.425964
12248,0,-111.84248,33.246338
12249,0,-111.634476,33.249775
12250,0,-111.9276,33.498474
12251,3206,-111.91033,33.486916
12252,10,-115.20942,36.12682
12253,3207,-111.8758,33.41271
12254,0,-111.75338,33.38142
12255,0,-111.73494,33.322815
12256,0,-111.858246,33.26385
12257,3208,-111.787224,33.38144
12258,0,-111.78968,33.361633
12259,3209,-111.943954,33.42853
12260,0,-111.787735,33.391663
12261,3210,-111.8557,33.39083
12262,0,-111.899666,33.307087
12263,3211,-111.63302,33.37818
12264,0,-111.92255,33.63534
12265,0,-111.875336,33.277004
12266,3212,-115.17767,36.10741
12267,0,-111.86569,33.538586
12268,3213,-111.66622,33.380424
12269,0,-111.752884,33.37769
12270,3214,-111.636986,33.251755
12271,3215,-111.92898,33.494953
12272,0,-111.92562,33.493855
12273,3216,-112.073425,33.447334
12274,3217,-111.78984,33.3546
12275,3218,-111.939285,33.39397
12276,0,-112.37166,33.465446
12277,0,-111.89283,33.58325
12278,955,-111.89477,33.627304
12279,3219,-111.68507,33.423904
12280,1883,-111.78898,33.28172
12281,2,-115.2948,36.166573
12282,2,-111.89853,33.301712
12283,2,-115.17234,36.110107
12284,0,-112.06723,33.457756
12285,0,-111.83481,33.585255
12286,0,-111.68428,33.265472
12287,3220,-111.63486,33.249313
12288,3221,-111.55244,33.41555
12289,0,-111.90228,33.43014
12290,3222,-111.68492,33.436592
12291,3223,-112.23992,33.611088
12292,3224,-115.1639,36.06017
12293,2,-111.48097,33.458023
12294,0,-112.06096,33.50953
12295,3225,-112.073494,33.491695
12296,10,-115.09279,36.1296
12297,0,-112.07377,33.45838
12298,10,-115.287285,36.28381
12299,3226,-111.84133,33.285023
12300,0,-111.87702,33.377583
12301,0,-111.73956,32.887573
12302,0,-112.42678,33.448696
12303,3227,-111.68897,32.87905
12304,2,-112.07425,33.50949
12305,10,-115.0849,36.133053
12306,0,-111.7922,33.276756
12307,10,-115.333855,36.155964
12308,3228,-111.92948,33.319237
12309,0,-111.8905,33.320286
12310,0,-111.99458,33.30467
12311,0,-111.929375,33.622887
12312,0,-111.9635,33.35114
12313,3229,-111.78991,33.355118
12314,0,-111.874146,33.31923
12315,3230,-111.94819,33.393543
12316,0,-111.99511,33.494488
12317,0,-112.34139,33.438656
12318,0,-111.840355,33.418373
12319,0,-111.85414,33.40779
12320,0,-111.92993,33.49451
12321,0,-111.90802,33.422424
12322,0,-112.00319,33.317657
12323,0,-111.993256,33.30576
12324,3231,-111.90804,33.31944
12325,0,-111.94858,33.832657
12326,3232,-111.87471,33.307434
12327,0,-111.9161,33.419567
12328,3233,-115.249084,36.21561
12329,3234,-111.841064,33.302135
12330,3235,-111.92481,33.421085
12331,0,-111.90577,33.414867
12332,0,-111.7091,33.587894
12333,1426,-111.755875,33.303925
12334,0,-111.71935,33.450123
12335,2,-115.112,36.10026
12336,3236,-111.85966,33.337532
12337,3237,-111.88728,33.306297
12338,2,-111.94996,33.451237
12339,0,-112.13004,33.451138
12340,0,-111.90804,33.33591
12341,0,-111.860954,33.3336
12342,3238,-111.97698,33.34888
12343,0,-111.84248,33.246338
12344,10,-111.87922,33.581512
12345,0,-111.909355,33.485703
12346,3239,-111.79242,33.378643
12347,3240,-111.85977,33.274754
12348,0,-111.9011,33.34931
12349,0,-111.96676,33.317368
12350,3241,-111.92591,33.654182
12351,0,-111.88343,33.305298
12352,0,-112.38777,33.465282
12353,0,-111.84252,33.33954
12354,0,-111.756966,33.381126
12355,0,-111.84229,33.33884
12356,0,-111.75447,33.278015
12357,0,-111.96262,33.348618
12358,0,-111.91169,33.321255
12359,0,-111.87601,33.304413
12360,0,-111.861885,33.334667
12361,3242,-111.92716,33.45379
12362,0,-112.03218,33.377945
12363,3243,-111.84179,33.415424
12364,0,-111.926765,33.49844
12365,3244,-111.85494,33.335728
12366,2,-111.84085,33.28455
12367,0,-111.85969,33.336014
12368,0,-111.85926,33.319534
12369,0,-111.72392,33.32106
12370,0,-111.960075,33.349594
12371,3245,-111.925766,33.319527
12372,3246,-111.927734,33.348675
12373,0,-111.908585,33.39378
12374,3247,-111.83835,33.289387
12375,0,-111.82591,33.29265
12376,0,-111.85825,33.326923
12377,0,-111.92659,33.472366
12378,0,-111.87471,33.307434
12379,0,-111.68566,33.436775
12380,3248,-111.925896,33.5025
12381,3249,-111.93145,33.494205
12382,0,-112.390396,33.429005
12383,0,-112.01417,33.511307
12384,2906,-111.87588,33.33712
12385,2551,-112.07233,33.456696
12386,0,-111.924286,33.624977
12387,0,-111.94037,33.425762
12388,0,-111.8905,33.320286
12389,3250,-111.99492,33.50903
12390,0,-111.875916,33.276257
12391,3251,-111.727486,33.415222
12392,0,-111.74079,33.377853
12393,0,-112.07327,33.479782
12394,0,-111.878075,33.305508
12395,3252,-111.92697,33.462616
12396,0,-111.95564,33.442375
12397,3253,-111.911224,33.36343
12398,0,-111.874146,33.31923
12399,3254,-111.8598,33.32111
12400,0,-111.995705,33.63991
12401,0,-111.873634,33.304493
12402,0,-111.85926,33.31953
12403,3255,-111.85818,33.327183
12404,0,-111.90065,33.30459
12405,2,-111.87436,33.336075
12406,10,-115.24221,36.073807
12407,2,-111.89591,33.30572
12408,3256,-111.87757,33.333683
12409,0,-112.073425,33.447334
12410,2,-112.000565,33.433685
12411,3257,-111.78925,33.364708
12412,3258,-111.88815,33.56837
12413,0,-111.80629,33.38337
12414,3259,-111.88488,33.26122
12415,3051,-111.89832,33.299843
12416,1701,-111.90817,33.45781
12417,3260,-111.90974,33.363396
12418,3261,-111.90817,33.45781
12419,10,-115.17279,36.11766
12420,0,-111.90752,33.4066
12421,0,-111.875916,33.276257
12422,3262,-111.755875,33.303925
12423,10,-115.266174,36.144306
12424,0,-111.78926,33.355484
12425,0,-111.68428,33.265472
12426,3263,-112.06549,33.474407
12427,3264,-111.876335,33.33654
12428,0,-111.92559,33.478718
12429,2,-111.841156,33.31183
12430,0,-111.87502,33.276276
12431,2,-111.85818,33.327183
12432,0,-111.922005,33.416733
12433,0,-111.74045,33.38434
12434,0,-115.2426,36.06395
12435,0,-115.27994,36.052994
12436,0,-111.87757,33.333683
12437,0,-111.860565,33.319473
12438,0,-112.340294,33.465492
12439,3265,-111.899506,33.293697
12440,2,-115.20641,36.17994
12441,0,-111.716896,33.43614
12442,0,-111.78979,33.35617
12443,3266,-111.85977,33.274754
12444,3267,-111.84253,33.303234
12445,0,-111.842026,33.302025
12446,3268,-111.9704,33.30582
12447,1020,-111.92563,33.49171
12448,3269,-111.84582,33.334644
12449,3270,-111.92569,33.581585
12450,0,-111.89049,33.67213
12451,3271,-111.798515,33.415585
12452,3272,-111.97464,33.31927
12453,0,-111.80894,33.335884
12454,3273,-112.0705,33.44784
12455,0,-111.91124,33.362373
12456,0,-88.240685,40.11742
12457,3274,-111.859604,33.311382
12458,2,-111.859604,33.311382
12459,3275,-111.859604,33.311382
12460,0,-111.82584,33.41346
12461,1033,-111.98909,33.42159
12462,0,-112.074196,33.51354
12463,0,-111.944695,33.320206
12464,0,-111.87708,33.33638
12465,0,-111.97565,33.31796
12466,0,-111.89828,33.52388
12467,0,-111.97917,33.4046
12468,992,-111.78669,33.392567
12469,3276,-112.06484,33.43726
12470,3277,-112.07359,33.476837
12471,0,-111.84253,33.303234
12472,3278,-111.85944,33.260887
12473,3279,-111.927536,33.32154
12474,0,-111.75213,32.878742
12475,0,-111.79091,33.33001
12476,0,-111.97814,33.348564
12477,0,-111.76014,33.30625
12478,0,-112.10129,33.678238
12479,0,-111.80486,33.33455
12480,3280,-111.84202,33.31653
12481,0,-111.9233,33.500515
12482,0,-111.92993,33.350018
12483,2,-115.167694,36.103054
12484,0,-112.082855,33.465343
12485,0,-111.67527,33.212574
12486,0,-111.91462,33.393013
12487,0,-112.0675,33.445362
12488,3281,-111.85661,33.261356
12489,0,-111.891785,33.623486
12490,0,-112.02123,33.496204
12491,0,-111.93497,33.425446
12492,3282,-111.84253,33.303234
12493,3283,-111.72392,33.32106
12494,0,-111.8226,33.32033
12495,0,-111.952965,33.422237
12496,0,-115.17143,36.135014
12497,0,-111.95943,33.522007
12498,0,-111.790085,33.35524
12499,3284,-111.75456,33.38172
12500,10,-111.90811,33.406574
12501,3285,-111.85944,33.260887
12502,3286,-111.89841,33.30477
12503,3287,-112.12093,33.638924
12504,0,-111.84114,33.29091
12505,0,-111.84121,33.30213
12506,10,-115.08318,36.022083
12507,3288,-112.19062,33.638363
12508,3289,-111.84031,33.33712
12509,0,-115.1726,36.118793
12510,3290,-111.84235,33.302635
12511,3291,-111.842354,33.302765
12512,3292,-111.85958,33.335857
12513,0,-111.75685,33.38168
12514,3293,-111.9949,33.303696
12515,3294,-115.119255,36.02623
12516,0,-115.17087,36.10242
12517,0,-111.68398,33.49412
12518,0,-111.93037,33.32117
12519,3295,-111.85822,33.326595
12520,3171,-112.02839,33.510456
12521,0,-112.0675,33.445362
12522,3296,-111.721756,33.381763
12523,3297,-112.073425,33.447334
12524,0,-111.908585,33.39378
12525,0,-111.93037,33.32117
12526,0,-111.84191,33.2996
12527,0,-111.88815,33.56837
12528,0,-111.89776,33.320126
12529,0,-111.84169,33.3019
12530,0,-112.09698,33.538143
12531,0,-112.074196,33.51354
12532,0,-111.846344,33.334545
12533,0,-111.9251,33.42234
12534,3298,-111.78991,33.355118
12535,3299,-111.8742,33.31996
12536,3300,-111.84169,33.3019
12537,3301,-111.99439,33.612354
12538,0,-111.90197,33.306137
12539,0,-111.74331,33.31029
12540,0,-111.967865,33.321472
12541,0,-111.842514,33.300156
12542,2,-111.80777,33.373795
12543,3302,-112.181595,33.552624
12544,3303,-111.97698,33.34888
12545,0,-111.86478,33.432087
12546,3304,-79.98357,40.45203
12547,0,-111.582794,33.180485
12548,3305,-115.164345,36.06004
12549,3306,-111.88503,33.306114
12550,3307,-111.85977,33.274754
12551,3308,-115.17601,36.104332
12552,3309,-111.943146,33.38021
12553,0,-111.860535,33.261147
12554,0,-111.85977,33.274754
12555,0,-111.789856,33.356342
12556,3310,-111.78984,33.26112
12557,3311,-111.789276,33.355034
12558,0,-111.75561,33.345997
12559,0,-111.925255,33.508804
12560,0,-111.88407,33.261177
12561,3312,-111.87436,33.336075
12562,3313,-111.78999,33.236313
12563,2,-111.91712,33.64557
12564,0,-111.995705,33.63991
12565,3314,-88.23837,40.114132
12566,2,-111.85842,33.33744
12567,3315,-111.82275,33.224022
12568,0,-111.55314,33.41549
12569,3316,-111.90884,33.34826
12570,3317,-111.85969,33.3402
12571,0,-111.875244,33.40565
12572,3318,-111.90692,33.377434
12573,0,-111.91026,33.39371
12574,0,-111.757416,33.30427
12575,3319,-111.92708,33.335384
12576,3320,-111.7902,33.28016
12577,0,-111.92775,33.492905
12578,3321,-112.00285,33.448383
12579,0,-111.90912,33.391857
12580,0,-111.977036,33.61302
12581,0,-111.90768,33.43246
12582,2,-115.17124,36.11788
12583,0,-111.78973,33.354954
12584,0,-111.8733,33.622467
12585,3322,-111.9251,33.42234
12586,3323,-111.80274,33.384647
12587,0,-112.02951,33.39999
12588,10,-111.92828,33.36344
12589,3324,-111.8411,33.308956
12590,0,-111.92764,33.31837
12591,0,-112.0404,33.509445
12592,3325,-111.84114,33.29091
12593,3326,-111.91155,33.40709
12594,3327,-111.9263,33.320377
12595,0,-111.75607,33.304905
12596,0,-111.8746,33.27634
12597,3328,-111.859535,33.33992
12598,0,-111.92547,33.566807
12599,0,-111.97998,33.592804
12600,0,-89.38401,43.07263
12601,0,-112.03788,33.509254
12602,0,-112.01307,33.610554
12603,0,-111.865425,33.2477
12604,3329,-111.95392,33.40789
12605,3330,-111.96635,33.31977
12606,0,-111.82591,33.29265
12607,0,-111.91345,33.414272
12608,0,-112.0739,33.500202
12609,3331,-111.90837,33.377415
12610,868,-111.8921,33.29809
12611,0,-112.26495,33.535923
12612,0,-111.85664,33.233788
12613,3332,-111.85664,33.233788
12614,3333,-111.98909,33.42159
12615,3334,-111.97846,33.598522
12616,3335,-112.0037,33.49516
12617,0,-111.90692,33.377434
12618,3336,-111.92563,33.49171
12619,3337,-111.90979,33.48124
12620,3338,-111.75418,33.385548
12621,0,-111.94099,33.423275
12622,0,-111.75967,33.420654
12623,3339,-111.82234,33.349255
12624,0,-111.63411,33.250214
12625,0,-111.74394,33.29779
12626,0,-111.63393,33.242718
12627,0,-111.75966,33.33531
12628,0,-111.93621,33.378216
12629,0,-111.78925,33.3542
12630,0,-111.925545,33.47541
12631,0,-115.1613,36.138298
12632,3340,-111.84253,33.303234
12633,0,-111.91029,33.321354
12634,3341,-111.92589,33.49292
12635,0,-111.71209,33.57115
12636,2,-111.789856,33.356342
12637,0,-112.128685,33.799694
12638,0,-111.90752,33.4066
12639,3342,-111.856964,33.235027
12640,0,-111.72084,33.306175
12641,0,-111.84258,33.299873
12642,2,-115.172295,36.127068
12643,0,-112.22877,33.63978
12644,0,-111.91245,33.33531
12645,3343,-112.073425,33.447334
12646,0,-112.11646,33.560856
12647,2,-111.991516,33.26663
12648,0,-111.92875,33.623993
12649,3344,-111.9255,33.50109
12650,2,-115.17306,36.091965
12651,3345,-112.14925,34.048668
12652,1,-80.00111,40.443146
12653,0,-111.74184,33.307846
12654,3346,-111.97308,33.52883
12655,0,-111.926765,33.49844
12656,0,-111.842255,33.302425
12657,0,-111.875916,33.276257
12658,0,-112.033966,33.465523
12659,3347,-111.991516,33.26663
12660,0,-111.83941,33.24506
12661,0,-115.17581,36.08995
12662,0,-111.9618,33.304676
12663,3348,-111.74321,33.303173
12664,0,-111.96592,33.318157
12665,0,-111.90884,33.34826
12666,0,-111.96083,33.487625
12667,3349,-115.24818,36.195312
12668,3350,-112.23897,33.611496
12669,3132,-111.72265,33.23494
12670,2824,-111.87434,33.33615
12671,3322,-111.96592,33.318157
12672,0,-111.71266,33.594563
12673,3351,-111.86279,33.62802
12674,0,-111.928825,33.37905
12675,0,-111.92351,33.581493
12676,2,-115.17395,36.11303
12677,3352,-111.743095,33.301903
12678,0,-111.92948,33.319237
12679,0,-111.91124,33.362373
12680,3353,-111.90261,33.305233
12681,3354,-111.92639,33.320343
12682,3355,-111.860565,33.364925
12683,0,-111.72624,33.321865
12684,0,-111.994576,33.304462
12685,0,-111.970146,33.313572
12686,3356,-111.742744,33.29706
12687,3357,-111.94043,33.42665
12688,0,-111.78883,33.30419
12689,0,-111.96246,33.32168
12690,3132,-111.74097,33.30888
12691,2388,-112.00319,33.317657
12692,0,-112.072266,33.458782
12693,0,-112.03147,33.48778
12694,3358,-111.938385,33.39157
12695,0,-111.91267,33.362457
12696,3359,-111.78973,33.354954
12697,0,-111.84169,33.3019
12698,2,-111.92944,33.319275
12699,3360,-111.92917,33.36505
12700,2,-111.6387,33.255863
12701,3361,-111.84248,33.246338
12702,3362,-111.92944,33.319275
12703,3363,-111.92706,33.30486
12704,20,-3.1918488,55.94984
12705,0,-111.92565,33.494263
12706,0,-112.23166,33.638668
12707,3364,-111.98636,33.453197
12708,3365,-111.92272,33.493565
12709,3366,-111.96135,33.351013
12710,3367,-111.787735,33.391663
12711,3368,-111.9233,33.500515
12712,0,-111.87594,33.337257
12713,1473,-111.8693,33.435463
12714,0,-111.858246,33.26385
12715,0,-111.94758,33.422165
12716,0,-112.237854,33.63042
12717,0,-112.11045,33.689518
12718,2,-115.16907,36.124435
12719,2,-115.167694,36.103054
12720,3369,-111.83527,33.414715
12721,2,-111.90065,33.30459
12722,0,-111.92695,33.580814
12723,3370,-111.86027,33.262383
12724,3371,-111.85806,33.23327
12725,3372,-111.743675,33.306835
12726,3373,-111.78514,33.334938
12727,0,-111.790375,33.260693
12728,3374,-112.07217,33.455864
12729,3375,-111.921455,33.466137
12730,3376,-111.890686,33.546608
12731,0,-111.89827,33.29958
12732,3377,-111.791214,33.219017
12733,0,-111.92019,33.466217
12734,0,-112.073425,33.447334
12735,0,-111.909645,33.40716
12736,2,-111.74266,33.3004
12737,3378,-111.872856,33.30671
12738,0,-111.755424,33.3781
12739,3379,-111.79526,33.32913
12740,3380,-111.91065,33.361435
12741,0,-111.93052,33.364914
12742,3381,-111.85965,33.322746
12743,3382,-111.925766,33.319527
12744,0,-111.78973,33.354954
12745,3383,-111.87601,33.304413
12746,3384,-111.90197,33.306137
12747,3385,-111.842354,33.302902
12748,3386,-111.96684,33.305733
12749,3387,-111.926865,33.453278
12750,0,-111.9179,33.415222
12751,3388,-111.8413,33.30139
12752,2,-111.90197,33.306137
12753,3389,-111.92948,33.319237
12754,0,-111.98589,33.511272
12755,0,-111.913185,33.32099
12756,0,-111.988716,33.509197
12757,3390,-111.6387,33.255863
12758,2,-112.07275,33.447258
12759,0,-111.85969,33.336014
12760,0,-111.79029,33.276333
12761,3391,-111.90802,33.422424
12762,3392,-111.72069,33.26494
12763,0,-112.24642,33.6103
12764,0,-111.8557,33.39083
12765,3393,-111.9348,33.42384
12766,2,-115.17503,36.118713
12767,0,-112.187416,33.553055
12768,2,-111.90079,33.298786
12769,3394,-111.875916,33.276257
12770,3395,-111.74627,33.298714
12771,0,-111.91268,33.320995
12772,0,-111.90065,33.30459
12773,3396,-111.91064,33.37077
12774,2,-111.791626,33.235634
12775,3397,-111.858246,33.26385
12776,0,-111.94718,33.30594
12777,2,-111.90065,33.30459
12778,3398,-111.87686,33.54105
12779,0,-112.07228,33.45587
12780,10,-115.20689,36.072517
12781,2,-115.119125,36.02624
12782,0,-111.71877,33.435844
12783,0,-111.9198,33.375698
12784,0,-111.91341,33.408203
12785,3399,-111.97982,33.49482
12786,0,-111.92451,33.567146
12787,3400,-112.07896,33.639652
12788,0,-112.05658,33.50833
12789,0,-111.84582,33.334644
12790,3401,-111.66622,33.380424
12791,0,-111.8917,33.62489
12792,3402,-111.742516,33.31984
12793,2,-115.167755,36.123978
12794,0,-111.88441,33.261173
12795,3403,-111.906944,33.49487
12796,3404,-112.054276,33.552692
12797,3405,-112.359474,33.4629
12798,0,-111.92621,33.53352
12799,3406,-111.9265,33.478615
12800,2,-111.92425,33.494312
12801,3407,-112.120346,33.64042
12802,0,-111.968025,33.318443
12803,0,-111.72392,33.32106
12804,3408,-111.92796,33.49821
12805,10,-115.15112,36.086338
12806,2,-112.03698,33.37835
12807,0,-112.07397,33.513077
12808,0,-111.89105,33.6271
12809,0,-111.82128,33.335915
12810,0,-111.75561,33.345997
12811,3409,-111.80267,33.41502
12812,0,-111.94461,33.319756
12813,2,-111.8795,33.581333
12814,0,-112.140915,33.69879
12815,0,-111.79061,33.329014
12816,3410,-111.84483,33.33605
12817,10,-111.68651,33.214146
12818,0,-112.07461,33.474236
12819,3411,-112.15108,33.45727
12820,0,-111.74119,33.379124
12821,0,-111.93498,33.480534
12822,0,-111.7852,33.335064
12823,0,-111.787735,33.391663
12824,10,-115.29794,36.106503
12825,3412,-111.7716,33.33517
12826,0,-115.1763,36.11227
12827,0,-111.87599,33.41335
12828,0,-111.94298,33.421413
12829,0,-115.17406,36.107925
12830,3413,-111.82242,33.349316
12831,0,-111.716896,33.43614
12832,0,-112.06483,33.477
12833,0,-111.8063,33.379913
12834,3414,-111.92769,33.499382
12835,10,-115.135,36.1155
12836,3415,-111.896805,33.39323
12837,2,-111.757416,33.30427
12838,3416,-111.95392,33.40789
12839,0,-111.90853,33.480732
12840,3417,-111.80894,33.335884
12841,3418,-111.7716,33.33517
12842,0,-112.26056,33.534855
12843,3419,-111.9602,33.42121
12844,0,-111.75614,33.36745
12845,0,-111.78441,33.379513
12846,0,-111.75855,33.307465
12847,0,-111.926735,33.58314
12848,3420,-111.85825,33.326923
12849,0,-111.63393,33.242718
12850,0,-111.87247,33.378014
12851,3421,-111.68445,33.40964
12852,2,-111.859726,33.339962
12853,2,-111.66622,33.380424
12854,0,-111.90545,33.432915
12855,3422,-111.90506,33.672047
12856,0,-111.82591,33.29265
12857,0,-115.30757,36.113693
12858,0,-111.873634,33.304493
12859,0,-111.74331,33.31029
12860,0,-111.78979,33.357132
12861,0,-111.790115,33.356728
12862,10,-111.99131,33.305824
12863,0,-111.790016,33.35597
12864,3423,-111.75638,33.385082
12865,3424,-111.83955,33.420338
12866,3425,-111.78723,33.378468
12867,3426,-111.859726,33.339962
12868,3427,-111.790665,33.329014
12869,3428,-111.949165,33.34961
12870,3429,-111.789314,33.32073
12871,0,-111.78926,33.354126
12872,0,-111.789856,33.356342
12873,0,-111.758255,33.378983
12874,0,-111.83323,33.4154
12875,3430,-111.78983,33.354767
12876,0,-111.911095,33.39264
12877,0,-111.92796,33.49821
12878,0,-111.97698,33.34888
12879,0,-111.685936,33.465904
12880,3431,-111.860565,33.364925
12881,3432,-111.860214,33.274822
12882,3433,-112.11646,33.560856
12883,0,-111.755424,33.3781
12884,0,-112.073425,33.447334
12885,0,-111.84026,33.41485
12886,3434,-111.78678,33.450356
12887,3435,-111.86142,33.37831
12888,0,-111.9161,33.419567
12889,0,-111.941376,33.423275
12890,0,-111.755424,33.3781
12891,0,-111.79242,33.378643
12892,2,-115.173874,36.109753
12893,3436,-111.789276,33.355034
12894,0,-111.73821,33.41594
12895,0,-111.93152,33.493298
12896,0,-112.03776,33.507843
12897,0,-111.75992,33.290676
12898,0,-111.99559,33.511234
12899,0,-112.03918,33.494343
12900,3437,-111.78977,33.356873
12901,3438,-112.08388,33.49745
12902,0,-111.87385,33.619835
12903,0,-111.842064,33.30211
12904,0,-111.68719,33.375053
12905,3439,-111.9283,33.502007
12906,3440,-111.94051,33.424126
12907,0,-111.97811,33.59784
12908,0,-111.84121,33.30213
12909,1426,-112.03397,33.508984
12910,0,-111.88704,33.58017
12911,3441,-111.635124,33.36576
12912,0,-111.789314,33.32073
12913,0,-111.75499,33.351376
12914,0,-111.96528,33.675354
12915,2893,-111.93051,33.64885
12916,0,-111.97018,33.410862
12917,0,-111.90765,33.394054
12918,3442,-111.92598,33.476994
12919,0,-111.929924,33.349712
12920,3443,-111.78953,33.354343
12921,3444,-115.17229,36.115147
12922,3445,-111.92627,33.637753
12923,3446,-111.74256,33.37828
12924,0,-111.95036,33.4216
12925,0,-111.9923,33.480152
12926,3447,-111.821304,33.349445
12927,0,-111.7212,33.3666
12928,3448,-111.836136,33.416798
12929,3449,-111.685936,33.465904
12930,3450,-115.1613,36.138298
12931,2,-111.84164,33.322636
12932,3451,-111.72084,33.306175
12933,3097,-111.75704,33.37962
12934,0,-111.875336,33.277004
12935,3452,-111.85926,33.31953
12936,0,-111.86606,33.435165
12937,3453,-111.79821,33.422718
12938,0,-112.13486,33.472248
12939,1920,-111.68771,33.322468
12940,3454,-111.84111,33.363014
12941,3455,-111.7396,33.33497
12942,0,-111.790115,33.356728
12943,3456,-111.68502,33.46734
12944,2,-111.742516,33.31984
12945,0,-112.02849,33.510426
12946,0,-111.883514,33.421463
12947,3457,-111.753044,33.392246
12948,1318,-111.77975,33.37889
12949,0,-111.789024,33.352825
12950,0,-111.68226,33.46673
12951,3458,-111.934784,33.42461
12952,0,-111.90133,33.297695
12953,3459,-111.94167,33.463852
12954,3460,-111.78983,33.354767
12955,0,-111.90998,33.347878
12956,0,-111.72392,33.32106
12957,3461,-111.90998,33.347878
12958,0,-112.34188,33.463543
12959,0,-111.840355,33.418373
12960,0,-111.73239,33.258827
12961,3462,-111.756966,33.381126
12962,0,-111.89333,33.62839
12963,0,-111.87436,33.336075
12964,3463,-111.78973,33.354954
12965,3464,-111.860275,33.2618
12966,3465,-111.94378,33.31869
12967,3066,-111.82272,33.322662
12968,3466,-111.68428,33.265472
12969,0,-112.171936,33.638557
12970,0,-111.821304,33.349445
12971,3467,-111.71806,33.39371
12972,3468,-111.79242,33.378643
12973,0,-111.99559,33.511234
12974,2243,-111.98451,33.509106
12975,1534,-112.18585,33.51119
12976,0,-115.20749,35.999523
12977,0,-111.756035,33.30083
12978,3469,-111.790115,33.356728
12979,3470,-111.75704,33.37962
12980,0,-111.757416,33.30427
12981,0,-111.85576,33.39053
12982,0,-111.75602,33.30485
12983,0,-111.87599,33.413055
12984,0,-112.11646,33.560856
12985,0,-111.907875,33.377914
12986,0,-111.68464,33.395008
12987,0,-111.940254,33.425964
12988,3471,-111.97565,33.31796
12989,3472,-111.74394,33.29779
12990,3473,-111.757416,33.30427
12991,0,-111.72069,33.26494
12992,0,-111.68641,33.312725
12993,0,-111.99159,33.49524
12994,0,-111.84258,33.299873
12995,3474,-111.63411,33.250214
12996,0,-111.98909,33.42159
12997,3475,-111.565,33.16141
12998,0,-111.638664,33.25568
12999,0,-112.09746,33.463364
13000,10,-115.26182,36.11304
13001,0,-111.84111,33.363014
13002,0,-112.06539,33.466686
13003,3476,-115.17143,36.135014
13004,0,-111.90849,33.430023
13005,3477,-111.92922,33.497566
13006,0,-111.91178,33.364212
13007,3478,-111.897644,33.319763
13008,0,-111.80894,33.335884
13009,3479,-111.68715,33.325325
13010,2,-111.583275,33.220783
13011,3480,-111.92566,33.51083
13012,3481,-111.928185,33.501774
13013,1998,-111.59601,33.22378
13014,3482,-111.63411,33.250214
13015,0,-111.63351,33.25473
13016,3483,-111.91462,33.393013
13017,0,-111.68727,33.26523
13018,3484,-111.87511,33.394802
13019,0,-111.75213,32.878742
13020,0,-111.786835,33.305935
13021,3485,-111.83933,33.246418
13022,3486,-111.82272,33.322662
13023,2,-73.571556,45.500553
13024,0,-111.98934,33.494595
13025,3487,-111.927,33.474373
13026,0,-111.86339,33.23444
13027,0,-112.073204,33.449593
13028,0,-111.87502,33.276276
13029,3488,-111.904175,33.622288
13030,3489,-111.93953,33.42387
13031,0,-112.06401,33.538994
13032,0,-111.842514,33.300156
13033,0,-112.24182,33.796684
13034,3490,-111.87502,33.276276
13035,0,-111.80616,33.33455
13036,0,-111.791626,33.235634
13037,3491,-111.857704,33.262707
13038,3492,-111.84114,33.24765
13039,0,-111.7195,33.34711
13040,3493,-111.842255,33.302425
13041,0,-111.85944,33.260887
13042,3213,-111.861015,33.27541
13043,3494,-111.86036,33.233692
13044,0,-112.184616,33.538345
13045,3495,-111.72417,33.38128
13046,3496,-111.860535,33.261147
13047,3497,-115.176674,36.090755
13048,17,-111.874886,33.276276
13049,0,-115.15354,36.11416
13050,3498,-112.28917,33.563953
13051,2180,-111.87393,33.622734
13052,0,-112.07896,33.639652
13053,10,-115.175186,36.098766
13054,0,-111.87922,33.581512
13055,0,-111.68719,33.375053
13056,0,-111.833664,33.416603
13057,0,-111.924484,33.56611
13058,0,-111.90663,33.43274
13059,0,-111.926506,33.496647
13060,0,-111.9265,33.49973
13061,3499,-111.92328,33.676228
13062,0,-111.973175,33.52877
13063,3500,-111.92427,33.492287
13064,0,-111.91693,33.42156
13065,0,-111.83657,33.586987
13066,3501,-111.95183,33.50222
13067,3502,-111.98983,33.49462
13068,0,-111.90739,33.53704
13069,3503,-115.17306,36.091965
13070,0,-111.89016,33.540356
13071,0,-112.02123,33.496204
13072,2,-115.17167,36.11025
13073,0,-111.92222,33.482235
13074,0,-112.089836,33.457226
13075,3504,-111.92534,33.4944
13076,0,-111.95183,33.50222
13077,3505,-112.51287,33.49592
13078,3506,-112.261795,33.53378
13079,0,-111.92293,33.492752
13080,0,-111.89627,33.620598
13081,3507,-111.94096,33.832527
13082,0,-112.073425,33.447334
13083,3508,-111.977776,33.33193
13084,0,-111.926575,33.61727
13085,3509,-111.86321,33.638275
13086,0,-111.92463,33.526604
13087,1408,-111.89221,33.61961
13088,3510,-115.17127,36.11288
13089,0,-111.89912,33.522816
13090,0,-111.90851,33.486828
13091,0,-111.72392,33.32106
13092,3511,-111.941376,33.423275
13093,0,-111.72392,33.32106
13094,3512,-111.89928,33.524242
13095,3513,-111.93152,33.493298
13096,3514,-112.054276,33.552692
13097,3515,-111.92483,33.581875
13098,3516,-111.89928,33.524242
13099,0,-111.92646,33.494736
13100,3517,-111.98135,33.597363
13101,3518,-111.92427,33.58329
13102,0,-111.918236,33.634583
13103,0,-112.11052,33.611786
13104,0,-111.94468,33.439945
13105,3519,-111.90578,33.671642
13106,0,-111.928894,33.49311
13107,0,-111.889915,33.56908
13108,0,-111.85822,33.378353
13109,0,-111.96636,33.676544
13110,0,-111.88762,33.630013
13111,0,-111.92713,33.57968
13112,3520,-111.89793,33.523876
13113,0,-112.06281,33.60756
13114,0,-111.90604,33.53795
13115,0,-111.89802,33.523876
13116,0,-111.948906,33.507557
13117,0,-111.78441,33.379513
13118,0,-111.89839,33.619488
13119,3521,-111.904175,33.544373
13120,3522,-111.89814,33.62055
13121,0,-111.9161,33.419567
13122,3523,-111.93029,33.624203
13123,0,-111.925415,33.587128
13124,0,-112.07444,33.447647
13125,0,-111.88781,33.48067
13126,0,-111.925575,33.564854
13127,0,-111.928185,33.501774
13128,0,-111.87926,33.63937
13129,3524,-111.875244,33.40565
13130,0,-111.91906,33.50137
13131,3525,-111.92227,33.584015
13132,0,-111.98909,33.42159
13133,2155,-111.89351,33.627815
13134,0,-111.922195,33.500523
13135,3526,-111.887825,33.537743
13136,0,-112.07127,33.508995
13137,0,-111.88573,33.56917
13138,3527,-111.92358,33.491535
13139,3528,-111.90604,33.53795
13140,3529,-111.95997,33.587887
13141,3530,-111.92628,33.528217
13142,2,-111.8802,33.581043
13143,2,-115.174644,36.109913
13144,3531,-111.8802,33.581043
13145,3532,-111.67014,33.415684
13146,0,-111.687454,33.325714
13147,0,-111.88877,33.696724
13148,3533,-111.84111,33.363014
13149,2,-111.8624,33.573444
13150,2,-115.17259,36.112953
13151,0,-111.978355,33.628124
13152,0,-112.222336,33.63779
13153,0,-111.9864,33.5107
13154,0,-111.945366,33.8322
13155,10,-112.02105,33.64032
13156,3534,-112.065636,33.44916
13157,3535,-115.13871,36.169216
13158,3536,-111.92505,33.625366
13159,3537,-111.88911,33.57022
13160,2,-111.92975,33.494247
13161,0,-111.896645,33.625317
13162,3538,-115.16938,36.10251
13163,3539,-111.89351,33.627815
13164,0,-111.90788,33.522945
13165,3540,-111.92584,33.49162
13166,3541,-111.924934,33.6239
13167,3542,-111.97811,33.59784
13168,0,-112.23968,33.609863
13169,0,-111.92133,33.636242
13170,3543,-111.878845,33.55517
13171,0,-111.944046,33.436962
13172,0,-111.92584,33.49162
13173,0,-111.93308,33.65803
13174,2,-111.9259,33.585285
13175,0,-111.93103,33.493267
13176,0,-111.924095,33.492203
13177,0,-111.909386,33.485096
13178,2,-115.16587,36.126877
13179,2,-115.185196,36.12566
13180,2,-115.19906,36.114304
13181,2,-111.86569,33.53887
13182,2,-115.176704,36.09028
13183,2,-115.2682,36.207485
13184,2,-115.17259,36.112953
13185,0,-111.9265,33.49973
13186,3544,-111.831474,33.415356
13187,0,-111.93084,33.496696
13188,3545,-111.92448,33.62557
13189,0,-111.92857,33.498913
13190,10,-115.193504,36.038464
13191,2,-111.940346,33.62533
13192,0,-111.92531,33.526226
13193,3546,-112.39657,33.6385
13194,0,-111.99511,33.494488
13195,10,-115.173874,36.109753
13196,10,-111.923,33.5015
13197,3547,-112.06453,33.537617
13198,2,-115.1563,36.142338
13199,3548,-111.91088,33.479633
13200,3174,-111.82445,33.382034
13201,0,-111.886665,33.536114
13202,0,-112.0675,33.445362
13203,0,-111.89904,33.55519
13204,0,-111.92594,33.497276
13205,3549,-111.92632,33.494377
13206,0,-112.04791,33.47893
13207,3550,-112.340294,33.510586
13208,3551,-112.02769,33.510315
13209,3552,-111.98837,33.47994
13210,0,-111.91153,33.509792
13211,0,-112.082855,33.465343
13212,3553,-115.17153,36.117573
13213,3554,-111.924644,33.497574
13214,2,-115.1696,36.121452
13215,0,-89.4077,43.067436
13216,2,-115.15387,36.110085
13217,2,-115.1746,36.116764
13218,0,-112.07603,33.375362
13219,2,-115.20247,36.144047
13220,3555,-115.17618,36.115856
13221,0,-111.92796,33.49821
13222,10,-115.13576,36.035084
13223,3556,-115.12269,36.057693
13224,0,-111.864815,33.614304
13225,0,-111.87686,33.54105
13226,2,-111.92541,33.515713
13227,2,-112.06096,33.50953
13228,2,-111.918,33.50232
13229,3557,-111.87624,33.554436
13230,2,-111.92033,33.54949
13231,3558,-111.92454,33.530727
13232,2,-111.92454,33.530727
13233,10,-115.206345,35.994972
13234,2,-112.065636,33.44916
13235,2,-115.17124,36.11788
13236,3559,-111.90516,33.431896
13237,3560,-115.17332,36.11567
13238,0,-111.924904,33.510914
13239,0,-111.995514,33.50243
13240,2,-115.14528,36.1616
13241,0,-111.9233,33.500515
13242,3561,-111.88075,33.55738
13243,0,-111.88503,33.53814
13244,3562,-111.7903,33.329292
13245,0,-89.35532,43.092377
13246,3563,-111.72084,33.306175
13247,0,-111.921135,33.499172
13248,3564,-111.887695,33.538803
13249,3565,-111.92648,33.474552
13250,0,-112.11519,33.56719
13251,0,-111.86569,33.53887
13252,10,-115.28703,36.166676
13253,0,-112.00837,33.418617
13254,3566,-111.93095,33.492477
13255,0,-111.93621,33.378216
13256,0,-111.85926,33.31954
13257,0,-111.94457,33.335052
13258,0,-115.22587,36.055244
13259,2,-115.17258,36.117775
13260,3567,-111.900154,33.522736
13261,2,-3.2078898,55.950645
13262,0,-112.14925,34.048668
13263,3568,-115.14277,36.16997
13264,0,-111.97846,33.598522
13265,3569,-111.92562,33.493855
13266,0,-112.04739,33.4692
13267,3570,-112.079155,33.462337
13268,10,-115.180565,36.14486
13269,3571,-111.9265,33.49973
13270,0,-115.1763,36.11227
13271,0,-111.95478,33.827812
13272,2,-111.92605,33.49417
13273,0,-111.899925,33.297394
13274,3572,-111.88882,33.536194
13275,3573,-112.07669,33.451775
13276,3574,-111.7212,33.3666
13277,3575,-111.9259,33.4943
13278,3576,-112.03594,33.508713
13279,0,-111.9104,33.510536
13280,3577,-111.92568,33.50306
13281,0,-112.07085,33.45184
13282,0,-111.909294,33.480995
13283,0,-111.92718,33.499454
13284,2,-115.1696,36.121452
13285,2,-111.92796,33.49821
13286,3578,-112.17907,33.639347
13287,3171,-112.082306,33.465755
13288,3579,-112.35873,33.459194
13289,0,-112.35789,33.49642
13290,10,-115.14879,36.167496
13291,3580,-111.925766,33.778988
13292,3581,-80.85149,35.05261
13293,3582,-112.07461,33.474236
13294,0,-112.099625,33.611423
13295,3564,-111.78603,33.30524
13296,3583,-111.92373,33.635464
13297,3584,-112.06343,33.44752
13298,3585,-112.134315,33.59905
13299,0,-111.91699,33.495335
13300,0,-111.92351,33.62336
13301,0,-111.83741,33.58735
13302,0,-111.94043,33.42665
13303,0,-111.96637,33.37875
13304,3586,-111.99844,33.611675
13305,0,-111.925835,33.621162
13306,3587,-111.9267,33.581894
13307,0,-115.17524,36.116566
13308,3588,-111.986916,33.449505
13309,2,-111.921234,33.428543
13310,3589,-111.93953,33.42387
13311,3590,-112.179596,33.609203
13312,0,-112.23567,33.56168
13313,3591,-111.927216,33.5314
13314,3592,-112.10124,33.69889
13315,3593,-112.08777,33.474533
13316,3594,-111.97976,33.58406
13317,0,-111.89228,33.62004
13318,2,-115.17106,36.11242
13319,3595,-112.13908,33.86405
13320,0,-112.09086,33.68786
13321,0,-112.06096,33.50953
13322,3596,-112.361534,33.61106
13323,0,-111.86466,33.62588
13324,3597,-111.86066,33.410545
13325,3598,-111.890274,33.56924
13326,0,-111.84261,33.302094
13327,0,-111.88892,33.56866
13328,2,-115.152756,36.04253
13329,0,-111.89623,33.62662
13330,3599,-111.89105,33.6271
13331,3600,-111.88846,33.70003
13332,10,-115.209915,36.126427
13333,3601,-111.9257,33.58142
13334,0,-112.26204,33.53305
13335,3602,-111.99559,33.511234
13336,0,-112.341606,33.456554
13337,0,-111.889786,33.700935
13338,0,-111.88807,33.630234
13339,3603,-111.92922,33.497566
13340,0,-111.87475,33.32603
13341,3604,-111.92986,33.62345
13342,3605,-111.94819,33.393543
13343,0,-111.92595,33.492382
13344,0,-111.97827,33.742886
13345,2,-115.17086,36.10993
13346,0,-111.92691,33.463375
13347,3606,-112.06551,33.576332
13348,0,-111.97119,33.67655
13349,0,-111.968124,33.336864
13350,3607,-111.941315,33.625683
13351,2,-111.9348,33.42384
13352,0,-111.899635,33.554825
13353,3608,-111.92505,33.625366
13354,3609,-112.0737,33.44718
13355,3610,-111.92569,33.581585
13356,3611,-111.988716,33.509197
13357,3612,-111.92303,33.63381
13358,2,-115.16879,36.122967
13359,3613,-112.23371,33.652077
13360,0,-115.16296,36.12714
13361,10,-111.92255,33.63534
13362,3614,-111.926285,33.624992
13363,3615,-111.85306,33.72681
13364,3616,-111.9245,33.624264
13365,3617,-112.06892,33.640152
13366,3618,-115.15458,36.119186
13367,0,-111.91648,33.64488
13368,10,-115.19083,36.13164
13369,10,-115.106995,36.001556
13370,3619,-111.92413,33.6343
13371,3620,-111.98907,33.59956
13372,0,-111.92555,33.564976
13373,10,-115.333855,36.155964
13374,0,-115.17516,36.109875
13375,0,-111.93308,33.65803
13376,0,-111.92524,33.640568
13377,0,-111.89747,33.622242
13378,2,-111.88353,33.58348
13379,0,-115.1613,36.138298
13380,0,-111.899635,33.554825
13381,0,-111.94082,33.423077
13382,3621,-111.75427,33.37781
13383,0,-111.8871,33.547974
13384,0,-111.97359,33.281574
13385,0,-111.92535,33.633804
13386,10,-111.86267,33.32013
13387,0,-111.88893,33.700867
13388,0,-112.02636,33.50909
13389,2,-115.139915,36.169243
13390,0,-112.11373,33.715096
13391,0,-111.922005,33.416733
13392,3622,-111.90923,33.590168
13393,0,-111.83618,33.72979
13394,0,-111.74095,33.379765
13395,0,-111.92133,33.636242
13396,10,-115.27853,36.057846
13397,3623,-111.92133,33.636242
13398,2,-115.20888,36.09506
13399,2,-115.167725,36.103397
13400,2,-115.17669,36.117455
13401,2,-111.93256,33.625645
13402,3624,-112.354836,33.640923
13403,2,-115.1702,36.12269
13404,2,-111.93256,33.625645
13405,2,-3.2080517,55.94347
13406,3625,-115.170975,36.114277
13407,2,-111.878845,33.55517
13408,10,-115.286835,36.16732
13409,0,-111.93256,33.625645
13410,10,-115.28672,36.167316
13411,0,-80.82462,35.20136
13412,0,-111.92589,33.586834
13413,0,-111.93498,33.480534
13414,0,-111.80616,33.33455
13415,0,-111.92555,33.492203
13416,0,-111.87393,33.622734
13417,3626,-111.97308,33.52883
13418,0,-111.97852,33.583923
13419,0,-112.073875,33.446995
13420,17,-111.899635,33.554825
13421,2,-115.15531,36.11022
13422,3627,-112.07486,33.448936
13423,3628,-111.92427,33.492287
13424,10,-115.10661,36.176548
13425,0,-112.03701,33.50547
13426,2,-115.17203,36.11494
13427,3629,-111.92765,33.61101
13428,3630,-111.89497,33.582962
13429,0,-111.924065,33.5797
13430,3631,-111.92503,33.565964
13431,3632,-111.88332,33.583534
13432,2591,-111.94438,33.6397
13433,0,-111.91585,33.697605
13434,0,-112.08164,33.465992
13435,0,-112.35826,33.638195
13436,0,-111.91033,33.486916
13437,0,-111.92796,33.49821
13438,0,-111.92657,33.499386
13439,0,-111.92719,33.61297
13440,3633,-112.07991,33.45496
13441,0,-111.928825,33.82903
13442,3634,-112.07308,33.56747
13443,3635,-111.94353,33.62466
13444,0,-111.92586,33.52929
13445,0,-111.8557,33.39083
13446,2,-115.30628,36.114822
13447,3636,-111.97461,33.678616
13448,2,-115.17618,36.115856
13449,0,-111.92555,33.564976
13450,3637,-115.1177,36.017395
13451,3638,-111.92365,33.625546
13452,3639,-112.06483,33.457333
13453,0,-111.927666,33.579617
13454,2425,-111.92663,33.475277
13455,0,-111.97931,33.675674
13456,0,-112.18689,33.662468
13457,0,-111.9272,33.60663
13458,3640,-111.88812,33.576557
13459,3641,-115.164345,36.06004
13460,3642,-111.88905,33.628826
13461,0,-111.92405,33.581863
13462,0,-111.92794,33.58294
13463,0,-112.02123,33.496204
13464,3643,-112.028336,33.480034
13465,3644,-115.172226,36.11094
13466,0,-111.92269,33.500526
13467,0,-111.879074,33.579002
13468,3645,-115.27639,36.129875
13469,0,-111.96635,33.31977
13470,3646,-112.00717,33.435467
13471,0,-112.05806,33.550854
13472,2,-111.921486,33.6365
13473,0,-112.05858,33.800053
13474,3647,-111.91994,33.50182
13475,3648,-112.35939,33.611492
13476,0,-111.90859,33.406624
13477,3649,-111.90551,33.573765
13478,2,-115.16591,36.127686
13479,3650,-111.92612,33.532578
13480,0,-111.92637,33.62349
13481,0,-111.929245,33.65774
13482,0,-115.15126,36.10913
13483,0,-115.174355,36.092293
13484,0,-111.96063,33.64
13485,2,-111.92245,33.634277
13486,0,-111.92796,33.49821
13487,3651,-115.27943,36.19797
13488,2,-115.04282,36.067123
13489,3652,-111.92713,33.57968
13490,2,-111.8795,33.581333
13491,3653,-111.97952,33.6384
13492,3654,-111.92427,33.539143
13493,0,-111.92713,33.57968
13494,2,-111.9283,33.502007
13495,0,-111.88672,33.57047
13496,3655,-112.04751,33.52433
13497,2,-115.20631,36.12659
13498,0,-111.93072,33.363735
13499,3656,-115.16559,36.12689
13500,2,-111.98048,33.596786
13501,3657,-112.120705,33.667572
13502,3658,-112.02581,33.441082
13503,0,-111.89145,33.62742
13504,3659,-112.10023,33.626423
13505,3660,-112.06544,33.595097
13506,3661,-111.89832,33.299843
13507,1505,-111.89839,33.619488
13508,2,-115.28559,36.16719
13509,0,-115.17262,36.12956
13510,3662,-111.954414,33.449184
13511,3663,-111.90713,33.39263
13512,0,-112.35912,33.638172
13513,0,-111.978775,33.60077
13514,0,-111.970184,33.340645
13515,3664,-115.14164,36.169453
13516,0,-111.92405,33.581863
13517,0,-111.89105,33.6271
13518,3665,-112.07908,33.49112
13519,0,-112.02814,33.510223
13520,3666,-111.9784,33.59783
13521,3667,-111.88672,33.57047
13522,2,-115.19791,36.125908
13523,0,-111.92589,33.586834
13524,0,-111.91382,33.494644
13525,0,-111.89946,33.557293
13526,0,-115.17259,36.112953
13527,0,-111.93644,33.422863
13528,0,-111.89122,33.6281
13529,0,-111.923256,33.58223
13530,3668,-111.92514,33.542786
13531,2,-115.16901,35.965446
13532,0,-111.931244,33.49337
13533,0,-112.049126,33.4368
13534,2,-111.873436,33.413322
13535,3669,-112.15217,33.479485
13536,1044,-111.87385,33.619835
13537,3670,-112.15222,33.596447
13538,0,-111.93961,33.42608
13539,0,-112.00361,33.494633
13540,10,-111.924065,33.5797
13541,2,-111.88672,33.57047
13542,3671,-112.00845,33.581757
13543,0,-111.9348,33.42384
13544,2,-111.88672,33.57047
13545,3672,-115.21632,36.143684
13546,2,-111.92589,33.586834
13547,3673,-111.883736,33.583702
13548,3674,-112.056564,33.550343
13549,2,-111.88672,33.57047
13550,2,-115.17249,36.105267
13551,0,-111.92453,33.626465
13552,0,-111.92858,33.507435
13553,3675,-115.1952,36.11531
13554,0,-111.89978,33.523556
13555,0,-111.97784,33.678036
13556,3676,-111.8864,33.581165
13557,3677,-111.91699,33.495335
13558,0,-112.07908,33.49112
13559,2,-115.17462,36.11694
13560,0,-111.87953,33.581432
13561,3678,-115.17516,36.109875
13562,2046,-111.926476,33.497753
13563,0,-111.71668,33.604015
13564,0,-111.93972,33.42531
13565,2195,-111.89497,33.582962
13566,3679,-111.8802,33.581043
13567,0,-111.925316,33.577934
13568,3680,-112.040794,33.68793
13569,3681,-111.92227,33.584015
13570,3682,-111.715385,33.60149
13571,995,-111.78678,33.450356
13572,3683,-112.3355,33.460354
13573,0,-111.87599,33.41335
13574,3684,-112.03017,33.671425
13575,0,-111.89915,33.556744
13576,3685,-112.35909,33.608376
13577,0,-111.77289,33.423706
13578,0,-111.8859,33.545685
13579,0,-112.255974,33.572426
13580,0,-111.92432,33.499275
13581,3686,-111.90713,33.432552
13582,0,-111.92414,33.6247
13583,0,-112.1159,33.587765
13584,3687,-111.918,33.50232
13585,0,-112.0404,33.509445
13586,0,-115.16348,36.113026
13587,2,-115.17425,36.102516
13588,0,-111.92933,33.583122
13589,0,-111.88627,33.57712
13590,10,-115.22431,36.049065
13591,0,-111.865005,33.730907
13592,3688,-111.9787,33.678043
13593,3689,-111.92387,33.539803
13594,2,-115.15259,36.108295
13595,0,-115.173874,36.109753
13596,3690,-112.02814,33.510223
13597,3691,-111.88815,33.56837
13598,0,-111.92239,33.501007
13599,3692,-111.89351,33.627815
13600,0,-111.79169,33.36009
13601,3693,-111.92066,33.48725
13602,3694,-115.1725,36.110065
13603,0,-111.889626,33.56953
13604,3695,-111.89904,33.620514
13605,3696,-111.89205,33.622887
13606,2,-111.90547,33.544228
13607,0,-111.92325,33.499825
13608,0,-111.92068,33.497047
13609,2,-111.92427,33.492287
13610,3697,-115.13952,36.169872
13611,3698,-111.90547,33.544228
13612,0,-111.85414,33.40779
13613,0,-111.890686,33.546608
13614,10,-115.14879,36.167496
13615,3699,-111.92559,33.564953
13616,2,-79.981895,40.42913
13617,0,-111.92351,33.4998
13618,1,-112.07427,33.447517
13619,3700,-80.00245,40.440094
13620,2,-115.17105,36.12595
13621,2,-111.95935,33.521988
13622,0,-112.082855,33.465343
13623,0,-111.91234,33.634113
13624,3701,-111.92427,33.492287
13625,10,-115.16821,36.127586
13626,3702,-115.17277,36.10408
13627,3703,-111.875984,33.413902
13628,2,-115.17105,36.12595
13629,0,-112.065346,33.511677
13630,3704,-111.92933,33.583122
13631,2,-115.00943,36.27326
13632,0,-111.92477,33.637135
13633,3705,-111.94324,33.42773
13634,2,-115.176674,36.090755
13635,2,-115.17305,36.118965
13636,0,-111.73239,33.258827
13637,2,-73.55351,45.505966
13638,2,-115.17141,36.099007
13639,0,-112.073425,33.447334
13640,2,-111.92427,33.492287
13641,2,-111.918686,33.566635
13642,3706,-111.918686,33.566635
13643,0,-112.22394,33.637062
13644,2,-111.951614,33.421337
13645,0,-111.906,33.542786
13646,3707,-111.892105,33.622715
13647,0,-111.78991,33.355118
13648,2,-111.90435,33.543568
13649,3708,-111.87138,33.43566
13650,0,-112.0395,33.50987
13651,0,-111.930336,33.624638
13652,2,-111.99497,33.43605
13653,3709,-111.83645,33.586655
13654,0,-111.99492,33.50903
13655,0,-111.916115,33.54898
13656,0,-111.916115,33.54898
13657,0,-111.92222,33.482235
13658,0,-111.92473,33.626343
13659,10,-115.243866,36.086548
13660,0,-111.924614,33.63925
13661,3710,-111.97862,33.58383
13662,0,-112.75274,33.96392
13663,2,-115.152214,36.238003
13664,2,-115.17229,36.115147
13665,3711,-115.15078,36.238735
13666,3712,-112.11067,33.640343
13667,2,-115.04833,36.05661
13668,3713,-111.88664,33.652416
13669,2,-115.17459,36.112022
13670,2,-112.23166,33.638668
13671,3714,-111.864914,33.612568
13672,2,-115.209656,36.127045
13673,3715,-111.76157,33.5782
13674,3716,-111.92381,33.630455
13675,3717,-111.855576,33.626987
13676,0,-115.1696,36.121452
13677,0,-111.89145,33.62742
13678,2,-115.16908,36.123558
13679,2,-115.17704,36.10762
13680,3718,-112.00975,33.652214
13681,2,-115.17076,36.123367
13682,0,-111.92448,33.62557
13683,0,-112.00525,33.4954
13684,3719,-111.92898,33.494953
13685,3720,-111.92463,33.526604
13686,0,-111.70334,33.450253
13687,0,-112.219315,33.597385
13688,3721,-111.92414,33.6247
13689,0,-111.9309,33.58303
13690,3722,-112.07421,33.448036
13691,10,-112.26073,33.53095
13692,3723,-115.23067,36.145134
13693,3724,-115.20169,36.103138
13694,2,-111.924934,33.6239
13695,0,-111.95117,33.421658
13696,0,-111.95709,33.377953
13697,0,-111.88573,33.56917
13698,0,-111.96461,33.34455
13699,0,-111.92384,33.635555
13700,0,-112.078766,33.50958
13701,0,-111.86059,33.32102
13702,0,-112.126114,33.47456
13703,3725,-111.89814,33.62055
13704,0,-111.92589,33.586834
13705,3726,-111.97128,33.6758
13706,0,-111.86594,33.656197
13707,2,-115.17345,36.10306
13708,0,-112.078766,33.50958
13709,0,-111.93356,33.492912
13710,0,-111.89891,33.583294
13711,0,-111.922264,33.636967
13712,3727,-111.9309,33.58303
13713,3728,-111.94537,33.63992
13714,0,-111.97858,33.677853
13715,3729,-112.070465,33.452625
13716,3730,-112.06535,33.519577
13717,0,-111.893005,33.629578
13718,0,-111.93508,33.48131
13719,2,-115.11905,36.06513
13720,0,-111.89477,33.627304
13721,3731,-89.39336,43.07273
13722,3732,-111.85499,33.62719
13723,0,-111.905495,33.43018
13724,0,-111.982765,33.60154
13725,3733,-111.89741,33.639843
13726,10,-115.279594,36.084366
13727,0,-112.221115,33.467304
13728,2,-115.17261,36.109623
13729,2,-112.07346,33.566128
13730,0,-111.89623,33.62662
13731,0,-111.642784,33.27908
13732,0,-112.07449,33.509724
13733,0,-112.27923,33.680916
13734,3734,-112.35909,33.608376
13735,3735,-111.90483,33.57417
13736,3736,-112.15434,33.63888
13737,3737,-111.80486,33.33455
13738,0,-111.891525,33.627163
13739,3738,-111.90578,33.671642
13740,3739,-111.92588,33.61741
13741,3740,-111.925575,33.564854
13742,3741,-111.92106,33.636818
13743,3742,-111.92429,33.480343
13744,0,-112.02636,33.50909
13745,3743,-111.89477,33.627304
13746,2605,-111.83741,33.58735
13747,3744,-111.92389,33.63416
13748,3745,-112.13489,33.653374
13749,3746,-111.97565,33.31796
13750,3747,-111.92473,33.626343
13751,3748,-112.18759,33.66274
13752,3749,-111.99566,33.626667
13753,3750,-111.84582,33.334644
13754,0,-112.06567,33.487747
13755,3751,-111.78977,33.356873
13756,0,-112.35909,33.608376
13757,3752,-111.92635,33.46439
13758,0,-111.92415,33.50155
13759,3160,-111.715546,33.6058
13760,0,-112.14925,34.048668
13761,0,-111.8957,33.628017
13762,0,-111.90865,33.42681
13763,0,-115.17818,36.10713
13764,3753,-112.127106,33.581795
13765,0,-111.86321,33.638275
13766,1785,-111.94167,33.463852
13767,0,-111.92716,33.45379
13768,2,-111.91804,33.69925
13769,0,-111.923874,33.613426
13770,3577,-115.270836,36.115585
13771,3754,-112.201744,33.67057
13772,3755,-112.07228,33.45587
13773,3756,-111.92106,33.636818
13774,3757,-111.860954,33.3336
13775,2,-111.92255,33.63534
13776,10,-115.172554,36.115673
13777,3758,-112.04673,33.523743
13778,3759,-111.929985,33.496662
13779,2,-115.13441,36.166664
13780,3760,-111.96778,33.305794
13781,3761,-111.8921,33.29809
13782,0,-111.97705,33.62529
13783,10,-115.242485,36.146217
13784,0,-111.83422,33.585438
13785,0,-111.92663,33.65241
13786,0,-111.926575,33.61727
13787,0,-111.9863,33.60374
13788,2,-111.93946,33.424164
13789,3762,-115.17204,36.10654
13790,0,-112.0037,33.49516
13791,2,-115.17849,36.10924
13792,3763,-111.9309,33.58303
13793,0,-111.9254,33.43438
13794,3764,-111.932915,33.830177
13795,3765,-111.924515,33.497276
13796,0,-111.92589,33.586834
13797,3766,-111.937874,33.6769
13798,1853,-111.92681,33.655525
13799,0,-111.95564,33.442375
13800,3767,-111.92589,33.586834
13801,3768,-111.926735,33.657112
13802,3769,-111.88693,33.578854
13803,3770,-112.08303,33.487476
13804,0,-111.925156,33.623657
13805,3771,-112.08679,33.45524
13806,2,-112.406685,33.638386
13807,0,-111.92529,33.478733
13808,3772,-115.04282,36.067123
13809,3773,-111.86656,33.656647
13810,0,-111.93228,33.496403
13811,3774,-111.924675,33.676567
13812,3775,-112.082504,33.44052
13813,2,-115.17435,36.113964
13814,3776,-111.92485,33.700066
13815,0,-111.8916,33.627735
13816,2,-115.17345,36.10306
13817,3777,-111.926445,33.490032
13818,3778,-112.01307,33.610554
13819,1700,-112.165565,33.611652
13820,3779,-111.92477,33.64053
13821,2,-111.92746,33.442947
13822,2,-115.239815,36.247677
13823,2,-115.16876,36.12438
13824,10,-115.29539,36.072163
13825,10,-115.209366,36.11818
13826,2,-111.84298,33.60665
13827,2,-115.17264,36.11758
13828,2,-112.3355,33.460354
13829,2,-115.17375,36.103863
13830,2,-115.16904,36.124878
13831,2,-111.85296,33.731174
13832,0,-111.85296,33.731174
13833,3780,-112.07285,33.449226
13834,2,-111.87588,33.33712
13835,3781,-115.124886,36.046875
13836,2,-111.92492,33.62348
13837,3782,-112.38717,33.63924
13838,2141,-111.88703,33.58109
13839,3783,-115.194374,36.11659
13840,0,-112.07377,33.45838
13841,0,-112.359474,33.4629
13842,10,-111.953125,33.42159
13843,0,-115.09928,36.1158
13844,0,-111.97956,33.742207
13845,3784,-111.89859,33.490013
13846,0,-111.94858,33.832657
13847,3785,-111.92993,33.379704
13848,3786,-111.92697,33.462616
13849,0,-111.71406,33.573933
13850,0,-112.0362,33.596832
13851,0,-111.93644,33.422863
13852,0,-111.88807,33.630234
13853,0,-112.01427,33.530174
13854,0,-112.068504,33.452827
13855,0,-111.89049,33.67213
13856,3787,-111.72926,33.60943
13857,3788,-111.92555,33.49208
13858,0,-111.7157,33.603813
13859,3789,-112.18542,33.5525
13860,2,-115.17106,36.11242
13861,0,-112.51256,33.495914
13862,3790,-111.95183,33.50222
13863,3791,-111.9235,33.625095
13864,2,-115.17618,36.115856
13865,10,-115.2782,36.04246
13866,2,-115.20247,36.144047
13867,2,-111.944756,33.421448
13868,2,-115.15822,36.161972
13869,2,-111.97041,33.40094
13870,0,-111.874886,33.276276
13871,0,-112.07269,33.447872
13872,0,-112.12633,33.581448
13873,0,-111.90802,33.422424
13874,0,-111.95392,33.40789
13875,3792,-112.358376,33.638565
13876,0,-111.90979,33.48124
13877,0,-111.92074,33.414455
13878,0,-111.92645,33.497555
13879,3793,-112.01307,33.610554
13880,3794,-111.83955,33.420338
13881,0,-112.09964,33.48989
13882,3795,-111.938385,33.39157
13883,0,-115.10161,35.987434
13884,0,-112.07228,33.45587
13885,0,-111.92697,33.52771
13886,0,-112.003395,33.495155
13887,3796,-111.88627,33.537872
13888,3797,-111.90913,33.305134
13889,3798,-111.91262,33.362465
13890,2408,-112.06783,33.458065
13891,2,-115.17469,36.160713
13892,3799,-111.92796,33.465588
13893,3800,-111.93942,33.424335
13894,3801,-111.909775,33.41427
13895,0,-112.22394,33.637062
13896,0,-115.20741,36.123623
13897,0,-111.84114,33.29091
13898,0,-111.90998,33.347878
13899,0,-111.89997,33.4276
13900,0,-111.93966,33.42373
13901,0,-111.79081,33.27119
13902,0,-111.91017,33.48699
13903,2,-115.17462,36.142902
13904,0,-112.278114,33.465
13905,0,-111.84065,33.395973
13906,3802,-115.17203,36.11494
13907,3803,-111.92906,33.35001
13908,2,-111.96597,33.380142
13909,0,-111.9429,33.421566
13910,3804,-111.90812,33.393623
13911,0,-112.06773,33.458202
13912,0,-111.752884,33.37769
13913,3805,-111.98451,33.509106
13914,0,-111.93966,33.42373
13915,0,-111.97702,33.583447
13916,0,-112.06518,33.57531
13917,3806,-112.09144,33.45804
13918,0,-112.07232,33.457657
13919,2662,-111.95077,33.407825
13920,3807,-111.77341,33.29329
13921,0,-111.91124,33.362206
13922,3808,-115.17659,36.091938
13923,3809,-112.39657,33.6385
13924,3810,-111.86944,33.540287
13925,10,-115.11909,36.02112
13926,3811,-111.90713,33.39263
13927,0,-111.90753,33.392403
13928,10,-115.29494,36.144653
13929,0,-111.936485,33.422974
13930,2,-115.173004,36.08616
13931,0,-111.90193,33.433937
13932,0,-111.99402,33.49537
13933,3812,-112.06783,33.458065
13934,3813,-111.95785,33.407825
13935,0,-111.940056,33.37929
13936,0,-111.9102,33.48628
13937,0,-111.75701,33.383377
13938,928,-111.86142,33.37831
13939,0,-111.84235,33.303055
13940,0,-111.926895,33.445057
13941,0,-111.90577,33.414867
13942,3814,-111.91991,33.422413
13943,10,-111.90752,33.4066
13944,0,-111.842026,33.302025
13945,0,-111.91188,33.449238
13946,0,-111.94298,33.421413
13947,0,-112.0739,33.500202
13948,0,-111.94513,33.34795
13949,3815,-112.071434,33.44589
13950,0,-112.26853,33.581406
13951,3816,-112.35738,33.60866
13952,3817,-111.62122,33.250507
13953,0,-111.69228,33.39339
13954,3818,-111.94087,33.421497
13955,0,-111.9429,33.421566
13956,0,-111.9348,33.42384
13957,0,-111.925095,33.408787
13958,3819,-111.9348,33.42384
13959,10,-115.11066,36.002857
13960,3820,-111.90765,33.394054
13961,3821,-111.938385,33.39157
13962,0,-115.14963,36.16695
13963,2,-115.333855,36.155964
13964,0,-111.907875,33.377914
13965,3822,-111.939285,33.39397
13966,0,-88.20769,40.11382
13967,0,-111.936,33.41438
13968,0,-111.926796,33.39335
13969,0,-112.069435,33.455498
13970,0,-111.910835,33.391663
13971,0,-111.90634,33.432297
13972,0,-111.842354,33.302765
13973,2,-111.945045,33.3702
13974,2,-111.957985,33.40045
13975,3823,-111.84253,33.303234
13976,3824,-111.91612,33.4083
13977,3825,-111.95189,33.421677
13978,1704,-111.964485,33.38312
13979,0,-111.94457,33.335052
13980,0,-111.926056,33.434616
13981,0,-115.17087,36.10242
13982,0,-111.93772,33.391724
13983,0,-111.9348,33.42384
13984,0,-111.94025,33.423023
13985,0,-111.86058,33.33606
13986,0,-111.98852,33.44883
13987,3826,-111.94457,33.335052
13988,3827,-112.34913,33.442703
13989,10,-115.101585,35.99378
13990,3828,-111.93966,33.42373
13991,3829,-112.08241,33.5027
13992,0,-111.93897,33.392853
13993,0,-111.92575,33.479183
13994,3830,-111.922005,33.416733
13995,3831,-111.92623,33.487377
13996,0,-111.93953,33.42387
13997,0,-111.92288,33.407772
13998,3832,-112.15222,33.596447
13999,0,-111.9198,33.375698
14000,3833,-111.908585,33.39378
14001,2,-79.956856,40.44166
14002,0,-112.36116,33.463722
14003,3834,-111.898705,33.556156
14004,2,-111.92621,33.53352
14005,0,-111.910545,33.36135
14006,0,-111.873436,33.413322
14007,0,-111.87926,33.63937
14008,3835,-111.92621,33.53352
14009,3836,-112.10129,33.678238
14010,1067,-111.757416,33.30427
14011,3837,-115.16342,36.112488
14012,0,-111.75459,33.38057
14013,10,-115.178215,36.068935
14014,0,-112.064095,33.5219
14015,0,-111.91967,33.41524
14016,3838,-111.875336,33.277004
14017,3839,-112.06567,33.487747
14018,3840,-115.17223,36.110733
14019,3841,-111.75614,33.36745
14020,3842,-111.94031,33.423107
14021,3843,-111.927536,33.32154
14022,3844,-111.926476,33.497753
14023,0,-111.943954,33.42853
14024,0,-111.909645,33.40716
14025,3041,-111.92857,33.498913
14026,0,-111.90768,33.43246
14027,3845,-111.85407,33.39349
14028,0,-115.164635,36.15917
14029,3846,-111.92667,33.48332
14030,0,-111.928185,33.501774
14031,0,-112.23992,33.611088
14032,3847,-111.91991,33.422413
14033,0,-111.995926,33.466976
14034,0,-112.26038,33.533157
14035,0,-111.938385,33.39157
14036,0,-111.96481,33.378925
14037,3848,-111.94298,33.421413
14038,0,-111.92793,33.489388
14039,0,-111.936104,33.378216
14040,2,-112.071495,33.458748
14041,2,-115.117386,36.019474
14042,10,-115.257774,36.197437
14043,3849,-111.995514,33.50243
14044,0,-111.80543,33.280136
14045,3850,-112.05343,33.305244
14046,3851,-111.95375,33.407803
14047,3852,-112.00525,33.4954
14048,3853,-112.03524,33.464256
14049,0,-112.08214,33.50671
14050,0,-111.92365,33.625546
14051,3854,-111.92595,33.422276
14052,10,-111.63997,33.28187
14053,0,-112.07379,33.435524
14054,0,-111.941376,33.423275
14055,3855,-111.98909,33.42159
14056,0,-111.90545,33.432915
14057,3856,-115.22625,36.086525
14058,3857,-111.842514,33.300156
14059,0,-115.1563,36.142338
14060,0,-111.877106,33.337326
14061,0,-112.23991,33.68106
14062,2,-115.17496,36.121323
14063,3858,-115.12194,36.239635
14064,0,-111.9075,33.421463
14065,3859,-111.95149,33.42273
14066,0,-111.757416,33.30427
14067,3860,-112.111946,33.714478
14068,3861,-111.92568,33.422756
14069,3862,-111.948746,33.34968
14070,0,-111.909645,33.40716
14071,0,-112.07669,33.451775
14072,0,-112.08227,33.4657
14073,0,-111.82584,33.41346
14074,2,-115.30272,36.144875
14075,3863,-115.174225,36.106884
14076,10,-115.11838,36.02763
14077,2,-111.97094,33.403538
14078,3864,-112.217834,33.49427
14079,2704,-111.97094,33.403538
14080,2,-115.17315,36.10988
14081,2,-111.638664,33.25568
14082,2,-111.98156,33.304703
14083,2,-115.15421,36.119675
14084,3865,-89.37943,43.081955
14085,0,-111.743256,33.29787
14086,10,-115.123695,36.16971
14087,0,-111.92566,33.48609
14088,3842,-111.938225,33.378216
14089,3866,-112.119194,33.60981
14090,3867,-111.7565,33.307278
14091,3868,-112.024,33.50923
14092,0,-111.94037,33.425762
14093,3869,-111.72063,33.23511
14094,3870,-111.96473,33.340286
14095,0,-111.9288,33.49526
14096,0,-111.842354,33.302902
14097,0,-111.91153,33.34884
14098,0,-111.93007,33.378265
14099,0,-112.07991,33.45496
14100,0,-111.99629,33.50219
14101,0,-111.940285,33.4239
14102,2,-111.74272,33.31082
14103,3871,-111.8411,33.308956
14104,0,-111.889854,33.56891
14105,0,-111.913475,33.334187
14106,3872,-112.26038,33.533157
14107,2,-112.07714,33.479996
14108,0,-111.91015,33.36143
14109,0,-111.74018,33.378
14110,3873,-111.86773,33.43473
14111,2,-115.17179,36.12469
14112,3874,-111.96536,33.348595
14113,0,-112.08345,33.511223
14114,0,-111.806076,33.33379
14115,3875,-111.9309,33.58303
14116,3876,-112.042145,33.50762
14117,0,-111.940834,33.426746
14118,2,-112.233604,33.631218
14119,3877,-111.789406,33.343132
14120,0,-111.583275,33.220783
14121,3878,-111.79001,33.23642
14122,3879,-111.89477,33.627304
14123,0,-111.90133,33.297695
14124,3880,-111.786835,33.305935
14125,3881,-111.79526,33.32913
14126,0,-111.79019,33.361027
14127,0,-111.7922,33.276756
14128,3882,-111.7716,33.33517
14129,0,-111.93984,33.42521
14130,3883,-115.17659,36.091938
14131,0,-111.79091,33.33001
14132,10,-111.94457,33.335052
14133,0,-111.96481,33.378925
14134,2746,-112.07397,33.513077
14135,3884,-111.84169,33.3019
14136,0,-111.89843,33.30038
14137,3885,-111.78979,33.35617
14138,3886,-111.85944,33.260887
14139,3887,-112.35779,33.638268
14140,3888,-112.11836,33.58035
14141,0,-112.20085,33.610016
14142,0,-112.11634,33.68425
14143,0,-111.978355,33.628124
14144,0,-111.874825,33.3346
14145,3889,-112.34119,33.46296
14146,3890,-112.20063,33.58138
14147,0,-112.15237,33.570454
14148,0,-112.261375,33.539352
14149,3891,-112.19021,33.639206
14150,3892,-112.10182,33.64176
14151,3893,-112.10012,33.576057
14152,2469,-112.15374,33.578506
14153,3894,-112.23536,33.6341
14154,0,-115.2503,36.26133
14155,3895,-112.23345,33.634666
14156,2,-112.092094,33.495777
14157,3896,-112.236946,33.582
14158,0,-112.26852,33.55204
14159,3897,-112.23569,33.637604
14160,3898,-112.306465,33.456245
14161,0,-112.073616,33.47703
14162,0,-111.99943,33.434166
14163,0,-111.87436,33.336075
14164,0,-112.10831,33.538857
14165,3899,-112.261986,33.534485
14166,3900,-112.1547,33.582264
14167,3901,-112.393166,33.45401
14168,3902,-112.169464,33.596962
14169,3903,-112.179955,33.639374
14170,0,-112.21995,33.639614
14171,0,-112.15249,33.595848
14172,0,-112.16651,33.53807
14173,0,-112.273056,33.46414
14174,0,-112.099625,33.611423
14175,10,-115.14471,36.17297
14176,0,-111.83024,33.58468
14177,3904,-111.97956,33.742207
14178,3905,-111.92555,33.564976
14179,971,-112.15249,33.595848
14180,3906,-112.27733,33.465477
14181,3907,-112.03918,33.494343
14182,3908,-88.20945,40.11271
14183,0,-112.20145,33.637093
14184,3909,-112.24855,33.638035
14185,0,-112.18553,33.611176
14186,3910,-112.17426,33.63955
14187,0,-112.124596,33.666637
14188,0,-115.17264,36.11758
14189,3911,-112.07421,33.448036
14190,0,-112.358765,33.507095
14191,3912,-112.389984,33.465
14192,3913,-111.908585,33.39378
14193,3914,-112.20413,33.611145
14194,0,-112.26056,33.534855
14195,0,-112.01307,33.610554
14196,2,-115.20198,36.10272
14197,3915,-112.179596,33.609203
14198,1700,-115.0849,36.133053
14199,2,-111.99641,33.433895
14200,3916,-111.80274,33.384647
14201,3917,-112.23696,33.62722
14202,2469,-112.10023,33.626423
14203,3918,-112.14868,33.60927
14204,0,-112.00525,33.4954
14205,0,-111.945366,33.422176
14206,0,-112.20237,33.63953
14207,0,-112.18495,33.62666
14208,3919,-112.14989,33.582363
14209,3920,-112.17426,33.63955
14210,0,-112.119,33.63949
14211,3921,-112.380104,33.49272
14212,0,-112.127,33.581833
14213,0,-112.13459,33.595837
14214,2,-115.17516,36.109875
14215,0,-112.27315,33.711445
14216,3922,-111.92811,33.655914
14217,0,-112.42459,33.622913
14218,0,-111.97562,33.675262
14219,3923,-112.26123,33.53409
14220,0,-112.083374,33.49749
14221,0,-112.21981,33.639004
14222,3924,-112.255974,33.572426
14223,3925,-112.35909,33.608376
14224,0,-112.16848,33.611618
14225,0,-111.92306,33.49227
14226,3926,-112.23371,33.652077
14227,0,-111.43695,33.325783
14228,3927,-112.23827,33.63088
14229,3928,-112.07486,33.448936
14230,3929,-112.11395,33.713455
14231,3930,-112.07486,33.448936
14232,0,-112.23827,33.63088
14233,3931,-112.18652,33.639526
14234,2408,-112.15017,33.639275
14235,0,-112.07127,33.508995
14236,3932,-112.20224,33.71069
14237,3933,-112.17962,33.638466
14238,0,-112.17049,33.611523
14239,2746,-112.19261,33.53826
14240,3934,-112.13981,33.713345
14241,0,-112.18482,33.65357
14242,0,-112.35621,33.637142
14243,0,-112.200554,33.670937
14244,3935,-112.18652,33.639526
14245,0,-112.22666,33.637676
14246,3936,-112.07427,33.447517
14247,0,-112.26495,33.535923
14248,3937,-112.18393,33.53842
14249,0,-112.22337,33.638668
14250,3938,-112.25282,33.65265
14251,0,-112.06516,33.519554
14252,3939,-112.11646,33.560856
14253,0,-112.34428,33.461773
14254,3940,-112.15303,33.507313
14255,3941,-115.17382,36.107162
14256,3942,-115.20631,36.12659
14257,3943,-112.18393,33.53842
14258,3944,-112.23827,33.63088
14259,0,-112.42533,33.639748
14260,0,-112.05003,33.46554
14261,3945,-111.939766,33.42518
14262,2,-112.1159,33.587765
14263,0,-112.236786,33.63244
14264,3946,-112.24642,33.6103
14265,0,-112.18089,33.6393
14266,2,-115.17641,36.11316
14267,0,-89.38136,43.073986
14268,3947,-115.17582,36.11773
14269,3948,-111.91345,33.414272
14270,0,-112.237564,33.632164
14271,0,-112.02123,33.496204
14272,1211,-112.1853,33.652706
14273,3949,-112.065636,33.44916
14274,0,-112.07358,33.442486
14275,0,-112.06551,33.576332
14276,3950,-111.92803,33.502003
14277,0,-111.94741,33.3045
14278,3951,-112.38717,33.639236
14279,3952,-112.186844,33.669155
14280,0,-111.99411,33.479755
14281,2,-112.07379,33.435524
14282,3953,-112.09661,33.640316
14283,0,-112.07341,33.5137
14284,0,-111.982864,33.637707
14285,0,-112.240456,33.581093
14286,3954,-111.92514,33.542786
14287,0,-115.04282,36.067123
14288,3955,-112.124596,33.666637
14289,3956,-112.277504,33.598698
14290,0,-112.075294,33.68302
14291,3957,-112.05003,33.46554
14292,3958,-112.232635,33.63769
14293,3959,-111.87599,33.41335
14294,0,-112.26091,33.531467
14295,3960,-111.92318,33.699768
14296,3961,-112.18817,33.662697
14297,3962,-112.02995,33.488026
14298,0,-112.237854,33.63042
14299,0,-111.93051,33.49245
14300,0,-112.0648,33.47468
14301,2,-115.11687,36.072422
14302,2,-115.19232,36.124928
14303,2408,-112.12003,33.64044
14304,3963,-112.33905,33.494873
14305,3964,-115.28673,36.30208
14306,3965,-111.63411,33.250214
14307,0,-112.13459,33.595837
14308,0,-112.065636,33.44916
14309,3966,-112.17907,33.639347
14310,0,-112.12201,33.57997
14311,0,-112.09938,33.65325
14312,3967,-112.38765,33.464397
14313,3968,-112.3659,33.638557
14314,3969,-112.273315,33.708637
14315,3970,-112.21995,33.639614
14316,0,-111.922,33.50141
14317,0,-112.219315,33.597385
14318,3971,-112.261986,33.534485
14319,0,-111.92796,33.49821
14320,3972,-112.07491,33.449474
14321,3973,-112.3355,33.460354
14322,3974,-112.184875,33.671173
14323,3975,-112.11026,33.712284
14324,0,-112.239525,33.61008
14325,0,-111.96444,33.67591
14326,0,-112.0404,33.509445
14327,0,-112.11054,33.64068
14328,0,-111.92428,33.639065
14329,3976,-112.22832,33.634636
14330,0,-112.20363,33.666588
14331,3977,-112.424706,33.62366
14332,0,-112.07551,33.449596
14333,3978,-112.20485,33.681496
14334,0,-112.23696,33.62722
14335,0,-112.16568,33.611366
14336,0,-112.07409,33.4975
14337,2,-112.0739,33.500202
14338,3979,-112.17426,33.63955
14339,3980,-112.07232,33.457657
14340,0,-112.16629,33.53872
14341,3933,-112.20556,33.66659
14342,0,-111.970184,33.340645
14343,2,-111.908585,33.39378
14344,3981,-111.955215,33.83297
14345,2,-112.09243,33.683323
14346,0,-111.874825,33.3346
14347,3982,-112.07492,33.483
14348,2,-112.15301,33.639202
14349,0,-111.9864,33.5107
14350,0,-112.23827,33.63088
14351,0,-112.273315,33.708637
14352,0,-112.13153,33.640965
14353,0,-112.00717,33.435467
14354,3983,-112.15278,33.655704
14355,0,-112.18625,33.67218
14356,3984,-111.89477,33.627304
14357,0,-112.114044,33.68167
14358,2,-112.201866,33.669647
14359,0,-111.89351,33.627815
14360,3985,-112.22263,33.609577
14361,0,-112.03788,33.509254
14362,3986,-112.23695,33.627163
14363,2498,-112.06799,33.640053
14364,0,-112.064644,33.450397
14365,3987,-112.201866,33.669647
14366,0,-112.201866,33.669647
14367,0,-112.42134,33.437656
14368,0,-111.92976,33.49328
14369,3988,-112.39554,33.45657
14370,3989,-112.22666,33.637676
14371,3990,-112.357574,33.45569
14372,3991,-112.20006,33.637154
14373,0,-112.07,33.45
14374,3992,-112.12042,33.5694
14375,3993,-115.11797,36.01842
14376,3993,-112.20006,33.637154
14377,0,-112.311424,33.638252
14378,0,-112.16848,33.611618
14379,3994,-112.17049,33.611523
14380,0,-111.94182,33.625153
14381,3995,-112.20006,33.637154
14382,0,-111.92621,33.53352
14383,3996,-112.41438,33.62518
14384,0,-112.34056,33.467358
14385,10,-115.26451,36.27111
14386,3997,-112.411354,33.550407
14387,3998,-112.22085,33.634846
14388,3999,-112.22938,33.640213
14389,0,-112.306465,33.456245
14390,4000,-112.222885,33.596703
14391,2,-115.17305,36.118965
14392,4001,-112.2732,33.708668
14393,2,-115.04762,36.043396
14394,0,-112.165565,33.611652
14395,0,-111.92559,33.478718
14396,0,-111.97417,33.4133
14397,0,-112.15378,33.568226
14398,0,-112.22643,33.644157
14399,2469,-112.380104,33.49272
14400,4002,-115.1613,36.138298
14401,4003,-112.20032,33.710823
14402,4004,-111.92589,33.527847
14403,2,-112.2349,33.654285
14404,0,-112.16867,33.545204
14405,0,-112.35577,33.64142
14406,4005,-112.22532,33.642204
14407,4006,-111.926445,33.490032
14408,0,-112.35873,33.459194
14409,0,-112.18625,33.67218
14410,1855,-112.183876,33.538338
14411,4007,-112.15075,33.59817
14412,0,-112.3589,33.64478
14413,0,-112.13153,33.640965
14414,4008,-112.26852,33.55204
14415,0,-112.237564,33.632164
14416,4009,-115.175896,36.097015
14417,2,-112.35747,33.461906
14418,0,-111.995995,33.50922
14419,4010,-115.17581,36.112846
14420,4011,-112.18716,33.669304
14421,2,-111.929924,33.349712
14422,0,-112.390724,33.638966
14423,4012,-111.52829,33.43119
14424,0,-111.95176,33.422905
14425,2,-115.17712,36.13198
14426,0,-112.06483,33.457333
14427,10,-115.17676,36.10449
14428,0,-111.94969,33.40756
14429,0,-111.96901,33.315628
14430,0,-112.14925,34.048668
14431,4013,-112.11634,33.68425
14432,4014,-111.95936,33.421658
14433,0,-112.357574,33.45569
14434,0,-112.358925,33.494473
14435,4015,-112.27418,33.464333
14436,0,-112.35561,33.495285
14437,0,-111.9251,33.42234
14438,4016,-111.92359,33.70057
14439,4017,-112.39554,33.45657
14440,0,-112.06483,33.457333
14441,0,-112.39554,33.45657
14442,4018,-112.388405,33.46402
14443,4019,-112.340225,33.465664
14444,0,-112.065346,33.51108
14445,4020,-112.065636,33.44916
14446,0,-112.23696,33.62722
14447,0,-112.27196,33.552067
14448,4021,-112.273056,33.46414
14449,0,-112.391945,33.462597
14450,1185,-112.27444,33.467335
14451,0,-112.42678,33.448696
14452,4022,-112.38765,33.464397
14453,4023,-112.34188,33.463543
14454,4024,-115.298615,36.115734
14455,4025,-112.22119,33.477585
14456,4026,-112.34036,33.45522
14457,0,-112.34503,33.463116
14458,0,-111.85926,33.31954
14459,4027,-112.35883,33.467022
14460,0,-112.23926,33.608532
14461,10,-112.26105,33.533955
14462,4028,-111.82407,33.423416
14463,10,-112.0037,33.49516
14464,4029,-115.16821,36.127586
14465,4030,-112.391945,33.462597
14466,4031,-115.13988,36.1688
14467,2,-115.16919,36.105984
14468,0,-112.339,33.4801
14469,4032,-115.12652,36.15846
14470,0,-112.27275,33.46457
14471,4033,-115.1613,36.138298
14472,4034,-112.34261,33.450146
14473,0,-112.23287,33.47082
14474,0,-112.06516,33.519554
14475,4035,-112.10023,33.626423
14476,0,-112.366554,33.64949
14477,0,-111.924805,33.52681
14478,4036,-112.39554,33.45657
14479,2,-115.32429,36.12181
14480,2,-115.15261,36.151554
14481,0,-112.18157,33.539257
14482,0,-112.25756,33.480137
14483,0,-112.341606,33.456554
14484,4037,-112.38777,33.465282
14485,0,-112.35514,33.463253
14486,0,-112.393776,33.62668
14487,0,-112.05104,33.477036
14488,4038,-112.349045,33.489315
14489,0,-112.28943,33.493145
14490,4039,-112.34056,33.467358
14491,2,-115.17143,36.135014
14492,10,-115.298325,36.112583
14493,4040,-112.34079,33.468014
14494,4041,-112.28586,33.49289
14495,2,-115.17103,36.099377
14496,0,-111.94082,33.423077
14497,0,-112.30401,33.63989
14498,4042,-112.3564,33.465137
14499,4043,-111.90847,33.47997
14500,0,-112.26204,33.53305
14501,4044,-112.04791,33.47893
14502,4045,-112.18318,33.538486
14503,0,-112.35899,33.494404
14504,0,-112.064644,33.450397
14505,2,-115.17117,36.112244
14506,10,-115.129555,36.15899
14507,4046,-112.261604,33.534298
14508,4047,-112.06892,33.640152
14509,10,-115.11622,36.042686
14510,4048,-112.35254,33.638336
14511,4049,-112.424706,33.62366
14512,4050,-111.9309,33.58303
14513,10,-115.20888,36.09506
14514,4051,-112.235085,33.654278
14515,0,-111.94996,33.451237
14516,4052,-111.91667,33.451714
14517,4053,-112.19062,33.638363
14518,4054,-112.08711,33.45496
14519,4055,-112.3928,33.638638
14520,0,-112.42433,33.623653
14521,0,-112.359604,33.60966
14522,0,-111.9309,33.58303
14523,1524,-112.357574,33.45569
14524,4056,-115.17177,36.11934
14525,4057,-112.35528,33.638565
14526,0,-112.35738,33.60866
14527,4058,-115.17105,36.12595
14528,4059,-112.35087,33.638256
14529,2,-115.1746,36.116764
14530,4060,-112.339,33.4801
14531,4061,-112.23968,33.609863
14532,4062,-111.9864,33.5107
14533,4063,-112.311424,33.638252
14534,4064,-112.36344,33.638203
14535,0,-112.35909,33.608498
14536,4065,-112.07444,33.447647
14537,0,-112.07405,33.44995
14538,0,-111.94451,33.42969
14539,0,-112.04739,33.4692
14540,2,-115.11839,36.01761
14541,4066,-115.16901,35.965446
14542,4067,-112.30007,33.594315
14543,4068,-111.89905,33.556004
14544,0,-111.999565,33.495495
14545,0,-112.42459,33.622913
14546,0,-112.236946,33.582
14547,4069,-115.14683,36.172176
14548,4070,-112.09187,33.64056
14549,2,-80.83551,35.209496
14550,2,-112.23624,33.637596
14551,2,-111.997696,33.435596
14552,0,-112.3598,33.452316
14553,2243,-112.13726,33.50915
14554,4071,-111.92775,33.492905
14555,4072,-111.71668,33.604015
14556,4073,-112.35838,33.641026
14557,4074,-111.92645,33.497555
14558,4075,-112.18469,33.609394
14559,4076,-112.239525,33.61008
14560,4077,-112.18803,33.538708
14561,2,-112.34913,33.442703
14562,0,-112.235,33.634686
14563,0,-112.55654,33.4429
14564,4078,-115.242485,36.146217
14565,0,-112.356064,33.464493
14566,4079,-112.0741,33.506855
14567,0,-111.92566,33.47535
14568,4080,-112.237564,33.632164
14569,4081,-112.359604,33.60966
14570,2469,-112.099625,33.611423
14571,4082,-111.742744,33.29706
14572,0,-112.124596,33.666637
14573,0,-112.22098,33.641773
14574,4083,-112.06551,33.576332
14575,0,-112.23775,33.673027
14576,0,-112.23657,33.64641
14577,4084,-112.25282,33.65265
14578,4085,-112.13472,33.843456
14579,10,-115.243195,36.062325
14580,0,-112.2732,33.708668
14581,4086,-89.34394,43.103706
14582,3470,-111.82275,33.224022
14583,0,-112.36406,33.63846
14584,0,-112.011635,33.628117
14585,4087,-112.23827,33.63088
14586,2,-115.14525,36.08316
14587,4088,-112.152214,33.595585
14588,0,-112.127106,33.581795
14589,0,-112.12435,33.666695
14590,4089,-112.26003,33.552128
14591,0,-112.11141,33.71098
14592,928,-112.23077,33.636528
14593,2,-112.0792,33.49111
14594,0,-112.26123,33.53409
14595,0,-112.23757,33.633236
14596,4090,-115.1736,36.104923
14597,2,-112.27315,33.711445
14598,4091,-115.1976,36.125965
14599,4092,-112.239044,33.669716
14600,3901,-112.21744,33.637657
14601,0,-112.18817,33.662697
14602,4093,-112.183464,33.61198
14603,4094,-111.90436,33.670033
14604,0,-112.18595,33.64035
14605,4095,-112.273315,33.708637
14606,4096,-112.33277,33.491962
14607,0,-111.84065,33.395973
14608,0,-112.18158,33.64012
14609,4097,-112.18393,33.53842
14610,4098,-115.04124,36.0614
14611,4099,-112.082504,33.44052
14612,4100,-112.099625,33.611423
14613,4101,-112.14982,33.640068
14614,0,-111.941376,33.423275
14615,4102,-115.20717,36.14959
14616,4103,-112.339,33.4801
14617,0,-112.23757,33.633236
14618,4104,-112.37402,33.65579
14619,4105,-112.252396,33.639862
14620,2,-112.23696,33.62722
14621,10,-115.20658,36.17168
14622,10,-115.12092,36.240192
14623,10,-115.12092,36.240192
14624,0,-112.07359,33.476837
14625,2,-111.943954,33.42853
14626,2,-111.92336,33.495514
14627,10,-115.33553,36.14631
14628,2,-115.144745,36.17295
14629,10,-115.04209,36.06827
14630,2,-115.02772,36.048725
14631,4106,-115.08496,36.00635
14632,10,-115.03808,36.064583
14633,10,-115.27853,36.057846
14634,10,-115.241516,36.064106
14635,10,-115.11716,36.014626
14636,4107,-115.13913,36.168243
14637,10,-115.114,36.02573
14638,10,-115.0452,36.063137
14639,10,-115.333496,36.15076
14640,4108,-115.162964,36.189293
14641,10,-115.173416,36.161705
14642,10,-115.0845,36.056213
14643,10,-115.03324,36.060707
14644,10,-115.33317,36.15002
14645,4109,-115.07661,36.070503
14646,4110,-115.166954,36.106236
14647,2,-115.0457,36.058296
14648,4111,-115.243866,36.086548
14649,4112,-115.11734,36.022045
14650,10,-115.15098,36.106007
14651,10,-115.17025,36.1238
14652,2,-115.20703,36.126266
14653,10,-115.225945,36.239635
14654,10,-115.04508,36.068527
14655,10,-115.04604,36.040398
14656,10,-115.135,36.1155
14657,4113,-115.040665,36.106735
14658,10,-115.10561,36.00054
14659,10,-115.11876,36.0545
14660,2,-115.04664,36.02288
14661,10,-115.107475,36.00292
14662,10,-115.246254,36.064285
14663,10,-115.11617,36.00676
14664,10,-115.157875,36.142757
14665,10,-115.168846,36.122505
14666,2,-115.15822,36.161972
14667,10,-115.241554,36.064533
14668,10,-115.28009,36.298874
14669,2,-115.0324,36.083195
14670,10,-115.05508,36.01792
14671,10,-115.043594,36.063164
14672,10,-115.33272,36.148514
14673,10,-115.04124,36.0614
14674,2,-115.13224,36.193233
14675,10,-115.11793,36.021038
14676,10,-115.08509,36.029533
14677,10,-115.14511,36.1741
14678,10,-115.04628,36.060772
14679,10,-115.22587,36.055244
14680,4114,-115.04762,36.043396
14681,10,-115.049446,36.028194
14682,4115,-115.19448,36.126213
14683,10,-115.12637,35.997757
14684,10,-115.04912,36.020336
14685,10,-115.10691,35.999065
14686,10,-115.334816,36.155132
14687,10,-115.11941,36.016144
14688,10,-115.146904,36.171864
14689,10,-115.10288,35.99202
14690,10,-115.17684,36.06878
14691,4116,-115.120026,36.055832
14692,10,-115.22625,36.086525
14693,10,-115.17225,36.05647
14694,10,-115.209915,36.126427
14695,10,-115.117096,36.016495
14696,10,-115.17279,36.11766
14697,10,-115.17743,36.067726
14698,10,-115.20638,36.006573
14699,10,-115.04282,36.067123
14700,4117,-115.08227,36.07001
14701,10,-115.17155,36.05199
14702,10,-115.08284,36.074104
14703,4118,-115.101204,35.99359
14704,4119,-115.287155,36.278053
14705,2,-115.06298,36.02416
14706,10,-115.06298,36.02416
14707,10,-115.170975,36.114277
14708,2,-115.1892,36.1472
14709,10,-115.193,36.15938
14710,10,-115.24882,36.195763
14711,10,-115.24189,36.112988
14712,10,-115.137085,36.106686
14713,4120,-115.29179,36.113693
14714,4121,-115.1087,36.14329
14715,10,-115.21197,36.12554
14716,10,-115.26066,36.188366
14717,4122,-115.17087,36.10242
14718,10,-115.048256,36.058395
14719,10,-115.087364,36.029713
14720,10,-115.09903,36.072247
14721,4123,-115.09916,36.04198
14722,4124,-115.20848,36.07308
14723,10,-115.10561,36.00054
14724,4125,-111.96792,33.336803
14725,10,-115.08588,36.02942
14726,10,-115.17593,36.068153
14727,10,-115.171265,36.01484
14728,10,-115.17186,36.11744
14729,10,-115.20388,36.087532
14730,10,-115.22638,36.1432
14731,4126,-115.11687,36.072422
14732,10,-115.242485,36.146217
14733,4127,-115.04146,36.05681
14734,10,-115.04774,36.065594
14735,4128,-115.24316,36.077072
14736,4129,-115.04574,36.060097
14737,10,-115.04574,36.060097
14738,10,-115.04574,36.060097
14739,2,-111.90928,33.50101
14740,10,-115.100044,36.099277
14741,10,-115.13913,36.168243
14742,10,-115.29798,36.097534
14743,10,-115.22343,36.115295
14744,4130,-115.15098,36.106007
14745,10,-115.04003,36.06485
14746,10,-115.1976,36.125965
14747,10,-115.20888,36.09506
14748,10,-115.110466,36.071354
14749,10,-115.03597,36.06237
14750,10,-115.17283,36.132774
14751,10,-115.08498,36.03524
14752,4131,-115.170616,36.124756
14753,4132,-115.14007,36.167534
14754,4133,-115.08003,36.069836
14755,2,-115.17352,36.10309
14756,10,-115.15797,36.158264
14757,2,-114.979904,36.02931
14758,10,-115.102486,36.09906
14759,10,-115.29434,36.095753
14760,10,-115.04282,36.067123
14761,10,-115.194626,36.172672
14762,10,-115.21405,36.220078
14763,10,-115.23096,36.1148
14764,4134,-115.21148,36.227207
14765,4135,-115.04664,36.02288
14766,10,-115.04664,36.02288
14767,4136,-115.05218,36.0197
14768,10,-115.13894,36.16672
14769,4137,-115.04664,36.02288
14770,10,-115.02765,36.04114
14771,10,-115.22062,36.144825
14772,2,-115.01827,36.048473
14773,10,-115.302826,36.14494
14774,10,-115.15126,36.1089
14775,10,-115.2916,36.053307
14776,10,-115.047714,36.026855
14777,10,-115.08234,36.070396
14778,4138,-115.04282,36.067123
14779,4139,-114.987305,36.036503
14780,2,-115.20887,36.094456
14781,4140,-115.13684,36.105747
14782,10,-115.21987,36.125305
14783,10,-115.11839,36.01761
14784,10,-115.175285,36.06618
14785,10,-114.96364,36.013103
14786,2,-115.1765,36.116962
14787,2,-115.17131,36.11928
14788,10,-115.30234,36.100346
14789,10,-115.10187,36.170284
14790,4141,-115.17196,36.120907
14791,10,-115.242096,36.041706
14792,4142,-115.17698,36.111977
14793,4143,-115.177,36.11199
14794,10,-115.20743,36.163544
14795,4144,-115.22526,36.159985
14796,2,-115.19203,36.126144
14797,10,-115.142006,36.17183
14798,10,-115.11619,36.240265
14799,10,-115.29987,36.147263
14800,2,-115.166954,36.106236
14801,10,-115.09606,36.00499
14802,10,-115.15548,36.238903
14803,10,-115.27994,36.127228
14804,10,-115.04675,36.043884
14805,10,-115.11167,36.100384
14806,4145,-115.04358,36.06423
14807,10,-115.157875,36.142757
14808,10,-115.257416,36.142918
14809,10,-115.04124,36.0614
14810,10,-115.17127,36.11288
14811,2,-115.333595,36.156967
14812,10,-115.072075,36.07385
14813,2,-115.25775,36.19565
14814,10,-115.16146,36.14413
14815,2,-115.334816,36.15839
14816,2,-115.20198,36.10272
14817,10,-115.04803,36.043564
14818,10,-115.04141,36.061325
14819,10,-115.28773,36.290314
14820,10,-115.2439,36.044876
14821,10,-115.1359,36.133198
14822,2,-3.195602,55.9491
14823,10,-115.04762,36.043396
14824,10,-115.14064,36.167877
14825,10,-115.141846,36.17241
14826,2,-115.17437,36.10206
14827,10,-115.09543,36.07111
14828,10,-115.33387,36.152832
14829,4146,-115.14096,36.143673
14830,2,-115.17087,36.10242
14831,2,-115.17686,36.11768
14832,10,-115.1952,36.11531
14833,10,-115.11687,36.072422
14834,4147,-115.17058,35.96511
14835,10,-115.11862,36.115192
14836,10,-115.04141,36.061325
14837,4148,-115.04282,36.067123
14838,10,-115.13871,36.169216
14839,10,-115.173996,36.12161
14840,10,-115.20628,36.12662
14841,0,-115.029915,36.030262
14842,4149,-115.04282,36.067123
14843,2,-115.243866,36.086548
14844,10,-115.17647,36.14513
14845,2,-115.17618,36.115856
14846,4150,-115.17535,36.070137
14847,10,-115.14741,36.114876
14848,10,-115.11772,36.099663
14849,10,-115.13714,36.010777
14850,2,-115.04141,36.061325
14851,4151,-115.08348,36.003994
14852,10,-115.180664,36.291985
14853,10,-115.13913,36.168243
14854,2,-115.17143,36.109825
14855,4152,-115.04141,36.061325
14856,4153,-115.04141,36.061325
14857,4154,-115.04282,36.067123
14858,10,-115.17143,36.135014
14859,10,-115.04003,36.06485
14860,2,-115.04141,36.061325
14861,10,-115.04553,36.061695
14862,2,-115.08998,36.020554
14863,10,-115.17462,36.142902
14864,4155,-115.04141,36.061325
14865,10,-115.22349,36.125526
14866,2,-115.1563,36.142338
14867,10,-115.04548,36.060318
14868,2,-115.15458,36.119186
14869,10,-115.28331,36.05509
14870,10,-115.30617,36.113316
14871,4156,-115.11949,36.01578
14872,10,-115.19263,36.03985
14873,4157,-115.029915,36.030262
14874,10,-115.11157,36.00645
14875,10,-115.13792,36.168026
14876,10,-115.2072,36.271782
14877,10,-115.13838,36.11365
14878,10,-115.14528,36.1616
14879,4158,-115.12009,36.03372
14880,10,-115.02463,36.04688
14881,10,-115.278175,36.041817
14882,4159,-115.112274,36.0682
14883,10,-115.02463,36.04688
14884,10,-115.02463,36.04688
14885,10,-115.11698,36.009254
14886,10,-112.06518,33.57531
14887,10,-115.24404,36.04547
14888,10,-114.98345,36.03831
14889,4160,-115.17155,36.05199
14890,4161,-115.10044,35.979927
14891,10,-115.281075,36.05369
14892,10,-115.33276,36.15119
14893,10,-115.053116,36.047115
14894,10,-115.29072,36.16293
14895,10,-115.28685,36.289684
14896,4162,-115.252,36.063618
14897,10,-115.26318,36.271908
14898,10,-115.333855,36.155964
14899,4163,-115.243385,36.062267
14900,10,-115.24166,36.194546
14901,4164,-115.19317,36.16677
14902,10,-115.17223,36.067635
14903,4165,-115.24878,36.21115
14904,10,-115.090195,36.116203
14905,10,-115.12047,36.026196
14906,10,-115.22343,36.115295
14907,10,-115.19242,36.12601
14908,10,-115.15323,36.042797
14909,10,-115.20198,36.10272
14910,4166,-115.03997,36.040295
14911,10,-115.21327,36.12656
14912,10,-115.20671,36.145184
14913,10,-115.225876,36.126358
14914,2,-115.0411,36.0563
14915,4167,-115.03688,36.060844
14916,10,-115.04282,36.067123
14917,2,-115.26776,36.271168
14918,10,-115.07779,36.07372
14919,10,-115.04282,36.067123
14920,4168,-115.19397,36.12618
14921,10,-115.16587,36.126877
14922,10,-115.03721,36.06575
14923,2,-115.17516,36.109875
14924,2,-115.0864,36.02079
14925,10,-114.96489,36.026684
14926,10,-115.19094,36.126175
14927,10,-115.19233,36.12587
14928,10,-115.118416,36.025414
14929,10,-115.121376,36.010296
14930,10,-115.102486,36.09906
14931,2,-115.33276,36.15119
14932,10,-115.23664,36.115025
14933,10,-115.10107,35.989494
14934,10,-115.090195,36.116203
14935,10,-115.04883,36.02805
14936,4169,-115.11616,36.006657
14937,4170,-114.992676,36.013332
14938,10,-115.025375,36.04886
14939,10,-115.08384,36.022102
14940,10,-115.26318,36.271908
14941,2,-115.207146,36.07245
14942,4171,-115.04273,36.06695
14943,4172,-115.11793,36.09981
14944,4173,-115.03819,36.065517
14945,4174,-115.02826,36.045822
14946,10,-115.311,36.113472
14947,4175,-115.10386,35.998825
14948,10,-114.98361,36.03274
14949,10,-115.298065,36.147495
14950,4176,-115.298325,36.112583
14951,10,-115.09916,36.04198
14952,10,-115.09903,36.072247
14953,10,-115.25231,36.063236
14954,10,-115.29998,36.147152
14955,10,-115.09358,36.130005
14956,10,-115.19496,36.101418
14957,10,-115.08955,36.02054
14958,10,-115.04165,36.05552
14959,10,-115.17229,36.115147
14960,10,-115.08231,36.069843
14961,10,-115.10561,36.00054
14962,10,-115.24373,36.08461
14963,10,-115.19496,36.114685
14964,10,-115.11279,36.005222
14965,10,-115.14277,36.16997
14966,10,-115.120316,36.057457
14967,10,-115.2008,36.114964
14968,0,-111.72063,33.23511
14969,10,-115.100845,35.993855
14970,4177,-115.20847,36.033684
14971,4178,-115.1725,36.110065
14972,10,-115.134964,36.013805
14973,10,-115.11876,36.0545
14974,4168,-115.157036,36.165985
14975,10,-115.15333,36.10952
14976,4179,-115.24133,36.055412
14977,10,-115.10142,36.08595
14978,4180,-115.01699,36.054703
14979,10,-115.17504,36.144676
14980,10,-115.112,36.10026
14981,4181,-115.10715,36.09965
14982,10,-115.030464,36.03026
14983,10,-115.11243,36.006176
14984,10,-115.04883,36.02805
14985,10,-115.10143,36.04214
14986,4182,-115.062546,36.029587
14987,10,-114.99299,36.014114
14988,4183,-115.04142,36.055454
14989,10,-111.999176,33.442745
14990,4184,-115.05648,36.015625
14991,10,-115.02351,36.063915
14992,10,-115.30971,36.11463
14993,10,-115.22406,36.12772
14994,10,-115.08573,36.029755
14995,4185,-115.11819,36.003147
14996,10,-115.101204,35.99359
14997,10,-115.24322,36.18759
14998,4186,-115.08353,36.055374
14999,10,-115.295586,36.114517
15000,4187,-115.037834,36.063442
15001,10,-115.14289,36.143345
15002,10,-115.04282,36.067123
15003,10,-115.13526,36.012794
15004,4188,-115.06298,36.02416
15005,2,-115.02097,36.047676
15006,4189,-115.20741,36.123623
15007,4190,-115.02468,36.070908
15008,4191,-115.00884,36.034294
15009,4192,-115.11066,36.002857
15010,4193,-115.30186,36.145638
15011,10,-115.27943,36.142227
15012,10,-115.138504,36.117256
15013,10,-115.23847,36.246967
15014,10,-115.123695,36.16971
15015,10,-115.291306,36.16911
15016,10,-115.10386,35.998825
15017,10,-115.10773,36.002964
15018,4194,-115.04508,36.068527
15019,10,-115.10313,36.001965
15020,4195,-115.33276,36.15119
15021,10,-114.93324,35.993443
15022,2,-112.0739,33.500202
15023,10,-115.07723,36.071445
15024,4196,-115.04225,36.066628
15025,4197,-115.11866,36.01004
15026,10,-115.09063,36.115353
15027,2,-115.17371,36.109867
15028,10,-115.18287,36.027077
15029,4198,-115.04548,36.060318
15030,10,-115.209366,36.11818
15031,10,-115.04658,36.06558
15032,10,-115.21258,36.15882
15033,10,-115.11793,36.09981
15034,10,-115.225,36.069855
15035,2,-115.197075,36.12586
15036,10,-115.13617,36.011944
15037,10,-115.35053,36.16064
15038,10,-115.17527,36.120514
15039,4199,-115.03649,36.067413
15040,10,-115.16555,36.11523
15041,2,-115.138756,36.11665
15042,10,-115.16269,36.144295
15043,10,-115.176,36.119038
15044,10,-115.04708,36.15808
15045,10,-115.086914,36.019207
15046,10,-115.20778,36.03378
15047,4200,-115.118126,36.015793
15048,10,-115.148346,36.15669
15049,10,-115.21124,36.125538
15050,10,-115.10165,35.995304
15051,2,-115.081116,36.069817
15052,4201,-115.16373,36.056416
15053,10,-115.241806,36.199173
15054,10,-115.117836,36.028442
15055,10,-115.11698,36.009254
15056,10,-115.01699,36.054703
15057,10,-115.025375,36.04886
15058,4202,-115.02453,36.03521
15059,10,-115.204956,36.0942
15060,2,-111.99497,33.43605
15061,10,-115.243546,36.04771
15062,10,-115.16915,36.054928
15063,4203,-115.084076,36.056026
15064,10,-115.26378,36.0842
15065,2,-115.059395,36.107304
15066,10,-115.286575,36.277733
15067,10,-115.178215,36.068935
15068,10,-115.12269,36.057693
15069,10,-115.08686,36.02104
15070,10,-115.119385,36.026558
15071,10,-115.16153,36.132683
15072,2,-114.98115,36.0414
15073,4204,-115.08253,36.02307
15074,10,-115.298294,36.077114
15075,10,-115.1068,36.071945
15076,10,-114.987305,36.036503
15077,10,-115.177536,36.06837
15078,4205,-115.15304,36.150703
15079,10,-115.2256,36.14364
15080,10,-115.035706,36.086338
15081,10,-115.11428,36.00516
15082,10,-115.16174,36.149128
15083,10,-115.283875,36.282036
15084,10,-115.04282,36.067123
15085,4206,-115.173996,36.01219
15086,10,-115.081116,36.069817
15087,10,-115.14471,36.17297
15088,4207,-115.02606,36.044388
15089,10,-115.07271,36.070415
15090,4208,-115.17618,36.115856
15091,10,-115.33271,36.15179
15092,10,-115.10142,36.08595
15093,10,-115.15123,36.162724
15094,10,-115.13574,36.03067
15095,10,-115.08218,36.15933
15096,10,-115.25242,36.195633
15097,10,-115.1721,36.160328
15098,10,-115.08231,36.070026
15099,10,-115.16963,36.117516
15100,4209,-115.1068,36.071945
15101,10,-115.25766,36.27585
15102,10,-115.07271,36.070415
15103,4210,-115.281075,36.15764
15104,10,-115.11812,36.01612
15105,10,-115.173874,36.109753
15106,4211,-115.14255,36.142525
15107,10,-115.17273,36.108913
15108,4212,-115.334816,36.155132
15109,4213,-115.083755,36.07296
15110,10,-115.115364,36.007637
15111,4214,-115.118416,36.025414
15112,4215,-115.155495,36.012794
15113,4216,-115.27217,36.057384
15114,10,-115.241516,36.064106
15115,10,-115.03709,36.062363
15116,10,-115.04728,36.06657
15117,10,-115.16331,36.13711
15118,10,-115.164894,36.129868
15119,10,-115.22412,36.127884
15120,10,-115.20959,36.12621
15121,4217,-115.157875,36.142757
15122,10,-115.17628,36.02245
15123,10,-115.17234,36.110107
15124,2,-115.24227,36.144756
15125,10,-115.11866,36.01004
15126,10,-115.24136,36.0845
15127,10,-115.265976,36.168346
15128,10,-115.17093,36.110065
15129,10,-115.10773,36.002964
15130,10,-115.19482,36.114483
15131,10,-115.11866,36.01004
15132,10,-115.23168,36.152233
15133,2,-115.04796,36.06549
15134,2,-115.17849,36.10924
15135,10,-115.17688,36.091255
15136,10,-115.19138,36.19741
15137,2,-115.037926,36.05781
15138,4218,-115.12081,36.04105
15139,2,-115.15448,36.11884
15140,10,-115.16849,35.96477
15141,10,-115.24799,36.262856
15142,10,-115.178215,36.068935
15143,10,-115.19761,36.14399
15144,10,-115.28963,36.16418
15145,10,-115.17229,36.115147
15146,10,-115.17557,36.05726
15147,10,-115.2317,36.23775
15148,2,-115.173775,36.090916
15149,10,-115.16357,36.06084
15150,10,-115.13962,36.170086
15151,4219,-115.26218,36.19653
15152,10,-115.209816,36.14866
15153,10,-115.19094,36.126175
15154,4220,-115.02772,36.048725
15155,10,-115.171844,36.12083
15156,10,-115.180664,36.291985
15157,10,-115.20698,36.099552
15158,2,-115.08639,36.0206
15159,2,-115.1736,36.101585
15160,10,-115.164,36.131218
15161,10,-115.04282,36.067123
15162,10,-115.05253,36.049995
15163,10,-115.332954,36.152374
15164,10,-115.33268,36.14496
15165,2,-115.05626,36.107853
15166,4221,-115.17484,36.068127
15167,4222,-115.1149,36.142403
15168,10,-115.29808,36.14341
15169,10,-115.19075,36.069
15170,4223,-115.083534,36.026
15171,10,-115.17143,36.135014
15172,10,-115.106,35.99912
15173,10,-115.11698,36.009254
15174,4224,-115.103355,36.00042
15175,4225,-115.246315,36.042377
15176,10,-115.17712,36.13198
15177,10,-115.29864,36.076557
15178,10,-115.17134,35.96494
15179,10,-115.17593,36.068153
15180,10,-115.04282,36.067123
15181,10,-115.17214,36.10866
15182,4226,-115.2317,36.23775
15183,4227,-115.04282,36.067123
15184,10,-115.10143,36.04214
15185,10,-115.138664,36.10018
15186,10,-115.06262,36.02959
15187,10,-115.20547,35.99621
15188,10,-114.92317,36.10016
15189,10,-115.17858,36.106277
15190,4228,-115.22406,36.12772
15191,2,-115.15097,36.085175
15192,2,-115.163124,36.133614
15193,4229,-115.206345,35.994972
15194,10,-115.04797,36.025887
15195,4230,-115.16345,36.112988
15196,4231,-115.04146,36.05681
15197,10,-115.100845,35.993855
15198,10,-115.147224,36.239025
15199,2,-115.17684,36.1206
15200,10,-115.090195,36.116203
15201,4232,-115.124886,36.046875
15202,4233,-115.142586,36.14457
15203,4234,-115.102516,36.07862
15204,10,-115.117096,36.016495
15205,10,-115.208176,36.115437
15206,10,-115.04358,36.06423
15207,10,-115.04815,36.0588
15208,2,-115.28705,36.277615
15209,4235,-115.24536,36.161877
15210,2,-115.16901,35.965446
15211,10,-115.17099,36.114353
15212,4236,-115.17229,36.115147
15213,10,-115.15078,36.238735
15214,10,-115.17625,36.092876
15215,10,-115.13661,36.10305
15216,2,-115.25983,36.197533
15217,10,-115.17155,36.127342
15218,10,-115.174934,36.065132
15219,10,-115.04282,36.067123
15220,10,-115.21327,36.12656
15221,10,-115.1401,36.169327
15222,10,-115.17286,36.127224
15223,10,-115.230415,36.257675
15224,2,-115.20888,36.09506
15225,4237,-115.25924,36.263817
15226,10,-115.168846,36.122505
15227,10,-115.259766,36.19505
15228,10,-115.22547,36.14299
15229,2,-115.16105,36.107574
15230,10,-115.119385,36.026558
15231,4238,-115.13833,36.141514
15232,2,-115.17493,36.10478
15233,2,-115.14289,36.143345
15234,10,-115.04282,36.067123
15235,2,-115.35068,36.159378
15236,10,-115.13894,36.16672
15237,10,-115.15458,36.119186
15238,10,-115.30752,36.08616
15239,4239,-115.16938,36.12179
15240,10,-115.28257,36.198036
15241,10,-115.24243,36.198135
15242,10,-115.085266,36.02177
15243,10,-115.15126,36.1089
15244,10,-115.190506,36.08786
15245,10,-115.27777,36.130028
15246,10,-115.11869,36.01635
15247,10,-115.173996,36.01219
15248,10,-115.15418,36.01399
15249,10,-115.22466,36.127693
15250,4240,-115.18291,35.972897
15251,10,-115.13767,36.124825
15252,10,-115.17229,36.115147
15253,10,-115.30971,36.11463
15254,10,-114.987305,36.036503
15255,10,-115.33276,36.15119
15256,10,-115.28703,36.166676
15257,10,-115.18159,36.107388
15258,10,-115.117096,36.016495
15259,10,-115.093315,36.005344
15260,10,-115.04282,36.067123
15261,10,-115.351524,36.159336
15262,4241,-115.08588,36.02942
15263,4242,-115.047195,36.05532
15264,10,-115.059525,36.064236
15265,10,-115.24255,36.148113
15266,10,-115.16456,36.131496
15267,10,-115.20741,36.123623
15268,10,-115.072266,36.071365
15269,4243,-114.98115,36.0414
15270,10,-115.07661,36.070503
15271,10,-115.11716,36.014626
15272,4244,-115.07723,36.071445
15273,10,-115.1912,36.126503
15274,2,-115.15254,36.151268
15275,4245,-115.08998,36.020554
15276,10,-115.29321,36.084576
15277,10,-115.19388,36.144024
15278,10,-115.101685,35.997723
15279,10,-115.17698,36.107407
15280,2,-115.15323,36.042797
15281,4246,-115.16522,36.099003
15282,4247,-115.2782,36.108463
15283,4248,-115.136406,36.106606
15284,10,-115.11493,36.114117
15285,10,-115.04379,36.033794
15286,10,-115.20964,36.12702
15287,4249,-115.152336,36.11395
15288,10,-115.15078,36.238735
15289,10,-115.120026,36.055832
15290,4250,-115.25884,36.190624
15291,10,-115.11909,36.018726
15292,10,-115.10123,36.018024
15293,10,-115.22456,36.128075
15294,10,-115.11772,36.099663
15295,10,-115.08348,36.003994
15296,4251,-115.13714,36.010777
15297,10,-115.1988,36.11421
15298,10,-115.27853,36.057182
15299,10,-115.17593,36.068153
15300,10,-115.01699,36.054703
15301,10,-115.28703,36.166676
15302,4252,-115.19388,36.144024
15303,10,-115.2966,36.0958
15304,4253,-115.30664,36.188248
15305,10,-115.17647,36.14513
15306,4254,-115.17395,36.11303
15307,10,-115.01699,36.054703
15308,4255,-115.072266,36.071365
15309,10,-115.11716,36.014626
15310,10,-115.20628,36.12662
15311,10,-115.072266,36.071365
15312,10,-115.04282,36.067123
15313,10,-115.17578,36.109585
15314,10,-115.062546,36.029587
15315,10,-115.16937,36.121815
15316,10,-115.046844,36.05945
15317,4256,-115.23108,36.143196
15318,10,-115.04741,36.04008
15319,10,-115.04003,36.06485
15320,4257,-115.242714,36.036674
15321,4258,-115.087364,36.029713
15322,10,-115.11719,36.028934
15323,10,-115.101585,35.99378
15324,2,-115.17155,36.05243
15325,2,-115.18191,36.09612
15326,10,-115.13804,36.10086
15327,2,-115.1068,36.071945
15328,4259,-115.17496,36.121323
15329,2,-115.13637,36.129395
15330,10,-115.205574,36.150757
15331,10,-115.02097,36.047676
15332,10,-115.08998,36.020554
15333,10,-115.08011,36.167046
15334,10,-115.31442,36.12195
15335,4260,-115.12269,36.057693
15336,10,-111.97119,33.67655
15337,10,-115.084076,36.056026
15338,10,-115.04124,36.0614
15339,10,-115.172714,36.11888
15340,10,-115.1393,36.158985
15341,10,-115.1786,36.06816
15342,10,-115.11157,36.00645
15343,10,-115.23096,36.1148
15344,10,-115.13894,36.16672
15345,10,-115.15126,36.1089
15346,10,-115.13615,36.013145
15347,10,-115.184906,36.11118
15348,10,-115.13987,36.168903
15349,10,-115.11869,36.01635
15350,10,-115.33276,36.15119
15351,10,-115.09935,36.100647
15352,2,-115.20685,36.11581
15353,10,-115.11866,36.01004
15354,10,-115.27553,36.129856
15355,4261,-115.11735,36.10072
15356,4262,-115.08003,36.069836
15357,4263,-115.17618,36.115856
15358,10,-115.33344,36.150024
15359,10,-115.178,36.068428
15360,10,-115.04003,36.06485
15361,4264,-115.118126,36.015793
15362,4265,-115.04003,36.06485
15363,2,-115.118965,36.01231
15364,10,-115.0853,36.021717
15365,10,-115.17751,36.117035
15366,10,-115.04282,36.067123
15367,10,-115.20849,36.129417
15368,10,-115.1912,36.126503
15369,10,-115.1952,36.11531
15370,10,-115.20741,36.123623
15371,10,-115.24339,36.062386
15372,10,-115.04883,36.02805
15373,10,-115.262474,36.219177
15374,10,-115.11793,36.01752
15375,10,-115.306274,36.115807
15376,4266,-115.334816,36.155132
15377,10,-115.04685,36.059486
15378,4267,-115.24928,36.159676
15379,10,-115.2911,36.08381
15380,10,-115.15271,36.108807
15381,10,-115.28637,36.157627
15382,2,-115.191086,36.197346
15383,10,-115.173874,36.109753
15384,10,-115.02748,36.040417
15385,4268,-115.04829,36.056885
15386,4269,-115.04508,36.068527
15387,10,-115.30402,36.100548
15388,10,-115.134964,36.013805
15389,10,-115.11716,36.014626
15390,10,-115.17601,36.104332
15391,10,-115.200645,36.115417
15392,2,-115.23525,36.05661
15393,10,-115.209915,36.126427
15394,4270,-112.06401,33.538994
15395,4271,-115.17503,36.143192
15396,10,-115.21148,36.227207
15397,10,-115.20853,36.11553
15398,4272,-115.119896,36.113
15399,10,-115.14259,36.142487
15400,10,-115.08304,36.071857
15401,4273,-115.07656,36.071907
15402,10,-115.0833,36.00489
15403,10,-115.20722,36.03344
15404,4274,-114.99158,36.0092
15405,2,-115.11167,36.100384
15406,10,-115.119194,36.02536
15407,10,-115.135,36.1155
15408,10,-115.137085,36.106686
15409,10,-115.10254,35.997574
15410,10,-115.17516,36.091866
15411,10,-115.31747,36.180336
15412,10,-115.20705,36.096886
15413,10,-115.110344,36.002796
15414,2,-115.03568,36.0642
15415,10,-115.27432,36.144367
15416,4275,-115.10205,36.098873
15417,10,-115.30882,36.183144
15418,10,-115.03742,36.065792
15419,4276,-115.07723,36.071445
15420,2,-115.11712,36.01646
15421,10,-115.0845,36.056213
15422,10,-115.04282,36.067123
15423,4277,-115.02425,36.044903
15424,10,-115.101204,35.99359
15425,10,-115.03803,36.080364
15426,10,-115.11736,36.014675
15427,4278,-115.10165,35.995304
15428,10,-115.15427,36.1187
15429,2,-115.17277,36.10465
15430,10,-115.13987,36.168903
15431,10,-115.16879,36.122967
15432,2,-115.20929,36.117195
15433,4279,-115.10157,35.99044
15434,10,-115.16592,36.127502
15435,10,-115.24193,36.143177
15436,10,-115.10161,35.987434
15437,10,-115.14027,36.171307
15438,10,-115.152214,36.238003
15439,10,-115.01699,36.054703
15440,10,-115.16269,36.144295
15441,10,-115.20635,35.995155
15442,10,-115.20959,36.12621
15443,4280,-115.24927,36.23926
15444,4281,-115.22638,36.1432
15445,10,-115.33513,36.15711
15446,10,-115.045074,36.06824
15447,10,-115.18343,36.041916
15448,10,-115.13576,36.035084
15449,10,-115.045074,36.06824
15450,10,-115.28412,36.138985
15451,10,-115.06837,36.115532
15452,2,-115.17647,36.14513
15453,10,-80.944016,35.220257
15454,4282,-115.04929,36.158897
15455,4283,-115.19223,36.1681
15456,10,-115.17165,36.04078
15457,10,-115.02987,36.039547
15458,4284,-115.045074,36.06824
15459,4285,-115.045074,36.06824
15460,0,-115.124886,36.046875
15461,10,-115.04282,36.067123
15462,10,-115.153885,36.13335
15463,10,-115.13907,36.10017
15464,10,-115.16915,36.054928
15465,4286,-115.15448,36.11884
15466,10,-115.15271,36.108807
15467,10,-115.280426,36.056282
15468,4287,-115.19177,36.12637
15469,2,-115.172295,36.127068
15470,10,-115.17644,36.116367
15471,10,-115.241806,36.199173
15472,4288,-115.14259,36.142487
15473,10,-115.2064,36.089012
15474,10,-115.15323,36.042797
15475,10,-115.241516,36.064106
15476,4289,-115.172424,36.10882
15477,10,-115.24239,36.0542
15478,10,-115.16963,36.117516
15479,4290,-115.0884,36.071453
15480,10,-115.1401,36.168667
15481,10,-115.11704,36.01736
15482,10,-115.334236,36.145416
15483,10,-115.09124,36.07067
15484,10,-115.09996,36.100533
15485,10,-115.10186,35.99837
15486,4291,-115.33513,36.15711
15487,10,-115.02468,36.070908
15488,10,-115.20644,35.99523
15489,10,-115.19049,35.98293
15490,4292,-115.101585,35.99378
15491,4293,-115.071754,36.070538
15492,10,-115.04282,36.067123
15493,10,-115.04147,36.061275
15494,10,-115.08384,36.022102
15495,4294,-115.28482,36.291054
15496,2,-115.13648,36.01165
15497,10,-115.06262,36.02959
15498,10,-115.16242,36.131897
15499,10,-115.132935,36.16576
15500,2,-115.07645,36.069553
15501,4295,-115.08384,36.022102
15502,10,-115.151,36.15851
15503,10,-115.28366,36.201637
15504,10,-115.0379,36.06996
15505,4296,-115.109314,36.128593
15506,4297,-114.95325,36.01422
15507,10,-115.248184,36.238476
15508,10,-115.12315,36.042107
15509,2,-115.119125,36.02624
15510,10,-115.0969,36.005417
15511,10,-115.1068,36.071945
15512,10,-115.16591,36.127495
15513,1520,-115.0969,36.005417
15514,10,-114.962135,36.013103
15515,10,-79.964424,40.462208
15516,4298,-115.31554,36.291206
15517,1520,-115.06955,36.068676
15518,10,-115.08955,36.02054
15519,10,-115.27944,36.123875
15520,2,-115.29717,36.143997
15521,2,-115.11047,36.0034
15522,4299,-115.04225,36.066628
15523,4300,-115.13575,36.028713
15524,10,-115.309296,36.108513
15525,2,-115.17012,36.122276
15526,10,-115.152336,36.136433
15527,10,-115.12802,35.999496
15528,10,-115.04282,36.067123
15529,10,-115.04675,36.043884
15530,10,-115.27998,36.298416
15531,10,-115.13413,36.011982
15532,2,-115.11734,36.022045
15533,4301,-115.14945,36.05745
15534,10,-115.2833,36.05521
15535,10,-115.2032,36.092003
15536,4302,-115.242485,36.146217
15537,10,-115.332,36.151814
15538,10,-115.17274,36.11424
15539,10,-115.17144,36.05287
15540,10,-115.16591,36.127495
15541,10,-115.30076,36.145542
15542,10,-115.11716,36.014626
15543,10,-115.13987,36.168903
15544,10,-115.24239,36.0542
15545,2,-115.242615,36.112545
15546,10,-115.225,36.069855
15547,10,-115.17712,36.13198
15548,10,-115.04152,36.05673
15549,10,-115.04282,36.067123
15550,10,-115.17177,36.01076
15551,10,-115.28165,36.200096
15552,10,-115.04282,36.067123
15553,10,-115.21124,36.125538
15554,10,-115.33338,36.145733
15555,4303,-115.17087,36.10242
15556,10,-115.20571,35.997555
15557,10,-115.20899,36.09942
15558,4304,-115.07723,36.071445
15559,10,-115.03709,36.062363
15560,10,-115.207306,36.131718
15561,10,-115.243004,36.098354
15562,4305,-115.22434,36.062725
15563,4306,-115.297585,36.09778
15564,10,-115.17196,36.120907
15565,10,-115.20728,36.15881
15566,10,-115.29822,36.09571
15567,10,-115.08639,36.0206
15568,4307,-115.22045,36.099846
15569,10,-115.20851,36.117317
15570,4308,-115.07723,36.071445
15571,10,-115.13792,36.168026
15572,10,-115.117744,36.010067
15573,10,-115.17435,36.106205
15574,4309,-115.1414,36.169987
15575,10,-115.26048,36.17591
15576,10,-115.17581,36.112846
15577,4310,-115.046295,36.06055
15578,4311,-115.22854,36.145
15579,10,-115.16818,36.117462
15580,10,-115.16769,36.10302
15581,10,-115.1394,36.181416
15582,10,-115.2274,36.100925
15583,10,-115.11814,36.017586
15584,4312,-115.173996,36.01219
15585,2,-115.143135,36.171062
15586,10,-115.04553,36.061695
15587,4313,-115.13678,36.10622
15588,10,-115.224075,36.12743
15589,10,-115.33271,36.15179
15590,10,-115.08384,36.022102
15591,4314,-115.047195,36.05532
15592,10,-115.190506,36.08786
15593,10,-115.046844,36.05945
15594,10,-115.2418,36.078686
15595,10,-115.22625,36.086525
15596,0,-115.2431,36.124302
15597,10,-115.046844,36.05945
15598,4315,-115.14572,36.168118
15599,10,-115.17223,36.06783
15600,10,-115.100845,35.993855
15601,10,-115.296776,36.09508
15602,4316,-115.0391,36.06487
15603,4317,-115.0325,36.05747
15604,10,-115.24882,36.195763
15605,4318,-115.046814,36.0576
15606,4319,-115.046814,36.0576
15607,10,-115.046814,36.0576
15608,10,-115.13871,36.169216
15609,10,-115.18159,36.107388
15610,10,-115.17223,36.110733
15611,10,-115.08348,36.003994
15612,4320,-115.24495,36.07086
15613,10,-115.16963,36.117516
15614,10,-115.205574,36.150757
15615,10,-115.03914,36.064686
15616,10,-115.30971,36.11463
15617,10,-115.28212,36.302612
15618,10,-115.119385,36.026558
15619,10,-115.08266,36.15512
15620,4321,-115.18331,36.041283
15621,10,-115.17815,36.06713
15622,10,-115.24362,36.202663
15623,10,-115.11979,36.238106
15624,10,-115.12009,36.03372
15625,10,-115.20959,36.12621
15626,10,-115.09903,36.072247
15627,4322,-115.27853,36.057846
15628,10,-115.17647,36.14513
15629,10,-115.176,36.119038
15630,10,-115.10041,36.07238
15631,4323,-115.31731,36.160122
15632,10,-115.062546,36.029587
15633,2,-115.14741,36.114876
15634,2,-115.117096,36.016495
15635,10,-115.16591,36.127495
15636,10,-115.11698,36.009254
15637,10,-115.20631,36.12659
15638,10,-115.28703,36.166676
15639,2,-115.1613,36.138298
15640,10,-115.262764,36.143272
15641,10,-114.98724,36.036552
15642,4324,-114.98589,36.03594
15643,10,-115.30428,36.19106
15644,4325,-115.14124,36.172813
15645,10,-115.17028,36.12229
15646,10,-115.15427,36.1187
15647,0,-115.1206,36.0114
15648,10,-115.17524,36.09232
15649,10,-115.20959,36.12621
15650,4326,-115.08566,36.02736
15651,2,-115.13567,36.176983
15652,10,-115.116585,36.18794
15653,10,-115.22625,36.086525
15654,10,-115.306274,36.115807
15655,10,-115.15448,36.11884
15656,10,-115.24239,36.0542
15657,4327,-115.14056,36.16785
15658,10,-115.116974,36.020264
15659,4328,-115.04165,36.05552
15660,10,-115.21156,36.125397
15661,10,-115.15202,36.159885
15662,10,-115.15123,36.162724
15663,10,-115.172554,36.111877
15664,4329,-115.11047,36.0034
15665,10,-115.24246,36.09864
15666,10,-115.17698,36.111977
15667,4330,-115.146866,36.159966
15668,10,-115.09916,36.04198
15669,2,-115.16769,36.10302
15670,10,-115.142006,36.17183
15671,10,-115.147255,36.15942
15672,10,-115.17406,36.107925
15673,10,-115.15126,36.1089
15674,10,-115.27994,36.122913
15675,4331,-115.13575,36.028713
15676,4332,-115.089966,36.020554
15677,10,-114.984924,36.034855
15678,10,-115.17712,36.13198
15679,10,-115.21148,36.227207
15680,10,-115.19189,36.126472
15681,10,-115.240555,36.197216
15682,10,-115.0391,36.06487
15683,4333,-115.24386,36.047413
15684,10,-115.11793,36.01752
15685,2,-115.11046,36.003387
15686,10,-115.10386,35.998825
15687,10,-115.08588,36.02942
15688,4334,-115.19575,36.126385
15689,4335,-115.08003,36.069836
15690,10,-115.15686,36.10225
15691,10,-115.173706,36.107292
15692,10,-115.23752,36.14488
15693,4336,-115.19,36.23888
15694,10,-115.13785,36.116135
15695,10,-115.17169,36.055344
15696,4337,-115.13713,36.01069
15697,2,-115.22438,36.048576
15698,4338,-115.11157,36.00645
15699,10,-115.11668,36.187164
15700,10,-115.061554,36.112236
15701,10,-115.046844,36.05945
15702,10,-115.20149,36.101982
15703,4339,-115.11921,36.03455
15704,10,-115.13576,36.035084
15705,10,-115.25156,36.14358
15706,4340,-115.1466,36.171837
15707,0,-115.333496,36.15076
15708,4341,-115.33276,36.15119
15709,4342,-115.112,36.10026
15710,10,-115.22582,36.145847
15711,4343,-115.135,36.1155
15712,10,-115.24536,36.16115
15713,10,-115.2991,36.145622
15714,10,-115.15797,36.158264
15715,2,-115.188034,36.09308
15716,4344,-115.2782,36.108463
15717,10,-115.20955,36.12644
15718,10,-115.08485,36.004303
15719,10,-115.20741,36.123623
15720,10,-115.08003,36.069836
15721,10,-115.16908,36.116745
15722,4345,-115.102715,35.99111
15723,10,-115.17647,36.14513
15724,10,-115.27973,36.119114
15725,4346,-115.04146,36.05681
15726,10,-115.08003,36.069836
15727,4347,-115.05336,36.01981
15728,4348,-115.17491,36.01144
15729,4349,-115.08003,36.069836
15730,10,-115.1414,36.169987
15731,4350,-115.17712,36.13198
15732,10,-115.253624,36.14308
15733,10,-115.31443,36.101513
15734,10,-115.17389,36.10978
15735,10,-115.2531,36.274574
15736,10,-115.13576,36.035084
15737,10,-115.043175,36.06358
15738,4351,-115.04345,36.055702
15739,10,-115.21156,36.125397
15740,4352,-115.1714,36.117455
15741,4353,-115.03668,36.06621
15742,4354,-115.046844,36.05945
15743,0,-111.883736,33.583702
15744,10,-115.03668,36.06621
15745,2,-115.27694,36.020416
15746,2,-115.1969,36.12608
15747,2,-115.09615,36.240704
15748,10,-115.14064,36.167877
15749,4355,-115.24157,36.144634
15750,10,-115.242485,36.146217
15751,10,-114.96386,36.02525
15752,10,-115.08218,36.15933
15753,10,-115.21733,36.223446
15754,4356,-115.169556,36.10338
15755,2,-115.172455,36.111073
15756,4357,-115.207245,36.124905
15757,10,-115.30644,36.114285
15758,4358,-115.1068,36.071945
15759,10,-115.11793,36.01752
15760,10,-115.13694,36.11391
15761,2,-115.11931,36.020374
15762,2,-115.08639,36.0206
15763,10,-115.30882,36.183144
15764,10,-115.123695,36.16971
15765,4359,-115.24309,36.21847
15766,10,-115.33513,36.15711
15767,10,-115.100845,35.993855
15768,2,-115.04661,36.02556
15769,10,-115.2835,36.14013
15770,10,-115.29946,36.145557
15771,10,-115.19812,36.197575
15772,10,-115.11894,36.020554
15773,10,-115.20722,36.03344
15774,10,-115.06381,36.167458
15775,10,-115.06165,36.160526
15776,10,-115.252426,36.062756
15777,10,-115.17466,36.02949
15778,10,-115.243004,36.03598
15779,10,-115.08588,36.02942
15780,4360,-115.13576,36.035084
15781,2,-115.03324,36.060707
15782,4361,-115.03789,36.055847
15783,2,-115.17144,36.05287
15784,10,-115.14963,36.16695
15785,10,-115.244095,36.0458
15786,10,-115.11757,36.080364
15787,10,-115.15458,36.119186
15788,10,-115.08639,36.0206
15789,10,-115.02987,36.039547
15790,10,-115.17234,36.055244
15791,10,-115.17093,36.110065
15792,4362,-115.17481,36.10987
15793,10,-115.31403,36.218792
15794,10,-115.11822,36.017567
15795,10,-115.14471,36.17297
15796,10,-115.030464,36.03026
15797,4363,-115.227455,36.10028
15798,10,-115.207695,36.15643
15799,10,-115.04142,36.055454
15800,4364,-115.125404,36.21865
15801,4365,-115.17294,36.118397
15802,10,-115.04142,36.055454
15803,4366,-114.99218,36.01148
15804,4367,-115.046875,36.055714
15805,4368,-115.261665,36.107723
15806,10,-115.10188,36.10076
15807,10,-115.0334,36.08369
15808,10,-115.11716,36.014626
15809,2,-115.10773,36.002964
15810,10,-115.08566,36.02736
15811,10,-115.17262,36.12956
15812,10,-115.04131,36.05594
15813,10,-115.246254,36.064285
15814,10,-115.04165,36.05552
15815,10,-115.172424,36.10882
15816,4369,-115.050644,36.056293
15817,10,-115.18609,36.27883
15818,10,-115.269745,36.020267
15819,10,-115.15557,36.135155
15820,2,-115.04282,36.067123
15821,4370,-115.08231,36.069843
15822,4371,-115.112,36.10026
15823,10,-115.14032,36.169064
15824,4372,-115.11833,36.013557
15825,10,-115.33198,36.151814
15826,10,-115.061554,36.112236
15827,4373,-115.17535,36.070137
15828,4374,-115.08485,36.004303
15829,10,-115.134926,36.01409
15830,10,-115.15342,36.01457
15831,10,-115.17294,36.118397
15832,10,-115.20964,36.12702
15833,4375,-115.20848,36.07308
15834,4376,-115.00329,36.057842
15835,10,-115.072784,36.07703
15836,4377,-115.178,36.068428
15837,10,-115.2858,36.158028
15838,10,-115.17914,36.27604
15839,10,-115.038345,36.06321
15840,4378,-115.17712,36.13198
15841,10,-115.11779,36.013794
15842,10,-115.14255,36.142525
15843,10,-115.24239,36.0542
15844,10,-115.281296,36.05612
15845,10,-115.102715,35.99111
15846,10,-115.333084,36.15087
15847,10,-115.08955,36.02054
15848,10,-115.17484,36.068127
15849,4379,-115.11803,36.02843
15850,10,-115.20848,36.07308
15851,10,-115.07943,36.019363
15852,10,-115.24367,36.0793
15853,4380,-115.2439,36.044876
15854,10,-115.17155,36.05199
15855,10,-115.048035,36.023315
15856,10,-115.227455,36.10028
15857,4381,-115.11719,36.028934
15858,10,-115.24418,36.04813
15859,4382,-115.12658,36.100414
15860,10,-115.27777,36.130028
15861,10,-115.0819,36.069767
15862,2,-115.0833,36.00489
15863,2,-115.1187,36.01658
15864,4383,-115.056305,36.056038
15865,2,-115.17259,36.112953
15866,10,-115.190506,36.08786
15867,10,-115.14572,36.168118
15868,10,-115.209656,36.127045
15869,10,-115.17101,36.12469
15870,10,-115.29149,36.085815
15871,4384,-115.019066,36.052845
15872,10,-115.18995,36.12553
15873,10,-115.13931,36.167286
15874,4385,-115.15265,36.012516
15875,2,-79.985535,40.45074
15876,4386,-115.153404,36.027
15877,2,-115.08639,36.0206
15878,10,-115.15662,36.14225
15879,4387,-115.11772,36.099663
15880,10,-115.08814,36.070644
15881,10,-115.17462,36.142902
15882,10,-115.117165,36.016724
15883,10,-115.241516,36.064106
15884,4388,-115.05954,36.064503
15885,10,-115.33192,36.159554
15886,10,-115.19448,36.126213
15887,10,-115.1191,36.040413
15888,10,-115.14096,36.16953
15889,10,-115.20954,36.099316
15890,4389,-115.1414,36.169987
15891,10,-115.31348,36.157883
15892,10,-115.17593,36.068153
15893,10,-115.17542,36.012497
15894,10,-115.20964,36.12702
15895,4390,-115.27994,36.052994
15896,10,-115.2782,36.108463
15897,4391,-115.16348,36.113026
15898,10,-115.198975,36.130802
15899,4392,-115.0833,36.00489
15900,10,-115.29776,36.097992
15901,4393,-115.195984,36.12538
15902,10,-115.04675,36.043884
15903,10,-88.20769,40.11382
15904,10,-115.04146,36.05681
15905,4394,-115.153595,36.011986
15906,4395,-115.18949,36.10455
15907,2,-115.13882,36.16736
15908,10,-115.15323,36.042797
15909,10,-115.12009,36.03372
15910,10,-111.85335,33.393387
15911,4396,-115.07661,36.070503
15912,10,-115.3158,36.29146
15913,10,-115.078415,36.07147
15914,4397,-115.11047,36.002903
15915,4398,-115.11822,36.017567
15916,10,-115.24359,36.04637
15917,2,-115.17139,35.964874
15918,2,-115.17407,36.121197
15919,2,-115.14214,36.17187
15920,10,-115.19611,36.201637
15921,10,-115.333084,36.15087
15922,10,-115.05399,36.036213
15923,4399,-115.21327,36.12656
15924,4400,-115.09973,36.036064
15925,10,-115.06448,36.099808
15926,10,-115.298485,36.078434
15927,4401,-115.27977,36.298897
15928,4402,-115.02772,36.048725
15929,10,-115.11793,36.01752
15930,2,-115.132225,36.101387
15931,4403,-115.112,36.10026
15932,4404,-115.11839,36.01761
15933,4405,-115.21327,36.12656
15934,10,-115.16961,36.121452
15935,10,-115.08399,36.07271
15936,10,-115.13785,36.116135
15937,10,-115.10561,36.00054
15938,10,-115.14891,36.08587
15939,2,-115.117165,36.016724
15940,4406,-115.137955,36.138744
15941,10,-115.14513,36.17488
15942,4407,-115.03642,36.06336
15943,10,-115.19397,36.12618
15944,4408,-115.17625,36.092876
15945,10,-115.200645,36.115417
15946,4409,-115.17159,36.05579
15947,10,-115.17889,36.067535
15948,10,-115.14252,36.142284
15949,2,-115.19307,36.12646
15950,10,-115.33295,36.146164
15951,4410,-115.15323,36.042797
15952,10,-115.04508,36.068527
15953,10,-115.218315,36.125317
15954,2,-115.20685,36.11581
15955,4411,-115.118126,36.015793
15956,10,-115.08336,36.022465
15957,10,-115.174355,36.109806
15958,10,-115.155594,36.11496
15959,4412,-115.208176,36.115437
15960,10,-115.117386,36.019474
15961,10,-115.33325,36.149357
15962,2,-115.118416,36.025414
15963,10,-115.30353,36.19177
15964,10,-115.244,36.05142
15965,10,-115.1068,36.071945
15966,4413,-115.26447,36.27155
15967,4414,-115.08566,36.025993
15968,10,-115.138954,36.11575
15969,2,-115.04797,36.025887
15970,10,-115.05262,36.100742
15971,10,-115.10386,35.998825
15972,4415,-115.116776,36.020107
15973,10,-115.10165,36.0795
15974,4416,-115.04508,36.068527
15975,10,-115.132126,36.04201
15976,10,-115.243515,36.072624
15977,10,-115.15271,36.108807
15978,2,-115.16788,36.099346
15979,10,-115.163124,36.133614
15980,4417,-115.29141,36.160778
15981,4418,-115.11944,36.085712
15982,4419,-115.151955,36.114975
15983,4420,-115.12573,36.173634
15984,10,-115.20641,36.17994
15985,10,-115.1912,36.126503
15986,10,-115.20741,36.123623
15987,10,-115.127,36.100117
15988,10,-115.10177,35.998737
15989,10,-115.02097,36.047676
15990,10,-115.243546,36.04771
15991,4421,-115.04508,36.068527
15992,10,-115.11687,36.072422
15993,10,-115.20555,36.125256
15994,10,-115.16901,35.965446
15995,10,-115.138756,36.11665
15996,10,-115.05508,36.01792
15997,2,-114.92394,35.992123
15998,2,-114.92266,36.11394
15999,10,-115.01699,36.054703
16000,10,-115.13637,36.108074
16001,10,-115.14253,36.169502
16002,2,-115.17669,36.117455
16003,10,-115.02988,36.040874
16004,4422,-115.10142,36.08595
16005,10,-115.05253,36.049995
16006,10,-115.08566,36.02736
16007,10,-115.19287,36.126762
16008,10,-115.33268,36.14496
16009,2,-115.046684,36.025402
16010,10,-115.04147,36.061275
16011,4423,-115.204926,36.17127
16012,10,-115.04165,36.05552
16013,4424,-115.1563,36.142338
16014,2,-79.98588,40.45011
16015,10,-115.17669,36.117455
16016,10,-115.191086,36.197346
16017,10,-115.14788,36.161
16018,10,-115.17544,36.09935
16019,10,-114.92317,36.10016
16020,4425,-115.17577,36.011356
16021,2,-115.16904,36.124878
16022,4426,-114.99369,36.03624
16023,2,-115.171776,36.102093
16024,10,-115.22431,36.049065
16025,4427,-114.967,36.024372
16026,10,-111.97583,33.626015
16027,4428,-115.11862,36.115192
16028,4201,-115.13574,36.03067
16029,4429,-115.03406,36.03624
16030,10,-115.281876,36.200466
16031,10,-115.04068,36.06382
16032,10,-115.185074,36.11716
16033,10,-112.25756,33.480137
16034,10,-115.09048,36.11702
16035,10,-115.334236,36.145416
16036,4430,-115.29649,36.113503
16037,2,-115.17223,36.110733
16038,10,-115.334236,36.145416
16039,10,-115.20689,36.072517
16040,10,-115.15373,36.08406
16041,10,-115.19094,36.126175
16042,10,-115.05397,36.08003
16043,10,-115.18644,36.11881
16044,4431,-115.060974,36.111828
16045,10,-115.02826,36.045822
16046,10,-115.06298,36.02416
16047,10,-115.27777,36.130028
16048,10,-115.07337,36.21706
16049,10,-115.16899,36.124603
16050,4432,-115.10846,36.130527
16051,10,-115.132935,36.16576
16052,10,-115.11909,36.06513
16053,10,-115.176414,36.092564
16054,10,-115.10773,36.002964
16055,10,-115.176575,36.091194
16056,10,-115.13987,36.168903
16057,10,-115.244255,36.145123
16058,10,-115.29998,36.147152
16059,10,-115.133606,36.20977
16060,10,-115.118126,36.015793
16061,4433,-115.1752,36.091843
16062,10,-115.18085,36.292507
16063,10,-115.10691,35.999065
16064,10,-115.24246,36.09864
16065,10,-115.0853,36.021717
16066,10,-115.11687,36.072422
16067,10,-115.24407,36.047813
16068,10,-115.17743,36.067726
16069,10,-115.2411,36.19917
16070,4434,-115.17406,36.107925
16071,10,-115.24239,36.0542
16072,10,-115.331406,36.15959
16073,10,-115.332794,36.156055
16074,10,-115.02739,36.044228
16075,10,-115.02739,36.044228
16076,10,-115.101685,35.997723
16077,10,-115.11929,36.081306
16078,4435,-115.08771,36.035824
16079,4436,-115.12155,36.04155
16080,4437,-115.02772,36.048725
16081,10,-115.11959,36.09969
16082,10,-115.12861,36.057144
16083,10,-115.267746,36.020947
16084,10,-115.11351,36.12936
16085,10,-115.120316,36.057457
16086,10,-115.25156,36.14358
16087,10,-115.16642,36.069885
16088,10,-115.136215,36.099274
16089,10,-115.126816,36.021282
16090,10,-115.31348,36.157883
16091,10,-115.181786,36.054447
16092,10,-115.101585,35.99378
16093,4438,-115.13574,36.03067
16094,10,-115.155685,36.013283
16095,10,-115.29408,36.14382
16096,10,-115.33143,36.15486
16097,4439,-115.18939,36.11789
16098,10,-115.02606,36.044388
16099,10,-115.10846,36.130527
16100,4440,-115.17875,36.284214
16101,10,-115.2792,36.025677
16102,10,-115.06381,36.167458
16103,10,-115.21327,36.12656
16104,4441,-115.13648,36.01165
16105,4442,-115.09543,36.07111
16106,4443,-115.17466,36.02949
16107,10,-115.299644,36.11574
16108,10,-115.20755,36.143238
16109,10,-115.30016,36.115658
16110,10,-115.13609,36.01191
16111,4444,-115.22577,36.101196
16112,10,-115.10561,36.00054
16113,4445,-115.3115,36.158897
16114,0,-115.20207,36.090256
16115,4446,-115.02097,36.047676
16116,4447,-115.1401,36.169327
16117,10,-115.101585,35.99378
16118,10,-115.277664,36.02164
16119,10,-115.15323,36.042797
16120,10,-115.108116,36.00007
16121,10,-115.220406,36.0995
16122,10,-115.174706,36.01131
16123,10,-115.253624,36.274426
16124,10,-115.10889,36.00196
16125,10,-115.15126,36.1089
16126,10,-115.17815,36.06713
16127,0,-112.09069,33.480274
16128,10,-115.04599,36.060104
16129,10,-115.09037,36.02096
16130,10,-114.99299,36.014114
16131,10,-115.24303,36.149204
16132,10,-115.08639,36.0206
16133,4448,-115.17143,36.135014
16134,10,-115.24341,36.130524
16135,4449,-115.17535,36.070137
16136,10,-115.04282,36.067123
16137,2,-115.04759,36.040302
16138,4450,-115.17113,36.12856
16139,10,-115.15458,36.119186
16140,4451,-115.13056,36.10134
16141,10,-115.04131,36.05594
16142,4452,-115.04131,36.05594
16143,4453,-115.17815,36.06713
16144,10,-115.16586,36.14785
16145,4454,-115.17676,36.10449
16146,2,-115.17143,36.135014
16147,10,-115.22625,36.086525
16148,10,-115.17041,36.110847
16149,10,-112.030495,33.49422
16150,10,-115.28685,36.289684
16151,10,-115.13938,36.168507
16152,10,-115.00884,36.034294
16153,10,-115.13648,36.01165
16154,10,-115.20233,36.14488
16155,10,-115.17509,36.143238
16156,10,-115.14055,36.169167
16157,10,-115.089264,36.070396
16158,10,-115.16904,36.124878
16159,10,-115.17157,36.051224
16160,10,-115.28992,36.160503
16161,10,-115.04282,36.067123
16162,10,-115.20388,36.087532
16163,4455,-115.04282,36.067123
16164,10,-115.043594,36.06316
16165,10,-115.19094,36.126175
16166,4456,-115.10377,36.130226
16167,10,-115.117096,36.016495
16168,0,-115.174324,36.067642
16169,10,-115.09935,36.100647
16170,4457,-115.21148,36.227207
16171,10,-115.17277,36.082066
16172,2,-115.14124,36.172813
16173,4458,-115.17712,36.13198
16174,10,-114.8582,35.969296
16175,10,-115.01699,36.054703
16176,4459,-115.20888,36.09506
16177,4460,-115.15323,36.042797
16178,10,-115.210464,36.23675
16179,4350,-115.13904,36.16885
16180,10,-115.08955,36.02054
16181,10,-111.97244,33.68464
16182,4461,-115.08336,36.022465
16183,4462,-115.13833,36.141514
16184,10,-115.28299,36.070362
16185,2,-115.23664,36.115025
16186,10,-115.04415,36.063168
16187,10,-115.1283,36.0573
16188,10,-115.04728,36.06657
16189,2,-115.08335,36.071888
16190,10,-115.25142,36.067112
16191,10,-115.04625,36.0659
16192,10,-115.04883,36.02805
16193,10,-115.02986,36.04018
16194,10,-115.119255,36.02623
16195,10,-115.04671,36.026028
16196,4463,-115.2682,36.207485
16197,10,-115.15427,36.1187
16198,10,-115.04625,36.0659
16199,10,-115.118965,36.01231
16200,10,-115.046684,36.025402
16201,10,-115.20766,36.124832
16202,10,-115.11793,36.021038
16203,10,-115.35168,36.159485
16204,10,-115.20886,36.122192
16205,4464,-115.08362,36.07416
16206,10,-115.17397,36.10626
16207,10,-115.04282,36.067123
16208,2,-115.15387,36.110085
16209,10,-115.258965,36.180824
16210,10,-115.17712,36.13198
16211,10,-115.299835,36.147236
16212,10,-115.35095,36.15929
16213,10,-115.17647,36.14513
16214,10,-115.23168,36.152233
16215,10,-115.176765,36.14523
16216,10,-115.11297,36.00433
16217,10,-115.29321,36.084576
16218,10,-115.08955,36.02054
16219,4465,-115.046875,36.055714
16220,10,-115.1191,36.040413
16221,10,-115.04358,36.06423
16222,10,-115.17582,36.11773
16223,10,-115.24359,36.045593
16224,4466,-115.19213,36.124943
16225,10,-115.12253,36.04208
16226,4467,-115.20413,36.0348
16227,2,-115.11645,36.239567
16228,10,-115.261665,36.107723
16229,4468,-115.18908,36.07802
16230,10,-115.275795,36.143433
16231,2,-115.144745,36.173252
16232,10,-89.39177,43.075077
16233,10,-115.13609,36.01191
16234,10,-115.15414,36.012283
16235,10,-115.1392,36.14452
16236,4469,-115.243904,36.090073
16237,4470,-115.12191,36.02072
16238,4471,-115.29713,36.143776
16239,10,-115.242615,36.112545
16240,4472,-115.08963,36.020706
16241,10,-115.17186,36.11744
16242,10,-115.15254,36.151268
16243,4473,-115.10229,36.1156
16244,4474,-115.04797,36.025887
16245,2,-115.17012,36.122276
16246,10,-114.992676,36.013332
16247,10,-115.12047,36.026196
16248,4475,-115.10471,36.115803
16249,2,-80.94362,35.219006
16250,10,-115.101585,35.98974
16251,10,-115.29805,36.070038
16252,10,-115.17493,36.10478
16253,4476,-114.987305,36.036503
16254,10,-115.14556,36.172424
16255,10,-115.06167,36.15957
16256,4477,-115.29135,36.16915
16257,131,-115.15822,36.161972
16258,10,-115.132935,36.16576
16259,4478,-115.24373,36.08461
16260,10,-114.9647,36.026493
16261,4479,-115.27973,36.119114
16262,4480,-115.06312,36.173996
16263,10,-115.16866,36.117542
16264,10,-115.08076,36.07135
16265,2,-115.17504,36.144676
16266,10,-115.17274,36.11424
16267,4481,-115.24201,36.042435
16268,10,-115.15126,36.1089
16269,4482,-115.24562,36.1436
16270,4483,-115.24359,36.045593
16271,10,-115.20388,36.087532
16272,2,-111.97308,33.52883
16273,10,-115.308495,36.11394
16274,10,-115.22412,36.127884
16275,10,-114.98343,36.031956
16276,10,-115.08509,36.029533
16277,4484,-115.11793,36.01752
16278,4485,-115.17234,36.110107
16279,4486,-115.096466,36.006683
16280,10,-115.145645,36.124844
16281,10,-115.08955,36.02054
16282,4487,-115.31348,36.157883
16283,2,-115.186485,36.1187
16284,2,-115.16997,36.11293
16285,2,-115.17457,36.11622
16286,2,-115.20723,36.163433
16287,10,-115.207245,36.124905
16288,20,-3.1795256,55.951454
16289,10,-115.33344,36.150024
16290,2,-115.16792,36.11547
16291,10,-115.100464,36.086742
16292,10,-115.18219,36.10132
16293,10,-115.038345,36.06321
16294,10,-115.27943,36.19797
16295,2,-115.201775,36.126526
16296,10,-115.062614,36.161926
16297,10,-115.17332,36.11567
16298,2,-115.16309,36.136738
16299,0,-115.0849,36.133053
16300,4488,-115.08218,36.15933
16301,4489,-115.188644,36.126087
16302,4490,-115.15797,36.158264
16303,10,-115.244194,36.045704
16304,10,-115.190506,36.08786
16305,10,-115.17041,36.110847
16306,2,-115.1929,36.116634
16307,2,-115.175804,36.09531
16308,10,-115.100845,35.993855
16309,2,-115.15155,36.151466
16310,10,-115.14255,36.142525
16311,4491,-115.0849,36.133053
16312,4492,-115.180664,36.291985
16313,4493,-115.17395,36.11303
16314,2,-115.13482,36.11362
16315,4494,-115.11772,36.099663
16316,4495,-115.10359,36.116684
16317,10,-115.17143,36.135014
16318,10,-115.3352,36.15803
16319,4496,-115.0849,36.133053
16320,2,-115.20955,36.12644
16321,2,-115.14513,36.17488
16322,10,-115.284874,36.29139
16323,2,-115.17279,36.11766
16324,10,-115.15427,36.1187
16325,4497,-115.15112,36.086338
16326,4498,-115.138435,36.167526
16327,4499,-115.13233,36.193367
16328,4500,-115.195984,36.12538
16329,4501,-115.24271,36.219223
16330,2,-115.13907,36.17015
16331,2,-115.186104,36.11628
16332,2,-115.28165,36.200096
16333,10,-115.00147,36.271496
16334,10,-115.176765,36.14523
16335,10,-115.00147,36.271496
16336,10,-115.27853,36.057846
16337,4502,-115.11585,36.240154
16338,10,-115.17146,36.10095
16339,10,-115.14406,36.171234
16340,4503,-115.18995,36.12553
16341,10,-115.242546,36.098583
16342,2,-115.24227,36.144756
16343,10,-115.20667,36.114872
16344,4504,-115.26318,36.271908
16345,10,-115.13618,36.10516
16346,10,-115.29076,36.15755
16347,10,-115.16918,36.10844
16348,10,-115.244156,36.047306
16349,2,-115.134575,36.101467
16350,10,-115.30428,36.19106
16351,10,-115.153946,36.26045
16352,10,-115.17177,36.01076
16353,10,-112.00845,33.581757
16354,10,-115.27989,36.124878
16355,4505,-115.17712,36.13198
16356,10,-115.19265,36.132973
16357,4506,-115.17419,36.110485
16358,4507,-115.2696,36.270027
16359,10,-114.979904,36.02931
16360,10,-115.17229,36.115147
16361,10,-115.15112,36.086338
16362,10,-115.29939,36.145184
16363,10,-115.124794,36.220394
16364,10,-115.17457,36.11622
16365,2,-115.15716,36.114746
16366,4508,-115.120384,36.27603
16367,4509,-115.14224,36.240005
16368,10,-115.17223,36.105675
16369,10,-115.19283,36.144253
16370,4510,-115.28655,36.28842
16371,10,-115.20513,36.27028
16372,4511,-115.29656,36.0931
16373,10,-111.97982,33.49482
16374,2,-115.23995,36.14467
16375,10,-115.286575,36.277733
16376,10,-115.13894,36.16672
16377,10,-115.17712,36.13198
16378,10,-111.92741,33.496716
16379,10,-115.203186,36.09046
16380,4512,-115.17462,36.142902
16381,10,-115.170975,36.114277
16382,4513,-115.20513,36.27028
16383,10,-115.19242,36.12601
16384,10,-115.266174,36.144306
16385,10,-115.244255,36.145123
16386,10,-115.21733,36.223446
16387,10,-115.206375,36.27993
16388,4514,-115.163124,36.133614
16389,2,-111.899635,33.554825
16390,2,-115.17572,36.009
16391,4515,-115.19622,36.205273
16392,10,-115.24271,36.219223
16393,4516,-115.29434,36.095753
16394,10,-115.241516,36.064106
16395,2,-115.169655,36.12119
16396,10,-115.33344,36.150024
16397,4517,-115.234955,36.243893
16398,10,-115.28819,36.291035
16399,2,-115.14639,36.081303
16400,10,-115.16114,36.144093
16401,4518,-115.24362,36.202663
16402,4519,-115.11635,36.2778
16403,10,-115.200645,36.115417
16404,10,-115.242905,36.152386
16405,10,-115.116295,36.240383
16406,10,-114.98926,36.202255
16407,4520,-115.15472,36.115124
16408,10,-115.09303,36.218987
16409,4521,-115.22455,36.238483
16410,10,-115.24354,36.073208
16411,4522,-115.13637,36.108074
16412,4523,-115.20645,36.279408
16413,10,-115.11736,36.014675
16414,4524,-115.27849,36.13345
16415,10,-115.05501,36.015766
16416,10,-115.15096,36.15308
16417,4525,-115.28217,36.302864
16418,10,-115.233406,36.23862
16419,4526,-115.14055,36.169167
16420,4527,-115.17123,36.15944
16421,4528,-115.09615,36.240704
16422,10,-115.12652,36.15846
16423,10,-115.09615,36.240704
16424,4529,-115.334236,36.145416
16425,10,-115.27832,36.056545
16426,4530,-115.23975,36.14317
16427,10,-115.28703,36.166676
16428,4531,-115.16296,36.12714
16429,10,-115.225876,36.055565
16430,10,-115.14055,36.169167
16431,2,-115.207245,36.124905
16432,4532,-115.09615,36.240704
16433,10,-115.119385,36.026558
16434,4533,-115.2072,36.271782
16435,10,-115.23168,36.152233
16436,10,-115.17211,36.159092
16437,4534,-115.27721,36.306732
16438,10,-115.22406,36.12772
16439,10,-115.17153,36.054417
16440,4535,-115.227615,36.129646
16441,10,-115.24415,36.05087
16442,10,-115.14027,36.171307
16443,2,-115.172455,36.106503
16444,10,-115.12652,36.15846
16445,10,-115.20695,35.99532
16446,10,-115.168144,36.110283
16447,10,-115.173904,36.110092
16448,2,-115.15323,36.042797
16449,10,-115.27777,36.130028
16450,10,-115.20741,36.123623
16451,4536,-115.17201,36.159367
16452,10,-115.138435,36.167526
16453,2,-115.16769,36.10302
16454,10,-115.22227,36.099506
16455,4537,-115.141846,36.17241
16456,4538,-115.14333,36.19606
16457,4539,-115.17143,36.135014
16458,4540,-115.243546,36.064587
16459,10,-115.17652,36.11303
16460,4541,-115.11707,36.204414
16461,10,-115.11707,36.204414
16462,10,-115.24303,36.062855
16463,10,-115.334816,36.15839
16464,4542,-115.24946,36.242676
16465,10,-115.21917,36.126225
16466,10,-115.29755,36.112892
16467,10,-115.17625,36.092876
16468,10,-115.17259,36.112953
16469,10,-115.177,36.11199
16470,10,-115.15126,36.10913
16471,10,-115.29926,36.098995
16472,10,-115.2858,36.158028
16473,2,-115.28774,36.15778
16474,10,-115.14656,36.23896
16475,4543,-115.13639,36.175
16476,10,-115.1795,36.286583
16477,10,-115.21359,36.12667
16478,10,-115.24508,36.159706
16479,10,-115.24536,36.16115
16480,10,-115.14156,36.27635
16481,10,-114.98345,36.03831
16482,10,-115.100845,35.993855
16483,10,-115.15411,36.107388
16484,4544,-115.29402,36.093773
16485,10,-115.16081,36.237892
16486,2,-115.27846,36.134956
16487,2,-115.20198,36.10272
16488,10,-115.209656,36.127045
16489,2,-115.26988,36.2835
16490,4545,-115.24588,36.16519
16491,4546,-115.281105,36.05382
16492,2,-115.2411,36.114986
16493,4547,-115.16255,36.147816
16494,10,-115.24367,36.0793
16495,2,-115.2503,36.26133
16496,10,-115.175804,36.096684
16497,2,-115.17601,36.104332
16498,2,-111.89714,33.67805
16499,10,-115.15383,36.157158
16500,10,-115.286644,36.277836
16501,2,-115.31363,36.157314
16502,2,-115.252,36.063618
16503,4548,-115.170906,36.103455
16504,2,-115.17618,36.115856
16505,10,-115.2092,36.246758
16506,4549,-115.265656,36.273514
16507,10,-115.17582,36.11773
16508,10,-115.24362,36.202663
16509,4550,-115.244255,36.145123
16510,2,-115.17457,36.102413
16511,4551,-115.287155,36.282867
16512,10,-115.161804,36.144165
16513,4552,-115.20513,36.27028
16514,4553,-115.250565,36.14357
16515,10,-115.335365,36.15747
16516,10,-115.2414,36.197395
16517,10,-115.33192,36.159554
16518,38,-115.19138,36.19741
16519,4554,-115.19443,36.12589
16520,10,-115.2983,36.147083
16521,4555,-115.11758,36.264038
16522,4556,-115.28217,36.302864
16523,10,-115.15594,36.10788
16524,10,-115.19812,36.197575
16525,10,-115.06262,36.02959
16526,4557,-115.133606,36.20977
16527,4558,-115.206375,36.2394
16528,10,-115.2032,36.092003
16529,10,-115.081985,36.14379
16530,10,-115.26378,36.0842
16531,10,-115.28009,36.298874
16532,4559,-115.174706,36.01131
16533,10,-115.206375,36.2394
16534,2,-115.17577,36.011356
16535,10,-115.17229,36.115147
16536,10,-115.13916,36.085407
16537,10,-115.13774,36.157787
16538,2,-115.174706,36.01131
16539,10,-115.29966,36.14726
16540,4560,-115.25734,36.195675
16541,4561,-115.16282,36.230705
16542,4562,-115.274574,36.130314
16543,10,-115.177536,36.06837
16544,10,-115.24227,36.144756
16545,10,-115.31348,36.157883
16546,10,-112.27332,33.464325
16547,4563,-115.201775,36.126526
16548,2,-115.20247,36.144047
16549,10,-115.17358,36.1601
16550,10,-115.17563,36.144997
16551,10,-115.124176,36.23902
16552,4564,-115.241974,36.17968
16553,4565,-115.15979,36.11516
16554,4566,-115.15496,35.978703
16555,10,-115.17535,36.070137
16556,10,-115.11942,36.05963
16557,10,-115.12092,36.240192
16558,10,-115.21733,36.223446
16559,4567,-115.24628,36.27423
16560,4568,-115.20636,36.27776
16561,10,-115.302826,36.14494
16562,10,-115.1712,36.11172
16563,4569,-115.17087,36.10242
16564,10,-115.186104,36.11628
16565,10,-112.07232,33.457657
16566,10,-115.178696,36.17993
16567,10,-115.13809,36.010376
16568,10,-115.141304,36.169323
16569,10,-115.31554,36.291206
16570,2,-115.19478,36.126404
16571,10,-115.2317,36.23775
16572,10,-115.25017,36.19709
16573,4570,-115.29939,36.145184
16574,10,-115.14741,36.114876
16575,10,-115.2092,36.246758
16576,4571,-115.14289,36.143345
16577,4572,-115.25018,36.197487
16578,4573,-115.25014,36.24172
16579,4574,-115.14827,36.276245
16580,4575,-115.21733,36.223446
16581,10,-115.153595,36.011986
16582,10,-115.30121,36.115658
16583,10,-115.08284,36.074104
16584,2,-115.16918,36.10844
16585,4576,-115.20422,36.126564
16586,4577,-115.28078,36.11531
16587,10,-114.97707,36.04322
16588,10,-115.15383,36.157158
16589,10,-115.27989,36.124878
16590,10,-115.26148,36.113655
16591,10,-115.27997,36.078644
16592,10,-115.1726,36.118793
16593,10,-115.25998,36.143147
16594,4578,-115.24309,36.21847
16595,10,-115.27923,36.05208
16596,10,-115.2782,36.108463
16597,10,-115.24166,36.194546
16598,10,-115.135,36.1155
16599,4579,-115.286095,36.167023
16600,4580,-115.13987,36.168903
16601,10,-115.2092,36.246758
16602,10,-115.20707,36.271137
16603,10,-115.179146,36.145535
16604,4581,-115.152336,36.136433
16605,4582,-115.168846,36.122505
16606,10,-115.15391,36.255234
16607,4583,-115.257774,36.197437
16608,10,-115.17756,36.23901
16609,4584,-115.17756,36.23901
16610,10,-115.17143,36.135014
16611,10,-115.14683,36.172176
16612,10,-115.24322,36.18759
16613,10,-111.76795,33.38265
16614,4585,-115.306694,36.111958
16615,4586,-115.1783,36.23889
16616,10,-115.17177,36.11931
16617,2,-115.18286,36.0408
16618,2,-115.36672,36.171062
16619,4587,-115.2682,36.207485
16620,2,-115.17278,36.11766
16621,10,-115.29765,36.09471
16622,4588,-115.14624,36.171215
16623,10,-115.25826,36.195614
16624,4589,-115.24287,36.044266
16625,4590,-115.29833,36.211716
16626,4591,-115.155594,36.11496
16627,10,-115.24721,36.04437
16628,10,-115.2096,36.15876
16629,4592,-115.17224,36.041023
16630,10,-115.25111,36.21987
16631,4593,-115.2757,36.14452
16632,10,-115.13813,36.011578
16633,10,-115.16525,36.239037
16634,4594,-115.22455,36.238483
16635,10,-115.17875,36.284214
16636,4595,-115.10084,36.03525
16637,10,-115.24374,36.047146
16638,10,-80.94421,35.223606
16639,4596,-115.10165,35.995304
16640,2,-115.11932,36.011078
16641,10,-115.30459,36.11395
16642,10,-115.11279,36.005222
16643,10,-115.26203,36.070213
16644,10,-115.11717,36.005936
16645,4597,-115.179085,36.11224
16646,10,-115.10186,35.99837
16647,4598,-115.10561,36.00054
16648,10,-115.08955,36.02054
16649,2,-73.560295,45.50761
16650,2,-115.17345,36.10306
16651,10,-115.324776,36.107853
16652,10,-115.15074,36.169456
16653,10,-115.07656,36.071907
16654,10,-115.09702,36.072758
16655,10,-115.23975,36.14317
16656,10,-115.04432,36.079037
16657,4599,-115.100845,35.993855
16658,10,-115.25077,36.0635
16659,10,-115.209656,36.126728
16660,4600,-115.113014,36.003452
16661,2,-115.201775,36.126526
16662,10,-115.168106,36.103798
16663,4601,-115.18342,36.04206
16664,10,-115.24186,36.062195
16665,10,-115.046844,36.05945
16666,10,-115.134,36.0131
16667,4602,-115.10294,36.100693
16668,2,-115.17481,36.10987
16669,10,-115.201775,36.126526
16670,2,-115.1563,36.142338
16671,10,-115.25077,36.0635
16672,10,-115.16269,36.144295
16673,10,-115.267235,36.020664
16674,4603,-115.117966,36.013836
16675,10,-115.10773,36.002964
16676,2,-115.17618,36.115856
16677,10,-115.298294,36.077114
16678,10,-115.11275,36.005646
16679,10,-115.13637,36.108074
16680,10,-115.21327,36.12656
16681,4604,-115.117775,36.009586
16682,10,-115.1765,36.10758
16683,4605,-115.153595,36.011986
16684,10,-115.08566,36.02736
16685,10,-115.11488,36.02915
16686,10,-115.119385,36.026558
16687,10,-115.3115,36.158897
16688,10,-115.20738,36.0329
16689,10,-115.111275,36.006683
16690,10,-115.11795,36.09959
16691,4606,-115.30731,36.086033
16692,10,-115.15401,36.238834
16693,2,-80.88002,35.17877
16694,4607,-115.133606,36.20977
16695,4608,-115.047104,36.040707
16696,10,-115.17065,36.04064
16697,4609,-115.12658,36.100414
16698,10,-115.2792,36.025677
16699,10,-115.119385,36.026558
16700,10,-115.10117,36.01859
16701,10,-115.246185,36.12342
16702,10,-115.15097,36.085175
16703,10,-115.2087,36.043213
16704,10,-115.02425,36.044903
16705,10,-115.10574,36.072323
16706,10,-115.18219,36.10132
16707,2,-115.135,36.1155
16708,4610,-115.1193,36.02074
16709,4611,-115.24352,36.07097
16710,10,-115.15427,36.1187
16711,4612,-115.1969,36.143887
16712,10,-115.16587,36.126877
16713,4613,-115.10313,36.001965
16714,10,-115.11066,36.002857
16715,4614,-115.15126,36.1089
16716,10,-115.08384,36.022102
16717,4615,-115.298294,36.077114
16718,4616,-115.11066,36.002857
16719,4617,-115.07943,36.019363
16720,4618,-115.11872,36.035313
16721,10,-115.28894,36.16201
16722,10,-115.1206,36.0114
16723,2,-89.49799,43.032223
16724,10,-115.24626,36.0646
16725,10,-115.11822,36.01443
16726,10,-115.29939,36.145184
16727,10,-115.13576,36.035084
16728,4619,-115.11997,36.01099
16729,10,-115.173775,36.090916
16730,2,-115.165276,36.122143
16731,10,-115.08955,36.02054
16732,2,-115.101585,35.99378
16733,10,-115.17829,36.067524
16734,10,-115.17146,36.10095
16735,10,-115.17123,36.15944
16736,10,-115.11428,36.00516
16737,10,-115.11869,36.01635
16738,10,-115.18163,36.075855
16739,10,-115.19373,36.114956
16740,10,-115.062614,36.161926
16741,4620,-115.15271,36.13732
16742,2,-115.17155,36.05243
16743,4621,-115.11771,36.017265
16744,10,-115.1195,36.015434
16745,4622,-115.24498,36.061962
16746,4623,-115.29103,36.17573
16747,10,-115.33276,36.15119
16748,10,-115.11157,36.00645
16749,4624,-115.12464,35.996723
16750,4625,-115.14528,36.1616
16751,10,-115.22531,36.05553
16752,4626,-115.308495,36.11394
16753,10,-115.099884,35.99529
16754,10,-115.11793,36.01752
16755,10,-115.10889,36.00196
16756,10,-115.04358,36.06423
16757,4627,-115.0884,36.071453
16758,10,-115.15323,36.042797
16759,4628,-111.92796,33.49821
16760,10,-115.233406,36.23862
16761,4629,-115.101204,35.99359
16762,10,-115.118256,36.054462
16763,10,-115.117165,36.016342
16764,10,-115.30866,36.11444
16765,10,-115.12652,36.15846
16766,4630,-115.197014,36.12641
16767,4631,-115.24079,36.19914
16768,4632,-115.08771,36.035824
16769,10,-115.2112,36.125587
16770,4633,-115.08998,36.020554
16771,10,-115.10234,36.001747
16772,10,-115.08096,36.076263
16773,4634,-115.24302,36.036034
16774,10,-115.24344,36.247814
16775,10,-115.241455,36.062717
16776,4635,-115.15265,36.012516
16777,10,-115.18507,36.102978
16778,10,-115.07974,36.072388
16779,4636,-115.09916,36.100334
16780,4637,-115.33321,36.152905
16781,10,-115.265976,36.168346
16782,4638,-114.99288,36.01392
16783,10,-115.241554,36.064533
16784,10,-115.28129,36.055817
16785,4639,-115.10561,36.00054
16786,4640,-115.101585,35.99378
16787,10,-115.142006,36.17183
16788,10,-115.20959,36.12621
16789,10,-115.0863,36.02131
16790,10,-115.22487,36.06982
16791,0,-112.04094,33.46563
16792,4641,-115.10165,35.995304
16793,4642,-115.10313,36.001965
16794,10,-115.209236,36.10027
16795,10,-115.333084,36.15087
16796,10,-115.19242,36.12601
16797,10,-115.11869,36.01635
16798,10,-115.08227,36.07001
16799,10,-115.17143,36.135014
16800,4643,-115.288,36.159424
16801,10,-115.11819,36.003147
16802,4644,-115.103134,35.99997
16803,4645,-115.30882,36.183144
16804,10,-115.17669,36.117455
16805,10,-115.11243,36.006176
16806,0,-115.24882,36.06497
16807,4646,-115.118126,36.015793
16808,4647,-115.11243,36.006176
16809,10,-115.13574,36.03067
16810,10,-114.96562,36.026855
16811,10,-115.11243,36.006176
16812,10,-115.27892,36.038082
16813,10,-115.225876,36.126358
16814,10,-115.06411,36.02573
16815,10,-115.15271,36.108807
16816,10,-115.14418,36.122654
16817,10,-115.17581,36.08995
16818,10,-115.13463,36.161926
16819,2,-115.173775,36.090916
16820,4648,-115.18449,36.093613
16821,10,-115.33279,36.148457
16822,4649,-115.178,36.068428
16823,4650,-115.23664,36.115025
16824,4651,-115.11797,36.01842
16825,10,-115.14085,36.170055
16826,2,-115.11822,36.01443
16827,4652,-115.14214,36.17187
16828,4653,-115.31403,36.115417
16829,4654,-115.11961,36.070183
16830,4655,-115.297844,36.07753
16831,4656,-115.175865,36.010883
16832,10,-115.064064,36.14582
16833,10,-115.17179,36.014614
16834,10,-115.15342,36.01457
16835,2,-115.11351,36.12936
16836,10,-115.17165,36.04078
16837,4657,-115.16869,36.127796
16838,10,-115.08588,36.02203
16839,4658,-115.13609,36.116165
16840,10,-115.21449,36.143353
16841,4659,-115.11997,36.01099
16842,10,-115.100845,35.993855
16843,10,-115.158325,36.05773
16844,10,-115.149734,36.11512
16845,10,-115.30226,36.19719
16846,10,-115.11066,36.002857
16847,10,-115.135925,36.11814
16848,10,-115.24371,36.05824
16849,4660,-115.08639,36.0206
16850,2,-115.19142,36.126163
16851,4661,-115.25494,36.195427
16852,0,-115.29179,36.113693
16853,4662,-115.20964,36.12702
16854,4663,-115.10044,35.979927
16855,4664,-115.20818,36.149048
16856,4665,-115.22456,36.128075
16857,10,-115.17318,36.110085
16858,10,-115.2786,36.307632
16859,4666,-115.10157,35.99044
16860,4667,-115.04282,36.067123
16861,2,-115.119385,36.026558
16862,4668,-115.17491,36.01144
16863,10,-115.100845,35.993855
16864,4669,-115.08556,36.003056
16865,10,-115.20347,36.27606
16866,2,-115.19094,36.126175
16867,10,-115.19287,36.126762
16868,4670,-115.11799,36.014458
16869,10,-115.100845,35.993855
16870,10,-115.10399,35.99897
16871,10,-115.10142,36.08595
16872,10,-115.10399,35.99897
16873,10,-115.11504,36.00442
16874,10,-115.24214,36.078087
16875,10,-115.11047,36.002903
16876,10,-115.280396,36.113922
16877,2,-115.107544,36.00268
16878,4671,-115.11617,36.00676
16879,10,-115.138504,36.117256
16880,4672,-115.11931,36.01597
16881,4673,-115.15323,36.042797
16882,10,-115.18507,36.102978
16883,4674,-115.17224,36.041023
16884,10,-115.241516,36.064106
16885,10,-115.16457,36.147957
16886,10,-115.24127,36.084476
16887,10,-115.29494,36.144653
16888,10,-115.102715,35.99111
16889,10,-115.18048,36.275616
16890,10,-115.153595,36.011986
16891,10,-115.08266,36.021996
16892,10,-115.31087,36.15766
16893,4675,-115.11944,36.085712
16894,10,-115.22492,36.048195
16895,10,-115.153595,36.011986
16896,10,-115.20142,36.12633
16897,10,-115.10866,36.001587
16898,4676,-115.11793,36.01752
16899,4677,-115.17474,36.115932
16900,10,-115.17224,36.041023
16901,10,-115.1563,36.142338
16902,10,-115.13694,36.11391
16903,10,-115.29855,36.078938
16904,4678,-115.29874,36.06994
16905,10,-115.13677,36.104446
16906,10,-115.17457,36.11622
16907,10,-115.1546,36.11997
16908,2,-115.1725,36.127174
16909,10,-115.121086,36.02073
16910,10,-115.2983,36.147083
16911,10,-115.13713,36.01069
16912,4679,-115.30076,36.145542
16913,10,-115.06262,36.02959
16914,10,-115.08284,36.074104
16915,10,-115.27997,36.078644
16916,10,-115.11186,36.0059
16917,2,-115.186485,36.1187
16918,2,-115.17618,36.115856
16919,10,-115.16907,36.124435
16920,2,-115.17601,36.104332
16921,2,-115.071304,36.071278
16922,2,-115.09138,36.021954
16923,10,-115.13717,36.082092
16924,10,-115.19868,36.12749
16925,10,-115.13677,36.104446
16926,10,-115.173874,36.109753
16927,10,-114.97673,36.036606
16928,10,-115.19819,36.125896
16929,10,-115.28091,36.143623
16930,2,-115.176346,36.117317
16931,10,-115.185265,36.125122
16932,10,-115.08348,36.003994
16933,10,-115.18163,36.075855
16934,10,-115.105194,36.001156
16935,2,-115.105194,36.001156
16936,10,-115.16821,36.127586
16937,10,-115.119255,36.02623
16938,10,-115.11931,36.01597
16939,10,-115.178215,36.068935
16940,10,-115.11107,36.005146
16941,4680,-115.118416,36.025414
16942,4681,-115.105194,36.001156
16943,10,-115.08588,36.02942
16944,4682,-115.119194,36.02536
16945,10,-115.04115,36.060524
16946,10,-115.33354,36.148144
16947,4683,-115.171616,36.041164
16948,10,-115.11428,36.00516
16949,10,-115.11311,35.986782
16950,2,-115.15979,36.11516
16951,2,-115.21984,36.12607
16952,10,-115.04282,36.067123
16953,10,-115.24374,36.047146
16954,2,-115.17849,36.10924
16955,10,-115.13988,36.1688
16956,10,-115.29713,36.143776
16957,10,-115.18449,36.093613
16958,10,-115.14007,36.167534
16959,10,-115.32508,36.124886
16960,4684,-115.14777,36.115116
16961,10,-115.10917,36.000813
16962,4685,-115.048035,36.023315
16963,10,-115.1197,36.012512
16964,10,-115.23284,36.145054
16965,10,-115.17625,36.092876
16966,4686,-115.11935,36.011665
16967,10,-115.2069,36.07251
16968,2,-115.15112,36.086338
16969,4687,-115.12637,35.997757
16970,10,-115.17875,36.284214
16971,10,-115.104004,35.999252
16972,4688,-115.25659,36.1972
16973,4689,-115.20744,36.113472
16974,10,-115.04869,36.021805
16975,10,-115.119385,36.026558
16976,10,-115.05336,36.01981
16977,4690,-115.10142,36.08595
16978,10,-115.332954,36.152374
16979,4691,-115.17113,36.134106
16980,0,-115.167694,36.103054
16981,10,-115.298294,36.077114
16982,10,-115.22343,36.115295
16983,4692,-115.16937,36.121815
16984,10,-115.17593,36.068153
16985,4693,-115.278114,36.042046
16986,10,-115.11703,36.02034
16987,4694,-115.14347,36.06351
16988,4695,-115.118126,36.015793
16989,10,-115.083374,36.071457
16990,4696,-115.20698,36.099552
16991,10,-115.085266,36.02177
16992,10,-115.111275,36.006683
16993,4697,-115.206345,35.994972
16994,10,-115.111786,36.00694
16995,4698,-115.08231,36.069843
16996,10,-115.26802,36.055946
16997,4699,-115.15323,36.042797
16998,10,-115.278625,36.110703
16999,4700,-115.25151,36.23309
17000,10,-115.170975,36.114277
17001,10,-115.1761,36.21468
17002,10,-115.11107,36.005146
17003,10,-115.29494,36.144653
17004,4701,-115.24352,36.07097
17005,0,-115.13574,36.03067
17006,10,-115.13813,36.011578
17007,2,-115.11107,36.005146
17008,4702,-115.14289,36.143345
17009,10,-115.13573,36.118217
17010,10,-115.11839,36.01761
17011,10,-115.19,36.23888
17012,10,-115.11107,36.005146
17013,4703,-115.273575,36.275772
17014,10,-115.13688,36.11789
17015,10,-115.11107,36.005146
17016,10,-115.28965,36.159534
17017,10,-115.19906,36.114304
17018,10,-115.16456,36.131496
17019,10,-115.33513,36.15711
17020,4704,-115.243004,36.098354
17021,4705,-115.121376,36.010296
17022,4706,-115.20848,36.07308
17023,4707,-115.17143,36.135014
17024,10,-115.173904,36.110092
17025,4708,-115.086464,36.02119
17026,10,-115.20964,36.12702
17027,10,-115.12155,36.04155
17028,10,-115.16879,36.122967
17029,2,-115.17089,36.114025
17030,4709,-115.101685,35.997723
17031,10,-115.17382,36.107162
17032,4710,-115.172554,36.115673
17033,2,-115.20764,36.10508
17034,2,-115.167694,36.103054
17035,10,-115.11891,36.016483
17036,2,-115.17028,36.12229
17037,10,-115.15228,36.113487
17038,2,-115.173515,36.103
17039,10,-115.11703,36.02034
17040,2,-115.176575,36.091194
17041,2,-115.17105,36.12595
17042,2,-115.241974,36.1434
17043,4711,-115.23108,36.143196
17044,10,-115.21002,36.126923
17045,10,-115.25736,36.19518
17046,10,-115.19408,36.12642
17047,2,-115.173874,36.109753
17048,10,-115.293,36.160576
17049,10,-115.17618,36.115856
17050,10,-115.11698,36.009254
17051,2,-115.25953,36.26515
17052,10,-115.13792,36.168026
17053,2,-80.84573,35.231762
17054,10,-115.17298,36.161358
17055,2,-115.17229,36.115147
17056,10,-114.92228,36.11427
17057,2,-115.1725,36.110065
17058,10,-115.176704,36.09028
17059,10,-115.22056,36.04819
17060,10,-115.13694,36.11391
17061,10,-115.173996,36.12161
17062,4712,-115.10824,36.001453
17063,10,-115.177864,36.06759
17064,10,-115.18953,36.1257
17065,10,-115.12045,36.041096
17066,2,-115.01837,36.04717
17067,2,-73.57553,45.515884
17068,10,-115.27777,36.130028
17069,10,-115.15531,36.11022
17070,4713,-115.08496,36.00635
17071,10,-115.32523,36.161198
17072,10,-115.17688,36.091255
17073,2,-115.13808,36.167904
17074,2,-115.167755,36.123978
17075,10,-115.13988,36.1688
17076,4714,-115.12861,36.057144
17077,10,-115.272675,36.144188
17078,2,-115.15265,36.012516
17079,2,-115.048035,36.023315
17080,10,-115.13962,36.170086
17081,10,-115.15797,36.158264
17082,10,-115.20942,36.12682
17083,10,-115.11783,36.005405
17084,10,-115.117836,36.028442
17085,10,-115.275795,36.143433
17086,10,-115.0863,36.02131
17087,10,-115.17684,36.06878
17088,10,-115.185265,36.125122
17089,10,-115.24326,36.08205
17090,2,-115.173874,36.109753
17091,10,-115.23011,36.143112
17092,10,-115.11599,36.027836
17093,10,-115.286095,36.167023
17094,10,-115.33272,36.148514
17095,2,-115.102715,35.99111
17096,4715,-115.15323,36.042797
17097,10,-115.11734,36.022045
17098,2,-115.17278,36.11766
17099,4716,-115.24169,36.064114
17100,10,-115.33198,36.151814
17101,10,-115.14253,36.169502
17102,10,-114.92317,36.10016
17103,10,-115.0863,36.02131
17104,10,-114.992935,36.01152
17105,38,-115.17524,36.09232
17106,4717,-115.11599,36.027836
17107,10,-115.17367,36.107143
17108,10,-115.13723,36.108643
17109,10,-115.29864,36.076557
17110,2,-115.16965,36.121178
17111,10,-115.33351,36.149036
17112,4718,-115.084946,36.005207
17113,10,-115.11909,36.06513
17114,4719,-115.19397,36.12618
17115,10,-115.25659,36.1972
17116,4720,-115.11779,36.013794
17117,10,-115.17552,36.112335
17118,4721,-115.20635,35.995155
17119,10,-115.181656,36.074207
17120,4722,-115.11808,36.021404
17121,4723,-115.03742,36.063168
17122,4724,-115.19822,36.12595
17123,4725,-115.139595,36.168007
17124,10,-115.11704,36.01736
17125,10,-115.17143,36.135014
17126,4726,-115.04282,36.067123
17127,10,-115.134926,36.01411
17128,2,-115.116776,36.020107
17129,10,-115.22406,36.12772
17130,10,-115.08231,36.069843
17131,4727,-115.14056,36.16785
17132,4728,-80.9438,35.221424
17133,4729,-115.27973,36.119114
17134,10,-115.16801,35.965363
17135,0,-115.17693,36.068497
17136,2,-115.14055,36.169167
17137,4730,-115.14056,36.16785
17138,10,-115.242714,36.036674
17139,4731,-115.102715,35.99111
17140,2,-115.21823,36.15882
17141,10,-115.118965,36.01231
17142,4732,-115.06269,36.011925
17143,2,-115.178,36.068428
17144,2388,-115.17556,36.11377
17145,4733,-115.17143,36.135014
17146,2,-115.17234,36.110107
17147,10,-115.117096,36.016495
17148,4734,-115.13838,36.11365
17149,10,-115.17516,36.109875
17150,10,-114.9926,36.01306
17151,10,-115.02351,36.063915
17152,10,-115.174324,36.067642
17153,10,-115.11921,36.03455
17154,10,-115.27994,36.122913
17155,4735,-115.10561,36.00054
17156,10,-115.102715,35.99111
17157,4736,-115.102715,35.99111
17158,10,-115.102715,35.99111
17159,4737,-115.102715,35.99111
17160,10,-115.17503,36.143192
17161,10,-115.291916,36.15935
17162,10,-115.11779,36.013794
17163,10,-115.30428,36.19106
17164,4738,-115.10889,36.00196
17165,10,-115.046844,36.05945
17166,10,-115.1912,36.039337
17167,10,-115.15323,36.042797
17168,10,-115.11808,36.021404
17169,4739,-115.040665,36.106735
17170,10,-115.12515,36.10026
17171,4740,-115.162964,36.189293
17172,10,-115.1954,36.040794
17173,10,-115.1344,36.03022
17174,4741,-115.09916,36.04198
17175,10,-115.1404,36.16785
17176,10,-115.08096,36.076263
17177,10,-115.185265,36.125122
17178,10,-115.05262,36.100742
17179,10,-115.24381,36.061695
17180,10,-115.10084,36.03525
17181,10,-115.150215,36.043182
17182,10,-115.170616,36.124756
17183,10,-115.17516,36.091866
17184,10,-115.20863,36.1587
17185,10,-115.11617,36.00676
17186,4742,-115.191826,36.144268
17187,4743,-115.11687,36.072422
17188,10,-115.17618,36.067936
17189,10,-115.120605,36.025345
17190,10,-115.104416,36.042297
17191,4744,-115.10143,36.04214
17192,10,-115.243546,36.04771
17193,10,-115.22461,36.05132
17194,10,-115.279,36.0605
17195,10,-115.18609,36.27883
17196,10,-115.13761,36.10351
17197,10,-115.302826,36.14494
17198,4745,-115.1267,36.0571
17199,4746,-115.19388,36.144024
17200,10,-115.09925,36.04168
17201,10,-115.24279,36.198753
17202,10,-115.141846,36.17241
17203,10,-115.09925,36.04168
17204,10,-115.12081,36.04105
17205,10,-115.05648,36.015625
17206,10,-115.20198,36.10272
17207,10,-115.11783,36.034397
17208,4747,-115.05456,36.101704
17209,4748,-115.14289,36.143345
17210,10,-115.200645,36.115417
17211,10,-115.10949,36.007076
17212,10,-115.136406,36.106606
17213,10,-115.08231,36.069843
17214,4749,-115.30952,36.114628
17215,10,-115.2053,36.12517
17216,10,-115.16242,36.131897
17217,10,-115.308495,36.11394
17218,4750,-115.08588,36.02942
17219,10,-115.35092,36.159397
17220,4751,-115.15622,36.167824
17221,4752,-115.11622,36.042686
17222,4753,-115.17593,36.068153
17223,4754,-115.10129,36.042088
17224,10,-115.14055,36.169167
17225,4755,-115.11814,36.017586
17226,4756,-115.2411,36.114986
17227,10,-115.33276,36.15119
17228,4757,-115.036026,36.061783
17229,10,-115.13056,36.10134
17230,4758,-115.11687,36.072422
17231,10,-115.17869,36.06815
17232,10,-115.08566,36.02736
17233,10,-115.1726,36.118793
17234,10,-115.086464,36.02119
17235,10,-115.04146,36.05681
17236,10,-115.10815,36.129353
17237,10,-115.260666,36.014347
17238,2,-115.11695,36.00863
17239,2,-115.17615,36.093422
17240,4759,-115.17615,36.093422
17241,10,-115.04345,36.055702
17242,4760,-115.20379,36.156246
17243,4761,-115.10773,36.002964
17244,10,-115.09923,36.03674
17245,10,-115.17178,36.120705
17246,4762,-115.246185,36.12342
17247,10,-115.17144,36.05287
17248,2,-115.169624,36.068302
17249,2,-115.15458,36.119186
17250,2,-115.23284,36.145054
17251,10,-115.1068,36.071945
17252,10,-115.09996,36.100533
17253,10,-115.20371,36.12588
17254,10,-115.08218,36.15933
17255,10,-115.12155,36.04155
17256,10,-115.241806,36.1122
17257,10,-115.134926,36.01411
17258,10,-115.15342,36.01457
17259,10,-114.93191,36.10195
17260,2,-115.17815,36.06713
17261,4763,-115.206535,36.116776
17262,4764,-115.11157,36.00645
17263,2,-115.176704,36.09028
17264,4765,-115.1563,36.142338
17265,10,-115.17382,36.107162
17266,10,-115.17684,36.1206
17267,10,-115.3352,36.15803
17268,2,-115.134926,36.01411
17269,10,-115.234955,36.243893
17270,2,-115.03709,36.062363
17271,4766,-115.17647,36.14513
17272,10,-115.08231,36.069843
17273,2,-115.08531,36.021725
17274,4767,-115.11167,36.100384
17275,4768,-115.04601,36.061684
17276,10,-115.24157,36.144634
17277,10,-115.17669,36.117455
17278,10,-115.20738,36.071205
17279,10,-115.19213,36.124943
17280,4112,-115.09037,36.02096
17281,10,-115.21327,36.12656
17282,10,-115.1741,36.121082
17283,10,-115.117744,36.010067
17284,4769,-114.992676,36.013332
17285,2,-115.12092,36.240192
17286,10,-115.29442,36.116028
17287,10,-115.28559,36.16719
17288,10,-115.14683,36.172176
17289,2,-115.25775,36.19565
17290,2,-115.18098,36.114388
17291,10,-115.24304,36.036724
17292,2,-115.197014,36.12641
17293,2,-115.15448,36.11884
17294,2,-115.28973,36.1641
17295,2,-115.17618,36.115856
17296,2,-115.17457,36.10259
17297,4770,-115.17637,36.06801
17298,10,-115.157875,36.142757
17299,2,-115.2435,36.08808
17300,2,-115.17333,36.119556
17301,2,-115.154106,36.107456
17302,10,-115.262115,36.196945
17303,4771,-115.257774,36.197437
17304,2,-112.07285,33.449226
17305,2,-115.14715,36.15981
17306,10,-115.20631,36.12659
17307,2,-115.174225,36.121616
17308,10,-115.29634,36.07794
17309,2,-115.16979,36.143673
17310,10,-115.175896,36.093586
17311,10,-115.29864,36.076557
17312,10,-115.0249,36.10016
17313,2,-115.1398,36.16868
17314,2,-115.19777,36.126934
17315,2,-115.191826,36.144268
17316,4772,-115.124886,36.046875
17317,10,-115.17663,36.145187
17318,10,-115.101204,35.99359
17319,10,-115.241455,36.062717
17320,2,-115.16961,36.121452
17321,2,-115.14335,36.171127
17322,2,-115.15254,36.151268
17323,2,-111.925995,33.5276
17324,10,-115.04155,36.063816
17325,4773,-115.27867,36.110104
17326,10,-115.208694,36.125504
17327,2,-115.24374,36.047146
17328,10,-115.3115,36.158897
17329,2,-115.16796,36.127712
17330,4774,-115.05508,36.01792
17331,10,-115.17223,36.06783
17332,10,-115.14339,36.169838
17333,10,-115.225945,36.239635
17334,10,-115.15389,36.156593
17335,10,-115.306496,36.192513
17336,2,-115.16979,36.143673
17337,2,-115.20754,36.126827
17338,10,-115.16979,36.143673
17339,10,-115.14683,36.172176
17340,10,-115.15265,36.012516
17341,2,-115.20379,36.156246
17342,10,-115.14059,36.169098
17343,4775,-115.17575,36.108307
17344,4776,-115.157875,36.142757
17345,10,-115.17229,36.115147
17346,10,-115.17435,36.106205
17347,2,-115.19822,36.12595
17348,10,-115.02017,36.27962
17349,10,-115.13663,36.14112
17350,2,-115.17087,36.10242
17351,2,-115.173904,36.110092
17352,10,-115.29426,36.14384
17353,10,-115.11793,36.01752
17354,10,-115.157875,36.142757
17355,2,-80.80948,35.24555
17356,4777,-115.29414,36.084427
17357,10,-115.334816,36.155132
17358,10,-115.17279,36.11766
17359,10,-115.047195,36.05532
17360,4778,-115.12464,35.996723
17361,2,-115.174644,36.109913
17362,10,-115.22538,36.217148
17363,10,-115.163124,36.133614
17364,10,-115.15248,36.11378
17365,10,-115.117966,36.013836
17366,10,-115.24514,36.160145
17367,4779,-115.22581,36.055252
17368,10,-115.17831,36.12849
17369,2,-115.19706,36.12636
17370,10,-115.13955,36.16874
17371,10,-115.155594,36.11496
17372,10,-115.142395,36.142128
17373,2,-115.23995,36.14467
17374,2,-115.20764,36.10508
17375,2,-115.1613,36.138298
17376,2,-115.17205,36.11012
17377,10,-115.21057,36.126152
17378,10,-115.20888,36.09506
17379,10,-115.27962,36.054382
17380,10,-115.063515,36.165894
17381,10,-115.29828,36.10132
17382,2,-115.173874,36.10978
17383,10,-115.155594,36.11496
17384,10,-115.17324,36.109814
17385,10,-115.14471,36.17297
17386,10,-115.18507,36.102978
17387,4780,-115.29321,36.084576
17388,2,-115.2067,36.110413
17389,10,-115.17869,36.06815
17390,10,-115.119385,36.100418
17391,2,-115.17618,36.115856
17392,2,-115.16904,36.124878
17393,10,-115.29747,36.059624
17394,10,-115.15342,36.01457
17395,4781,-115.15126,36.1089
17396,2,-115.197014,36.12641
17397,2,-115.16591,36.127686
17398,2,-115.20888,36.09506
17399,2,-115.1613,36.138298
17400,10,-115.24179,36.11222
17401,4782,-115.277405,36.05442
17402,10,-115.24239,36.0542
17403,10,-115.18331,36.041283
17404,10,-115.204056,36.12628
17405,10,-115.26048,36.17591
17406,2,-115.16242,36.131897
17407,10,-115.243996,36.1615
17408,10,-115.27961,36.125526
17409,38,-115.16818,36.117462
17410,10,-115.200645,36.115417
17411,10,-115.155594,36.11496
17412,10,-115.20643,36.124985
17413,10,-115.20995,36.12662
17414,4783,-115.29823,36.095207
17415,4784,-115.29827,36.101395
17416,10,-115.20568,36.158234
17417,10,-115.19287,36.126762
17418,10,-115.28672,36.167316
17419,10,-115.26749,36.02092
17420,10,-115.17234,36.110107
17421,2,-115.18163,36.075855
17422,10,-115.138435,36.167526
17423,10,-115.13916,36.085407
17424,2,-115.17669,36.117455
17425,4785,-115.28963,36.16418
17426,2,-115.16931,36.102528
17427,2,-115.17422,36.109562
17428,10,-115.15078,36.238735
17429,2,-115.176674,36.090755
17430,10,-115.05508,36.01792
17431,2,-115.17028,36.12433
17432,2,-115.29151,36.160225
17433,2,-115.17575,36.108307
17434,2,-115.173996,36.01219
17435,2,-115.13609,36.01191
17436,2,-115.16573,36.126507
17437,2,-115.167015,36.126884
17438,2,-115.177,36.11199
17439,2,-115.292,36.156925
17440,2,-115.17234,36.110107
17441,2,-115.19791,36.125908
17442,2,-111.9307,33.493748
17443,10,-115.20955,36.12644
17444,10,-115.28994,36.16387
17445,2,-111.925896,33.5025
17446,2,-115.173515,36.103
17447,4786,-115.14289,36.143345
17448,10,-115.17259,36.112953
17449,2,-115.20663,36.27714
17450,10,-115.21327,36.12656
17451,2,-115.19695,36.126366
17452,2,-115.16296,36.12714
17453,2,-115.186485,36.1187
17454,2,-115.17022,36.11236
17455,10,-115.19177,36.12637
17456,2,-115.17459,36.112022
17457,2,-115.14085,36.170055
17458,2,-115.138466,36.14267
17459,2,-115.177,36.11199
17460,2,-115.1725,36.110065
17461,2,-115.21921,36.126545
17462,2,-115.30234,36.100346
17463,10,-115.17332,36.11567
17464,2,-115.17413,36.109634
17465,2,-115.16997,36.11293
17466,2,-115.1725,36.127174
17467,2,-115.14471,36.17297
17468,10,-115.261665,36.107723
17469,2,-115.14259,36.142487
17470,10,-115.20685,36.11581
17471,2,-115.16801,35.965363
17472,2,-115.16923,36.121773
17473,2,-115.17011,36.12751
17474,10,-115.23995,36.14467
17475,10,-115.11888,36.028095
17476,2,-115.1752,36.091843
17477,4787,-115.29072,36.16293
17478,10,-115.2492,36.19677
17479,2,-115.20142,36.12633
17480,10,-115.24136,36.0845
17481,2,-115.29794,36.106503
17482,2,-115.20964,36.12702
17483,2,-115.17618,36.115856
17484,2,-115.17462,36.142902
17485,2,-115.19777,36.126934
17486,2,-115.20741,36.123623
17487,2,-112.12086,33.576492
17488,0,-115.19397,36.12618
17489,2,-115.17106,36.12008
17490,10,-115.33337,36.152176
17491,2,-115.17493,36.10478
17492,2,-115.17106,36.12008
17493,2,-115.14631,36.164467
17494,2,-115.17028,36.12229
17495,2,-73.596985,45.518787
17496,2,-115.17011,36.12751
17497,2,-115.10161,35.987434
17498,4788,-115.30971,36.11463
17499,2,-115.15448,36.11884
17500,10,-115.17751,36.117035
17501,2,-115.21232,36.12605
17502,2,-115.1752,36.091843
17503,10,-115.25734,36.195675
17504,2,-115.17483,36.13367
17505,2,-115.16559,36.12689
17506,10,-115.163124,36.133614
17507,2,-115.18961,36.125954
17508,10,-115.207146,36.07245
17509,10,-115.28715,36.27809
17510,10,-115.13641,36.142178
17511,10,-115.16901,35.965446
17512,4789,-115.19791,36.125908
17513,10,-115.241455,36.12706
17514,10,-115.140305,36.168964
17515,2,-115.28644,36.15855
17516,10,-115.11599,36.027836
17517,10,-115.19408,36.12642
17518,10,-115.242485,36.146217
17519,2,-115.197075,36.12586
17520,2,-115.17259,36.112953
17521,2,-115.19397,36.12618
17522,10,-115.14027,36.171307
17523,2,-115.16559,36.12689
17524,10,-115.13962,36.170086
17525,2,-115.186485,36.1187
17526,2,-115.17725,36.119125
17527,2,-115.110344,36.002796
17528,2,-115.17234,36.110107
17529,10,-115.24314,36.083588
17530,2,-115.172714,36.118225
17531,2,-115.140854,36.130314
17532,2,-115.173874,36.10978
17533,10,-115.17501,36.117245
17534,2,-115.17618,36.115856
17535,10,-115.17229,36.115147
17536,2,-115.17462,36.1098
17537,10,-115.177864,36.06759
17538,2,-115.174644,36.109913
17539,2,-115.1696,36.121452
17540,2,-115.19528,36.11444
17541,2,-115.176346,36.117317
17542,2,-115.15112,36.086338
17543,2,-115.16592,36.127518
17544,2,-115.24288,36.072594
17545,4790,-115.30272,36.144875
17546,2,-115.15078,36.238735
17547,2,-115.146866,36.14323
17548,2,-115.174355,36.109806
17549,10,-115.142494,36.12942
17550,10,-115.252686,36.207165
17551,10,-115.198,36.127663
17552,10,-115.177536,36.06837
17553,2,-115.15323,36.042797
17554,2,-115.17516,36.109875
17555,2,-115.17262,36.12956
17556,10,-115.10182,35.987423
17557,10,-115.13792,36.168026
17558,2,-115.173706,36.14001
17559,2,-115.17106,36.12008
17560,10,-115.273125,36.06686
17561,2,-115.17577,36.10771
17562,10,-115.33896,36.151318
17563,10,-115.17464,36.1021
17564,2,-112.02814,33.510223
17565,2,-115.17345,36.10306
17566,10,-115.15254,36.151268
17567,10,-115.30226,36.19719
17568,2,-115.19397,36.12618
17569,2,-115.176315,36.109913
17570,2,-115.298294,36.077114
17571,4791,-115.20734,36.088776
17572,2,-115.1752,36.091843
17573,2,-115.17389,36.109882
17574,2,-115.1746,36.116764
17575,2,-115.17419,36.110485
17576,2,-115.17457,36.11622
17577,10,-115.24457,36.158695
17578,2,-115.17012,36.122276
17579,2,-115.17124,36.11788
17580,2,-115.20371,36.12588
17581,2,-115.17322,36.11784
17582,2,-115.16578,36.128788
17583,10,-115.16918,36.10844
17584,10,-115.20722,36.03344
17585,2,-115.22547,36.14299
17586,10,-115.30866,36.11444
17587,2,-115.195984,36.12538
17588,2,-115.176704,36.09028
17589,10,-115.25981,36.068604
17590,2,-115.17704,36.10762
17591,2,-115.16996,36.10984
17592,10,-115.16963,36.117516
17593,2,-115.17601,36.104332
17594,2,-115.18995,36.12553
17595,10,-115.29809,36.14342
17596,4792,-115.243454,36.08235
17597,2,-115.16456,36.131496
17598,2,-115.17516,36.109875
17599,2,-115.21984,36.12607
17600,2,-115.17534,36.11709
17601,2,-115.1952,36.11531
17602,10,-115.11909,36.02112
17603,10,-115.17607,35.952827
17604,2,-115.224075,36.12743
17605,10,-115.09039,36.071842
17606,2,-115.16348,36.113026
17607,2,-115.20371,36.12588
17608,10,-115.20974,36.114937
17609,10,-115.24378,36.087482
17610,2,-115.16084,36.139904
17611,2,-115.17618,36.115856
17612,10,-115.30081,36.14653
17613,2,-115.17618,36.115856
17614,2,-115.18986,36.125668
17615,4793,-115.20754,36.126827
17616,10,-115.19777,36.126934
17617,10,-115.03619,36.062096
17618,2,-115.24239,36.0542
17619,2,-115.19447,36.126015
17620,10,-115.25078,36.064754
17621,2,-115.17618,36.115856
17622,10,-115.06262,36.02959
17623,10,-115.242714,36.036674
17624,2,-115.1676,36.103294
17625,2,-115.17196,36.120907
17626,10,-115.33322,36.161266
17627,10,-115.2068,35.99513
17628,10,-115.23303,36.15962
17629,2,-115.29823,36.095207
17630,10,-115.22406,36.12772
17631,10,-115.19822,36.12595
17632,10,-115.13578,36.12074
17633,2,-115.20643,36.124985
17634,10,-115.17818,36.10713
17635,2,-115.17578,36.109585
17636,2,-112.05359,33.49485
17637,2,-115.12255,36.012333
17638,4794,-115.17086,36.10993
17639,10,-115.239815,36.247677
17640,10,-115.1804,36.293068
17641,10,-115.14069,36.169037
17642,2,-115.19203,36.126144
17643,4795,-115.14259,36.142487
17644,2,-115.19397,36.12618
17645,10,-115.24428,36.173233
17646,2,-115.17345,36.10306
17647,10,-115.207085,36.159557
17648,2,-115.1563,36.142338
17649,10,-115.14253,36.169502
17650,0,-115.17737,36.107616
17651,4448,-115.19075,36.069
17652,10,-115.25156,36.14358
17653,4796,-115.3352,36.15803
17654,10,-115.22487,36.06982
17655,10,-115.14064,36.167877
17656,10,-112.02849,33.510426
17657,2,-115.157875,36.142757
17658,2,-115.17669,36.117455
17659,10,-115.2811,36.114468
17660,10,-115.243866,36.086548
17661,10,-115.15123,36.162724
17662,2,-115.16559,36.12689
17663,2,-115.17516,36.109875
17664,10,-115.167694,36.103054
17665,10,-115.16961,36.121452
17666,10,-115.19397,36.12618
17667,10,-115.226,36.05534
17668,2,-115.17516,36.109875
17669,10,-115.11779,36.013794
17670,2,-115.19478,36.125835
17671,2,-111.99434,33.43419
17672,10,-115.293,36.160576
17673,10,-115.18085,36.292507
17674,2,-115.167015,36.126884
17675,2,-115.167,36.12617
17676,2,-115.17106,36.11242
17677,10,-115.101204,35.99359
17678,2,-112.04788,33.525127
17679,10,-115.17119,36.11476
17680,2,-115.2811,36.114468
17681,10,-115.180664,36.291985
17682,4797,-115.28973,36.1641
17683,10,-115.17712,36.13198
17684,10,-115.07656,36.071907
17685,2,-115.04282,36.067123
17686,10,-115.19373,36.114956
17687,2,-115.16907,36.124435
17688,10,-115.11952,36.01592
17689,2,-115.17106,36.11242
17690,10,-115.29653,36.09671
17691,2,-80.8191,35.212875
17692,10,-115.21327,36.12656
17693,2,-115.136406,36.106606
17694,2,-115.146866,36.14323
17695,10,-115.22589,36.098877
17696,4798,-115.2503,36.26133
17697,10,-115.15568,36.14763
17698,4799,-115.22455,36.238483
17699,10,-115.2135,36.12623
17700,10,-115.15427,36.1187
17701,10,-115.17613,36.092182
17702,4437,-115.286644,36.277836
17703,4800,-114.96489,36.026684
17704,10,-115.174355,36.109806
17705,4801,-115.25922,36.265022
17706,10,-115.24314,36.083588
17707,2,-115.174355,36.109806
17708,2,-115.17534,36.11709
17709,4802,-115.17196,36.120907
17710,10,-115.22481,36.12775
17711,10,-115.134346,36.10037
17712,2,-115.16963,36.117516
17713,10,-115.224075,36.12743
17714,10,-115.138504,36.117256
17715,2,-115.1684,36.124554
17716,10,-115.13609,36.01191
17717,2,-115.17516,36.109875
17718,10,-115.1779,36.11717
17719,4803,-115.09039,36.071842
17720,10,-115.23303,36.15962
17721,10,-115.2053,36.12517
17722,10,-115.2782,36.108463
17723,10,-115.24239,36.0542
17724,4804,-115.17505,36.098984
17725,4805,-115.27867,36.110104
17726,10,-115.27307,36.103046
17727,4806,-115.209785,36.117493
17728,4807,-115.20207,36.090256
17729,10,-115.24185,36.043034
17730,2,-115.14289,36.143345
17731,2,-115.173874,36.10978
17732,10,-115.151855,36.12124
17733,10,-115.14157,36.1716
17734,10,-115.2433,36.07272
17735,10,-115.31481,36.121902
17736,10,-115.245514,36.1714
17737,10,-115.17712,36.13198
17738,10,-115.293,36.160576
17739,10,-115.14096,36.16953
17740,4808,-115.2069,36.07251
17741,10,-115.29776,36.097992
17742,10,-115.18299,36.146267
17743,10,-115.16379,36.13299
17744,10,-115.175804,36.09531
17745,2,-115.18918,36.117443
17746,10,-115.17063,36.12298
17747,10,-115.19166,36.13237
17748,10,-115.141846,36.17241
17749,10,-115.17047,36.11775
17750,2,-115.19397,36.12618
17751,10,-115.25093,36.055206
17752,2,-115.13894,36.16672
17753,2,-115.16788,36.099346
17754,10,-115.137085,36.106686
17755,10,-115.22456,36.128075
17756,4809,-115.29857,36.07719
17757,4810,-115.13987,36.168903
17758,2,-115.17086,36.10993
17759,10,-115.17849,36.10924
17760,10,-115.278114,36.042046
17761,10,-115.17618,36.115856
17762,10,-115.169754,36.102917
17763,2,-115.16427,36.059887
17764,4811,-115.17484,36.102894
17765,4812,-115.28963,36.16418
17766,10,-115.209785,36.117493
17767,10,-115.2424,36.098923
17768,2,-115.04282,36.067123
17769,10,-115.24283,36.249153
17770,10,-115.2682,36.207485
17771,2,-115.17641,36.11316
17772,10,-115.20651,35.999195
17773,10,-115.332,36.151814
17774,10,-115.27962,36.053238
17775,10,-115.17243,36.119926
17776,2,-115.17406,36.107925
17777,10,-115.1912,36.126503
17778,2,-115.174416,36.1097
17779,10,-115.173515,36.103
17780,4813,-115.19397,36.12618
17781,10,-115.14683,36.172176
17782,4814,-115.17481,36.10987
17783,2,-115.16847,36.124283
17784,10,-115.21728,36.143658
17785,4815,-115.301636,36.112377
17786,2,-115.17167,36.11025
17787,2,-115.17712,36.13198
17788,4816,-115.17516,36.109875
17789,10,-115.2685,36.142845
17790,2,-80.97096,35.17005
17791,10,-115.174706,36.01131
17792,2,-115.209656,36.127045
17793,4817,-115.22663,36.143787
17794,4818,-115.17577,36.10771
17795,2,-115.14551,36.12177
17796,10,-115.24186,36.062195
17797,10,-115.17473,36.098732
17798,4819,-115.21156,36.125397
17799,10,-115.17264,36.11758
17800,4820,-115.27307,36.103046
17801,10,-115.13539,36.010048
17802,2,-115.20959,36.12621
17803,10,-115.26182,36.11304
17804,4821,-115.15126,36.1089
17805,10,-115.12081,36.04105
17806,10,-115.23664,36.115025
17807,10,-115.10165,35.995304
17808,10,-115.16266,36.17171
17809,4822,-115.17535,36.070137
17810,10,-115.08266,36.021996
17811,2,-115.15979,36.11516
17812,10,-115.28413,36.30063
17813,4823,-115.20775,36.142937
17814,10,-115.174934,36.065132
17815,10,-115.16269,36.144295
17816,2,-115.15401,36.238834
17817,10,-115.15432,36.12187
17818,10,-115.14741,36.114876
17819,4824,-115.18982,36.143955
17820,10,-115.14059,36.169098
17821,4825,-115.19397,36.12618
17822,10,-115.22581,36.055252
17823,2,-115.30428,36.19106
17824,10,-115.11565,36.169872
17825,10,-115.10041,36.07238
17826,4826,-115.134346,36.10037
17827,4827,-115.1952,36.11531
17828,10,-115.24378,36.087482
17829,10,-115.19397,36.12618
17830,4721,-115.19397,36.12618
17831,4828,-115.27943,36.142227
17832,2,-115.17516,36.109875
17833,4829,-115.13618,36.10516
17834,10,-115.142006,36.17183
17835,2,-115.163124,36.133614
17836,4830,-115.30644,36.114285
17837,10,-115.278725,36.07141
17838,10,-115.17712,36.13198
17839,2,-115.19397,36.12618
17840,4831,-115.11935,36.011665
17841,2,-115.25988,36.203743
17842,10,-115.27853,36.057846
17843,4832,-115.30406,36.193325
17844,10,-115.15098,36.106007
17845,10,-115.19397,36.12618
17846,4456,-115.15427,36.1187
17847,4833,-115.25988,36.203743
17848,10,-115.19203,36.126144
17849,10,-115.0863,36.02131
17850,10,-115.174644,36.109913
17851,4834,-115.15323,36.042797
17852,4835,-115.1741,36.12124
17853,2,-115.19397,36.12618
17854,10,-115.17154,36.048992
17855,2,-115.15198,36.152504
17856,10,-115.20888,36.09506
17857,2,-115.17106,36.12008
17858,2,-115.167755,36.123943
17859,4836,-115.19397,36.12618
17860,10,-115.13792,36.168026
17861,2,-115.28854,36.163086
17862,10,-115.25199,36.063637
17863,4837,-115.19397,36.12618
17864,2,-115.20371,36.12588
17865,10,-115.22501,36.127186
17866,10,-115.17154,36.0512
17867,2,-115.177536,36.06837
17868,10,-115.207535,36.114986
17869,10,-115.22456,36.128075
17870,4838,-115.1912,36.126503
17871,10,-115.17535,36.070137
17872,4839,-115.19336,36.15855
17873,2,-115.19397,36.12618
17874,4840,-115.209656,36.127045
17875,4841,-115.1986,36.038704
17876,2,-115.17141,36.11752
17877,10,-115.314316,36.112083
17878,10,-115.298615,36.115734
17879,10,-115.19094,36.126175
17880,10,-115.06381,36.167458
17881,10,-115.14637,36.124424
17882,10,-115.19397,36.12618
17883,2,-115.1752,36.091843
17884,10,-115.19397,36.12618
17885,10,-115.206116,36.1717
17886,2,-115.19397,36.12618
17887,10,-115.19397,36.12618
17888,10,-115.24127,36.084476
17889,4842,-115.19397,36.12618
17890,4843,-115.206535,36.116776
17891,10,-115.172295,36.127068
17892,10,-115.2072,36.271782
17893,2,-115.19203,36.126144
17894,2,-115.17028,36.12433
17895,4844,-115.298615,36.115734
17896,4845,-115.201775,36.126526
17897,4846,-115.27777,36.130028
17898,10,-115.24536,36.161877
17899,2,-115.17457,36.11622
17900,4847,-115.11622,36.042686
17901,10,-115.27846,36.134956
17902,10,-115.17875,36.284214
17903,10,-115.19389,36.13063
17904,2,-115.151634,36.153503
17905,4848,-115.15112,36.086338
17906,10,-115.26378,36.0842
17907,10,-115.209915,36.126427
17908,10,-115.28129,36.055817
17909,10,-115.29801,36.125645
17910,10,-115.24721,36.04437
17911,10,-111.97698,33.34888
17912,10,-115.24293,36.071194
17913,2,-115.143524,36.170765
17914,10,-115.27839,36.058018
17915,10,-115.29857,36.07719
17916,10,-115.26279,36.157238
17917,10,-115.13506,36.100624
17918,4849,-115.293,36.160576
17919,10,-115.21391,36.12671
17920,4850,-115.17283,36.132774
17921,10,-115.11793,36.018227
17922,10,-115.11997,36.01099
17923,10,-115.20899,36.09942
17924,10,-115.22456,36.128075
17925,10,-115.24271,36.219223
17926,10,-115.280266,36.14286
17927,10,-115.22577,36.101196
17928,2,-115.143524,36.170765
17929,10,-115.241356,36.11492
17930,10,-115.096375,36.23609
17931,4851,-115.25647,36.26279
17932,10,-115.23272,36.159634
17933,2,-115.17712,36.13198
17934,10,-115.14393,36.170383
17935,2,-111.99831,33.436054
17936,2,-115.17253,36.112015
17937,2,-115.17406,36.107925
17938,2,-115.174644,36.109913
17939,2,-115.17618,36.115856
17940,2,-115.174355,36.092293
17941,10,-115.13573,36.118217
17942,2,-115.17245,36.10503
17943,10,-115.17611,36.067753
17944,2,-115.16591,36.127495
17945,2,-115.22429,36.122986
17946,2,-115.16578,36.128788
17947,2,-115.17406,36.107925
17948,2,-115.17503,36.143192
17949,10,-115.205574,36.150757
17950,10,-115.243385,36.06256
17951,4852,-115.15396,36.157898
17952,10,-115.31169,36.14568
17953,10,-115.298294,36.077114
17954,10,-115.24535,36.162655
17955,10,-115.17153,36.054417
17956,10,-115.30409,36.19329
17957,10,-115.27432,36.144367
17958,10,-115.273575,36.275772
17959,10,-115.20728,36.15881
17960,10,-115.244255,36.145123
17961,10,-115.17141,36.099007
17962,10,-115.15924,36.162983
17963,10,-115.25892,36.195686
17964,4853,-115.13573,36.118217
17965,10,-115.27217,36.057384
17966,10,-115.278625,36.110703
17967,2,-115.172195,36.119576
17968,10,-115.048035,36.023315
17969,10,-115.206116,36.1717
17970,10,-115.29874,36.06994
17971,4854,-115.25687,36.26381
17972,10,-115.24193,36.143177
17973,10,-115.24046,36.114086
17974,10,-115.19139,36.131706
17975,10,-115.30971,36.11463
17976,2,-115.15777,36.154083
17977,10,-115.138504,36.117256
17978,4855,-115.13463,36.161926
17979,10,-115.33439,36.156796
17980,10,-115.175285,36.06618
17981,10,-115.197685,36.125946
17982,4856,-115.15818,36.16374
17983,10,-115.184265,36.143974
17984,10,-115.17425,36.102516
17985,10,-115.1978,36.1269
17986,10,-115.225,36.069855
17987,10,-115.24373,36.08461
17988,10,-115.22492,36.048195
17989,10,-115.28559,36.16719
17990,2,-115.15389,36.11355
17991,4857,-115.18095,36.292473
17992,10,-115.17504,36.144676
17993,10,-115.19577,36.10505
17994,10,-115.19822,36.12595
17995,10,-115.242714,36.036674
17996,10,-115.27777,36.130028
17997,10,-115.20886,36.122192
17998,10,-115.1779,36.11717
17999,10,-115.175285,36.06618
18000,10,-115.270966,36.019173
18001,10,-115.21987,36.125305
18002,10,-115.143524,36.170765
18003,4858,-80.85876,35.211227
18004,10,-115.20743,36.163544
18005,10,-115.209656,36.127045
18006,0,-115.152214,36.238003
18007,2,-115.21632,36.143684
18008,4859,-115.30871,36.114124
18009,10,-115.19761,36.14399
18010,10,-115.289116,36.158028
18011,4860,-115.192665,36.11576
18012,4861,-115.291214,36.168724
18013,4862,-115.09903,36.072247
18014,10,-115.124794,36.220394
18015,10,-115.188286,36.145744
18016,10,-115.298325,36.112583
18017,4863,-115.174225,36.106884
18018,4864,-115.305954,36.112957
18019,10,-115.23108,36.143196
18020,10,-115.16875,36.11044
18021,10,-115.27994,36.127228
18022,4865,-115.29792,36.11212
18023,2,-115.17362,36.10557
18024,10,-115.16792,36.11547
18025,10,-115.29302,36.157192
18026,4866,-115.157875,36.142757
18027,2,-80.81488,35.22101
18028,4867,-115.15979,36.11516
18029,10,-115.28576,36.15842
18030,10,-115.33387,36.152832
18031,10,-115.12194,36.239635
18032,10,-115.13821,36.167797
18033,10,-115.2431,36.124302
18034,10,-115.332825,36.14505
18035,2,-115.17647,36.14513
18036,10,-115.206345,35.994972
18037,10,-115.046814,36.056797
18038,10,-115.02564,36.050434
18039,4868,-115.153595,36.011986
18040,10,-115.17644,36.116367
18041,10,-115.33268,36.14496
18042,2,-73.59317,45.52248
18043,2,-115.17086,36.10993
18044,2,-115.20643,36.124985
18045,4869,-115.1976,36.125965
18046,2,-115.17368,36.12316
18047,2,-115.17253,36.112015
18048,2,-115.16997,36.11293
18049,2,-115.15271,36.108807
18050,2,-115.20247,36.144047
18051,10,-115.20888,36.09506
18052,10,-115.30081,36.14653
18053,2,-115.176025,36.10461
18054,2,-115.1726,36.112434
18055,2,-115.17618,36.115856
18056,2,-115.17601,36.104332
18057,2,-115.138504,36.117256
18058,2,-115.17253,36.112015
18059,10,-115.06269,36.011925
18060,10,-115.29158,36.158367
18061,10,-115.29823,36.095207
18062,2,-115.21002,36.126923
18063,4870,-115.16449,36.193768
18064,2,-115.17544,36.09935
18065,10,-115.20114,36.14425
18066,10,-115.22547,36.14299
18067,2,-115.166954,36.106236
18068,10,-115.188286,36.145744
18069,2,-115.166954,36.106236
18070,4871,-115.21869,36.15956
18071,10,-115.07656,36.071907
18072,10,-115.170975,36.114277
18073,10,-115.24508,36.159706
18074,10,-115.27994,36.127228
18075,10,-115.289116,36.158028
18076,2,-115.18986,36.125668
18077,10,-115.13714,36.010777
18078,10,-115.258965,36.180824
18079,2,-115.17262,36.12956
18080,10,-115.29987,36.147263
18081,10,-115.08811,36.11655
18082,10,-115.25494,36.195427
18083,2,-115.08384,36.022102
18084,2,-115.2053,36.12517
18085,2,-73.57688,45.479656
18086,2,-115.17516,36.109875
18087,4872,-115.308624,36.11392
18088,10,-115.191826,36.144268
18089,10,-115.248405,36.124184
18090,2,-115.1726,36.118793
18091,2,-115.175026,36.121967
18092,4873,-115.17582,36.11773
18093,10,-115.13617,36.011944
18094,10,-115.11735,36.10072
18095,10,-115.17797,36.067535
18096,4874,-115.17618,36.115856
18097,10,-115.22412,36.127884
18098,10,-115.27553,36.129856
18099,10,-115.243546,36.04771
18100,10,-115.15458,36.119186
18101,2,-115.20762,36.125244
18102,4875,-115.22481,36.12775
18103,10,-115.21327,36.12656
18104,4876,-115.17624,36.092644
18105,10,-115.135925,36.11814
18106,2,-115.22432,36.127754
18107,10,-115.14027,36.171307
18108,10,-115.25093,36.055206
18109,2,-115.16559,36.12689
18110,2,-115.20942,36.12682
18111,10,-115.17141,36.034245
18112,2,-115.08516,36.13109
18113,10,-115.28559,36.16719
18114,10,-115.17641,36.11316
18115,2,-115.17457,36.127308
18116,2,-115.18163,36.075855
18117,2,-115.17028,36.12229
18118,2,-115.16876,36.12438
18119,10,-115.23581,36.24242
18120,2,-115.08266,36.15512
18121,10,-115.333084,36.15087
18122,4877,-115.11047,36.002903
18123,2,-115.17277,36.082066
18124,10,-115.20995,36.12662
18125,10,-115.17618,36.115856
18126,10,-115.297585,36.09778
18127,10,-115.22466,36.127693
18128,2,-115.17089,36.114025
18129,2,-115.242905,36.152386
18130,10,-115.10041,36.07238
18131,2,-115.20643,36.124985
18132,4878,-115.2435,36.08808
18133,10,-115.17264,36.11758
18134,10,-115.24239,36.0542
18135,4879,-115.16997,36.11293
18136,2,-115.19283,36.144253
18137,10,-115.11932,36.011078
18138,2,-115.21327,36.12656
18139,2,-115.168106,36.103798
18140,4880,-115.15126,36.10913
18141,10,-115.22432,36.127754
18142,10,-115.117836,36.028442
18143,10,-115.17217,36.108135
18144,10,-115.267365,36.270584
18145,2,-115.15323,36.042797
18146,10,-115.27785,36.135544
18147,10,-115.19189,36.126472
18148,10,-115.04282,36.067123
18149,10,-115.296776,36.09508
18150,10,-115.27994,36.127228
18151,2,-115.139786,36.114964
18152,10,-115.22422,36.12766
18153,10,-115.280426,36.056282
18154,10,-115.20643,36.124985
18155,10,-115.17637,36.06801
18156,10,-115.15349,36.11522
18157,10,-115.25912,36.219067
18158,10,-115.16788,36.099346
18159,4881,-115.24818,36.195312
18160,2,-115.209656,36.127045
18161,10,-115.24359,36.152584
18162,10,-115.09935,36.100647
18163,2,-115.22422,36.12766
18164,4882,-115.15126,36.1089
18165,10,-115.20279,36.158993
18166,10,-115.20643,36.124985
18167,4883,-115.218285,36.126507
18168,10,-115.26186,36.11331
18169,4884,-115.29634,36.07794
18170,10,-115.17647,36.14513
18171,10,-115.16818,36.117462
18172,4885,-115.13648,36.01165
18173,4886,-115.20847,36.033684
18174,2,-115.241516,36.064106
18175,4887,-115.22412,36.127884
18176,4665,-115.21327,36.12656
18177,2,-115.16962,36.121437
18178,2,-115.24882,36.195763
18179,10,-115.174194,36.011425
18180,10,-115.22555,36.101685
18181,10,-115.13441,36.166664
18182,10,-115.25231,36.063236
18183,10,-115.254234,36.273678
18184,2,-115.17459,36.112022
18185,2,-115.155174,36.1447
18186,2,-115.1873,36.11812
18187,2,-115.15152,36.10749
18188,10,-115.194405,36.1442
18189,4888,-115.188644,36.126087
18190,10,-115.22555,36.101685
18191,10,-115.29448,36.11463
18192,10,-115.28206,36.302727
18193,10,-115.21984,36.12607
18194,17,-80.76364,35.29284
18195,2,-115.21351,36.12623
18196,4889,-115.22343,36.115295
18197,10,-115.28931,36.164562
18198,10,-115.17618,36.115856
18199,2,-115.19831,36.12634
18200,10,-115.30797,36.11343
18201,10,-115.224075,36.12743
18202,10,-115.146866,36.14323
18203,2,-115.14259,36.142487
18204,10,-115.22431,36.049065
18205,10,-115.30081,36.14653
18206,10,-115.1396,36.169117
18207,10,-115.183846,36.0417
18208,10,-115.135,36.1155
18209,10,-115.182556,36.261932
18210,10,-115.29939,36.145184
18211,10,-115.17011,36.12751
18212,10,-115.1457,36.144318
18213,4890,-115.20142,36.12633
18214,10,-115.173904,36.110092
18215,10,-115.209915,36.126427
18216,4891,-115.24374,36.047146
18217,2,-115.16901,35.965446
18218,10,-115.20714,36.034924
18219,10,-115.185875,36.126682
18220,10,-115.24219,36.054207
18221,10,-115.24371,36.05824
18222,4892,-115.25085,36.062187
18223,10,-115.198975,36.130802
18224,4893,-115.209236,36.10027
18225,4894,-115.240944,36.126812
18226,10,-115.29815,36.10169
18227,10,-115.13576,36.118237
18228,10,-115.25219,36.195995
18229,10,-115.32144,36.160416
18230,10,-115.2435,36.072044
18231,10,-115.27553,36.129856
18232,10,-115.28703,36.166676
18233,10,-115.116776,36.020107
18234,10,-111.68464,33.395008
18235,10,-115.20959,36.12621
18236,10,-115.22522,36.127533
18237,10,-115.20964,36.12702
18238,10,-115.17258,36.117775
18239,10,-115.136406,36.106606
18240,10,-115.27989,36.124878
18241,10,-115.11952,36.01592
18242,10,-115.25025,36.158573
18243,10,-115.27839,36.058018
18244,10,-115.200645,36.115417
18245,10,-115.11869,36.01635
18246,10,-115.24269,36.04463
18247,4895,-115.284256,36.13842
18248,10,-115.2053,36.12517
18249,10,-115.23124,36.237267
18250,2,-115.297585,36.09778
18251,10,-115.244156,36.047306
18252,10,-115.20685,36.11581
18253,10,-115.19203,36.126144
18254,10,-115.332,36.151814
18255,10,-115.209656,36.127045
18256,10,-115.139854,36.145847
18257,10,-115.24364,36.10032
18258,10,-115.28257,36.198036
18259,10,-115.25093,36.055206
18260,10,-115.100845,35.993855
18261,4896,-115.225296,36.126614
18262,10,-115.03997,36.040295
18263,10,-115.15126,36.1089
18264,10,-115.176735,36.136032
18265,10,-115.23027,36.159695
18266,4897,-115.250565,36.14357
18267,10,-115.259735,36.19451
18268,10,-115.138504,36.117256
18269,2,-115.16876,36.12438
18270,10,-115.19242,36.12601
18271,10,-115.14085,36.170055
18272,2,-115.17086,36.10993
18273,4898,-115.19233,36.12587
18274,10,-115.17869,36.06815
18275,4899,-115.26148,36.113655
18276,10,-115.20764,36.10508
18277,2,-115.24079,36.19914
18278,10,-115.206406,35.998116
18279,10,-115.17647,36.14513
18280,4900,-115.201775,36.126526
18281,10,-115.155594,36.11496
18282,10,-115.14252,36.142284
18283,10,-115.262115,36.196945
18284,10,-115.21327,36.12656
18285,4901,-115.332,36.151814
18286,10,-115.17484,36.102894
18287,10,-115.22625,36.086525
18288,4902,-115.19287,36.126762
18289,2,-115.19993,36.11499
18290,10,-115.32508,36.124886
18291,10,-115.15585,36.259933
18292,10,-115.289375,36.163605
18293,4903,-115.10386,35.998825
18294,4904,-115.04155,36.063816
18295,4905,-115.17462,36.067844
18296,4906,-115.17795,36.069214
18297,2,-114.98343,36.031956
18298,10,-115.134346,36.10037
18299,10,-115.127,36.100117
18300,4907,-115.19845,36.158646
18301,4908,-115.2439,36.160797
18302,10,-115.22581,36.055252
18303,10,-115.15427,36.1187
18304,4909,-115.2757,36.14452
18305,10,-115.20379,36.156246
18306,2,-115.167,36.12617
18307,10,-115.27777,36.130028
18308,2,-115.17462,36.142902
18309,10,-115.157875,36.142757
18310,10,-115.27777,36.130028
18311,10,-115.13609,36.116165
18312,10,-115.13962,36.170086
18313,10,-115.15254,36.151268
18314,10,-115.332954,36.163654
18315,10,-115.2256,36.14364
18316,10,-115.17815,36.06713
18317,4910,-115.257416,36.142918
18318,4911,-112.151276,33.48189
18319,10,-115.2068,35.99513
18320,10,-115.20422,36.126564
18321,10,-115.17144,36.05287
18322,2,-115.20636,36.149452
18323,2,-115.17283,36.132774
18324,10,-115.14451,36.17035
18325,2,-115.19791,36.125908
18326,4912,-115.25093,36.055206
18327,4913,-115.14551,36.12177
18328,10,-115.27777,36.130028
18329,2,-115.10165,35.995304
18330,10,-115.17481,36.10987
18331,4914,-115.245514,36.1714
18332,10,-115.2983,36.147083
18333,10,-115.20974,36.114937
18334,10,-115.17669,36.117455
18335,4915,-115.24367,36.084496
18336,4916,-115.29998,36.147152
18337,4917,-115.118256,36.054462
18338,2,-115.24371,36.05824
18339,4918,-115.33322,36.161266
18340,10,-115.19283,36.144253
18341,4919,-115.13894,36.16672
18342,10,-115.24562,36.1436
18343,10,-115.25093,36.055206
18344,10,-115.20207,36.090256
18345,10,-115.26182,36.11304
18346,2,-115.17516,36.091866
18347,4920,-115.25988,36.203743
18348,10,-115.04282,36.067123
18349,4921,-115.29794,36.106503
18350,4922,-115.08397,36.006344
18351,10,-115.2431,36.124302
18352,4923,-115.16801,35.965363
18353,4924,-115.168846,36.122505
18354,10,-115.14277,36.16997
18355,10,-115.093315,36.005344
18356,10,-115.173874,36.109753
18357,10,-115.15662,36.14225
18358,10,-115.27994,36.122913
18359,10,-115.174416,36.1097
18360,10,-115.28613,36.15764
18361,10,-115.20651,35.999195
18362,10,-115.27994,36.127228
18363,2,-115.04091,36.06197
18364,10,-115.13615,36.013145
18365,10,-115.20899,36.09942
18366,4925,-115.22581,36.055252
18367,10,-115.279465,36.21045
18368,10,-115.14294,36.16929
18369,10,-115.116776,36.020107
18370,2,-115.25736,36.19518
18371,2,-115.15387,36.110085
18372,10,-115.138504,36.117256
18373,4926,-115.17496,36.121323
18374,10,-115.28703,36.166676
18375,4927,-115.1873,36.11812
18376,10,-115.24157,36.144634
18377,10,-115.20705,36.096886
18378,4928,-115.22482,36.14874
18379,10,-115.18908,36.07802
18380,4448,-115.18908,36.07802
18381,2,-115.17234,36.110107
18382,2,-115.20942,36.12682
18383,10,-115.1912,36.039337
18384,10,-115.20523,36.1256
18385,10,-115.20635,35.995155
18386,2,-115.17613,36.107327
18387,10,-115.1445,36.16321
18388,10,-115.20523,36.1256
18389,10,-115.152016,36.163563
18390,10,-115.33544,36.16104
18391,2,-115.174614,36.130066
18392,4929,-115.155556,36.14742
18393,10,-115.174644,36.109913
18394,2,-115.075806,36.1242
18395,10,-115.20741,36.123623
18396,10,-115.15689,36.113342
18397,10,-115.306274,36.115807
18398,4930,-115.152016,36.163563
18399,10,-115.20899,36.09942
18400,2,-115.13278,36.11422
18401,10,-115.07877,36.24086
18402,10,-115.09037,36.02096
18403,10,-115.33317,36.15002
18404,10,-115.27856,36.058853
18405,2,-115.22406,36.12772
18406,4931,-115.22625,36.086525
18407,4932,-115.20888,36.09506
18408,10,-115.1726,36.101814
18409,10,-115.18949,36.10455
18410,10,-115.18211,36.144463
18411,10,-115.15123,36.162724
18412,10,-115.175385,36.093647
18413,4933,-115.1912,36.126503
18414,10,-115.273964,36.1448
18415,10,-115.117096,36.016495
18416,10,-115.332,36.151814
18417,2,-115.21149,36.126072
18418,2,-115.278175,36.041817
18419,2,-111.92656,33.485966
18420,2,-115.27923,36.05208
18421,2,-115.174515,36.121548
18422,10,-115.17306,36.091965
18423,10,-115.19861,36.0394
18424,2,-115.17199,36.12483
18425,2,-115.27897,36.1599
18426,2,-115.17086,36.10993
18427,10,-115.17279,36.11766
18428,4934,-115.159805,36.113083
18429,2,-115.17669,36.117455
18430,10,-115.24362,36.049652
18431,10,-115.24359,36.045593
18432,2,-111.87599,33.41335
18433,2,-115.17124,36.11788
18434,2,-115.17033,36.12362
18435,10,-115.209816,36.14866
18436,4935,-115.15126,36.1089
18437,10,-115.14064,36.167877
18438,2,-115.20974,36.114937
18439,10,-115.26186,36.11331
18440,2,-115.17618,36.115856
18441,2,-115.24996,36.12515
18442,10,-115.173515,36.103
18443,10,-115.19822,36.12595
18444,10,-115.144745,36.17295
18445,10,-115.11703,36.02034
18446,10,-115.24721,36.04437
18447,10,-115.17389,36.109882
18448,10,-115.13513,36.142536
18449,2,-115.17196,36.120907
18450,10,-115.242485,36.146217
18451,4936,-115.31454,36.10593
18452,10,-115.29646,36.101376
18453,2,-115.11735,36.10072
18454,10,-115.01837,36.04717
18455,10,-115.19482,36.114483
18456,10,-115.302826,36.14494
18457,4937,-115.22227,36.099506
18458,2,-115.14252,36.142284
18459,2,-115.112,36.10026
18460,2,-111.856606,33.39399
18461,10,-115.19861,36.0394
18462,10,-115.17158,36.05367
18463,10,-115.19094,36.126175
18464,10,-115.04282,36.067123
18465,10,-115.14442,36.10476
18466,10,-115.20935,36.14297
18467,2,-115.16908,36.123558
18468,10,-115.20764,36.10508
18469,10,-115.24536,36.16115
18470,10,-115.26279,36.157238
18471,4938,-115.33295,36.146164
18472,10,-115.14564,36.172935
18473,4939,-115.29822,36.09571
18474,4940,-115.30644,36.114285
18475,4941,-115.2008,36.114964
18476,10,-115.19242,36.12601
18477,1437,-115.165794,36.15853
18478,10,-115.27463,36.21889
18479,10,-115.06592,36.240154
18480,2,-115.17435,36.113964
18481,10,-115.11698,36.009254
18482,10,-115.27986,36.05459
18483,10,-115.10188,36.10076
18484,4942,-115.177666,36.107014
18485,4943,-115.29794,36.106503
18486,4944,-115.21482,36.1262
18487,4945,-115.24363,36.123173
18488,4946,-115.26918,36.273994
18489,10,-115.13567,36.176983
18490,10,-115.260765,36.266853
18491,4947,-115.25175,36.21913
18492,2,-115.20347,36.27606
18493,4948,-115.14056,36.16785
18494,10,-115.29653,36.102016
18495,10,-115.30121,36.099983
18496,10,-115.27977,36.298897
18497,10,-115.33513,36.15711
18498,10,-115.27553,36.129856
18499,2,-115.24239,36.0542
18500,4949,-115.29868,36.06897
18501,4950,-115.18982,36.143955
18502,10,-115.22625,36.086525
18503,10,-115.298485,36.078434
18504,4951,-115.20567,36.16626
18505,4952,-115.292,36.156925
18506,4909,-115.17111,35.96575
18507,10,-115.20849,36.129417
18508,10,-115.17315,36.10988
18509,10,-115.16935,35.965126
18510,4953,-115.19489,36.126404
18511,10,-115.17425,36.102516
18512,10,-115.20476,36.158623
18513,4954,-115.13714,36.11791
18514,10,-115.132225,36.101387
18515,2,-115.17345,36.10306
18516,10,-115.2796,36.12396
18517,10,-115.170975,36.114277
18518,10,-115.20887,36.094456
18519,10,-115.2085,36.143112
18520,4955,-115.071304,36.071278
18521,10,-115.253624,36.14308
18522,4956,-115.19388,36.144024
18523,10,-115.27994,36.122913
18524,10,-115.249435,36.301983
18525,10,-115.300606,36.145565
18526,10,-115.207306,36.131718
18527,4957,-115.155174,36.1447
18528,4958,-115.119194,36.02536
18529,10,-115.30752,36.08616
18530,10,-115.155594,36.11496
18531,10,-115.05262,36.100742
18532,10,-115.05218,36.0197
18533,2,-115.13838,36.11365
18534,4959,-115.1912,36.126503
18535,4960,-115.14741,36.114876
18536,4961,-115.101585,35.99378
18537,10,-115.155174,36.1447
18538,10,-115.142006,36.17183
18539,4962,-115.16242,36.131897
18540,4963,-115.25827,36.21899
18541,10,-115.14252,36.142284
18542,10,-115.31634,36.218384
18543,10,-115.1404,36.16785
18544,2,-115.172005,36.15967
18545,2,-115.16744,36.127686
18546,10,-115.244095,36.0458
18547,10,-115.13639,36.175
18548,10,-115.207664,36.13174
18549,10,-115.02468,36.070908
18550,2,-115.14568,36.125534
18551,4964,-115.26186,36.11331
18552,4965,-115.2811,36.114468
18553,10,-115.243416,36.191948
18554,2,-115.307526,36.086044
18555,2,-115.20247,36.144047
18556,10,-115.08336,36.022465
18557,10,-115.24407,36.047813
18558,10,-115.17688,36.111946
18559,2,-115.291916,36.15935
18560,2,-115.19831,36.12634
18561,4966,-115.16242,36.131897
18562,10,-115.24322,36.18759
18563,10,-115.2682,36.207485
18564,2,-115.15125,36.136257
18565,2,-115.164345,36.06004
18566,2,-115.15112,36.086338
18567,10,-115.132935,36.16576
18568,10,-115.26186,36.11331
18569,10,-115.332,36.151814
18570,10,-115.1445,36.16321
18571,2,-112.07379,33.435524
18572,10,-115.17815,36.06713
18573,10,-115.17143,36.135014
18574,10,-115.243546,36.064587
18575,10,-115.17663,36.145187
18576,10,-115.207344,36.15485
18577,10,-115.24169,36.064114
18578,2,-115.17278,36.11766
18579,10,-115.33308,36.14901
18580,4967,-115.209816,36.14866
18581,4968,-115.209816,36.14866
18582,10,-115.038345,36.06321
18583,4969,-115.17283,36.132774
18584,4970,-115.23303,36.15962
18585,10,-115.29135,36.07459
18586,10,-115.20886,36.122192
18587,10,-115.19151,36.136303
18588,10,-115.28009,36.298874
18589,10,-115.26133,36.28005
18590,2,-115.25988,36.203743
18591,10,-115.12047,36.026196
18592,10,-115.30428,36.19106
18593,4971,-115.30549,36.190956
18594,10,-115.2059,36.167915
18595,4972,-115.116585,36.18794
18596,4973,-115.254234,36.273678
18597,10,-115.139854,36.145847
18598,10,-115.02823,36.044483
18599,10,-115.14007,36.167534
18600,4974,-115.32508,36.124886
18601,10,-115.24374,36.047146
18602,10,-115.14255,36.142525
18603,2,-115.28109,36.114536
18604,4975,-115.17326,36.127693
18605,2,-115.17179,36.12469
18606,2,-115.179146,36.145535
18607,10,-115.17196,36.120907
18608,4976,-112.23287,33.47082
18609,10,-115.112,36.10026
18610,2,-115.227455,36.10028
18611,10,-115.30428,36.19106
18612,10,-115.2435,36.08808
18613,2,-115.13056,36.10134
18614,4977,-115.334236,36.145416
18615,10,-115.20959,36.12621
18616,10,-115.20482,36.144962
18617,10,-115.17712,36.13198
18618,10,-115.35168,36.159485
18619,10,-115.11687,36.072422
18620,10,-115.119385,36.026558
18621,10,-115.13705,36.106594
18622,10,-115.25988,36.203743
18623,10,-115.195984,36.12538
18624,10,-115.179146,36.145535
18625,10,-115.33267,36.151546
18626,2,-115.14055,36.169167
18627,4978,-115.179146,36.145535
18628,2,-115.201775,36.126526
18629,10,-115.18644,36.1187
18630,2,-115.16841,36.12458
18631,4979,-115.14637,36.124424
18632,10,-115.2435,36.08808
18633,4980,-115.17516,36.091866
18634,10,-115.14479,36.170017
18635,10,-115.1404,36.16785
18636,4981,-115.1726,36.118793
18637,2,-115.17712,36.13198
18638,2,-115.17625,36.092876
18639,2,-115.28703,36.166676
18640,2,-115.15112,36.086338
18641,2,-115.16788,36.099346
18642,2,-115.17503,36.143192
18643,2,-115.17688,36.111946
18644,4982,-115.1702,36.12269
18645,2,-115.16919,36.105984
18646,2,-89.36432,43.083252
18647,10,-115.334816,36.155132
18648,2,-115.16907,36.124435
18649,4983,-115.16296,36.12714
18650,2,-115.15248,36.11378
18651,2,-115.18646,36.11876
18652,2,-115.17503,36.143192
18653,2,-115.145004,36.173058
18654,4984,-111.94741,33.3045
18655,2,-115.1752,36.091843
18656,2,-115.160965,36.09982
18657,2,-115.170364,36.127617
18658,2,-115.15448,36.11884
18659,2,-115.16818,36.117462
18660,10,-115.15706,36.163692
18661,2,-115.16967,36.11949
18662,4985,-115.154015,36.12784
18663,2,-115.17618,36.115856
18664,2,-115.17364,36.121155
18665,10,-115.17106,36.11242
18666,2,-111.90558,33.432926
18667,4986,-115.16813,36.11106
18668,2,-115.17264,36.11758
18669,2,-115.17124,36.11788
18670,2,-115.119644,36.082012
18671,2,-115.17345,36.10306
18672,10,-115.142006,36.17183
18673,2,-115.17503,36.143192
18674,4987,-115.253624,36.14308
18675,2,-115.163155,36.118034
18676,10,-115.14513,36.17488
18677,2,-115.17103,36.099377
18678,4988,-115.24126,36.055508
18679,2,-115.209915,36.126427
18680,4989,-115.16348,36.113026
18681,10,-115.177,36.11199
18682,4990,-115.28066,36.101215
18683,4991,-115.18817,36.110867
18684,4992,-115.175804,36.09531
18685,10,-115.33338,36.145733
18686,4993,-115.15711,36.14422
18687,10,-115.25687,36.26381
18688,4994,-115.17086,36.10993
18689,2,-115.20955,36.12644
18690,2,-115.19791,36.125908
18691,2,-115.17028,36.12229
18692,2,-115.14564,36.172935
18693,2,-89.38087,43.07401
18694,2,-73.572044,45.528114
18695,10,-115.167755,36.123978
18696,2,-115.1741,36.121082
18697,2,-115.173706,36.107292
18698,2,-115.1873,36.11812
18699,2,-115.17234,36.110107
18700,4995,-115.17099,36.114353
18701,10,-115.15323,36.042797
18702,2,-115.176414,36.092564
18703,2,-115.170906,36.103455
18704,2,-115.16899,36.124603
18705,2,-115.174355,36.109806
18706,10,-115.265976,36.198853
18707,2,-115.16296,36.12714
18708,2,-115.17516,36.109875
18709,2,-115.16935,35.965126
18710,2,-115.2991,36.145622
18711,2,-115.17167,36.11025
18712,2,-115.19791,36.125908
18713,2,-115.17299,36.128223
18714,2,-115.17652,36.11303
18715,4996,-115.12269,36.057693
18716,10,-115.241516,36.064106
18717,2,-115.175125,36.11013
18718,2,-115.2983,36.147083
18719,10,-115.134964,36.013805
18720,2,-115.11931,36.01597
18721,2,-115.14289,36.143345
18722,10,-115.17259,36.112953
18723,10,-115.20145,36.114807
18724,4997,-115.27989,36.143597
18725,4998,-115.17688,36.091255
18726,2,-115.17704,36.10762
18727,10,-115.17625,36.092876
18728,2,-115.135,36.1155
18729,2,-115.04548,36.060318
18730,10,-115.20888,36.09506
18731,10,-115.17358,36.1601
18732,2,-115.17028,36.12229
18733,2,-115.17577,36.011356
18734,2,-115.17618,36.115856
18735,4999,-115.242485,36.146217
18736,2,-115.17229,36.115147
18737,2,-115.17496,36.121323
18738,2,-115.1529,36.13159
18739,2,-115.173195,36.10871
18740,2,-115.17625,36.092876
18741,2,-115.180565,36.14486
18742,10,-115.22045,36.099846
18743,2,-115.17345,36.10306
18744,10,-115.17669,36.117455
18745,2,-115.17535,36.070137
18746,2,-115.15155,36.151466
18747,10,-115.22487,36.06982
18748,10,-115.28091,36.143623
18749,2,-115.281105,36.05382
18750,10,-115.209656,36.127045
18751,2,-73.5745,45.52199
18752,10,-115.29459,36.115944
18753,2,-115.17466,36.02949
18754,2,-115.33343,36.155937
18755,2,-115.17156,36.11732
18756,10,-115.19791,36.125908
18757,2,-115.16592,36.127502
18758,2,-115.136215,36.103954
18759,10,-114.992455,36.009563
18760,10,-115.20413,36.0348
18761,10,-115.14998,36.1055
18762,5000,-115.22308,36.125862
18763,5001,-115.17259,36.112953
18764,10,-115.311,36.113472
18765,2,-115.17593,36.068153
18766,5002,-115.19791,36.125908
18767,10,-115.344696,36.169044
18768,2,-115.17556,36.098907
18769,0,-111.92909,33.58254
18770,5003,-115.1763,36.11227
18771,10,-115.117096,36.016495
18772,2,-115.27989,36.12319
18773,10,-115.08588,36.02942
18774,5004,-115.20658,36.17168
18775,2,-115.224075,36.12743
18776,2,-115.17295,36.10156
18777,10,-115.19791,36.125908
18778,2,-115.17618,36.115856
18779,10,-115.189606,36.125645
18780,2,-115.175125,36.11013
18781,2,-115.24177,36.111794
18782,5005,-115.15448,36.11884
18783,10,-115.153595,36.011986
18784,5006,-115.227455,36.10028
18785,10,-115.16636,36.158684
18786,10,-115.278175,36.041817
18787,10,-111.69477,33.416233
18788,2,-115.19203,36.126144
18789,2,-115.16961,36.121452
18790,10,-115.157875,36.142757
18791,5007,-115.17462,36.142902
18792,2,-115.172554,36.111877
18793,2,-115.20955,36.12644
18794,10,-115.200645,36.115417
18795,2,-115.17505,36.098984
18796,10,-115.24818,36.195312
18797,2,-115.209656,36.127045
18798,10,-115.11703,36.02034
18799,10,-115.28471,36.186348
18800,2,-115.15109,36.084923
18801,2,-115.20964,36.12702
18802,5008,-115.1401,36.169327
18803,10,-115.11942,36.028084
18804,5009,-115.213745,36.145252
18805,10,-115.2418,36.078686
18806,2,-115.17541,36.093304
18807,2,-115.145645,36.124844
18808,2,-115.21391,36.12671
18809,5010,-115.201775,36.126526
18810,10,-115.21124,36.125538
18811,10,-115.22663,36.143787
18812,2,-115.174355,36.109806
18813,10,-115.02564,36.050434
18814,2,-115.204056,36.12628
18815,10,-115.2111,36.15877
18816,5011,-115.07974,36.072388
18817,10,-115.11993,36.112522
18818,5012,-115.11771,36.017265
18819,10,-115.28994,36.16387
18820,10,-115.13576,36.035084
18821,10,-115.308624,36.11392
18822,2,-115.14289,36.143345
18823,10,-115.188644,36.126087
18824,2,-115.17516,36.109875
18825,2,-115.15421,36.118145
18826,2,-115.21883,36.125946
18827,2,-115.17262,36.12956
18828,2,-115.225006,36.126816
18829,2,-115.17306,36.091965
18830,10,-115.17473,36.098732
18831,10,-115.24288,36.072594
18832,10,-115.20207,36.090256
18833,10,-115.152214,36.238003
18834,10,-115.242935,36.044125
18835,2,-115.16929,36.122322
18836,10,-115.20959,36.12621
18837,10,-115.27989,36.124878
18838,2,-115.17262,36.12956
18839,2,-115.172455,36.12073
18840,2,-115.16923,36.121773
18841,5013,-115.20567,36.16626
18842,2,-115.209656,36.127045
18843,2,-115.1546,36.11997
18844,10,-115.21156,36.125397
18845,2,-115.20888,36.09506
18846,2,-115.19791,36.125908
18847,2,-115.153496,36.109165
18848,2,-115.19791,36.125908
18849,2,-115.169266,36.102703
18850,2,-115.18646,36.11876
18851,5014,-115.155235,36.144604
18852,2,-115.173874,36.109753
18853,10,-115.22581,36.055252
18854,10,-115.22349,36.125526
18855,2,-115.17462,36.067844
18856,10,-115.13931,36.167286
18857,10,-115.22522,36.114616
18858,2,-115.17618,36.115856
18859,2,-115.17299,36.128223
18860,10,-115.241516,36.064106
18861,5015,-115.25154,36.159424
18862,5016,-115.2112,36.125587
18863,10,-115.22353,36.11528
18864,10,-115.0969,36.005417
18865,10,-115.22625,36.086525
18866,2,-115.19791,36.125908
18867,10,-115.17105,36.12595
18868,10,-115.117165,36.016342
18869,2,-115.209656,36.127045
18870,10,-115.334236,36.145416
18871,5017,-115.207664,36.13174
18872,2,-115.21002,36.126923
18873,10,-115.13441,36.166664
18874,10,-115.13576,36.035084
18875,2,-115.29939,36.145184
18876,10,-115.278175,36.041817
18877,2,-115.16591,36.127495
18878,10,-115.2075,36.1462
18879,2,-115.17259,36.112953
18880,10,-115.29939,36.145184
18881,5018,-115.25988,36.203743
18882,10,-115.2431,36.124302
18883,10,-115.17767,36.10741
18884,10,-115.31443,36.101513
18885,10,-115.242935,36.044125
18886,10,-115.11942,36.028084
18887,2,-115.141884,36.16918
18888,2,-115.17618,36.115856
18889,2,-115.207664,36.13174
18890,10,-115.29442,36.116028
18891,10,-115.22587,36.055244
18892,10,-115.33553,36.14631
18893,2,-115.04675,36.043884
18894,2,-111.997826,33.43523
18895,2,-115.167,36.12617
18896,2,-115.17075,36.101788
18897,5019,-115.08253,36.02307
18898,10,-115.25093,36.055206
18899,5020,-115.167725,36.103397
18900,0,-115.224075,36.12743
18901,10,-115.24131,36.115414
18902,10,-115.12652,36.15846
18903,2,-115.15261,36.151554
18904,2,-115.19791,36.125908
18905,2,-115.17306,36.091965
18906,10,-115.13441,36.166664
18907,10,-115.04282,36.067123
18908,10,-115.141884,36.16918
18909,5021,-115.1726,36.118793
18910,10,-115.27917,36.124897
18911,10,-115.17203,36.11494
18912,2,-115.209656,36.127045
18913,10,-115.20685,36.11581
18914,10,-115.17101,36.12469
18915,10,-115.13014,36.07145
18916,10,-115.15126,36.1089
18917,10,-115.29402,36.093773
18918,10,-115.19791,36.125908
18919,5022,-115.19791,36.125908
18920,2,-115.24362,36.202663
18921,2,-115.203316,36.125885
18922,5023,-115.17282,36.161526
18923,10,-115.29862,36.077145
18924,2,-115.18357,36.133995
18925,10,-115.118515,36.019787
18926,10,-115.137085,36.106686
18927,10,-115.333855,36.155964
18928,10,-115.30234,36.100346
18929,10,-115.09787,35.979855
18930,2,-115.1714,36.1207
18931,2,-115.19575,36.126385
18932,2,-115.14289,36.143345
18933,10,-115.241455,36.12706
18934,5024,-115.22422,36.12766
18935,2,-115.174355,36.092293
18936,10,-115.14064,36.167877
18937,5025,-115.20929,36.117195
18938,2,-115.17332,36.11567
18939,10,-115.19697,36.12543
18940,5026,-115.241974,36.17968
18941,10,-115.146904,36.171864
18942,2,-112.07445,33.449436
18943,5027,-115.12637,35.997757
18944,2,-115.17603,36.11833
18945,5028,-115.17141,36.034245
18946,10,-115.271,36.019787
18947,10,-115.24362,36.202663
18948,10,-115.11952,36.0125
18949,5029,-112.073105,33.449383
18950,2,-79.98048,40.453846
18951,2,-115.195984,36.12538
18952,2,-115.15689,36.113342
18953,2,-115.314476,36.12843
18954,2,-115.11135,36.100388
18955,2,-115.17028,36.12229
18956,2,-115.21921,36.126545
18957,2,-115.17033,36.12362
18958,2,-115.13609,36.01191
18959,2,-115.1613,36.138298
18960,2,-115.19648,36.125454
18961,2,-115.17341,36.118275
18962,2,-115.173874,36.109753
18963,2,-115.172295,36.127068
18964,2,-115.17086,36.10993
18965,10,-115.25605,36.143414
18966,10,-115.17259,36.112953
18967,5030,-115.19826,36.11444
18968,10,-115.306274,36.115807
18969,2,-115.20764,36.10508
18970,2,-115.185196,36.12566
18971,2,-111.88593,33.454037
18972,2,-115.24239,36.0542
18973,2,-115.17028,36.12229
18974,10,-115.11477,36.239555
18975,10,-115.17143,36.135014
18976,10,-115.1195,36.015434
18977,2,-115.19559,36.114346
18978,5031,-115.197075,36.12586
18979,5032,-115.28992,36.160503
18980,10,-115.28685,36.289684
18981,10,-115.17282,36.161526
18982,5033,-115.18095,36.292473
18983,2,-115.28921,36.164627
18984,10,-115.063515,36.165894
18985,2,-115.08231,36.069843
18986,10,-115.107475,36.00292
18987,10,-115.14513,36.17488
18988,5034,-115.11047,36.0034
18989,10,-115.112,36.10026
18990,10,-115.20899,36.09942
18991,10,-115.254234,36.273678
18992,5035,-115.261406,36.15655
18993,2,-115.15448,36.11884
18994,5036,-115.28703,36.166676
18995,2,-115.13637,36.145214
18996,10,-115.27785,36.135544
18997,5037,-115.17223,36.105675
18998,2,-115.22345,36.125664
18999,10,-115.05508,36.01792
19000,5038,-115.146904,36.171864
19001,10,-115.29743,36.089565
19002,2,-115.16296,36.12714
19003,2,-115.17781,36.093067
19004,10,-115.30406,36.193325
19005,2,-115.14277,36.16997
19006,2,-115.166954,36.106236
19007,10,-115.24232,36.0562
19008,10,-115.136406,36.106606
19009,5039,-115.22562,36.12503
19010,10,-115.176735,36.136032
19011,5040,-115.270966,36.019173
19012,10,-115.25033,36.21986
19013,10,-115.19726,36.17253
19014,10,-115.10472,36.14335
19015,5041,-115.20762,36.125244
19016,2,-115.187065,36.03707
19017,10,-115.17128,36.11289
19018,5042,-115.19791,36.125908
19019,10,-115.04282,36.067123
19020,10,-115.05262,36.100742
19021,10,-115.20635,35.995155
19022,5043,-115.03914,36.064686
19023,5044,-115.19791,36.125908
19024,10,-115.28992,36.160503
19025,10,-115.19791,36.125908
19026,10,-115.05022,36.02248
19027,10,-115.23788,36.11488
19028,10,-112.135994,33.56674
19029,10,-115.28533,36.15953
19030,10,-115.30617,36.113316
19031,5045,-115.13838,36.11365
19032,10,-115.25093,36.055206
19033,2,-115.14224,36.170544
19034,2,-115.13639,36.173893
19035,10,-115.16587,36.126877
19036,2,-115.16586,36.14785
19037,10,-115.08955,36.02054
19038,5046,-115.16586,36.14785
19039,2,-115.17692,36.106705
19040,5047,-115.171555,36.127224
19041,10,-115.14255,36.142525
19042,2,-115.14479,36.170017
19043,10,-115.2983,36.147083
19044,2,-115.1702,36.12269
19045,2,-115.23581,36.24242
19046,2,-115.15323,36.042797
19047,10,-115.17143,36.135014
19048,10,-115.20198,36.10272
19049,2,-111.95149,33.42273
19050,5048,-115.110344,36.002796
19051,5049,-115.155754,36.14755
19052,2,-115.17367,36.107143
19053,5050,-115.17272,36.135555
19054,10,-115.19622,36.205273
19055,2,-115.15531,36.11022
19056,10,-115.24237,36.152786
19057,10,-115.30234,36.100346
19058,2,-115.167725,36.103397
19059,10,-115.242714,36.036674
19060,10,-115.243904,36.090073
19061,0,-115.15271,36.108807
19062,10,-79.99823,40.44394
19063,10,-115.101204,35.99359
19064,5051,-115.243004,36.098354
19065,10,-115.178215,36.068935
19066,10,-115.22349,36.125526
19067,4372,-115.137764,36.10344
19068,5052,-115.14064,36.167877
19069,10,-115.18949,36.10455
19070,2,-115.17382,36.107162
19071,5053,-115.173706,36.104473
19072,5054,-115.142006,36.17183
19073,10,-115.13838,36.11365
19074,10,-115.197014,36.12641
19075,10,-115.17875,36.284214
19076,10,-115.13417,36.071465
19077,5055,-115.17127,36.11288
19078,10,-115.23672,36.158604
19079,2,-80.853,35.19803
19080,5056,-115.136406,36.106606
19081,10,-115.243904,36.12834
19082,10,-115.351524,36.159336
19083,5057,-115.17457,36.11622
19084,5058,-115.11167,36.100384
19085,10,-115.17911,36.285877
19086,10,-115.29765,36.09471
19087,5059,-112.04791,33.47893
19088,10,-115.16114,36.144093
19089,10,-115.207245,36.124905
19090,10,-115.16114,36.144093
19091,5060,-115.14294,36.16929
19092,10,-115.11383,36.240646
19093,10,-115.25093,36.055206
19094,10,-115.271904,36.2331
19095,5061,-115.13278,36.11422
19096,10,-115.209274,36.24819
19097,5062,-115.26541,36.26369
19098,10,-115.18995,36.12553
19099,10,-115.15259,36.108295
19100,5063,-115.209915,36.126427
19101,5064,-115.11951,36.113743
19102,5065,-115.17712,36.13198
19103,10,-115.1445,36.16321
19104,5066,-115.11754,36.01826
19105,10,-115.16114,36.144093
19106,10,-115.302826,36.14494
19107,5067,-115.1741,36.12124
19108,5068,-115.1149,36.142403
19109,10,-115.28412,36.138985
19110,2,-115.33192,36.159554
19111,2,-115.20247,36.144047
19112,2,-115.08266,36.15512
19113,2,-115.33192,36.159554
19114,2,-115.11634,36.24045
19115,2,-115.141884,36.16918
19116,5069,-73.5747,45.525303
19117,10,-115.08335,36.071888
19118,10,-115.1748,36.116924
19119,5070,-115.16961,36.121452
19120,2,-115.17516,36.109875
19121,10,-115.20689,36.072517
19122,2,-112.07285,33.449226
19123,10,-115.2691,36.056004
19124,2,-79.98314,40.429054
19125,10,-115.18411,36.261887
19126,5071,-115.33145,36.160034
19127,5072,-115.31597,36.158623
19128,10,-115.14085,36.170055
19129,2,-115.17167,36.11025
19130,2,-115.11793,36.018227
19131,10,-115.138756,36.11665
19132,2,-115.17012,36.122276
19133,2,-115.171524,36.05969
19134,2,-115.244095,36.0458
19135,2,-115.17386,36.102005
19136,10,-115.17123,36.15944
19137,2,-115.16938,36.10251
19138,2,-115.13894,36.16672
19139,5073,-115.12652,36.15846
19140,5074,-80.85876,35.211227
19141,5075,-115.28715,36.27809
19142,2,-115.14289,36.143345
19143,2,-115.1752,36.091843
19144,5076,-115.176315,36.109913
19145,2,-115.15822,36.161972
19146,10,-115.144745,36.17295
19147,2,-115.20942,36.12682
19148,2,-114.98724,36.036552
19149,4465,-115.2098,36.146904
19150,2,-115.17712,36.13198
19151,2,-115.17425,36.102516
19152,10,-115.19046,36.12615
19153,2,-115.15979,36.11516
19154,5077,-115.194405,36.1442
19155,10,-115.14124,36.172813
19156,5078,-115.12529,36.10026
19157,10,-115.21148,36.227207
19158,10,-115.14055,36.169167
19159,10,-115.02418,36.063175
19160,10,-115.12658,36.100414
19161,10,-115.1283,36.0573
19162,10,-115.14064,36.167877
19163,5079,-115.11932,36.011078
19164,2,-115.141884,36.16918
19165,5080,-115.15304,36.150703
19166,5081,-115.157875,36.142757
19167,2,-115.138504,36.117256
19168,2,-115.08686,36.02104
19169,2,-115.17087,36.10242
19170,5082,-115.244026,36.045532
19171,2,-115.17264,36.11758
19172,10,-115.17123,36.15944
19173,5083,-115.13506,36.010784
19174,2,-115.15427,36.1187
19175,5084,-115.233086,36.159576
19176,5085,-115.15602,36.145348
19177,10,-115.26218,36.19653
19178,5086,-115.250565,36.14357
19179,2,-115.17359,36.10352
19180,10,-115.19763,36.12593
19181,2,-115.179184,36.275158
19182,10,-115.27611,36.142998
19183,10,-115.24675,36.144825
19184,5087,-111.97678,33.675884
19185,5088,-115.197075,36.12586
19186,10,-115.13713,36.01069
19187,5089,-115.121086,36.02073
19188,10,-115.13463,36.161926
19189,5090,-111.9787,33.59762
19190,10,-115.17484,36.068127
19191,2,-112.04086,33.431583
19192,2,-115.3317,36.16127
19193,2,-115.15716,36.114746
19194,10,-115.17632,36.113846
19195,2,-115.17113,36.12856
19196,2,-115.15112,36.086338
19197,2,-115.17652,36.11301
19198,2,-115.333855,36.155964
19199,10,-115.120575,36.010967
19200,2,-115.17575,36.108307
19201,2,-115.174225,36.106884
19202,2,-115.16961,36.121452
19203,2,-115.17413,36.121143
19204,2,-115.144745,36.17295
19205,5091,-115.2983,36.11527
19206,2,-80.90446,35.234165
19207,10,-114.96625,36.024345
19208,2,-115.16174,36.149128
19209,10,-115.16174,36.149128
19210,2,-115.170975,36.114277
19211,5092,-115.30406,36.193325
19212,2,-115.17264,36.11758
19213,10,-115.16841,36.12458
19214,5093,-115.26048,36.17591
19215,10,-115.33354,36.148144
19216,10,-115.156845,36.16383
19217,10,-115.175026,36.090862
19218,10,-115.17283,36.132774
19219,10,-115.13609,36.116165
19220,10,-115.306496,36.192513
19221,10,-115.13962,36.170086
19222,10,-115.207794,36.276955
19223,10,-115.27432,36.144367
19224,2,-115.24246,36.09864
19225,10,-115.17234,36.055244
19226,10,-115.22456,36.128075
19227,2,-115.17019,36.123405
19228,10,-115.272705,36.144665
19229,10,-115.29857,36.07719
19230,10,-115.14624,36.171215
19231,2,-115.16636,36.158684
19232,10,-115.04282,36.067123
19233,2,-115.173515,36.10301
19234,10,-115.1398,36.16868
19235,10,-115.278175,36.041817
19236,2,-115.16938,36.12179
19237,2,-115.17234,36.110107
19238,10,-115.20513,36.27028
19239,5094,-115.08588,36.02942
19240,10,-115.11894,36.196198
19241,5095,-115.08231,36.069843
19242,5096,-115.334816,36.155132
19243,10,-115.186485,36.1187
19244,2,-115.1725,36.110065
19245,2,-115.17105,36.12595
19246,5097,-115.15126,36.10913
19247,2,-115.11931,36.01597
19248,2,-115.13954,36.085697
19249,2,-115.13894,36.16672
19250,2,-115.14998,36.1055
19251,10,-115.204056,36.12628
19252,2,-115.16788,36.099346
19253,2,-73.596985,45.518787
19254,2,-115.29939,36.145184
19255,2,-115.16363,36.13698
19256,2,-73.561226,45.560333
19257,2,-115.15191,36.108463
19258,2,-115.17516,36.109875
19259,10,-115.09541,36.115875
19260,10,-115.280426,36.056282
19261,10,-115.19083,36.13164
19262,10,-115.15126,36.1089
19263,2,-115.26144,36.112984
19264,10,-115.24193,36.143177
19265,2,-115.16587,36.126877
19266,2,-115.15539,36.11793
19267,10,-115.24349,36.05007
19268,2,-115.176926,36.115837
19269,2,-115.20744,36.113472
19270,2,-112.42678,33.448696
19271,5098,-115.143135,36.171062
19272,10,-115.04165,36.05552
19273,10,-115.19743,36.039803
19274,5099,-115.19575,36.126385
19275,10,-115.17143,36.135014
19276,5100,-115.13452,36.165707
19277,2,-115.17234,36.10353
19278,17,-115.146904,36.171864
19279,10,-115.15152,36.156292
19280,10,-115.170364,36.127617
19281,10,-115.20636,36.149452
19282,10,-111.92796,33.490696
19283,10,-115.30076,36.145542
19284,2,-115.139786,36.169167
19285,2,-115.14637,36.124424
19286,2,-115.16255,36.147816
19287,2,-115.15427,36.1187
19288,2,-115.17139,36.135098
19289,5101,-115.17105,36.12595
19290,2,-115.172195,36.119576
19291,2,-115.16255,36.147816
19292,2,-115.24279,36.151924
19293,2,-115.14548,36.16939
19294,2,-115.15475,36.12697
19295,2,-115.14556,36.172424
19296,2,-115.32429,36.12181
19297,2,-115.173874,36.109753
19298,2,-115.16255,36.147816
19299,10,-115.17481,36.10987
19300,2,-115.16255,36.147816
19301,2,-115.17421,36.106213
19302,5102,-115.33321,36.152905
19303,2,-115.16918,36.10844
19304,2,-115.16961,36.121452
19305,5103,-115.17524,36.116566
19306,5104,-115.20247,36.144047
19307,2,-115.17674,36.10449
19308,10,-115.14451,36.17035
19309,2,-115.16744,36.127686
19310,2,-115.17179,36.1112
19311,2,-115.203186,36.09046
19312,2,-115.16255,36.147816
19313,2,-115.142006,36.17183
19314,2,-115.17849,36.10924
19315,10,-115.17253,36.10185
19316,2,-115.17575,36.108307
19317,5105,-115.17684,36.1206
19318,5106,-115.189125,36.145893
19319,10,-115.25988,36.203743
19320,10,-115.17155,36.05243
19321,5107,-115.173515,36.103
19322,10,-115.17535,36.070137
19323,5108,-115.17278,36.11766
19324,10,-115.14007,36.167534
19325,10,-115.16255,36.147816
19326,10,-115.14007,36.167534
19327,5109,-115.2682,36.207485
19328,2,-115.1546,36.11997
19329,5110,-115.174416,36.127724
19330,10,-115.18939,36.11789
19331,5111,-115.19336,36.15855
19332,10,-115.1726,36.118793
19333,5112,-115.236664,36.144512
19334,10,-115.30752,36.08616
19335,5113,-115.243996,36.1615
19336,5114,-115.173996,36.01219
19337,2,-89.380646,43.072697
19338,5115,-115.272705,36.144665
19339,10,-115.3158,36.29146
19340,5116,-115.28165,36.200096
19341,10,-115.25826,36.195614
19342,2,-115.17641,36.11316
19343,2,-115.172554,36.111877
19344,5117,-115.17618,36.115856
19345,2,-115.2435,36.08808
19346,5118,-115.08253,36.02307
19347,10,-115.278175,36.041817
19348,10,-115.26147,36.269814
19349,5119,-115.061554,36.112236
19350,2,-115.332794,36.156055
19351,10,-115.33338,36.145733
19352,10,-115.22496,36.069824
19353,10,-115.2858,36.158028
19354,10,-115.197685,36.125946
19355,10,-115.25827,36.21899
19356,10,-115.22467,36.159973
19357,10,-115.17025,36.1238
19358,10,-115.30121,36.099983
19359,5120,-111.92255,33.63534
19360,10,-115.21984,36.12607
19361,10,-115.21124,36.125538
19362,10,-115.207596,36.149788
19363,10,-115.20279,36.158993
19364,5121,-115.3158,36.29146
19365,10,-115.33325,36.150074
19366,10,-115.28559,36.16719
19367,10,-115.25912,36.219067
19368,10,-115.17286,36.127224
19369,2,-115.28973,36.1641
19370,10,-115.33143,36.15486
19371,10,-115.29995,36.08368
19372,10,-115.17214,36.110973
19373,2,-115.17113,36.12856
19374,2,-115.17618,36.067936
19375,10,-115.12464,35.996723
19376,5122,-115.23995,36.14467
19377,10,-115.243546,36.04771
19378,2,-115.15126,36.1089
19379,2,-115.20169,36.103138
19380,2,-115.177666,36.107014
19381,10,-115.278175,36.041817
19382,10,-115.20685,36.11581
19383,10,-115.290825,36.1634
19384,10,-115.22638,36.1432
19385,5123,-115.19388,36.144024
19386,2,-115.17382,36.107162
19387,2,-115.17462,36.142902
19388,10,-115.1892,36.1472
19389,2,-115.20142,36.12633
19390,5124,-115.20888,36.09506
19391,5125,-115.28567,36.28986
19392,2,-115.14467,36.17062
19393,10,-115.20517,35.99558
19394,2,-115.17127,36.11288
19395,2,-115.17345,36.10306
19396,10,-115.14406,36.171234
19397,10,-115.27785,36.135544
19398,10,-115.234955,36.243893
19399,10,-115.26148,36.113655
19400,2,-115.16456,36.131496
19401,10,-115.24407,36.047813
19402,10,-115.08227,36.07001
19403,10,-115.20942,36.142094
19404,2,-115.206345,35.994972
19405,10,-115.29321,36.084576
19406,5126,-115.28637,36.157627
19407,5127,-111.978836,33.67586
19408,10,-115.19388,36.144024
19409,2,-115.24316,36.076504
19410,10,-115.29747,36.059624
19411,2,-115.1696,36.121452
19412,10,-115.22555,36.101685
19413,10,-115.19228,36.144
19414,5128,-115.15036,36.01979
19415,2,-115.16833,36.127647
19416,10,-115.151,36.15851
19417,10,-115.15203,36.14401
19418,5129,-115.19388,36.144024
19419,10,-115.31403,36.218792
19420,5130,-115.1912,36.126503
19421,5131,-115.16269,36.144295
19422,10,-115.157875,36.142757
19423,10,-115.26148,36.113655
19424,2,-115.17105,36.12595
19425,10,-115.33338,36.145733
19426,5132,-115.21327,36.12656
19427,2,-115.21246,36.101505
19428,10,-115.22625,36.086525
19429,5133,-115.10378,36.085686
19430,5134,-115.333855,36.155964
19431,2,-115.21733,36.223446
19432,5135,-115.20247,36.144047
19433,5136,-115.26955,36.1435
19434,5137,-115.20142,36.12633
19435,10,-115.24127,36.084476
19436,5138,-115.11797,36.01842
19437,10,-112.073425,33.447334
19438,10,-115.24185,36.043034
19439,10,-115.281075,36.15764
19440,10,-115.23664,36.115025
19441,10,-115.33276,36.15119
19442,5139,-115.17665,36.145218
19443,5140,-115.33513,36.15711
19444,10,-115.278465,36.1428
19445,2,-115.2048,36.03419
19446,2,-115.22343,36.115295
19447,2,-115.173874,36.10978
19448,10,-115.102104,36.1792
19449,10,-115.11048,36.002815
19450,10,-115.19594,36.12541
19451,10,-115.16588,36.126873
19452,5141,-115.13615,36.013145
19453,10,-115.293,36.160576
19454,2,-115.17223,36.105675
19455,10,-115.1892,36.1472
19456,10,-115.1969,36.12608
19457,10,-115.21984,36.12607
19458,10,-115.117386,36.019474
19459,2,-115.17462,36.142902
19460,10,-115.137024,36.174553
19461,5142,-115.30081,36.14653
19462,10,-115.28992,36.160503
19463,10,-115.24205,36.11356
19464,2,-111.976906,33.612934
19465,5143,-115.21728,36.143658
19466,2,-115.17264,36.11758
19467,5144,-115.17659,36.091938
19468,2,-115.241516,36.064106
19469,10,-115.15126,36.1089
19470,10,-115.19479,36.114464
19471,10,-115.30186,36.145638
19472,10,-115.278175,36.041817
19473,10,-115.24378,36.087482
19474,10,-115.210464,36.23675
19475,2,-115.29442,36.116028
19476,5145,-115.22487,36.06982
19477,2,-115.167755,36.123943
19478,5146,-115.139786,36.114964
19479,10,-115.19594,36.12541
19480,5147,-115.17484,36.068127
19481,5148,-115.21883,36.125946
19482,2,-115.17269,36.11025
19483,10,-115.242905,36.152386
19484,10,-115.19594,36.12541
19485,2,-115.16555,36.11523
19486,2,-115.17516,36.109875
19487,2,-115.25988,36.203743
19488,2,-115.17179,36.1112
19489,2,-79.9645,40.42877
19490,2,-73.57907,45.493977
19491,10,-115.15622,36.167824
19492,2,-115.163536,36.126423
19493,2,-115.17361,36.109997
19494,10,-115.11932,36.011078
19495,10,-115.176315,36.109913
19496,2,-115.186485,36.1187
19497,5149,-115.286194,36.166782
19498,2,-115.17345,36.10306
19499,10,-115.297585,36.09778
19500,5150,-115.29646,36.101376
19501,5151,-115.046684,36.025402
19502,5152,-115.30114,36.09934
19503,10,-115.30186,36.145638
19504,10,-115.30105,36.146008
19505,2,-79.94961,40.427044
19506,2,-115.15539,36.11793
19507,2,-115.24127,36.084476
19508,2,-115.17234,36.10353
19509,3694,-115.17089,36.11006
19510,2,-115.15226,36.10708
19511,2,-115.169655,36.12119
19512,10,-115.152725,36.159145
19513,10,-115.24365,36.05732
19514,2,-115.15509,36.129982
19515,10,-115.27973,36.119114
19516,10,-115.27777,36.130028
19517,10,-115.28129,36.055817
19518,10,-115.17548,36.023438
19519,10,-115.19,36.23888
19520,10,-115.17712,36.13198
19521,2,-115.17124,36.11788
19522,10,-115.10235,35.992874
19523,2,-115.11698,36.009254
19524,10,-115.26182,36.11304
19525,10,-115.284355,36.138515
19526,2,-115.176,36.119038
19527,10,-115.14963,36.16695
19528,10,-115.176346,36.117317
19529,5153,-115.175896,36.097015
19530,10,-115.21728,36.143658
19531,5154,-115.20959,36.12621
19532,10,-115.24378,36.087482
19533,10,-115.1563,36.142338
19534,2,-115.17106,36.11242
19535,10,-115.180565,36.14486
19536,10,-115.243324,36.058723
19537,10,-115.112,36.10026
19538,5155,-115.1543,36.014694
19539,2,-115.285164,36.16857
19540,4096,-115.14289,36.143345
19541,10,-115.086464,36.02119
19542,10,-115.20635,35.995155
19543,10,-115.20722,36.03344
19544,10,-114.962135,36.013103
19545,2,-115.171524,36.05969
19546,5156,-115.28963,36.16055
19547,5157,-115.2435,36.072044
19548,2,-115.173874,36.109753
19549,2,-115.13931,36.167286
19550,10,-115.15383,36.157158
19551,10,-115.05336,36.01981
19552,10,-115.13759,36.14262
19553,5158,-115.17234,36.110107
19554,10,-115.265976,36.168346
19555,10,-115.10561,36.00054
19556,10,-115.243546,36.04771
19557,5159,-115.3241,36.1221
19558,5160,-115.22625,36.086525
19559,2,-115.16591,36.127686
19560,5161,-112.281944,33.493916
19561,3802,-115.17457,36.11622
19562,1,-115.20247,36.144047
19563,5162,-115.243515,36.072624
19564,10,-115.24868,36.06216
19565,5163,-115.24508,36.159706
19566,10,-115.31481,36.121902
19567,10,-115.16849,35.96477
19568,10,-115.20422,36.126564
19569,10,-115.21327,36.12656
19570,5164,-115.25931,36.191574
19571,10,-115.24816,36.195286
19572,5165,-115.19062,36.126125
19573,10,-115.2418,36.078686
19574,5166,-115.17262,36.118378
19575,2,-115.17105,36.12595
19576,10,-111.98678,33.495716
19577,10,-115.207085,36.159557
19578,5167,-115.17647,36.14513
19579,5168,-115.30076,36.145542
19580,10,-115.19388,36.144024
19581,2,-115.19388,36.144024
19582,5169,-115.19388,36.144024
19583,10,-115.13463,36.161926
19584,5170,-115.29103,36.17573
19585,10,-115.207306,36.131718
19586,5171,-115.284355,36.138515
19587,5172,-115.22538,36.217148
19588,10,-115.153496,36.109165
19589,2,-115.16296,36.12714
19590,5173,-115.17096,36.09936
19591,5174,-115.29857,36.07719
19592,10,-115.312225,36.158894
19593,10,-115.17501,36.11692
19594,10,-115.119385,36.03086
19595,5175,-115.28672,36.167316
19596,10,-115.251564,36.06299
19597,10,-115.243904,36.12834
19598,5176,-115.134346,36.10037
19599,2,-115.11812,36.01612
19600,5177,-115.2032,36.092003
19601,4413,-115.179184,36.275158
19602,10,-115.24814,36.195267
19603,10,-115.24536,36.161877
19604,2,-115.17361,36.109997
19605,10,-115.142006,36.17183
19606,5178,-115.15254,36.151268
19607,2,-115.24269,36.04463
19608,10,-115.28331,36.05509
19609,2,-115.17245,36.10503
19610,5179,-115.17577,36.011356
19611,5180,-115.25199,36.05545
19612,2,-111.9348,33.42384
19613,10,-115.2075,36.16593
19614,5181,-115.14711,36.08609
19615,10,-115.242386,36.112858
19616,10,-115.2983,36.147083
19617,10,-115.30121,36.115658
19618,10,-115.13962,36.170086
19619,10,-115.17676,36.10449
19620,5182,-115.17367,36.107143
19621,5183,-115.15126,36.1089
19622,10,-115.306274,36.115807
19623,10,-115.135445,36.119934
19624,10,-115.24314,36.083588
19625,10,-115.1969,36.143887
19626,2,-115.29776,36.097992
19627,10,-115.20855,36.142483
19628,5184,-115.24775,36.19531
19629,5185,-115.17483,36.13367
19630,5186,-115.294365,36.115223
19631,5187,-115.333084,36.15087
19632,2,-115.19875,36.10376
19633,10,-115.12047,36.026196
19634,10,-112.114044,33.68167
19635,2,-115.17086,36.10993
19636,10,-115.30971,36.11463
19637,2,-73.596985,45.518787
19638,10,-115.1398,36.16868
19639,5188,-115.14479,36.170017
19640,2,-115.27777,36.130028
19641,2,-115.17582,36.11773
19642,10,-115.19448,36.126213
19643,10,-115.205345,36.158405
19644,5189,-115.24214,36.078087
19645,10,-115.3007,36.14558
19646,10,-115.20848,36.07308
19647,10,-115.18666,36.130444
19648,4501,-115.28257,36.198036
19649,10,-115.172424,36.101204
19650,10,-115.33439,36.156796
19651,5190,-115.175865,36.092865
19652,10,-115.23995,36.14467
19653,10,-115.33159,36.160686
19654,10,-115.1087,36.14329
19655,10,-115.1558,35.968914
19656,10,-115.17259,36.112953
19657,2,-115.14511,36.1741
19658,5191,-115.24186,36.062195
19659,10,-115.25033,36.21986
19660,10,-115.28622,36.281162
19661,10,-115.17815,36.06713
19662,10,-115.1563,36.142338
19663,10,-115.26764,36.28149
19664,10,-115.17345,36.10306
19665,10,-115.24266,36.21786
19666,5192,-115.25142,36.067112
19667,10,-115.17195,36.12104
19668,5193,-115.17086,36.10993
19669,10,-115.12009,36.03372
19670,5194,-115.28702,36.291435
19671,4980,-115.2796,36.05317
19672,10,-115.16879,36.122967
19673,10,-115.22625,36.086525
19674,10,-115.27777,36.130028
19675,10,-115.280426,36.056282
19676,10,-115.3352,36.15803
19677,5195,-115.23672,36.158604
19678,10,-115.13578,36.100525
19679,10,-115.28992,36.160503
19680,5196,-115.13637,36.129395
19681,2,-115.06245,36.112835
19682,10,-115.14963,36.16695
19683,5197,-115.28992,36.160503
19684,10,-115.306274,36.115807
19685,10,-115.16845,36.123913
19686,10,-114.994995,36.05215
19687,10,-115.26318,36.271908
19688,2,-115.17332,36.11567
19689,10,-115.21327,36.12656
19690,10,-115.17712,36.13198
19691,2,-115.173874,36.10978
19692,2,-115.16559,36.12689
19693,2,-115.17178,36.115017
19694,5198,-115.174515,36.121548
19695,2,-80.001625,40.430992
19696,2,-115.17028,36.12229
19697,2,-115.17345,36.10306
19698,5199,-115.22308,36.125862
19699,10,-115.259766,36.19505
19700,5200,-115.138435,36.167526
19701,2,-115.16908,36.124203
19702,2,-115.20343,36.125954
19703,5201,-115.17259,36.112953
19704,10,-115.25892,36.195686
19705,2,-115.15259,36.108295
19706,4710,-115.20343,36.125954
19707,2,-115.17688,36.111946
19708,38,-115.15383,36.157158
19709,10,-115.26048,36.17591
19710,10,-115.14255,36.142525
19711,10,-115.24239,36.0542
19712,5202,-115.17229,36.115147
19713,10,-115.15427,36.1187
19714,5203,-115.23975,36.14317
19715,10,-115.2916,36.053307
19716,2,-115.17618,36.115856
19717,5204,-115.29683,36.095818
19718,5205,-115.334816,36.155132
19719,10,-115.28672,36.167316
19720,10,-115.28553,36.166573
19721,5206,-115.27845,36.130943
19722,38,-73.60077,45.523613
19723,10,-115.27923,36.05208
19724,2,-112.26091,33.531467
19725,10,-115.24814,36.195267
19726,10,-115.19478,36.126404
19727,5207,-115.1912,36.126503
19728,5208,-115.3158,36.29146
19729,5209,-115.26674,36.272594
19730,10,-115.177956,36.12037
19731,10,-115.20343,36.125954
19732,10,-115.306274,36.115807
19733,10,-115.11952,36.01592
19734,2,-115.17177,36.11931
19735,2,-115.172554,36.111877
19736,10,-115.15389,36.11355
19737,2,-115.20631,36.12659
19738,10,-115.048035,36.023315
19739,10,-115.27989,36.143597
19740,10,-115.14844,36.16738
19741,10,-115.33387,36.152832
19742,5210,-115.17692,36.106655
19743,10,-115.17345,36.10306
19744,2,-115.1976,36.125965
19745,10,-115.20571,35.997555
19746,10,-115.21327,36.12656
19747,2,-79.93266,40.451252
19748,5211,-115.27853,36.057846
19749,2,-115.30752,36.08616
19750,10,-115.3087,36.183765
19751,2,-115.16901,35.965446
19752,10,-115.119125,36.02624
19753,5212,-115.20888,36.09506
19754,10,-115.257416,36.142918
19755,2,-115.1917,36.12644
19756,10,-115.241455,36.062717
19757,2,-115.17704,36.10762
19758,2,-115.15097,36.085175
19759,2,-115.17582,36.09558
19760,10,-115.14289,36.143345
19761,10,-115.1068,36.071945
19762,10,-115.22625,36.086525
19763,10,-115.23096,36.1148
19764,10,-115.138504,36.117256
19765,2,-115.173874,36.10978
19766,10,-115.13576,36.118237
19767,10,-115.29794,36.106503
19768,10,-115.08336,36.022465
19769,5213,-115.17435,36.106205
19770,10,-115.14064,36.167877
19771,5214,-115.2811,36.114468
19772,10,-115.35078,36.16032
19773,10,-115.15152,36.10749
19774,10,-115.24302,36.036034
19775,10,-115.17154,36.048992
19776,5215,-115.188644,36.126087
19777,2,-115.17457,36.11622
19778,2,-115.17818,36.10713
19779,10,-115.2796,36.12396
19780,5216,-115.20738,36.071205
19781,10,-115.19791,36.125908
19782,10,-115.171616,36.041164
19783,5217,-115.132935,36.16576
19784,5218,-115.26359,36.15867
19785,2,-115.1917,36.12644
19786,5219,-115.19822,36.12595
19787,5220,-115.14064,36.167877
19788,2,-115.13567,36.176983
19789,5221,-115.33896,36.151318
19790,10,-115.31947,36.15959
19791,2,-115.207535,36.114986
19792,10,-115.2858,36.158028
19793,10,-115.1976,36.125965
19794,10,-115.28109,36.114536
19795,10,-115.198,36.127663
19796,2,-115.12652,36.15846
19797,10,-115.19189,36.126472
19798,2,-111.92239,33.501007
19799,5222,-115.2092,36.246758
19800,2,-115.20888,36.09506
19801,10,-115.243004,36.03598
19802,10,-115.15254,36.151268
19803,10,-115.11984,36.069088
19804,10,-115.22406,36.12772
19805,10,-115.17113,36.12856
19806,5223,-115.287,36.166702
19807,10,-115.267365,36.270584
19808,10,-115.25766,36.27585
19809,10,-115.20741,36.123623
19810,10,-3.214468,55.959152
19811,2,-115.2439,36.160797
19812,10,-115.11952,36.01592
19813,10,-115.22547,36.14299
19814,10,-115.20567,36.16626
19815,10,-115.24239,36.0542
19816,5224,-115.03154,36.08272
19817,5096,-115.16906,36.054974
19818,5225,-115.13777,36.103626
19819,2,-115.055786,36.017376
19820,10,-115.1268,36.145287
19821,2,-115.186104,36.11628
19822,10,-115.31462,36.12889
19823,10,-115.14626,36.17125
19824,2,-115.15154,36.12109
19825,5226,-115.213844,36.14502
19826,2,-3.1879406,55.949512
19827,10,-115.17462,36.142902
19828,10,-115.20667,36.114872
19829,2,-115.14998,36.1055
19830,10,-115.22551,36.17232
19831,2,-115.152725,36.159145
19832,10,-115.23581,36.24242
19833,5227,-114.93191,36.10195
19834,10,-115.15349,36.11522
19835,2,-115.13952,36.169872
19836,10,-115.334816,36.15839
19837,10,-115.14572,36.168118
19838,10,-115.19189,36.126472
19839,5228,-115.1404,36.16785
19840,2,-111.92477,33.637135
19841,2,-115.141884,36.16918
19842,2,-115.17361,36.109997
19843,2,-115.17457,36.10259
19844,10,-115.17022,36.11236
19845,2,-73.56346,45.515118
19846,2,-115.14954,36.155178
19847,2,-115.14954,36.155178
19848,5229,-115.174355,36.092293
19849,2,-115.173515,36.103
19850,2,-115.164345,36.06004
19851,2,-115.17618,36.115856
19852,2,-115.144554,36.170265
19853,2,-115.11874,36.084557
19854,2,-115.1725,36.110065
19855,2,-115.17704,36.10762
19856,2,-115.15603,36.147247
19857,2,-115.17524,36.116566
19858,2,-115.163155,36.118034
19859,5230,-115.172455,36.111073
19860,5231,-115.08815,36.07073
19861,5232,-115.171776,36.102093
19862,2,-115.170975,36.114277
19863,2,-115.14099,36.169754
19864,2,-115.147255,36.15942
19865,2,-115.18939,36.11789
19866,2,-115.17028,36.12433
19867,2,-115.16879,36.122967
19868,2,-115.17669,36.117455
19869,2,-115.17354,36.109516
19870,2,-115.137596,36.104164
19871,2,-73.553116,45.506275
19872,5233,-115.17524,36.09232
19873,2,-115.155205,36.14771
19874,2,-115.16938,36.12179
19875,2,-115.17439,36.14444
19876,2,-115.17141,36.11752
19877,0,-112.11054,33.64068
19878,38,-73.57707,45.49807
19879,10,-115.295586,36.114517
19880,2,-115.16841,36.113533
19881,2,-115.173515,36.103
19882,2,-115.17496,36.121323
19883,10,-115.334816,36.155132
19884,10,-115.17274,36.11424
19885,10,-115.226295,36.239178
19886,2,-115.17582,36.11773
19887,2,-115.08944,36.220097
19888,5234,-115.163124,36.133614
19889,2,-115.15126,36.1089
19890,5235,-115.25312,36.19598
19891,10,-115.169624,36.068302
19892,17,-73.585266,45.488544
19893,5236,-115.138435,36.167526
19894,5237,-115.15152,36.156292
19895,2,-115.17177,36.120094
19896,2,-115.17501,36.117245
19897,10,-115.26147,36.269814
19898,10,-115.20959,36.12621
19899,5238,-111.86773,33.43473
19900,0,-115.15822,36.161972
19901,2,-115.21002,36.126923
19902,2,-115.13639,36.175
19903,5239,-115.2071,36.110973
19904,2,-115.17516,36.109875
19905,2,-115.20247,36.144047
19906,10,-115.27844,36.056824
19907,2,-115.145004,36.173058
19908,2,-115.20247,36.144047
19909,5240,-115.17704,36.10762
19910,10,-115.332794,36.156055
19911,2,-115.15323,36.042797
19912,10,-115.28129,36.055817
19913,10,-115.14289,36.143345
19914,5241,-115.19,36.23888
19915,4112,-115.15126,36.1089
19916,2,-115.17858,36.106277
19917,10,-115.101685,35.997723
19918,10,-115.13804,36.10086
19919,10,-115.302345,36.207073
19920,2,-115.169655,36.12119
19921,2,-115.17216,36.126064
19922,5242,-115.16996,36.10984
19923,10,-115.12046,36.0411
19924,2,-115.06262,36.02959
19925,10,-115.167725,36.103397
19926,10,-112.050545,33.024113
19927,5243,-115.09606,36.00499
19928,2,-115.17618,36.115856
19929,10,-115.20616,36.144
19930,5244,-115.15258,36.150463
19931,10,-115.27856,36.058853
19932,2,-115.2782,36.04246
19933,2,-115.14124,36.172813
19934,10,-115.22492,36.048195
19935,2,-115.16961,36.121452
19936,2,-115.01003,36.272373
19937,2,-3.1873095,55.94987
19938,10,-115.286644,36.277836
19939,2,-115.333595,36.156967
19940,2,-115.15155,36.151466
19941,2,-115.15152,36.10749
19942,2,-3.2097902,55.951057
19943,5245,-115.30882,36.183144
19944,5246,-115.2075,36.1462
19945,10,-115.20169,36.103138
19946,2,-115.167694,36.103054
19947,10,-115.1363,36.102707
19948,10,-115.04548,36.060318
19949,10,-115.17397,36.10626
19950,5247,-115.17469,36.160713
19951,10,-115.287,36.166702
19952,5248,-115.278175,36.041817
19953,5249,-115.06381,36.167458
19954,10,-115.21258,36.15882
19955,10,-115.14525,36.08316
19956,5250,-115.142006,36.17183
19957,5251,-115.28553,36.166573
19958,10,-115.137024,36.174553
19959,2,-115.17516,36.109875
19960,2,-115.17712,36.13198
19961,10,-115.24495,36.07086
19962,2,-115.15822,36.161972
19963,10,-115.06383,36.174416
19964,10,-115.332,36.151814
19965,10,-115.16923,36.102325
19966,5252,-115.20717,36.14959
19967,10,-115.225,36.069855
19968,10,-115.333084,36.15087
19969,10,-115.16296,36.12714
19970,2,-115.17462,36.142902
19971,10,-115.19242,36.12601
19972,10,-115.20954,36.099316
19973,5253,-115.28703,36.166676
19974,10,-115.2317,36.23775
19975,10,-115.13716,35.996834
19976,10,-115.28872,36.277596
19977,10,-115.15126,36.1089
19978,10,-115.15155,36.151466
19979,2,-115.15155,36.151466
19980,5254,-115.14551,36.12177
19981,10,-115.152596,36.15112
19982,10,-115.19283,36.144253
19983,10,-115.27973,36.119114
19984,2,-115.14255,36.142525
19985,2,-115.17299,36.128223
19986,10,-115.04829,36.056885
19987,5255,-115.27943,36.142227
19988,10,-115.298744,36.115807
19989,5256,-115.24348,36.03135
19990,5257,-115.20567,36.16626
19991,5258,-115.17322,36.127586
19992,10,-115.20846,36.0989
19993,5259,-115.207466,36.03409
19994,10,-115.31462,36.12889
19995,10,-115.15096,36.15308
19996,5260,-115.17535,36.070137
19997,3476,-115.17425,36.102516
19998,10,-115.29634,36.07794
19999,10,-115.29982,36.115826
20000,2,-115.1613,36.138298
20001,2,-115.174416,36.1097
20002,5261,-115.204926,36.17127
20003,5262,-115.11869,36.01635
20004,10,-115.12225,36.100002
20005,10,-115.18995,36.12553
20006,2,-115.139915,36.169243
20007,5263,-115.170616,36.124756
20008,10,-115.261024,36.17444
20009,10,-115.23124,36.237267
20010,10,-115.135445,36.119934
20011,10,-115.27973,36.119114
20012,5264,-112.08212,33.505096
20013,10,-115.28009,36.298874
20014,10,-115.243904,36.090073
20015,5265,-115.04553,36.061695
20016,5266,-114.8582,35.969296
20017,5267,-115.206635,36.2769
20018,10,-115.33192,36.159554
20019,2,-115.15126,36.1089
20020,2,-115.20974,36.114937
20021,4545,-115.17234,36.10353
20022,2,-115.17358,36.10267
20023,2,-115.1741,36.12124
20024,2,-115.17466,36.02949
20025,2,-115.13792,36.168026
20026,2,-115.19826,36.11444
20027,2,-115.174515,36.121548
20028,2,-115.16296,36.12714
20029,2,-115.29103,36.17573
20030,5268,-115.09935,36.100647
20031,2,-115.15711,36.14422
20032,5269,-115.17214,36.10866
20033,10,-115.270004,36.297714
20034,2,-115.174355,36.092293
20035,2,-115.17582,36.11773
20036,2,-115.17618,36.115856
20037,2,-115.15711,36.14422
20038,2,-115.17407,36.121197
20039,2,-115.17698,36.107407
20040,2,-111.790016,33.35597
20041,2,-115.17022,36.11236
20042,2,-115.17781,36.093067
20043,2,-115.17089,36.11006
20044,2,-115.17106,36.11242
20045,2,-115.1765,36.116962
20046,2,-115.17054,36.10259
20047,2,-115.17572,36.009
20048,2,-115.17127,36.11288
20049,2,-115.1725,36.110065
20050,2,-115.17332,36.11567
20051,2,-111.92975,33.494247
20052,5270,-115.16348,36.113026
20053,2,-115.20848,36.07308
20054,5271,-115.151344,36.152264
20055,2,-115.16296,36.12714
20056,2,-115.17223,36.110733
20057,2,-115.173874,36.10978
20058,5272,-114.99299,36.014114
20059,2,-115.22587,36.055244
20060,10,-115.17124,36.11788
20061,5273,-115.175865,36.092865
20062,5274,-115.17613,36.092182
20063,2,-115.24508,36.159706
20064,2,-115.17615,36.093422
20065,2,-115.151344,36.152264
20066,5275,-115.17119,36.12122
20067,2,-115.17516,36.091866
20068,10,-115.17457,36.11622
20069,2,-115.17258,36.117775
20070,2,-115.13894,36.16672
20071,2,-115.151344,36.152264
20072,5276,-115.17582,36.09558
20073,2,-115.1392,36.14452
20074,5277,-115.33276,36.15119
20075,10,-115.29302,36.157192
20076,10,-115.297485,36.11145
20077,10,-115.22509,36.15942
20078,5278,-115.29743,36.089565
20079,10,-115.271736,36.276844
20080,10,-115.28703,36.166676
20081,10,-115.33308,36.14901
20082,10,-115.117966,36.013836
20083,5279,-115.19893,36.238926
20084,10,-115.19242,36.12601
20085,5280,-115.298035,36.123745
20086,2,-115.1753,36.09208
20087,2,-115.173874,36.109753
20088,2,-115.20247,36.144047
20089,10,-80.842155,35.22921
20090,10,-115.244194,36.045704
20091,10,-115.10613,36.099968
20092,2,-115.18159,36.107388
20093,2,-115.17124,36.11788
20094,10,-115.1401,36.169327
20095,10,-115.22227,36.099506
20096,10,-115.24239,36.0542
20097,2,-115.138504,36.117256
20098,2,-115.20964,36.12702
20099,10,-115.148346,36.15669
20100,10,-115.19831,36.12634
20101,5281,-115.14055,36.169167
20102,10,-115.13952,36.169872
20103,10,-115.14255,36.142525
20104,5282,-115.117386,36.019466
20105,5283,-115.17582,36.11773
20106,10,-115.206345,35.994972
20107,5284,-115.09138,36.021954
20108,3274,-111.8741,33.31915
20109,98,-80.8585,35.211533
20110,10,-115.2064,36.089012
20111,10,-115.26929,36.14277
20112,2,-115.10512,36.144268
20113,2,-115.135925,36.11814
20114,10,-115.28703,36.166676
20115,10,-115.11157,36.00645
20116,10,-115.17234,36.110107
20117,10,-115.2782,36.108463
20118,2,-115.16876,36.12438
20119,2010,-115.15123,36.162724
20120,10,-115.11493,36.114117
20121,2,-111.9704,33.30582
20122,10,-115.273125,36.06686
20123,5285,-115.08396,36.027554
20124,5286,-115.12652,36.15846
20125,2,-115.17406,36.107925
20126,5287,-115.23284,36.145054
20127,10,-115.14252,36.142284
20128,10,-115.27863,36.112865
20129,10,-115.14259,36.142487
20130,2,-115.18953,36.1257
20131,10,-115.06474,36.121418
20132,10,-115.09935,36.100647
20133,10,-115.24816,36.195286
20134,10,-115.26148,36.113655
20135,10,-115.04789,36.1453
20136,5288,-115.19893,36.238926
20137,2,-115.16694,36.126575
20138,5289,-115.30406,36.193325
20139,10,-115.13952,36.169872
20140,10,-115.20638,36.006573
20141,2,-115.12756,36.158455
20142,5290,-115.17581,36.08995
20143,10,-115.12756,36.158455
20144,5291,-115.164635,36.15917
20145,10,-115.227455,36.10028
20146,10,-115.18186,36.10503
20147,5292,-115.082146,36.143776
20148,10,-115.153564,36.157665
20149,10,-115.15254,36.151268
20150,10,-115.191826,36.144268
20151,10,-115.100845,35.993855
20152,5293,-115.29797,36.12315
20153,5294,-115.177864,36.068176
20154,10,-115.15389,36.11355
20155,2,-115.1988,36.11421
20156,5295,-115.1726,36.118793
20157,10,-115.20764,36.10508
20158,10,-114.98542,36.033108
20159,5296,-115.11799,36.014458
20160,10,-115.308624,36.11392
20161,2,-115.241325,36.195393
20162,2,-115.08426,36.134216
20163,2,-115.30076,36.145542
20164,10,-115.04601,36.061684
20165,10,-115.14259,36.142487
20166,10,-115.31462,36.12889
20167,2,-115.15202,36.159885
20168,10,-115.280426,36.056282
20169,10,-115.14007,36.167534
20170,5297,-115.29747,36.059624
20171,2,-115.19777,36.126934
20172,5298,-115.2911,36.08381
20173,5299,-115.178474,36.28633
20174,5300,-115.305016,36.191784
20175,10,-115.225,36.069855
20176,5301,-115.26359,36.15867
20177,10,-115.28078,36.11531
20178,10,-115.13931,36.167286
20179,5302,-115.25014,36.24172
20180,2,-115.17229,36.115147
20181,10,-115.17667,36.12681
20182,10,-115.31947,36.15959
20183,10,-115.19242,36.12601
20184,10,-115.239815,36.247677
20185,10,-115.17785,36.276077
20186,10,-115.11958,36.01292
20187,10,-115.23011,36.143112
20188,5303,-115.17516,36.109875
20189,2,-115.209656,36.127045
20190,10,-115.26228,36.21913
20191,10,-115.14259,36.142487
20192,10,-115.333084,36.15087
20193,10,-115.14259,36.142487
20194,10,-115.13916,36.085407
20195,10,-115.24224,36.180805
20196,5304,-115.167755,36.123978
20197,10,-115.185196,36.12566
20198,10,-115.30757,36.113693
20199,10,-115.14056,36.16785
20200,4669,-115.04766,36.040375
20201,10,-115.332,36.151814
20202,5305,-115.24221,36.073807
20203,10,-115.17371,36.109867
20204,5306,-115.146866,36.14323
20205,10,-115.09541,36.115875
20206,2,-115.15323,36.042797
20207,10,-115.12529,36.10026
20208,10,-115.15074,36.169456
20209,2,-115.17106,36.11242
20210,5307,-115.16904,36.124878
20211,10,-115.13463,36.161926
20212,10,-115.20959,36.12621
20213,5308,-115.14569,36.14431
20214,10,-115.18291,35.972897
20215,2,-115.176704,36.09028
20216,10,-115.274574,36.130314
20217,10,-115.17914,36.27604
20218,10,-115.334816,36.155132
20219,10,-115.28788,36.055676
20220,10,-112.08219,33.466106
20221,2,-115.15387,36.110085
20222,5309,-115.14096,36.143673
20223,10,-115.14064,36.167877
20224,5310,-115.17484,36.069973
20225,2,-115.16867,36.123558
20226,5311,-115.142006,36.17183
20227,2,-115.174355,36.092293
20228,5312,-115.171524,36.119305
20229,2,-115.17593,36.068153
20230,10,-115.15258,36.150463
20231,0,-112.03612,33.37785
20232,10,-115.17041,36.110847
20233,10,-115.132935,36.16576
20234,10,-115.08253,36.02307
20235,10,-115.14007,36.167534
20236,5313,-115.06245,36.112835
20237,10,-115.22538,36.217148
20238,5314,-115.17128,36.11289
20239,5315,-115.20717,36.14959
20240,2,-89.37374,43.047718
20241,2,-111.98909,33.42159
20242,5316,-115.20998,36.126503
20243,2,-115.17818,36.106815
20244,2,-115.17306,36.091965
20245,2,-115.201775,36.126526
20246,10,-115.241516,36.064106
20247,2,-115.16427,36.059887
20248,2,-115.179085,36.11224
20249,2,-115.29103,36.17573
20250,2,-115.172455,36.106503
20251,2,-115.17022,36.123844
20252,2,-115.17818,36.106815
20253,2,-115.13761,36.12612
20254,5317,-115.17155,36.05243
20255,10,-115.27994,36.052994
20256,10,-115.252686,36.207165
20257,2,-115.16573,36.163803
20258,5318,-115.20667,36.114872
20259,10,-115.279755,36.056583
20260,10,-115.16578,36.128788
20261,10,-115.18609,36.27883
20262,10,-115.307304,36.113556
20263,10,-115.173416,36.161705
20264,10,-115.14624,36.171215
20265,10,-115.11793,36.01752
20266,10,-115.16963,36.117516
20267,10,-115.19817,36.126373
20268,10,-115.278175,36.041817
20269,10,-115.20767,36.152702
20270,10,-115.241455,36.062717
20271,0,-111.79061,33.329014
20272,5319,-115.14255,36.142525
20273,10,-115.201775,36.126526
20274,5320,-115.25242,36.195633
20275,5321,-115.26182,36.11304
20276,5322,-115.27114,36.11428
20277,5323,-115.18163,36.075855
20278,5324,-115.08011,36.167046
20279,10,-115.328674,36.221024
20280,10,-115.264595,36.218834
20281,10,-115.142006,36.17183
20282,5325,-115.24407,36.047813
20283,10,-115.1954,36.040794
20284,2,-115.14289,36.143345
20285,10,-115.24224,36.180805
20286,10,-115.16266,36.17171
20287,10,-115.24457,36.158695
20288,2,-115.13916,36.085407
20289,2,-115.17704,36.10762
20290,2,-115.209656,36.126728
20291,10,-115.163124,36.133614
20292,2,-115.22593,36.12658
20293,2,-115.14467,36.17062
20294,2,-115.17124,36.11788
20295,2,-115.157936,36.162094
20296,2,-115.169655,36.12119
20297,10,-115.28973,36.1641
20298,10,-115.24431,36.10102
20299,10,-115.13894,36.16672
20300,10,-115.11927,36.02517
20301,10,-115.21148,36.227207
20302,10,-115.14408,36.16905
20303,2,-115.172424,36.10882
20304,10,-115.14614,36.167233
20305,5326,-115.26048,36.17591
20306,5327,-115.11952,36.0125
20307,10,-115.30971,36.11463
20308,5328,-115.29857,36.07719
20309,10,-115.280426,36.056282
20310,10,-115.11047,36.0034
20311,5329,-115.08384,36.022102
20312,5330,-115.11687,36.072422
20313,5331,-115.08227,36.07001
20314,5332,-115.30727,36.08632
20315,5333,-115.152336,36.136433
20316,10,-115.11167,36.100384
20317,5334,-115.07642,36.145386
20318,5335,-115.257744,36.180607
20319,5336,-115.292046,36.15843
20320,10,-115.152336,36.11395
20321,5337,-115.11795,36.09959
20322,10,-115.225006,36.126816
20323,10,-115.30206,36.10069
20324,10,-115.162964,36.189293
20325,5338,-115.1514,36.1208
20326,5339,-115.28703,36.166676
20327,10,-115.162964,36.189293
20328,5340,-115.162964,36.189293
20329,10,-115.04282,36.067123
20330,5341,-115.11779,36.013794
20331,5342,-115.22374,36.06325
20332,5343,-115.26318,36.271908
20333,10,-115.15472,36.115124
20334,2,-115.30521,36.193584
20335,5344,-115.289116,36.158028
20336,10,-115.16064,36.170902
20337,10,-115.334236,36.145416
20338,10,-115.10544,35.999233
20339,10,-115.13452,36.165707
20340,10,-115.2092,36.246758
20341,10,-115.15458,36.119186
20342,10,-115.332794,36.156055
20343,2,-115.17581,36.08995
20344,2,-115.176315,36.109913
20345,2,-115.13362,36.114254
20346,2,-115.11351,36.12936
20347,5345,-115.31747,36.180336
20348,2,-115.17393,36.122036
20349,10,-115.1354,36.04166
20350,5346,-115.23168,36.152233
20351,5347,-115.15832,36.16293
20352,10,-115.3352,36.15803
20353,10,-115.1528,36.156246
20354,2,-115.171265,36.01484
20355,10,-115.16856,36.133137
20356,10,-115.23096,36.1148
20357,5348,-115.20848,36.07308
20358,5349,-115.16069,36.194885
20359,5350,-115.2411,36.114986
20360,10,-115.152054,36.04286
20361,10,-115.24362,36.202663
20362,10,-115.102516,35.99787
20363,10,-115.24182,36.218525
20364,2,-115.18286,36.0408
20365,10,-115.13894,36.16672
20366,10,-115.13417,36.071465
20367,10,-115.14064,36.167877
20368,2,-115.188286,36.145744
20369,2,-115.17234,36.10353
20370,5351,-115.145004,36.173058
20371,10,-115.25685,36.263187
20372,10,-115.17358,36.1601
20373,10,-115.25025,36.158573
20374,5352,-115.242096,36.041706
20375,10,-115.27952,36.02197
20376,10,-115.2096,36.053562
20377,5353,-115.06398,36.025986
20378,10,-115.142006,36.17183
20379,2,-115.17618,36.115856
20380,10,-115.24385,36.04967
20381,2,-115.14528,36.17145
20382,2,-115.24322,36.18759
20383,10,-115.177536,36.06837
20384,10,-115.13882,36.16736
20385,10,-115.11909,36.018726
20386,10,-115.16269,36.144295
20387,10,-115.24279,36.198753
20388,5354,-115.265915,36.263878
20389,10,-115.15123,36.162724
20390,5355,-115.17251,36.110764
20391,10,-115.24344,36.247814
20392,10,-115.175026,36.090862
20393,5356,-115.17243,36.118168
20394,10,-115.10925,36.000908
20395,10,-115.24334,36.04716
20396,5357,-115.2794,36.123833
20397,10,-115.244156,35.998432
20398,5358,-115.20741,36.123623
20399,10,-115.174706,36.01131
20400,10,-115.20836,36.099403
20401,10,-115.11616,36.006657
20402,10,-115.24367,36.084496
20403,10,-115.11813,36.00921
20404,5359,-115.111275,36.006683
20405,5360,-115.02468,36.070908
20406,5361,-115.13813,36.011578
20407,2,-115.14124,36.172813
20408,5362,-115.11855,36.010452
20409,5363,-115.08266,36.021996
20410,10,-115.172714,36.118225
20411,5364,-115.24185,36.2022
20412,10,-115.22322,36.20224
20413,10,-115.23272,36.159634
20414,10,-115.264595,36.218834
20415,5365,-115.22322,36.20224
20416,10,-115.25151,36.23309
20417,10,-111.92349,33.49741
20418,5366,-115.11793,36.01752
20419,10,-115.15716,36.114746
20420,5367,-115.22326,36.175903
20421,10,-115.24414,36.172318
20422,10,-115.26599,36.26386
20423,5368,-115.33279,36.148457
20424,10,-115.1804,36.293068
20425,10,-115.27939,36.219063
20426,10,-115.24122,36.217167
20427,5369,-115.31207,36.15775
20428,10,-115.176315,36.109913
20429,5370,-115.24414,36.172318
20430,10,-115.23839,36.19757
20431,10,-115.2068,35.99513
20432,5371,-115.334236,36.145416
20433,10,-114.93191,36.10195
20434,10,-115.12116,36.071136
20435,5372,-115.15391,36.255234
20436,10,-115.25156,36.14358
20437,4437,-115.302345,36.207073
20438,10,-115.240555,36.197216
20439,10,-115.18939,36.11789
20440,5373,-115.07661,36.070503
20441,10,-115.12363,36.06645
20442,10,-115.31731,36.160122
20443,2,-115.172455,36.111073
20444,5374,-115.22412,36.127884
20445,10,-115.13962,36.170086
20446,5375,-115.25827,36.21899
20447,10,-115.23852,36.196472
20448,5376,-115.302826,36.14494
20449,10,-115.27553,36.129856
20450,10,-115.15553,36.151997
20451,10,-115.20758,36.18557
20452,5377,-115.30459,36.11395
20453,10,-115.12294,35.9991
20454,10,-115.1394,36.181416
20455,10,-115.20247,36.144047
20456,10,-115.30234,36.206795
20457,5378,-115.11493,36.114117
20458,10,-115.24508,36.159706
20459,2,-115.18908,36.07802
20460,10,-115.21869,36.15956
20461,10,-115.17647,36.14513
20462,10,-115.209656,36.127045
20463,10,-115.08227,36.07001
20464,10,-115.31462,36.12889
20465,10,-115.27841,36.112347
20466,5379,-115.24362,36.202663
20467,10,-115.2427,36.2017
20468,5380,-115.11514,36.10021
20469,10,-115.14156,36.27635
20470,5381,-115.2446,36.215084
20471,10,-115.286644,36.277836
20472,10,-115.25988,36.203743
20473,10,-115.10866,36.001587
20474,2,-79.98202,40.45236
20475,2,-112.04086,33.431583
20476,2,-115.16269,36.144295
20477,2,-115.15152,36.10749
20478,10,-115.25175,36.21913
20479,10,-115.25091,36.19628
20480,10,-115.2345,36.24181
20481,5382,-115.24349,36.124844
20482,10,-115.07237,36.071304
20483,10,-115.29178,36.143696
20484,10,-115.28921,36.164627
20485,5383,-115.28929,36.16367
20486,10,-115.243004,36.098354
20487,10,-115.30272,36.144875
20488,10,-115.22551,36.17232
20489,5384,-115.29141,36.160778
20490,5385,-115.29857,36.07719
20491,10,-115.20942,36.12682
20492,5386,-115.24279,36.198753
20493,10,-115.218315,36.125317
20494,2,-115.244194,36.218292
20495,10,-115.2682,36.207485
20496,5387,-115.1401,36.168667
20497,10,-115.15112,36.086338
20498,10,-115.119385,36.026558
20499,10,-115.13615,36.013145
20500,5388,-115.15427,36.1187
20501,10,-115.12652,36.15846
20502,10,-115.243416,36.191948
20503,10,-115.13894,36.16672
20504,10,-115.31947,36.15959
20505,10,-115.13955,36.16874
20506,10,-115.20575,36.279873
20507,5389,-115.11869,36.01635
20508,10,-115.132935,36.16576
20509,5390,-115.241516,36.064106
20510,10,-115.22119,36.144196
20511,10,-115.257744,36.26483
20512,2,-115.0863,36.02131
20513,5391,-115.29966,36.14726
20514,5392,-115.11805,36.01824
20515,10,-115.24133,36.055412
20516,5393,-115.21232,36.12605
20517,5394,-115.10561,36.00054
20518,5395,-115.25175,36.21913
20519,10,-115.17447,36.068455
20520,5396,-115.17143,36.135014
20521,5397,-115.241325,36.195393
20522,10,-115.16671,36.126022
20523,5398,-115.24961,36.239956
20524,4665,-115.24818,36.195312
20525,10,-115.178215,36.068935
20526,5399,-115.31887,36.160553
20527,10,-115.28257,36.198036
20528,10,-115.191826,36.144268
20529,10,-115.20964,36.12702
20530,5400,-115.28114,36.300446
20531,5401,-115.21148,36.227207
20532,5402,-115.17127,36.11288
20533,5403,-115.176704,36.09028
20534,5404,-115.28921,36.164627
20535,5405,-115.25827,36.21899
20536,10,-115.31458,36.128937
20537,10,-115.25156,36.14358
20538,5406,-115.17582,36.011875
20539,5407,-115.24487,36.17133
20540,10,-115.305016,36.191784
20541,10,-115.17134,35.96494
20542,5408,-115.302345,36.207073
20543,5409,-115.17178,36.120705
20544,5410,-115.16879,36.122967
20545,5411,-115.33337,36.152176
20546,10,-115.17054,36.10259
20547,2,-115.19822,36.12595
20548,10,-115.20758,36.18557
20549,5412,-115.26066,36.188366
20550,2,-73.5552,45.49941
20551,5413,-115.11909,36.02112
20552,5414,-115.31169,36.14568
20553,10,-115.13945,36.1674
20554,10,-115.23581,36.24242
20555,5415,-115.27944,36.123875
20556,10,-115.096466,36.006683
20557,10,-115.16923,36.102325
20558,10,-115.17577,36.10771
20559,5416,-115.208176,36.115437
20560,2,-115.20758,36.18557
20561,10,-112.13882,33.864964
20562,5417,-115.27432,36.144367
20563,10,-115.24271,36.219223
20564,2,-115.174644,36.109913
20565,10,-115.1725,36.110065
20566,4231,-115.15585,36.259933
20567,2,-115.15259,36.108295
20568,10,-115.29833,36.211716
20569,10,-115.14157,36.1716
20570,0,-115.16901,35.965446
20571,10,-115.11619,36.240265
20572,10,-115.06262,36.02959
20573,10,-115.12816,36.100746
20574,10,-115.100845,35.993855
20575,10,-115.28994,36.16387
20576,10,-115.33271,36.15179
20577,2,-115.28921,36.164627
20578,5418,-115.35078,36.16032
20579,5419,-115.02823,36.044483
20580,10,-115.29961,36.145576
20581,10,-115.334236,36.145416
20582,5420,-115.24166,36.194546
20583,10,-115.25827,36.21899
20584,10,-115.16879,36.122967
20585,2,-115.29782,36.097614
20586,10,-115.172455,36.111073
20587,2,-115.297485,36.11145
20588,5421,-115.28366,36.201637
20589,10,-115.15472,36.115124
20590,10,-115.13952,36.169872
20591,10,-115.11878,36.14522
20592,10,-115.24309,36.21847
20593,10,-111.74018,33.378
20594,10,-115.21047,36.158558
20595,10,-115.20388,36.087532
20596,10,-115.334236,36.145416
20597,5422,-115.20743,36.163544
20598,10,-115.262474,36.219177
20599,5423,-115.244194,36.045704
20600,10,-115.28165,36.200096
20601,10,-115.17815,36.06713
20602,10,-115.24243,36.198135
20603,5424,-115.243904,36.090073
20604,10,-115.24243,36.198135
20605,5425,-115.24243,36.198135
20606,2,-115.224655,36.12339
20607,10,-115.243256,36.203842
20608,5426,-115.225945,36.239635
20609,5427,-115.207146,36.07245
20610,2,-115.19528,36.11444
20611,5428,-115.24227,36.144756
20612,10,-115.249435,36.301983
20613,10,-115.24259,36.216095
20614,5429,-115.24259,36.216095
20615,10,-115.157875,36.142757
20616,5430,-115.17636,36.117344
20617,10,-115.25931,36.191574
20618,5431,-115.24969,36.211124
20619,10,-115.19697,36.239685
20620,10,-115.262115,36.196945
20621,10,-115.33276,36.15119
20622,5432,-115.22538,36.217148
20623,5433,-115.207146,36.07245
20624,10,-115.26228,36.21913
20625,5434,-115.29112,36.16154
20626,5435,-115.264595,36.218834
20627,5436,-115.15126,36.1089
20628,10,-115.240974,36.12461
20629,10,-115.14085,36.170055
20630,5437,-115.2317,36.23775
20631,10,-115.09903,36.072247
20632,10,-115.04548,36.060318
20633,2,-115.048775,36.245132
20634,5438,-115.334236,36.145416
20635,10,-115.076256,36.14975
20636,10,-115.11943,36.0855
20637,5439,-115.206345,35.994972
20638,10,-115.11757,36.073105
20639,10,-115.06332,36.164787
20640,10,-115.155556,36.14742
20641,5440,-115.09092,36.11396
20642,10,-115.184906,36.11118
20643,10,-115.132225,36.101387
20644,10,-115.13931,36.167286
20645,10,-115.28613,36.15764
20646,5441,-115.22374,36.06325
20647,10,-115.17841,36.06958
20648,4904,-115.05918,36.107094
20649,10,-115.14252,36.142284
20650,2,-115.145004,36.173058
20651,5442,-115.112,36.10026
20652,10,-115.20388,36.087532
20653,2,-115.26148,36.113655
20654,10,-115.25111,36.21987
20655,10,-115.297585,36.09778
20656,4508,-115.252846,36.19609
20657,5443,-115.27903,36.117447
20658,10,-115.244026,36.045532
20659,5444,-115.2682,36.207485
20660,98,-115.16591,36.127686
20661,5445,-115.24297,36.078796
20662,5446,-115.22587,36.055244
20663,5447,-115.18163,36.075855
20664,5448,-115.24378,36.087482
20665,10,-115.04282,36.067123
20666,10,-115.334236,36.145416
20667,2,-115.17644,36.116367
20668,2,-115.17229,36.115147
20669,10,-115.207535,36.114986
20670,5449,-115.17652,36.11303
20671,2,-115.18191,36.09612
20672,2,-115.30081,36.14653
20673,10,-115.28331,36.05509
20674,5450,-115.209366,36.11818
20675,5451,-115.17019,36.123405
20676,2,-115.17275,36.106205
20677,2,-115.17437,36.10206
20678,2,-115.17251,36.11073
20679,10,-111.908165,33.457745
20680,10,-115.280426,36.056282
20681,5452,-115.11141,36.239677
20682,10,-115.17193,36.127487
20683,2,-115.17784,36.092987
20684,2,-115.16796,36.127712
20685,0,-111.94678,33.40739
20686,2,-115.16009,36.113396
20687,5453,-115.17278,36.0908
20688,2,-115.18219,36.10132
20689,5454,-115.15401,36.1169
20690,10,-115.17283,36.132774
20691,10,-115.244,36.05142
20692,2,-115.17345,36.10306
20693,10,-115.205574,36.150757
20694,10,-115.30732,36.086037
20695,10,-115.29864,36.076557
20696,5455,-115.142006,36.17183
20697,5456,-115.28518,36.158504
20698,10,-115.29857,36.07719
20699,5457,-115.17226,36.0696
20700,10,-115.13988,36.1688
20701,2,-115.206345,35.994972
20702,10,-115.17652,36.11301
20703,5458,-115.173775,36.090916
20704,10,-115.2164,36.02983
20705,5459,-115.17223,36.110733
20706,10,-114.9838,36.042046
20707,10,-115.23752,36.14488
20708,10,-115.24359,36.04637
20709,10,-115.30664,36.188248
20710,10,-115.28703,36.166676
20711,10,-115.046684,36.064075
20712,10,-115.27956,36.053383
20713,10,-115.24365,36.05732
20714,10,-115.267235,36.020664
20715,10,-115.05262,36.100742
20716,5460,-115.273575,36.275772
20717,5461,-115.08336,36.022465
20718,10,-115.18508,36.083508
20719,2,-115.17625,36.092876
20720,10,-115.17382,36.107162
20721,2,-115.24316,36.077072
20722,10,-115.2966,36.0958
20723,10,-115.14553,36.16981
20724,10,-115.183846,36.0417
20725,5462,-115.22548,36.10077
20726,5463,-115.24219,36.091194
20727,10,-115.24219,36.091194
20728,10,-115.24378,36.087482
20729,2,-115.134346,36.10037
20730,5464,-115.163124,36.133614
20731,10,-115.27998,36.298416
20732,5465,-115.18174,36.291164
20733,10,-115.17493,36.10478
20734,5466,-115.11351,36.12936
20735,10,-115.33356,36.160988
20736,5467,-115.28518,36.158504
20737,10,-115.14636,36.171658
20738,10,-115.17466,36.02949
20739,5468,-115.04282,36.067123
20740,2,-115.33354,36.148144
20741,10,-115.281075,36.15764
20742,10,-115.246254,36.064285
20743,10,-115.26318,36.271908
20744,2,-115.17601,36.104332
20745,10,-115.18085,36.292507
20746,10,-115.14479,36.170017
20747,10,-115.16963,36.117516
20748,10,-115.280945,36.057842
20749,10,-115.153496,36.109165
20750,10,-115.24378,36.087482
20751,10,-115.11719,36.028934
20752,5469,-115.24316,36.06159
20753,5470,-115.1726,36.118793
20754,2,-115.17179,36.12469
20755,5471,-115.17089,36.11006
20756,5472,-73.56351,45.515137
20757,5473,-115.17332,36.11567
20758,2,-115.17406,36.107925
20759,5474,-115.17618,36.115856
20760,5475,-115.176094,36.10822
20761,5476,-115.1741,36.12134
20762,2,-115.175095,36.095818
20763,10,-115.16904,36.124878
20764,5477,-115.30866,36.11444
20765,10,-115.13014,36.07145
20766,10,-115.27777,36.130028
20767,10,-115.11994,36.130054
20768,10,-115.292,36.156925
20769,10,-115.17038,36.119
20770,10,-115.17105,36.12595
20771,10,-115.16875,36.11044
20772,5478,-115.242935,36.044125
20773,10,-115.20641,36.17994
20774,5479,-115.29649,36.113503
20775,10,-115.29649,36.113503
20776,10,-115.13553,36.166763
20777,5480,-115.137085,36.106686
20778,10,-115.24293,36.071194
20779,5481,-115.30114,36.09934
20780,10,-115.10561,36.00054
20781,10,-115.17618,36.115856
20782,10,-115.28703,36.166676
20783,10,-115.33321,36.152905
20784,10,-115.24325,36.076553
20785,5482,-115.29076,36.15755
20786,10,-115.28009,36.298874
20787,10,-115.08955,36.02054
20788,10,-115.332825,36.14505
20789,10,-115.155365,36.14737
20790,4736,-115.292,36.156925
20791,5483,-115.29857,36.07719
20792,2,-115.17503,36.118713
20793,5484,-115.15254,36.151268
20794,2,-115.06245,36.112835
20795,10,-115.192894,36.086323
20796,10,-115.298485,36.078434
20797,5485,-115.307304,36.113556
20798,10,-115.10866,36.001587
20799,10,-115.15315,36.013393
20800,5486,-115.17076,36.123367
20801,10,-115.19478,36.126404
20802,5487,-115.17636,36.117344
20803,10,-115.220566,36.228363
20804,10,-115.13987,36.168903
20805,10,-115.11716,36.014626
20806,5488,-115.230415,36.257675
20807,5489,-115.11997,36.01099
20808,10,-114.90861,35.969086
20809,10,-111.970184,33.340645
20810,5490,-115.27217,36.057384
20811,10,-115.13767,36.124825
20812,10,-115.24237,36.152786
20813,10,-115.185265,36.125122
20814,5491,-115.061554,36.112236
20815,2,-114.9856,36.03308
20816,5492,-115.252426,36.062756
20817,10,-115.17266,36.068363
20818,10,-115.119385,36.026558
20819,10,-115.11196,36.075684
20820,10,-115.17753,36.10671
20821,5493,-115.12009,36.03372
20822,5494,-115.151955,36.114975
20823,5495,-115.244095,36.049805
20824,10,-115.08227,36.07001
20825,5496,-115.1183,36.274784
20826,5497,-115.04282,36.067123
20827,5498,-115.17177,36.11931
20828,10,-115.19124,36.119446
20829,10,-115.168526,35.96478
20830,10,-115.2785,36.05658
20831,10,-115.16965,36.121864
20832,5499,-115.17712,36.13198
20833,2,-111.842606,33.304005
20834,5500,-115.102516,36.07862
20835,5501,-115.101585,36.078705
20836,5502,-115.075806,36.1242
20837,5503,-114.96007,36.01326
20838,10,-115.10359,36.116684
20839,5504,-115.187065,36.03707
20840,10,-111.92555,33.492203
20841,5505,-115.16068,36.175575
20842,10,-115.29805,36.070038
20843,5506,-115.22447,36.047886
20844,5507,-115.17647,36.14513
20845,2,-112.28586,33.49289
20846,5508,-115.13575,36.028713
20847,10,-115.17167,36.11025
20848,5509,-115.11814,36.017586
20849,2,-115.174355,36.109806
20850,4637,-115.07974,36.072388
20851,5510,-115.08384,36.022102
20852,10,-115.12043,36.010056
20853,10,-115.17113,36.12856
20854,5511,-115.10842,36.078125
20855,5512,-112.20237,33.63953
20856,5513,-115.08815,36.07073
20857,10,-115.10842,36.078125
20858,5514,-115.03126,36.08413
20859,10,-114.97707,36.04322
20860,5515,-114.98471,36.032623
20861,10,-115.26008,36.14331
20862,5516,-115.14556,36.172424
20863,2,-115.16218,36.135162
20864,10,-115.207405,36.129993
20865,5517,-111.909615,33.348724
20866,5518,-115.14528,36.17145
20867,2,-115.173874,36.109753
20868,2,-115.061554,36.112236
20869,10,-115.17279,36.11766
20870,2,-115.13792,36.168026
20871,10,-115.25875,36.19565
20872,98,-115.2032,36.092003
20873,10,-115.33338,36.145733
20874,5519,-115.16587,36.126877
20875,10,-115.16631,36.12757
20876,5520,-115.168846,36.122505
20877,5521,-115.061554,36.112236
20878,5522,-115.24547,36.165813
20879,2,-112.07551,33.449596
20880,5523,-115.227455,36.10028
20881,10,-115.061554,36.112236
20882,5524,-115.1726,36.118793
20883,10,-115.05253,36.049995
20884,2,-115.138504,36.117256
20885,2,-115.09037,36.02096
20886,2,-115.28553,36.166573
20887,10,-115.17096,36.09936
20888,2,-115.046844,36.1084
20889,10,-115.135445,36.119934
20890,2,-115.17548,36.098915
20891,5525,-115.201775,36.126526
20892,10,-115.12638,36.22162
20893,10,-115.17224,36.041023
20894,10,-115.15226,36.10708
20895,5526,-115.14637,36.124424
20896,5527,-115.17306,36.091965
20897,0,-111.99899,33.436527
20898,2,-115.273964,36.1448
20899,10,-115.23995,36.14467
20900,10,-115.22062,36.144825
20901,10,-115.141846,36.17241
20902,10,-115.31455,36.12843
20903,10,-115.18174,36.291164
20904,5528,-115.167755,36.123943
20905,5529,-115.243126,36.089718
20906,5530,-115.28994,36.16387
20907,10,-115.170975,36.114277
20908,10,-115.28559,36.16719
20909,10,-115.314476,36.12843
20910,5531,-115.17273,36.1108
20911,10,-115.15202,36.159885
20912,5532,-115.293,36.160576
20913,4930,-115.25775,36.19565
20914,10,-115.28685,36.289684
20915,10,-115.2531,36.274574
20916,10,-115.15123,36.162724
20917,10,-115.09442,36.005512
20918,10,-115.297585,36.09778
20919,10,-115.334816,36.155132
20920,10,-115.28257,36.198036
20921,5533,-115.24341,36.130524
20922,10,-115.207794,36.276955
20923,5534,-115.28203,36.302856
20924,5535,-115.29946,36.145557
20925,5536,-115.33271,36.15179
20926,10,-115.19577,36.10505
20927,5537,-115.33387,36.152832
20928,5538,-115.27994,36.122913
20929,5539,-115.15354,36.11416
20930,2,-115.22587,36.055244
20931,10,-115.17328,36.111885
20932,10,-115.33276,36.15119
20933,5540,-115.27461,36.129803
20934,10,-115.31481,36.121902
20935,10,-115.297485,36.11145
20936,10,-115.30076,36.145542
20937,5541,-115.1401,36.169327
20938,10,-115.17012,36.122276
20939,10,-115.28655,36.28842
20940,10,-115.29679,36.10063
20941,2,-115.17698,36.111977
20942,10,-115.27461,36.129803
20943,10,-115.132225,36.101387
20944,10,-115.22487,36.06982
20945,10,-115.12652,36.15846
20946,5542,-115.29809,36.14342
20947,2,-115.154015,36.12784
20948,10,-115.13656,36.104473
20949,5543,-115.172554,36.115673
20950,5544,-115.19519,36.20157
20951,5545,-115.16427,36.059887
20952,10,-115.23581,36.24242
20953,10,-115.24246,36.09864
20954,5546,-115.27939,36.30072
20955,10,-115.155754,36.14755
20956,2,-115.14224,36.170544
20957,10,-115.33267,36.151546
20958,10,-115.16904,36.124878
20959,2,-115.1765,36.10758
20960,5547,-115.29749,36.084473
20961,10,-115.16792,36.11547
20962,10,-115.17457,36.127308
20963,5548,-115.196434,36.04008
20964,5549,-115.25231,36.063236
20965,10,-115.30617,36.113316
20966,10,-115.25615,36.19697
20967,10,-115.24333,36.252598
20968,10,-115.334816,36.155132
20969,5550,-115.298325,36.112583
20970,2,-115.145584,36.172745
20971,10,-115.35053,36.16064
20972,10,-115.181656,36.074207
20973,5551,-115.28794,36.287823
20974,10,-115.20638,36.006573
20975,5552,-115.117775,36.009586
20976,5553,-115.29656,36.0931
20977,5554,-115.271736,36.276844
20978,10,-115.29103,36.17573
20979,10,-115.25931,36.191574
20980,4909,-115.09903,36.072247
20981,10,-115.115486,36.268105
20982,5555,-115.14214,36.17187
20983,10,-115.29639,36.114094
20984,5556,-115.260666,36.014347
20985,10,-115.27998,36.298416
20986,5557,-115.333496,36.15076
20987,10,-115.287285,36.28381
20988,10,-115.33276,36.15119
20989,10,-115.134926,36.01411
20990,5558,-115.302345,36.207073
20991,5559,-115.25931,36.191574
20992,10,-115.17299,36.128223
20993,5560,-115.332825,36.14505
20994,5561,-115.180664,36.291985
20995,10,-115.24257,36.199387
20996,5562,-115.11351,36.12936
20997,5563,-114.92394,35.992123
20998,10,-115.243126,36.089718
20999,10,-115.15226,36.10708
21000,5564,-115.236664,36.144512
21001,2,-115.297806,36.101395
21002,5565,-115.17105,36.12595
21003,5566,-115.287285,36.28381
21004,5567,-115.13595,36.159363
21005,5568,-115.25988,36.203743
21006,10,-115.26148,36.113655
21007,5569,-115.31363,36.157314
21008,2,-115.33356,36.160988
21009,5570,-115.24271,36.219223
21010,10,-115.29426,36.14384
21011,10,-115.259735,36.19451
21012,5571,-111.95149,33.42273
21013,5572,-115.29998,36.147152
21014,10,-115.24814,36.195267
21015,10,-115.289116,36.158028
21016,10,-115.332,36.151814
21017,5573,-115.30882,36.183144
21018,5574,-115.25199,36.05545
21019,5575,-115.25474,36.17893
21020,5576,-115.24628,36.27423
21021,10,-115.148315,36.11412
21022,5577,-115.32508,36.124886
21023,5578,-115.26048,36.17591
21024,10,-115.257416,36.142918
21025,10,-115.3158,36.29146
21026,5579,-115.33276,36.15119
21027,2,-115.29998,36.147152
21028,5580,-115.284424,36.13854
21029,5581,-115.20145,36.114807
21030,10,-115.296715,36.09575
21031,10,-115.31462,36.12889
21032,10,-115.25931,36.191574
21033,10,-115.17647,36.14513
21034,10,-115.29302,36.157192
21035,10,-115.19051,36.125626
21036,5582,-115.25988,36.203743
21037,5583,-115.25884,36.190624
21038,10,-115.33338,36.145733
21039,10,-115.27943,36.142227
21040,10,-115.17704,36.06895
21041,2,-115.33241,36.15822
21042,10,-115.17684,36.1206
21043,5584,-115.281876,36.200466
21044,5585,-115.19263,36.03985
21045,5586,-115.10691,35.999065
21046,10,-115.191826,36.144268
21047,10,-115.30882,36.183144
21048,10,-115.291824,36.158566
21049,10,-115.32508,36.124886
21050,10,-115.17453,36.104614
21051,10,-115.24628,36.27423
21052,10,-115.110466,36.071354
21053,10,-114.92888,36.102833
21054,5587,-115.302345,36.207073
21055,10,-115.096375,36.23609
21056,10,-115.06474,36.121418
21057,10,-115.262474,36.219177
21058,10,-115.2757,36.14452
21059,2,-115.15152,36.10749
21060,10,-115.17028,36.12229
21061,10,-80.005325,40.447388
21062,5588,-115.14096,36.16953
21063,2,-115.30971,36.11463
21064,10,-115.2435,36.072044
21065,10,-115.286934,36.168594
21066,5589,-115.16788,36.099346
21067,2,-115.33439,36.156796
21068,5590,-115.26147,36.269814
21069,5591,-115.24185,36.043034
21070,10,-115.24362,36.202663
21071,10,-115.27639,36.129875
21072,10,-115.243324,36.08245
21073,10,-115.173416,36.161705
21074,5592,-115.26494,36.14309
21075,2,-115.25736,36.19518
21076,10,-115.287155,36.278053
21077,5593,-115.23672,36.158604
21078,10,-115.32032,36.159416
21079,5594,-115.1726,36.118793
21080,10,-115.11942,36.028084
21081,5595,-115.24473,36.064617
21082,10,-115.209366,36.11818
21083,2,-115.152054,36.042896
21084,10,-115.2643,36.142757
21085,10,-115.27846,36.134956
21086,10,-115.31455,36.12843
21087,5596,-115.33334,36.16098
21088,5597,-115.04883,36.02805
21089,5598,-115.2682,36.207485
21090,5599,-115.33387,36.152832
21091,5600,-115.168144,36.110283
21092,10,-115.30664,36.188248
21093,5601,-115.21148,36.227207
21094,10,-115.17462,36.067844
21095,5602,-115.334236,36.145416
21096,5603,-114.96395,36.01146
21097,10,-115.288,36.159424
21098,10,-115.152756,36.04253
21099,10,-115.30402,36.100548
21100,10,-115.21327,36.12656
21101,10,-115.24816,36.195286
21102,10,-115.178,36.068428
21103,0,-115.22625,36.086525
21104,5604,-115.26228,36.21913
21105,5605,-79.94959,40.44351
21106,10,-115.281075,36.05369
21107,5606,-115.25033,36.21986
21108,10,-115.16965,36.121864
21109,10,-115.3158,36.29146
21110,10,-115.150055,36.239807
21111,10,-115.25988,36.203743
21112,5607,-115.230415,36.257675
21113,10,-115.28963,36.16418
21114,10,-115.24816,36.195286
21115,10,-115.271904,36.2331
21116,2,-115.12652,36.15846
21117,10,-115.13809,36.010376
21118,5608,-115.15458,36.119186
21119,10,-115.29987,36.147263
21120,10,-115.15123,36.162724
21121,5609,-115.20929,36.117195
21122,4665,-115.19822,36.12595
21123,5610,-115.224655,36.12339
21124,10,-115.2531,36.274574
21125,10,-115.147995,36.239197
21126,5611,-115.30406,36.193325
21127,5612,-115.142944,36.27507
21128,5613,-115.25659,36.1972
21129,10,-115.25066,36.19562
21130,2,-115.12652,36.15846
21131,5371,-115.31169,36.14568
21132,5614,-115.16901,35.965446
21133,2,-112.29537,33.511894
21134,10,-115.15126,36.1089
21135,10,-115.17223,36.067635
21136,10,-115.10457,36.130226
21137,10,-115.19263,36.03985
21138,10,-115.1721,36.160328
21139,5615,-115.20964,36.12702
21140,10,-115.17111,35.96575
21141,5616,-115.095665,35.955563
21142,10,-115.20641,36.17994
21143,10,-115.17561,36.09244
21144,10,-115.13894,36.16672
21145,10,-115.33513,36.15711
21146,10,-115.2782,36.04246
21147,2,-115.30664,36.188248
21148,5617,-115.22587,36.055244
21149,2,-115.15387,36.110085
21150,10,-115.35168,36.159485
21151,10,-80.83798,35.227764
21152,5618,-115.29656,36.0931
21153,10,-115.150055,36.239807
21154,10,-115.26048,36.17591
21155,5619,-115.27841,36.112347
21156,10,-115.179085,36.11224
21157,5620,-115.1068,36.071945
21158,5621,-115.15126,36.1089
21159,10,-115.30459,36.11395
21160,5622,-115.17698,36.107407
21161,10,-115.33241,36.15822
21162,5623,-115.20635,35.995155
21163,10,-115.13962,36.170086
21164,10,-115.33321,36.152905
21165,10,-115.28921,36.164627
21166,10,-115.33308,36.14901
21167,5624,-115.13894,36.16672
21168,5625,-115.14007,36.167534
21169,2,-115.26318,36.271908
21170,10,-115.14064,36.167877
21171,2,-115.17086,36.10993
21172,10,-115.29855,36.078938
21173,10,-115.23734,36.143967
21174,5626,-115.2682,36.207485
21175,5627,-115.20942,36.12682
21176,10,-115.17143,36.135014
21177,5628,-115.25988,36.203743
21178,10,-115.17375,36.103863
21179,10,-115.31403,36.115417
21180,5629,-115.28009,36.298874
21181,5630,-115.24127,36.084476
21182,10,-115.289375,36.163605
21183,10,-115.13792,36.168026
21184,5631,-115.30234,36.100346
21185,10,-115.273125,36.06686
21186,10,-115.2682,36.207485
21187,5632,-115.2682,36.207485
21188,2,-115.28703,36.166676
21189,5633,-115.25875,36.19565
21190,10,-115.27838,36.058094
21191,5634,-115.24999,36.240395
21192,10,-115.27989,36.12319
21193,10,-115.14224,36.240005
21194,10,-115.21496,36.158863
21195,10,-115.2092,36.246758
21196,10,-115.2116,36.12568
21197,10,-115.18035,36.261158
21198,5635,-115.17457,36.11622
21199,5636,-115.26451,36.27111
21200,5637,-115.225945,36.239635
21201,10,-115.13894,36.16672
21202,10,-115.138435,36.167526
21203,10,-115.27691,36.219048
21204,5638,-115.24271,36.219223
21205,10,-115.135925,36.11814
21206,2,-115.19822,36.12595
21207,10,-115.234955,36.243893
21208,2,-115.29776,36.097992
21209,5639,-115.21165,36.23838
21210,10,-115.22056,36.04819
21211,5640,-115.23011,36.143112
21212,5641,-115.3115,36.158897
21213,5642,-115.21165,36.23838
21214,10,-115.25988,36.203743
21215,10,-115.28642,36.220387
21216,10,-115.13639,36.175
21217,5643,-115.28009,36.298874
21218,10,-115.207794,36.276955
21219,10,-115.17712,36.13198
21220,2,-115.15265,36.012516
21221,10,-115.225,36.069855
21222,10,-115.17337,36.104424
21223,10,-115.24271,36.219223
21224,10,-115.101585,35.99378
21225,10,-115.15265,36.012516
21226,10,-115.11935,36.011665
21227,10,-115.17593,36.068153
21228,5644,-115.15458,36.119186
21229,10,-115.11952,36.0125
21230,10,-115.17582,36.11773
21231,5645,-115.04146,36.05681
21232,5646,-115.28703,36.166676
21233,2,-115.209656,36.127045
21234,5647,-115.174644,36.109913
21235,5648,-115.257774,36.197437
21236,5649,-115.117096,36.016495
21237,10,-115.18366,36.04195
21238,5650,-115.20955,36.12644
21239,2,-114.90861,35.969086
21240,10,-115.11491,36.02818
21241,5651,-115.17684,36.1206
21242,5652,-115.24293,36.071194
21243,0,-115.27986,36.05459
21244,10,-115.28559,36.16719
21245,10,-115.19822,36.12595
21246,5653,-115.27854,36.04236
21247,2,-115.14289,36.143345
21248,5654,-115.17618,36.115856
21249,10,-115.20207,36.090256
21250,5655,-115.16792,36.11547
21251,2,-115.16915,36.054928
21252,10,-115.03417,36.06388
21253,2,-115.1765,36.10758
21254,5018,-115.26148,36.113655
21255,5656,-115.17382,36.107162
21256,10,-115.11873,36.02791
21257,5508,-115.11157,36.00645
21258,10,-115.298325,36.112583
21259,5657,-115.19046,36.12615
21260,10,-115.21148,36.227207
21261,5658,-115.25033,36.21986
21262,2,-115.20955,36.12644
21263,10,-115.21148,36.227207
21264,5659,-112.30007,33.594315
21265,10,-115.21148,36.227207
21266,10,-115.172455,36.106503
21267,5660,-115.244095,36.0458
21268,5661,-115.243546,36.04771
21269,5662,-115.17818,36.106815
21270,10,-115.21148,36.227207
21271,10,-115.21148,36.227207
21272,10,-115.298256,36.09195
21273,10,-115.298325,36.112583
21274,10,-115.128525,36.100018
21275,10,-115.30727,36.08632
21276,5663,-115.23581,36.24242
21277,10,-115.15342,36.16589
21278,10,-115.13988,36.1688
21279,10,-115.17435,36.106205
21280,5664,-115.23581,36.24242
21281,5665,-115.17143,36.135014
21282,10,-115.16901,35.965446
21283,10,-115.225,36.069855
21284,5666,-115.308624,36.11392
21285,10,-115.325775,36.219326
21286,5667,-115.274605,36.286705
21287,5668,-115.14007,36.167534
21288,10,-115.24359,36.152584
21289,5669,-115.04358,36.06423
21290,10,-115.334236,36.145416
21291,10,-115.32462,36.21867
21292,10,-115.33276,36.15119
21293,5670,-115.17603,36.11833
21294,5671,-115.13573,36.118217
21295,10,-115.2274,36.100925
21296,5672,-115.29689,36.095848
21297,5673,-115.17105,36.12595
21298,10,-115.167725,36.103397
21299,2,-115.17131,36.11928
21300,5674,-115.27721,36.306732
21301,5675,-115.1726,36.118793
21302,5676,-115.220406,36.0995
21303,5677,-115.17234,36.11635
21304,5678,-115.19812,36.197575
21305,10,-115.333466,36.14836
21306,10,-115.275795,36.143433
21307,10,-115.23664,36.115025
21308,10,-115.24257,36.199387
21309,4445,-115.28009,36.298874
21310,10,-115.33276,36.15119
21311,10,-115.273964,36.1448
21312,2,-115.13808,36.167904
21313,5679,-115.33276,36.15119
21314,10,-115.24279,36.198753
21315,5680,-115.22326,36.175903
21316,10,-115.28553,36.166573
21317,5681,-115.15389,36.11355
21318,10,-115.253624,36.274426
21319,10,-115.230415,36.257675
21320,5682,-115.23581,36.24242
21321,10,-115.15432,36.12187
21322,10,-115.30521,36.193584
21323,10,-115.19622,36.205273
21324,10,-115.24547,36.165813
21325,10,-115.171005,36.099377
21326,5683,-115.33276,36.15119
21327,10,-115.23734,36.143967
21328,5684,-115.153404,36.150333
21329,10,-115.22522,36.127533
21330,5685,-115.229675,36.159576
21331,10,-115.17193,36.127487
21332,2,-115.28994,36.16387
21333,5686,-115.25033,36.21986
21334,10,-115.287254,36.281345
21335,10,-115.13987,36.168903
21336,5687,-115.286575,36.277733
21337,2,-115.234184,36.24042
21338,10,-115.31339,36.178013
21339,5688,-115.286766,36.282753
21340,5689,-115.0864,36.02079
21341,10,-115.22447,36.047886
21342,5690,-115.28008,36.057022
21343,5691,-115.20899,36.141186
21344,10,-115.14002,36.16929
21345,10,-115.23531,36.241806
21346,5692,-115.334236,36.145416
21347,10,-115.153946,36.26045
21348,2,-115.17659,36.091938
21349,10,-115.26802,36.055946
21350,2,-115.180664,36.291985
21351,5693,-115.174095,36.09128
21352,2,-115.14788,36.161
21353,10,-115.175835,36.117725
21354,4456,-115.27027,36.29733
21355,10,-115.271736,36.276844
21356,5694,-115.24284,36.24908
21357,10,-115.24284,36.24908
21358,5695,-111.92172,33.49726
21359,2,-115.30549,36.190956
21360,10,-115.13962,36.170086
21361,10,-115.275085,36.056904
21362,2,-115.20741,36.123623
21363,5696,-115.331406,36.15959
21364,5697,-115.17496,36.121323
21365,5698,-115.29833,36.211716
21366,10,-115.33151,36.161934
21367,4762,-115.30234,36.100346
21368,5699,-115.33539,36.160652
21369,10,-115.27785,36.135544
21370,2,-115.244156,36.047306
21371,5700,-115.33295,36.146164
21372,10,-115.249435,36.301983
21373,10,-115.27962,36.054382
21374,5701,-115.28817,36.29043
21375,10,-115.30406,36.193325
21376,5702,-115.29835,36.077435
21377,10,-115.14096,36.143673
21378,10,-115.209915,36.126427
21379,5703,-115.178215,36.068935
21380,5704,-115.11917,36.03546
21381,5705,-115.30353,36.19177
21382,10,-115.209015,36.276863
21383,10,-115.176895,36.23922
21384,2,-115.2876,36.114456
21385,10,-115.206345,35.994972
21386,10,-115.294365,36.115223
21387,5706,-115.27957,36.124172
21388,5707,-115.246185,36.12342
21389,10,-115.29646,36.101376
21390,10,-115.260765,36.266853
21391,10,-115.177536,36.06837
21392,10,-115.30549,36.190956
21393,5111,-115.30234,36.100346
21394,10,-115.30409,36.19329
21395,5708,-115.2876,36.159523
21396,10,-115.25154,36.159424
21397,5709,-115.2691,36.056004
21398,10,-115.27811,36.114395
21399,10,-115.28829,36.278114
21400,5710,-115.243576,36.140995
21401,10,-115.25093,36.055206
21402,10,-115.123695,36.16971
21403,5711,-115.306274,36.115807
21404,10,-114.945274,36.010345
21405,10,-115.05954,36.064503
21406,10,-115.25216,36.30513
21407,10,-115.04623,36.158062
21408,10,-115.07913,36.17244
21409,5712,-115.048004,36.135414
21410,2,-115.1702,36.12269
21411,2,-115.17196,36.120907
21412,2,-115.16931,36.102528
21413,10,-115.30722,36.09957
21414,10,-115.271736,36.276844
21415,5713,-115.15383,36.157158
21416,10,-115.309296,36.108513
21417,10,-115.20848,36.083973
21418,2,-115.17259,36.112953
21419,10,-115.33387,36.152832
21420,5714,-115.280014,36.056793
21421,10,-115.32163,36.160423
21422,10,-115.30459,36.11395
21423,5715,-115.19582,36.17244
21424,10,-115.12529,36.10026
21425,10,-115.334816,36.155132
21426,10,-115.1795,36.286583
21427,10,-115.3058,36.10064
21428,5716,-115.29135,36.07459
21429,5717,-115.27989,36.12319
21430,10,-115.16841,36.12458
21431,10,-115.04797,36.025887
21432,5718,-115.3083,36.183617
21433,5719,-115.333855,36.155964
21434,10,-115.33276,36.15119
21435,10,-115.24407,36.047813
21436,10,-115.29743,36.09684
21437,10,-115.278114,36.042046
21438,5720,-115.334236,36.145416
21439,5721,-115.243866,36.086548
21440,10,-115.25206,36.063076
21441,2,-115.213745,36.145252
21442,2,-115.1726,36.118793
21443,10,-115.20974,36.114937
21444,5722,-111.68752,33.32716
21445,5723,-115.19034,36.09584
21446,10,-115.17156,36.11732
21447,10,-115.28257,36.198036
21448,10,-115.24352,36.07097
21449,2,-115.11763,36.016068
21450,10,-115.17516,36.109875
21451,10,-115.27303,36.14479
21452,2,-115.09037,36.02096
21453,10,-115.22625,36.086525
21454,5724,-115.14224,36.170544
21455,10,-115.241516,36.064106
21456,2,-115.16935,35.965126
21457,5725,-115.13805,36.121098
21458,10,-115.30076,36.145542
21459,2,-115.14479,36.170017
21460,10,-115.15472,36.115124
21461,5726,-115.22308,36.125862
21462,10,-115.26203,36.070213
21463,5727,-73.55787,45.50043
21464,10,-115.17582,36.11773
21465,2,-112.10023,33.626423
21466,5728,-115.33271,36.15179
21467,2,-115.17618,36.115856
21468,10,-115.20638,36.006573
21469,5729,-115.2418,36.078686
21470,2,-115.110466,36.071354
21471,10,-115.207306,36.131718
21472,2,-115.154816,36.124176
21473,5730,-115.13573,36.118217
21474,10,-115.28992,36.160503
21475,10,-115.119125,36.02624
21476,10,-115.100845,35.993855
21477,10,-115.2811,36.114468
21478,10,-115.20527,35.995117
21479,10,-115.25093,36.055206
21480,10,-115.29776,36.097992
21481,10,-115.21196,36.143814
21482,10,-115.314476,36.116676
21483,5731,-115.24235,36.146244
21484,5732,-115.16762,36.126415
21485,5733,-115.25826,36.195614
21486,10,-115.17196,36.120907
21487,5734,-115.201775,36.126526
21488,10,-115.138435,36.167526
21489,10,-115.27553,36.129856
21490,5735,-115.15448,36.11884
21491,5736,-112.35819,33.494293
21492,2,-115.236664,36.144512
21493,10,-115.256714,36.195576
21494,10,-115.27777,36.130028
21495,5737,-115.33387,36.152832
21496,2,-115.236664,36.144512
21497,4706,-115.2231,36.143227
21498,2,-115.18299,36.146267
21499,2,-115.14289,36.143345
21500,2,-115.17535,36.070137
21501,2,-115.16842,36.124947
21502,10,-115.19247,36.157032
21503,10,-115.2439,36.021667
21504,10,-115.138504,36.117256
21505,10,-115.22551,36.17232
21506,10,-115.29998,36.147152
21507,10,-115.101585,35.99378
21508,5738,-115.28214,36.201843
21509,2,-73.55591,45.5014
21510,5739,-115.14406,36.171234
21511,2,-115.17167,36.11025
21512,2,-115.17262,36.12956
21513,2,-115.17644,36.116367
21514,2,-115.13567,36.176983
21515,2,-115.17075,36.101788
21516,2,-115.15097,36.085175
21517,2,-115.24814,36.195267
21518,2,-115.17552,36.112335
21519,2,-115.1728,36.112175
21520,2,-115.17086,36.10993
21521,2,-115.14637,36.124424
21522,2,-115.174355,36.109806
21523,2,-115.13056,36.10134
21524,5740,-115.17127,36.11288
21525,2,-115.20114,36.14425
21526,2,-115.17437,36.10206
21527,2,-115.16788,36.099346
21528,2,-115.1732,36.104378
21529,10,-115.10294,36.100693
21530,2,-111.96372,33.34416
21531,2,-115.17307,36.123154
21532,2,-73.750114,45.456585
21533,2,-115.209656,36.127045
21534,2,-115.16587,36.126877
21535,2,-115.16788,36.099346
21536,2,-115.17262,36.118378
21537,2,-111.95117,33.421658
21538,2,-115.17063,36.12298
21539,2,-115.155556,36.14742
21540,2,-115.17577,36.011356
21541,2,-73.57752,45.516
21542,2,-115.16342,36.112488
21543,2,-115.174644,36.109913
21544,5741,-115.1736,36.101585
21545,2,-115.17493,36.10478
21546,2,-115.173874,36.109753
21547,2,-115.176315,36.109913
21548,2,-115.19448,36.126213
21549,2,-115.17124,36.11788
21550,2,-115.16929,36.122322
21551,2,-115.14406,36.171234
21552,2,-115.17181,36.12074
21553,5742,-115.201775,36.126526
21554,2,-115.17704,36.10762
21555,2,-115.14844,36.16738
21556,2,-115.16296,36.12714
21557,10,-115.20685,36.11581
21558,2,-115.174355,36.092293
21559,2,-115.19489,36.126404
21560,2,-115.20741,36.123623
21561,2,-115.17087,36.10242
21562,2,-115.17179,36.12469
21563,5743,-115.17473,36.098732
21564,2,-115.17818,36.10713
21565,2,-115.1726,36.118793
21566,2,-115.17437,36.10206
21567,2,-115.17395,36.11303
21568,5744,-115.16449,36.193768
21569,2,-115.172714,36.11888
21570,2,-115.167694,36.103054
21571,10,-115.16309,36.136738
21572,5745,-115.169395,36.103374
21573,10,-115.11736,36.014675
21574,2,-115.16788,36.099346
21575,5746,-115.17345,36.10306
21576,20,-3.1872525,55.957165
21577,2,-115.163124,36.133614
21578,10,-115.172455,36.106503
21579,10,-115.192665,36.11576
21580,2,-115.18233,36.112045
21581,10,-115.16818,36.117462
21582,5747,-115.16788,36.099346
21583,2,-115.17087,36.10242
21584,2,-115.186485,36.1187
21585,2,-115.17345,36.10306
21586,2,-115.17482,36.095684
21587,20,-3.1827185,55.949398
21588,10,-115.257774,36.197437
21589,2,-115.17601,36.104332
21590,2,-115.141884,36.16918
21591,2,-115.171165,36.117874
21592,5748,-115.17698,36.107407
21593,10,-115.28649,36.29152
21594,5749,-115.20567,36.16626
21595,2,-115.15152,36.10749
21596,5750,-115.16788,36.099346
21597,2,-115.17348,36.037968
21598,2,-115.224655,36.12339
21599,2,-115.155556,36.14742
21600,2,-115.17295,36.10156
21601,10,-115.186485,36.1187
21602,2,-115.17113,36.12856
21603,5751,-115.175385,36.093647
21604,2,-115.17139,36.135098
21605,10,-115.273125,36.06686
21606,4556,-115.15585,36.259933
21607,10,-115.169624,36.068302
21608,5752,-115.200645,36.115417
21609,2,-115.18331,36.041283
21610,2,-115.21883,36.125946
21611,2,-115.17534,36.11709
21612,2,-115.23664,36.115025
21613,2,-115.17669,36.117455
21614,10,-115.15154,36.13614
21615,2,-115.17437,36.10206
21616,10,-115.22562,36.12503
21617,10,-115.20959,36.12621
21618,10,-115.224075,36.12743
21619,5753,-115.14289,36.143345
21620,2,-115.14289,36.143345
21621,2,-115.16938,36.12179
21622,5754,-115.297585,36.09778
21623,2,-115.17253,36.1181
21624,2,-115.17382,36.107162
21625,2,-115.19443,36.12589
21626,10,-115.157875,36.142757
21627,2,-115.16597,36.125782
21628,2,-115.21883,36.125946
21629,10,-115.14206,36.10715
21630,10,-112.073395,33.477222
21631,2,-115.21883,36.125946
21632,10,-115.30624,36.192863
21633,10,-115.286644,36.277836
21634,10,-115.286934,36.168594
21635,4881,-115.22487,36.06982
21636,10,-115.062546,36.029587
21637,10,-115.14252,36.142284
21638,10,-115.11493,36.02905
21639,10,-115.24562,36.1436
21640,2,-115.17086,36.10993
21641,10,-115.204056,36.12628
21642,2,-115.21883,36.125946
21643,10,-115.33387,36.152832
21644,5755,-115.132126,36.04201
21645,2,-115.17158,36.05367
21646,5756,-115.22433,36.12833
21647,10,-115.27853,36.057846
21648,10,-115.18724,36.11537
21649,10,-115.19,36.23888
21650,10,-115.31458,36.128937
21651,5757,-115.281296,36.05612
21652,10,-115.242714,36.036674
21653,10,-115.306274,36.115807
21654,10,-115.286766,36.282753
21655,2,-115.28703,36.166676
21656,5758,-115.17259,36.112953
21657,5759,-115.21391,36.12671
21658,10,-115.27846,36.134956
21659,2,-115.27927,36.055016
21660,5760,-115.29656,36.0931
21661,10,-115.292,36.156925
21662,10,-115.314476,36.12843
21663,10,-115.30114,36.09934
21664,10,-115.222206,36.15993
21665,5761,-115.29794,36.106503
21666,10,-115.17582,36.11773
21667,5762,-115.20685,36.11581
21668,10,-115.046585,36.066486
21669,2,-115.16997,36.11293
21670,5763,-115.16466,36.13767
21671,5764,-115.17535,36.070137
21672,5765,-115.24365,36.05732
21673,10,-115.22501,36.127296
21674,2,-115.20169,36.103138
21675,10,-115.26657,36.021244
21676,10,-115.19394,36.126083
21677,2,-115.1563,36.142338
21678,5766,-115.29801,36.125645
21679,5767,-115.24133,36.055412
21680,5768,-115.06383,36.174416
21681,5769,-114.8582,35.969296
21682,2,-115.21391,36.12671
21683,10,-115.29653,36.09671
21684,5770,-115.13931,36.167286
21685,2,-115.22582,36.145847
21686,10,-115.243546,36.04771
21687,10,-115.21391,36.12671
21688,10,-115.19761,36.14399
21689,10,-115.25659,36.114704
21690,10,-115.1068,36.071945
21691,5771,-115.07823,36.159264
21692,10,-115.1752,36.091843
21693,5772,-115.298485,36.078434
21694,10,-115.24277,36.17973
21695,5773,-115.175285,36.06618
21696,2,-115.30081,36.14653
21697,2,-115.172554,36.111877
21698,2,-115.164635,36.15917
21699,5774,-115.22501,36.127445
21700,10,-115.251236,36.06695
21701,10,-115.29646,36.101376
21702,10,-115.27973,36.119114
21703,5775,-115.17223,36.110733
21704,5776,-115.24359,36.12527
21705,10,-115.29864,36.076557
21706,2,-115.24508,36.159706
21707,10,-115.28559,36.16719
21708,10,-115.23093,36.154648
21709,5777,-115.20227,36.10571
21710,2,-115.07974,36.072388
21711,10,-115.16869,36.127796
21712,5778,-115.27777,36.130028
21713,10,-115.253624,36.14308
21714,2,-115.17087,36.10242
21715,10,-115.29426,36.14384
21716,10,-115.178,36.068428
21717,10,-115.29823,36.095207
21718,0,-115.251495,36.143406
21719,5779,-115.1183,36.274784
21720,10,-115.30617,36.113316
21721,5780,-115.13811,36.11562
21722,5781,-115.262115,36.196945
21723,10,-115.29792,36.11229
21724,5782,-115.118515,36.019787
21725,2,-115.1912,36.126503
21726,10,-115.163124,36.133614
21727,10,-115.20741,36.123623
21728,10,-115.26148,36.113655
21729,10,-115.186485,36.1187
21730,10,-115.17259,36.112953
21731,10,-115.20964,36.12702
21732,10,-115.23664,36.115025
21733,10,-115.33896,36.151318
21734,5783,-115.1741,36.12124
21735,10,-115.20942,36.12682
21736,5784,-115.31392,36.14581
21737,5785,-115.0391,36.06487
21738,10,-115.23067,36.145134
21739,10,-115.24189,36.112988
21740,5786,-115.248405,36.124184
21741,5787,-115.23067,36.145134
21742,10,-115.16762,36.126415
21743,10,-115.29191,36.0708
21744,10,-115.27944,36.123875
21745,10,-115.27989,36.12319
21746,2,-115.201775,36.126526
21747,10,-115.20722,36.03344
21748,10,-115.2249,36.047733
21749,10,-115.242714,36.036674
21750,5788,-115.244,36.05142
21751,10,-115.33344,36.150024
21752,5789,-115.13955,36.16874
21753,5790,-115.24186,36.062195
21754,2,-115.20964,36.12702
21755,5791,-115.29178,36.143696
21756,10,-115.17223,36.06783
21757,10,-115.15396,36.157898
21758,10,-115.223816,36.237503
21759,5792,-115.33302,36.159527
21760,10,-115.04282,36.067123
21761,10,-115.18211,36.144463
21762,10,-115.1087,36.14329
21763,10,-115.20848,36.07308
21764,5793,-115.08266,36.15512
21765,5794,-115.1396,36.169117
21766,10,-115.22625,36.086525
21767,5795,-115.24293,36.071194
21768,5796,-115.02765,36.04114
21769,5797,-115.27944,36.123875
21770,5798,-115.24212,36.075893
21771,10,-115.25199,36.05545
21772,2,-115.177,36.11199
21773,0,-115.17229,36.115147
21774,2,-115.17406,36.107925
21775,5799,-115.21391,36.12671
21776,2,-115.17106,36.11242
21777,10,-115.04282,36.067123
21778,2,-115.167,36.12617
21779,2,-115.1779,36.11717
21780,2,-115.181755,36.111107
21781,2,-115.17345,36.10306
21782,5800,-115.28134,36.167
21783,2,-115.33159,36.160686
21784,2,-115.15112,36.086338
21785,10,-115.17224,36.041023
21786,2,-115.17234,36.110107
21787,5801,-115.24487,36.17133
21788,4557,-115.20693,36.195778
21789,5802,-115.08955,36.02054
21790,10,-115.17283,36.132774
21791,10,-115.2782,36.108463
21792,10,-115.11599,36.027836
21793,10,-115.10117,36.01859
21794,10,-115.33314,36.156986
21795,10,-115.17262,36.118378
21796,5803,-115.273125,36.06686
21797,10,-115.10691,35.999065
21798,5804,-115.17785,36.276077
21799,5805,-115.253624,36.14308
21800,10,-115.180664,36.291985
21801,5806,-115.20818,36.149048
21802,10,-115.258965,36.180824
21803,2,-115.20734,36.088776
21804,10,-115.251495,36.143406
21805,10,-115.22467,36.159973
21806,5807,-115.112,36.10026
21807,10,-115.17264,36.11758
21808,5808,-115.20728,36.15881
21809,5809,-115.179085,36.11224
21810,10,-115.15126,36.1089
21811,10,-115.17196,36.120907
21812,10,-115.138504,36.117256
21813,5810,-115.26921,36.159355
21814,5811,-115.17534,36.11709
21815,10,-115.14027,36.171307
21816,10,-115.298065,36.147495
21817,10,-115.26286,36.143204
21818,2,-115.171005,36.099377
21819,5812,-115.27532,36.054115
21820,5813,-115.15427,36.1187
21821,10,-115.1978,36.1269
21822,10,-115.14101,36.16948
21823,10,-115.28386,36.114388
21824,10,-115.27853,36.057846
21825,10,-115.11687,36.072422
21826,5814,-115.26749,36.02092
21827,2,-114.987305,36.036503
21828,10,-115.174416,36.1097
21829,10,-115.225624,36.113327
21830,10,-115.08136,36.019154
21831,10,-115.14064,36.167877
21832,10,-115.22663,36.143787
21833,2,-115.22663,36.143787
21834,10,-115.04155,36.063816
21835,10,-115.2439,36.044876
21836,10,-115.33278,36.150646
21837,10,-115.11944,36.085712
21838,10,-115.26147,36.269814
21839,10,-115.27973,36.119114
21840,10,-115.270966,36.019173
21841,5815,-115.20818,36.149048
21842,5816,-115.33511,36.16059
21843,2,-115.29678,36.09923
21844,10,-115.246254,36.064285
21845,10,-115.2782,36.108463
21846,10,-115.167755,36.123943
21847,5817,-115.29667,36.09778
21848,2,-115.17274,36.11424
21849,5776,-115.29689,36.095848
21850,10,-115.17301,36.12827
21851,10,-115.173874,36.109753
21852,5818,-115.200645,36.115417
21853,5819,-115.279755,36.056583
21854,5820,-115.25093,36.055206
21855,10,-115.33338,36.145733
21856,5821,-115.27912,36.12602
21857,5822,-115.14096,36.16953
21858,5823,-115.101685,35.997723
21859,5824,-115.16961,36.121452
21860,10,-115.08096,36.076263
21861,10,-115.142006,36.17183
21862,5825,-115.209656,36.126728
21863,10,-115.22461,36.05132
21864,10,-115.242714,36.036674
21865,5826,-115.17223,36.06783
21866,10,-115.15323,36.042797
21867,10,-115.332535,36.116005
21868,2,-115.242165,36.05671
21869,5827,-115.29822,36.09571
21870,10,-115.273125,36.06686
21871,5828,-115.30615,36.114666
21872,10,-115.164894,36.129868
21873,10,-115.2858,36.158028
21874,10,-115.045975,36.026535
21875,10,-115.33439,36.156796
21876,4330,-115.12455,35.996838
21877,5829,-115.29797,36.12315
21878,10,-115.22381,36.115894
21879,10,-115.17322,36.119038
21880,10,-115.117775,36.009586
21881,10,-115.27553,36.129856
21882,10,-115.2833,36.05521
21883,5830,-115.28331,36.05509
21884,10,-115.2966,36.0958
21885,10,-115.2966,36.0958
21886,10,-115.17278,36.0908
21887,2,-115.172424,36.101196
21888,2,-115.1677,36.125965
21889,2,-115.141884,36.16918
21890,2,-115.17465,36.10597
21891,5831,-115.1741,36.12124
21892,2,-115.16879,36.122967
21893,5832,-115.16792,36.11547
21894,2,-115.1684,36.124554
21895,2,-115.1702,36.12269
21896,2,-80.842155,35.22921
21897,2,-115.173874,36.10978
21898,10,-115.16866,36.117542
21899,2,-115.14294,36.16929
21900,5833,-115.145004,36.173058
21901,2,-115.21345,36.099895
21902,10,-115.138016,36.276897
21903,10,-115.04623,36.158062
21904,10,-115.23011,36.143112
21905,5834,-115.19636,36.125397
21906,5835,-115.19697,36.239685
21907,5836,-80.841095,35.222584
21908,10,-115.132935,36.16576
21909,5837,-115.15074,36.169456
21910,5838,-115.20152,36.115112
21911,10,-115.14637,36.124424
21912,5839,-115.1466,36.171837
21913,5840,-115.25078,36.064754
21914,5841,-115.17234,36.110107
21915,10,-115.11712,36.01646
21916,5842,-115.17234,36.110107
21917,10,-115.209816,36.14866
21918,10,-115.117195,36.101982
21919,10,-80.944466,35.22019
21920,10,-115.242775,36.05562
21921,10,-115.25199,36.05545
21922,10,-115.17768,36.06848
21923,5843,-79.97875,40.42839
21924,1,-80.001076,40.454426
21925,1,-79.94432,40.499287
21926,1,-80.01507,40.432384
21927,5844,-79.973724,40.458508
21928,1,-79.90444,40.490192
21929,1,-79.983826,40.42946
21930,1,-79.92136,40.437847
21931,10,-115.169655,36.12119
21932,2,-115.17264,36.11758
21933,2,-115.17435,36.106205
21934,5845,-79.95081,40.462925
21935,1,-79.957695,40.441357
21936,2,-79.97547,40.457336
21937,2,-79.94862,40.44485
21938,1,-79.95889,40.47313
21939,5846,-115.16619,36.062668
21940,1,-80.00198,40.442326
21941,5847,-80.01645,40.452095
21942,5848,-115.17659,36.091938
21943,2,-79.98665,40.448902
21944,17,-80.85876,35.211227
21945,1,-80.01085,40.445976
21946,2,-89.32574,43.126083
21947,1,-79.98332,40.451687
21948,1,-79.97682,40.428272
21949,5849,-80.00456,40.433006
21950,10,-115.14406,36.171234
21951,5850,-115.18492,36.126205
21952,1,-79.95289,40.46396
21953,5851,-79.913895,40.45003
21954,5852,-79.94882,40.44453
21955,5853,-3.195602,55.9491
21956,1,-79.982544,40.45203
21957,0,-115.15259,36.108295
21958,5854,-80.0353,40.396107
21959,1,-80.030235,40.40527
21960,2,-79.99148,40.457184
21961,2,-79.964424,40.462208
21962,1,-79.964424,40.462208
21963,5855,-79.98423,40.45088
21964,5856,-79.95574,40.465664
21965,1,-79.92535,40.45992
21966,1,-79.97939,40.428425
21967,98,-115.13902,36.088516
21968,1,-79.9645,40.42877
21969,1,-79.94274,40.458626
21970,2,-79.98444,40.451694
21971,5857,-79.948975,40.444817
21972,1,-80.080826,40.440277
21973,2,-80.00618,40.44055
21974,38,-79.97943,40.42843
21975,2,-79.9645,40.42877
21976,5858,-79.97806,40.428833
21977,1,-79.982285,40.453495
21978,5859,-79.95674,40.441223
21979,5860,-115.17382,36.107162
21980,5861,-79.983086,40.429043
21981,2,-111.93356,33.492912
21982,5862,-73.571625,45.500557
21983,2,-115.16961,36.121452
21984,2,-79.91776,40.407154
21985,1,-79.99732,40.442425
21986,2,-115.137596,36.104164
21987,2,-79.965904,40.426647
21988,1,-79.94854,40.461113
21989,0,-111.982285,33.32033
21990,1,-79.99823,40.44394
21991,5863,-79.972244,40.428
21992,1,-80.005325,40.447388
21993,17,-79.95315,40.442776
21994,1,-79.9935,40.446003
21995,1,-79.92274,40.43773
21996,1,-79.95116,40.482693
21997,2,-79.9693,40.42785
21998,5864,-79.92326,40.433186
21999,2,-79.95085,40.450356
22000,5865,-79.982285,40.453495
22001,5866,-80.01768,40.437695
22002,1,-79.961075,40.46995
22003,2,-115.17179,36.12469
22004,5867,-79.90987,40.40733
22005,1,-80.001785,40.44048
22006,2,-79.986626,40.428585
22007,5868,-79.94864,40.446068
22008,5869,-79.950005,40.462513
22009,1,-79.957184,40.441933
22010,5870,-79.913895,40.45003
22011,2,-79.92284,40.43771
22012,2,-73.57003,45.516933
22013,2,-115.17368,36.12316
22014,2,-73.574356,45.51462
22015,2,-115.16833,36.127647
22016,2,-115.17818,36.106815
22017,1,-79.920425,40.475708
22018,2,-115.173874,36.10978
22019,5871,-115.17086,36.10993
22020,1,-79.95194,40.482704
22021,5872,-79.95116,40.482693
22022,5873,-79.95116,40.482693
22023,1,-79.99644,40.44395
22024,54,-79.92006,40.437824
22025,2,-115.174644,36.109913
22026,1,-79.91953,40.437683
22027,2,-79.984215,40.451656
22028,0,-79.94959,40.44351
22029,5874,-79.99644,40.44395
22030,1,-79.92316,40.433384
22031,2,-115.15112,36.086338
22032,1,-79.94918,40.462025
22033,2,-73.556335,45.501198
22034,2,-79.95783,40.44077
22035,39,-79.965004,40.46577
22036,5875,-79.91949,40.437904
22037,2,-79.920105,40.43814
22038,5876,-79.957146,40.441902
22039,2,-79.921364,40.43821
22040,2,-115.17262,36.12956
22041,5877,-79.98332,40.451687
22042,1,-79.897575,40.43961
22043,1,-79.9693,40.42785
22044,2,-79.956604,40.441246
22045,38,-73.577415,45.497875
22046,2,-79.96438,40.46668
22047,1,-80.02943,40.451973
22048,2,-115.17054,36.10259
22049,2,-79.98202,40.45236
22050,2,-79.95752,40.441025
22051,1,-79.95074,40.449978
22052,2,-79.956604,40.441246
22053,5878,-79.99621,40.441677
22054,5879,-80.002045,40.440422
22055,5880,-79.91957,40.475876
22056,5881,-79.921555,40.43789
22057,10,-115.17229,36.115147
22058,5882,-79.882835,40.488335
22059,2,-79.89309,40.489143
22060,5883,-79.92522,40.460045
22061,2,-80.812,35.220078
22062,5884,-79.948975,40.444817
22063,5885,-79.92512,40.458206
22064,1,-79.92326,40.433186
22065,5886,-115.30882,36.183144
22066,5887,-79.98332,40.451687
22067,5888,-79.921555,40.43789
22068,72,-79.982285,40.453495
22069,2,-89.39218,43.06907
22070,5889,-73.5747,45.525303
22071,5890,-79.97118,40.428535
22072,5891,-80.00288,40.44139
22073,10,-79.96413,40.46707
22074,0,-89.38154,43.074726
22075,1,-79.979324,40.42888
22076,1,-79.99644,40.44395
22077,5892,-80.016235,40.452145
22078,2,-115.16951,36.102448
22079,10,-115.332726,36.148315
22080,17,-80.74955,35.30387
22081,5893,-79.99704,40.444035
22082,2,-115.174355,36.109806
22083,5894,-80.07382,40.391167
22084,5895,-79.94854,40.461113
22085,5896,-115.17131,36.11928
22086,1,-79.98017,40.428875
22087,1,-80.01087,40.44597
22088,5897,-79.96025,40.470783
22089,5898,-80.00288,40.44139
22090,2,-73.60262,45.531963
22091,2,-115.16818,36.117462
22092,2,-80.83004,35.151665
22093,2,-112.26167,33.531483
22094,17,-80.81393,35.05862
22095,17,-80.78621,35.384346
22096,17,-80.839516,35.152435
22097,5899,-115.172424,36.10882
22098,17,-80.86248,35.206676
22099,5900,-80.71199,35.36839
22100,2,-80.00471,40.44087
22101,366,-80.807144,35.17182
22102,5901,-80.7174,35.36955
22103,0,-80.94419,35.007748
22104,17,-80.715256,35.37053
22105,5902,-80.78296,35.372112
22106,17,-80.85326,35.348793
22107,5903,-80.71177,35.1338
22108,17,-80.816574,35.07778
22109,5904,-80.73764,35.140625
22110,17,-80.84946,35.17059
22111,0,-111.73545,33.450935
22112,17,-80.84309,35.22877
22113,5905,-80.67756,35.06786
22114,5906,-80.72495,35.146072
22115,5907,-80.719315,35.11679
22116,5908,-80.807144,35.17182
22117,17,-80.84119,35.228916
22118,17,-80.81488,35.22101
22119,17,-80.729324,35.125607
22120,17,-80.72597,35.3747
22121,5909,-80.8582,35.089745
22122,5910,-80.86714,35.094
22123,17,-80.83889,35.227463
22124,17,-80.81426,35.060837
22125,5911,-80.81021,35.220684
22126,5912,-80.86737,35.229053
22127,17,-80.77147,35.061897
22128,17,-80.83482,35.055447
22129,17,-80.710075,35.12335
22130,5913,-80.852196,35.2195
22131,17,-80.84854,35.22547
22132,17,-80.84487,35.226196
22133,17,-80.84382,35.200817
22134,2,-115.17028,36.12433
22135,17,-80.81579,35.22064
22136,17,-80.80712,35.171127
22137,5914,-80.823685,35.156307
22138,5915,-80.80948,35.24555
22139,5916,-80.85876,35.211227
22140,17,-80.85654,35.215023
22141,17,-80.841965,35.225376
22142,2,-115.17259,36.112953
22143,5917,-80.80948,35.24555
22144,17,-80.737816,35.296696
22145,17,-80.85588,35.21002
22146,458,-80.93589,35.093864
22147,17,-80.824425,35.203094
22148,17,-80.83493,35.055386
22149,17,-80.805824,35.24725
22150,17,-80.84168,35.15213
22151,5918,-80.86957,35.201088
22152,5919,-80.85154,35.057957
22153,5920,-80.8677,35.09378
22154,5921,-80.83519,35.213108
22155,17,-80.86067,35.208225
22156,17,-80.859634,35.21071
22157,17,-80.81716,35.21237
22158,17,-80.84202,35.225437
22159,5922,-112.06466,33.486187
22160,5923,-80.805695,35.034657
22161,5924,-80.844475,35.070496
22162,17,-80.856674,35.210552
22163,17,-80.81716,35.21237
22164,5925,-80.81579,35.22064
22165,17,-80.80712,35.171127
22166,426,-80.8478,35.173786
22167,5926,-80.80948,35.24555
22168,5927,-80.84046,35.15285
22169,5928,-80.83791,35.22758
22170,5929,-80.84826,35.174286
22171,5930,-80.855446,35.215378
22172,17,-80.83176,35.15394
22173,17,-115.17262,36.118378
22174,5931,-80.84309,35.22877
22175,17,-80.75586,35.307903
22176,17,-80.8138,35.059113
22177,5932,-80.805824,35.24725
22178,17,-80.93228,35.143982
22179,5933,-80.84687,35.172817
22180,17,-80.81337,35.220215
22181,5934,-80.85654,35.215023
22182,17,-80.85204,35.34832
22183,17,-80.84681,35.022648
22184,17,-80.80712,35.171127
22185,5935,-80.86004,35.207157
22186,17,-80.855446,35.215378
22187,5936,-80.8572,35.210094
22188,17,-80.83967,35.228985
22189,17,-80.82635,35.213825
22190,17,-80.86098,35.20925
22191,17,-80.84143,35.068653
22192,17,-80.855446,35.215378
22193,5937,-115.174644,36.109913
22194,17,-80.87657,35.15385
22195,2,-115.175064,36.107677
22196,17,-80.85757,35.214363
22197,17,-80.838974,35.15051
22198,5938,-80.82861,35.152634
22199,17,-80.825935,35.213448
22200,17,-80.84651,35.224644
22201,17,-80.791985,35.256
22202,17,-80.799644,35.176636
22203,5939,-80.77111,35.06428
22204,17,-80.84402,35.070816
22205,17,-80.79979,35.17564
22206,2,-80.85757,35.214363
22207,5940,-80.84442,35.202625
22208,17,-80.8,35.219612
22209,17,-80.841965,35.225376
22210,17,-80.82659,35.214073
22211,17,-80.84485,35.202366
22212,17,-80.814415,35.240734
22213,5941,-80.82169,35.216213
22214,2,-111.92655,33.506542
22215,5942,-80.80948,35.24555
22216,17,-80.844475,35.070496
22217,17,-80.8,35.219612
22218,17,-80.86769,35.205338
22219,17,-80.861565,35.20874
22220,17,-80.850105,35.17086
22221,5943,-80.84482,35.199852
22222,17,-80.85251,35.200462
22223,17,-80.87516,35.154495
22224,5944,-80.823685,35.156307
22225,17,-80.80591,35.246723
22226,17,-80.8258,35.1527
22227,17,-80.94416,35.007816
22228,5945,-80.84446,35.202034
22229,17,-80.84499,35.239048
22230,17,-80.85667,35.215706
22231,17,-80.85149,35.05261
22232,5946,-80.857635,35.21252
22233,5947,-80.861,35.210987
22234,17,-80.846344,35.225323
22235,17,-80.841965,35.225376
22236,17,-80.79715,35.218998
22237,5948,-80.85465,35.216576
22238,2,-115.16792,36.11547
22239,17,-80.81043,35.220932
22240,5949,-80.82453,35.202103
22241,2,-80.84713,35.053158
22242,17,-80.94503,35.322533
22243,17,-80.747345,35.29738
22244,5950,-80.85488,35.21698
22245,2,-112.04853,33.43353
22246,2,-80.749275,35.310623
22247,17,-80.81579,35.22064
22248,17,-80.84422,35.232487
22249,17,-80.85989,35.207863
22250,5951,-80.84046,35.15285
22251,5952,-80.84382,35.200817
22252,17,-80.84794,35.17045
22253,5953,-80.83188,35.156338
22254,17,-80.85876,35.211227
22255,5954,-80.80482,35.03408
22256,5955,-80.84831,35.17095
22257,17,-80.85452,35.215023
22258,5956,-89.37962,43.07393
22259,17,-80.750046,35.30302
22260,17,-80.820076,35.21439
22261,5957,-80.65617,35.171875
22262,17,-80.84573,35.231762
22263,17,-80.80948,35.24555
22264,17,-80.839516,35.152435
22265,3147,-80.84468,35.226433
22266,5958,-80.84932,35.16113
22267,5959,-80.84446,35.202034
22268,5960,-80.729324,35.125607
22269,17,-80.84831,35.17095
22270,5961,-80.82171,35.222187
22271,5962,-80.826164,35.213642
22272,17,-80.80546,35.247375
22273,5963,-80.87523,35.15337
22274,5964,-80.85174,35.0535
22275,17,-80.77451,35.23672
22276,17,-80.82169,35.216213
22277,17,-80.842514,35.228577
22278,17,-80.850105,35.160545
22279,0,-80.814545,35.061256
22280,17,-80.84077,35.226875
22281,2,-80.83629,35.225216
22282,5965,-80.83493,35.055386
22283,17,-80.98457,35.102345
22284,17,-80.81426,35.060837
22285,17,-80.8138,35.2191
22286,5966,-80.826164,35.213642
22287,5967,-80.81337,35.220215
22288,17,-80.75586,35.307903
22289,17,-80.804146,35.247776
22290,17,-80.81716,35.21237
22291,5968,-80.73913,35.317215
22292,2,-80.81337,35.220215
22293,5969,-80.81924,35.22178
22294,17,-80.80712,35.171127
22295,5970,-80.83592,35.212738
22296,17,-80.94015,35.13591
22297,17,-80.85676,35.219975
22298,2,-115.17333,36.119556
22299,17,-80.853714,35.21609
22300,17,-80.79713,35.176
22301,5971,-80.81924,35.22178
22302,5972,-115.1765,36.10758
22303,5973,-80.72136,35.114677
22304,5974,-80.882774,35.083984
22305,5975,-80.84446,35.202034
22306,5976,-80.762535,35.211277
22307,10,-115.16456,36.131496
22308,5977,-80.849,35.171814
22309,17,-80.84831,35.17095
22310,17,-80.70758,35.1265
22311,5978,-80.813225,35.219067
22312,5979,-80.85024,35.170532
22313,5980,-80.81488,35.22101
22314,17,-80.83041,35.151836
22315,17,-80.84422,35.232487
22316,2,-73.57754,45.516373
22317,17,-80.7223,35.14344
22318,17,-80.76181,35.21186
22319,553,-80.80773,35.106407
22320,5981,-80.84866,35.17097
22321,5982,-80.79116,35.256294
22322,17,-80.88197,35.187443
22323,17,-80.86769,35.205338
22324,5983,-80.80712,35.171127
22325,17,-80.944695,35.12989
22326,17,-80.84378,35.227528
22327,17,-80.80695,35.170803
22328,17,-80.84241,35.22867
22329,10,-80.8354,35.34113
22330,5984,-80.82453,35.202103
22331,17,-80.81328,35.240536
22332,17,-80.926285,35.149902
22333,17,-80.84875,35.174877
22334,17,-80.83901,35.17464
22335,17,-80.83592,35.212738
22336,5985,-80.81328,35.240536
22337,470,-80.94419,35.007748
22338,340,-80.80948,35.24555
22339,17,-80.84442,35.202625
22340,5986,-80.83883,35.026386
22341,17,-80.84278,35.22283
22342,5987,-80.94416,35.007816
22343,17,-80.849625,35.17086
22344,17,-80.841965,35.225376
22345,5988,-80.88263,35.178288
22346,5989,-80.81696,35.078243
22347,17,-80.81587,35.2208
22348,5990,-80.81488,35.22101
22349,5991,-80.83041,35.151836
22350,5992,-80.84446,35.202034
22351,5993,-80.73985,35.140774
22352,5994,-80.83889,35.227463
22353,352,-80.82586,35.196793
22354,5995,-80.81488,35.22101
22355,5996,-80.88822,35.351395
22356,5997,-80.84741,35.05277
22357,5998,-80.81351,35.334774
22358,17,-80.86563,35.22945
22359,17,-80.822556,35.216587
22360,5999,-80.88263,35.178288
22361,17,-80.85005,35.16047
22362,17,-80.83332,35.148026
22363,17,-80.82802,35.154266
22364,17,-80.84979,35.173267
22365,17,-80.836845,35.15475
22366,6000,-80.77908,35.095238
22367,2,-115.168106,36.103798
22368,17,-80.77361,35.063187
22369,17,-80.84687,35.172817
22370,17,-80.84687,35.172817
22371,6001,-80.66063,35.17145
22372,6002,-80.81782,35.061104
22373,17,-80.855835,35.210754
22374,6003,-80.84839,35.022457
22375,17,-115.17618,36.115856
22376,6004,-80.844315,35.226254
22377,6005,-80.83458,35.213352
22378,6006,-80.86414,35.095043
22379,17,-115.17526,36.113125
22380,2,-80.8408,35.226482
22381,17,-81.03794,35.24141
22382,17,-80.96351,35.06221
22383,6007,-89.37928,43.074512
22384,17,-80.839516,35.152435
22385,17,-80.91943,35.183266
22386,17,-80.81043,35.220932
22387,17,-80.841095,35.222584
22388,17,-80.8465,35.225826
22389,6008,-80.9656,35.030884
22390,6009,-80.8122,35.053814
22391,17,-80.83946,35.026176
22392,2,-115.15387,36.110085
22393,6010,-80.83791,35.22758
22394,376,-80.87687,35.1954
22395,2,-115.1765,36.10758
22396,2,-80.89106,35.18008
22397,17,-80.73985,35.140774
22398,6011,-80.828545,35.15261
22399,6012,-80.8677,35.09378
22400,6013,-80.854935,35.216297
22401,17,-80.72319,35.374184
22402,6014,-80.737595,35.297573
22403,6015,-80.944695,35.12989
22404,17,-80.845085,35.240665
22405,6016,-80.98988,35.10504
22406,6017,-80.96739,35.028484
22407,6018,-80.84809,35.056435
22408,2,-80.82169,35.216213
22409,2,-80.82185,35.221504
22410,6019,-80.82469,35.20043
22411,6020,-80.81782,35.061104
22412,17,-80.84115,35.22782
22413,6021,-115.161514,36.135643
22414,6022,-80.95791,35.116432
22415,6023,-115.28992,36.160503
22416,2,-115.22343,36.115295
22417,17,-80.80893,35.034092
22418,6024,-80.72226,35.116573
22419,17,-80.855446,35.215378
22420,6025,-80.879974,35.199474
22421,6026,-80.78237,35.096684
22422,17,-80.74978,35.307415
22423,6027,-80.814545,35.061256
22424,17,-80.80798,35.22033
22425,17,-80.8529,35.19824
22426,6028,-80.83187,35.153908
22427,2,-80.844475,35.070496
22428,6029,-80.80893,35.034092
22429,6030,-80.84757,35.085434
22430,2,-115.17028,36.12229
22431,2,-80.857635,35.21252
22432,17,-80.804146,35.247776
22433,17,-80.96744,35.02865
22434,6031,-80.96499,35.00512
22435,6032,-89.39412,43.04097
22436,98,-89.38353,43.076923
22437,2,-115.17124,36.11788
22438,98,-89.383064,43.070717
22439,6033,-89.51057,43.095184
22440,6034,-89.40432,43.067554
22441,98,-89.51367,43.09613
22442,2,-89.39362,43.074387
22443,6035,-89.46667,43.075516
22444,98,-89.52669,43.0733
22445,6036,-89.39177,43.075077
22446,98,-89.4301,43.072556
22447,98,-89.51896,43.05774
22448,98,-89.45083,43.05428
22449,6037,-89.40417,43.1502
22450,2,-89.39576,43.074894
22451,6038,-89.39042,43.075478
22452,98,-89.42853,43.057552
22453,6039,-89.3759,43.084892
22454,6040,-89.379906,43.077324
22455,2,-89.39576,43.074894
22456,2,-89.384125,43.07445
22457,6041,-89.4,43.076355
22458,2,-89.40123,43.07305
22459,6042,-89.38511,43.07416
22460,2,-89.372475,43.08332
22461,98,-89.361435,43.085674
22462,6043,-89.452324,43.07114
22463,98,-89.35705,43.098232
22464,6044,-89.38511,43.07416
22465,2,-89.36498,43.083164
22466,2,-89.39048,43.074963
22467,2,-89.37225,43.078793
22468,668,-89.34248,43.093643
22469,6045,-89.38353,43.076923
22470,98,-89.36072,43.085545
22471,2,-89.39618,43.075157
22472,98,-89.3862,43.074203
22473,2,-115.17259,36.112953
22474,98,-89.397644,43.073074
22475,6046,-89.38354,43.07628
22476,98,-89.39741,43.055573
22477,98,-89.36459,43.101673
22478,2,-89.41643,43.06517
22479,2,-89.41891,43.063972
22480,2,-89.39334,43.075264
22481,2,-89.38236,43.07529
22482,0,-89.36857,43.0805
22483,2,-115.16461,36.13704
22484,6047,-89.396255,43.07487
22485,592,-89.36427,43.08367
22486,2,-89.37095,43.07842
22487,6048,-89.38101,43.074238
22488,6049,-115.174416,36.1097
22489,0,-111.987785,33.455418
22490,2,-115.17704,36.10762
22491,98,-89.39618,43.075157
22492,2,-89.423325,43.01809
22493,6050,-89.38207,43.07572
22494,6051,-89.38401,43.07263
22495,98,-89.39556,43.07282
22496,6052,-89.4301,43.072556
22497,98,-89.389015,43.056244
22498,98,-89.38236,43.07529
22499,98,-80.8758,35.159824
22500,98,-89.374084,43.076233
22501,98,-89.37947,43.075554
22502,6053,-89.38511,43.07416
22503,2,-89.407394,43.07264
22504,20,-89.38738,43.075043
22505,98,-89.38463,43.072426
22506,2,-89.38511,43.07416
22507,98,-89.35532,43.092377
22508,668,-89.38354,43.07628
22509,6054,-89.376755,43.076054
22510,98,-89.42256,43.034737
22511,668,-89.38156,43.077374
22512,98,-89.375595,43.085125
22513,6055,-89.38101,43.074238
22514,98,-89.3721,43.078094
22515,6056,-89.38207,43.07572
22516,2,-112.00837,33.418617
22517,2,-89.38912,43.071915
22518,2,-115.191826,36.144268
22519,623,-89.381035,43.075104
22520,98,-89.383064,43.070717
22521,98,-89.51922,43.097805
22522,5929,-80.75538,35.29709
22523,98,-89.40181,43.06787
22524,751,-88.24417,40.111145
22525,98,-89.51867,43.075775
22526,2,-115.351524,36.159336
22527,6057,-89.41684,43.064793
22528,2,-89.526726,43.073486
22529,2,-89.392136,43.075005
22530,6058,-89.38323,43.076836
22531,6042,-89.32646,43.07151
22532,2,-89.380875,43.074425
22533,6059,-89.40039,43.067833
22534,98,-89.39177,43.075077
22535,6060,-89.380875,43.074776
22536,6061,-89.39336,43.07273
22537,98,-89.42887,43.072083
22538,6062,-89.393196,43.074104
22539,2,-89.35473,43.0921
22540,98,-89.38511,43.07416
22541,2,-89.38156,43.074345
22542,2,-89.39556,43.07282
22543,6063,-115.17726,36.094547
22544,2,-89.51057,43.095184
22545,2,-89.27136,43.168533
22546,98,-89.394714,43.074917
22547,98,-89.388336,43.07488
22548,98,-89.21093,43.19582
22549,2,-89.44463,43.075634
22550,6064,-115.174355,36.092293
22551,2,-115.170975,36.114277
22552,98,-89.407394,43.07264
22553,98,-89.39492,43.07482
22554,6065,-89.39556,43.07282
22555,0,-89.396385,43.07487
22556,6066,-89.45202,43.038074
22557,2,-89.394714,43.074917
22558,6067,-89.3759,43.084892
22559,98,-89.39618,43.075157
22560,98,-89.38434,43.07243
22561,2,-89.41891,43.063972
22562,2,-115.15321,36.10895
22563,668,-89.36152,43.085617
22564,6068,-89.3908,43.075417
22565,6069,-89.38101,43.074238
22566,2,-89.39069,43.074802
22567,98,-89.49952,43.057144
22568,2,-115.16591,36.127686
22569,98,-89.38695,43.07489
22570,2,-115.17181,36.12074
22571,668,-89.38101,43.074238
22572,98,-89.4301,43.072556
22573,0,-89.389015,43.056244
22574,98,-89.374084,43.076233
22575,6070,-89.42853,43.057552
22576,6071,-89.39741,43.055573
22577,6072,-89.34248,43.093643
22578,6073,-89.374084,43.076233
22579,98,-89.38389,43.07915
22580,98,-115.24334,36.04716
22581,98,-89.38323,43.076836
22582,2,-89.392136,43.075005
22583,6074,-89.39177,43.075077
22584,98,-89.40119,43.06117
22585,98,-89.4811,43.01489
22586,2,-115.17089,36.11006
22587,98,-80.86122,35.21396
22588,2,-89.39336,43.07273
22589,0,-115.09115,36.117073
22590,98,-111.88877,33.696724
22591,2,-111.756035,33.30083
22592,6075,-115.17259,36.112953
22593,6076,-89.38207,43.07572
22594,2,-115.16348,36.113026
22595,98,-89.392944,43.074833
22596,2,-115.1765,36.116962
22597,2,-115.17688,36.111946
22598,6077,-115.17421,36.106213
22599,2,-89.38431,43.076805
22600,6078,-89.34132,43.094032
22601,6079,-89.39576,43.074894
22602,98,-89.38101,43.074238
22603,2,-89.39595,43.074776
22604,6080,-89.383316,43.076622
22605,98,-89.45238,43.07147
22606,98,-89.37064,43.082573
22607,98,-89.36498,43.083164
22608,6081,-89.503044,43.065376
22609,6082,-89.44463,43.075634
22610,6083,-89.38305,43.07591
22611,98,-89.401085,43.060616
22612,98,-89.42897,43.072254
22613,2,-89.374565,43.076603
22614,6084,-89.382126,43.07474
22615,98,-89.45303,43.07335
22616,6085,-89.38705,43.07429
22617,6086,-89.39414,43.07484
22618,98,-89.40005,43.05786
22619,6087,-89.52305,43.086346
22620,2,-73.5747,45.525303
22621,2,-89.38628,43.075214
22622,6088,-89.38845,43.074776
22623,2,-89.395615,43.07181
22624,2,-89.3956,43.074142
22625,2,-73.57538,45.482975
22626,2,-89.38992,43.074516
22627,6089,-89.5013,43.059402
22628,98,-89.477135,43.011986
22629,98,-89.39177,43.075077
22630,2,-89.38434,43.07243
22631,98,-89.4301,43.072556
22632,6090,-89.38658,43.07561
22633,6091,-112.04791,33.47893
22634,6092,-89.47949,43.00865
22635,98,-89.38154,43.074726
22636,38,-73.559555,45.507782
22637,98,-89.3838,43.07744
22638,2,-111.94818,33.505783
22639,98,-89.32814,43.046417
22640,98,-89.374084,43.076233
22641,98,-89.41861,43.02335
22642,2,-115.14289,36.143345
22643,6093,-89.38761,43.071693
22644,2,-80.00034,40.4436
22645,98,-89.477135,43.011986
22646,98,-89.35532,43.092377
22647,98,-89.36083,43.08603
22648,2,-89.38761,43.071693
22649,2,-73.58146,45.51805
22650,2,-79.985535,40.45074
22651,2,-89.387115,43.074738
22652,10,-89.36867,43.079823
22653,2,-115.15152,36.10749
22654,6094,-73.55496,45.50348
22655,2,-89.38658,43.07561
22656,2,-89.4,43.076355
22657,2,-89.37935,43.07414
22658,625,-89.42885,43.05668
22659,6095,-89.32856,43.114677
22660,98,-89.50679,43.060757
22661,98,-89.4301,43.072556
22662,6096,-89.39336,43.07273
22663,2,-89.39423,43.074593
22664,98,-89.457634,43.014973
22665,98,-89.27986,43.085346
22666,98,-89.38123,43.074745
22667,6097,-89.382256,43.073795
22668,98,-89.374084,43.076233
22669,98,-89.37587,43.08149
22670,6098,-88.219406,40.105736
22671,98,-89.4301,43.072556
22672,98,-89.5113,43.06069
22673,2,-115.17127,36.11288
22674,98,-89.390335,43.074764
22675,98,-89.38354,43.07628
22676,6099,-89.45303,43.07335
22677,2,-89.5113,43.06069
22678,6100,-89.47705,43.04692
22679,6101,-89.51173,43.095787
22680,98,-89.51744,43.075317
22681,6102,-89.4811,43.01489
22682,6103,-89.486176,43.052937
22683,98,-89.361435,43.085674
22684,2,-115.17869,36.06815
22685,6104,-89.220314,43.18294
22686,98,-89.39768,43.055992
22687,2,-115.14867,36.08358
22688,6105,-89.42092,43.034473
22689,2,-89.38379,43.07604
22690,98,-89.34394,43.103706
22691,98,-89.494194,43.056038
22692,98,-89.452484,43.074177
22693,6106,-89.49766,43.05608
22694,6107,-89.452324,43.07114
22695,2,-89.41643,43.06517
22696,6108,-89.379616,43.082268
22697,98,-89.35353,43.092144
22698,643,-89.382256,43.073795
22699,2,-89.39987,43.07648
22700,6109,-115.17496,36.121323
22701,2,-89.34248,43.093643
22702,2,-89.37679,43.083786
22703,98,-89.381355,43.074852
22704,6110,-89.38401,43.07263
22705,6111,-89.38323,43.076836
22706,98,-89.42853,43.057552
22707,668,-89.42788,43.05801
22708,6112,-89.32575,43.05365
22709,98,-89.453026,43.07333
22710,98,-89.29875,43.133747
22711,6113,-89.38737,43.074337
22712,6114,-89.51387,43.06016
22713,2,-89.35865,43.087383
22714,98,-89.502304,43.05897
22715,98,-89.38353,43.076923
22716,98,-89.317665,43.08356
22717,98,-89.45145,43.07474
22718,6115,-111.94652,33.422188
22719,98,-89.52916,43.09116
22720,6116,-89.374084,43.076233
22721,2,-89.395935,43.053226
22722,6117,-89.39616,43.073444
22723,2,-115.17652,36.11301
22724,6118,-89.37928,43.074512
22725,6119,-89.52932,43.075336
22726,98,-89.51367,43.09613
22727,668,-89.407394,43.07264
22728,98,-89.452484,43.074177
22729,98,-89.452484,43.074177
22730,6120,-89.309074,43.129593
22731,98,-89.498955,43.05663
22732,6121,-88.238914,40.110374
22733,2,-88.20279,40.11339
22734,2,-115.1068,36.071945
22735,0,-111.940254,33.425964
22736,6122,-88.20902,40.112823
22737,2,-88.23319,40.110554
22738,2,-88.20769,40.11382
22739,6123,-88.22911,40.109997
22740,787,-88.24289,40.1106
22741,2,-88.20829,40.1132
22742,6124,-115.16587,36.126877
22743,0,-112.06456,33.522358
22744,6125,-111.97702,33.583447
22745,2,-115.1726,36.118793
22746,6126,-115.17277,36.10465
22747,6127,-111.71336,33.594963
22748,6128,-115.145645,36.124844
22749,2,-115.17581,36.08995
22750,6129,-111.90624,33.37797
22751,2,-111.99497,33.43605
22752,2,-115.17033,36.12362
22753,2,-115.15689,36.113342
22754,2,-115.17028,36.12433
22755,2,-115.17481,36.10987
22756,2,-115.19528,36.11444
22757,2,-111.99497,33.43605
22758,2,-112.07127,33.508995
22759,2,-115.17234,36.110107
22760,6130,-111.936485,33.422974
22761,0,-111.78973,33.354954
22762,6131,-112.06845,33.637367
22763,6132,-115.225945,36.239635
22764,0,-111.98156,33.304703
22765,2,-115.134346,36.10037
22766,2,-115.16818,36.117462
22767,6133,-115.17223,36.110733
22768,10,-115.091934,36.02
22769,0,-111.92722,33.3482
22770,0,-111.93962,33.42344
22771,6134,-115.17332,36.10583
22772,2,-3.194447,55.94859
22773,0,-79.91165,40.407955
22774,2,-112.07401,33.45038
22775,10,-115.16845,36.123913
22776,0,-112.065636,33.44916
22777,2,-115.14637,36.124424
22778,0,-111.919815,33.500168
22779,0,-112.07409,33.4975
22780,6135,-112.26047,33.535076
22781,6136,-111.84203,33.2455
22782,0,-111.936,33.41438
22783,6137,-112.014595,33.48145
22784,6138,-112.07787,33.448128
22785,2,-112.11646,33.560856
22786,2,-115.17332,36.11567
22787,6139,-112.04791,33.47893
22788,6140,-111.93472,33.42403
22789,2,-89.34981,43.102962
22790,0,-111.89497,33.582962
22791,6141,-111.910515,33.46885
22792,0,-111.92356,33.6249
22793,0,-111.7534,33.3807
22794,6142,-111.99899,33.436527
22795,2,-111.92053,33.489132
22796,2,-115.14164,36.169453
22797,2,-115.1741,36.12124
22798,0,-111.94099,33.423275
22799,0,-112.22264,33.595802
22800,2,-115.173874,36.109753
22801,0,-112.03612,33.37785
22802,2,-79.913895,40.45003
22803,2,-111.99224,33.30574
22804,2,-115.171524,36.119305
22805,6143,-112.06968,33.445976
22806,2,-115.17234,36.110107
22807,2,-112.07908,33.49112
22808,6144,-111.92293,33.492752
22809,6145,-112.03558,33.509747
22810,0,-112.07401,33.505856
22811,2,-115.17435,36.113964
22812,6146,-112.11985,33.58239
22813,2,-112.06238,33.637684
22814,0,-112.07379,33.435524
22815,6147,-112.07714,33.479996
22816,2,-115.1726,36.118793
22817,6148,-111.93051,33.49245
22818,0,-112.07551,33.449596
22819,6149,-111.91078,33.445614
22820,6150,-111.92627,33.637753
22821,0,-112.07379,33.435524
22822,10,-115.2087,36.043213
22823,6151,-112.07421,33.448036
22824,0,-112.357994,33.461502
22825,2,-112.07379,33.435524
22826,6152,-112.187355,33.53877
22827,0,-112.099915,33.503017
22828,6153,-112.047455,33.547836
22829,0,-111.9007,33.554337
22830,0,-111.92605,33.479523
22831,6154,-112.0741,33.506855
22832,0,-112.04733,33.641117
22833,0,-112.25456,33.478016
22834,0,-112.16722,33.639576
22835,2,-112.271225,33.63774
22836,6155,-112.16848,33.611618
22837,0,-112.273056,33.46414
22838,0,-111.97688,33.583424
22839,0,-112.073875,33.446995
22840,6156,-112.16722,33.639576
22841,0,-112.121895,33.670223
22842,0,-111.90624,33.37797
22843,1033,-111.976555,33.677334
22844,0,-111.936,33.41438
22845,2,-112.065636,33.44916
22846,0,-80.83188,35.156338
22847,6157,-111.92637,33.500492
22848,10,-111.89904,33.55519
22849,6158,-112.075264,33.45975
22850,6159,-112.08227,33.4657
22851,6160,-111.94796,33.30443
22852,6161,-112.07341,33.5137
22853,0,-112.13109,33.52452
22854,6162,-112.02636,33.50909
22855,6163,-111.75614,33.36745
22856,6164,-111.77975,33.37889
22857,0,-111.87605,33.3627
22858,6165,-112.13908,33.86405
22859,6166,-112.07232,33.457657
22860,0,-112.26047,33.535076
22861,6167,-112.23592,33.65222
22862,0,-112.12349,33.579052
22863,6168,-111.97678,33.675884
22864,0,-111.84169,33.3019
22865,6169,-111.88268,33.326157
22866,0,-111.89378,33.63978
22867,0,-111.98909,33.42159
22868,6170,-111.790016,33.35597
22869,6171,-112.18803,33.538708
22870,0,-112.22782,33.479523
22871,6172,-112.35845,33.494408
22872,1265,-112.30588,33.457275
22873,0,-112.15156,33.41697
22874,2,-111.93981,33.426044
22875,0,-111.90888,33.395096
22876,0,-112.22163,33.582138
22877,0,-112.15705,33.538116
22878,6173,-115.15458,36.119186
22879,6174,-112.359604,33.60966
22880,0,-112.08282,33.500736
22881,0,-112.38765,33.464397
22882,6175,-112.04831,33.508953
22883,6176,-115.175804,36.096684
22884,2,-111.928185,33.501774
22885,6177,-111.9864,33.5107
22886,6178,-112.08225,33.516342
22887,6179,-112.0791,33.454967
22888,0,-111.85407,33.39349
22889,1093,-115.13792,36.168026
22890,0,-111.926605,33.476547
22891,0,-112.11646,33.560856
22892,6180,-111.97562,33.675262
22893,0,-111.74367,33.29674
22894,0,-112.06551,33.576332
22895,0,-112.065506,33.46645
22896,0,-112.08001,33.48002
22897,0,-111.92595,33.422276
22898,0,-111.92529,33.478733
22899,2408,-112.04779,33.52229
22900,0,-112.02988,33.47868
22901,0,-111.97844,33.624424
22902,6181,-111.99538,33.44852
22903,0,-112.06476,33.4713
22904,6182,-111.80274,33.384647
22905,6183,-112.02814,33.510223
22906,0,-111.995514,33.50243
22907,0,-112.152145,33.578148
22908,0,-111.68865,33.379803
22909,6184,-111.875336,33.277004
22910,2,-3.1915004,55.946846
22911,2,-115.16559,36.12689
22912,0,-111.9348,33.42384
22913,0,-111.59897,33.379505
22914,0,-111.98451,33.509106
22915,6185,-112.13396,33.84433
22916,6186,-112.07195,33.447033
22917,6187,-115.17179,36.12469
22918,6188,-112.10039,33.488403
22919,0,-112.11621,33.525635
22920,2180,-111.98755,33.479286
22921,0,-111.92655,33.506542
22922,0,-111.87379,33.412354
22923,0,-112.010605,33.465714
22924,0,-112.05828,33.466064
22925,0,-112.05359,33.49485
22926,2,-111.742226,33.307808
22927,0,-111.92444,33.40723
22928,0,-112.08388,33.49745
22929,6189,-112.1648,33.611237
22930,6190,-112.07127,33.508995
22931,10,-115.31392,36.14581
22932,0,-112.13472,33.843456
22933,6191,-112.1105,33.71445
22934,0,-112.04639,33.5075
22935,6192,-111.95117,33.421658
22936,6193,-111.92659,33.349102
22937,0,-115.209755,36.06937
22938,0,-111.91699,33.495335
22939,2824,-111.90513,33.41494
22940,6194,-111.940254,33.425964
22941,6195,-111.92644,33.529903
22942,0,-112.217834,33.49427
22943,2,-112.26123,33.53409
22944,6196,-111.9179,33.415222
22945,6197,-112.273056,33.46414
22946,0,-111.82234,33.349255
22947,0,-112.10967,33.712368
22948,0,-111.684975,33.436657
22949,0,-112.134186,33.51087
22950,6198,-112.184326,33.539227
22951,6199,-112.09819,33.55385
22952,0,-112.1159,33.587765
22953,2,-114.92266,36.11394
22954,0,-112.39167,33.45223
22955,0,-112.26056,33.534855
22956,0,-111.89591,33.30572
22957,0,-111.747284,33.29401
22958,6200,-112.116264,33.576405
22959,0,-112.09203,33.571507
22960,10,-115.13539,36.010048
22961,6201,-112.12501,33.581825
22962,0,-111.94818,33.505783
22963,6202,-112.11836,33.58035
22964,0,-112.1231,33.58131
22965,0,-111.958885,33.34871
22966,10,-115.173515,36.103
22967,2,-115.17062,36.122112
22968,6203,-111.80445,33.37847
22969,6204,-112.39201,33.47209
22970,0,-112.09909,33.552475
22971,6205,-111.94451,33.42969
22972,6206,-112.21724,33.638668
22973,1505,-111.92695,33.580814
22974,0,-112.11762,33.524418
22975,6207,-112.11519,33.56719
22976,6208,-112.07232,33.457657
22977,0,-112.152214,33.595585
22978,6209,-111.90553,33.618706
22979,6210,-111.998886,33.435684
22980,0,-112.01323,33.47383
22981,0,-111.87938,33.364536
22982,0,-112.51256,33.495914
22983,6211,-111.92641,33.655567
22984,20,-112.073074,33.462406
22985,0,-111.93293,33.624756
22986,6212,-112.11629,33.683403
22987,6213,-112.11646,33.560856
22988,6214,-115.15951,36.113438
22989,6215,-112.06551,33.576332
22990,6216,-112.0817,33.655106
22991,6217,-112.02951,33.39999
22992,0,-115.14511,36.1741
22993,6218,-112.10967,33.712368
22994,0,-111.973885,33.679356
22995,0,-112.0739,33.500202
22996,0,-112.12288,33.667747
22997,6219,-112.114044,33.68167
22998,0,-112.07409,33.512627
22999,1785,-112.09579,33.68413
23000,6220,-112.26105,33.533955
23001,6221,-111.88892,33.56866
23002,6222,-111.85407,33.39349
23003,6223,-111.95077,33.407825
23004,6224,-112.11359,33.452225
23005,0,-111.91693,33.42156
23006,6225,-112.127,33.581833
23007,6226,-111.93897,33.39407
23008,0,-115.159805,36.1511
23009,0,-111.96778,33.305794
23010,0,-112.122055,33.58155
23011,0,-111.97846,33.598522
23012,0,-112.06516,33.519554
23013,2,-115.172714,36.11888
23014,0,-112.181595,33.552624
23015,6227,-112.13356,33.583717
23016,6228,-112.13264,33.53884
23017,0,-112.06892,33.639256
23018,1185,-112.16888,33.378666
23019,0,-112.36504,33.638195
23020,0,-111.89828,33.52388
23021,0,-112.01427,33.530174
23022,2,-111.7195,33.34711
23023,6229,-112.34139,33.438656
23024,6230,-112.07382,33.44826
23025,6231,-112.220604,33.475075
23026,6232,-112.09698,33.538143
23027,6233,-111.95117,33.421658
23028,0,-111.92746,33.442947
23029,6234,-112.25791,33.55219
23030,6235,-112.34913,33.442703
23031,0,-112.02849,33.510426
23032,0,-111.995026,33.494835
23033,6236,-112.09266,33.362442
23034,0,-112.06483,33.457333
23035,6237,-112.12928,33.799435
23036,0,-112.18589,33.462093
23037,6238,-112.166214,33.611237
23038,6239,-112.13259,33.552723
23039,6240,-112.111664,33.64012
23040,6241,-112.51256,33.495914
23041,6242,-111.97976,33.58406
23042,6243,-112.27315,33.711445
23043,6244,-112.10039,33.354465
23044,0,-112.127,33.581833
23045,10,-111.97811,33.59784
23046,6245,-112.118805,33.57948
23047,6246,-112.36504,33.638195
23048,0,-111.92796,33.49821
23049,6247,-112.043816,33.465923
23050,6248,-111.88925,33.673668
23051,6249,-111.97846,33.598522
23052,1961,-112.12003,33.64044
23053,6250,-111.914,33.39301
23054,0,-112.18475,33.612614
23055,6251,-112.06456,33.522358
23056,6252,-112.12093,33.638924
23057,6253,-111.92753,33.49919
23058,6254,-112.02123,33.496204
23059,0,-112.135994,33.56674
23060,0,-111.86837,33.4339
23061,0,-111.78645,33.30592
23062,6255,-111.85407,33.39349
23063,2,-111.93526,33.425156
23064,0,-111.563995,33.407337
23065,0,-111.99129,33.751526
23066,0,-111.78973,33.354954
23067,6256,-111.834526,33.414837
23068,6257,-111.94451,33.42969
23069,6258,-111.789635,33.279415
23070,0,-112.39379,33.45045
23071,0,-111.97956,33.742207
23072,6259,-111.91197,33.335354
23073,0,-80.94504,35.21938
23074,0,-111.92298,33.492252
23075,0,-111.73575,33.439777
23076,0,-111.634,33.24185
23077,0,-112.02951,33.39999
23078,0,-111.89698,33.62367
23079,0,-111.995995,33.50922
23080,0,-111.83505,33.415474
23081,0,-111.82584,33.41346
23082,0,-111.746376,33.309944
23083,6260,-111.84292,33.351166
23084,0,-111.860565,33.364925
23085,0,-111.92922,33.497566
23086,0,-111.95768,33.42806
23087,0,-111.888626,33.675133
23088,6261,-111.72392,33.32106
23089,6262,-111.83591,33.415443
23090,6263,-112.077576,33.458744
23091,6264,-111.997826,33.43523
23092,0,-111.860565,33.364925
23093,6265,-111.84111,33.363014
23094,6266,-89.38323,43.076836
23095,6267,-111.89497,33.582962
23096,6268,-111.92423,33.67549
23097,1603,-112.03788,33.509254
23098,0,-111.90752,33.4066
23099,0,-111.84111,33.363014
23100,0,-111.943306,33.42127
23101,6269,-111.93007,33.378265
23102,0,-111.82407,33.423416
23103,6270,-111.6876,33.325577
23104,2,-111.842766,33.302315
23105,2,-111.537415,33.57461
23106,6271,-111.90941,33.454285
23107,6272,-111.89477,33.627304
23108,0,-111.80705,33.38158
23109,0,-112.04791,33.47893
23110,0,-111.935265,33.833332
23111,0,-111.925865,33.64129
23112,0,-111.78678,33.450356
23113,0,-111.860565,33.364925
23114,6273,-112.06456,33.522358
23115,6274,-111.80628,33.384315
23116,0,-111.789505,33.452507
23117,0,-111.72392,33.32106
23118,0,-111.91341,33.408203
23119,6275,-111.790085,33.35524
23120,6276,-111.75418,33.385548
23121,0,-111.926445,33.490032
23122,3046,-111.93649,33.833767
23123,0,-111.68809,33.385452
23124,6277,-115.17582,36.09558
23125,0,-111.73215,33.451237
23126,0,-111.68375,33.383224
23127,0,-111.91155,33.40709
23128,0,-111.753044,33.392246
23129,6278,-111.72047,33.451294
23130,0,-111.716896,33.43614
23131,0,-111.906586,33.46613
23132,0,-111.77134,33.33696
23133,6279,-115.175804,36.096684
23134,6280,-112.39314,33.62682
23135,0,-111.83591,33.415443
23136,6281,-111.72688,33.414944
23137,0,-111.686104,33.38569
23138,6282,-111.68718,33.375057
23139,0,-111.92293,33.492752
23140,0,-111.86491,33.435246
23141,0,-111.8758,33.41271
23142,0,-111.93897,33.39407
23143,1105,-111.78441,33.379513
23144,0,-111.91824,33.501984
23145,6283,-111.92568,33.422756
23146,6284,-112.07354,33.456055
23147,6285,-111.92589,33.49292
23148,6286,-111.757675,33.307476
23149,0,-111.92644,33.529903
23150,6287,-111.905556,33.433037
23151,6288,-111.836136,33.416798
23152,6289,-111.73886,33.381153
23153,0,-111.80705,33.38158
23154,1785,-111.61947,33.479176
23155,2098,-112.3619,33.63822
23156,6290,-111.90752,33.4066
23157,6291,-111.55314,33.41549
23158,0,-112.273315,33.708637
23159,0,-111.583275,33.220783
23160,6292,-111.684685,33.21179
23161,10,-115.19826,36.11444
23162,98,-111.9198,33.375698
23163,0,-112.030266,33.67905
23164,0,-112.02636,33.50909
23165,810,-111.84763,33.378475
23166,0,-111.932106,33.493336
23167,0,-111.7183,33.262623
23168,6293,-115.17435,36.113964
23169,0,-111.755875,33.303925
23170,0,-111.790085,33.35524
23171,0,-111.89859,33.490013
23172,0,-111.85849,33.348263
23173,0,-111.92635,33.489796
23174,0,-111.94049,33.423412
23175,6294,-112.07358,33.442486
23176,2,-115.142006,36.17183
23177,6295,-111.88503,33.306114
23178,6296,-111.8902,33.319973
23179,0,-111.789856,33.356342
23180,0,-111.74355,33.307823
23181,0,-111.92463,33.526604
23182,0,-111.91861,33.500355
23183,6297,-111.92749,33.49697
23184,6298,-111.898415,33.297104
23185,0,-111.70326,33.46858
23186,0,-111.92754,33.480732
23187,0,-111.841156,33.29266
23188,6299,-111.9405,33.4272
23189,0,-111.78376,33.334938
23190,6300,-111.89859,33.490013
23191,0,-111.903336,33.433212
23192,0,-111.82394,33.348804
23193,0,-111.74385,33.307648
23194,0,-111.91268,33.320995
23195,0,-111.79081,33.27119
23196,6301,-111.791214,33.219017
23197,0,-111.858246,33.26385
23198,0,-111.747284,33.29401
23199,0,-111.63411,33.250214
23200,0,-111.789406,33.343132
23201,0,-111.716736,33.262703
23202,0,-111.8902,33.319973
23203,0,-112.07127,33.508995
23204,0,-112.0792,33.49111
23205,0,-111.92655,33.506542
23206,0,-112.07317,33.509285
23207,2,-115.16349,36.132664
23208,2,-112.0049,33.518227
23209,2,-112.04751,33.52433
23210,2,-111.92427,33.492287
23211,2,-111.92427,33.492287
23212,6302,-111.92902,33.50251
23213,2,-115.1765,36.10758
23214,2,-111.9192,33.500023
23215,0,-111.85832,33.32686
23216,6303,-111.92582,33.497734
23217,0,-112.03397,33.508984
23218,0,-111.94026,33.83301
23219,2,-115.17332,36.10583
23220,2,-111.93395,33.49345
23221,2,-115.17484,36.102894
23222,6304,-111.92477,33.64053
23223,2,-111.91712,33.64557
23224,6305,-112.06997,33.451385
23225,6306,-111.92638,33.49853
23226,6307,-115.175385,36.093647
23227,6308,-112.04096,33.431335
23228,6309,-111.93356,33.492912
23229,6310,-111.9276,33.498474
23230,6311,-111.8856,33.454426
23231,6312,-115.17496,36.121323
23232,0,-111.955215,33.83297
23233,10,-115.17407,36.121197
23234,2,-115.17405,36.109875
23235,2,-111.92083,33.50102
23236,2,-115.14479,36.170017
23237,6313,-115.172714,36.11888
23238,6225,-112.23992,33.595974
23239,3577,-111.9283,33.502007
23240,6314,-111.97976,33.58406
23241,0,-111.91728,33.465336
23242,0,-111.92529,33.478733
23243,6315,-111.92305,33.501965
23244,0,-111.92529,33.478733
23245,2,-115.176155,36.09279
23246,2,-115.17306,36.091965
23247,2,-111.92427,33.492287
23248,6316,-111.90849,33.430023
23249,2,-111.92306,33.49227
23250,2,-115.20836,36.099403
23251,0,-111.95462,33.615543
23252,2,-73.575485,45.48277
23253,6317,-111.94042,33.429222
23254,0,-112.026474,33.510254
23255,0,-111.93646,33.42296
23256,2,-115.17203,36.11494
23257,0,-111.931244,33.49337
23258,2,-115.16961,36.121452
23259,6318,-111.92645,33.49031
23260,6319,-111.92565,33.494263
23261,6320,-115.15152,36.10749
23262,6321,-111.75614,33.36745
23263,2,-115.1726,36.118793
23264,0,-111.98617,33.510483
23265,0,-111.75599,33.379623
23266,6322,-112.06518,33.57531
23267,0,-112.044914,33.510166
23268,0,-111.92582,33.497734
23269,6323,-112.04785,33.47196
23270,2,-115.173515,36.103
23271,0,-111.926674,33.489574
23272,6324,-111.92582,33.461185
23273,6325,-111.92237,33.501263
23274,2,-115.176704,36.09028
23275,2,-115.174706,36.01131
23276,2,-111.924095,33.493233
23277,2,-115.17493,36.10478
23278,0,-111.92951,33.322136
23279,6326,-111.92993,33.49451
23280,2,-115.16348,36.113026
23281,2,-115.17737,36.107616
23282,2604,-111.926445,33.490032
23283,2098,-111.9161,33.419567
23284,6327,-115.11687,36.072422
23285,6328,-111.92716,33.499565
23286,0,-111.92775,33.492905
23287,6329,-111.92552,33.43438
23288,2,-73.55817,45.500553
23289,6330,-111.92942,33.50284
23290,2,-115.280624,36.113846
23291,0,-111.90133,33.297695
23292,6331,-111.91492,33.421413
23293,6332,-115.16714,36.126476
23294,2,-115.15112,36.086338
23295,0,-111.89477,33.627304
23296,6333,-111.92645,33.49157
23297,0,-111.9975,33.510815
23298,6334,-111.889854,33.56891
23299,0,-111.88753,33.62979
23300,0,-111.96083,33.487644
23301,6335,-111.924644,33.497574
23302,0,-112.033966,33.465523
23303,2,-111.92958,33.493736
23304,6336,-111.926254,33.609715
23305,2,-115.17075,36.101788
23306,0,-111.92427,33.492287
23307,0,-111.87434,33.33615
23308,6337,-111.92485,33.496483
23309,0,-111.94115,33.42319
23310,0,-111.922966,33.501312
23311,6338,-111.89497,33.582962
23312,3526,-111.927,33.474373
23313,2,-115.16242,36.131897
23314,6339,-111.96444,33.67591
23315,6340,-111.924484,33.56611
23316,0,-111.92749,33.49549
23317,2,-115.17306,36.091965
23318,6341,-73.5612,45.50295
23319,2,-115.1763,36.11227
23320,0,-111.92444,33.40723
23321,0,-111.92433,33.49471
23322,2,-115.13902,36.088516
23323,2,-115.17012,36.122276
23324,2,-115.16597,36.127857
23325,0,-111.92898,33.494953
23326,6342,-111.9377,33.39286
23327,6343,-115.16961,36.121456
23328,2,-115.142006,36.17183
23329,2,-115.17341,36.118275
23330,2,-111.92769,33.499382
23331,2,-115.174644,36.109913
23332,2,-111.92796,33.490696
23333,3184,-111.92686,33.585636
23334,6344,-111.84085,33.28455
23335,0,-111.92611,33.41472
23336,0,-112.000854,33.44884
23337,6345,-112.067,33.508987
23338,0,-112.036606,33.509274
23339,0,-111.92558,33.566383
23340,10,-115.167725,36.103397
23341,0,-111.76328,33.45083
23342,0,-111.964966,33.501846
23343,6346,-111.92531,33.473274
23344,6347,-111.8758,33.41271
23345,6348,-111.90979,33.48124
23346,6349,-112.03788,33.509254
23347,0,-111.90837,33.464348
23348,6350,-111.76157,33.5782
23349,0,-111.95392,33.40789
23350,2,-73.56134,45.523285
23351,0,-111.7443,33.307983
23352,2,-73.5765,45.53093
23353,6351,-111.937614,33.377888
23354,0,-112.149605,33.56798
23355,0,-111.927124,33.459255
23356,0,-111.78991,33.355118
23357,6352,-111.85576,33.39053
23358,6353,-111.9255,33.434334
23359,2,-111.9276,33.498474
23360,0,-115.172554,36.10907
23361,6354,-112.06063,33.49443
23362,6355,-115.284355,36.138515
23363,2,-115.17019,36.123405
23364,0,-111.92593,33.493774
23365,6356,-111.92718,33.499454
23366,6357,-111.93051,33.49245
23367,0,-111.87502,33.276276
23368,6358,-111.898346,33.621647
23369,2,-115.17322,36.11784
23370,6359,-112.072014,33.455708
23371,6360,-111.91909,33.50095
23372,2,-115.174225,36.106884
23373,0,-111.99651,33.509785
23374,0,-111.85537,33.390446
23375,2,-115.17106,36.12008
23376,6361,-111.93159,33.830368
23377,0,-111.92542,33.567024
23378,6362,-112.082855,33.465343
23379,0,-111.92448,33.62557
23380,2,-73.567375,45.498024
23381,2,-3.1837537,55.949978
23382,2,-115.15126,36.1089
23383,6363,-111.9309,33.58303
23384,2,-111.92727,33.49783
23385,2,-111.92415,33.50155
23386,2,-115.175804,36.09531
23387,2,-115.174355,36.092293
23388,2,-115.181755,36.111107
23389,0,-111.93356,33.492912
23390,6364,-115.20955,36.12644
23391,10,-115.14339,36.169838
23392,6365,-112.07377,33.45838
23393,0,-112.07371,33.456326
23394,6366,-111.85664,33.233788
23395,0,-112.065636,33.44916
23396,2405,-111.92355,33.623634
23397,0,-111.92563,33.49171
23398,2,-111.92612,33.532578
23399,6367,-111.92514,33.542786
23400,6368,-111.928185,33.501774
23401,6369,-111.92753,33.49919
23402,0,-111.92462,33.49879
23403,0,-111.92572,33.526047
23404,2,-112.02814,33.510223
23405,6370,-111.92463,33.526604
23406,0,-112.073395,33.477222
23407,0,-115.17124,36.11788
23408,2,-115.22329,36.125538
23409,0,-111.966606,33.67681
23410,0,-111.96561,33.676094
23411,0,-111.93962,33.42344
23412,6371,-111.92481,33.421085
23413,0,-112.011284,33.640278
23414,1,-111.92716,33.499565
23415,2,-115.14085,36.170055
23416,0,-112.04928,33.523098
23417,0,-115.16587,36.126877
23418,0,-111.97688,33.583424
23419,6372,-111.92427,33.492287
23420,2,-115.16879,36.122967
23421,6373,-112.10129,33.678238
23422,0,-115.15539,36.11793
23423,0,-111.92708,33.508694
23424,6374,-111.92708,33.508694
23425,6375,-115.17107,36.112522
23426,0,-111.92603,33.37827
23427,2,-115.20888,36.09506
23428,0,-111.92708,33.508694
23429,6376,-111.9283,33.502007
23430,2,-111.92708,33.508694
23431,6377,-111.92793,33.489388
23432,0,-111.92432,33.499275
23433,6378,-111.99398,33.479767
23434,0,-111.9263,33.320377
23435,0,-111.79115,33.3323
23436,0,-115.10691,35.999065
23437,2,-111.92612,33.532578
23438,6379,-111.93004,33.492516
23439,0,-111.926445,33.490032
23440,6380,-111.92775,33.492905
23441,0,-111.92857,33.498913
23442,2,-111.92775,33.492905
23443,0,-112.082825,33.517372
23444,6381,-111.89283,33.58325
23445,0,-115.17012,36.122276
23446,2,-115.167755,36.123943
23447,6382,-111.92227,33.584015
23448,0,-112.027016,33.50802
23449,6383,-112.065475,33.47014
23450,0,-111.92745,33.498722
23451,0,-111.93512,33.483368
23452,6384,-111.801056,33.69663
23453,6385,-111.939285,33.39397
23454,6386,-111.92942,33.50284
23455,0,-112.26989,33.553776
23456,6387,-111.97678,33.584267
23457,0,-111.923096,33.49217
23458,0,-112.11672,33.53954
23459,0,-111.8859,33.545685
23460,2,-111.918205,33.501457
23461,0,-111.91348,33.41466
23462,6386,-111.92563,33.49171
23463,0,-111.91124,33.362206
23464,0,-111.92942,33.50284
23465,0,-111.98255,33.48009
23466,0,-111.90851,33.486828
23467,0,-111.74018,33.378
23468,2,-115.16762,36.126415
23469,0,-111.97678,33.584267
23470,0,-112.07669,33.451775
23471,10,-115.191826,36.144268
23472,3575,-111.90851,33.486828
23473,0,-112.0013,33.49514
23474,6388,-111.890274,33.56924
23475,0,-111.928894,33.49311
23476,6389,-111.95392,33.40789
23477,0,-111.91824,33.501984
23478,6390,-111.924675,33.676567
23479,2,-115.17022,36.12299
23480,0,-112.072014,33.455708
23481,0,-115.1779,36.11717
23482,0,-112.01464,33.510056
23483,0,-112.064926,33.4743
23484,2,-111.68428,33.265472
23485,0,-112.07339,33.513504
23486,6391,-112.02123,33.496204
23487,6392,-111.93631,33.422318
23488,6393,-111.91017,33.48699
23489,6394,-111.91066,33.362846
23490,0,-111.93304,33.495667
23491,6395,-111.92534,33.4944
23492,6396,-111.9235,33.625095
23493,0,-111.789505,33.452507
23494,0,-111.9251,33.42234
23495,6397,-111.91492,33.421413
23496,6398,-115.177,36.11199
23497,2,-111.9259,33.491978
23498,6399,-111.90506,33.672047
23499,10,-115.287,36.166702
23500,2,-111.906,33.542786
23501,0,-111.94099,33.423275
23502,6400,-111.930336,33.624638
23503,6401,-111.93458,33.582195
23504,6402,-115.180565,36.14486
23505,6403,-111.91419,33.466423
23506,0,-112.01417,33.511307
23507,6404,-111.91861,33.500355
23508,1795,-111.988716,33.509197
23509,0,-111.91861,33.500355
23510,6405,-115.17259,36.112953
23511,6406,-112.01186,33.572582
23512,6407,-111.924385,33.53924
23513,6408,-111.943954,33.42853
23514,6409,-111.908585,33.39378
23515,0,-111.99865,33.495285
23516,6410,-111.92365,33.625546
23517,2,-115.15387,36.110085
23518,6411,-111.9241,33.827328
23519,2,-115.169655,36.12119
23520,6412,-111.92932,33.655735
23521,2,-115.16456,36.131496
23522,0,-111.93395,33.49345
23523,6413,-111.92566,33.51083
23524,0,-111.927216,33.5314
23525,2,-115.16269,36.144295
23526,0,-111.97461,33.678616
23527,10,-111.92255,33.63534
23528,6414,-111.92758,33.578156
23529,6415,-111.91155,33.40709
23530,6260,-111.98909,33.42159
23531,6416,-111.978455,33.62746
23532,6417,-112.06516,33.519554
23533,6418,-111.978645,33.742893
23534,2,-3.195602,55.9491
23535,2,-111.92727,33.49783
23536,6419,-111.90517,33.466003
23537,2,-115.174355,36.109806
23538,10,-115.31481,36.121902
23539,0,-112.03569,33.50815
23540,10,-111.9224,33.500626
23541,0,-111.97308,33.52883
23542,0,-111.92343,33.499702
23543,0,-112.06783,33.458065
23544,6420,-115.29321,36.084576
23545,0,-112.35945,33.639774
23546,6421,-115.174706,36.01131
23547,0,-112.23505,33.633667
23548,6422,-112.06773,33.458202
23549,0,-111.92628,33.528217
23550,0,-111.9249,33.566227
23551,6423,-111.988716,33.509197
23552,6424,-111.8915,33.629436
23553,0,-111.91033,33.486916
23554,6425,-112.04244,33.471443
23555,6426,-112.03397,33.508984
23556,0,-111.8678,33.43389
23557,6427,-112.04791,33.47893
23558,2,-115.17096,36.09936
23559,6428,-111.960075,33.349594
23560,6429,-111.88905,33.628826
23561,0,-112.35845,33.494408
23562,0,-111.928795,33.502323
23563,2,-89.452324,43.07114
23564,0,-111.995514,33.50243
23565,6430,-111.924614,33.63925
23566,0,-111.88929,33.674316
23567,2,-115.17155,36.05243
23568,6431,-111.928825,33.82903
23569,6432,-111.928825,33.82903
23570,0,-111.90614,33.671265
23571,6433,-112.11634,33.68425
23572,6434,-111.97952,33.6384
23573,6435,-115.28963,36.16418
23574,6436,-111.87385,33.619835
23575,3341,-111.95183,33.50222
23576,0,-111.92627,33.637753
23577,0,-111.922195,33.500523
23578,6437,-111.88451,33.636524
23579,6438,-111.92492,33.62348
23580,0,-111.907524,33.421535
23581,6439,-111.92645,33.49031
23582,2,-115.15716,36.114746
23583,6440,-112.065475,33.47014
23584,6441,-111.98934,33.494595
23585,2,-115.17462,36.142902
23586,6442,-111.84253,33.303234
23587,6443,-115.298294,36.077114
23588,2,-111.92632,33.494377
23589,0,-111.92635,33.489796
23590,6444,-111.940254,33.425964
23591,6445,-111.9258,33.49911
23592,6446,-111.86899,33.540825
23593,2,-115.15161,36.134583
23594,6447,-111.38711,33.508118
23595,0,-111.91492,33.421413
23596,6448,-111.91835,33.636208
23597,6449,-111.92737,33.50323
23598,0,-111.91778,33.466396
23599,0,-112.012505,33.390793
23600,0,-111.90383,33.433975
23601,6450,-111.936,33.41438
23602,3999,-111.964966,33.501846
23603,2824,-111.752884,33.37769
23604,0,-111.94026,33.392635
23605,6451,-111.9245,33.624264
23606,2,-111.92606,33.453285
23607,6452,-115.174644,36.109913
23608,0,-111.92255,33.63534
23609,0,-111.84253,33.303234
23610,6453,-112.07127,33.508995
23611,6454,-111.83933,33.246418
23612,6455,-111.92414,33.6247
23613,0,-111.74338,33.30437
23614,0,-111.927,33.474373
23615,6456,-111.97644,33.610348
23616,6457,-111.93003,33.655685
23617,6458,-112.098526,33.451073
23618,0,-111.92851,33.50097
23619,6459,-115.16818,36.117462
23620,2,-115.17601,36.104332
23621,6460,-114.92888,36.102833
23622,0,-112.07409,33.512627
23623,2,-73.5655,45.5003
23624,2,-111.93472,33.42403
23625,6461,-111.84111,33.363014
23626,6462,-111.94082,33.423077
23627,2,-111.875755,33.62114
23628,2,-73.61065,45.53131
23629,2,-115.08566,36.02736
23630,2,-111.94457,33.335052
23631,0,-111.92716,33.45379
23632,0,-112.06483,33.457333
23633,6463,-111.754906,33.3078
23634,6464,-111.78514,33.334938
23635,0,-111.94758,33.42153
23636,0,-112.04729,33.546448
23637,2,-111.9283,33.502007
23638,0,-111.89255,33.69917
23639,6465,-112.0013,33.49514
23640,20,-112.06877,33.485413
23641,6466,-112.082504,33.44052
23642,6467,-111.939445,33.407463
23643,0,-111.99899,33.436527
23644,0,-111.941376,33.423275
23645,2,-111.7212,33.3666
23646,2,-115.16876,36.12438
23647,0,-111.9161,33.419567
23648,0,-112.078156,33.458477
23649,0,-112.04702,33.546608
23650,6468,-111.93472,33.42403
23651,0,-111.92645,33.497555
23652,6469,-111.9161,33.419567
23653,0,-111.92409,33.424282
23654,2,-111.86491,33.435246
23655,0,-111.91178,33.364212
23656,1701,-111.943306,33.42127
23657,0,-112.083176,33.451736
23658,6470,-111.93472,33.42403
23659,0,-111.9348,33.42384
23660,6471,-111.95056,33.42161
23661,0,-112.07397,33.513077
23662,0,-111.92869,33.467358
23663,0,-111.889534,33.41505
23664,0,-111.91492,33.421413
23665,0,-112.03839,33.507893
23666,6472,-111.90516,33.431896
23667,6473,-111.94037,33.424194
23668,6474,-111.92432,33.499275
23669,6475,-111.97982,33.49482
23670,0,-111.93644,33.422863
23671,6476,-111.85414,33.40779
23672,6477,-111.90871,33.421734
23673,6478,-111.9255,33.434334
23674,6479,-111.98837,33.47994
23675,0,-115.20641,36.17994
23676,0,-111.85576,33.39053
23677,2,-111.927635,33.57769
23678,2,-115.13056,36.10134
23679,2,-73.57851,45.49469
23680,6480,-111.90859,33.406624
23681,0,-111.90513,33.41494
23682,0,-111.89878,33.302162
23683,0,-111.98909,33.42159
23684,6481,-111.940254,33.425964
23685,0,-111.91462,33.393013
23686,2,-115.13894,36.16672
23687,0,-111.96592,33.318157
23688,6482,-111.92764,33.31837
23689,10,-111.944046,33.436962
23690,0,-112.18295,33.538418
23691,0,-111.87599,33.41335
23692,6483,-111.951614,33.421337
23693,6484,-111.85407,33.39349
23694,0,-111.88703,33.58109
23695,2,-111.92555,33.564976
23696,20,-3.1893704,55.9484
23697,6485,-111.92853,33.497345
23698,0,-112.07634,33.46553
23699,6486,-112.013855,33.63044
23700,6487,-111.74385,33.307648
23701,1105,-111.77975,33.37889
23702,0,-112.06543,33.469967
23703,6488,-111.937614,33.377888
23704,0,-112.02123,33.496204
23705,0,-111.93485,33.42268
23706,0,-115.16997,36.11293
23707,0,-111.978546,33.330902
23708,0,-111.86831,33.393795
23709,6489,-112.07009,33.44771
23710,0,-111.953125,33.42159
23711,0,-111.947525,33.407562
23712,2,-112.26192,33.534935
23713,6490,-115.176315,36.109913
23714,6491,-111.94051,33.424126
23715,0,-112.00525,33.4954
23716,2,-111.93744,33.423515
23717,6492,-115.17364,36.121155
23718,2,-115.17318,36.110085
23719,6493,-111.99224,33.30574
23720,0,-111.922,33.50141
23721,2,-115.157875,36.142757
23722,6494,-112.07358,33.442486
23723,2955,-115.16938,36.10251
23724,6495,-112.01238,33.59742
23725,0,-111.928795,33.502323
23726,2,-115.15126,36.1089
23727,0,-115.13037,36.179367
23728,2,-111.87686,33.54105
23729,0,-112.07289,33.51061
23730,0,-111.8902,33.319973
23731,0,-111.78514,33.334938
23732,0,-112.06543,33.469967
23733,0,-115.167015,36.126884
23734,2,-73.61492,45.536034
23735,0,-111.93508,33.424995
23736,2,-112.071884,33.44986
23737,0,-3.1786451,55.937122
23738,2,-111.913055,33.36342
23739,6496,-115.22487,36.06982
23740,6497,-111.90713,33.335182
23741,6498,-111.875916,33.276257
23742,0,-111.9265,33.49973
23743,0,-111.92644,33.44929
23744,6499,-111.995995,33.50922
23745,0,-111.926025,33.623665
23746,0,-111.95717,33.303223
23747,0,-111.927574,33.39089
23748,0,-111.92563,33.49171
23749,0,-112.065346,33.519466
23750,0,-112.043816,33.465923
23751,0,-111.95149,33.42273
23752,0,-111.916046,33.696815
23753,6500,-111.88846,33.70003
23754,0,-111.91998,33.41531
23755,6501,-112.51256,33.495914
23756,6502,-111.924675,33.676567
23757,0,-111.940834,33.426746
23758,2,-115.172554,36.111877
23759,6503,-111.68764,33.324013
23760,0,-112.120346,33.64042
23761,6504,-111.864815,33.611557
23762,0,-111.72101,33.43516
23763,0,-111.94652,33.422188
23764,2,-115.143524,36.170765
23765,0,-112.06567,33.487747
23766,0,-111.877106,33.337326
23767,0,-112.01186,33.572582
23768,0,-111.84237,33.303696
23769,0,-111.90847,33.47997
23770,10,-112.07405,33.44995
23771,6505,-115.17406,36.107925
23772,2,-111.97018,33.410862
23773,2,-115.178,36.068428
23774,0,-111.95392,33.40789
23775,6506,-111.90849,33.430023
23776,0,-111.790016,33.35597
23777,0,-111.89497,33.582962
23778,6507,-112.079285,33.455036
23779,0,-111.897285,33.52323
23780,6508,-111.92294,33.50128
23781,6509,-111.926605,33.476547
23782,6510,-115.17134,35.96494
23783,2,-115.16918,36.10844
23784,0,-112.07391,33.506207
23785,0,-111.940254,33.425964
23786,2,-115.16948,35.96504
23787,2315,-111.99878,33.303734
23788,0,-112.05403,33.306946
23789,0,-112.00005,33.495453
23790,6511,-111.929115,33.582672
23791,0,-111.922424,33.637104
23792,0,-112.06773,33.458202
23793,0,-111.633095,33.24912
23794,0,-111.94082,33.423077
23795,0,-111.98633,33.60024
23796,2,-115.15112,36.086338
23797,0,-112.07427,33.447517
23798,0,-111.92632,33.494377
23799,0,-111.6692,33.30979
23800,2,-115.17143,36.135014
23801,0,-112.02814,33.510223
23802,0,-111.87578,33.41316
23803,6512,-112.277504,33.598698
23804,6513,-112.013145,33.656208
23805,0,-111.938225,33.378216
23806,6514,-111.938194,33.377796
23807,6515,-111.90998,33.347878
23808,0,-111.72392,33.32106
23809,0,-111.90871,33.421734
23810,6516,-111.938225,33.378216
23811,0,-111.59864,33.38231
23812,6517,-111.85813,33.320015
23813,0,-112.04244,33.471443
23814,0,-111.92588,33.61741
23815,2,-115.16363,36.13698
23816,2,-111.90974,33.363396
23817,2551,-111.908585,33.39378
23818,0,-112.06543,33.56062
23819,0,-111.92239,33.501007
23820,0,-111.8754,33.337067
23821,0,-111.907875,33.377914
23822,6518,-111.930984,33.79885
23823,6519,-111.78953,33.354343
23824,6520,-112.06783,33.458065
23825,6521,-112.18393,33.53842
23826,0,-112.010605,33.465714
23827,6522,-112.33852,33.449104
23828,6523,-112.18157,33.539257
23829,0,-112.18803,33.538708
23830,6524,-112.15203,33.55381
23831,0,-112.42459,33.622913
23832,0,-112.20145,33.637093
23833,6525,-112.27275,33.46457
23834,10,-112.16552,33.53812
23835,6526,-111.98451,33.509106
23836,0,-112.0305,33.678318
23837,17,-112.357735,33.609158
23838,0,-112.33321,33.492413
23839,6527,-112.028336,33.480034
23840,2,-111.923256,33.58223
23841,6528,-112.3355,33.460354
23842,6529,-112.39382,33.45773
23843,6530,-112.06476,33.471985
23844,6531,-111.92378,33.824936
23845,6532,-112.06296,33.656124
23846,6533,-111.86569,33.53887
23847,0,-112.135994,33.56674
23848,6534,-112.171936,33.638557
23849,6535,-112.06516,33.519554
23850,0,-111.93321,33.652534
23851,0,-112.07484,33.447174
23852,0,-111.979454,33.77117
23853,0,-112.74282,33.96623
23854,6536,-112.04791,33.47893
23855,6537,-112.390724,33.638966
23856,6538,-112.39544,33.63827
23857,0,-112.127,33.581833
23858,0,-112.42551,33.43777
23859,0,-112.359604,33.60966
23860,0,-112.26056,33.534855
23861,0,-112.18537,33.610764
23862,6539,-112.30007,33.594315
23863,6540,-112.277504,33.598698
23864,10,-115.32508,36.124886
23865,0,-112.06516,33.519554
23866,2,-111.887695,33.538803
23867,6541,-115.20635,35.995155
23868,6542,-111.90897,33.82203
23869,0,-112.261604,33.534298
23870,0,-112.261986,33.534485
23871,0,-115.14479,36.170017
23872,6543,-115.172455,36.106503
23873,2,-115.15627,36.14684
23874,2,-115.17119,36.12122
23875,6544,-115.17124,36.11788
23876,2,-115.167694,36.103054
23877,2,-114.984634,36.04278
23878,2,-115.172714,36.118225
23879,0,-115.14055,36.169167
23880,6545,-115.13688,36.11789
23881,2,-115.072075,36.07385
23882,6546,-115.071754,36.070538
23883,6547,-115.175064,36.107677
23884,2,-115.009346,36.03198
23885,6548,-115.20848,36.083973
23886,10,-115.13221,36.114044
23887,2,-115.159805,36.1511
23888,6549,-115.28346,36.201614
23889,6550,-115.11668,36.187164
23890,10,-115.04282,36.067123
23891,10,-115.17227,36.11837
23892,10,-115.12155,36.04155
23893,10,-114.98361,36.03274
23894,10,-115.17154,36.0512
23895,6551,-115.117096,36.016495
23896,10,-115.096146,36.072655
23897,10,-115.17345,36.10306
23898,6552,-115.173706,36.107292
23899,10,-115.13609,36.01191
23900,10,-115.17419,36.1212
23901,6553,-115.20685,36.11581
23902,6554,-115.04675,36.043884
23903,10,-115.04165,36.05552
23904,2,-115.33383,36.15735
23905,6555,-114.985695,36.03497
23906,10,-115.08336,36.022465
23907,6556,-115.27839,36.058018
23908,6557,-115.07656,36.071907
23909,6558,-115.15716,36.114746
23910,10,-115.177536,36.06837
23911,10,-115.334236,36.145416
23912,6559,-115.236496,36.24345
23913,6560,-115.04155,36.063816
23914,2,-115.1187,36.01658
23915,2,-115.14528,36.17145
23916,10,-115.18949,36.10455
23917,6561,-115.139915,36.169243
23918,6562,-115.1396,36.169117
23919,10,-115.13463,36.161926
23920,6563,-115.07974,36.072388
23921,10,-115.10377,36.130226
23922,6564,-115.29826,36.07897
23923,10,-115.17636,36.117344
23924,6565,-115.08267,36.069874
23925,2,-115.25826,36.195614
23926,6566,-115.1912,36.039337
23927,6567,-115.16296,36.12714
23928,2,-115.17581,36.08995
23929,6568,-114.96395,36.01146
23930,10,-115.1068,36.071945
23931,10,-115.190506,36.08786
23932,10,-115.07974,36.072388
23933,10,-115.14253,36.169502
23934,6569,-115.175285,36.06618
23935,10,-115.152336,36.11395
23936,6570,-115.24406,36.085598
23937,2,-114.96364,36.013103
23938,10,-115.13694,36.11391
23939,10,-115.0833,36.00489
23940,10,-114.98542,36.033108
23941,6571,-115.244194,36.045704
23942,10,-115.10044,35.979927
23943,6572,-115.17223,36.06783
23944,10,-115.1613,36.138298
23945,10,-115.28672,36.167316
23946,2,-115.19228,36.144
23947,10,-115.18343,36.041916
23948,10,-115.226974,36.11462
23949,10,-115.20026,36.03485
23950,2,-115.25988,36.203743
23951,6573,-115.24157,36.144634
23952,6574,-115.17864,36.287773
23953,10,-115.24211,36.24991
23954,10,-115.11279,36.005222
23955,10,-115.22455,36.238483
23956,10,-115.297585,36.09778
23957,10,-115.29776,36.097992
23958,10,-115.207794,36.276955
23959,10,-115.17876,36.285034
23960,10,-115.2317,36.23775
23961,10,-115.265976,36.168346
23962,2,-111.92627,33.637753
23963,6575,-115.19215,36.042213
23964,10,-114.962135,36.013103
23965,10,-115.163124,36.133614
23966,2,-115.19534,36.114998
23967,2,-115.17603,36.11833
23968,2,-115.06262,36.02959
23969,6576,-115.1746,36.116764
23970,2,-115.19528,36.11444
23971,2,-111.92177,33.636818
23972,2,-115.17698,36.111977
23973,2,-115.14844,36.16738
23974,2,-115.16474,36.069073
23975,2,-115.172295,36.127068
23976,2,-112.07232,33.457657
23977,2,-115.17124,36.11788
23978,2,-115.1732,36.104378
23979,2,-115.17124,36.11788
23980,2,-115.16965,36.121864
23981,3711,-115.17089,36.114025
23982,2,-115.17205,36.11012
23983,6577,-115.1529,36.13159
23984,6578,-115.17199,36.12483
23985,2,-115.17106,36.11242
23986,2,-115.16929,36.122322
23987,2,-115.15112,36.086338
23988,2,-115.139175,36.116707
23989,2,-115.17028,36.12433
23990,2,-115.173904,36.110092
23991,2,-115.13567,36.176983
23992,2,-115.15387,36.110085
23993,2,-115.17249,36.105267
23994,2,-115.17421,36.106213
23995,10,-115.17457,36.127308
23996,2,-115.17577,36.10771
23997,2,-115.17096,36.112534
23998,6579,-115.16309,36.136738
23999,2,-115.17223,36.110733
24000,2,-115.14626,36.17125
24001,2,-115.17688,36.111946
24002,2,-115.17167,36.11025
24003,2,-115.16961,36.121456
24004,2,-115.1696,36.121452
24005,2,-115.16907,36.124435
24006,2,-115.173874,36.109753
24007,2,-115.17407,36.121197
24008,2,-115.169655,36.12119
24009,2,-115.17223,36.105675
24010,2,-115.167015,36.126884
24011,2,-115.17437,36.10206
24012,2,-115.209816,36.14866
24013,2,-111.922,33.50141
24014,2,-115.17516,36.109875
24015,2,-115.17503,36.118713
24016,2,-115.17637,36.06801
24017,10,-115.18231,36.140705
24018,2,-73.57754,45.516373
24019,2,-115.14479,36.170017
24020,2,-115.166954,36.106236
24021,2,-115.17103,36.099377
24022,17,-115.17786,36.117294
24023,2,-115.17131,36.115993
24024,2,-115.28482,36.291054
24025,2,-115.06245,36.112835
24026,2,-115.17086,36.10993
24027,2,-115.172554,36.115673
24028,2,-115.17277,36.10408
24029,2,-115.16961,36.121452
24030,2,-115.14479,36.170017
24031,2,-115.15126,36.10913
24032,2,-80.838196,35.22776
24033,2,-115.17601,36.104332
24034,2,-115.17113,36.12856
24035,2,-115.176575,36.091194
24036,2,-115.169655,36.12119
24037,2,-115.17022,36.123844
24038,2,-115.17575,36.108307
24039,2,-115.17625,36.092876
24040,2,-115.172295,36.127068
24041,2,-115.18219,36.10132
24042,2,-115.17831,36.12849
24043,2,-115.17712,36.13198
24044,6580,-115.174644,36.109913
24045,2,-115.1725,36.110065
24046,2,-115.139915,36.169243
24047,2,-115.17459,36.112022
24048,2,-115.1546,36.11997
24049,6581,-111.99783,33.437214
24050,2,-73.55761,45.50377
24051,2,-115.180664,36.291985
24052,2,-115.1695,36.10743
24053,2,-115.19822,36.12595
24054,2,-115.18697,36.115337
24055,2,-115.169914,36.14376
24056,2,-115.16009,36.113396
24057,2,-115.17575,36.108307
24058,2,-115.17818,36.10713
24059,2,-112.073425,33.447334
24060,10,-115.05253,36.049995
24061,6582,-115.18219,36.10132
24062,2,-115.17087,36.10242
24063,2,-115.15112,36.086338
24064,2,-115.15112,36.086338
24065,2,-115.17299,36.128223
24066,2,-115.17259,36.112953
24067,2,-115.12652,36.15846
24068,2,-115.170906,36.103455
24069,10,-115.14511,36.1741
24070,2,-115.172714,36.11888
24071,2,-115.17563,36.082973
24072,2,-89.502594,43.04894
24073,2,-115.14639,36.081303
24074,2,-115.209366,36.11818
24075,2,-115.179085,36.11224
24076,2,-115.16559,36.12689
24077,2,-80.84341,35.221325
24078,2,-115.177,36.11199
24079,10,-115.172554,36.111877
24080,2,-115.17087,36.10242
24081,2,-115.174644,36.109913
24082,6583,-115.16591,36.127495
24083,2,-115.17179,36.12469
24084,2,-115.17086,36.10993
24085,2,-115.15112,36.086338
24086,6584,-115.180626,36.29249
24087,2,-115.16929,36.122322
24088,2,-115.17106,36.11242
24089,2,-115.15112,36.086338
24090,6585,-115.17516,36.109875
24091,1,-79.92427,40.459957
24092,2,-115.17262,36.12956
24093,10,-115.1725,36.110065
24094,2,-115.16587,36.126877
24095,2,-115.117096,36.016495
24096,2,-115.15261,36.151554
24097,2,-115.17459,36.112022
24098,2,-112.06836,33.457863
24099,10,-115.155754,36.14755
24100,10,-115.18231,36.140705
24101,6586,-115.16363,36.13698
24102,2,-115.16915,36.054928
24103,6587,-3.161845,55.94409
24104,2,-115.15112,36.086338
24105,2,-115.1398,36.16868
24106,2,-115.17753,36.10671
24107,2,-115.17688,36.111946
24108,10,-111.92667,33.48332
24109,2,-115.17156,36.10262
24110,2,-115.17135,36.112526
24111,2,-115.17119,36.12122
24112,2,-80.94362,35.219006
24113,2,-115.17259,36.112953
24114,2,-115.17234,36.110107
24115,2,-115.1775,36.112507
24116,2,-112.00699,33.435463
24117,2,-115.1613,36.138298
24118,2,-89.38087,43.07401
24119,2,-115.174644,36.109913
24120,2,-115.17641,36.11316
24121,10,-112.11646,33.560856
24122,2,-115.1725,36.110065
24123,2,-73.61492,45.536034
24124,2,-73.56646,45.49992
24125,2,-80.005325,40.447388
24126,2,-115.17419,36.110485
24127,2,-115.1684,36.124554
24128,2,-115.17625,36.092876
24129,2,-115.1726,36.115604
24130,2,-115.17787,36.11706
24131,2,-115.149414,36.085884
24132,2,-115.1765,36.10758
24133,2,-115.15112,36.086338
24134,2,-115.14479,36.170017
24135,10,-115.333855,36.155964
24136,2,-115.15125,36.136257
24137,2,-115.16885,36.1231
24138,2,-115.172455,36.106503
24139,2,-115.17273,36.108913
24140,2,-115.15112,36.086338
24141,2,-115.15112,36.086338
24142,0,-112.07331,33.45167
24143,2,-115.17849,36.10924
24144,2,-115.13639,36.173893
24145,2,-115.17341,36.118275
24146,2,-115.20888,36.09506
24147,6588,-115.1741,36.12124
24148,2,-115.19819,36.125896
24149,2,-115.171524,36.119305
24150,2,-115.174644,36.109913
24151,2,-115.15568,36.14763
24152,2,-73.57754,45.516373
24153,2,-115.1952,36.11531
24154,6589,-115.15114,36.08499
24155,2,-115.17818,36.106815
24156,6590,-115.14085,36.170055
24157,2,-115.17315,36.10988
24158,2,-115.17259,36.112953
24159,2,-115.17726,36.094547
24160,2,-115.176315,36.109913
24161,2,-115.167755,36.123943
24162,10,-115.17669,36.117455
24163,2,-115.16901,35.965446
24164,38,-115.17234,36.110107
24165,2,-115.175804,36.09531
24166,2,-115.173874,36.109753
24167,2,-115.17582,36.09558
24168,2,-115.17223,36.110733
24169,10,-115.17422,36.109562
24170,2,-115.17234,36.10353
24171,2,-115.16908,36.124203
24172,10,-115.17785,36.276077
24173,0,-115.16427,36.059887
24174,2,-115.141884,36.16918
24175,2,-115.1726,36.112434
24176,2,-115.15112,36.086338
24177,2,-115.14637,36.124424
24178,2,-115.17234,36.110107
24179,2,-115.17105,36.12595
24180,2,-115.175385,36.09326
24181,2,-115.1725,36.110065
24182,2,-115.14224,36.170544
24183,2,-115.17322,36.109215
24184,2,-115.33439,36.156796
24185,2,-115.17177,36.11931
24186,2,-115.29302,36.157192
24187,2,-115.174416,36.1097
24188,38,-73.60211,45.522434
24189,2,-73.56646,45.49992
24190,2,-115.16963,36.117516
24191,2,-111.790115,33.356728
24192,2,-115.15097,36.085175
24193,2,-115.1682,36.087383
24194,2,-115.17364,36.121155
24195,2,-115.141884,36.16918
24196,2,-115.17575,36.108307
24197,2,-115.17688,36.091255
24198,2,-111.92796,33.49821
24199,2,-115.17306,36.091965
24200,2,-115.17516,36.109875
24201,2,-115.17278,36.0908
24202,2,-115.17382,36.107162
24203,2,-115.176575,36.091194
24204,2,-115.174355,36.109806
24205,2,-115.17179,36.12469
24206,2,-115.17818,36.106815
24207,2,-115.167755,36.123943
24208,17,-115.121475,36.1005
24209,2,-112.261375,33.539352
24210,2,-115.17516,36.109875
24211,6591,-115.169754,36.102917
24212,2,-115.17818,36.106815
24213,2,-115.16578,36.128788
24214,2,-115.164345,36.06004
24215,2,-115.23995,36.14467
24216,10,-115.26203,36.070213
24217,10,-115.16559,36.12689
24218,2,-115.072075,36.07385
24219,2,-115.1741,36.12124
24220,2,-115.16591,36.127495
24221,2,-115.174644,36.109913
24222,2,-115.17119,36.12122
24223,2,-115.16587,36.126877
24224,2,-115.17674,36.10449
24225,2,-115.14556,36.172424
24226,2,-115.175804,36.096684
24227,10,-115.19189,36.126472
24228,2,-115.16994,36.109863
24229,2,-115.15112,36.086338
24230,2,-115.17405,36.109875
24231,2,-115.15185,36.084736
24232,2,-115.17279,36.11766
24233,10,-115.15112,36.086338
24234,2,-115.172554,36.115673
24235,2,-115.17641,36.11316
24236,2,-115.16427,36.059887
24237,2,-115.17131,36.11928
24238,2,-115.17322,36.109215
24239,2,-115.16456,36.131496
24240,2,-115.17019,36.123405
24241,2,-111.997986,33.435844
24242,2,-115.17618,36.115856
24243,2,-115.17618,36.115856
24244,2,-115.17652,36.11301
24245,2,-115.17613,36.107327
24246,10,-115.15112,36.086338
24247,2,-115.15112,36.086338
24248,2,-115.15112,36.086338
24249,2,-115.169266,36.102703
24250,2,-115.17652,36.11303
24251,2,-115.17105,36.12595
24252,2,-115.15323,36.042797
24253,2,-115.1726,36.118793
24254,17,-115.17131,36.11928
24255,2,-115.175804,36.096684
24256,10,-115.300064,36.100872
24257,10,-115.17143,36.135014
24258,2,-115.15112,36.086338
24259,2,-115.1694,36.103397
24260,2,-115.17234,36.110107
24261,2,-115.15112,36.086338
24262,10,-115.17459,36.112022
24263,10,-115.17473,36.098732
24264,2,-115.17087,36.10242
24265,2,-115.17234,36.11635
24266,2,-115.16591,36.127686
24267,2,-115.16996,36.10984
24268,2,-115.13987,36.168903
24269,2,-115.15401,36.1169
24270,2,-115.17086,36.10993
24271,2,-115.14528,36.17145
24272,2,-115.164345,36.06004
24273,2,-115.15112,36.086338
24274,10,-115.30981,36.221638
24275,2,-73.59721,45.518276
24276,6592,-115.15112,36.086338
24277,2,-115.171776,36.102093
24278,2,-115.17503,36.118713
24279,2,-115.13792,36.168026
24280,10,-115.04147,36.061275
24281,2,-115.17374,36.10743
24282,2,-115.15112,36.086338
24283,2,-115.17395,36.11303
24284,2,-115.14489,36.168705
24285,2,-115.167755,36.123943
24286,10,-115.33241,36.15822
24287,6593,-115.15112,36.086338
24288,10,-115.1469,36.11501
24289,2,-115.17253,36.10185
24290,2,-115.176315,36.109913
24291,2,-115.176315,36.109913
24292,2,-115.17229,36.115147
24293,2,-115.18286,36.0408
24294,2,-115.17684,36.1206
24295,2,-115.17354,36.109516
24296,10,-115.17457,36.11622
24297,2,-115.169655,36.12119
24298,2,-111.842255,33.302425
24299,2,-115.167755,36.123943
24300,2,-115.172325,36.12454
24301,2,-115.17481,36.10987
24302,10,-115.224075,36.12743
24303,2,-115.179085,36.11224
24304,2,-115.175896,36.097015
24305,10,-115.06262,36.02959
24306,2,-115.16961,36.121456
24307,2,-115.16587,36.126877
24308,0,-115.17641,36.11316
24309,2,-115.166954,36.106236
24310,2,-115.174644,36.109913
24311,2,-115.17688,36.091255
24312,6594,-115.169655,36.12119
24313,6595,-115.17457,36.102413
24314,2,-115.17395,36.11303
24315,2,-115.14639,36.081303
24316,2,-115.19534,36.114998
24317,6596,-115.1563,36.142338
24318,2,-115.17127,36.11288
24319,2,-115.1988,36.11421
24320,2,-115.175804,36.09531
24321,2,-115.174355,36.109806
24322,2,-115.175385,36.093647
24323,98,-115.15112,36.086338
24324,2,-115.13573,36.118217
24325,2,-115.24255,36.148113
24326,2,-115.167755,36.123943
24327,6597,-115.18644,36.11881
24328,2,-115.14224,36.170544
24329,2,-115.15054,36.083168
24330,2,-115.1746,36.116764
24331,2,-73.57578,45.50141
24332,2,-115.1726,36.101814
24333,2,-115.17337,36.104424
24334,2,-115.172455,36.12073
24335,6598,-115.142006,36.17183
24336,2,-115.17086,36.10993
24337,6599,-115.1736,36.104923
24338,2,-115.17516,36.109875
24339,2,-115.17413,36.109634
24340,10,-115.224075,36.12743
24341,2,-115.17497,36.095417
24342,6600,-115.15112,36.086338
24343,2,-115.1684,36.124554
24344,2,-115.15374,36.084
24345,2,-115.17503,36.118713
24346,2,-115.17075,36.101788
24347,10,-115.3115,36.158897
24348,10,-115.20888,36.09506
24349,10,-115.332726,36.148315
24350,2,-115.15112,36.086338
24351,2,-115.17575,36.108307
24352,10,-115.27973,36.119114
24353,2,-115.172455,36.106503
24354,1,-115.15069,36.088383
24355,2,-115.15112,36.086338
24356,10,-115.15112,36.086338
24357,6601,-115.171135,36.117336
24358,2,-115.15112,36.086338
24359,2,-115.176346,36.117317
24360,10,-115.15112,36.086338
24361,10,-115.17841,36.06958
24362,2,-115.15112,36.086338
24363,2,-115.175804,36.09531
24364,2,-115.209915,36.126427
24365,2,-115.15112,36.086338
24366,2,-115.209656,36.126728
24367,2,-115.167725,36.103397
24368,2,-115.171524,36.05969
24369,6602,-115.172554,36.115673
24370,2,-115.17473,36.098732
24371,10,-115.15435,36.143963
24372,2,-115.14639,36.081303
24373,2,-115.175804,36.096684
24374,2,-115.14639,36.081303
24375,10,-115.13056,36.10134
24376,2,-115.17516,36.109875
24377,10,-115.14639,36.081303
24378,10,-115.03808,36.064583
24379,6603,-80.00198,40.442326
24380,2,-115.13967,36.168945
24381,2,-115.17089,36.114025
24382,6604,-115.16818,36.117462
24383,2,-115.15539,36.11793
24384,10,-115.14639,36.081303
24385,6605,-115.14639,36.081303
24386,10,-115.26203,36.070213
24387,6606,-115.118126,36.015793
24388,2,-115.17435,36.113964
24389,2,-115.14085,36.170055
24390,2,-115.17641,36.11316
24391,2,-115.174644,36.109913
24392,6607,-115.14639,36.081303
24393,2,-115.14639,36.081303
24394,2,-115.17093,36.110065
24395,10,-115.27994,36.122913
24396,2,-89.38101,43.074238
24397,6608,-115.292046,36.15843
24398,2,-115.167755,36.123943
24399,10,-115.11874,36.084557
24400,2,-111.68719,33.375053
24401,2,-115.21197,36.12554
24402,2,-115.33439,36.156796
24403,10,-115.04797,36.025887
24404,10,-115.30234,36.206795
24405,10,-115.167755,36.123943
24406,10,-115.20959,36.12621
24407,6609,-115.1837,36.071865
24408,6610,-115.29539,36.072163
24409,2,-115.22587,36.055244
24410,2,-115.17516,36.109875
24411,2,-115.17698,36.107407
24412,2,-115.16901,35.965446
24413,2,-115.167,36.12617
24414,6611,-115.278175,36.041817
24415,2,-115.15152,36.10749
24416,2,-115.1379,36.13884
24417,2,-115.17556,36.098907
24418,6612,-115.17712,36.13198
24419,2,-115.17332,36.11567
24420,2,-115.17259,36.112953
24421,2,-115.17028,36.12433
24422,2,-115.17259,36.112953
24423,2,-115.13902,36.088516
24424,2,-115.168106,36.103798
24425,2,-115.1563,36.142338
24426,2,-115.17582,36.11773
24427,2,-115.17156,36.10262
24428,2,-115.16962,36.121437
24429,2,-115.173996,36.01219
24430,0,-115.176575,36.091194
24431,2,-115.167755,36.123943
24432,10,-115.18035,36.261158
24433,2,-115.17196,36.120907
24434,4932,-115.2531,36.274574
24435,6613,-88.20279,40.11339
24436,2,-115.144745,36.17295
24437,2,-115.144745,36.17295
24438,10,-115.242615,36.112545
24439,2,-115.1726,36.101814
24440,2,-115.17262,36.12956
24441,10,-115.20995,36.12662
24442,6614,-115.17106,36.12008
24443,2,-115.17641,36.11316
24444,2,-115.1455,36.17223
24445,2,-115.135,36.1155
24446,10,-115.29747,36.059624
24447,2,-115.17259,36.112953
24448,2,-115.172424,36.101204
24449,2,-115.174416,36.1097
24450,10,-115.17457,36.102413
24451,10,-115.20848,36.07308
24452,2,-115.1728,36.112175
24453,10,-115.180664,36.291985
24454,6615,-115.14553,36.16981
24455,10,-115.20899,36.09942
24456,2,-115.17223,36.06783
24457,6616,-115.04147,36.061275
24458,6617,-115.132935,36.16576
24459,2,-115.172325,36.12454
24460,2,-115.144745,36.17295
24461,2,-115.13913,36.168243
24462,2,-115.17215,36.10529
24463,2,-115.14585,36.17115
24464,6618,-115.14308,36.16939
24465,10,-115.1396,36.169117
24466,2,-115.16744,36.127686
24467,2,-115.17556,36.091885
24468,6619,-115.1726,36.118793
24469,6620,-115.14569,36.172077
24470,2,-115.17278,36.0908
24471,6621,-115.15226,36.10708
24472,2,-89.32574,43.126083
24473,2,-115.17106,36.11242
24474,10,-115.17101,36.12469
24475,2,-115.14626,36.17125
24476,2,-115.17516,36.109875
24477,6622,-115.17113,36.12856
24478,2,-115.16009,36.113396
24479,2,-115.17028,36.12229
24480,6623,-115.17205,35.965473
24481,6624,-115.12092,36.240192
24482,2,-115.01672,36.086227
24483,6625,-115.266525,36.272766
24484,10,-111.92269,33.500526
24485,6626,-115.14788,36.161
24486,6627,-115.14788,36.161
24487,10,-115.14788,36.161
24488,6628,-115.14467,36.17062
24489,10,-115.174416,36.1097
24490,2,-115.174644,36.109913
24491,10,-115.16559,36.12689
24492,2,-115.17737,36.107616
24493,10,-115.20722,36.03344
24494,6629,-115.19878,36.099304
24495,6630,-115.08336,36.022465
24496,10,-115.17516,36.091866
24497,10,-115.147255,36.15942
24498,10,-115.16269,36.144295
24499,10,-115.20738,36.071205
24500,6631,-115.15254,36.151268
24501,6632,-115.209656,36.127045
24502,2,-73.56016,45.508232
24503,2,-111.899635,33.554825
24504,2,-115.19482,36.114483
24505,2,-115.17652,36.07
24506,2,-115.14626,36.17125
24507,2,-115.17849,36.10924
24508,2,-115.16559,36.12689
24509,2,-115.17106,36.11242
24510,2,-115.17712,36.13198
24511,2,-115.28255,36.17358
24512,2,-115.14337,36.170143
24513,2,-115.14626,36.17125
24514,10,-115.17496,36.121323
24515,6633,-115.14626,36.17125
24516,6634,-115.176414,36.092564
24517,38,-73.750114,45.456585
24518,6635,-115.33295,36.146164
24519,6636,-115.14624,36.171215
24520,10,-115.19094,36.126175
24521,6637,-115.24008,36.09863
24522,10,-115.26041,36.143772
24523,2,-115.11774,36.01748
24524,10,-115.26182,36.11304
24525,6638,-115.17277,36.10465
24526,10,-115.20887,36.094456
24527,10,-115.28299,36.070362
24528,10,-115.2983,36.11527
24529,10,-115.19577,36.10505
24530,10,-115.202896,36.143837
24531,6639,-115.298485,36.078434
24532,6640,-115.17556,36.098907
24533,10,-115.11528,36.2796
24534,2,-115.133804,36.179955
24535,10,-115.133804,36.179955
24536,2,-115.137505,36.08225
24537,6641,-115.13056,36.10134
24538,2,-115.133804,36.179955
24539,10,-115.13962,36.170086
24540,10,-115.17864,36.287773
24541,10,-115.11157,36.00645
24542,10,-115.13452,36.165707
24543,10,-115.250565,36.14357
24544,6642,-115.142006,36.17183
24545,10,-115.08566,36.025993
24546,10,-115.16242,36.131897
24547,6643,-115.16963,36.117516
24548,10,-115.13553,36.166763
24549,10,-115.14479,36.170017
24550,6644,-115.1401,36.169327
24551,10,-115.14055,36.169167
24552,2,-115.14064,36.167877
24553,2,-115.15822,36.161972
24554,2,-115.1741,36.121082
24555,2,-89.38354,43.07628
24556,6645,-115.17332,36.10583
24557,2,-80.00217,40.44336
24558,10,-115.17131,36.11928
24559,10,-115.17087,36.10242
24560,2,-115.17103,36.099377
24561,2,-115.278175,36.041817
24562,2,-115.17578,36.109585
24563,10,-115.127,36.100117
24564,2,-115.14289,36.143345
24565,2,-115.244156,36.047306
24566,2,-115.172714,36.10941
24567,2,-111.87735,33.30606
24568,2,-115.185875,36.126682
24569,10,-115.207535,36.114986
24570,2,-89.38354,43.07628
24571,2,-115.17274,36.11424
24572,6646,-115.278175,36.041817
24573,2,-115.16792,36.11547
24574,2,-115.15716,36.114746
24575,2,-115.17406,36.107925
24576,2,-115.141846,36.17241
24577,0,-111.92968,33.502594
24578,2,-115.13808,36.167904
24579,2,-115.174934,36.065132
24580,2,-115.14556,36.172424
24581,10,-115.04282,36.067123
24582,2,-115.17087,36.10242
24583,2,-115.20698,36.099552
24584,10,-115.173874,36.121906
24585,2,-115.167404,36.126812
24586,2,-115.17688,36.091255
24587,2,-80.88002,35.17877
24588,2,-112.261795,33.53378
24589,2,-115.13056,36.10134
24590,4545,-115.141975,36.170124
24591,2,-115.1952,36.11531
24592,2,-115.17382,36.107162
24593,2,-112.106575,33.683804
24594,2,-115.173874,36.10978
24595,2,-115.143524,36.170765
24596,6647,-115.14513,36.17488
24597,2,-115.140305,36.168964
24598,6648,-115.16961,36.121452
24599,2567,-115.186485,36.1187
24600,2,-115.16908,36.124203
24601,2,-115.191826,36.144268
24602,6649,-115.14253,36.169502
24603,6650,-115.163124,36.133614
24604,2,-115.17395,36.11303
24605,2,-115.20734,36.088776
24606,10,-115.174416,36.1097
24607,2,-115.155556,36.14742
24608,10,-115.14479,36.170017
24609,2,-115.179085,36.11224
24610,10,-115.13792,36.168026
24611,6651,-115.17751,36.117035
24612,6652,-115.186485,36.1187
24613,6653,-115.16961,36.121452
24614,6654,-115.17669,36.117455
24615,10,-115.15202,36.159885
24616,6655,-115.1752,36.09869
24617,2,-115.17437,36.10206
24618,2,-115.14253,36.169502
24619,2,-115.176315,36.109913
24620,6656,-115.33387,36.152832
24621,10,-111.92427,33.492287
24622,6657,-79.98155,40.452496
24623,6658,-115.142006,36.17183
24624,2,-115.17038,36.119
24625,2,-115.17484,36.102894
24626,10,-115.14253,36.169502
24627,2,-115.18982,36.143955
24628,2,-115.1753,36.09208
24629,6659,-115.22724,36.240677
24630,10,-115.13656,36.10259
24631,10,-115.17279,36.11766
24632,10,-115.14253,36.169502
24633,10,-115.15254,36.151268
24634,10,-115.138504,36.117256
24635,6660,-115.16997,36.11293
24636,2,-115.18331,36.041283
24637,4499,-115.14528,36.17145
24638,2,-115.153496,36.109165
24639,2,-115.17541,36.093304
24640,2,-115.17356,36.127514
24641,2,-115.17516,36.109875
24642,6661,-115.15627,36.14684
24643,2,-115.17141,36.121983
24644,2,-111.78883,33.30419
24645,2,-115.172325,36.12454
24646,2,-115.14339,36.169838
24647,2,-115.16591,36.127495
24648,2,-115.16348,36.113026
24649,10,-115.15427,36.1187
24650,6662,-115.14528,36.17145
24651,6663,-115.1741,36.12124
24652,2,-115.17128,36.11289
24653,2,-115.11779,36.013794
24654,2,-115.167694,36.103054
24655,2,-115.1873,36.11812
24656,2,-115.17641,36.11316
24657,6664,-115.17089,36.114025
24658,2,-115.17259,36.112953
24659,6665,-115.142006,36.17183
24660,2,-115.17421,36.106213
24661,6666,-115.14511,36.1741
24662,6667,-115.20734,36.088776
24663,2,-112.135994,33.56674
24664,6668,-115.17022,36.123844
24665,6669,-115.17364,36.121155
24666,10,-115.31363,36.157314
24667,2,-115.176315,36.109913
24668,10,-115.26085,36.174595
24669,6670,-115.179085,36.11224
24670,6671,-115.15427,36.1187
24671,10,-115.17601,36.104332
24672,10,-115.17636,36.117344
24673,2,-115.13792,36.168026
24674,2,-115.01003,36.272373
24675,2,-115.17516,36.091866
24676,6672,-115.173515,36.10301
24677,2,-115.20247,36.144047
24678,2,-115.17582,36.09558
24679,2,-115.163124,36.133614
24680,6673,-115.17652,36.11301
24681,2,-115.14124,36.172813
24682,2,-115.175255,36.098423
24683,6674,-115.17124,36.11788
24684,2,-3.1969974,55.947517
24685,2,-115.12367,36.168644
24686,2,-115.172455,36.106503
24687,2,-112.07248,33.448296
24688,2,-115.172554,36.115673
24689,2,-115.17425,36.091328
24690,2,-115.173874,36.10978
24691,2,-115.167755,36.123943
24692,2,-115.141846,36.17241
24693,2,-115.17054,36.10259
24694,6675,-112.34012,33.46477
24695,2,-115.17644,36.116367
24696,2,-79.98314,40.429054
24697,2,-115.141846,36.17241
24698,2,-115.17407,36.121197
24699,2,-115.26144,36.112984
24700,6676,-115.1725,36.110065
24701,6677,-115.17096,36.09936
24702,6678,-115.17582,36.11773
24703,6679,-115.17019,36.123405
24704,2,-115.175316,36.09186
24705,2,-115.17012,36.122276
24706,2,-115.1774,36.113766
24707,2,-115.16591,36.127686
24708,2,-115.14479,36.170017
24709,6680,-115.17473,36.098732
24710,6681,-115.14528,36.1616
24711,6682,-115.186485,36.1187
24712,6683,-115.280426,36.056282
24713,2,-115.16908,36.124203
24714,2,-115.176704,36.09028
24715,2,-115.17259,36.112953
24716,6684,-115.14471,36.17297
24717,2,-115.17601,36.104332
24718,2,-115.16456,36.131496
24719,6685,-115.17105,36.12595
24720,10,-115.17063,36.12298
24721,1,-79.99644,40.44395
24722,2,-115.1702,36.12269
24723,2,-115.164635,36.15917
24724,6686,-115.20998,36.126503
24725,6687,-111.94718,33.30594
24726,2,-115.138435,36.167526
24727,10,-115.14614,36.167233
24728,2,-115.20272,36.10089
24729,10,-115.16865,36.128723
24730,2,-115.138145,36.167904
24731,2,-115.17345,36.10306
24732,2,-115.17089,36.114025
24733,6688,-115.17869,36.06815
24734,2,-115.173874,36.109753
24735,2,-115.2056,36.115074
24736,10,-115.17165,36.04078
24737,10,-115.142006,36.17183
24738,6689,-115.175385,36.093647
24739,6690,-115.306274,36.115807
24740,0,-111.994545,33.43402
24741,6691,-115.19577,36.10505
24742,2,-115.17234,36.10353
24743,2,-115.17325,36.03351
24744,6692,-115.144264,36.170635
24745,6693,-115.144554,36.170265
24746,6694,-115.16818,36.117462
24747,2,-115.12652,36.15846
24748,2,-115.13717,36.082092
24749,6695,-115.17544,36.09935
24750,10,-115.20848,36.07308
24751,2,-115.17019,36.123405
24752,2,-115.16841,36.12458
24753,2,-115.195435,36.115135
24754,6696,-115.15979,36.11516
24755,2,-115.14585,36.17115
24756,2,-115.176674,36.090755
24757,6697,-115.17332,36.11567
24758,2,-115.17556,36.098907
24759,2,-115.17806,36.104206
24760,2,-115.170364,36.12401
24761,6698,-115.195435,36.115135
24762,2,-115.17028,36.12229
24763,2,-115.17459,36.112022
24764,10,-115.15354,36.11416
24765,2,-115.176544,36.116646
24766,2,-115.14528,36.1616
24767,2,-115.17578,36.109585
24768,2,-115.184906,36.11118
24769,2,-115.176315,36.109913
24770,2,-115.17457,36.10259
24771,2,-115.17516,36.109875
24772,2,-115.15374,36.084
24773,2,-115.17306,36.091965
24774,2,-115.155754,36.14755
24775,2,-115.17581,36.08995
24776,2,-115.16591,36.127686
24777,2,-115.163155,36.118034
24778,6699,-115.17277,36.082066
24779,2,-115.17087,36.10242
24780,10,-115.21534,36.030518
24781,6700,-115.17229,36.115147
24782,10,-115.28214,36.201843
24783,2,-115.17364,36.121155
24784,6701,-115.18219,36.10132
24785,2,-115.167755,36.123943
24786,2,-115.16997,36.11293
24787,2,-115.14528,36.1616
24788,2,-115.14277,36.16997
24789,2,-115.14528,36.1616
24790,2,-115.17704,36.10762
24791,6702,-115.16642,36.069885
24792,2,-115.17028,36.12229
24793,6703,-115.170975,36.114277
24794,10,-115.24359,36.045593
24795,2,-115.14528,36.1616
24796,2,-115.20734,36.088776
24797,6704,-115.29864,36.076557
24798,6705,-115.17516,36.109875
24799,2,-115.17223,36.110733
24800,2,-115.172554,36.115673
24801,6706,-115.14624,36.171215
24802,10,-115.28129,36.055817
24803,2,-115.174644,36.109913
24804,6707,-115.172325,36.12454
24805,2,-115.175865,36.092865
24806,10,-115.20631,36.12659
24807,2,-115.14214,36.17187
24808,2,-115.19801,36.03971
24809,6708,-112.1159,33.587765
24810,2,-115.13056,36.10134
24811,2,-115.17345,36.10306
24812,2,-115.16961,36.121452
24813,6709,-115.17149,36.054756
24814,6710,-114.92266,36.11394
24815,6711,-115.14511,36.1741
24816,2,-115.13792,36.168026
24817,2,-115.176704,36.09028
24818,0,-115.14511,36.1741
24819,6712,-115.1396,36.169117
24820,6713,-115.14511,36.1741
24821,6714,-115.167755,36.123978
24822,2,-115.18646,36.11876
24823,2,-115.17601,36.104332
24824,10,-115.21156,36.125397
24825,2,-115.16591,36.127495
24826,2,-115.13567,36.176983
24827,6715,-115.33325,36.149357
24828,2,-115.16841,36.12458
24829,0,-115.17234,36.110107
24830,6716,-115.17459,36.112022
24831,2,-115.17698,36.111977
24832,6717,-115.18982,36.143955
24833,2,-115.16935,35.965126
24834,2,-112.05956,33.563686
24835,2,-115.15475,36.12697
24836,10,-115.11839,36.01761
24837,2,-115.072075,36.07385
24838,2,-115.173515,36.103
24839,2,-115.17481,36.10987
24840,2,-115.13567,36.176983
24841,2,-115.169655,36.12119
24842,2,-115.17406,36.107925
24843,2,-115.17457,36.127308
24844,10,-115.242935,36.044125
24845,2,-115.18697,36.115337
24846,2,-115.14998,36.1055
24847,10,-115.22581,36.055252
24848,6718,-73.56558,45.50691
24849,2,-115.17345,36.10306
24850,2,-73.59317,45.52248
24851,2,-115.174644,36.109913
24852,2,-115.13567,36.176983
24853,2,-115.17223,36.110733
24854,10,-115.27977,36.298897
24855,10,-115.16912,36.103695
24856,2,-115.163124,36.133614
24857,6719,-115.13567,36.176983
24858,2,-115.15321,36.10895
24859,2,-115.169754,36.102917
24860,2,-115.185196,36.12566
24861,6720,-115.27994,36.052994
24862,2,-115.15315,36.013393
24863,2,-73.554985,45.50311
24864,2,-115.172714,36.11888
24865,10,-115.163124,36.133614
24866,2,-115.243324,36.058723
24867,2,-115.171616,36.124584
24868,10,-115.25998,36.143147
24869,6721,-115.16833,36.127647
24870,10,-115.11493,36.114117
24871,10,-115.31554,36.291206
24872,6722,-115.18609,36.27883
24873,10,-115.30615,36.114666
24874,6723,-115.11351,36.12936
24875,10,-115.14252,36.142284
24876,2,-115.174706,36.01131
24877,2,-115.16997,36.11293
24878,6724,-115.14513,36.17488
24879,2,-115.02573,36.070625
24880,6725,-115.17419,36.119408
24881,2,-115.16874,35.96533
24882,10,-115.29868,36.06897
24883,6726,-115.1746,36.116764
24884,6727,-115.16363,36.13698
24885,0,-111.790115,33.356728
24886,10,-115.12225,36.161324
24887,6728,-115.13792,36.168026
24888,10,-115.29826,36.07897
24889,2,-115.239494,36.14474
24890,2,-115.17087,36.10242
24891,2,-115.24209,36.09185
24892,6729,-115.13945,36.1674
24893,6730,-115.17332,36.10583
24894,10,-115.24341,36.130524
24895,10,-115.06262,36.02959
24896,10,-115.138504,36.117256
24897,10,-115.31403,36.218792
24898,2,-89.45233,43.072243
24899,10,-115.143845,36.16723
24900,10,-115.1398,36.16868
24901,2,-115.17058,36.1125
24902,2,-115.17099,36.114353
24903,6731,-115.177795,36.1191
24904,2,-115.16996,36.10984
24905,2,-115.17582,36.11773
24906,10,-115.17022,36.11236
24907,6732,-115.24371,36.05824
24908,10,-115.138145,36.167904
24909,2,-115.332,36.151814
24910,2,-115.175186,36.098766
24911,10,-115.17159,36.05579
24912,6733,-115.22451,36.115353
24913,6734,-115.16597,36.127857
24914,6735,-115.14289,36.143345
24915,10,-115.16289,36.070827
24916,10,-115.24378,36.087482
24917,2,-73.56077,45.508335
24918,6736,-115.25988,36.203743
24919,6737,-115.22625,36.086525
24920,10,-115.157875,36.142757
24921,2,-115.170906,36.103455
24922,10,-115.331406,36.15959
24923,10,-115.27746,36.056244
24924,2,-115.17191,36.11496
24925,10,-115.17259,36.112953
24926,2,-115.16937,36.121815
24927,10,-115.20942,36.142094
24928,2,-115.16296,36.12714
24929,10,-115.271736,36.276844
24930,10,-115.241035,36.126793
24931,6738,-115.141846,36.17241
24932,10,-115.14037,36.169018
24933,10,-115.20227,36.10571
24934,6739,-115.17453,36.112377
24935,6740,-115.30459,36.11395
24936,10,-115.118515,36.019787
24937,2,-115.15421,36.119675
24938,10,-115.183846,36.0417
24939,0,-115.17435,36.113964
24940,10,-115.29828,36.10132
24941,6741,-115.171524,36.05969
24942,10,-115.16956,36.05396
24943,6742,-115.14214,36.17187
24944,6743,-115.15202,36.159885
24945,2,-115.17669,36.117455
24946,2,-115.20888,36.09506
24947,6744,-115.01827,36.048473
24948,2,-115.17787,36.11706
24949,2,-115.28703,36.166676
24950,10,-115.08475,36.02955
24951,2,-115.24602,36.12568
24952,6745,-115.24365,36.05732
24953,6746,-115.04282,36.067123
24954,6747,-115.1727,36.109695
24955,6748,-115.19039,35.98294
24956,10,-115.29874,36.06994
24957,10,-115.19046,36.12615
24958,10,-115.17356,36.127514
24959,10,-115.170364,36.127617
24960,10,-115.224075,36.12743
24961,10,-115.10325,36.13028
24962,6749,-115.24417,36.143
24963,10,-115.243576,36.135666
24964,10,-115.21197,36.12554
24965,6750,-115.17275,36.106205
24966,10,-115.35168,36.159485
24967,2,-115.24354,36.073208
24968,2,-115.17858,36.106277
24969,6751,-115.24816,36.195286
24970,6707,-115.17262,36.118378
24971,6752,-115.190475,36.17123
24972,2,-112.0792,33.49111
24973,10,-115.14741,36.114876
24974,10,-115.2056,36.115074
24975,5590,-115.11901,36.23865
24976,10,-115.31442,36.121193
24977,10,-115.18163,36.075855
24978,10,-115.17712,36.13198
24979,6753,-115.273125,36.06686
24980,10,-115.24186,36.062195
24981,6754,-115.29656,36.0931
24982,10,-115.17143,36.110447
24983,6755,-115.25033,36.21986
24984,2,-115.17141,36.099007
24985,10,-115.17109,36.038357
24986,10,-115.13931,36.167286
24987,2,-115.1775,36.112507
24988,6756,-115.29818,36.09476
24989,10,-115.132225,36.101387
24990,10,-115.25142,36.067112
24991,6757,-115.20332,36.12623
24992,6758,-115.28672,36.167316
24993,10,-115.11888,36.028095
24994,10,-115.13931,36.167286
24995,10,-115.29656,36.0931
24996,10,-115.280426,36.056282
24997,10,-115.224335,36.060425
24998,10,-115.17469,36.160713
24999,10,-115.168106,36.103798
25000,10,-115.24354,36.073208
25001,2,-73.573166,45.49965
25002,10,-115.28644,36.15855
25003,6759,-115.23995,36.14467
25004,4930,-115.333084,36.15087
25005,6760,-115.103004,35.99809
25006,10,-115.297585,36.09778
25007,10,-115.25988,36.203743
25008,10,-115.225,36.069855
25009,10,-115.10121,35.997097
25010,6761,-115.20635,35.995155
25011,10,-115.163124,36.133614
25012,10,-115.225945,36.239635
25013,10,-115.20886,36.122192
25014,6762,-115.1191,36.040413
25015,6763,-115.17406,36.107925
25016,10,-115.22045,36.099846
25017,10,-115.03417,36.06388
25018,10,-115.289116,36.158028
25019,6764,-115.19094,36.126175
25020,10,-115.1873,36.11812
25021,0,-115.14637,36.124424
25022,2,-115.273125,36.06686
25023,2,-115.17075,36.101788
25024,2,-73.616425,45.53643
25025,2,-115.17625,36.092876
25026,38,-73.56842,45.49305
25027,2,-115.177,36.11199
25028,6765,-115.174225,36.121616
25029,2,-115.177,36.11199
25030,10,-115.29408,36.14382
25031,10,-115.24375,36.08624
25032,2,-115.17457,36.11622
25033,6766,-115.17641,36.11316
25034,10,-115.20964,36.12702
25035,10,-115.209816,36.14866
25036,6767,-115.244095,36.0458
25037,6768,-115.208176,36.115437
25038,10,-115.15539,36.147408
25039,10,-115.244095,36.0458
25040,6769,-115.17712,36.13198
25041,10,-115.17155,36.05199
25042,0,-115.27994,36.052994
25043,10,-115.2098,36.11828
25044,10,-115.27846,36.13553
25045,6770,-115.267746,36.020943
25046,5538,-115.334236,36.145416
25047,2,-112.065636,33.44916
25048,2,-115.1746,36.116764
25049,6771,-115.17575,36.108307
25050,2,-115.167694,36.103054
25051,2,-73.56678,45.507553
25052,2,-115.17295,36.10156
25053,10,-115.12861,36.057144
25054,2,-88.24212,40.11682
25055,10,-115.17103,36.099377
25056,2,-115.15387,36.110085
25057,6772,-115.15126,36.10913
25058,10,-115.33387,36.152832
25059,6773,-115.233086,36.159576
25060,2,-115.16363,36.13698
25061,10,-115.28559,36.16719
25062,6774,-115.15716,36.114746
25063,2,-115.17419,36.110485
25064,5738,-115.047714,36.026855
25065,6775,-115.09935,36.100647
25066,10,-115.17497,36.095417
25067,6776,-115.308624,36.11392
25068,6777,-115.30644,36.114285
25069,5797,-115.28854,36.163086
25070,10,-115.15126,36.10913
25071,2,-111.8575,33.26346
25072,6778,-115.17698,36.111977
25073,6779,-115.17229,36.115147
25074,10,-115.15126,36.10913
25075,4660,-115.15126,36.10913
25076,10,-115.05648,36.015625
25077,10,-115.22447,36.047886
25078,10,-115.12659,36.02356
25079,10,-115.09985,35.99411
25080,2,-115.17534,36.11709
25081,6780,-115.10377,36.130226
25082,2,-115.14085,36.170055
25083,2,-115.17575,36.108307
25084,2,-115.19203,36.126144
25085,10,-115.15627,36.14684
25086,10,-115.16821,36.127586
25087,6781,-115.09985,35.99411
25088,10,-115.142006,36.17183
25089,10,-115.13955,36.16874
25090,6782,-115.18953,36.1257
25091,10,-115.17462,36.142902
25092,6783,-115.22343,36.115295
25093,10,-115.16818,36.117462
25094,6784,-115.24375,36.08624
25095,10,-115.19569,36.11454
25096,6785,-115.16963,36.117516
25097,10,-115.30428,36.19106
25098,10,-115.21327,36.12656
25099,5757,-115.17229,36.115147
25100,6786,-115.14294,36.16929
25101,10,-115.17295,36.10156
25102,10,-115.22343,36.115295
25103,10,-115.24279,36.198753
25104,10,-115.21246,36.101505
25105,6787,-115.17484,36.102894
25106,6788,-115.20741,36.123623
25107,10,-115.2249,36.047733
25108,6789,-115.0884,36.071453
25109,6790,-115.284355,36.138515
25110,10,-115.22443,36.1131
25111,10,-115.209656,36.127045
25112,6791,-115.24407,36.047813
25113,10,-115.11698,36.009254
25114,6792,-115.15323,36.042797
25115,6793,-115.29998,36.147152
25116,2,-115.241516,36.064106
25117,10,-115.33295,36.146164
25118,10,-115.11839,36.01761
25119,10,-115.24417,36.143
25120,6794,-115.134926,36.01411
25121,6795,-115.30409,36.19329
25122,10,-115.17647,36.14513
25123,6796,-115.298744,36.115807
25124,2,-115.16744,36.127686
25125,10,-115.30644,36.114285
25126,2,-115.30234,36.100346
25127,6797,-115.22343,36.115295
25128,6798,-115.308624,36.11392
25129,2,-115.2983,36.11527
25130,10,-115.27994,36.122913
25131,6799,-115.224945,36.07039
25132,10,-115.11872,36.035313
25133,6800,-115.351524,36.159336
25134,10,-115.22343,36.115295
25135,6801,-115.22343,36.115295
25136,6802,-115.292046,36.15843
25137,10,-115.22343,36.115295
25138,6803,-115.11735,36.10072
25139,6804,-115.289375,36.163605
25140,2,-115.17644,36.116367
25141,2,-115.173706,36.14001
25142,2,-115.17012,36.122276
25143,2,-115.22522,36.127533
25144,2,-115.04146,36.05681
25145,0,-115.17641,36.11316
25146,2,-115.176,36.119038
25147,2,-115.15092,36.106915
25148,2,-115.16619,36.062668
25149,6805,-115.16818,36.117462
25150,2,-115.16559,36.12689
25151,2,-115.1929,36.116634
25152,6806,-115.17395,36.11303
25153,2,-115.17618,36.115856
25154,2,-115.169754,36.102917
25155,2,-115.154015,36.12784
25156,2,-115.17435,36.113964
25157,38,-73.57907,45.493977
25158,6807,-115.17618,36.115856
25159,2,-115.17103,36.099377
25160,2,-115.17234,36.110107
25161,2,-115.17106,36.11242
25162,2,-115.1954,36.040794
25163,2,-115.1929,36.116634
25164,10,-115.243515,36.072624
25165,10,-115.17063,36.12298
25166,6808,-115.1183,36.274784
25167,10,-115.20667,36.114872
25168,0,-112.073074,33.462406
25169,4491,-115.04708,36.15808
25170,10,-115.11687,36.072422
25171,10,-115.241035,36.126793
25172,2,-115.17641,36.11316
25173,2,-115.24186,36.062195
25174,10,-115.1068,36.071945
25175,6809,-115.243385,36.06256
25176,10,-112.07232,33.457657
25177,6810,-115.32508,36.124886
25178,38,-73.57505,45.52038
25179,10,-115.35168,36.159485
25180,10,-115.31363,36.157314
25181,6811,-115.16856,36.133137
25182,10,-115.13595,36.159363
25183,10,-115.26186,36.11331
25184,6812,-115.17234,36.110107
25185,2,-115.2983,36.147083
25186,6813,-115.242485,36.146217
25187,6814,-115.17857,36.19712
25188,10,-115.26186,36.11331
25189,10,-115.298615,36.115734
25190,2,-115.224075,36.12743
25191,6815,-115.24373,36.08461
25192,10,-115.21327,36.12656
25193,10,-115.271286,36.018726
25194,10,-115.29743,36.09684
25195,10,-115.24287,36.044266
25196,10,-115.12782,35.996685
25197,10,-115.29862,36.077145
25198,10,-115.17674,36.10449
25199,10,-115.22374,36.06325
25200,6816,-115.11047,36.0034
25201,6817,-115.31443,36.101513
25202,2,-115.15323,36.042797
25203,10,-115.17795,36.069214
25204,2,-115.25093,36.055206
25205,10,-115.1873,36.11812
25206,6818,-115.17767,36.10741
25207,10,-115.17358,36.10267
25208,6819,-115.16769,36.10302
25209,6820,-115.273125,36.06686
25210,10,-115.31251,36.11545
25211,10,-115.22349,36.125526
25212,2,-115.168106,36.103798
25213,17,-115.227455,36.10028
25214,10,-115.2112,36.125587
25215,10,-115.35134,36.159016
25216,10,-115.1183,36.274784
25217,2,-115.26148,36.113655
25218,6821,-115.093315,36.005344
25219,10,-115.24219,36.054207
25220,6822,-115.17143,36.135014
25221,10,-115.1702,36.12269
25222,6823,-115.16591,36.127686
25223,2,-80.848145,35.17423
25224,6824,-115.19819,36.125896
25225,6825,-115.17829,36.119133
25226,10,-115.20744,36.113472
25227,2,-115.17618,36.115856
25228,10,-115.295586,36.114517
25229,10,-115.15396,36.157898
25230,10,-115.16879,36.122967
25231,6826,-115.25988,36.203743
25232,2,-115.175804,36.09531
25233,10,-115.26601,36.14423
25234,2,-115.17348,36.074455
25235,10,-115.04282,36.067123
25236,10,-115.26148,36.113655
25237,2,-115.1068,36.071945
25238,6827,-115.138756,36.11665
25239,2,-115.17259,36.112953
25240,2,-115.173874,36.10978
25241,2,-115.219246,36.143974
25242,2,-115.16876,36.12438
25243,2,-115.17457,36.11622
25244,2,-115.13576,36.136635
25245,2,-115.1696,36.121452
25246,2,-115.172554,36.111877
25247,2,-115.14157,36.1716
25248,2,-115.16845,36.123913
25249,2,-115.17407,36.121197
25250,2,-115.17688,36.091255
25251,2,-115.174416,36.1097
25252,2,-115.17259,36.099777
25253,2,-115.17382,36.107162
25254,2,-115.17223,36.110733
25255,2,-115.172554,36.10907
25256,2,-115.17332,36.11567
25257,6828,-115.17783,36.093067
25258,10,-115.1725,36.110065
25259,10,-115.17089,36.11006
25260,2,-115.16961,36.121452
25261,2,-115.169655,36.12119
25262,2,-115.17262,36.12956
25263,2,-115.15271,36.108807
25264,2,-115.171524,36.05969
25265,2,-115.14289,36.143345
25266,6829,-115.17058,36.1125
25267,6830,-115.16796,36.127712
25268,2,-115.15323,36.042797
25269,2,-115.16833,36.127647
25270,6831,-115.17277,36.10465
25271,2,-115.17131,36.115993
25272,2,-115.17652,36.11301
25273,2,-115.17462,36.142902
25274,2,-115.17086,36.10993
25275,6832,-115.17264,36.11758
25276,2,-115.17524,36.116566
25277,2,-115.168106,36.103798
25278,2,-115.17535,36.070137
25279,2,-115.17234,36.11635
25280,2,-115.186485,36.1187
25281,2,-112.000565,33.433685
25282,2,-115.167755,36.123943
25283,6833,-115.16901,35.965446
25284,17,-115.17577,36.10771
25285,10,-80.839096,35.224216
25286,2,-115.17692,36.106705
25287,2,-115.173874,36.10978
25288,2,-115.17178,36.12367
25289,2,-115.17113,36.12856
25290,2,-115.18939,36.11789
25291,6834,-115.20959,36.12621
25292,2,-115.186584,36.115482
25293,6835,-115.18286,36.0408
25294,2,-112.07275,33.447258
25295,2,-115.17437,36.10206
25296,6836,-115.17658,36.10735
25297,2,-115.13639,36.173893
25298,6837,-115.11793,36.01752
25299,6838,-115.176544,36.113472
25300,2,-115.17259,36.112953
25301,6839,-80.84309,35.22877
25302,2,-115.145004,36.173058
25303,10,-115.17503,36.118713
25304,6840,-115.184906,36.116688
25305,2,-115.186485,36.1187
25306,6841,-115.17158,36.05367
25307,20,-3.198037,55.95369
25308,2,-115.1725,36.110065
25309,2,-115.17193,36.127487
25310,2,-115.170975,36.114277
25311,2,-115.173515,36.10301
25312,2,-115.17849,36.10924
25313,6842,-115.17106,36.11242
25314,2,-115.20198,36.10272
25315,6843,-115.17253,36.10185
25316,6844,-115.17618,36.115856
25317,2,-115.14637,36.124424
25318,6845,-115.17143,36.110447
25319,2,-115.17086,36.10993
25320,2,-115.186485,36.1187
25321,2,-115.17177,36.11931
25322,2,-115.186485,36.1187
25323,2,-115.19373,36.114956
25324,2,-115.201775,36.126526
25325,6846,-115.17395,36.11303
25326,2,-115.186485,36.1187
25327,2,-115.17196,36.120907
25328,6847,-115.20744,36.113472
25329,6848,-115.17028,36.12229
25330,10,-115.14027,36.171307
25331,6849,-115.186485,36.1187
25332,2,-115.2001,36.10189
25333,2,-115.186485,36.1187
25334,6850,-115.08267,36.069874
25335,2,-115.17382,36.107162
25336,10,-115.14064,36.167877
25337,10,-115.24193,36.143177
25338,10,-115.242165,36.05671
25339,2,-115.14277,36.16997
25340,2,-115.17516,36.109875
25341,10,-115.16474,36.069073
25342,6851,-115.24257,36.199387
25343,6852,-115.17613,36.092182
25344,6853,-115.17548,36.098915
25345,10,-115.28576,36.15842
25346,10,-115.26318,36.271908
25347,10,-115.203186,36.09046
25348,10,-115.24536,36.161877
25349,6854,-115.183846,36.0417
25350,6855,-115.17712,36.13198
25351,6856,-115.26921,36.159355
25352,6857,-115.17849,36.10924
25353,2,-115.16876,36.12438
25354,2,-73.56082,45.50694
25355,10,-115.29776,36.097992
25356,10,-115.20705,36.096886
25357,10,-115.17253,36.112015
25358,10,-115.17557,36.05726
25359,6858,-115.11958,36.01292
25360,2,-115.200645,36.115417
25361,10,-115.30121,36.099983
25362,10,-115.11721,36.02025
25363,10,-115.1952,36.11531
25364,10,-115.244095,36.049805
25365,10,-115.33276,36.15119
25366,2,-115.17613,36.092182
25367,2,-115.17581,36.08995
25368,10,-115.20954,36.099316
25369,10,-115.13809,36.010376
25370,2,-115.17202,36.09012
25371,2,-115.20245,36.1023
25372,2,-115.16961,36.121452
25373,10,-115.24721,36.04437
25374,2,-115.17041,36.118294
25375,10,-115.26224,36.143475
25376,10,-115.27994,36.127228
25377,10,-115.24381,36.061695
25378,6859,-115.29653,36.09671
25379,2,-115.17332,36.11567
25380,6860,-115.25111,36.21987
25381,2,-115.174644,36.109913
25382,10,-115.17295,36.10156
25383,10,-115.17419,36.110485
25384,2,-115.17557,36.118473
25385,2,-115.174194,36.011425
25386,6861,-115.17243,36.119926
25387,10,-115.2811,36.114468
25388,10,-115.04282,36.067123
25389,6862,-115.1725,36.110065
25390,6863,-115.17256,36.11095
25391,10,-115.33337,36.152176
25392,6864,-115.224075,36.12743
25393,2,-115.20846,36.118633
25394,2,-115.17345,36.10306
25395,10,-115.289375,36.163605
25396,6865,-115.17652,36.11303
25397,5147,-115.11979,36.238106
25398,6866,-115.22227,36.099506
25399,10,-115.169754,36.102917
25400,10,-115.23027,36.159695
25401,6867,-115.26148,36.113655
25402,6868,-115.31251,36.11545
25403,10,-115.180664,36.291985
25404,6869,-115.1763,36.068497
25405,2,-115.13639,36.175
25406,2,-115.14289,36.143345
25407,10,-115.10925,36.000908
25408,2,-115.17012,36.122276
25409,2,-115.17146,36.10095
25410,2,-115.15271,36.108807
25411,2,-115.16296,36.12714
25412,2,-115.17692,36.106655
25413,10,-115.20517,35.99558
25414,10,-115.11909,36.02112
25415,6870,-115.17382,36.107162
25416,6871,-115.142494,36.12942
25417,10,-115.166954,36.106236
25418,6872,-115.2071,36.110973
25419,2,-115.17075,36.101788
25420,2,-115.2071,36.110973
25421,10,-115.17089,36.114025
25422,2,-115.16952,36.12394
25423,2,-115.15323,36.042797
25424,2,-115.17375,36.103863
25425,2,-115.17625,36.092876
25426,6873,-115.17688,36.111946
25427,2,-115.20888,36.09506
25428,2,-115.20744,36.113472
25429,10,-115.1613,36.138298
25430,2,-115.16869,36.127796
25431,2,-115.17249,36.105267
25432,2,-112.065636,33.44916
25433,2,-115.19496,36.114685
25434,6874,-115.13894,36.16672
25435,6875,-115.173874,36.109753
25436,10,-115.11356,36.07685
25437,2,-115.173325,36.10507
25438,2,-115.157875,36.142757
25439,2,-115.225006,36.126816
25440,0,-115.17191,36.11496
25441,6876,-115.16587,36.126877
25442,10,-115.11167,36.100384
25443,6877,-115.177,36.11199
25444,2,-115.17652,36.11303
25445,10,-115.209915,36.126427
25446,2,-115.138756,36.11665
25447,10,-115.11997,36.01099
25448,2,-115.324776,36.107853
25449,10,-115.17484,36.069973
25450,10,-115.299,36.14643
25451,6878,-115.17264,36.110767
25452,2,-115.17306,36.091965
25453,6879,-115.19496,36.114685
25454,2,-115.17726,36.094547
25455,2,-115.20899,36.09942
25456,10,-115.15396,36.157898
25457,10,-115.351524,36.159336
25458,10,-115.2691,36.056004
25459,10,-115.243324,36.08245
25460,10,-115.17259,36.112953
25461,10,-115.302345,36.207073
25462,10,-115.13595,36.105026
25463,0,-115.17139,36.135098
25464,2,-115.17167,36.11025
25465,10,-115.20899,36.09942
25466,10,-115.20899,36.09942
25467,6880,-115.20741,36.123623
25468,10,-115.20899,36.09942
25469,6881,-115.20899,36.09942
25470,2,-112.07309,33.448547
25471,2,-115.06381,36.167458
25472,6882,-115.12638,36.22162
25473,10,-115.18507,36.102978
25474,6883,-115.17849,36.10924
25475,6884,-115.17535,36.070137
25476,10,-115.17582,36.11773
25477,2,-115.1746,36.116764
25478,2,-115.24371,36.05824
25479,2,-115.17113,36.12856
25480,2,-115.17234,36.110107
25481,2,-115.25156,36.14358
25482,10,-115.17503,36.143192
25483,6885,-115.33344,36.150024
25484,6886,-115.241554,36.064533
25485,10,-115.28703,36.166676
25486,2,-115.145004,36.173058
25487,10,-115.29815,36.10169
25488,10,-115.24288,36.072594
25489,10,-115.14064,36.167877
25490,10,-115.18995,36.12553
25491,6887,-115.29747,36.11287
25492,6888,-115.20142,36.12633
25493,10,-115.241035,36.126793
25494,6889,-115.27746,36.056244
25495,10,-115.28992,36.160503
25496,6890,-115.174644,36.109913
25497,6891,-115.17849,36.10924
25498,2,-115.167015,36.126884
25499,10,-115.13962,36.170086
25500,6892,-115.15254,36.151268
25501,10,-115.30971,36.11463
25502,10,-115.18609,36.27883
25503,10,-115.17556,36.098907
25504,10,-115.14551,36.12177
25505,6893,-73.56588,45.5073
25506,6894,-115.17191,36.11496
25507,10,-115.2531,36.274574
25508,6895,-115.20567,36.16626
25509,10,-115.243324,36.08245
25510,10,-115.164345,36.06004
25511,2,-115.17332,36.11567
25512,6896,-115.175644,36.098877
25513,6897,-115.175064,36.107677
25514,2,-115.17095,36.106594
25515,2,-115.17127,36.11288
25516,2,-115.1725,36.110065
25517,2,-114.90861,35.969086
25518,2,-115.167015,36.126884
25519,2,-115.17127,36.11288
25520,6898,-115.170906,36.103455
25521,2,-115.16841,36.12458
25522,2,-115.17429,36.130753
25523,6899,-115.17322,36.10419
25524,2,-115.19528,36.11444
25525,2,-115.14908,36.123734
25526,2,-115.17386,36.102005
25527,2,-3.1981623,55.951706
25528,6900,-115.17167,36.11025
25529,2,-115.163536,36.126423
25530,6901,-115.17473,36.098732
25531,2,-73.58146,45.51805
25532,2,-115.1395,36.144585
25533,2,-115.17419,36.110485
25534,2,-115.16591,36.127686
25535,2,-115.17124,36.11788
25536,2,-115.17234,36.10353
25537,2,-115.180016,36.14181
25538,2,-115.18939,36.11789
25539,2,-115.17234,36.110107
25540,2,-115.17223,36.105675
25541,2,-115.17305,36.118965
25542,2,-115.17125,36.127213
25543,6902,-115.17473,36.098732
25544,2,-115.17849,36.10924
25545,2,-115.167755,36.123978
25546,6903,-115.02017,36.27962
25547,2,-115.17299,36.128223
25548,6904,-115.17484,36.102894
25549,2,-115.17012,36.122276
25550,2,-115.13792,36.168026
25551,2,-89.38583,43.0752
25552,2,-115.1753,36.09208
25553,2,-115.17577,36.011356
25554,2,-115.17179,36.12469
25555,6905,-80.00268,40.44847
25556,2,-115.163155,36.118034
25557,2,-115.17382,36.107162
25558,2,-115.186104,36.11628
25559,2,-115.17644,36.09227
25560,10,-115.17473,36.098732
25561,6906,-73.57754,45.516373
25562,2,-111.98199,33.40369
25563,2,-115.167755,36.123943
25564,2,-115.17028,36.12229
25565,2,-115.16348,36.113026
25566,6907,-115.172424,36.101204
25567,2,-115.17086,36.10993
25568,6908,-115.17496,36.121323
25569,2,-115.17473,36.098732
25570,2,-115.17496,36.121323
25571,2,-115.173874,36.109753
25572,2,-115.16456,36.131496
25573,6909,-115.17395,36.11303
25574,2,-115.169754,36.102917
25575,6910,-115.29653,36.09671
25576,2,-115.140396,36.168877
25577,6911,-115.17457,36.11622
25578,2,-115.15706,36.163692
25579,2,-115.1725,36.110065
25580,2,-115.15539,36.11793
25581,2,-115.096466,36.006683
25582,2,-115.1752,36.091843
25583,6912,-115.1712,36.11172
25584,2,-3.195602,55.9491
25585,6605,-115.17582,36.09558
25586,2,-115.17473,36.098732
25587,2,-115.15323,36.042797
25588,6913,-115.17473,36.098732
25589,2,-115.16918,36.10844
25590,6914,-115.17552,36.112335
25591,10,-115.173874,36.10978
25592,2,-115.17435,36.113964
25593,6915,-115.17473,36.098732
25594,2,-115.172455,36.111073
25595,2,-115.16906,36.054974
25596,6916,-115.160965,36.09982
25597,6917,-115.17234,36.110107
25598,2,-115.17196,36.120907
25599,6918,-115.17167,36.11025
25600,2,-115.26041,36.143772
25601,6919,-115.206406,35.998116
25602,2,-115.17652,36.11303
25603,10,-115.17473,36.098732
25604,2,-115.17516,36.091866
25605,6920,-115.17473,36.098732
25606,2,-115.17191,36.11496
25607,2,-111.92177,33.636818
25608,2,-115.17473,36.098732
25609,2,-115.15822,36.161972
25610,6921,-115.175644,36.098877
25611,2,-115.180016,36.14181
25612,6922,-115.17019,36.123886
25613,2,-115.177666,36.107014
25614,2,-115.16997,36.11293
25615,2,-115.14289,36.143345
25616,6923,-115.17395,36.11303
25617,6924,-115.17459,36.112022
25618,2,-115.168106,36.103798
25619,2,-115.19534,36.114998
25620,10,-115.16866,36.117542
25621,6925,-115.142876,36.169594
25622,2,-115.16296,36.12714
25623,2,-115.14844,36.16738
25624,2,-115.1676,36.103294
25625,2,-115.17473,36.098732
25626,6926,-115.17613,36.107327
25627,6927,-115.17131,36.11928
25628,2,-115.1725,36.110065
25629,2,-115.17505,36.098984
25630,2,-115.17261,36.109623
25631,6928,-115.17578,36.09593
25632,2,-115.17503,36.118713
25633,6929,-115.17425,36.102516
25634,2,-115.17556,36.098907
25635,6930,-115.17497,36.095417
25636,6931,-115.17305,36.118965
25637,0,-115.3007,36.14558
25638,2,-115.17818,36.106815
25639,2,-115.17106,36.11242
25640,2,-115.19534,36.114998
25641,6932,-115.17818,36.106815
25642,2,-115.173515,36.103
25643,2,-111.78678,33.450356
25644,6933,-115.17141,36.11752
25645,2,-115.179085,36.11224
25646,6934,-115.17453,36.112377
25647,2,-115.173874,36.109753
25648,2,-115.17473,36.098732
25649,2,-115.16989,36.10279
25650,2,-115.172714,36.11888
25651,2,-115.17473,36.098732
25652,6935,-115.17496,36.121323
25653,2,-115.20959,36.12621
25654,2,-115.334816,36.15839
25655,2,-115.17332,36.11567
25656,2,-115.12349,36.057854
25657,2,-115.17582,36.11773
25658,6936,-115.17253,36.112015
25659,2,-115.168106,36.103798
25660,2,-73.574394,45.52221
25661,6937,-115.14494,36.121414
25662,2,-115.17698,36.107407
25663,2,-115.141884,36.16918
25664,17,-115.17601,36.104332
25665,2,-115.17243,36.119926
25666,6938,-115.17698,36.111977
25667,2,-115.168106,36.103798
25668,2,-115.30076,36.145542
25669,6939,-115.16009,36.113396
25670,2,-115.1726,36.118793
25671,2,-115.167694,36.103054
25672,10,-115.11704,36.01736
25673,2,-115.17783,36.093067
25674,2,-115.17712,36.13198
25675,6940,-115.177536,36.06837
25676,10,-115.05591,36.055576
25677,10,-115.33334,36.16098
25678,10,-115.17089,36.114025
25679,6941,-115.046844,36.05945
25680,2,-115.17253,36.112015
25681,2,-115.17254,36.115658
25682,2,-115.17143,36.109825
25683,10,-115.15472,36.115124
25684,2,-115.17103,36.099377
25685,2,-115.172325,36.12454
25686,2,-115.14637,36.124424
25687,2,-115.173515,36.10301
25688,2,-115.17022,36.12299
25689,2,-115.173874,36.109753
25690,2,-115.291306,36.16911
25691,10,-115.173874,36.109753
25692,6942,-115.15228,36.139946
25693,2,-115.17105,36.12595
25694,2,-115.16591,36.127495
25695,2,-115.17124,36.11788
25696,2,-115.17322,36.127586
25697,2,-115.17128,36.11289
25698,2,-115.170906,36.103455
25699,2,-115.17364,36.121155
25700,2,-115.15822,36.161972
25701,2,-115.23995,36.14467
25702,2,-115.1741,36.12124
25703,2,-115.16153,36.132683
25704,6943,-115.16559,36.12689
25705,10,-115.312225,36.158894
25706,2,-115.17503,36.118713
25707,6944,-115.16908,36.124203
25708,6945,-115.17544,36.09935
25709,2,-115.17033,36.12362
25710,4383,-115.17253,36.112015
25711,2,-115.17704,36.10762
25712,2,-115.17086,36.10993
25713,6946,-115.17153,36.117573
25714,2,-115.29408,36.14382
25715,6947,-115.17119,36.12122
25716,10,-115.20741,36.123623
25717,6948,-115.17421,36.106213
25718,2,-115.15082,36.087605
25719,10,-115.17291,36.138462
25720,6949,-115.17575,36.108307
25721,6950,-115.16833,36.127647
25722,2,-115.194374,36.114815
25723,2,-115.16932,36.103893
25724,2,-115.172325,36.12454
25725,2,-115.17462,36.142902
25726,2,-115.1725,36.110065
25727,2,-115.17661,36.097107
25728,2,-115.19822,36.12595
25729,2,-115.17156,36.10262
25730,2,-115.16296,36.12714
25731,2,-115.16904,36.124878
25732,2,-115.17462,36.142902
25733,2,-115.173874,36.10978
25734,6951,-115.16559,36.12689
25735,2,-115.16744,36.127686
25736,2,-115.1727,36.109695
25737,2,-115.18163,36.075855
25738,2,-115.17322,36.119038
25739,2,-115.17156,36.10262
25740,2,-3.195602,55.9491
25741,2,-115.17033,36.12362
25742,2,-115.180016,36.14181
25743,20,-3.190423,55.95065
25744,6952,-115.15539,36.11793
25745,2,-115.17849,36.10924
25746,2,-115.17086,36.10993
25747,2,-115.17253,36.112015
25748,2,-115.17503,36.118713
25749,2,-115.173874,36.10978
25750,2,-115.16587,36.126877
25751,6953,-115.17196,36.120907
25752,2,-115.17253,36.112015
25753,2,-115.17516,36.109875
25754,2,-115.17139,36.135098
25755,2,-115.15165,36.105473
25756,2,-115.17516,36.109875
25757,2,-115.174515,36.121548
25758,2,-115.17481,36.10987
25759,2,-115.17156,36.10262
25760,2,-115.20631,36.12659
25761,10,-115.09787,36.034588
25762,2,-115.17395,36.11303
25763,2,-79.982544,40.42897
25764,2,-115.333855,36.155964
25765,2,-115.1696,36.121452
25766,2,-115.167755,36.123943
25767,2,-115.16923,36.121773
25768,2,-115.01003,36.272373
25769,2,-115.1765,36.10758
25770,2,-115.1725,36.110065
25771,6954,-115.17041,36.110847
25772,6955,-115.170364,36.127617
25773,2,-115.185196,36.12566
25774,2,-115.17345,36.10306
25775,6956,-115.17156,36.10262
25776,2,-115.17156,36.10262
25777,2,-115.172714,36.118225
25778,2,-115.174995,36.092667
25779,2,-115.15712,36.16348
25780,2,-115.175804,36.096684
25781,2,-115.17725,36.119125
25782,2,-115.176315,36.109913
25783,2,-115.16876,36.12438
25784,2,-115.14347,36.06351
25785,2,-115.17089,36.114025
25786,2,-115.166954,36.106236
25787,2,-115.174644,36.109913
25788,2,-115.180016,36.14181
25789,2,-115.17203,36.11494
25790,2,-115.17688,36.111946
25791,2,-115.17601,36.104332
25792,2,-115.17849,36.10924
25793,2,-115.16904,36.124878
25794,2,-115.17405,36.109875
25795,2,-115.172714,36.10941
25796,2,-115.16869,36.127796
25797,10,-115.20638,36.006573
25798,10,-115.15126,36.1089
25799,10,-115.172295,36.11805
25800,10,-115.284424,36.13854
25801,10,-115.173775,36.090916
25802,10,-115.142006,36.17183
25803,10,-115.11793,36.09981
25804,6957,-115.13609,36.01191
25805,2,-115.17324,36.109814
25806,2,-115.17332,36.11567
25807,2,-115.172424,36.101196
25808,2,-115.17516,36.109875
25809,2,-115.17688,36.111946
25810,2,-115.248,36.142876
25811,6958,-3.1878924,55.949314
25812,2,-115.17613,36.107327
25813,10,-115.29302,36.157192
25814,2,-115.1563,36.142338
25815,2,-115.16876,36.12438
25816,10,-115.14289,36.143345
25817,2,-115.13894,36.16672
25818,2,-115.13894,36.16672
25819,2,-115.16994,36.109863
25820,10,-115.24508,36.159706
25821,6959,-115.15448,36.11884
25822,2,-73.55172,45.509388
25823,2,-115.14289,36.143345
25824,6960,-115.209656,36.127045
25825,2,-115.14289,36.143345
25826,2,-115.17259,36.112953
25827,2,-115.167755,36.123943
25828,0,-115.178,36.068428
25829,6961,-115.1195,36.015434
25830,2,-115.301025,36.146275
25831,2,-115.17659,36.091938
25832,2,-115.17086,36.10993
25833,2,-115.27846,36.134956
25834,10,-115.219246,36.143974
25835,2,-111.99434,33.43419
25836,2,-115.174515,36.121548
25837,2,-115.24186,36.062195
25838,2,-115.17345,36.10306
25839,10,-115.17089,36.114025
25840,2,-115.15125,36.136257
25841,2,-115.16591,36.127495
25842,6962,-115.1726,36.118793
25843,2,-115.16904,36.124878
25844,10,-115.111786,36.00694
25845,2,-115.1392,36.08282
25846,10,-115.135,36.1155
25847,10,-115.073,36.072193
25848,2,-111.9382,33.629356
25849,6963,-115.23995,36.14467
25850,6964,-115.17106,36.12008
25851,2,-115.24302,36.036034
25852,6965,-115.15448,36.11884
25853,2,-115.17767,36.10741
25854,10,-115.17575,36.108307
25855,2,-115.174355,36.109806
25856,2,-115.17295,36.10156
25857,2,-115.1684,36.124554
25858,2,-115.17028,36.12229
25859,10,-79.89309,40.489143
25860,10,-115.153404,36.027
25861,6966,-115.24675,36.144825
25862,2,-115.15716,36.114746
25863,6967,-115.157875,36.142757
25864,6968,-115.15448,36.11884
25865,2,-115.17086,36.10993
25866,2,-115.17601,36.104332
25867,2,-115.1702,36.12269
25868,2,-115.17262,36.12956
25869,2118,-112.064766,33.470886
25870,10,-115.273125,36.06686
25871,2,-115.15421,36.118145
25872,2,-115.17386,36.102005
25873,2,-115.173874,36.10978
25874,6969,-115.16573,36.126507
25875,6970,-115.17332,36.11567
25876,2,-115.13639,36.173893
25877,2,-115.15387,36.110085
25878,10,-115.17698,36.107407
25879,2,-115.173874,36.10978
25880,2,-115.17516,36.109875
25881,2,-115.17413,36.109634
25882,2,-115.157875,36.142757
25883,2,-115.17849,36.10924
25884,2,-80.944466,35.22019
25885,6971,-115.17618,36.115856
25886,6972,-115.17535,36.070137
25887,6973,-115.16907,36.124435
25888,2,-115.17262,36.118378
25889,2,-115.171776,36.102093
25890,2,-115.13595,36.159363
25891,10,-115.16841,36.12458
25892,10,-115.16965,36.121864
25893,2,-115.186104,36.11628
25894,2,-112.00717,33.435467
25895,2,-115.17618,36.115856
25896,6974,-115.16858,36.123478
25897,6975,-115.17484,36.102894
25898,2,-115.16296,36.12714
25899,6976,-115.1746,36.116764
25900,2,-111.84253,33.303234
25901,2,-73.55482,45.507256
25902,2,-115.17676,36.10449
25903,2,-115.17496,36.121323
25904,6977,-115.18939,36.11789
25905,6978,-115.172554,36.115673
25906,2,-115.172325,36.12454
25907,2,-115.17131,36.11928
25908,2,-115.17425,36.102516
25909,2,-115.17089,36.114025
25910,2,-115.17106,36.11242
25911,6979,-115.17364,36.121155
25912,6980,-115.17249,36.105267
25913,2,-115.169754,36.102917
25914,2,-115.16591,36.127686
25915,2,-111.95243,33.506767
25916,2,-115.13639,36.175
25917,2,-115.173515,36.103
25918,2,-115.17012,36.122276
25919,2,-115.17178,36.115017
25920,2,-115.17153,36.117573
25921,2,-115.15531,36.11022
25922,2,-115.1763,36.11227
25923,6981,-115.175064,36.107677
25924,2,-115.18191,36.09612
25925,2,-115.14289,36.143345
25926,10,-115.13463,36.161926
25927,2,-115.17106,36.11242
25928,6982,-115.17474,36.115932
25929,2,-115.173195,36.10871
25930,2,-115.135,36.1155
25931,2,-115.175804,36.096684
25932,2,-115.167725,36.103397
25933,10,-115.177,36.11199
25934,2,-115.1765,36.10758
25935,2,-115.15427,36.1187
25936,2,-115.17076,36.123367
25937,2,-115.172424,36.101196
25938,2,-115.16714,36.126476
25939,2,-80.822556,35.216587
25940,2,-115.17457,36.11622
25941,2,-115.17516,36.109875
25942,2,-115.17239,36.109104
25943,2,-115.24536,36.161877
25944,10,-115.16908,36.124203
25945,2,-115.17124,36.11788
25946,10,-115.03062,36.03838
25947,6983,-115.14637,36.124424
25948,6984,-115.1087,36.14329
25949,10,-115.16769,36.10302
25950,2,-115.17156,36.11732
25951,2,-115.1613,36.138298
25952,6985,-115.17086,36.10993
25953,2,-80.93305,35.137833
25954,2,-115.15323,36.042797
25955,10,-115.17106,36.11242
25956,2,-115.17054,36.10259
25957,20,-3.195602,55.9491
25958,20,-3.195602,55.9491
25959,2,-115.17205,35.965473
25960,2,-115.17413,36.121143
25961,2,-115.05262,36.100742
25962,2,-115.17469,36.160713
25963,10,-115.177444,36.11319
25964,2,-115.17688,36.091255
25965,2,-115.155754,36.14755
25966,6986,-115.157875,36.142757
25967,2,-115.17501,36.117245
25968,10,-115.13988,36.1688
25969,2,-115.17075,36.101788
25970,6987,-115.17496,36.121323
25971,2,-115.169266,36.102703
25972,6988,-115.17259,36.112953
25973,10,-115.20888,36.09506
25974,6989,-115.16952,36.12394
25975,2,-115.1765,36.10758
25976,6990,-115.209915,36.126427
25977,2,-112.07377,33.45838
25978,10,-115.17669,36.117455
25979,2,-115.17087,36.10242
25980,10,-115.17166,36.055428
25981,6991,-115.15435,36.143963
25982,6992,-115.16908,36.123558
25983,2,-115.17234,36.110107
25984,2,-115.167755,36.123943
25985,6993,-115.17641,36.11316
25986,6994,-115.17315,36.10988
25987,38,-73.6028,45.47854
25988,10,-115.087364,36.029713
25989,2,-115.17581,36.08995
25990,6995,-115.175064,36.107677
25991,6996,-115.17012,36.122276
25992,2,-115.17341,36.118275
25993,2,-115.17341,36.118275
25994,10,-115.176674,36.090755
25995,2,-115.17618,36.115856
25996,10,-115.13694,36.176132
25997,2,-115.191086,36.197346
25998,2,-115.175026,36.090862
25999,2,-115.16961,36.121452
26000,6997,-115.16961,36.121452
26001,2,-115.17354,36.109516
26002,2,-111.93192,33.50187
26003,2,-115.17318,36.110085
26004,10,-115.173904,36.110092
26005,2,-115.17306,36.091965
26006,2,-115.13637,36.145214
26007,2,-115.16869,36.127796
26008,6998,-115.1546,36.11997
26009,6999,-115.17503,36.118713
26010,2,-115.17496,36.121323
26011,2,-115.16456,36.131496
26012,2,-115.164345,36.06004
26013,7000,-115.17437,36.10206
26014,2,-115.1677,36.125965
26015,2,-115.17193,36.127487
26016,2,-115.16961,36.121452
26017,2,-112.010574,33.434765
26018,2,-115.16965,36.121864
26019,10,-115.16961,36.121452
26020,2,-115.16855,36.10475
26021,7001,-115.17364,36.121155
26022,2,-115.167755,36.123943
26023,2,-115.167694,36.103054
26024,2,-115.16796,36.127712
26025,2,-115.169266,36.102703
26026,2,-115.171776,36.102093
26027,0,-111.940346,33.425938
26028,2,-115.16875,36.11044
26029,2,-115.17684,36.1206
26030,2,-115.16901,35.965446
26031,38,-73.56809,45.48887
26032,7002,-115.14637,36.124424
26033,2,-115.17698,36.111977
26034,2,-115.16929,36.122322
26035,2,-115.15662,36.14225
26036,2,-115.17578,36.09593
26037,7003,-115.224464,36.128838
26038,2,-115.17459,36.112022
26039,2,-115.16597,36.125782
26040,2,-115.1725,36.110065
26041,7004,-115.262314,36.11668
26042,7005,-115.17186,36.11744
26043,2,-115.1702,36.12269
26044,2,-115.17364,36.121155
26045,2,-115.173874,36.10978
26046,2,-115.17025,36.1238
26047,2,-115.174644,36.109913
26048,10,-115.170616,36.124756
26049,7006,-115.17259,36.112953
26050,2,-115.164894,36.129868
26051,2,-115.173874,36.109753
26052,2,-115.17041,36.118294
26053,7007,-115.13639,36.175
26054,5096,-115.24374,36.047146
26055,5111,-115.14551,36.12177
26056,2,-115.17457,36.11622
26057,7008,-115.17857,36.19712
26058,7009,-115.17457,36.11622
26059,2,-115.1763,36.11227
26060,7010,-115.16559,36.12689
26061,7011,-115.17089,36.114025
26062,2,-115.17075,36.101788
26063,2,-111.99968,33.43605
26064,2,-115.17277,36.10465
26065,2,-115.17277,36.082066
26066,2,-115.15693,36.115025
26067,7012,-115.167755,36.123978
26068,2,-115.17697,36.094967
26069,10,-115.176544,36.116646
26070,2,-115.17354,36.109516
26071,10,-115.046844,36.05945
26072,2,-115.17286,36.127224
26073,2,-115.23995,36.14467
26074,10,-115.20848,36.083973
26075,10,-115.29707,36.08382
26076,2,-115.17781,36.093067
26077,2,-115.18939,36.11789
26078,2,-115.13802,36.089493
26079,2,-73.57414,45.499672
26080,2,-115.173874,36.109753
26081,2,-115.17251,36.11073
26082,2,-115.18644,36.11881
26083,2,-73.57582,45.497364
26084,2,-115.15387,36.110085
26085,2,-115.176315,36.109913
26086,2,-115.17113,36.12856
26087,2,-115.17177,36.11931
26088,2,-111.99899,33.436527
26089,2,-115.16587,36.126877
26090,2,-115.1774,36.113766
26091,2,-115.16961,36.121452
26092,2,-115.22456,36.128075
26093,7013,-115.17577,36.011356
26094,2,-115.173706,36.14001
26095,7014,-115.173874,36.109753
26096,2,-115.17786,36.117294
26097,2,-115.16714,36.126476
26098,2,-80.799644,35.176636
26099,10,-115.172554,36.115673
26100,7015,-115.15716,36.114746
26101,2,-115.15323,36.042797
26102,7016,-115.17322,36.10419
26103,7017,-115.174034,36.121204
26104,2,-115.163124,36.133614
26105,7018,-115.33271,36.15179
26106,7019,-111.86568,33.435287
26107,2,-111.9283,33.502007
26108,2,-115.1752,36.091843
26109,7020,-115.16919,36.105984
26110,7021,-115.13802,36.089493
26111,7022,-115.1765,36.10758
26112,2,-115.16858,36.103508
26113,2,-115.17704,36.10762
26114,2,-112.113014,33.713097
26115,2,-115.172455,36.12073
26116,2,-115.17361,36.109997
26117,2,-115.17087,36.10242
26118,2,-115.179085,36.11224
26119,6983,-115.1732,36.104378
26120,7023,-115.17406,36.107925
26121,2,-115.17223,36.105675
26122,2,-115.174644,36.109913
26123,2,-115.17669,36.117455
26124,2,-111.92562,33.493855
26125,2,-115.17435,36.113964
26126,7024,-115.17154,36.048992
26127,2,-112.00699,33.435463
26128,7025,-115.164894,36.129868
26129,7026,-115.15154,36.12109
26130,2,-115.13637,36.145214
26131,2,-115.145645,36.124844
26132,2,-115.179085,36.11224
26133,2,-115.17087,36.10242
26134,2,-115.17618,36.115856
26135,2,-115.16769,36.10302
26136,2,-73.5655,45.5003
26137,7027,-115.20631,36.12659
26138,2,-115.17322,36.109215
26139,2,-115.1613,36.138298
26140,2,-115.17459,36.112022
26141,2,-112.10023,33.626423
26142,10,-115.17516,36.109875
26143,2,-115.18939,36.11789
26144,2,-115.17582,36.11773
26145,7028,-115.14393,36.170383
26146,2,-115.139915,36.169243
26147,7029,-115.173706,36.107292
26148,2,-115.17249,36.105267
26149,10,-115.15659,36.145737
26150,7030,-115.17435,36.113964
26151,2,-115.175026,36.121967
26152,2,-115.17704,36.10762
26153,2,-115.154015,36.12784
26154,2,-115.13717,36.082092
26155,2,-115.17325,36.03351
26156,2,-115.152145,36.13546
26157,2,-115.157875,36.142757
26158,2,-115.17128,36.11289
26159,2,-115.17601,36.104332
26160,2,-115.16296,36.12714
26161,2,-115.17259,36.112953
26162,2,-115.17106,36.11242
26163,10,-115.244255,36.145123
26164,2,-115.17552,36.112335
26165,7031,-115.171036,36.124466
26166,7032,-115.176155,36.09279
26167,2,-115.17332,36.10583
26168,2,-115.15448,36.11884
26169,7033,-115.174034,36.10529
26170,20,-115.174095,36.09128
26171,2,-115.17127,36.11288
26172,2,-112.18334,33.53938
26173,2,-115.14085,36.170055
26174,2,-115.169754,36.102917
26175,2,-112.04751,33.52433
26176,10,-115.19636,36.125397
26177,7034,-115.17712,36.13198
26178,2,-115.17516,36.109875
26179,10,-114.99163,36.00862
26180,7035,-115.20989,36.10025
26181,10,-115.13609,36.01191
26182,2,-115.135,36.1155
26183,2,-115.17277,36.082066
26184,10,-115.20734,36.088776
26185,10,-115.1068,36.071945
26186,10,-115.174355,36.092293
26187,10,-115.241974,36.1434
26188,7036,-112.13472,33.843456
26189,7037,-115.27944,36.123875
26190,7038,-115.14252,36.142284
26191,10,-115.24193,36.143177
26192,10,-115.16879,36.122967
26193,2,-115.17223,36.110733
26194,10,-115.27994,36.127228
26195,10,-115.26988,36.2835
26196,2,-115.174385,36.12034
26197,10,-115.30605,36.113136
26198,7039,-115.11734,36.028217
26199,2,-115.16153,36.132683
26200,20,-115.17012,36.122276
26201,7040,-115.20959,36.12621
26202,2,-115.17234,36.11635
26203,2,-115.17435,36.12769
26204,10,-115.09893,36.042465
26205,10,-115.116776,36.020107
26206,2,-115.17457,36.127308
26207,2,-115.16961,36.121452
26208,10,-115.2431,36.124302
26209,7041,-115.24385,36.04967
26210,2,-115.17196,36.120907
26211,2,-115.17086,36.10993
26212,10,-115.040665,36.106735
26213,2,-115.177,36.11199
26214,7042,-115.14064,36.167877
26215,2,-115.17382,36.107162
26216,7043,-115.17345,36.10306
26217,2,-115.17022,36.11236
26218,10,-115.28655,36.28842
26219,7044,-111.97677,33.679085
26220,2,-115.14643,36.100643
26221,2,-115.17205,36.11012
26222,2,-115.17641,36.11316
26223,2,-115.172554,36.115673
26224,2,-115.17259,36.112953
26225,7045,-115.157875,36.142757
26226,2,-115.167755,36.123978
26227,10,-115.17581,36.08995
26228,0,-115.1546,36.11997
26229,7046,-115.30114,36.09934
26230,7047,-115.14636,36.171658
26231,7048,-115.16792,36.11547
26232,10,-115.16792,36.11547
26233,2,-115.17688,36.111946
26234,7049,-115.15716,36.114746
26235,2,-115.24324,36.202335
26236,2,-115.16296,36.12714
26237,2,-115.16997,36.11293
26238,10,-115.31403,36.218792
26239,7050,-115.09903,36.072247
26240,2,-115.15154,36.13614
26241,10,-115.14007,36.167534
26242,10,-115.19203,36.126144
26243,7051,-115.15387,36.110085
26244,10,-115.25142,36.067112
26245,7052,-115.29809,36.14342
26246,7053,-115.19189,36.126472
26247,2,-115.169266,36.102703
26248,2,-115.17457,36.11622
26249,2,-115.175064,36.107677
26250,7054,-115.20198,36.10272
26251,7055,-115.16559,36.12689
26252,2,-115.17318,36.110085
26253,10,-115.23752,36.14488
26254,4954,-115.17637,36.06801
26255,10,-115.1988,36.11421
26256,2,-115.17332,36.11567
26257,7056,-115.17387,36.114304
26258,7057,-115.16592,36.127518
26259,2,-115.15979,36.11516
26260,2,-115.16744,36.127686
26261,7058,-115.13056,36.10134
26262,2,-115.17462,36.1098
26263,2,-115.16787,36.12406
26264,2,-115.17177,36.11931
26265,2,-115.17618,36.115856
26266,0,-115.173775,36.090916
26267,2,-115.17299,36.128223
26268,7059,-115.173706,36.107292
26269,2,-115.17382,36.107162
26270,7060,-115.16961,36.121452
26271,2,-115.17818,36.10713
26272,2,-115.16879,36.122967
26273,2,-115.16714,36.126476
26274,2,-73.596985,45.518787
26275,7061,-115.17229,36.115147
26276,2,-115.17437,36.10206
26277,7062,-115.155754,36.14755
26278,7063,-115.17259,36.112953
26279,2,-115.17234,36.110107
26280,0,-115.16879,36.122967
26281,10,-115.29792,36.11212
26282,2,-115.17086,36.10993
26283,2,-115.17089,36.11006
26284,2,-115.17481,36.10987
26285,10,-115.180664,36.291985
26286,10,-115.28703,36.166676
26287,2,-115.17196,36.120907
26288,7064,-115.13706,36.10708
26289,2,-115.176674,36.090755
26290,2,-115.17179,36.12469
26291,2,-115.17345,36.10306
26292,2,-115.17345,36.10306
26293,2,-115.17364,36.121155
26294,7065,-115.15228,36.139946
26295,7066,-115.14124,36.172813
26296,2,-115.17139,36.135098
26297,2,-115.17613,36.107327
26298,10,-115.15126,36.1089
26299,2,-115.17259,36.112953
26300,2,-115.14637,36.124424
26301,2,-115.04147,36.061275
26302,2,-115.164635,36.15917
26303,2,-115.169655,36.12119
26304,2,-111.93395,33.49345
26305,7067,-115.1746,36.116764
26306,2,-115.19777,36.126934
26307,2,-115.194496,36.114227
26308,7068,-115.16901,35.965446
26309,2,-115.17368,36.12316
26310,2,-115.17652,36.11303
26311,2,-115.17601,36.104332
26312,2,-115.173874,36.10978
26313,7069,-115.17075,36.101788
26314,2,-115.1696,36.121452
26315,2,-115.173874,36.10978
26316,2,-115.16996,36.10984
26317,2,-115.17216,36.126064
26318,2,-115.17698,36.107407
26319,2,-115.1765,36.10758
26320,7070,-115.16296,36.12714
26321,2,-115.186104,36.11628
26322,2,-115.17124,36.11788
26323,2,-115.11806,36.01813
26324,2,-115.17698,36.111977
26325,2,-115.167694,36.103054
26326,7071,-115.17858,36.106277
26327,2,-115.20312,36.115067
26328,2,-115.17151,36.112106
26329,2,-115.17028,36.12229
26330,2,-115.17625,36.092876
26331,7072,-115.17322,36.11784
26332,10,-115.16938,36.12179
26333,2,-115.18231,36.140705
26334,2,-115.1763,36.11227
26335,2,-115.17849,36.10924
26336,2,-80.828545,35.15261
26337,2,-115.173874,36.10978
26338,10,-115.15954,36.15574
26339,2,-115.17086,36.10993
26340,2,-115.180626,36.29249
26341,7073,-115.171776,36.102093
26342,2,-112.07409,33.512627
26343,7074,-115.14252,36.142284
26344,2,-115.17462,36.11694
26345,7075,-115.17704,36.10762
26346,2,-115.16591,36.127686
26347,2,-115.172554,36.111877
26348,2,-115.1765,36.10758
26349,2,-115.17345,36.10306
26350,2,-73.56269,45.502544
26351,2,-115.176315,36.109913
26352,10,-115.331406,36.15959
26353,2,-115.1746,36.116764
26354,2,-115.16938,36.12179
26355,7076,-115.176575,36.091194
26356,2,-89.47269,43.07396
26357,2,-115.17259,36.112953
26358,2,-115.16591,36.127686
26359,7077,-111.99559,33.511234
26360,2,-115.16901,35.965446
26361,2,-115.17345,36.10306
26362,2,-115.13717,36.082092
26363,2,-115.17688,36.111946
26364,2,-115.17582,36.11773
26365,10,-115.177,36.11199
26366,2,-115.16084,36.139904
26367,2,-115.17354,36.109516
26368,2,-115.20247,36.144047
26369,2,-115.1756,36.09524
26370,2,-115.14637,36.124424
26371,2,-115.16858,36.123478
26372,2,-115.16591,36.127686
26373,417,-115.175385,36.093647
26374,2,-115.16591,36.127686
26375,10,-115.13988,36.1688
26376,7078,-115.197014,36.12641
26377,2,-115.16845,36.123913
26378,2,-115.14277,36.16997
26379,2,-115.163536,36.126423
26380,2,-115.17457,36.102413
26381,7079,-115.197014,36.12641
26382,2,-115.17124,36.11788
26383,2,-115.17419,36.110485
26384,2,-115.16918,36.10844
26385,7080,-115.16591,36.127686
26386,7081,-115.26674,36.272594
26387,2,-115.16591,36.127686
26388,2,-115.135,36.1155
26389,7082,-115.17364,36.121155
26390,10,-115.24189,36.112988
26391,2,-115.1768,36.090183
26392,7083,-115.16908,36.124203
26393,10,-115.17849,36.10924
26394,7084,-115.174644,36.109913
26395,2,-115.169754,36.102917
26396,2,-115.17601,36.104332
26397,7085,-115.19528,36.11444
26398,2,-115.16591,36.127686
26399,2,-115.16961,36.121452
26400,2,-115.17457,36.11622
26401,2,-115.174644,36.109913
26402,2,-115.18939,36.11789
26403,2,-115.17462,36.142902
26404,7086,-115.16997,36.11293
26405,20,-3.2047284,55.94593
26406,7087,-115.16009,36.113396
26407,2,-115.180016,36.14181
26408,2,-115.17849,36.10924
26409,2,-115.17354,36.109516
26410,7088,-115.241745,36.07865
26411,2,-80.92247,35.190365
26412,7089,-115.172714,36.10941
26413,2,-115.1774,36.113766
26414,7090,-115.15271,36.108807
26415,2,-115.15979,36.11516
26416,10,-115.157875,36.142757
26417,2,-115.14255,36.142525
26418,2,-115.17179,36.12469
26419,10,-115.29494,36.144653
26420,10,-115.14289,36.143345
26421,7091,-115.15126,36.1089
26422,2,-115.17849,36.10924
26423,2,-115.16296,36.12714
26424,2,-115.14333,36.19606
26425,2,-115.17462,36.11694
26426,2,-115.16456,36.131496
26427,2,-112.073425,33.447334
26428,2,-115.17481,36.10987
26429,7092,-115.174416,36.127724
26430,2,-115.17618,36.115856
26431,2,-115.16845,36.123913
26432,2,-115.11874,36.084557
26433,2,-80.84322,35.06882
26434,7093,-115.16348,36.113026
26435,2,-115.15387,36.110085
26436,2,-115.17143,36.135014
26437,2,-115.15387,36.109016
26438,10,-115.17124,36.11788
26439,2,-80.828545,35.15261
26440,2,-115.16296,36.12714
26441,2,-115.1696,36.121452
26442,2,-115.135,36.1155
26443,7094,-115.284874,36.29139
26444,7095,-115.16997,36.11293
26445,2,-115.17143,36.135014
26446,2,-115.167694,36.103054
26447,7096,-111.74018,33.378
26448,2,-115.35092,36.159397
26449,2,-73.57441,45.520267
26450,10,-115.24334,36.04716
26451,2,-115.17106,36.12008
26452,2,-115.17524,36.09232
26453,2,-115.209656,36.127045
26454,2,-115.17618,36.115856
26455,10,-115.23995,36.14467
26456,10,-115.19242,36.12601
26457,2,-89.39556,43.07282
26458,2,-115.17156,36.11732
26459,2,-115.17223,36.105675
26460,2,-115.14289,36.143345
26461,2,-115.15323,36.042797
26462,2,-115.20169,36.103138
26463,2,-115.29864,36.076557
26464,7097,-115.272705,36.144665
26465,2,-115.176315,36.109913
26466,7098,-115.16348,36.113026
26467,2,-115.1546,36.11997
26468,10,-115.16912,36.103695
26469,2,-115.17279,36.11766
26470,2,-115.16348,36.113026
26471,10,-115.16348,36.113026
26472,2,-115.14064,36.167877
26473,10,-115.10041,36.07238
26474,2,-115.20247,36.144047
26475,10,-111.91983,33.466194
26476,2,-115.16348,36.113026
26477,10,-115.307335,36.11481
26478,10,-115.20247,36.144047
26479,2,-115.17368,36.12316
26480,10,-115.1768,36.090183
26481,2,-115.17516,36.109875
26482,2,-115.173874,36.109753
26483,2,-115.171104,36.040154
26484,7099,-115.17167,36.11025
26485,7100,-115.16876,36.12438
26486,2,-115.17113,36.12856
26487,7101,-115.19826,36.11444
26488,2,-89.35878,43.087936
26489,2,-115.16218,36.135162
26490,7102,-115.163536,36.126423
26491,2,-115.17124,36.11788
26492,2,-115.141884,36.16918
26493,10,-115.132225,36.101387
26494,2,-115.17556,36.098907
26495,2,-115.21351,36.12623
26496,7103,-115.07661,36.070503
26497,2,-115.16218,36.135162
26498,5147,-115.22439,36.101456
26499,2,-115.17516,36.109875
26500,10,-115.138504,36.117256
26501,2,-115.17333,36.119556
26502,7104,-115.17698,36.111977
26503,2,-112.02839,33.510456
26504,2,-115.17435,36.113964
26505,2,-73.57414,45.499672
26506,2,-115.17337,36.104424
26507,2,-115.19906,36.114304
26508,10,-115.142395,36.142128
26509,2,-115.17698,36.111977
26510,7105,-115.17603,36.11833
26511,2,-115.17516,36.091866
26512,2,-115.13639,36.175
26513,2,-115.17625,36.092876
26514,2,-115.177956,36.12037
26515,2,-115.17818,36.106815
26516,2,-89.34581,43.136467
26517,2,-115.17704,36.10762
26518,2,-115.17464,36.1021
26519,2,-115.19906,36.114304
26520,2,-115.17075,36.101788
26521,10,-115.179085,36.11224
26522,7106,-115.18961,36.125954
26523,2,-115.17556,36.098907
26524,2,-111.86473,33.613514
26525,10,-111.990555,33.4349
26526,2,-115.17395,36.11303
26527,2,-115.167015,36.126884
26528,7107,-115.17676,36.10449
26529,7108,-115.17345,36.10306
26530,7109,-115.17264,36.11758
26531,7110,-115.173515,36.103
26532,7111,-115.137505,36.08225
26533,38,-115.160965,36.09982
26534,2,-115.1715,36.127525
26535,2,-115.174355,36.109806
26536,2,-115.17465,36.10597
26537,2,-115.17712,36.13198
26538,2,-115.10773,36.002964
26539,2,-115.174355,36.109806
26540,2,-115.17503,36.118713
26541,2,-115.176704,36.09028
26542,2,-115.176315,36.109913
26543,2,-115.17395,36.11303
26544,2,-115.17028,36.12229
26545,2,-115.17253,36.10185
26546,2,-115.16762,36.126415
26547,2,-115.17253,36.10185
26548,2,-115.14124,36.172813
26549,10,-115.11793,36.018227
26550,2,-115.15822,36.161972
26551,2,-115.21632,36.143684
26552,2,-115.17849,36.10924
26553,2,-115.17253,36.10185
26554,17,-115.16908,36.124203
26555,2,-115.17484,36.102894
26556,2,-115.174355,36.092293
26557,2,-115.16296,36.12714
26558,0,-115.17261,36.109623
26559,1093,-115.17278,36.11766
26560,2,-115.17106,36.11242
26561,2,-115.173706,36.107292
26562,2,-115.26148,36.113655
26563,2,-115.16744,36.127686
26564,6726,-115.17306,36.091965
26565,2,-115.176575,36.091194
26566,2,-115.17618,36.115856
26567,10,-115.14007,36.167534
26568,2,-115.17106,36.11242
26569,2,-115.176025,36.10461
26570,2,-115.17234,36.10353
26571,992,-111.85806,33.23327
26572,2,-115.18939,36.11789
26573,7112,-115.17476,36.10803
26574,7113,-115.305176,36.145344
26575,2,-115.17234,36.10353
26576,2,-115.17345,36.10306
26577,5830,-115.29818,36.09476
26578,2,-115.17028,36.12229
26579,2,-115.17259,36.099777
26580,2,-115.167694,36.103054
26581,2,-115.173874,36.10978
26582,2,-115.17179,36.12469
26583,2,-115.17113,36.12856
26584,2,-115.168816,36.11002
26585,2,-115.1696,36.121452
26586,10,-115.1725,36.110065
26587,2,-115.17332,36.11567
26588,2,-115.19906,36.114304
26589,2,-115.17406,36.107925
26590,2,-115.16456,36.131496
26591,7114,-115.167694,36.103054
26592,2,-115.163124,36.133614
26593,2,-115.17382,36.107162
26594,2,-115.139786,36.114964
26595,10,-115.17613,36.092182
26596,2,-115.17105,36.12595
26597,2,-115.209915,36.126427
26598,2,-115.20955,36.12644
26599,10,-115.15389,36.156593
26600,4465,-115.25154,36.159424
26601,2,-115.17641,36.11316
26602,2,-115.17462,36.11694
26603,2,-115.09037,36.02096
26604,2,-115.17033,36.12362
26605,2,-115.17181,36.12074
26606,2,-115.17818,36.106815
26607,7115,-115.168816,36.11002
26608,2,-115.17516,36.109875
26609,7116,-115.170364,36.127617
26610,7117,-115.176315,36.109913
26611,2,-115.14442,36.10476
26612,10,-112.06544,33.595097
26613,7118,-115.334236,36.145416
26614,7119,-115.1344,36.03022
26615,5111,-115.191826,36.144268
26616,10,-111.92034,33.49875
26617,2,-115.19534,36.114998
26618,10,-115.119194,36.02536
26619,10,-115.13723,36.108643
26620,2,-115.17618,36.115856
26621,2,-115.17332,36.11567
26622,10,-115.146904,36.171864
26623,10,-115.2682,36.207485
26624,10,-115.15364,36.013832
26625,10,-115.26203,36.070213
26626,2,-115.168724,36.1305
26627,20,-3.195602,55.9491
26628,2,-115.173515,36.103
26629,2,-115.1696,36.121452
26630,7120,-115.17435,36.113964
26631,2,-115.174644,36.109913
26632,2,-115.172325,36.10773
26633,2,-73.580765,45.52284
26634,38,-73.584946,45.488773
26635,2,-115.14553,36.16981
26636,7121,-111.91033,33.486916
26637,7122,-115.173706,36.104473
26638,2,-115.02823,36.044483
26639,2,-115.17818,36.106815
26640,2,-115.17086,36.10993
26641,2,-115.14064,36.167877
26642,2,-80.832275,35.155388
26643,2,-115.173515,36.103
26644,7123,-115.1765,36.10758
26645,0,-111.88703,33.58109
26646,10,-115.25931,36.191574
26647,7124,-115.17364,36.121155
26648,2,-115.16296,36.12714
26649,2,-115.18644,36.1187
26650,2,-115.17422,36.101463
26651,2,-115.142876,36.169594
26652,2,-115.170906,36.103455
26653,2,-115.17425,36.102516
26654,2,-115.24359,36.04637
26655,2,-80.94504,35.21938
26656,2,-115.173515,36.10301
26657,2,-111.97652,33.31724
26658,2,-115.17382,36.107162
26659,2,-115.175385,36.093647
26660,2,-111.873436,33.413322
26661,2,-115.175064,36.107677
26662,2,-115.17425,36.102516
26663,2,-115.15539,36.11793
26664,2,-115.20955,36.12644
26665,2,-115.16242,36.131897
26666,7125,-115.1765,36.10758
26667,20,-115.17425,36.102516
26668,7126,-115.15161,36.134583
26669,5441,-115.17684,36.1206
26670,2,-115.16866,36.117542
26671,7127,-115.176155,36.09279
26672,7128,-115.17858,36.106277
26673,2,-111.874794,33.348907
26674,7129,-115.178215,36.068935
26675,10,-115.14467,36.17062
26676,10,-115.144264,36.170635
26677,7130,-115.170364,36.127617
26678,2,-115.308624,36.11392
26679,2,-80.841965,35.225376
26680,2,-73.56134,45.523285
26681,2,-115.157875,36.142757
26682,7131,-115.17849,36.10924
26683,2,-115.17516,36.109875
26684,7132,-115.17234,36.11635
26685,2,-115.17022,36.123844
26686,7133,-111.92589,33.586834
26687,10,-115.172325,36.12454
26688,7134,-115.173996,36.12161
26689,7135,-115.174355,36.092293
26690,10,-115.173515,36.10301
26691,2,-115.17223,36.110733
26692,7136,-115.21774,36.16837
26693,2,-115.176544,36.113472
26694,2,-115.173874,36.109753
26695,2,-115.16242,36.131897
26696,2,-115.15557,36.135155
26697,2,-115.176315,36.109913
26698,2,-115.167725,36.103397
26699,10,-115.28613,36.15764
26700,10,-115.267746,36.020943
26701,2,-115.23995,36.14467
26702,2,-115.332954,36.163654
26703,10,-115.1183,36.274784
26704,2,-115.17625,36.092876
26705,7137,-115.17063,36.12298
26706,7138,-115.17364,36.121155
26707,10,-115.17234,36.110107
26708,7139,-115.16989,36.10279
26709,17,-115.17036,36.124023
26710,2,-79.92435,40.460033
26711,2,-115.17124,36.11788
26712,2,-115.16923,36.102325
26713,10,-115.14637,36.124424
26714,2,-115.175095,36.095818
26715,10,-115.174644,36.109913
26716,2,-115.17318,36.110085
26717,7140,-115.17019,36.123405
26718,2,-115.17676,36.10449
26719,10,-115.26203,36.070213
26720,7141,-115.295586,36.114517
26721,7142,-115.173706,36.107292
26722,7143,-115.15126,36.1089
26723,10,-115.30628,36.114822
26724,7144,-115.15475,36.12697
26725,10,-115.18908,36.07802
26726,10,-115.16296,36.12714
26727,7145,-115.119865,36.097946
26728,4930,-115.242714,36.036674
26729,7146,-111.96684,33.305733
26730,7147,-115.1543,36.014694
26731,2,-115.18163,36.075855
26732,7148,-115.17259,36.11094
26733,2,-115.17259,36.112953
26734,2,-115.11719,36.028934
26735,2,-115.17332,36.11567
26736,2,-115.17818,36.106815
26737,7149,-115.176414,36.092564
26738,7150,-115.17106,36.11242
26739,10,-115.174416,36.1097
26740,10,-115.157875,36.142757
26741,10,-115.22455,36.238483
26742,2,-115.1725,36.110065
26743,10,-115.2431,36.124302
26744,7151,-115.17364,36.121155
26745,2,-115.16461,36.13704
26746,2,-115.204865,36.075706
26747,7152,-115.218315,36.125317
26748,7153,-115.11888,36.017677
26749,7154,-115.16961,36.121452
26750,7155,-115.13056,36.10134
26751,2,-115.176414,36.092564
26752,2,-115.23995,36.14467
26753,2,-115.16497,36.12947
26754,2,-115.20734,36.088776
26755,10,-115.14683,36.172176
26756,2,-115.17725,36.119125
26757,10,-115.16587,36.126877
26758,2,-115.15539,36.11793
26759,2,-115.17352,36.10309
26760,10,-115.24287,36.044266
26761,2,-115.1763,36.11227
26762,10,-115.17503,36.143192
26763,2,-115.174355,36.092293
26764,2,-115.291306,36.16911
26765,2,-115.17462,36.11694
26766,2,-115.17229,36.115147
26767,10,-115.16879,36.122967
26768,2,-115.17625,36.092876
26769,7156,-114.98724,36.036552
26770,2,-115.15539,36.11793
26771,7157,-115.17177,36.11934
26772,2,-115.17406,36.107925
26773,2,-115.169655,36.12119
26774,2,-115.17684,36.1206
26775,10,-115.04803,36.043564
26776,7158,-115.177,36.11199
26777,2,-115.17625,36.092876
26778,2,-115.17028,36.12433
26779,2,-115.15539,36.11793
26780,2,-115.16937,36.121815
26781,2,-115.17143,36.109825
26782,7159,-112.04791,33.47893
26783,7160,-115.28703,36.166676
26784,7161,-115.20741,36.123623
26785,10,-115.17106,36.12008
26786,2,-115.16875,36.11044
26787,2,-115.13639,36.175
26788,2,-115.17028,36.12229
26789,2,-73.5747,45.525303
26790,7162,-115.176414,36.092564
26791,2,-115.13894,36.16672
26792,2,-115.11588,36.029297
26793,2,-115.16961,36.121452
26794,38,-73.57578,45.50141
26795,2,-115.16961,36.121452
26796,1,-115.16961,36.121452
26797,7163,-115.17481,36.10987
26798,7164,-115.16578,36.128788
26799,7165,-115.17784,36.092987
26800,2,-115.17279,36.11766
26801,7166,-115.16961,36.121452
26802,98,-73.56359,45.50472
26803,10,-115.33299,36.16123
26804,2,-115.17283,36.132774
26805,7167,-115.1786,36.06816
26806,2,-115.15594,36.10788
26807,10,-115.28129,36.055817
26808,10,-115.136406,36.106606
26809,2,-115.17196,36.120907
26810,7168,-115.11047,36.002903
26811,10,-115.12009,36.03372
26812,10,-115.19528,36.11444
26813,10,-115.28319,36.15782
26814,10,-115.29707,36.08382
26815,10,-115.18982,36.143955
26816,0,-115.11822,36.017567
26817,10,-115.27954,36.125084
26818,10,-115.29822,36.09571
26819,7169,-115.28994,36.16387
26820,10,-115.26674,36.272594
26821,2,-115.164345,36.06004
26822,7170,-115.174706,36.01131
26823,2,-115.17496,36.121323
26824,2,-115.14289,36.143345
26825,2,-115.17139,36.135098
26826,2,-112.003174,33.49564
26827,2,-115.17704,36.10762
26828,10,-115.24166,36.194546
26829,2,-73.57137,45.497894
26830,2,-115.17139,36.135098
26831,7171,-115.14014,36.167618
26832,10,-115.24371,36.05824
26833,10,-115.2072,36.271782
26834,2,-115.1719,36.090534
26835,2,-115.16818,36.117462
26836,7172,-115.17012,36.122276
26837,2,-115.16894,36.128597
26838,10,-115.10972,36.00123
26839,2,-115.17167,36.11025
26840,7173,-115.16334,36.13698
26841,0,-115.28559,36.16719
26842,7174,-115.16671,36.126022
26843,10,-115.112,36.10026
26844,10,-115.2072,36.271782
26845,2,-115.23995,36.14467
26846,2,-115.168106,36.103798
26847,2,-115.15387,36.110085
26848,2,-115.174644,36.109913
26849,2,-115.17364,36.121155
26850,2,-115.17028,36.12229
26851,2,-115.1725,36.110065
26852,10,-115.16555,36.11523
26853,2,-115.167755,36.123978
26854,2,-115.17259,36.112953
26855,7175,-111.87708,33.33638
26856,10,-112.070465,33.452625
26857,2,-115.1741,36.12134
26858,7176,-115.16555,36.11523
26859,2,-115.17459,36.112022
26860,2,-115.16555,36.11523
26861,0,-112.201805,33.666836
26862,0,-115.17279,36.11766
26863,2,-115.16555,36.11523
26864,7177,-115.17389,36.109882
26865,10,-115.292984,36.158527
26866,7178,-115.17484,36.102894
26867,10,-115.22625,36.086525
26868,2,-115.17466,36.02949
26869,7179,-115.11979,36.238106
26870,10,-115.119255,36.02623
26871,10,-115.15448,36.11884
26872,10,-115.15126,36.1089
26873,7180,-115.25199,36.063637
26874,10,-115.18211,36.144463
26875,7181,-115.17213,36.056313
26876,7182,-115.17557,36.118473
26877,7183,-115.0452,36.063137
26878,7184,-115.33272,36.14874
26879,10,-115.27943,36.142227
26880,7185,-115.225,36.069855
26881,10,-115.17278,36.11766
26882,10,-115.259224,36.16771
26883,2,-115.167,36.12617
26884,2,-115.17322,36.11784
26885,2,-115.170906,36.103455
26886,2,-115.15689,36.113342
26887,2,-73.57902,45.52839
26888,2,-115.17644,36.116367
26889,2,-115.176025,36.10461
26890,2,-115.167755,36.123978
26891,7186,-115.17124,36.11788
26892,10,-115.17028,36.12433
26893,2,-115.16846,36.10319
26894,7187,-115.24362,36.202663
26895,10,-115.24257,36.199387
26896,7188,-115.17223,36.110733
26897,2,-115.29761,36.079807
26898,7189,-115.17268,36.1094
26899,7190,-115.16744,36.127686
26900,2,-115.1684,36.124554
26901,2,-115.19142,36.126163
26902,2,-115.209656,36.127045
26903,7191,-115.20667,36.114872
26904,7192,-73.57587,45.49724
26905,10,-115.169945,35.96528
26906,7193,-115.17704,36.10762
26907,2,-115.16817,36.108307
26908,7194,-115.15427,36.1187
26909,2,-115.16997,36.11293
26910,10,-115.16817,36.108307
26911,7195,-115.11874,36.084557
26912,2,-115.16904,36.124878
26913,2,-115.17831,36.12849
26914,2,-115.14708,36.166077
26915,2,-3.18764,55.954
26916,7196,-115.295746,36.100655
26917,2,-115.17234,36.10353
26918,10,-115.243416,36.191948
26919,2,-115.174644,36.109913
26920,10,-115.33383,36.15735
26921,2,-115.08775,36.021477
26922,2,-115.17332,36.11567
26923,2,-115.15979,36.11516
26924,10,-115.18939,36.11789
26925,2,-115.17234,36.110107
26926,2,-115.23273,36.15914
26927,10,-115.152756,36.04253
26928,7197,-115.138504,36.117256
26929,10,-115.24374,36.047146
26930,7198,-115.167755,36.123978
26931,2,-115.086464,36.02119
26932,10,-115.33272,36.148514
26933,7199,-115.28171,36.19814
26934,10,-115.17143,36.135014
26935,10,-115.17577,36.10771
26936,2,-115.15979,36.11516
26937,2,-115.15979,36.11516
26938,10,-115.156746,36.15323
26939,2,-115.15054,36.083168
26940,7200,-111.91085,33.393078
26941,7201,-115.175385,36.093647
26942,10,-115.17125,36.10998
26943,10,-115.17294,36.1184
26944,10,-115.24359,36.04637
26945,10,-115.13762,36.158867
26946,2,-115.17457,36.11622
26947,2,-115.15603,36.147247
26948,10,-115.13988,36.1688
26949,2,-115.144264,36.170635
26950,2,-115.16009,36.113396
26951,2,-115.15401,36.1169
26952,2,-115.16009,36.113396
26953,10,-115.17065,36.04064
26954,10,-115.24214,36.078087
26955,10,-115.17768,36.06848
26956,10,-115.09893,36.042465
26957,2,-115.179016,36.090706
26958,2,-115.20942,36.12682
26959,2,-115.26048,36.17591
26960,2,-115.13754,36.08749
26961,2,-115.16904,36.124878
26962,2,-73.57783,45.498096
26963,2,-115.16923,36.121773
26964,2,-115.167694,36.103054
26965,10,-115.176315,36.109913
26966,2,-115.173874,36.109753
26967,2,-115.17534,36.11709
26968,2,-115.17307,36.123154
26969,7202,-115.17022,36.12299
26970,2,-115.170906,36.103455
26971,2,-115.15411,36.107388
26972,2,-115.17501,36.117245
26973,2,-115.173874,36.109753
26974,10,-115.292046,36.15843
26975,2,-115.17419,36.110485
26976,2,-115.21314,36.158226
26977,7203,-115.176315,36.109913
26978,7204,-115.16961,36.121452
26979,10,-115.17028,36.12229
26980,2,-115.174644,36.109913
26981,10,-115.17419,36.110485
26982,7205,-115.1726,36.118793
26983,2,-115.173515,36.103
26984,7206,-111.997986,33.435844
26985,7207,-115.1725,36.110065
26986,7208,-115.334816,36.155132
26987,2,-115.17259,36.112953
26988,2,-115.175896,36.093586
26989,2,-115.16559,36.12689
26990,10,-115.173836,36.117283
26991,7209,-115.17054,36.10259
26992,7210,-115.17143,36.135014
26993,2,-115.174416,36.1097
26994,7211,-115.11869,36.01635
26995,7212,-115.17332,36.10583
26996,2,-80.81337,35.220215
26997,10,-115.17647,36.14513
26998,7213,-115.17818,36.106815
26999,7214,-115.17419,36.110485
27000,10,-115.17419,36.110485
27001,7215,-115.17106,36.11242
27002,2,-115.17419,36.110485
27003,2,-115.173874,36.109753
27004,7216,-115.17419,36.110485
27005,5029,-115.17541,36.093304
27006,10,-115.224075,36.12743
27007,6646,-115.30234,36.100346
27008,10,-115.241554,36.064533
27009,10,-115.24119,36.14525
27010,7217,-115.242714,36.036674
27011,10,-115.11736,36.014675
27012,10,-115.13463,36.013718
27013,10,-115.25111,36.21987
27014,7218,-115.28973,36.1641
27015,10,-115.24192,36.116146
27016,10,-115.243866,36.086548
27017,10,-115.24239,36.148426
27018,2,-115.257416,36.142918
27019,10,-115.2462,36.19466
27020,10,-115.27803,36.02064
27021,10,-115.258804,36.195686
27022,7219,-115.17167,36.11025
27023,10,-115.24367,36.084496
27024,10,-115.15271,36.108807
27025,7220,-115.19761,36.14399
27026,7221,-115.28216,36.30256
27027,7222,-115.22045,36.099846
27028,7223,-115.25095,36.196445
27029,10,-115.27994,36.127228
27030,7224,-115.13962,36.170086
27031,7225,-115.31634,36.218384
27032,2,-115.17264,36.11758
27033,10,-115.28203,36.302856
27034,10,-115.27792,36.078094
27035,7226,-115.33387,36.152832
27036,4963,-115.25033,36.21986
27037,7227,-115.20431,35.999184
27038,10,-115.141884,36.16918
27039,10,-115.2916,36.053307
27040,10,-115.3317,36.16127
27041,10,-115.22406,36.12772
27042,10,-115.30759,36.114555
27043,7228,-115.25247,36.205795
27044,10,-115.33344,36.150024
27045,7229,-115.314476,36.12843
27046,10,-115.29494,36.144653
27047,7230,-115.226364,36.143147
27048,10,-115.33387,36.152832
27049,7231,-115.17557,36.118473
27050,7232,-115.298615,36.115734
27051,2,-115.169754,36.102917
27052,7233,-115.24508,36.159706
27053,10,-115.152916,36.13711
27054,2,-115.28812,36.15797
27055,10,-115.226,36.05534
27056,10,-115.30402,36.100548
27057,10,-115.1401,36.169327
27058,7234,-115.24189,36.112988
27059,7235,-115.25154,36.159424
27060,10,-115.24636,36.125317
27061,10,-115.111786,36.00694
27062,10,-115.16643,36.06988
27063,7236,-115.298615,36.115734
27064,10,-115.07656,36.071907
27065,10,-115.21232,36.12605
27066,10,-115.28257,36.198036
27067,10,-115.29149,36.085815
27068,10,-115.152725,36.159145
27069,7237,-115.28644,36.15855
27070,10,-115.298744,36.115807
27071,10,-115.25093,36.055206
27072,10,-115.30734,36.11439
27073,10,-115.17581,36.08995
27074,10,-115.280624,36.113846
27075,7238,-115.134926,36.01409
27076,7239,-115.30172,36.100273
27077,10,-115.25033,36.21986
27078,7240,-115.24536,36.161877
27079,10,-115.298065,36.147495
27080,10,-111.790665,33.329014
27081,2,-115.17099,36.12224
27082,7241,-115.20641,36.17994
27083,10,-115.17187,36.059124
27084,7242,-115.23995,36.14467
27085,10,-115.2462,36.19466
27086,10,-115.175804,36.096684
27087,10,-115.20638,36.006573
27088,10,-115.16915,36.054928
27089,10,-115.17229,36.115147
27090,10,-115.28637,36.157627
27091,10,-115.04548,36.060318
27092,10,-115.15126,36.1089
27093,7243,-115.24407,36.04506
27094,7244,-115.280014,36.056793
27095,7245,-115.172424,36.10882
27096,10,-111.90516,33.431896
27097,7246,-115.25894,36.142735
27098,7247,-115.25894,36.142735
27099,10,-115.20388,36.087532
27100,7248,-115.14467,36.17062
27101,10,-115.170906,36.103455
27102,7249,-115.17767,36.10741
27103,7250,-115.24373,36.08461
27104,10,-115.21288,36.145676
27105,7251,-115.174416,36.127724
27106,10,-115.243546,36.04771
27107,10,-115.27846,36.134956
27108,2,-115.27283,36.30921
27109,10,-115.23995,36.14467
27110,10,-115.16449,36.193768
27111,10,-115.297615,36.115936
27112,7252,-115.11931,36.01597
27113,7253,-115.17143,36.135014
27114,2,-115.22422,36.12766
27115,10,-115.27777,36.130028
27116,7254,-115.2249,36.047733
27117,10,-115.27841,36.112347
27118,7255,-115.11958,36.01292
27119,10,-115.29864,36.076557
27120,10,-115.13664,36.11486
27121,7256,-115.241516,36.064106
27122,7257,-115.31947,36.15959
27123,10,-115.28257,36.198036
27124,10,-115.24514,36.160145
27125,10,-115.31887,36.160553
27126,10,-115.33354,36.148144
27127,7258,-115.0345,36.19642
27128,10,-115.17322,36.119038
27129,10,-115.224464,36.128838
27130,10,-115.26613,36.26931
27131,10,-115.251495,36.143406
27132,7259,-115.33278,36.150646
27133,10,-115.206345,35.994972
27134,7260,-115.20564,36.279816
27135,10,-115.20959,36.12621
27136,10,-115.20685,36.11581
27137,7261,-115.33317,36.15002
27138,2,-115.25113,36.068405
27139,10,-115.29874,36.06994
27140,10,-115.33387,36.152832
27141,7262,-115.30628,36.114822
27142,7263,-115.3058,36.10064
27143,2,-115.1563,36.142338
27144,10,-115.27777,36.130028
27145,10,-115.2757,36.14452
27146,7264,-115.209656,36.126728
27147,2,-115.19311,36.158806
27148,10,-115.19761,36.14399
27149,10,-115.08336,36.022465
27150,7265,-115.13838,36.11365
27151,2,-115.20955,36.12644
27152,10,-115.10386,35.998825
27153,7266,-115.30971,36.11463
27154,2,-115.13761,36.10351
27155,7267,-115.33337,36.152176
27156,2,-115.17019,36.123405
27157,10,-115.27777,36.130028
27158,7268,-115.14289,36.143345
27159,10,-112.07358,33.442486
27160,10,-115.163124,36.133614
27161,10,-115.25659,36.114704
27162,10,-115.30402,36.100548
27163,7269,-115.2782,36.108463
27164,7270,-115.3048,36.100395
27165,10,-111.63393,33.242718
27166,10,-115.19083,36.13164
27167,10,-115.29874,36.06994
27168,10,-115.11799,36.014458
27169,7271,-115.26147,36.269814
27170,7272,-115.28559,36.16719
27171,10,-115.25605,36.143414
27172,7273,-115.298294,36.077114
27173,10,-115.278175,36.041817
27174,7274,-115.28553,36.166573
27175,10,-115.22422,36.12766
27176,10,-115.30582,36.193813
27177,7275,-115.33349,36.149536
27178,7276,-115.240265,36.19804
27179,7277,-115.25734,36.195675
27180,7278,-115.25998,36.143147
27181,10,-115.14467,36.17062
27182,2,-115.17295,36.10156
27183,10,-115.13539,36.010048
27184,2,-115.17361,36.109997
27185,2,-115.17422,36.109562
27186,2,-115.167725,36.103397
27187,7279,-115.174614,36.130066
27188,10,-115.13931,36.167286
27189,10,-115.155235,36.144604
27190,7280,-115.13717,36.082092
27191,10,-115.225876,36.055565
27192,10,-115.29132,36.160343
27193,10,-115.11793,36.01752
27194,4329,-115.05253,36.049995
27195,10,-115.13931,36.167286
27196,7281,-115.24325,36.076553
27197,7282,-115.297585,36.09778
27198,17,-80.841965,35.225376
27199,10,-115.33344,36.150024
27200,10,-115.27785,36.135544
27201,10,-115.253624,36.14308
27202,7283,-115.20739,36.154064
27203,7284,-115.30644,36.114285
27204,10,-115.22587,36.055244
27205,7285,-115.31087,36.15766
27206,10,-115.24927,36.23926
27207,10,-115.13577,36.010128
27208,10,-115.29793,36.101814
27209,7286,-115.332,36.151814
27210,10,-115.25156,36.14358
27211,10,-115.14096,36.16953
27212,7287,-115.11136,36.071995
27213,10,-115.284355,36.138515
27214,7288,-115.17155,36.05243
27215,10,-115.132225,36.101387
27216,10,-115.3115,36.158897
27217,10,-115.15548,36.238903
27218,10,-115.27986,36.05459
27219,2,-115.14289,36.143345
27220,10,-115.27994,36.127228
27221,10,-115.107475,36.00292
27222,2,-115.18159,36.107388
27223,10,-115.15396,36.157898
27224,10,-115.286934,36.168594
27225,10,-111.685936,33.320942
27226,10,-115.20685,36.11581
27227,2,-115.15387,36.110085
27228,10,-115.11932,36.011078
27229,10,-115.13678,36.10622
27230,10,-115.194405,36.1442
27231,7289,-115.134346,36.10037
27232,7290,-111.86202,33.64167
27233,10,-115.173996,36.01219
27234,2,-111.92563,33.49171
27235,10,-115.1157,36.264076
27236,2,-115.17618,36.115856
27237,10,-115.16587,36.126877
27238,7291,-115.17688,36.091255
27239,7292,-115.05954,36.064503
27240,10,-115.11845,36.005703
27241,10,-115.12269,36.057693
27242,7293,-115.24285,36.072483
27243,7294,-115.17051,36.108852
27244,10,-115.08692,36.019207
27245,10,-115.284355,36.138515
27246,10,-115.17869,36.06815
27247,10,-115.13571,36.02764
27248,10,-115.12861,36.057144
27249,10,-115.185265,36.125122
27250,10,-115.119995,36.05885
27251,4788,-115.11504,36.00442
27252,10,-115.27853,36.057846
27253,10,-115.17127,36.11288
27254,10,-115.1283,36.0573
27255,7295,-115.15448,36.11884
27256,7296,-115.25988,36.203743
27257,7297,-115.13656,36.104473
27258,10,-115.17659,36.091938
27259,10,-115.05655,36.056915
27260,10,-115.11257,36.00625
27261,7298,-115.17234,36.110107
27262,10,-115.24303,36.062855
27263,10,-115.17737,36.06823
27264,10,-115.1177,36.017395
27265,2,-115.176315,36.109913
27266,2,-115.17669,36.117455
27267,2,-115.17641,36.11316
27268,2,-115.17618,36.115856
27269,2,-115.17321,36.10679
27270,0,-112.34254,33.509476
27271,10,-115.18163,36.075855
27272,7299,-115.287155,36.278053
27273,10,-115.19526,36.038773
27274,10,-115.17205,36.11012
27275,2,-115.176155,36.09279
27276,7300,-115.177,36.11199
27277,2,-111.92433,33.49471
27278,2,-115.17784,36.092987
27279,7301,-115.17581,36.08995
27280,2,-115.14637,36.124424
27281,7302,-115.16416,36.06009
27282,2,-115.15094,36.10847
27283,2,-115.28559,36.16719
27284,2,-115.17625,36.092876
27285,10,-115.207535,36.114986
27286,10,-115.20955,36.12644
27287,2,-115.17086,36.10993
27288,2,-115.17277,36.10408
27289,2,-115.17581,36.08995
27290,2,-115.141846,36.17241
27291,1,-115.17128,36.11289
27292,2,-115.17306,36.091965
27293,10,-115.323814,36.21844
27294,2,-115.17652,36.11303
27295,7303,-115.175865,36.092865
27296,2,-115.20734,36.088776
27297,7304,-115.18163,36.075855
27298,0,-115.14277,36.16997
27299,10,-115.176315,36.109913
27300,0,-112.07908,33.49112
27301,2,-115.16923,36.102325
27302,2,-115.17103,36.099377
27303,2,-115.175804,36.09531
27304,7305,-115.176346,36.117317
27305,2,-89.477135,43.011986
27306,2,-115.19528,36.11444
27307,38,-73.55553,45.50283
27308,2,-115.17054,36.10259
27309,2,-115.11874,36.084557
27310,10,-115.19791,36.125908
27311,7306,-115.172424,36.10882
27312,10,-115.17581,36.08995
27313,10,-115.27989,36.124878
27314,2,-115.16866,36.117542
27315,7307,-115.17581,36.08995
27316,2,-115.16927,36.102562
27317,2,-115.17704,36.10762
27318,10,-115.1206,36.0114
27319,7308,-115.17105,36.12595
27320,7309,-115.17124,36.11788
27321,2,-115.16961,36.121452
27322,2,-115.173874,36.109753
27323,2,-115.17704,36.10762
27324,2,-115.18096,36.29192
27325,10,-115.17693,36.067665
27326,7310,-115.10254,35.997574
27327,10,-115.138756,36.11665
27328,2,-115.17725,36.119125
27329,2,-115.1613,36.138298
27330,7311,-115.119255,36.02623
27331,10,-115.20142,36.12633
27332,7312,-115.03799,36.054768
27333,10,-115.251495,36.143406
27334,10,-115.14624,36.171215
27335,10,-115.22456,36.128075
27336,10,-115.10165,35.995304
27337,10,-114.962135,36.013103
27338,10,-114.962135,36.013103
27339,10,-115.13352,36.166126
27340,2,-115.232796,36.159645
27341,10,-115.1752,36.091843
27342,7313,-115.11913,36.08721
27343,10,-115.20741,36.123623
27344,0,-112.00414,33.495163
27345,2,-115.173874,36.10978
27346,7314,-115.24354,36.073208
27347,7315,-115.09935,36.100647
27348,10,-115.28992,36.160503
27349,10,-115.12309,36.057667
27350,10,-115.27989,36.12319
27351,10,-115.138435,36.167526
27352,2,-115.27973,36.119114
27353,7316,-115.19763,36.12593
27354,10,-115.099655,36.041813
27355,10,-115.15323,36.042797
27356,2,-115.11793,36.018227
27357,7317,-115.138145,36.167904
27358,2,-115.11952,36.0125
27359,7318,-115.2643,36.142757
27360,4456,-115.1401,36.169327
27361,7319,-115.17618,36.115856
27362,10,-115.135,36.1155
27363,7320,-115.135,36.1155
27364,10,-115.11047,36.0034
27365,7321,-115.1068,36.071945
27366,7322,-115.242096,36.041706
27367,10,-115.17712,36.13198
27368,10,-115.06262,36.02959
27369,2,-115.135,36.1155
27370,7323,-115.20888,36.09506
27371,10,-115.22643,36.10134
27372,0,-115.158325,36.05773
27373,2,-115.17849,36.10924
27374,10,-115.13595,36.159363
27375,10,-115.20964,36.12702
27376,7324,-115.15126,36.1089
27377,10,-115.13278,36.11422
27378,2,-115.148315,36.11412
27379,10,-115.11493,36.114117
27380,2,-115.15427,36.1187
27381,2,-115.13694,36.11391
27382,7325,-115.19099,36.038433
27383,7326,-115.10639,36.004
27384,2,-115.1205,36.11431
27385,10,-115.24185,36.043034
27386,7327,-115.20628,36.12662
27387,2,-115.14998,36.1055
27388,7328,-115.24374,36.047146
27389,10,-115.11952,36.01592
27390,10,-115.209656,36.127045
27391,10,-115.29743,36.089844
27392,7329,-115.15265,36.012516
27393,7330,-115.29855,36.078938
27394,10,-115.11822,36.01443
27395,2,-115.24186,36.062195
27396,10,-115.24494,36.143936
27397,7331,-115.101204,35.99359
27398,10,-115.30076,36.145542
27399,10,-115.24302,36.036034
27400,10,-115.24349,36.05007
27401,7332,-115.08384,36.022102
27402,10,-115.20604,36.27965
27403,2,-115.177956,36.12037
27404,10,-115.13221,36.114044
27405,2,-115.13637,36.108074
27406,10,-115.15259,36.15145
27407,2,-115.26203,36.070213
27408,2,-115.155365,36.14737
27409,10,-115.243515,36.072624
27410,10,-115.19622,36.205273
27411,10,-115.24136,36.0845
27412,10,-115.30882,36.183144
27413,2,-115.09115,36.117073
27414,7333,-115.17143,36.135014
27415,10,-115.15271,36.13732
27416,7334,-115.14418,36.122654
27417,2,-115.176674,36.090755
27418,2,-115.173874,36.10978
27419,2,-115.10377,36.130226
27420,2,-115.15662,36.14225
27421,2,-115.176575,36.091194
27422,2,-115.15126,36.1089
27423,10,-115.14002,36.16929
27424,7335,-115.119865,36.097946
27425,2,-115.17345,36.10306
27426,2,-115.17177,36.11931
27427,10,-115.1396,36.169117
27428,10,-115.12697,36.100197
27429,7336,-115.15427,36.1187
27430,2,-115.15448,36.11884
27431,7337,-115.20198,36.10272
27432,10,-115.24316,36.076504
27433,10,-115.05508,36.01792
27434,10,-115.112,36.10026
27435,10,-115.22374,36.06325
27436,7338,-115.134575,36.101467
27437,10,-115.14064,36.167877
27438,2,-115.17625,36.092876
27439,2,-115.1457,36.144318
27440,2,-115.166954,36.106236
27441,2,-115.15662,36.14225
27442,7339,-73.56809,45.48887
27443,2,-73.593185,45.522358
27444,2,-115.16769,36.10302
27445,2,-80.00245,40.440094
27446,10,-115.241516,36.064106
27447,2,-115.16597,36.127857
27448,10,-115.140465,36.16794
27449,7340,-115.17259,36.112953
27450,10,-115.13694,36.11391
27451,2,-115.142395,36.142128
27452,10,-115.15032,36.10601
27453,4254,-115.16331,36.13711
27454,10,-115.0452,36.063137
27455,7341,-115.172455,36.106503
27456,7342,-115.16855,36.120895
27457,10,-115.22045,36.099846
27458,10,-115.157875,36.142757
27459,10,-115.17869,36.06815
27460,10,-115.10925,36.000908
27461,10,-115.243004,36.098354
27462,10,-115.10471,36.115803
27463,10,-115.16997,36.11293
27464,10,-115.223854,36.060577
27465,7343,-115.29987,36.147263
27466,10,-115.31363,36.157314
27467,10,-115.118515,36.019787
27468,2,-112.27646,33.464348
27469,7344,-115.174324,36.067642
27470,10,-115.24269,36.04463
27471,10,-115.13931,36.167286
27472,2,-115.17143,36.109825
27473,10,-115.14925,36.105984
27474,10,-115.178215,36.068935
27475,7345,-115.14156,36.27635
27476,10,-115.11351,36.12936
27477,2,-115.17086,36.10993
27478,10,-115.20575,36.279865
27479,10,-115.2811,36.114468
27480,10,-115.11687,36.072422
27481,2,-115.11806,36.01813
27482,10,-115.26483,36.004818
27483,10,-115.135925,36.11814
27484,2,-3.1886818,55.950645
27485,10,-115.244156,36.047306
27486,7346,-115.0853,36.021717
27487,7347,-115.14741,36.114876
27488,7348,-115.28559,36.16719
27489,10,-115.14551,36.12177
27490,2,-115.13777,36.103626
27491,2,-115.16901,35.965446
27492,10,-115.179085,36.11224
27493,10,-115.15951,36.113438
27494,10,-115.242714,36.036674
27495,7349,-115.172775,36.117893
27496,10,-115.102516,36.07862
27497,10,-114.97673,36.036606
27498,2,-111.9255,33.434334
27499,2,-115.209656,36.127045
27500,10,-115.100845,35.993855
27501,2,-115.17784,36.092987
27502,10,-115.17345,36.10306
27503,7350,-115.1694,35.96543
27504,10,-115.33387,36.152832
27505,10,-115.04165,36.05552
27506,7351,-115.11805,36.01824
27507,10,-115.10123,36.018024
27508,2,-115.11167,36.100384
27509,10,-115.092384,36.116196
27510,10,-115.11797,36.01842
27511,7352,-115.12652,36.15846
27512,7353,-115.02765,36.04114
27513,7354,-115.17143,36.109825
27514,2,-115.17105,36.12595
27515,10,-115.209656,36.126728
27516,7355,-115.17191,36.11496
27517,10,-115.17618,36.115856
27518,7356,-115.11775,36.099716
27519,7357,-115.1068,36.071945
27520,10,-115.04664,36.02288
27521,10,-115.14573,36.166546
27522,7358,-115.33314,36.156986
27523,10,-115.10001,35.99528
27524,10,-115.179535,36.262836
27525,7359,-115.333496,36.15076
27526,7360,-111.96063,33.64
27527,2,-115.17601,36.104332
27528,7361,-115.16327,36.15204
27529,10,-115.15716,36.114746
27530,10,-115.10574,36.072323
27531,4254,-115.17274,36.11424
27532,7362,-115.125404,36.21865
27533,10,-115.242775,36.05562
27534,2,-115.18163,36.075855
27535,7363,-115.24133,36.055412
27536,10,-115.33153,36.160854
27537,2,-115.176315,36.109913
27538,10,-115.10359,36.116684
27539,2,-115.17652,36.11301
27540,10,-115.178215,36.068935
27541,7364,-115.15086,36.013565
27542,7365,-115.13524,36.02756
27543,7366,-115.11719,36.028934
27544,10,-115.30727,36.08632
27545,10,-115.116776,36.020107
27546,10,-115.26203,36.070213
27547,10,-115.12309,36.057667
27548,10,-115.12411,36.022995
27549,10,-115.120605,36.025345
27550,10,-115.25078,36.064754
27551,10,-115.20635,35.995155
27552,10,-115.04282,36.067123
27553,7367,-115.28009,36.298874
27554,10,-115.14214,36.17187
27555,10,-115.11721,36.02025
27556,10,-115.307304,36.113556
27557,10,-115.206345,35.994972
27558,2,-115.33359,36.156094
27559,10,-115.091934,36.02
27560,7368,-115.17065,36.04064
27561,10,-115.178215,36.068935
27562,10,-115.06262,36.02959
27563,10,-115.13576,36.035084
27564,10,-115.28992,36.160503
27565,10,-115.117836,36.028442
27566,7369,-115.29765,36.09471
27567,7370,-115.11797,36.01842
27568,10,-115.04282,36.067123
27569,10,-115.13648,36.01165
27570,7371,-115.17712,36.13198
27571,7372,-115.100845,35.993855
27572,10,-115.11279,36.005222
27573,10,-115.18908,36.07802
27574,10,-115.201775,36.126526
27575,10,-115.29798,36.097534
27576,7373,-115.22587,36.055244
27577,2,-115.19039,35.98294
27578,10,-115.2924,36.157043
27579,10,-115.207245,36.124905
27580,7374,-115.11842,36.274754
27581,10,-115.271286,36.018726
27582,10,-115.21002,36.126923
27583,10,-115.242714,36.036674
27584,4637,-115.11588,36.029297
27585,10,-115.17713,36.068737
27586,10,-115.13441,36.166664
27587,10,-115.241554,36.064533
27588,2,-115.30517,36.114994
27589,10,-115.14214,36.17187
27590,10,-115.18697,36.115337
27591,10,-115.17684,36.06878
27592,7375,-115.17676,36.10449
27593,7376,-115.17535,36.070137
27594,10,-115.16915,36.054928
27595,10,-115.08267,36.069874
27596,10,-115.272705,36.144665
27597,10,-115.1177,36.017395
27598,10,-115.20207,36.090256
27599,2,-115.11805,36.01824
27600,2,-115.17028,36.12229
27601,7377,-115.101585,36.00073
27602,2,-115.17712,36.13198
27603,7378,-115.11048,36.002815
27604,10,-115.274574,36.130314
27605,2,-115.14055,36.169167
27606,7379,-115.18048,36.275616
27607,10,-115.11763,36.016068
27608,10,-115.15265,36.012516
27609,7380,-115.27839,36.058018
27610,7381,-115.11157,36.00645
27611,2,-115.173874,36.109753
27612,2,-115.2478,36.195255
27613,10,-115.11599,36.027836
27614,2,-115.17618,36.115856
27615,2,-115.17028,36.12229
27616,7382,-115.11765,36.01759
27617,2,-115.17259,36.112953
27618,7383,-115.156425,36.10131
27619,10,-115.27307,36.103046
27620,2,-115.17274,36.11424
27621,10,-115.27069,36.01852
27622,2,-115.13609,36.01191
27623,10,-115.11703,36.02034
27624,10,-115.14963,36.16695
27625,2,-115.177,36.11199
27626,10,-115.11779,36.013794
27627,7384,-115.17503,36.143192
27628,7385,-115.173996,36.01219
27629,7386,-115.155594,36.11496
27630,7387,-115.13609,36.01191
27631,10,-115.08231,36.069843
27632,10,-111.96528,33.675354
27633,7388,-115.11477,36.239555
27634,10,-115.2001,36.10189
27635,10,-115.27777,36.130028
27636,7389,-115.15036,36.01979
27637,7390,-115.249435,36.301983
27638,10,-115.306274,36.115807
27639,10,-115.24239,36.0542
27640,7391,-115.16357,36.06084
27641,10,-115.158325,36.05773
27642,10,-115.20685,36.11581
27643,0,-115.30727,36.08632
27644,7392,-115.14164,36.169453
27645,7393,-115.24239,36.0542
27646,2,-115.15374,36.084
27647,10,-115.173996,36.01219
27648,10,-115.13714,36.010777
27649,7394,-115.101585,35.99378
27650,10,-115.04415,36.063168
27651,7395,-115.27988,36.059982
27652,10,-115.22587,36.055244
27653,10,-115.15265,36.012516
27654,10,-115.15265,36.012516
27655,7396,-115.16989,36.10279
27656,10,-115.244255,36.145123
27657,10,-115.334816,36.15839
27658,10,-115.206406,35.998116
27659,7397,-115.30234,36.100346
27660,7398,-115.28217,36.302864
27661,7399,-115.20998,36.126503
27662,10,-115.22625,36.086525
27663,7400,-115.1779,36.11717
27664,10,-115.17503,36.143192
27665,10,-115.175835,36.117725
27666,10,-115.13656,36.104473
27667,10,-115.13463,36.161926
27668,7401,-115.28214,36.201843
27669,10,-115.22555,36.101685
27670,10,-115.17253,36.112015
27671,10,-115.25791,36.264744
27672,7402,-115.20964,36.12702
27673,10,-115.27939,36.219063
27674,10,-115.33276,36.15119
27675,2,-115.25988,36.203743
27676,10,-115.15396,36.157898
27677,7403,-115.25775,36.19565
27678,10,-115.25175,36.21913
27679,7404,-115.262115,36.196945
27680,7405,-115.25175,36.21913
27681,10,-115.25904,36.218708
27682,10,-115.25904,36.218708
27683,10,-115.26218,36.19653
27684,2,-115.27784,36.14534
27685,7406,-115.2071,36.271656
27686,10,-115.17361,36.109997
27687,10,-115.204994,36.279896
27688,2,-115.2513,36.263546
27689,4538,-115.17496,36.121323
27690,10,-115.19201,36.126514
27691,7407,-115.33291,36.14891
27692,7408,-115.325775,36.219326
27693,10,-115.076256,36.14975
27694,10,-115.19577,36.10505
27695,10,-115.298294,36.077114
27696,7409,-115.325645,36.11907
27697,10,-115.04274,36.06717
27698,7410,-115.333855,36.155964
27699,10,-115.24157,36.144634
27700,10,-115.13987,36.168903
27701,10,-115.27432,36.144367
27702,10,-115.225945,36.239635
27703,10,-115.31947,36.15959
27704,10,-115.11279,36.005222
27705,2,-115.18331,36.041283
27706,10,-115.19203,36.126144
27707,7411,-115.20635,35.995155
27708,10,-115.2796,36.05317
27709,7412,-115.252,36.063618
27710,7413,-115.24385,36.04967
27711,7414,-115.29855,36.078938
27712,7415,-115.244156,35.998432
27713,17,-115.29864,36.076557
27714,10,-115.10091,36.042778
27715,10,-115.11599,36.027836
27716,7416,-115.24536,36.161877
27717,10,-115.1804,36.293068
27718,2,-115.22501,36.127296
27719,10,-115.244835,36.17109
27720,10,-115.25827,36.21899
27721,7248,-115.30971,36.11463
27722,10,-115.245514,36.1714
27723,2,-115.17028,36.12229
27724,2,-115.17105,36.12595
27725,7417,-115.28655,36.28842
27726,2,-115.15356,36.156982
27727,10,-115.10848,36.07861
27728,10,-115.163,36.113804
27729,7418,-115.33321,36.152905
27730,10,-115.28553,36.166573
27731,10,-115.19177,36.12637
27732,10,-115.173996,36.12161
27733,10,-115.272705,36.144665
27734,7419,-115.20568,36.158234
27735,7420,-115.1398,36.16868
27736,10,-115.24508,36.159706
27737,10,-115.11754,36.01826
27738,10,-115.27639,36.129875
27739,7421,-115.29747,36.113438
27740,2,-115.23995,36.14467
27741,2,-115.30628,36.114822
27742,10,-115.33387,36.152832
27743,10,-115.17279,36.11766
27744,7422,-115.21351,36.12623
27745,10,-115.351524,36.159336
27746,2,-115.29864,36.076557
27747,10,-115.083374,36.071457
27748,7423,-115.20272,36.10089
27749,2,-115.291916,36.15935
27750,10,-115.32778,36.158222
27751,7424,-115.325775,36.219326
27752,10,-115.305954,36.112957
27753,10,-115.190605,36.0418
27754,10,-115.22625,36.086525
27755,10,-115.30409,36.19329
27756,10,-115.2116,36.12568
27757,10,-115.24359,36.04637
27758,7425,-115.20513,36.27028
27759,7426,-115.11979,36.238106
27760,10,-115.244156,35.998432
27761,7427,-115.29747,36.11287
27762,10,-115.17306,36.091965
27763,10,-115.243324,36.08245
27764,7428,-115.11736,36.014675
27765,7429,-115.16879,36.122967
27766,7430,-115.242485,36.146217
27767,10,-115.19831,36.12634
27768,2,-111.92727,33.49783
27769,10,-115.1388,36.167423
27770,10,-115.29966,36.14726
27771,10,-115.29862,36.077145
27772,10,-115.28331,36.05509
27773,10,-115.1726,36.118793
27774,10,-115.20247,36.144047
27775,7431,-115.3352,36.15803
27776,2,-115.16506,36.068413
27777,10,-115.13717,36.082092
27778,10,-115.29864,36.076557
27779,7432,-115.31481,36.121902
27780,10,-115.167755,36.123943
27781,10,-115.27994,36.052994
27782,10,-115.1401,36.169327
27783,10,-115.300064,36.100872
27784,10,-115.242615,36.112545
27785,10,-115.27989,36.124878
27786,7433,-115.30234,36.100346
27787,10,-115.30234,36.100346
27788,2,-115.13717,36.082092
27789,2,-115.16578,36.128788
27790,2,-115.17676,36.10449
27791,10,-115.22593,36.12658
27792,10,-115.198,36.127663
27793,10,-115.24378,36.087482
27794,10,-115.273125,36.06686
27795,10,-115.18163,36.075855
27796,10,-115.17065,36.04064
27797,10,-115.28009,36.298874
27798,10,-115.138504,36.117256
27799,7434,-115.20575,36.279865
27800,10,-115.28009,36.298874
27801,10,-115.26447,36.27155
27802,7435,-115.2811,36.114468
27803,10,-115.27088,36.271507
27804,7436,-115.174324,36.067642
27805,7437,-115.2671,36.264065
27806,10,-115.33513,36.15711
27807,10,-115.30866,36.11444
27808,7438,-115.246315,36.042377
27809,7439,-115.242386,36.112858
27810,2,-79.98588,40.45011
27811,1,-79.91953,40.437683
27812,1,-79.89309,40.489143
27813,2,-79.98181,40.452312
27814,2,-80.00268,40.44847
27815,1,-73.58295,45.534657
27816,2,-79.98373,40.45153
27817,2,-115.167755,36.123943
27818,1,-79.913895,40.45003
27819,2,-80.00167,40.441486
27820,7440,-79.955215,40.479675
27821,2,-80.761215,35.211407
27822,17,-80.855446,35.215378
27823,7441,-80.83791,35.22758
27824,17,-80.8412,35.199818
27825,2,-80.74955,35.30387
27826,7442,-115.17051,36.108852
27827,7443,-89.47379,43.051
27828,7444,-89.38912,43.071915
27829,7445,-89.45731,43.036354
27830,6100,-89.45202,43.038074
27831,98,-89.40158,43.06768
27832,7446,-73.57578,45.50141
27833,10,-111.92667,33.48332
27834,2,-80.002556,40.442036
27835,0,-111.790375,33.260693
27836,7447,-111.948906,33.507557
27837,7448,-112.03776,33.507843
27838,2,-112.06779,33.458355
27839,0,-112.165565,33.611652
27840,2,-112.06518,33.57531
27841,7449,-115.17524,36.09232
27842,7450,-112.08227,33.4657
27843,0,-111.92992,33.6555
27844,2,-115.1682,36.139454
27845,2,-112.02769,33.510315
27846,7451,-111.979546,33.640232
27847,2591,-111.98451,33.509106
27848,7452,-112.065636,33.44916
27849,0,-111.9245,33.624264
27850,0,-111.96354,33.349636
27851,7453,-112.073395,33.477222
27852,2,-115.16994,36.109863
27853,7454,-115.17086,36.10993
27854,0,-115.17229,36.115147
27855,7455,-112.41058,33.550213
27856,0,-111.96528,33.675354
27857,0,-111.98643,33.600227
27858,2,-115.1752,36.091843
27859,7456,-112.07217,33.455864
27860,0,-112.00285,33.448383
27861,0,-111.88573,33.56917
27862,0,-112.06096,33.50953
27863,0,-111.92562,33.493855
27864,0,-111.92644,33.529903
27865,7457,-111.72624,33.321865
27866,10,-115.17647,36.14513
27867,7458,-111.924065,33.5797
27868,7459,-111.97917,33.4046
27869,1958,-112.08227,33.4657
27870,10,-111.908585,33.39378
27871,7460,-112.0739,33.500202
27872,7461,-112.0722,33.45892
27873,0,-111.9397,33.423706
27874,0,-112.06498,33.524887
27875,7462,-112.042145,33.50762
27876,7463,-111.742386,33.301224
27877,2,-73.616325,45.535477
27878,7464,-111.99559,33.511234
27879,7465,-115.17841,36.06958
27880,0,-111.993385,33.408028
27881,0,-111.85576,33.39053
27882,0,-111.8741,33.31915
27883,2,-115.17407,36.121197
27884,7466,-112.06466,33.506046
27885,7467,-111.92641,33.655567
27886,2,-115.174194,36.011425
27887,7468,-111.97495,33.676224
27888,7469,-111.83728,33.587357
27889,0,-112.152054,33.57017
27890,7470,-112.03092,33.630856
27891,7471,-115.173706,36.107292
27892,7472,-115.17628,36.120422
27893,2,-115.17435,36.118332
27894,7473,-115.17698,36.111977
27895,2,-115.173874,36.109753
27896,2,-115.17264,36.11758
27897,38,-73.56325,45.515038
27898,7474,-115.155556,36.14742
27899,7475,-115.17337,36.104424
27900,2,-115.155556,36.14742
27901,2,-115.155556,36.14742
27902,2,-115.155556,36.14742
27903,7476,-115.155556,36.14742
27904,2,-115.16348,36.113026
27905,2,-115.1765,36.10758
27906,2,-115.17516,36.109875
27907,2,-115.17421,36.106213
27908,2,-115.17259,36.112953
27909,2,-115.173996,36.12161
27910,2,-115.17767,36.10741
27911,10,-115.18366,36.04195
27912,2,-115.17234,36.110107
27913,2,-115.17022,36.11236
27914,2,-115.17124,36.11788
27915,2,-73.59721,45.518276
27916,2,-115.16904,36.124878
27917,2,-115.12652,36.15846
27918,2,-115.16592,36.127502
27919,2,-111.96472,33.38315
27920,10,-115.197075,36.12586
27921,10,-115.17577,36.011356
27922,2,-115.29646,36.101376
27923,17,-115.27846,36.134956
27924,2,-115.172554,36.115673
27925,2,-115.14289,36.143345
27926,10,-115.1969,36.12608
27927,7477,-115.17086,36.10993
27928,2,-115.17601,36.104332
27929,2,-115.17481,36.10987
27930,2,-115.14289,36.143345
27931,2,-115.174355,36.092293
27932,2,-73.576225,45.479763
27933,2,-115.167755,36.123943
27934,2,-115.20888,36.09506
27935,2,-115.17457,36.11622
27936,7478,-115.17625,36.092876
27937,2,-73.565056,45.515846
27938,7479,-115.28592,36.1675
27939,2,-115.175865,36.010883
27940,2,-115.17315,36.10988
27941,2,-115.17011,36.12751
27942,10,-115.25142,36.067112
27943,2,-115.14289,36.143345
27944,2,-115.167755,36.123978
27945,2,-115.209366,36.11818
27946,10,-115.17389,36.109882
27947,7480,-115.17251,36.11073
27948,2,-115.17462,36.142902
27949,2,-115.28703,36.166676
27950,2,-115.14289,36.143345
27951,2,-112.357574,33.45569
27952,7481,-115.278175,36.041817
27953,2,-115.1546,36.11997
27954,2,-115.1725,36.110065
27955,2,-115.17278,36.11766
27956,2,-115.142006,36.17183
27957,2,-115.11047,36.0034
27958,2,-115.17124,36.11788
27959,10,-115.17124,36.11788
27960,2,-115.174355,36.109806
27961,7482,-115.15126,36.1089
27962,7483,-115.17397,36.10626
27963,10,-115.225945,36.239635
27964,7484,-115.27994,36.122913
27965,7485,-115.16961,36.121452
27966,10,-115.14289,36.143345
27967,2,-115.047195,36.05532
27968,7486,-115.14289,36.143345
27969,7487,-115.23995,36.14467
27970,7488,-115.17641,36.11316
27971,7489,-115.16918,36.10844
27972,2,-115.14289,36.143345
27973,10,-115.17535,36.070137
27974,10,-115.224075,36.12743
27975,10,-115.14289,36.143345
27976,7490,-115.17345,36.10306
27977,10,-115.04833,36.05661
27978,2,-115.18939,36.11789
27979,10,-115.332825,36.14505
27980,7491,-115.233086,36.159576
27981,7492,-115.30234,36.100346
27982,4854,-115.26541,36.26369
27983,2,-115.16559,36.12689
27984,7493,-115.16907,36.124435
27985,2,-115.17632,36.113846
27986,7494,-115.17345,36.10306
27987,2,-115.17516,36.109875
27988,2,-115.17278,36.0908
27989,2,-115.17601,36.104332
27990,2,-115.14,36.18
27991,2,-115.17205,36.11012
27992,2,-115.17669,36.117455
27993,2,-115.17234,36.110107
27994,2,-115.17012,36.122276
27995,2,-115.175896,36.097015
27996,2,-111.92804,33.49729
27997,2,-115.19528,36.11444
27998,2,-115.17259,36.112953
27999,2,-115.177444,36.11319
28000,2,-73.57441,45.520267
28001,2,-115.17453,36.104614
28002,2,-115.1952,36.11531
28003,10,-115.2435,36.072044
28004,10,-115.1613,36.138298
28005,10,-115.176155,36.09279
28006,7495,-115.17818,36.10713
28007,2,-111.85926,33.31953
28008,2,-115.16348,36.113026
28009,2,-115.17481,36.10987
28010,2,-115.201775,36.126526
28011,2,-115.17422,36.109562
28012,7496,-115.17099,36.114353
28013,2,-115.191826,36.144268
28014,2,-112.23505,33.633667
28015,2,-115.17669,36.117455
28016,10,-115.1779,36.11717
28017,2,-115.17644,36.09227
28018,2,-115.17526,36.113125
28019,2,-115.16254,36.18631
28020,2,-115.169655,36.12119
28021,2,-112.02249,33.40667
28022,2,-115.17413,36.121143
28023,2,-115.17282,36.161526
28024,2,-115.17831,36.12849
28025,7497,-115.16821,36.127586
28026,2,-115.16714,36.126476
28027,7498,-115.27432,36.144367
28028,7499,-115.172455,36.111073
28029,10,-115.16919,36.105984
28030,10,-115.270966,36.019173
28031,7500,-115.163155,36.118034
28032,2,-115.20882,36.11153
28033,7501,-115.17556,36.11377
28034,2,-115.17382,36.107162
28035,2,-115.17481,36.10987
28036,2,-115.16855,36.120895
28037,2,-114.92266,36.11394
28038,2,-115.15374,36.084
28039,2,-115.17575,36.108307
28040,7502,-115.1765,36.10758
28041,2,-115.17462,36.11694
28042,2,-115.17704,36.10762
28043,2,-115.173874,36.109753
28044,0,-115.16296,36.12714
28045,2,-115.17259,36.112953
28046,10,-115.17075,36.101788
28047,2,-115.16937,36.121815
28048,2,-115.18995,36.12553
28049,2,-115.16744,36.127686
28050,2,-112.07086,33.457047
28051,7503,-115.273125,36.06686
28052,7504,-115.17783,36.093067
28053,2,-115.17322,36.109215
28054,7505,-115.17602,36.094254
28055,7506,-115.173874,36.109753
28056,2,-115.17618,36.115856
28057,2,-115.17125,36.10998
28058,2,-115.177,36.11199
28059,2,-115.17831,36.12849
28060,7507,-115.17516,36.109875
28061,2,-115.17229,36.115147
28062,7508,-115.174355,36.109806
28063,2,-115.17676,36.10449
28064,2,-115.167694,36.103054
28065,2,-115.17556,36.098907
28066,10,-115.17332,36.11567
28067,2,-115.16923,36.102325
28068,7509,-115.17063,36.12298
28069,2,-115.17625,36.092876
28070,10,-115.17332,36.11567
28071,7510,-111.937874,33.6769
28072,2,-115.17382,36.107162
28073,2,-115.17011,36.12751
28074,7511,-115.25078,36.064754
28075,10,-115.136406,36.106606
28076,7512,-115.12315,36.042107
28077,2,-115.17332,36.11567
28078,2,-115.17345,36.10306
28079,10,-115.19265,36.132973
28080,7513,-115.00147,36.271496
28081,7514,-115.18186,36.10503
28082,2,-115.17435,36.106205
28083,7515,-115.26674,36.272594
28084,7516,-115.18609,36.27883
28085,2,-115.172485,36.104477
28086,10,-115.117165,36.016342
28087,2,-115.17332,36.10583
28088,10,-115.29321,36.084576
28089,10,-115.273125,36.06686
28090,7517,-115.20431,35.999184
28091,2,-115.16671,36.126022
28092,7518,-115.241745,36.07865
28093,2,-115.16963,36.117516
28094,2,-115.17613,36.107327
28095,2,-115.1765,36.10758
28096,2,-115.173874,36.10978
28097,7519,-115.17516,36.109875
28098,2,-115.17625,36.092876
28099,7520,-115.17625,36.092876
28100,2,-111.891266,33.627884
28101,2,-111.936615,33.37798
28102,2,-73.57754,45.516373
28103,7521,-115.1756,36.09524
28104,7522,-115.183395,36.127113
28105,7523,-115.17516,36.109875
28106,2,-115.18697,36.115337
28107,7524,-115.17818,36.10713
28108,20,-3.2177603,55.94131
28109,2,-115.17457,36.11622
28110,7525,-115.17618,36.115856
28111,2,-115.17234,36.110107
28112,2,-115.13894,36.16672
28113,2,-115.170616,36.124756
28114,2,-115.16833,36.127647
28115,7526,-115.17669,36.117455
28116,2,-115.11931,36.01597
28117,2,-115.16938,36.12179
28118,2,-115.17105,36.12595
28119,10,-115.17202,36.09012
28120,7527,-115.17496,36.121323
28121,2,-115.16296,36.12714
28122,2,-115.155754,36.14755
28123,2,-115.17641,36.11316
28124,2,-115.17028,36.12229
28125,2,-115.06269,36.011925
28126,2,-115.21002,36.126923
28127,7528,-115.17262,36.118378
28128,2,-115.17669,36.117455
28129,2,-115.13717,36.082092
28130,7529,-112.07217,33.455864
28131,2,-115.17033,36.12362
28132,2,-115.2436,36.072453
28133,7530,-115.2983,36.11527
28134,7531,-115.17234,36.110107
28135,2,-115.172455,36.111073
28136,7532,-115.17516,36.091866
28137,2,-115.17022,36.12299
28138,2,-115.16876,36.12438
28139,7533,-115.209656,36.127045
28140,0,-115.17457,36.11622
28141,2,-79.893654,40.43257
28142,2,-115.17618,36.115856
28143,10,-115.15152,36.10749
28144,7534,-115.14513,36.17488
28145,0,-111.948586,33.33492
28146,2,-115.17105,36.12595
28147,2,-115.17019,36.123405
28148,10,-115.17781,36.093067
28149,2,-115.17407,36.121197
28150,2,-115.16866,36.117542
28151,2,-115.17534,36.11709
28152,7535,-115.145546,36.16966
28153,2,-115.17041,36.110847
28154,2,-115.17229,36.115147
28155,2,-115.173874,36.109753
28156,2,-115.08639,36.0206
28157,2,-115.17453,36.112377
28158,2,-115.17849,36.10924
28159,7536,-115.171005,36.099377
28160,7537,-115.18507,36.102978
28161,2,-115.17105,36.12595
28162,7538,-115.144745,36.173252
28163,2,-115.16869,36.127796
28164,2,-115.17105,36.12595
28165,2,-115.18163,36.075855
28166,7539,-115.30234,36.100346
28167,7540,-115.17516,36.109875
28168,2,-115.17105,36.12595
28169,2,-115.17105,36.12595
28170,2,-115.17618,36.115856
28171,2,-115.175835,36.117725
28172,2,-115.17618,36.115856
28173,2,-115.14085,36.170055
28174,2,-115.17262,36.12956
28175,2,-111.926506,33.496647
28176,7541,-115.17105,36.12595
28177,2,-115.17089,36.11006
28178,1,-80.00206,40.44228
28179,2,-73.55172,45.509388
28180,7542,-79.98332,40.451687
28181,2,-79.94735,40.439247
28182,7543,-79.959946,40.470768
28183,2,-73.58028,45.526745
28184,2,-73.57008,45.518185
28185,7544,-80.83791,35.22758
28186,7545,-80.8529,35.19824
28187,17,-80.825935,35.213448
28188,2,-89.5035,43.05941
28189,2,-89.38695,43.07489
28190,98,-89.32401,43.078587
28191,98,-89.380875,43.074425
28192,2,-89.52701,43.07344
28193,2,-89.38087,43.07401
28194,7546,-89.220314,43.18294
28195,98,-89.380875,43.074776
28196,98,-89.38956,43.07199
28197,98,-89.38154,43.074726
28198,2,-115.17557,36.118473
28199,7547,-111.890686,33.546608
28200,7548,-111.8954,33.30398
28201,0,-111.97461,33.678616
28202,2,-115.17636,36.117344
28203,2,-115.17603,36.11833
28204,7549,-115.20198,36.10272
28205,2,-115.25093,36.055206
28206,10,-115.138504,36.117256
28207,7550,-115.24224,36.180805
28208,2,-115.174644,36.109913
28209,2,-115.153496,36.109165
28210,2,-73.57794,45.49984
28211,2,-115.17459,36.112022
28212,2,-115.173874,36.10978
28213,7551,-115.19479,36.114464
28214,2,-115.19528,36.11444
28215,2,-115.17259,36.112953
28216,2,-115.17259,36.112953
28217,2,-73.55188,45.508717
28218,2,-115.17676,36.10449
28219,2,-112.065544,33.4493
28220,10,-115.17676,36.10449
28221,7552,-115.17012,36.122276
28222,2,-73.5557,45.499573
28223,2,-115.15438,36.00038
28224,2,-115.17516,36.091866
28225,2,-115.169655,36.12119
28226,2,-111.842255,33.35158
28227,7553,-115.17421,36.106213
28228,2,-73.55923,45.50802
28229,2,-115.17688,36.111946
28230,7554,-115.17641,36.11316
28231,2,-115.16744,36.127686
28232,2,-115.155754,36.14755
28233,2,-115.16744,36.127686
28234,7555,-115.16994,36.109863
28235,2,-115.17421,36.106213
28236,2,-115.1725,36.127174
28237,7556,-115.176315,36.109913
28238,2,-115.17491,36.01144
28239,2,-115.17481,36.10987
28240,2,-115.197075,36.12586
28241,2,-115.17413,36.121143
28242,2,-115.17386,36.102005
28243,7557,-115.17516,36.109875
28244,7558,-115.173996,36.12207
28245,2,-115.17143,36.109825
28246,2,-115.17618,36.115856
28247,2,-115.17784,36.092987
28248,2,-115.12652,36.15846
28249,2,-115.17124,36.11788
28250,7559,-115.173904,36.110092
28251,2,-115.17575,36.108307
28252,2,-115.17124,36.11788
28253,2,-115.33513,36.15711
28254,2,-115.13717,36.082092
28255,2,-115.169655,36.12119
28256,2,-115.1696,36.121452
28257,2,-115.17858,36.106277
28258,7560,-115.16869,36.127796
28259,2,-115.14525,36.08316
28260,2,-115.172554,36.115673
28261,0,-112.187,33.66167
28262,2,-73.55482,45.507256
28263,2,-115.17459,36.112022
28264,10,-115.17613,36.092182
28265,2,-115.17459,36.112022
28266,2,-115.173996,36.12161
28267,2,-115.17652,36.11301
28268,2,-115.17223,36.110733
28269,10,-115.17459,36.112022
28270,2,-115.1752,36.091843
28271,7561,-115.17459,36.112022
28272,10,-115.17283,36.132774
28273,7562,-115.17191,36.11496
28274,7522,-115.17818,36.10713
28275,2,-115.17818,36.10713
28276,2,-115.17459,36.112022
28277,2,-115.16867,36.123558
28278,2,-115.17751,36.117035
28279,2,-115.16559,36.12689
28280,2,-115.17437,36.10206
28281,7563,-115.17375,36.103863
28282,2,-115.17419,36.1212
28283,2,-115.20247,36.144047
28284,7564,-115.11839,36.01761
28285,7565,-115.16855,36.10475
28286,2,-112.07331,33.45167
28287,2,-115.197685,36.125946
28288,7566,-73.57752,45.516
28289,2,-115.163124,36.133614
28290,2,-115.17725,36.091393
28291,2,-115.14085,36.170055
28292,2,-115.16855,36.10475
28293,7567,-115.16908,36.124203
28294,2,-115.177,36.11199
28295,2,-115.17516,36.109875
28296,2,-115.1736,36.101585
28297,20,-115.17153,36.117573
28298,2,-115.167755,36.123943
28299,2,-115.17496,36.121323
28300,2,-115.17462,36.11694
28301,7568,-115.17397,36.10626
28302,2,-112.20215,33.49529
28303,2,-115.244156,36.047306
28304,0,-115.30081,36.14653
28305,0,-111.80486,33.33455
28306,7569,-115.10377,36.130226
28307,2,-89.388535,43.074997
28308,2,-115.17253,36.112015
28309,2,-115.167725,36.103397
28310,2,-115.175804,36.096684
28311,2,-115.14637,36.124424
28312,2,-115.166954,36.106236
28313,2,-115.17259,36.112953
28314,2,-115.280624,36.113846
28315,2,-115.20974,36.114937
28316,2,-3.195846,55.948772
28317,2,-115.17332,36.11567
28318,2,-115.17644,36.116367
28319,2,-115.16997,36.11293
28320,7570,-115.172485,36.104477
28321,7571,-115.17496,36.121323
28322,7572,-115.170616,36.124756
28323,2,-115.17516,36.109875
28324,2,-115.18646,36.11876
28325,2,-115.17106,36.11242
28326,2,-115.171776,36.102093
28327,2,-115.17075,36.101788
28328,2,-115.17012,36.122276
28329,2,-115.17253,36.112015
28330,7573,-115.17106,36.11242
28331,7574,-115.17086,36.10993
28332,7575,-115.20964,36.12702
28333,7576,-115.173515,36.103
28334,2,-80.94421,35.223606
28335,2,-115.170364,36.127617
28336,2,-73.5552,45.49941
28337,7577,-115.17305,36.118965
28338,2,-115.173904,36.110092
28339,2,-115.17113,36.12856
28340,2,-115.19695,36.126366
28341,2,-115.17692,36.106705
28342,7131,-115.17698,36.107407
28343,2,-115.1768,36.090183
28344,2,-115.167404,36.126812
28345,7578,-115.17516,36.109875
28346,7579,-115.17516,36.091866
28347,7580,-115.17105,36.12789
28348,2,-115.180016,36.14181
28349,7581,-115.06269,36.011925
28350,2,-115.153496,36.109165
28351,2,-88.230064,40.10959
28352,2,-115.170906,36.103455
28353,2,-115.153496,36.109165
28354,10,-115.17462,36.1098
28355,2,-73.55448,45.504295
28356,2,-115.17453,36.112377
28357,2,-115.175804,36.096684
28358,2,-115.173775,36.090916
28359,2,-115.17028,36.12229
28360,7582,-115.12652,36.15846
28361,2,-115.167755,36.123978
28362,7583,-115.16908,36.124203
28363,2,-115.05022,36.02248
28364,2,-115.19534,36.114998
28365,2,-115.17143,36.109825
28366,2,-115.17484,36.102894
28367,2,-115.1746,36.116764
28368,7584,-115.17524,36.116566
28369,2,-73.57098,45.506298
28370,7585,-115.169754,36.102917
28371,2,-115.17481,36.10987
28372,7586,-115.172325,36.12454
28373,2,-115.17493,36.10478
28374,7587,-115.17548,36.098915
28375,4800,-114.91108,35.97191
28376,2,-115.16456,36.131496
28377,2,-89.42256,43.034737
28378,2,-115.17219,36.110775
28379,2,-115.17674,36.10449
28380,2,-115.16938,36.10251
28381,7588,-115.09037,36.02096
28382,2,-115.175316,36.09186
28383,2,-115.17457,36.11622
28384,7589,-115.176025,36.10461
28385,10,-115.33344,36.150024
28386,2,-80.9438,35.221424
28387,7590,-115.174355,36.092293
28388,2,-111.9259,33.4943
28389,2,-115.17618,36.115856
28390,7591,-115.17493,36.10478
28391,7592,-115.17548,36.098915
28392,2,-115.16456,36.131496
28393,7593,-115.170906,36.103455
28394,2,-115.167755,36.123978
28395,7594,-115.166954,36.106236
28396,2,-115.16559,36.12689
28397,2,-115.17087,36.10242
28398,2,-115.17484,36.102894
28399,2,-115.176575,36.091194
28400,2,-115.168816,36.11002
28401,7595,-115.17582,36.11773
28402,2,-115.17652,36.11301
28403,2,-115.171005,36.099377
28404,2,-115.17688,36.111946
28405,2,-115.17484,36.102894
28406,2,-115.22625,36.086525
28407,7596,-115.17484,36.102894
28408,7597,-115.179085,36.11224
28409,7598,-115.18644,36.11881
28410,2,-115.172325,36.12454
28411,2,-115.1695,36.10743
28412,2,-115.17063,36.12298
28413,2,-115.173904,36.110092
28414,2,-115.17345,36.10306
28415,7599,-115.20888,36.09506
28416,2,-115.16961,36.121456
28417,2,-115.172485,36.104477
28418,2,-115.15289,36.12276
28419,4010,-3.1887088,55.9498
28420,2,-115.169655,36.12119
28421,7600,-115.17012,36.122276
28422,2,-115.172554,36.115673
28423,2,-115.17422,36.109562
28424,2,-115.01003,36.272373
28425,2,-115.17106,36.12008
28426,2,-115.167755,36.123943
28427,2,-115.17618,36.115856
28428,2,-115.16961,36.121452
28429,2,-73.59317,45.52248
28430,2,-115.17153,36.117573
28431,7601,-115.17849,36.10924
28432,2,-115.17849,36.10924
28433,2,-115.17259,36.112953
28434,2,-115.22625,36.086525
28435,7602,-115.17684,36.1206
28436,2,-115.169655,36.12119
28437,2,-115.16961,36.121452
28438,2,-115.17086,36.10993
28439,7603,-115.18713,36.10689
28440,2,-115.17322,36.127586
28441,2,-115.175804,36.096684
28442,2,-115.16744,36.127686
28443,2,-115.17419,36.1212
28444,2,-115.174225,36.121616
28445,2,-115.173904,36.110092
28446,2,-115.155754,36.14755
28447,2,-115.17033,36.12362
28448,2,-115.01003,36.272373
28449,2,-115.16923,36.121773
28450,7604,-115.17462,36.11694
28451,2,-115.17784,36.092987
28452,10,-115.04505,36.065155
28453,7605,-115.170906,36.103455
28454,10,-115.1779,36.11717
28455,7606,-115.18918,36.117443
28456,2,-115.17364,36.121155
28457,2,-115.174225,36.121616
28458,7607,-115.173874,36.109753
28459,2,-115.17298,36.12262
28460,7608,-115.17234,36.10353
28461,2,-115.17688,36.111946
28462,2,-115.17364,36.121155
28463,2,-115.17364,36.121155
28464,7609,-115.25826,36.195614
28465,10,-115.17128,36.11289
28466,10,-115.27853,36.057846
28467,7610,-115.17178,36.12367
28468,7611,-115.16996,36.10984
28469,7612,-115.04155,36.063816
28470,2,-115.17315,36.10988
28471,10,-112.07232,33.457657
28472,2,-115.16938,36.12179
28473,2,-111.924095,33.492203
28474,10,-115.16938,36.12179
28475,7613,-115.167755,36.123943
28476,7614,-115.167,36.12617
28477,7615,-115.332,36.151814
28478,7616,-115.169754,36.102917
28479,2,-115.167755,36.123943
28480,2,-115.16938,36.12179
28481,2,-115.16938,36.12179
28482,2,-115.17603,36.11833
28483,2,-115.209656,36.127045
28484,2,-115.17603,36.11833
28485,10,-115.22062,36.144825
28486,10,-115.13639,36.175
28487,2,-73.55267,45.50793
28488,2,-115.17179,36.1112
28489,7617,-115.17603,36.11833
28490,2,-115.17831,36.12849
28491,7618,-115.1725,36.110065
28492,2,-115.175804,36.09531
28493,2,-115.17704,36.10762
28494,2,-115.17556,36.091885
28495,7619,-115.16587,36.126877
28496,2,-115.17318,36.110085
28497,10,-115.173874,36.10978
28498,2,-115.17087,36.10242
28499,2,-115.18918,36.117443
28500,7620,-115.17462,36.11694
28501,2,-115.17661,36.097107
28502,2,-115.17613,36.107327
28503,2,-115.17022,36.123844
28504,7621,-115.17516,36.091866
28505,7622,-115.171776,36.102093
28506,2,-115.14007,36.167534
28507,2,-115.17054,36.10259
28508,2,-115.17087,36.10242
28509,2,-115.17075,36.101788
28510,2,-115.20955,36.12644
28511,10,-115.17382,36.12537
28512,2,-115.17087,36.10242
28513,2,-112.02769,33.510315
28514,2,-73.59486,45.523335
28515,2,-115.17086,36.10993
28516,7623,-115.16883,36.10201
28517,2,-115.176575,36.091194
28518,10,-115.08998,36.020554
28519,2,-115.17259,36.112953
28520,2,-115.17457,36.11622
28521,2,-115.14069,36.169037
28522,2,-115.169754,36.102917
28523,2,-115.172554,36.111877
28524,7624,-115.293,36.160576
28525,10,-115.207146,36.07245
28526,7625,-115.17516,36.109875
28527,7626,-115.163124,36.133614
28528,2,-115.17704,36.10762
28529,2,-115.16904,36.124878
28530,2,-115.17259,36.112953
28531,2,-115.08266,36.15512
28532,2,-115.173874,36.10978
28533,10,-115.22593,36.12658
28534,2,-115.15387,36.110085
28535,2,-73.579384,45.498787
28536,2,-115.17516,36.091866
28537,2,-115.17167,36.11025
28538,2,-115.26749,36.143368
28539,2,-115.17345,36.10306
28540,2,-115.17076,36.123367
28541,2,-115.17849,36.10924
28542,2,-115.17179,36.12469
28543,10,-115.168144,36.110283
28544,2,-115.18578,36.116745
28545,2,-115.166954,36.106236
28546,7368,-115.16901,35.965446
28547,2,-115.17179,36.12469
28548,2,-115.16587,36.126877
28549,2,-115.173904,36.110092
28550,2,-115.16296,36.12714
28551,2,-115.14085,36.170055
28552,2,-115.177,36.11199
28553,2,-115.167015,36.126884
28554,2,-115.3115,36.158897
28555,2,-115.15822,36.161972
28556,10,-115.17516,36.109875
28557,7627,-115.17332,36.11567
28558,2,-112.073425,33.447334
28559,4010,-3.195602,55.9491
28560,10,-115.20959,36.12621
28561,7628,-115.17704,36.10762
28562,2,-115.17457,36.10259
28563,10,-115.22501,36.127296
28564,2,-115.1546,36.11997
28565,2,-115.24239,36.0542
28566,10,-115.20744,35.996895
28567,2,-115.17407,36.12125
28568,2,-115.172554,36.111877
28569,2,-115.21232,36.12605
28570,2,-115.177,36.11199
28571,2,-73.574394,45.52221
28572,7629,-115.17028,36.12229
28573,10,-115.16996,36.10984
28574,7630,-115.167755,36.123978
28575,2,-80.84842,35.224426
28576,2,-115.17516,36.109875
28577,17,-111.89673,33.676765
28578,2,-115.17305,36.118965
28579,7631,-115.17704,36.10762
28580,7632,-115.1684,36.124554
28581,2,-115.17089,36.11006
28582,2,-115.30206,36.10069
28583,2,-115.17462,36.11694
28584,2,-115.17259,36.112953
28585,2,-115.20942,36.12682
28586,10,-115.17684,36.06878
28587,2,-73.61605,45.536392
28588,2,-115.17259,36.112953
28589,10,-115.241516,36.064106
28590,2,-73.60781,45.470284
28591,10,-115.24373,36.08461
28592,7633,-73.553795,45.500034
28593,10,-115.17332,36.11567
28594,7634,-115.242714,36.036674
28595,7635,-115.29494,36.144653
28596,7636,-115.17259,36.112953
28597,2,-80.69291,35.082596
28598,7637,-115.33299,36.16123
28599,7638,-115.17322,36.109215
28600,10,-115.2792,36.025677
28601,2,-115.17516,36.109875
28602,7639,-115.26749,36.02092
28603,7640,-115.17111,35.96575
28604,7641,-115.17501,36.117245
28605,2,-115.17457,36.11622
28606,7642,-115.17278,36.11766
28607,7643,-115.16821,36.127586
28608,2,-115.16559,36.12689
28609,2,-115.168106,36.103798
28610,10,-115.140305,36.168964
28611,7644,-115.20995,36.12662
28612,10,-115.17808,36.060097
28613,10,-115.04797,36.025887
28614,2,-115.17234,36.10353
28615,2,-115.1768,36.090183
28616,2,-115.01003,36.272373
28617,7645,-115.28257,36.198036
28618,2,-115.16578,36.128788
28619,2,-115.17767,36.10741
28620,2,-115.15716,36.114746
28621,2,-115.17259,36.112953
28622,7646,-115.28992,36.160503
28623,7647,-115.33334,36.16098
28624,2,-115.17234,36.055244
28625,10,-115.29939,36.145184
28626,2,-115.17128,36.11289
28627,2,-115.17155,36.05243
28628,10,-115.17229,36.115147
28629,2,-115.17661,36.095356
28630,7648,-115.17259,36.112953
28631,2,-115.1775,36.112507
28632,7649,-115.174644,36.109913
28633,10,-115.20695,35.99532
28634,2,-115.17271,36.1095
28635,2,-115.169754,36.102917
28636,7650,-115.175064,36.107677
28637,2,-115.16442,36.06009
28638,10,-115.17041,36.110847
28639,10,-115.29874,36.06994
28640,2,-115.175804,36.09531
28641,7651,-115.17669,36.117455
28642,7652,-115.33314,36.156986
28643,7653,-115.17259,36.112953
28644,10,-115.17345,36.10306
28645,10,-115.17259,36.112953
28646,10,-115.117836,36.028442
28647,10,-115.29806,36.07596
28648,10,-115.2072,36.271782
28649,2,-115.15387,36.110085
28650,2,-115.16956,36.05396
28651,2,-73.57782,45.516148
28652,7654,-115.152756,36.04253
28653,2,-115.17259,36.099777
28654,7655,-115.17332,36.11567
28655,2,-115.20142,36.12633
28656,7656,-115.22587,36.055244
28657,0,-115.173874,36.109753
28658,10,-115.15389,36.156593
28659,2,-115.17205,36.11012
28660,2,-115.1563,36.142338
28661,0,-115.163124,36.133614
28662,10,-115.13441,36.166664
28663,2,-115.17282,36.161526
28664,7657,-115.172455,36.111073
28665,10,-115.298294,36.077114
28666,2,-115.17556,36.098907
28667,10,-115.08588,36.02942
28668,7658,-115.27856,36.058853
28669,7659,-115.334816,36.155132
28670,2,-115.163124,36.133614
28671,2,-115.17234,36.11635
28672,2,-115.17124,36.11788
28673,10,-115.20755,36.143238
28674,10,-115.17089,36.114025
28675,7660,-115.21632,36.143684
28676,20,-3.195602,55.9491
28677,20,-3.2408066,55.942234
28678,10,-115.186584,36.115482
28679,7661,-115.17688,36.111946
28680,7662,-114.93013,36.10203
28681,2,-115.18219,36.10132
28682,2,-115.175385,36.093647
28683,2,-115.177666,36.107014
28684,2,-115.17661,36.097107
28685,2,-115.180016,36.14181
28686,20,-3.1921299,55.94767
28687,2,-115.20964,36.12702
28688,7663,-115.14568,36.125534
28689,2,-115.15152,36.10749
28690,2,-115.176315,36.109913
28691,2,-115.200645,36.115417
28692,2,-115.17223,36.067635
28693,2,-115.176315,36.109913
28694,7664,-115.17354,36.109516
28695,2,-115.175804,36.09531
28696,2,-115.180016,36.14181
28697,0,-115.17849,36.10924
28698,2,-115.17274,36.11424
28699,2,-115.15475,36.12697
28700,2,-115.2858,36.158028
28701,2,-115.1149,36.151794
28702,2,-115.17556,36.091885
28703,10,-115.17332,36.11567
28704,2,-115.154015,36.12784
28705,2,-115.16923,36.102325
28706,2,-115.170906,36.103455
28707,2,-115.177444,36.11319
28708,7665,-115.23995,36.14467
28709,2,-115.173706,36.107292
28710,2,-115.15716,36.114746
28711,2,-115.17516,36.109875
28712,2,-73.57314,45.517372
28713,0,-112.07093,33.640205
28714,2,-115.16587,36.126877
28715,2,-115.17127,36.11288
28716,2,-115.167725,36.103397
28717,7666,-115.10035,35.99595
28718,7667,-73.57754,45.516373
28719,7668,-115.173706,36.107292
28720,2,-115.15448,36.11884
28721,2,-115.176315,36.109913
28722,10,-115.24127,36.084476
28723,10,-115.20638,36.006573
28724,10,-115.16845,36.123913
28725,7669,-115.16849,35.96477
28726,832,-115.16899,36.124603
28727,7670,-115.17234,36.110107
28728,2,-115.15387,36.110085
28729,10,-115.33513,36.15711
28730,2,-115.17345,36.10306
28731,4392,-115.087364,36.029713
28732,7671,-115.33276,36.15119
28733,2,-115.17124,36.11788
28734,10,-115.30664,36.188248
28735,7672,-115.28142,36.053978
28736,2,-115.180565,36.14486
28737,10,-115.136406,36.106606
28738,2,-73.55188,45.508717
28739,2,-115.17632,36.113846
28740,2,-115.16592,36.127518
28741,2,-115.3115,36.158897
28742,7673,-115.16923,36.121773
28743,2,-73.57922,45.493843
28744,2,-73.57754,45.516373
28745,2,-115.172455,36.12073
28746,2,-115.17028,36.12229
28747,2,-115.17849,36.10924
28748,2,-115.16744,36.127686
28749,2,-115.16879,36.122967
28750,2,-115.17501,36.117245
28751,2,-111.99421,33.434666
28752,2,-115.16769,36.10302
28753,2,-115.16858,36.123478
28754,7674,-115.299904,36.115845
28755,2,-115.27639,36.129875
28756,7675,-115.17618,36.115856
28757,2,-115.16752,36.122643
28758,2,-115.1873,36.11812
28759,7676,-115.20635,35.995155
28760,7677,-112.073425,33.447334
28761,7678,-115.17028,36.12229
28762,2,-111.926445,33.490032
28763,2,-115.209656,36.127045
28764,2,-115.17229,36.115147
28765,2,-115.17028,36.12229
28766,2,-115.16587,36.126877
28767,0,-115.17028,36.12229
28768,580,-115.224075,36.12743
28769,2,-115.186485,36.1187
28770,10,-115.17028,36.12229
28771,2,-115.17096,36.112534
28772,2131,-111.93007,33.378265
28773,2,-115.15323,36.042797
28774,10,-115.11698,36.009254
28775,2,-115.17698,36.107407
28776,2,-115.17618,36.115856
28777,10,-115.207245,36.124905
28778,2,-115.14007,36.167534
28779,10,-115.17698,36.111977
28780,7679,-115.091934,36.02
28781,7680,-115.16876,36.12438
28782,7681,-111.92492,33.62348
28783,7682,-115.33387,36.152832
28784,7683,-115.179085,36.11224
28785,7684,-115.17661,36.097107
28786,0,-111.72392,33.32106
28787,2,-115.17457,36.11622
28788,10,-115.17054,36.10259
28789,10,-115.15261,36.151554
28790,2,-115.11874,36.084557
28791,10,-115.17264,36.11758
28792,2,-115.17526,36.113125
28793,2,-115.17374,36.10743
28794,2,-115.175285,36.06618
28795,2,-115.22587,36.055244
28796,10,-115.18163,36.075855
28797,2,-115.13902,36.088516
28798,2,-115.17264,36.11758
28799,2,-115.17278,36.11766
28800,7685,-115.17818,36.10713
28801,2,-115.14335,36.171127
28802,0,-111.84253,33.303234
28803,2,-115.15259,36.108295
28804,2,-115.11793,36.018227
28805,10,-115.17704,36.10762
28806,2,-115.168144,36.110283
28807,10,-115.11757,36.10067
28808,7686,-111.78948,33.37299
28809,7687,-111.92697,33.462616
28810,2,-115.1765,36.10758
28811,2,-73.59412,45.52164
28812,2,-115.17127,36.11288
28813,2,-115.1677,36.125965
28814,38,-73.6258,45.52471
28815,2,-115.16907,36.124435
28816,2,-115.17075,36.101788
28817,7688,-73.57556,45.546997
28818,7689,-115.17767,36.10741
28819,98,-89.38354,43.07628
28820,2,-115.16456,36.131496
28821,2,-115.167755,36.123943
28822,2,-115.209656,36.126728
28823,2,-115.18713,36.10689
28824,2,-115.17315,36.10988
28825,7690,-115.15531,36.11022
28826,2,-115.17698,36.107407
28827,2,-115.1746,36.116764
28828,2,-115.17179,36.1112
28829,2,-80.84446,35.202034
28830,2,-115.17462,36.11694
28831,7691,-115.17818,36.106815
28832,2,-115.172295,36.127068
28833,2,-115.17787,36.11706
28834,2,-115.17767,36.10741
28835,10,-115.17128,36.11289
28836,2,-115.19233,36.12587
28837,2,-115.15152,36.10749
28838,7692,-115.15152,36.10749
28839,2,-115.15152,36.10749
28840,10,-115.19242,36.12601
28841,2,-73.59317,45.52248
28842,2,-115.19479,36.114464
28843,10,-115.117096,36.016495
28844,2,-115.17712,36.13198
28845,10,-115.17516,36.091866
28846,2,-115.15152,36.10749
28847,10,-115.132935,36.16576
28848,7693,-115.33272,36.14874
28849,2,-111.921684,33.582222
28850,7694,-112.2539,33.652645
28851,0,-112.07127,33.508995
28852,2,-112.17426,33.63955
28853,0,-111.99478,33.626686
28854,7695,-112.10023,33.626423
28855,0,-112.06899,33.45917
28856,2,-115.1978,36.1269
28857,0,-112.18537,33.610764
28858,7696,-112.34503,33.463116
28859,7697,-115.175865,36.092865
28860,2,-115.17395,36.11303
28861,2,-115.207664,36.13174
28862,7698,-115.172554,36.10907
28863,2,-115.19447,36.126015
28864,7699,-115.17167,36.11025
28865,7700,-115.22349,36.125526
28866,2,-115.17516,36.109875
28867,2,-115.167404,36.126812
28868,2,-115.17516,36.109875
28869,7701,-115.172424,36.124573
28870,7702,-115.163155,36.118034
28871,7703,-115.17419,36.1212
28872,7704,-115.157875,36.142757
28873,7705,-115.13717,36.082092
28874,2,-115.17262,36.12956
28875,7706,-115.177,36.11199
28876,2,-115.17641,36.11316
28877,10,-115.18657,36.118774
28878,10,-73.54972,45.55963
28879,2,-115.16296,36.12714
28880,2,-115.334816,36.15839
28881,7707,-115.17457,36.11622
28882,2,-115.17167,36.11025
28883,2,-115.17457,36.11622
28884,7708,-115.17278,36.0908
28885,0,-115.17113,36.12856
28886,7709,-115.30114,36.09934
28887,38,-115.14141,36.172146
28888,0,-115.17493,36.10478
28889,2,-115.1752,36.091843
28890,10,-115.22455,36.238483
28891,10,-115.10561,36.00054
28892,7710,-115.17286,36.127224
28893,7711,-115.17167,36.11025
28894,2,-115.17167,36.11025
28895,7712,-115.1725,36.110065
28896,2,-115.167,36.12617
28897,2,-115.17178,36.115025
28898,7713,-115.17028,36.12433
28899,2,-115.153564,36.157665
28900,2,-115.13988,36.1688
28901,5744,-115.17028,36.12433
28902,7714,-115.072075,36.07385
28903,98,-89.49478,43.104088
28904,2,-115.17089,36.114025
28905,2,-115.17516,36.109875
28906,2,-115.17647,36.14513
28907,2,-115.16296,36.12714
28908,2,-115.173874,36.10978
28909,2,-115.17223,36.105675
28910,2,-115.17516,36.109875
28911,2,-115.13122,36.19326
28912,2,-115.17203,36.11494
28913,2,-115.15951,36.113438
28914,2,-115.17405,36.109875
28915,2,-115.17669,36.117455
28916,2,-115.176704,36.09028
28917,7715,-115.280426,36.056282
28918,2,-115.16591,36.127495
28919,7716,-115.1768,36.090183
28920,2,-111.997826,33.43523
28921,10,-115.177,36.11199
28922,7717,-115.17389,36.109882
28923,7718,-112.029564,33.516068
28924,7719,-115.18609,36.27883
28925,2,-115.175026,36.121967
28926,10,-115.293,36.160576
28927,2,-115.12652,36.15846
28928,10,-115.17712,36.13198
28929,7720,-115.17141,36.11752
28930,7721,-115.188286,36.145744
28931,7722,-115.29987,36.147263
28932,7723,-115.30617,36.113316
28933,2,-115.18219,36.10132
28934,7724,-115.141884,36.16918
28935,2,-115.20955,36.12644
28936,2,-115.17124,36.11788
28937,7725,-115.28773,36.290314
28938,7726,-115.2001,36.10189
28939,2,-115.19534,36.114998
28940,7727,-115.19534,36.114998
28941,2,-115.16671,36.126022
28942,7728,-115.173515,36.103
28943,2,-115.179085,36.11224
28944,2,-115.177666,36.107014
28945,2,-115.13894,36.16672
28946,2,-73.560776,45.507214
28947,2,-115.1765,36.10758
28948,2,-111.95493,33.407665
28949,2,-115.16296,36.12714
28950,2,-115.16855,36.120895
28951,10,-115.22587,36.055244
28952,2,-115.175865,36.092865
28953,2,-115.169754,36.102917
28954,7729,-115.24262,36.195274
28955,2,-115.170906,36.103455
28956,7730,-115.171165,36.117874
28957,10,-115.05501,36.015766
28958,10,-115.26203,36.070213
28959,2,-115.1736,36.101585
28960,2,-115.17692,36.106655
28961,2,-115.17124,36.11788
28962,10,-115.203186,36.09046
28963,2,-80.84693,35.22586
28964,10,-115.175865,36.092865
28965,7731,-115.174324,36.067642
28966,10,-115.086464,36.02119
28967,2,-115.17693,36.068497
28968,2,-115.17737,36.107616
28969,7732,-115.2072,36.271782
28970,4625,-115.08998,36.020554
28971,2,-115.2833,36.05521
28972,2,-115.17333,36.119556
28973,7733,-115.16866,36.117542
28974,2,-115.17086,36.10993
28975,7734,-115.17688,36.111946
28976,2,-115.17516,36.109875
28977,2,-73.57754,45.516373
28978,2,-115.16559,36.12689
28979,7735,-115.20227,36.10571
28980,2,-115.17669,36.117455
28981,2,-115.16997,36.11293
28982,2,-115.1613,36.138298
28983,7736,-115.24262,36.195274
28984,10,-115.157875,36.142757
28985,2,-115.17012,36.122276
28986,2,-111.98597,33.44858
28987,2,-115.17345,36.10306
28988,2,-115.16961,36.121452
28989,10,-115.1953,36.082497
28990,10,-115.277664,36.02164
28991,7737,-115.201416,36.14358
28992,7738,-115.17841,36.06958
28993,10,-115.17815,36.06713
28994,7739,-111.70818,33.58793
28995,0,-111.96727,33.34659
28996,7740,-111.87436,33.336075
28997,7741,-111.85944,33.260887
28998,7742,-111.921684,33.582222
28999,7743,-111.91744,33.69869
29000,5698,-115.11793,36.018227
29001,10,-115.08566,36.02736
29002,10,-115.278175,36.041817
29003,2,-115.16841,36.12458
29004,2,-115.17516,36.109875
29005,2,-115.167404,36.126812
29006,2,-115.167015,36.126884
29007,2,-115.15734,36.14359
29008,2,-115.177086,36.106762
29009,7744,-115.18291,35.972897
29010,7745,-115.17278,36.11766
29011,98,-89.266815,43.16455
29012,2,-115.17375,36.103863
29013,7746,-115.17457,36.11622
29014,2,-115.22438,36.048576
29015,7747,-115.09974,35.995144
29016,2,-115.173874,36.10978
29017,2,-115.17704,36.10762
29018,0,-111.96407,33.67421
29019,2,-115.176704,36.09028
29020,0,-112.357574,33.45569
29021,7748,-111.686104,33.38569
29022,7749,-111.94858,33.832657
29023,10,-115.209656,36.126728
29024,2,-115.17669,36.117455
29025,2,-111.92727,33.49783
29026,443,-80.838165,35.23109
29027,7750,-112.0144,33.510056
29028,0,-112.04641,33.509434
29029,0,-112.045784,33.507767
29030,0,-111.82268,33.322666
29031,0,-111.84763,33.378475
29032,0,-111.91182,33.322376
29033,7751,-111.859726,33.339962
29034,0,-111.790115,33.356728
29035,0,-111.92575,33.479183
29036,2472,-111.92555,33.564976
29037,0,-111.85926,33.31953
29038,0,-111.95149,33.42273
29039,7752,-111.97867,33.667458
29040,0,-112.08711,33.45496
29041,0,-112.01691,33.448673
29042,0,-112.00845,33.581757
29043,0,-112.112274,33.71109
29044,7753,-112.07308,33.56747
29045,0,-111.92328,33.676228
29046,7754,-115.17582,36.09558
29047,0,-111.92727,33.49783
29048,10,-115.107544,36.00268
29049,2,-115.17086,36.10993
29050,2195,-111.92555,33.564976
29051,0,-111.63531,33.362576
29052,10,-115.13988,36.1688
29053,7755,-111.78968,33.361633
29054,10,-115.17535,36.070137
29055,10,-115.17582,36.11773
29056,7756,-115.17737,36.107616
29057,7757,-115.22638,36.1432
29058,2,-115.17618,36.115856
29059,7758,-115.21351,36.12623
29060,7183,-115.2811,36.114468
29061,2,-115.18982,36.143955
29062,10,-115.13056,36.10134
29063,10,-115.30615,36.114666
29064,7759,-115.17457,36.127308
29065,7760,-115.16901,35.965446
29066,2,-115.1715,36.127525
29067,2,-115.157875,36.142757
29068,2,-115.17234,36.110107
29069,2,-115.19559,36.114346
29070,2,-80.94256,35.22035
29071,10,-115.17704,36.10762
29072,2,-115.17306,36.091965
29073,2,-111.994545,33.43402
29074,2,-115.16631,36.12757
29075,2,-115.16961,36.121452
29076,10,-115.22496,36.069824
29077,10,-115.17704,36.10762
29078,2,-112.02769,33.510315
29079,2,-115.17421,36.106213
29080,7761,-115.17577,36.011356
29081,2,-115.17818,36.106815
29082,2,-111.899635,33.554825
29083,7762,-115.17632,36.113846
29084,2,-115.172424,36.101204
29085,10,-79.99644,40.44395
29086,20,-3.1878982,55.94926
29087,2,-115.17337,36.104424
29088,2,-73.556335,45.501198
29089,7763,-115.16559,36.12689
29090,2,-111.94413,33.402504
29091,7764,-115.33321,36.152905
29092,7765,-115.16923,36.102325
29093,7766,-115.22447,36.047886
29094,7767,-115.16559,36.12689
29095,7768,-115.17767,36.10741
29096,98,-89.39035,43.07438
29097,10,-115.15387,36.110085
29098,2,-115.19826,36.11444
29099,2,-115.177,36.11199
29100,2,-73.57518,45.483097
29101,7769,-115.22587,36.055244
29102,0,-111.8871,33.547974
29103,7770,-111.84248,33.246338
29104,17,-80.843094,35.22526
29105,7771,-111.883736,33.583702
29106,2,-115.16456,36.131496
29107,7772,-115.153595,36.011986
29108,10,-115.27994,36.052994
29109,10,-115.2431,36.124302
29110,10,-115.273125,36.06686
29111,2,-73.57553,45.515884
29112,17,-80.94419,35.007748
29113,10,-115.15254,36.151268
29114,2,-115.15323,36.042797
29115,10,-115.132225,36.101387
29116,10,-115.33896,36.151318
29117,10,-115.24374,36.047146
29118,7773,-115.20312,36.27793
29119,7774,-115.24186,36.062195
29120,2,-79.913895,40.45003
29121,10,-115.26921,36.159355
29122,7775,-115.174416,36.127724
29123,7776,-115.170616,36.124756
29124,7777,-115.18939,36.11789
29125,2405,-111.92555,33.564976
29126,0,-111.9759,33.495018
29127,0,-111.99565,33.502758
29128,7778,-111.757416,33.30427
29129,0,-112.06096,33.50953
29130,10,-115.117744,36.010067
29131,7779,-111.97461,33.678616
29132,0,-112.06877,33.485413
29133,10,-115.14255,36.142525
29134,7780,-115.16591,36.127495
29135,7781,-112.07551,33.449596
29136,0,-111.945366,33.8322
29137,2,-73.56035,45.50724
29138,7782,-115.1694,35.96543
29139,7783,-115.16348,36.113026
29140,0,-111.68451,33.285202
29141,2,-115.28929,36.16367
29142,2,-115.15261,36.151554
29143,7784,-80.956856,35.119568
29144,7785,-80.85239,35.053368
29145,7786,-80.86115,35.209026
29146,7787,-80.81337,35.220215
29147,7788,-88.20865,40.111958
29148,0,-112.14236,33.713364
29149,2,-115.15505,36.13074
29150,2,-115.15531,36.11022
29151,10,-115.16269,36.144295
29152,1658,-111.864815,33.611557
29153,10,-115.11822,36.01443
29154,0,-115.16845,36.123913
29155,7789,-115.17106,36.12008
29156,2,-115.18657,36.118774
29157,2,-115.17124,36.11788
29158,2,-115.17538,36.09194
29159,2,-115.145004,36.173058
29160,2,-115.17054,36.10259
29161,7790,-115.17534,36.11709
29162,7791,-115.27121,36.31771
29163,7792,-111.74079,33.377853
29164,10,-115.28788,36.055676
29165,7793,-115.16841,36.113533
29166,10,-115.27994,36.052994
29167,10,-115.14064,36.167877
29168,7794,-111.92582,33.497734
29169,7795,-115.12092,36.240192
29170,10,-115.17054,36.10259
29171,0,-111.92632,33.494377
29172,7796,-115.29494,36.144653
29173,10,-115.334236,36.145416
29174,10,-115.27846,36.134956
29175,10,-115.31464,36.10061
29176,10,-115.14624,36.171215
29177,7797,-115.08639,36.0206
29178,4637,-115.11793,36.01752
29179,7798,-115.190605,36.0418
29180,10,-114.987305,36.036503
29181,10,-115.29776,36.097992
29182,2,-115.16915,36.054928
29183,7799,-111.59864,33.38231
29184,10,-115.20942,36.142094
29185,10,-115.1149,36.028095
29186,0,-112.11054,33.64068
29187,0,-112.25456,33.478016
29188,10,-115.33314,36.156986
29189,7800,-112.36525,33.638256
29190,7801,-115.17753,36.10671
29191,10,-115.29991,36.084564
29192,2,-115.17407,36.121197
29193,10,-115.112,36.10026
29194,10,-115.168526,35.96478
29195,7802,-115.29987,36.147263
29196,2,-115.30182,36.14495
29197,7803,-115.11793,36.01752
29198,7804,-115.17386,36.102005
29199,10,-115.25988,36.203743
29200,10,-115.2068,35.99513
29201,1,-79.95085,40.450356
29202,1,-79.98736,40.427223
29203,64,-79.96413,40.46707
29204,7805,-79.95151,40.482456
29205,10,-115.30882,36.183144
29206,7806,-111.929245,33.65774
29207,2802,-115.17332,36.11567
29208,0,-112.111786,33.687145
29209,2,-115.2435,36.072044
29210,10,-115.3115,36.158897
29211,10,-115.15295,36.107204
29212,10,-115.13988,36.1688
29213,0,-111.7232,33.232613
29214,0,-111.97698,33.34888
29215,0,-111.68856,33.38023
29216,0,-111.8989,33.306488
29217,7807,-115.29743,36.089844
29218,2,-115.148315,36.11412
29219,0,-111.913055,33.36342
29220,10,-111.99538,33.44852
29221,0,-112.00008,33.495438
29222,7808,-112.07371,33.456326
29223,0,-112.03788,33.509254
29224,2,-115.334816,36.155132
29225,10,-115.17051,36.108852
29226,10,-115.11279,36.005222
29227,0,-111.908585,33.39378
29228,2,-115.175896,36.093586
29229,7809,-112.26963,33.464386
29230,7810,-112.261604,33.534298
29231,7811,-111.98229,33.599663
29232,7812,-111.890686,33.546608
29233,7813,-112.38717,33.63924
29234,0,-112.03369,33.495106
29235,10,-115.30121,36.099983
29236,10,-115.280426,36.056282
29237,7814,-115.10639,36.004
29238,10,-115.2991,36.145622
29239,7815,-115.325775,36.219326
29240,7816,-115.24349,36.05007
29241,7817,-115.20888,36.09506
29242,7818,-115.15271,36.108807
29243,10,-115.33451,36.156906
29244,7819,-80.81206,35.241146
29245,561,-80.82412,35.204514
29246,1,-80.00111,40.443146
29247,1,-79.97682,40.428272
29248,7820,-73.580894,45.4972
29249,2,-115.17124,36.11788
29250,7821,-111.925064,33.61855
29251,7822,-111.87686,33.54105
29252,0,-112.04751,33.52433
29253,10,-115.2072,36.271782
29254,2,-80.828545,35.15261
29255,17,-80.8412,35.199818
29256,7823,-80.77077,35.052982
29257,2,-73.56512,45.499573
29258,2,-73.56715,45.50794
29259,10,-115.29826,36.07897
29260,7824,-115.30206,36.10069
29261,2,-115.11904,36.03436
29262,1179,-112.07397,33.513077
29263,7825,-112.0741,33.506855
29264,7826,-112.26989,33.553776
29265,0,-112.35314,33.45399
29266,2,-111.92492,33.62348
29267,0,-112.51287,33.49592
29268,7827,-111.842354,33.302902
29269,7828,-111.92478,33.68526
29270,0,-111.98907,33.59956
29271,10,-115.24185,36.043034
29272,10,-115.3158,36.29146
29273,10,-115.28009,36.298874
29274,7829,-111.790085,33.35524
29275,10,-115.17155,36.05199
29276,7830,-115.17457,36.11622
29277,7831,-115.11157,36.00645
29278,10,-115.15301,36.01309
29279,10,-115.26186,36.11331
29280,7832,-115.178,36.068428
29281,7833,-115.13595,36.105026
29282,7834,-115.15321,36.10895
29283,10,-115.1873,36.11812
29284,7835,-111.875984,33.413902
29285,2,-80.848076,35.22434
29286,0,-112.170334,33.46561
29287,7836,-115.344696,36.169044
29288,7837,-115.33271,36.15179
29289,10,-115.15141,36.136284
29290,7838,-115.17128,36.11289
29291,7839,-115.27752,36.144516
29292,10,-115.332825,36.14505
29293,17,-80.86122,35.21396
29294,98,-89.40158,43.06768
29295,0,-111.74355,33.307823
29296,0,-111.78376,33.334938
29297,6791,-115.12816,36.100746
29298,7840,-115.26041,36.143772
29299,7841,-80.83967,35.228985
29300,0,-112.037506,33.509693
29301,10,-115.22434,36.062725
29302,7842,-112.27646,33.464348
29303,7843,-115.293,36.160576
29304,7844,-115.17337,36.104424
29305,0,-111.90753,33.392403
29306,2,-115.11797,36.01842
29307,10,-115.18343,36.041916
29308,7845,-115.218285,36.126507
29309,2,-115.23995,36.14467
29310,7846,-115.27777,36.130028
29311,10,-115.22381,36.115894
29312,10,-115.241516,36.064106
29313,10,-115.13931,36.167286
29314,7847,-115.243866,36.086548
29315,7848,-115.17345,36.10306
29316,10,-115.06262,36.02959
29317,10,-115.09935,36.100647
29318,7849,-115.17556,36.098907
29319,10,-115.242165,36.05671
29320,2,-115.30517,36.114994
29321,10,-115.33271,36.15179
29322,7850,-115.138504,36.117256
29323,10,-115.17692,36.106655
29324,7851,-115.332,36.151814
29325,2,-115.17155,36.05243
29326,7852,-115.24186,36.062195
29327,2,-115.17155,36.05243
29328,2,-115.14471,36.17297
29329,7853,-115.286644,36.277836
29330,2,-115.20734,36.088776
29331,10,-115.24136,36.0845
29332,7854,-115.16879,36.122967
29333,7855,-115.27944,36.123875
29334,2,-115.16961,36.121456
29335,2,-115.16961,36.121456
29336,0,-111.92706,33.30481
29337,0,-112.120384,33.66752
29338,10,-111.7534,33.3807
29339,7856,-80.67065,35.28332
29340,7857,-111.83743,33.415432
29341,3097,-111.85407,33.39349
29342,7858,-111.842026,33.302025
29343,7859,-111.90133,33.297695
29344,7860,-80.8585,35.211533
29345,7861,-111.98837,33.495483
29346,7862,-111.92514,33.542786
29347,7863,-80.83798,35.227764
29348,2,-115.17124,36.11788
29349,10,-115.118416,36.025414
29350,7864,-115.11793,36.01752
29351,7865,-112.07405,33.44995
29352,10,-115.219246,36.143974
29353,10,-115.26674,36.272594
29354,10,-115.2782,36.108463
29355,7866,-115.28672,36.167316
29356,10,-115.2249,36.047733
29357,17,-80.855446,35.215378
29358,0,-115.17143,36.135014
29359,2,-112.13424,33.625828
29360,2,-115.15627,36.14684
29361,7867,-115.00147,36.271496
29362,4465,-115.19,36.23888
29363,7868,-115.17124,36.11788
29364,2,-115.036026,36.061783
29365,10,-115.115486,36.268105
29366,10,-115.20719,36.277145
29367,10,-115.2092,36.246758
29368,7869,-111.84258,33.299873
29369,10,-115.04548,36.060318
29370,2,-115.15254,36.151268
29371,0,-112.06466,33.506046
29372,0,-112.01427,33.530174
29373,17,-3.196746,55.947525
29374,0,-112.11092,33.71298
29375,7870,-112.09771,33.538204
29376,2,-115.298256,36.09195
29377,10,-115.22062,36.144825
29378,0,-112.01291,33.39068
29379,2,-115.176315,36.109913
29380,10,-115.13609,36.116165
29381,10,-115.11646,36.158314
29382,7871,-115.201775,36.126526
29383,38,-73.59507,45.523026
29384,10,-115.16442,36.06009
29385,7872,-115.209656,36.127045
29386,4519,-115.178215,36.068935
29387,0,-111.92177,33.636818
29388,10,-115.270836,36.115585
29389,10,-115.21327,36.12656
29390,7873,-115.2916,36.053307
29391,7874,-115.25953,36.26515
29392,2,-88.238914,40.110374
29393,3861,-111.90998,33.347878
29394,2,-115.22455,36.238483
29395,10,-115.278175,36.041817
29396,7875,-115.17262,36.118378
29397,2,-115.17191,36.11496
29398,7876,-111.92563,33.49171
29399,0,-112.358826,33.46646
29400,5155,-115.20749,35.999523
29401,6289,-111.724396,33.380516
29402,7877,-112.06599,33.4651
29403,0,-115.04548,36.060318
29404,0,-112.01307,33.610554
29405,0,-111.92646,33.798073
29406,10,-115.11617,36.00676
29407,7878,-73.580086,45.492973
29408,7879,-115.22465,36.12686
29409,2,-115.15254,36.151268
29410,10,-115.31723,36.158825
29411,10,-115.28703,36.166676
29412,38,-73.5923,45.474182
29413,7880,-115.17278,36.11766
29414,10,-115.24401,36.04602
29415,7881,-115.0833,36.00489
29416,7882,-115.17815,36.06713
29417,10,-115.22581,36.055252
29418,7883,-115.271904,36.2331
29419,10,-115.13463,36.161926
29420,10,-115.1197,36.012512
29421,10,-115.10925,36.000908
29422,10,-115.10866,36.001587
29423,10,-115.0833,36.00489
29424,7884,-111.94039,33.421387
29425,10,-115.22461,36.05132
29426,7885,-115.33267,36.151546
29427,10,-115.271286,36.018726
29428,10,-115.33278,36.150646
29429,10,-115.24185,36.2022
29430,10,-115.20635,35.995155
29431,7886,-112.15378,33.568226
29432,10,-115.27777,36.130028
29433,10,-115.17849,36.10924
29434,2,-111.73315,33.36139
29435,2,-115.16587,36.126877
29436,7887,-112.13459,33.595837
29437,7888,-115.25953,36.26515
29438,7889,-115.07337,36.21706
29439,10,-115.23752,36.14488
29440,10,-115.273125,36.06686
29441,7890,-115.28576,36.15842
29442,7891,-115.334816,36.155132
29443,2,-115.173874,36.109753
29444,0,-112.358765,33.507095
29445,0,-112.42433,33.623653
29446,0,-112.34056,33.467358
29447,0,-112.24049,33.423298
29448,2,-112.07358,33.442486
29449,2,-115.173904,36.110092
29450,10,-115.11736,36.014675
29451,0,-111.85969,33.336014
29452,7892,-111.753044,33.392246
29453,0,-111.74367,33.29674
29454,10,-115.17177,36.11931
29455,10,-115.17751,36.117035
29456,10,-115.33278,36.150646
29457,10,-115.15261,36.151554
29458,7893,-115.04165,36.05552
29459,10,-115.28627,36.16728
29460,7894,-115.19005,35.983765
29461,7895,-115.11491,36.02818
29462,10,-115.20964,36.12702
29463,10,-115.11763,36.016068
29464,7896,-112.07409,33.4975
29465,10,-115.24371,36.05824
29466,10,-115.24287,36.044266
29467,10,-115.260666,36.014347
29468,10,-115.18163,36.075855
29469,10,-115.17466,36.02949
29470,10,-115.27634,36.054306
29471,10,-115.243324,36.08245
29472,7897,-115.33553,36.14631
29473,7898,-80.8,35.219612
29474,7899,-115.29808,36.14341
29475,2,-115.2811,36.114468
29476,10,-115.27844,36.056824
29477,7900,-115.22455,36.238483
29478,2,-3.1915388,55.950233
29479,0,-111.93003,33.655685
29480,7901,-112.003174,33.49564
29481,0,-112.073425,33.447334
29482,17,-80.83798,35.227764
29483,7902,-115.28685,36.289684
29484,7903,-115.19242,36.12601
29485,7904,-115.334236,36.145416
29486,10,-115.22456,36.128075
29487,7905,-111.906044,33.43245
29488,0,-111.92796,33.49821
29489,0,-112.14982,33.640068
29490,0,-111.9276,33.498474
29491,2,-111.77341,33.29329
29492,7906,-111.92737,33.50323
29493,0,-111.92227,33.584015
29494,10,-115.17647,36.14513
29495,10,-115.274574,36.130314
29496,7907,-115.11869,36.01635
29497,7908,-115.26318,36.271908
29498,7909,-115.26318,36.271908
29499,7910,-115.178474,36.28633
29500,10,-115.25791,36.264744
29501,10,-115.20425,36.1586
29502,7911,-112.06483,33.477
29503,10,-115.12155,36.04155
29504,2,-115.15689,36.113342
29505,7912,-111.92656,33.485966
29506,7913,-115.29857,36.07719
29507,7914,-115.24356,36.071873
29508,10,-115.27611,36.142998
29509,0,-111.924065,33.5797
29510,7915,-115.110466,36.071354
29511,7916,-115.0452,36.063137
29512,10,-115.298256,36.09195
29513,2,-115.33896,36.151318
29514,10,-115.241554,36.064533
29515,10,-115.1795,36.286583
29516,7917,-115.07823,36.159264
29517,7918,-115.28702,36.291435
29518,10,-115.31464,36.10061
29519,7919,-115.244095,36.0458
29520,10,-115.175064,36.107677
29521,2,-80.94421,35.223606
29522,7920,-115.27956,36.053383
29523,7921,-115.047195,36.05532
29524,10,-115.20695,35.99532
29525,7922,-115.27746,36.056244
29526,0,-111.910614,33.34853
29527,10,-115.13637,36.108074
29528,10,-115.2682,36.207485
29529,10,-115.20641,36.17994
29530,7923,-115.175644,36.098877
29531,10,-115.17869,36.06815
29532,0,-111.7534,33.3807
29533,7924,-111.92477,33.626637
29534,2257,-112.07358,33.442486
29535,0,-111.995705,33.63991
29536,10,-115.12652,36.15846
29537,10,-115.298294,36.077114
29538,0,-112.23503,33.635353
29539,0,-111.88762,33.630013
29540,0,-112.126114,33.47456
29541,0,-112.273315,33.708637
29542,7925,-115.244095,36.0458
29543,10,-115.11712,36.01646
29544,7926,-112.073875,33.446995
29545,10,-115.12116,36.071136
29546,7927,-115.30971,36.11463
29547,7928,-80.00207,40.442333
29548,7929,-111.791626,33.235634
29549,7930,-111.9864,33.5107
29550,10,-115.20942,36.142094
29551,0,-112.047295,33.47714
29552,10,-115.21156,36.125397
29553,7931,-115.17223,36.06783
29554,10,-115.22625,36.086525
29555,10,-115.11997,36.01099
29556,10,-115.20685,36.11581
29557,10,-115.24214,36.078087
29558,7932,-115.29823,36.095207
29559,10,-115.24287,36.044266
29560,10,-115.209656,36.126728
29561,7933,-115.33356,36.160988
29562,6646,-115.29646,36.101376
29563,7934,-115.22062,36.144825
29564,10,-115.20631,36.12659
29565,10,-115.27553,36.129856
29566,10,-115.16242,36.131897
29567,10,-115.209915,36.126427
29568,7935,-115.24406,36.085598
29569,7936,-112.37283,33.659653
29570,0,-112.26056,33.534855
29571,7937,-111.66878,33.415794
29572,7938,-111.78977,33.356873
29573,7939,-115.134926,36.01411
29574,10,-115.17147,36.01488
29575,1247,-111.81804,33.415565
29576,1,-80.00261,40.441135
29577,10,-115.17864,36.287773
29578,7940,-115.116295,36.240383
29579,2,-115.17091,36.123592
29580,7941,-80.944016,35.220257
29581,2,-115.16842,36.124947
29582,10,-115.13463,36.161926
29583,10,-115.08448,36.027493
29584,10,-115.26658,36.271408
29585,3584,-112.07232,33.457657
29586,0,-111.875786,33.36281
29587,0,-111.9309,33.58303
29588,0,-115.241035,36.126793
29589,2,-115.16296,36.12714
29590,7942,-115.15396,36.157898
29591,7943,-115.20719,36.277145
29592,7944,-115.14614,36.167233
29593,7945,-111.79096,33.340397
29594,2,-115.174644,36.109913
29595,7946,-115.180016,36.14181
29596,10,-115.17435,36.113964
29597,0,-111.790115,33.356728
29598,0,-111.90261,33.305233
29599,0,-111.860214,33.274822
29600,7947,-111.700874,33.452168
29601,7948,-111.757416,33.30427
29602,10,-115.24119,36.14525
29603,5830,-115.046844,36.05945
29604,10,-115.04604,36.040398
29605,10,-115.24185,36.043034
29606,2,-115.33198,36.151814
29607,2,-111.688446,33.452293
29608,0,-111.92405,33.581863
29609,10,-115.332,36.151814
29610,0,-111.6387,33.255863
29611,10,-115.243004,36.098354
29612,7949,-111.87448,33.383255
29613,7950,-111.88846,33.70003
29614,10,-115.19242,36.12601
29615,0,-112.0037,33.49516
29616,7951,-115.20741,36.123623
29617,10,-115.306274,36.115807
29618,10,-115.22412,36.127884
29619,0,-111.84483,33.33605
29620,2,-115.17618,36.115856
29621,2,-115.242935,36.044125
29622,7952,-115.332954,36.163654
29623,7953,-112.18759,33.66274
29624,7954,-111.92478,33.68526
29625,7955,-111.92514,33.542786
29626,10,-115.26048,36.17591
29627,0,-112.3413,33.448105
29628,7956,-112.06518,33.57531
29629,0,-112.3619,33.63822
29630,7957,-111.714134,33.320774
29631,7958,-111.74323,33.30842
29632,10,-115.174355,36.109806
29633,10,-115.27375,36.12364
29634,2,-115.17229,36.115147
29635,7959,-115.16907,36.124435
29636,0,-111.96592,33.318157
29637,7960,-112.11067,33.640343
29638,0,-112.06466,33.506046
29639,0,-111.927246,33.4892
29640,0,-111.91262,33.362465
29641,0,-111.92755,33.585636
29642,7961,-112.04589,33.39334
29643,10,-115.298485,36.078434
29644,10,-115.22227,36.099506
29645,7962,-115.1401,36.169327
29646,10,-115.29683,36.095818
29647,10,-115.17647,36.14513
29648,10,-115.28009,36.298874
29649,10,-115.33276,36.15119
29650,10,-115.15323,36.042797
29651,10,-115.138664,36.10018
29652,7963,-112.10967,33.710716
29653,7964,-112.36578,33.486824
29654,955,-111.743256,33.29952
29655,7965,-111.78979,33.357132
29656,0,-112.3934,33.41195
29657,2,-111.92562,33.491955
29658,0,-111.940285,33.4239
29659,7966,-111.92481,33.421085
29660,0,-111.92612,33.532578
29661,0,-111.97852,33.583923
29662,7967,-111.95804,33.342365
29663,0,-111.85414,33.40779
29664,0,-112.072014,33.455708
29665,0,-115.17786,36.117294
29666,0,-111.84066,33.290638
29667,7968,-112.22069,33.5948
29668,7969,-111.74313,33.301888
29669,0,-111.922424,33.637104
29670,0,-111.89477,33.627304
29671,0,-111.92019,33.466217
29672,0,-112.10129,33.678238
29673,7970,-112.02769,33.510315
29674,0,-111.925575,33.564854
29675,0,-111.90383,33.433975
29676,7971,-112.19603,33.63862
29677,0,-111.90713,33.39263
29678,7972,-111.89673,33.676765
29679,7973,-112.06096,33.50953
29680,7974,-112.11173,33.71298
29681,7975,-111.79008,33.36018
29682,7976,-112.187,33.66167
29683,0,-111.94718,33.30594
29684,0,-112.35869,33.46381
29685,2,-80.004234,40.44817
29686,7977,-111.790375,33.260693
29687,7978,-111.97244,33.68464
29688,0,-111.721756,33.381763
29689,0,-111.84169,33.3019
29690,7979,-111.743904,33.308655
29691,7980,-111.8693,33.435463
29692,0,-111.90046,33.55521
29693,7981,-111.80579,33.319347
29694,7982,-111.92427,33.492287
29695,7983,-111.80274,33.384647
29696,7984,-112.12042,33.5694
29697,7985,-111.82165,33.372013
29698,7986,-111.91585,33.697605
29699,7987,-111.93095,33.492477
29700,0,-111.97677,33.679085
29701,0,-112.33277,33.491962
29702,0,-112.26073,33.53095
29703,7988,-111.75418,33.385548
29704,0,-111.937645,33.42535
29705,7989,-111.75855,33.307465
29706,7990,-112.13472,33.843456
29707,7991,-111.78893,33.3441
29708,7992,-112.05472,33.55273
29709,0,-112.07291,33.44691
29710,0,-111.9759,33.495018
29711,0,-111.97909,33.584362
29712,7993,-111.97858,33.677853
29713,0,-111.87599,33.413055
29714,7994,-111.88922,33.40888
29715,7995,-112.39205,33.60807
29716,0,-111.75667,33.383705
29717,0,-111.899635,33.554825
29718,0,-111.78861,33.43749
29719,7996,-111.841156,33.31183
29720,7997,-111.97913,33.79848
29721,0,-112.06516,33.519554
29722,7998,-111.821304,33.349445
29723,0,-112.121895,33.670223
29724,0,-112.06918,33.452717
29725,7999,-111.891785,33.623486
29726,0,-111.743576,33.29659
29727,8000,-111.78973,33.354954
29728,1285,-111.72392,33.32106
29729,0,-112.114784,33.715424
29730,0,-112.06096,33.50953
29731,0,-111.92686,33.585636
29732,0,-111.9235,33.625095
29733,0,-111.860565,33.364925
29734,10,-115.19005,35.983765
29735,10,-115.146866,36.14323
29736,10,-115.047195,36.05532
29737,8001,-115.06262,36.02959
29738,10,-115.15271,36.108807
29739,8002,-115.27897,36.1599
29740,10,-115.19822,36.12595
29741,10,-115.101685,35.997723
29742,4619,-115.11997,36.01099
29743,10,-115.28703,36.166676
29744,6552,-112.152214,33.595585
29745,10,-115.178215,36.068935
29746,8003,-115.17572,36.009
29747,10,-115.04282,36.067123
29748,8004,-115.242165,36.05671
29749,8005,-115.29776,36.097992
29750,10,-115.146866,36.14323
29751,10,-115.24816,36.195286
29752,8006,-115.2796,36.05725
29753,10,-115.190506,36.08786
29754,10,-115.20635,35.995155
29755,10,-115.323814,36.21844
29756,8007,-115.31602,36.291615
29757,10,-115.26685,36.27136
29758,10,-115.28703,36.166676
29759,10,-115.25922,36.265022
29760,8008,-115.2317,36.23775
29761,8009,-115.17149,36.054756
29762,10,-115.26749,36.020554
29763,8010,-115.24868,36.06216
29764,10,-115.20701,35.9993
29765,10,-115.24431,36.10102
29766,8011,-115.17647,36.14513
29767,8012,-115.11872,36.035313
29768,10,-115.17217,36.108135
29769,10,-115.22581,36.055252
29770,8013,-115.15716,36.114746
29771,10,-111.89105,33.6271
29772,10,-115.20998,36.126503
29773,8014,-115.333496,36.15076
29774,10,-115.26186,36.11331
29775,8015,-115.29826,36.07897
29776,10,-115.243546,36.064587
29777,8016,-115.22422,36.12766
29778,10,-115.24314,36.036156
29779,8017,-115.2072,36.271782
29780,10,-115.15323,36.042797
29781,8018,-115.177536,36.06837
29782,8019,-115.2411,36.114986
29783,10,-115.253784,36.159004
29784,8020,-115.15797,36.158264
29785,10,-115.24334,36.04716
29786,8021,-115.11741,36.261284
29787,8022,-115.17368,36.12316
29788,10,-115.243546,36.064587
29789,10,-115.15622,36.167824
29790,10,-115.1721,36.160328
29791,10,-115.25995,36.203197
29792,10,-115.08955,36.02054
29793,10,-115.110344,36.002796
29794,10,-115.30979,36.114655
29795,10,-115.20719,36.277145
29796,10,-115.28788,36.055676
29797,10,-115.2757,36.14452
29798,10,-115.20848,36.083973
29799,8023,-115.24352,36.07097
29800,8024,-115.16965,36.121864
29801,8025,-115.27777,36.130028
29802,10,-115.193,36.15938
29803,10,-115.241516,36.064106
29804,8026,-115.25093,36.055206
29805,10,-115.27785,36.135544
29806,8027,-115.22045,36.099846
29807,8028,-115.11687,36.072422
29808,10,-115.29987,36.147263
29809,10,-115.23011,36.143112
29810,8029,-115.24816,36.195286
29811,8030,-115.17911,36.285877
29812,10,-115.17143,36.135014
29813,8031,-115.28217,36.302864
29814,2,-73.55447,45.503544
29815,10,-114.96007,36.01326
29816,8032,-115.33387,36.152832
29817,8033,-115.176315,36.109913
29818,10,-115.27962,36.053238
29819,8034,-115.157875,36.142757
29820,8035,-115.33143,36.15486
29821,10,-115.333496,36.15076
29822,10,-115.06269,36.011925
29823,8036,-115.28553,36.166573
29824,10,-115.171135,36.117336
29825,10,-115.243546,36.064587
29826,8037,-115.152275,36.159077
29827,10,-115.1068,36.071945
29828,10,-115.200645,36.115417
29829,8038,-115.171715,36.015278
29830,8039,-115.30785,36.114677
29831,10,-115.206345,35.994972
29832,8040,-115.271,36.019787
29833,2,-115.19577,36.10505
29834,10,-115.243546,36.04771
29835,10,-115.30897,36.110428
29836,10,-115.1727,36.109695
29837,10,-115.244156,36.047306
29838,8041,-115.13463,36.161926
29839,10,-115.17593,36.068153
29840,8042,-115.146866,36.14323
29841,5683,-115.267365,36.270584
29842,10,-115.03997,36.040295
29843,8043,-114.9838,36.042046
29844,10,-115.14157,36.1716
29845,8044,-115.33276,36.15119
29846,8045,-115.28559,36.16719
29847,8046,-115.33276,36.15119
29848,10,-115.27939,36.30072
29849,10,-115.14064,36.167877
29850,10,-115.24428,36.173233
29851,10,-115.27853,36.057846
29852,10,-115.1986,36.038704
29853,10,-115.11716,36.014626
29854,10,-115.24299,36.077805
29855,10,-115.298294,36.077114
29856,10,-115.17869,36.06815
29857,10,-115.17258,36.117775
29858,10,-115.019066,36.052845
29859,10,-115.25093,36.055206
29860,10,-115.11793,36.01752
29861,8047,-115.24352,36.04153
29862,8048,-115.298615,36.115734
29863,8049,-115.17815,36.06713
29864,8050,-115.30759,36.114555
29865,10,-115.21327,36.12656
29866,10,-115.332,36.151814
29867,7394,-115.29656,36.0931
29868,10,-115.29939,36.145184
29869,10,-115.27777,36.130028
29870,10,-115.30402,36.100548
29871,10,-115.2087,36.043213
29872,8051,-115.30076,36.145542
29873,8052,-115.206345,35.994972
29874,8053,-115.10035,35.99595
29875,8054,-115.29818,36.077286
29876,10,-115.24133,36.055412
29877,10,-115.265915,36.263878
29878,8055,-115.270966,36.019173
29879,10,-115.18921,36.09569
29880,10,-115.04091,36.06197
29881,10,-115.31481,36.121902
29882,8056,-115.29818,36.09476
29883,10,-115.28992,36.160503
29884,8057,-115.17767,36.10741
29885,8058,-115.04282,36.067123
29886,10,-115.08588,36.02942
29887,10,-115.20964,36.12702
29888,10,-115.22406,36.12772
29889,10,-115.06262,36.02959
29890,8059,-111.92529,33.478733
29891,17,-80.77914,35.095276
29892,2,-115.15191,36.108463
29893,2,-115.17407,36.121197
29894,10,-115.22406,36.12772
29895,2,-115.17229,36.115147
29896,38,-115.17704,36.10762
29897,8060,-115.209816,36.14866
29898,38,-73.56359,45.50472
29899,10,-115.16269,36.144295
29900,10,-115.167755,36.123978
29901,10,-115.21351,36.12623
29902,8061,-115.16876,36.12438
29903,2,-115.138435,36.167526
29904,8062,-115.11783,36.005405
29905,2,-115.167755,36.123978
29906,10,-115.31455,36.12843
29907,8063,-115.14996,36.057686
29908,8064,-115.17618,36.115856
29909,8065,-115.10846,36.130527
29910,8066,-79.97939,40.428425
29911,10,-115.334236,36.145416
29912,8067,-115.30521,36.193584
29913,8068,-111.99492,33.50903
29914,2,-115.25078,36.064754
29915,8069,-79.982285,40.453495
29916,0,-111.75638,33.385082
29917,0,-112.42459,33.622913
29918,0,-111.78979,33.357132
29919,8070,-115.17153,36.054417
29920,10,-115.209656,36.127045
29921,10,-115.091156,36.070824
29922,10,-115.24365,36.05732
29923,10,-115.20564,36.279816
29924,10,-115.174644,36.109913
29925,0,-115.15097,36.085175
29926,0,-111.8859,33.545685
29927,8071,-112.01183,33.509872
29928,10,-115.177536,36.06837
29929,1,-79.98155,40.452496
29930,1,-79.99644,40.44395
29931,8072,-79.95682,40.441544
29932,8073,-80.84831,35.17095
29933,2,-115.209915,36.126427
29934,8074,-115.332,36.151814
29935,10,-115.267235,36.020664
29936,10,-115.16965,36.121864
29937,2,-115.15109,36.084923
29938,0,-112.171936,33.638557
29939,2,-115.17089,36.11006
29940,8075,-112.07096,33.437126
29941,2,-115.271286,36.018726
29942,10,-115.24239,36.0542
29943,10,-115.26203,36.070213
29944,8076,-80.85695,35.11738
29945,8077,-112.36504,33.638195
29946,8078,-112.393776,33.62668
29947,8079,-111.9265,33.49973
29948,10,-115.04282,36.067123
29949,8080,-111.56327,33.162548
29950,17,-80.9373,35.305157
29951,8081,-80.84444,35.202644
29952,17,-80.84123,35.199883
29953,8082,-80.81924,35.22178
29954,0,-111.95077,33.407825
29955,2,-115.24419,36.041836
29956,10,-115.119514,36.016052
29957,10,-115.15126,36.1089
29958,10,-115.28655,36.28842
29959,10,-115.13774,36.157787
29960,8083,-112.13459,33.595837
29961,10,-115.209656,36.127045
29962,1,-80.002556,40.442036
29963,1,-79.920105,40.43814
29964,17,-80.84012,35.15234
29965,8084,-112.10323,33.53835
29966,10,-115.17019,36.123405
29967,10,-115.13595,36.105026
29968,2,-115.17177,36.11931
29969,8085,-115.28009,36.298874
29970,2,-115.177086,36.106762
29971,0,-112.06549,33.474407
29972,2,-79.96906,40.42741
29973,8086,-115.17322,36.11784
29974,10,-115.17322,36.11784
29975,10,-115.24378,36.087482
29976,10,-115.16963,36.117516
29977,8087,-115.33387,36.152832
29978,8088,-115.142006,36.17183
29979,1,-79.93342,40.46478
29980,10,-115.24271,36.219223
29981,10,-115.27989,36.12319
29982,10,-115.22456,36.128075
29983,10,-115.17593,36.068153
29984,8089,-115.19726,36.17253
29985,8090,-115.158325,36.05773
29986,0,-111.84121,33.30213
29987,8091,-111.92857,33.498913
29988,8092,-111.889626,33.56953
29989,10,-115.311,36.113472
29990,8093,-115.17127,36.11288
29991,10,-115.2782,36.108463
29992,8094,-111.9253,33.685688
29993,10,-115.191826,36.144268
29994,2,-115.1912,36.039337
29995,2,-115.16714,36.126476
29996,10,-115.33344,36.150024
29997,10,-112.071556,33.45834
29998,17,-80.77914,35.095276
29999,0,-112.27275,33.46457
30000,8095,-115.289375,36.163605
30001,8096,-115.209755,36.06937
30002,8097,-115.26318,36.271908
30003,8098,-115.334236,36.145416
30004,8099,-115.17264,36.11758
30005,2,-115.334236,36.145416
30006,8100,-111.84163,33.30198
30007,8101,-115.16466,36.13767
30008,10,-115.28518,36.158504
30009,5371,-115.33513,36.15711
30010,10,-115.30076,36.145542
30011,10,-115.28099,36.100853
30012,10,-115.18219,36.10132
30013,0,-111.92351,33.4998
30014,1785,-112.013695,33.511284
30015,8102,-111.88934,33.696556
30016,8103,-115.27792,36.078094
30017,10,-115.242935,36.044125
30018,8104,-115.152054,36.04286
30019,8105,-115.33271,36.15179
30020,17,-80.756004,35.309097
30021,17,-80.826164,35.213642
30022,2,-115.17315,36.10988
30023,0,-112.07275,33.447258
30024,8106,-111.82245,33.364494
30025,8107,-112.38717,33.63924
30026,10,-115.13785,36.11614
30027,8108,-111.93972,33.42531
30028,8109,-80.857635,35.21252
30029,17,-80.756004,35.309097
30030,8110,-111.78977,33.356873
30031,8111,-115.33278,36.150646
30032,410,-80.69834,35.085304
30033,8112,-115.02606,36.044388
30034,8113,-112.072014,33.455708
30035,8114,-115.28257,36.198036
30036,0,-115.233086,36.159576
30037,8115,-111.940346,33.425972
30038,10,-115.20262,36.07275
30039,8116,-112.01307,33.610554
30040,2,-80.83884,35.02681
30041,17,-80.83482,35.055447
30042,8117,-115.117096,36.016495
30043,2,-111.92604,33.41696
30044,10,-115.28129,36.055817
30045,10,-115.266525,36.272766
30046,8118,-115.15265,36.012516
30047,8119,-115.10142,36.08595
30048,10,-115.04165,36.05552
30049,8120,-115.22431,36.049065
30050,0,-111.99454,33.451653
30051,10,-115.25014,36.24172
30052,8121,-111.583275,33.220783
30053,8122,-112.240456,33.581093
30054,10,-115.17203,36.11494
30055,10,-115.138504,36.117256
30056,10,-115.109314,36.128593
30057,10,-115.21327,36.12656
30058,10,-115.22465,36.12686
30059,8123,-111.74355,33.307823
30060,8124,-112.04595,33.069283
30061,8125,-112.05806,33.550854
30062,0,-111.9405,33.4272
30063,8126,-115.33279,36.148457
30064,8127,-111.9352,33.425014
30065,8128,-115.172424,36.101204
30066,8129,-111.98451,33.509106
30067,8130,-115.26186,36.11331
30068,10,-115.29855,36.078938
30069,0,-111.690445,33.379868
30070,10,-115.22522,36.127533
30071,8131,-115.33354,36.148144
30072,2,-73.56545,45.491974
30073,38,-73.5612,45.50295
30074,7394,-115.273125,36.06686
30075,10,-115.209915,36.126427
30076,2,-115.20641,36.17994
30077,3196,-112.04788,33.525127
30078,10,-115.111786,36.00694
30079,8132,-115.29442,36.116028
30080,8133,-112.358826,33.46646
30081,17,-80.844475,35.070496
30082,8134,-80.855446,35.215378
30083,8135,-80.944695,35.12989
30084,8136,-80.81206,35.241146
30085,8137,-80.94015,35.13591
30086,17,-80.803314,35.244617
30087,0,-115.13774,36.157787
30088,0,-111.75338,33.38142
30089,0,-112.13394,33.86539
30090,458,-80.828545,35.15261
30091,8138,-80.838196,35.22776
30092,8139,-80.65743,35.173798
30093,2,-80.00207,40.442333
30094,2,-115.253624,36.274426
30095,8140,-115.14096,36.16953
30096,10,-115.15254,36.151268
30097,8141,-73.571304,45.502464
30098,8142,-73.56301,45.515015
30099,38,-73.56538,45.514835
30100,8143,-73.750114,45.456585
30101,38,-73.57578,45.50141
30102,2,-73.57137,45.497894
30103,38,-73.57782,45.49842
30104,38,-73.57196,45.497314
30105,38,-73.556984,45.560818
30106,38,-73.56016,45.508232
30107,8144,-115.17113,36.12856
30108,2,-73.56943,45.526386
30109,38,-73.60093,45.523968
30110,38,-73.5747,45.525303
30111,38,-73.559555,45.507782
30112,38,-73.59317,45.52248
30113,38,-73.565056,45.515846
30114,2,-73.556984,45.560818
30115,38,-73.65183,45.495712
30116,2,-73.5839,45.518883
30117,38,-73.62345,45.496834
30118,2,-73.55346,45.5
30119,38,-73.56959,45.52214
30120,38,-73.54972,45.55963
30121,38,-73.56193,45.50209
30122,38,-73.56818,45.503872
30123,38,-73.6146,45.532803
30124,38,-73.57707,45.49807
30125,38,-73.571556,45.500553
30126,38,-73.59479,45.5236
30127,38,-73.57224,45.50105
30128,38,-73.63747,45.59088
30129,38,-73.59318,45.58211
30130,8145,-73.581276,45.52584
30131,2,-73.57448,45.500698
30132,8146,-73.62455,45.538418
30133,38,-73.59844,45.527508
30134,38,-73.582756,45.52412
30135,38,-73.5714,45.50361
30136,38,-73.574394,45.52221
30137,38,-73.55923,45.50802
30138,38,-73.57089,45.513195
30139,38,-73.576225,45.479763
30140,38,-73.5839,45.518883
30141,38,-73.58107,45.49539
30142,38,-73.57794,45.49984
30143,38,-73.59677,45.520256
30144,38,-73.56351,45.515137
30145,38,-73.59574,45.522648
30146,38,-73.588776,45.51771
30147,38,-73.57553,45.515884
30148,38,-73.55409,45.505226
30149,38,-73.568016,45.503
30150,8147,-73.584946,45.488773
30151,38,-73.57515,45.50001
30152,38,-73.584236,45.532963
30153,38,-73.559364,45.508003
30154,38,-73.57878,45.528473
30155,8148,-73.55553,45.50283
30156,38,-73.58202,45.53536
30157,38,-73.57828,45.51829
30158,8149,-73.58202,45.53536
30159,38,-73.55636,45.50336
30160,38,-73.577805,45.529736
30161,2,-73.578125,45.521782
30162,38,-73.5844,45.524654
30163,38,-73.61605,45.528778
30164,38,-73.57879,45.48089
30165,38,-73.57907,45.493977
30166,38,-73.558266,45.502556
30167,38,-73.553795,45.500034
30168,38,-73.57754,45.516373
30169,38,-73.56959,45.500534
30170,38,-73.57008,45.518185
30171,38,-73.60408,45.522907
30172,38,-73.570854,45.518436
30173,38,-73.580086,45.492973
30174,38,-73.58026,45.517544
30175,38,-73.61263,45.531227
30176,38,-73.62455,45.538418
30177,38,-73.571556,45.500553
30178,38,-73.569275,45.50566
30179,38,-73.556694,45.501545
30180,2,-73.55188,45.508717
30181,17,-73.561226,45.560333
30182,2,-3.1859746,55.94614
30183,2,-73.595276,45.522907
30184,38,-73.62252,45.541664
30185,2,-73.570465,45.51815
30186,8150,-73.59658,45.524746
30187,38,-73.57825,45.516464
30188,38,-73.58161,45.491837
30189,8151,-73.57287,45.51417
30190,38,-73.56228,45.515427
30191,38,-73.58876,45.47281
30192,38,-73.57844,45.516674
30193,38,-73.58064,45.497555
30194,38,-73.56049,45.519043
30195,38,-73.58072,45.52604
30196,38,-73.60416,45.525524
30197,38,-73.57779,45.529545
30198,38,-73.575806,45.507137
30199,38,-73.566,45.51643
30200,8152,-73.60545,45.5238
30201,38,-73.57782,45.49842
30202,8153,-73.569466,45.52227
30203,38,-73.58881,45.521347
30204,8154,-73.6028,45.47854
30205,8155,-73.56935,45.505585
30206,38,-73.57293,45.51357
30207,38,-73.575806,45.507137
30208,38,-73.59486,45.523335
30209,2,-73.57115,45.51341
30210,38,-73.56049,45.524166
30211,38,-73.59932,45.525517
30212,38,-73.5712,45.518284
30213,2,-73.609375,45.519623
30214,38,-73.57907,45.493977
30215,38,-73.57448,45.500698
30216,2,-73.57226,45.514473
30217,38,-73.587036,45.52039
30218,38,-73.60808,45.53064
30219,38,-73.57875,45.53362
30220,38,-73.57683,45.497444
30221,38,-73.55817,45.500553
30222,38,-73.6244,45.473595
30223,38,-73.56325,45.515038
30224,38,-73.57337,45.500248
30225,38,-73.57553,45.515884
30226,38,-73.57463,45.49438
30227,38,-73.58226,45.52365
30228,38,-73.587036,45.52039
30229,8156,-73.58842,45.52115
30230,38,-73.58058,45.519264
30231,38,-73.57187,45.479492
30232,38,-73.62566,45.524914
30233,38,-73.57692,45.498737
30234,8157,-73.60378,45.525352
30235,38,-73.57782,45.49842
30236,2,-73.583374,45.523453
30237,38,-73.57783,45.498096
30238,38,-73.57228,45.513927
30239,38,-73.555046,45.519882
30240,38,-73.5563,45.45554
30241,38,-73.56925,45.51255
30242,38,-73.57414,45.499672
30243,38,-73.585266,45.488544
30244,38,-73.569016,45.487324
30245,38,-73.57754,45.516373
30246,38,-73.56545,45.491974
30247,38,-73.57432,45.515892
30248,38,-73.587036,45.52039
30249,38,-73.623566,45.474754
30250,38,-73.63742,45.494904
30251,38,-73.57911,45.516655
30252,38,-73.57235,45.50234
30253,38,-73.55776,45.500874
30254,38,-73.56646,45.49992
30255,2,-73.56049,45.507706
30256,38,-73.55428,45.499046
30257,38,-73.60804,45.530563
30258,38,-73.57794,45.49984
30259,8158,-73.57505,45.52038
30260,38,-73.59932,45.525517
30261,2,-73.58146,45.51805
30262,2,-73.58265,45.491116
30263,2,-73.57505,45.52038
30264,38,-73.575066,45.52522
30265,2,-73.59486,45.523335
30266,2,-73.55482,45.507256
30267,2,-73.6573,45.49629
30268,38,-73.58616,45.525784
30269,2,-73.57907,45.493977
30270,2,-73.60211,45.522434
30271,38,-73.56767,45.517197
30272,38,-73.575424,45.520306
30273,38,-73.58265,45.491116
30274,38,-73.57974,45.527557
30275,2,-73.60211,45.522434
30276,38,-73.56134,45.523285
30277,38,-73.57835,45.498238
30278,38,-73.59482,45.52413
30279,38,-73.56443,45.515392
30280,2,-73.576584,45.515667
30281,2,-73.55172,45.509388
30282,2,-115.16879,36.122967
30283,38,-73.59407,45.52381
30284,38,-73.572945,45.514275
30285,2,-73.573235,45.4972
30286,8159,-73.596085,45.543556
30287,38,-73.61605,45.528778
30288,38,-73.58041,45.531727
30289,8160,-73.580086,45.492973
30290,38,-73.578,45.521866
30291,8161,-73.56127,45.508575
30292,38,-73.57907,45.493977
30293,38,-73.56127,45.508575
30294,38,-73.58303,45.524006
30295,38,-73.58041,45.531727
30296,38,-73.577805,45.529736
30297,38,-73.57835,45.498238
30298,38,-73.595276,45.522907
30299,38,-73.55776,45.517933
30300,38,-73.59862,45.51942
30301,38,-73.57268,45.510403
30302,38,-73.570854,45.518436
30303,8162,-73.582756,45.52412
30304,2,-73.61423,45.532806
30305,38,-73.569275,45.50566
30306,38,-73.58419,45.51914
30307,8163,-73.55454,45.504128
30308,38,-73.57515,45.50001
30309,38,-73.57726,45.516006
30310,38,-73.571556,45.500553
30311,38,-73.57553,45.515884
30312,8164,-73.590645,45.52207
30313,38,-73.55553,45.50283
30314,2,-73.580086,45.492973
30315,38,-73.580086,45.492973
30316,38,-73.59697,45.52146
30317,38,-73.559494,45.508026
30318,38,-73.56346,45.515118
30319,8165,-73.56538,45.514835
30320,38,-73.56647,45.506073
30321,38,-73.583336,45.489983
30322,38,-73.572945,45.509045
30323,38,-73.61263,45.531227
30324,8166,-73.57956,45.49215
30325,38,-73.57196,45.497314
30326,38,-73.575424,45.520306
30327,38,-73.57282,45.500977
30328,38,-73.60918,45.519905
30329,2,-73.59088,45.51748
30330,2,-73.575485,45.482773
30331,38,-73.5923,45.474182
30332,8167,-115.17516,36.109875
30333,2,-115.17582,36.11773
30334,38,-73.59493,45.520576
30335,38,-73.5818,45.52526
30336,38,-73.57518,45.483097
30337,38,-73.57416,45.514664
30338,38,-73.58842,45.52115
30339,38,-73.61605,45.528778
30340,38,-73.569466,45.52227
30341,38,-73.56728,45.45964
30342,38,-73.56325,45.515038
30343,38,-73.555,45.50136
30344,38,-73.600716,45.521557
30345,38,-73.61116,45.472775
30346,8168,-73.58877,45.526768
30347,8169,-73.5552,45.49941
30348,38,-73.58086,45.479523
30349,8170,-73.579895,45.493404
30350,2,-115.17618,36.115856
30351,38,-73.55817,45.500553
30352,2,-73.57314,45.517372
30353,38,-73.57881,45.493973
30354,38,-73.574646,45.496857
30355,38,-73.5805,45.515636
30356,38,-73.57171,45.508526
30357,2,-80.848076,35.22434
30358,2,-73.5918,45.500866
30359,38,-73.57511,45.510345
30360,38,-73.58876,45.47281
30361,38,-73.57432,45.515892
30362,38,-73.59559,45.5247
30363,2,-73.61065,45.53131
30364,38,-73.58842,45.52115
30365,38,-73.57752,45.516
30366,2,-73.552505,45.508938
30367,8171,-73.55267,45.50793
30368,2,-73.57175,45.50858
30369,38,-73.57417,45.50032
30370,17,-73.600624,45.523758
30371,2,-73.57902,45.52839
30372,2,-73.57655,45.499374
30373,2,-73.56813,45.517406
30374,38,-73.600624,45.523758
30375,38,-73.587036,45.52039
30376,8172,-89.38101,43.074238
30377,38,-73.59507,45.523026
30378,38,-73.75199,45.570175
30379,10,-73.570465,45.51815
30380,2,-73.5747,45.525303
30381,38,-73.57196,45.497314
30382,38,-73.57196,45.497314
30383,38,-73.62566,45.524914
30384,38,-73.56466,45.51582
30385,2,-73.59664,45.524586
30386,38,-73.57314,45.517372
30387,38,-73.57974,45.527557
30388,38,-73.58295,45.534657
30389,38,-73.55447,45.503544
30390,38,-73.56685,45.46346
30391,38,-73.577805,45.529736
30392,8173,-73.58751,45.519054
30393,38,-73.52566,45.5056
30394,38,-73.60737,45.523666
30395,38,-73.576584,45.515667
30396,38,-73.60767,45.531124
30397,38,-73.57228,45.513927
30398,38,-73.59599,45.524387
30399,38,-73.588776,45.51771
30400,8174,-73.61765,45.531822
30401,38,-73.61322,45.53331
30402,2,-80.81488,35.22101
30403,38,-73.570854,45.518436
30404,38,-73.593185,45.522358
30405,38,-73.579926,45.497444
30406,38,-73.56049,45.524166
30407,38,-73.57432,45.515892
30408,38,-73.60545,45.5238
30409,38,-73.576454,45.4822
30410,38,-73.60378,45.525352
30411,38,-73.57688,45.479656
30412,38,-73.59546,45.52426
30413,38,-73.63077,45.53983
30414,38,-73.61116,45.472775
30415,38,-73.57529,45.482735
30416,38,-73.5991,45.525898
30417,38,-73.57314,45.517372
30418,8175,-73.78737,45.589138
30419,38,-73.58781,45.518566
30420,38,-73.57627,45.49538
30421,8176,-73.58842,45.52115
30422,38,-73.555954,45.50481
30423,38,-73.57841,45.497677
30424,38,-73.57778,45.51638
30425,38,-73.574356,45.51462
30426,38,-73.57832,45.494793
30427,38,-73.57473,45.52193
30428,2,-73.57754,45.516373
30429,8177,-73.56134,45.523285
30430,38,-73.59721,45.518276
30431,8178,-73.59574,45.522648
30432,38,-73.61263,45.531227
30433,38,-73.57897,45.495914
30434,38,-73.56071,45.50675
30435,8179,-73.57832,45.494793
30436,2,-73.57683,45.497444
30437,2,-73.595276,45.522907
30438,38,-73.60804,45.530563
30439,2,-73.5918,45.500866
30440,38,-73.55409,45.505226
30441,38,-73.595276,45.522907
30442,38,-73.55353,45.505333
30443,8180,-73.58239,45.517467
30444,38,-73.56935,45.505585
30445,38,-73.55267,45.50793
30446,8181,-73.5747,45.51504
30447,38,-73.543396,45.54753
30448,38,-73.5688,45.50294
30449,2,-73.580086,45.492973
30450,2,-73.558174,45.51837
30451,2,-73.576996,45.515884
30452,8182,-73.58156,45.493706
30453,38,-73.57293,45.51357
30454,38,-73.58107,45.49539
30455,2,-115.17751,36.117035
30456,38,-73.57707,45.49807
30457,38,-73.58156,45.493706
30458,38,-73.5747,45.525303
30459,38,-73.609375,45.519623
30460,38,-73.56685,45.46346
30461,38,-73.57414,45.499672
30462,38,-73.58617,45.520523
30463,8183,-73.553566,45.507217
30464,8184,-73.61263,45.531227
30465,8185,-73.58044,45.51943
30466,38,-73.58028,45.526745
30467,38,-73.59466,45.524014
30468,38,-73.63077,45.53983
30469,38,-73.596085,45.543556
30470,2,-73.616104,45.536304
30471,8186,-73.60093,45.523968
30472,38,-73.5715,45.5005
30473,38,-73.57438,45.49759
30474,38,-73.57916,45.480488
30475,38,-73.63077,45.53983
30476,8187,-73.59862,45.51942
30477,2,-73.61694,45.492172
30478,38,-73.5715,45.5005
30479,38,-73.56842,45.49305
30480,8188,-73.584946,45.488773
30481,2,-73.56912,45.496006
30482,20,-3.1912937,55.952633
30483,38,-73.58838,45.47301
30484,38,-73.62345,45.496834
30485,38,-73.58838,45.47301
30486,38,-73.61263,45.531227
30487,2,-73.56552,45.507477
30488,38,-73.59101,45.52212
30489,38,-73.57828,45.51829
30490,2,-73.580765,45.52284
30491,38,-73.61605,45.528778
30492,38,-73.5747,45.525303
30493,8189,-73.5747,45.525303
30494,38,-73.57314,45.517372
30495,38,-73.56297,45.482243
30496,38,-73.57414,45.499672
30497,2,-73.57111,45.51555
30498,38,-73.57881,45.493973
30499,38,-73.56589,45.51107
30500,38,-73.56359,45.50472
30501,38,-73.57754,45.516373
30502,38,-73.5712,45.518284
30503,38,-73.57649,45.497765
30504,6898,-73.61263,45.531227
30505,38,-73.55278,45.507168
30506,2,-73.559555,45.507782
30507,38,-73.56358,45.514656
30508,38,-73.59002,45.516914
30509,38,-73.583336,45.489983
30510,38,-73.60808,45.53064
30511,2,-73.57438,45.49759
30512,8190,-73.57783,45.498096
30513,38,-73.59002,45.516914
30514,8191,-73.6573,45.49629
30515,38,-73.63689,45.52906
30516,38,-111.92351,33.581493
30517,38,-73.626465,45.471355
30518,38,-73.599434,45.525223
30519,38,-73.58165,45.47928
30520,38,-73.57486,45.50339
30521,38,-73.56702,45.462593
30522,38,-73.59816,45.52693
30523,8192,-73.60093,45.523968
30524,38,-73.58617,45.52051
30525,38,-73.57754,45.516373
30526,8193,-73.551674,45.509193
30527,38,-73.577354,45.49677
30528,38,-73.57818,45.496235
30529,38,-73.575066,45.52522
30530,2,-73.56888,45.541878
30531,38,-73.580086,45.492973
30532,8194,-80.00111,40.443146
30533,8195,-73.58146,45.51805
30534,38,-73.55235,45.510212
30535,38,-73.569565,45.51802
30536,38,-73.56127,45.508575
30537,38,-73.62566,45.524914
30538,38,-73.56127,45.508575
30539,2,-73.58352,45.523224
30540,2,-73.58824,45.47331
30541,2,-73.57111,45.51555
30542,38,-73.57707,45.49807
30543,38,-73.613365,45.532413
30544,2,-73.57754,45.516373
30545,2,-115.12225,36.161324
30546,8196,-73.60778,45.53101
30547,38,-73.56301,45.515015
30548,38,-73.58265,45.491116
30549,38,-73.57399,45.509514
30550,38,-73.607735,45.53625
30551,8197,-73.575195,45.48279
30552,8198,-73.655266,45.494915
30553,38,-73.743706,45.56205
30554,38,-73.587036,45.52039
30555,38,-73.57783,45.498096
30556,38,-73.58265,45.491116
30557,38,-73.575195,45.48279
30558,8199,-73.59227,45.47379
30559,38,-73.58143,45.49639
30560,38,-73.57137,45.497894
30561,38,-73.553795,45.500034
30562,8200,-73.56959,45.500534
30563,38,-73.57578,45.50141
30564,38,-73.56809,45.48887
30565,38,-73.57766,45.481575
30566,38,-73.56077,45.508335
30567,38,-73.57196,45.497314
30568,38,-73.56728,45.45964
30569,38,-73.56134,45.523285
30570,8201,-73.574394,45.499683
30571,8202,-73.56222,45.51237
30572,2,-73.573166,45.49965
30573,38,-73.573166,45.49965
30574,2,-73.55496,45.50348
30575,17,-111.926025,33.623665
30576,38,-73.57766,45.481575
30577,38,-73.56686,45.465736
30578,38,-73.57907,45.493977
30579,0,-112.357574,33.45569
30580,0,-111.98605,33.494587
30581,8203,-80.82169,35.216213
30582,10,-115.11735,36.10072
30583,8204,-115.172455,36.106503
30584,8205,-80.842186,35.225323
30585,2,-115.243546,36.04771
30586,10,-115.073,36.072193
30587,8206,-80.85409,35.05622
30588,17,-80.709114,35.13306
30589,8207,-115.278465,36.1428
30590,8208,-111.8915,33.629436
30591,20,-3.186781,55.94908
30592,17,-80.94504,35.21938
30593,10,-115.17484,36.069973
30594,10,-115.35134,36.159016
30595,8209,-115.33271,36.15179
30596,8210,-80.84309,35.22877
30597,10,-115.280014,36.056793
30598,8211,-115.207306,36.131718
30599,8212,-115.132126,36.04201
30600,8213,-115.258965,36.180824
30601,8214,-111.92635,33.489796
30602,10,-115.01699,36.054703
30603,10,-112.07397,33.513077
30604,8215,-112.240456,33.581093
30605,10,-115.243546,36.04771
30606,8216,-3.1941433,55.953106
30607,20,-3.2053463,55.946087
30608,20,-3.1853528,55.944675
30609,20,-3.1883838,55.94772
30610,20,-3.1750548,55.96679
30611,20,-3.1929102,55.949566
30612,20,-3.1905735,55.949795
30613,20,-3.2115161,55.95135
30614,20,-3.2036185,55.951584
30615,20,-3.1798706,55.96206
30616,20,-3.2098627,55.929264
30617,20,-3.1898618,55.95872
30618,8217,-3.1883838,55.94772
30619,8218,-3.1850336,55.957115
30620,20,-3.1855476,55.947212
30621,20,-3.190226,55.945522
30622,20,-3.1855762,55.945827
30623,20,-3.2034152,55.94113
30624,20,-3.1901174,55.94823
30625,20,-3.1860292,55.96122
30626,20,-3.1942441,55.948536
30627,8219,-3.1918488,55.94984
30628,2,-3.1807473,55.951294
30629,8220,-3.1879406,55.949512
30630,20,-3.2059703,55.947872
30631,20,-3.1812642,55.941055
30632,20,-3.1816213,55.96054
30633,20,-3.1830833,55.959084
30634,20,-3.1981308,55.954494
30635,20,-3.2115161,55.95135
30636,20,-3.1978261,55.954514
30637,20,-3.2001002,55.962223
30638,20,-3.2079127,55.943626
30639,20,-3.1892252,55.94627
30640,20,-3.1883864,55.95711
30641,20,-3.2057662,55.95282
30642,20,-3.197444,55.94691
30643,8221,-3.1903112,55.94566
30644,2,-3.186636,55.94867
30645,20,-3.1979346,55.947044
30646,20,-3.1863132,55.945972
30647,20,-3.165231,55.92732
30648,20,-3.1860292,55.96122
30649,20,-3.1695805,55.976177
30650,20,-3.188184,55.957287
30651,20,-3.1725526,55.9741
30652,20,-3.1921308,55.94748
30653,20,-3.198054,55.95217
30654,20,-3.2016876,55.943283
30655,20,-3.1784284,55.93419
30656,20,-3.2129307,55.945972
30657,20,-3.1855762,55.945827
30658,20,-3.1858778,55.947155
30659,20,-3.1816213,55.96054
30660,20,-3.2059343,55.9464
30661,20,-3.1899867,55.95126
30662,20,-3.1899538,55.952
30663,20,-3.1816213,55.96054
30664,20,-3.190801,55.947243
30665,20,-3.2099266,55.93232
30666,20,-3.1695805,55.976177
30667,20,-3.2192104,55.943527
30668,20,-3.2047284,55.94593
30669,20,-3.1889334,55.9505
30670,20,-3.1816213,55.96054
30671,20,-3.1816213,55.96054
30672,20,-3.2012272,55.951397
30673,20,-3.2126942,55.964455
30674,20,-3.1735187,55.975967
30675,20,-3.196746,55.947525
30676,20,-3.1917999,55.94795
30677,20,-3.2037854,55.946434
30678,20,-3.2094424,55.951103
30679,20,-3.1882617,55.948654
30680,8222,-3.1917894,55.94797
30681,20,-3.190801,55.947243
30682,20,-3.1883838,55.94772
30683,20,-3.190509,55.95367
30684,20,-3.176801,55.96442
30685,20,-3.1316583,55.956635
30686,20,-3.190226,55.945522
30687,20,-3.1974945,55.953365
30688,20,-3.191349,55.947495
30689,20,-3.2047284,55.94593
30690,20,-3.1944869,55.94871
30691,2,-3.1901114,55.950672
30692,20,-3.175757,55.96578
30693,20,-3.1955197,55.947834
30694,20,-3.2015812,55.95422
30695,20,-3.2054315,55.946472
30696,20,-3.1915388,55.950233
30697,2,-3.1883838,55.94772
30698,20,-3.2515242,55.944603
30699,20,-3.1861322,55.94459
30700,20,-3.1816213,55.96054
30701,20,-3.1859772,55.88438
30702,20,-3.1832895,55.958923
30703,20,-3.1850288,55.94406
30704,20,-3.217084,55.941284
30705,20,-3.1963184,55.96252
30706,20,-3.170197,55.970135
30707,20,-3.1743143,55.95063
30708,20,-3.209882,55.93585
30709,20,-3.1987398,55.953114
30710,20,-3.1884537,55.95014
30711,20,-3.217084,55.941284
30712,20,-3.1975422,55.954685
30713,20,-3.2079127,55.943626
30714,20,-3.2182186,55.945633
30715,20,-3.1777182,55.96397
30716,20,-3.1903112,55.94566
30717,20,-3.2062054,55.945858
30718,20,-3.2095053,55.935818
30719,20,-3.1987398,55.953114
30720,20,-115.17505,36.098984
30721,20,-3.2003527,55.96339
30722,20,-3.1883433,55.95479
30723,20,-3.2014368,55.946342
30724,20,-3.1940827,55.949883
30725,20,-3.1962802,55.953518
30726,20,-3.1998918,55.9538
30727,20,-3.1947808,55.93638
30728,20,-3.2148268,55.946274
30729,3365,-3.2052612,55.952324
30730,20,-3.1942441,55.948536
30731,20,-3.1806958,55.95751
30732,20,-3.1759825,55.965477
30733,8223,-3.1820037,55.946007
30734,8224,-3.176801,55.96442
30735,20,-3.1478384,55.942127
30736,8225,-3.2016876,55.943283
30737,20,-3.1883433,55.95479
30738,20,-3.3644342,55.94828
30739,20,-3.201323,55.953014
30740,20,-3.206377,55.94872
30741,20,-3.2126942,55.964455
30742,20,-3.1786451,55.937122
30743,20,-3.1901174,55.94823
30744,20,-3.2081778,55.943558
30745,20,-3.1921432,55.94796
30746,8226,-3.1855762,55.945827
30747,20,-3.1928387,55.953648
30748,20,-3.2073212,55.94985
30749,20,-3.187661,55.939117
30750,20,-3.2022727,55.952904
30751,20,-3.176801,55.96442
30752,20,-3.1777768,55.950348
30753,20,-3.1854458,55.94469
30754,20,-3.2036185,55.951584
30755,20,-3.1856868,55.957626
30756,20,-3.1995215,55.954052
30757,20,-3.1786451,55.937122
30758,20,-3.1993058,55.95193
30759,20,-3.2014906,55.942844
30760,20,-3.1993058,55.95193
30761,20,-3.2043424,55.953358
30762,20,-3.1918752,55.955807
30763,8227,-3.2037854,55.946434
30764,20,-3.189502,55.94944
30765,20,-3.1979716,55.954197
30766,20,-3.2126942,55.964455
30767,8228,-3.216309,55.941807
30768,20,-3.1883838,55.94772
30769,20,-3.1860292,55.96122
30770,20,-3.1385846,55.926945
30771,8229,-3.1478384,55.942127
30772,20,-3.2037854,55.946434
30773,20,-3.2099266,55.93232
30774,20,-3.1918752,55.955807
30775,20,-3.1955197,55.947834
30776,20,-3.209882,55.93585
30777,2,-3.190418,55.946766
30778,20,-3.1786873,55.938507
30779,20,-3.2034757,55.94006
30780,20,-3.1850336,55.957115
30781,8230,-3.186636,55.94867
30782,20,-3.1921299,55.94767
30783,20,-3.1836586,55.945423
30784,20,-3.168342,55.88065
30785,20,-3.172362,55.973347
30786,20,-3.2105432,55.948982
30787,20,-3.1737733,55.964703
30788,20,-3.1111479,55.95464
30789,20,-3.187206,55.939465
30790,20,-3.18651,55.95573
30791,20,-3.203566,55.941906
30792,8231,-112.03397,33.508984
30793,10,-115.138435,36.167526
30794,0,-111.9265,33.49973
30795,10,-115.17647,36.14513
30796,8232,-111.74272,33.31082
30797,2,-115.24169,36.064114
30798,2,-115.2691,36.056004
30799,8233,-112.111786,33.687145
30800,8234,-115.27994,36.127228
30801,10,-115.11617,36.00676
30802,10,-115.19177,36.12637
30803,10,-115.280945,36.057842
30804,8235,-115.19242,36.12601
30805,1,-80.00134,40.441082
30806,10,-115.33439,36.156796
30807,8236,-115.192665,36.11576
30808,1,-79.96929,40.42746
30809,8237,-115.334816,36.155132
30810,10,-115.15126,36.1089
30811,10,-115.24385,36.04967
30812,1,-79.96906,40.42741
30813,8238,-80.85696,35.220036
30814,8239,-80.98576,35.1022
30815,10,-115.28703,36.166676
30816,8240,-115.17737,36.107616
30817,10,-115.17019,36.123405
30818,10,-115.134926,36.01411
30819,0,-111.924904,33.510914
30820,8241,-115.17134,35.96494
30821,8242,-115.16935,35.965126
30822,8243,-115.26685,36.27136
30823,8244,-111.78991,33.355118
30824,10,-115.24221,36.073807
30825,10,-115.157875,36.142757
30826,8245,-80.007645,40.446323
30827,10,-115.11793,36.09981
30828,0,-112.0792,33.49111
30829,8246,-115.14064,36.167877
30830,8247,-89.36857,43.0805
30831,8248,-115.28165,36.200096
30832,8249,-115.243866,36.086548
30833,10,-115.32508,36.124886
30834,8250,-115.103004,35.99809
30835,4456,-115.15126,36.1089
30836,8251,-115.11921,36.03455
30837,10,-115.17647,36.14513
30838,2,-79.98332,40.451687
30839,10,-115.15374,36.084
30840,10,-115.29656,36.0931
30841,10,-115.298325,36.112583
30842,8252,-112.04794,33.525883
30843,10,-111.98451,33.509106
30844,8253,-112.03017,33.671425
30845,10,-115.275795,36.143433
30846,0,-112.08219,33.466106
30847,8254,-112.074196,33.51354
30848,8255,-111.98617,33.510483
30849,8256,-111.89841,33.30477
30850,2,-115.209915,36.126427
30851,2,-115.20959,36.12621
30852,8257,-112.18703,33.640392
30853,10,-115.19263,36.03985
30854,8258,-115.28008,36.057022
30855,8259,-115.20651,35.999195
30856,10,-115.30428,36.19106
30857,8260,-80.00206,40.44228
30858,20,-3.2037854,55.946434
30859,10,-115.308624,36.11392
30860,10,-115.11799,36.014458
30861,2,-115.17322,36.109215
30862,0,-111.92365,33.625546
30863,10,-115.12652,36.15846
30864,10,-115.243515,36.072624
30865,10,-115.26275,36.14326
30866,8261,-73.559555,45.507782
30867,10,-115.30882,36.183144
30868,8262,-115.25988,36.203743
30869,10,-115.12081,36.04105
30870,10,-115.206345,35.994972
30871,8263,-80.848076,35.22434
30872,10,-115.19094,36.126175
30873,0,-111.63146,33.371902
30874,8264,-115.14064,36.167877
30875,8265,-111.859726,33.339962
30876,0,-112.065346,33.51108
30877,38,-73.61322,45.53331
30878,8266,-115.207306,36.131718
30879,8267,-115.30752,36.08616
30880,8268,-79.9934,40.447525
30881,8269,-115.08336,36.022465
30882,8270,-115.21327,36.12656
30883,8271,-115.15458,36.119186
30884,8272,-115.2418,36.078686
30885,2,-111.997696,33.435596
30886,8273,-115.33272,36.148514
